customer_id,churn_probability,risk_category
C100000,0.0787925,Low
C100001,0.9827807,High
C100002,0.3308081,Medium
C100003,0.08132843,Low
C100004,0.9534884,High
C100005,0.26370072,Low
C100006,0.5797391,Medium
C100007,0.90684086,High
C100008,0.9133177,High
C100009,0.10780629,Low
C100010,0.5310566,Medium
C100011,0.36116582,Medium
C100012,0.14061856,Low
C100013,0.77141434,High
C100014,0.019719625,Low
C100015,0.006477339,Low
C100016,0.29441354,Low
C100017,0.80891615,High
C100018,0.8215087,High
C100019,0.65091264,High
C100021,0.97111434,High
C100022,0.9803491,High
C100023,0.40526158,Medium
C100024,0.0004591995,Low
C100025,0.008714025,Low
C100026,0.22198361,Low
C100027,0.07533047,Low
C100028,0.9476136,High
C100029,0.51993406,Medium
C100030,0.16492091,Low
C100031,0.0018708416,Low
C100032,0.05041356,Low
C100033,0.18620664,Low
C100034,0.0012558223,Low
C100035,0.59376514,Medium
C100036,0.0005353129,Low
C100037,0.0004173448,Low
C100038,0.72767663,High
C100039,0.0038227655,Low
C100040,0.72192925,High
C100042,0.00088950765,Low
C100043,0.020624446,Low
C100044,0.6860819,High
C100045,0.21301407,Low
C100046,0.0033705395,Low
C100047,0.09795583,Low
C100048,0.0007534361,Low
C100049,0.53353095,Medium
C100050,0.16110055,Low
C100051,0.00120171,Low
C100052,0.037448544,Low
C100053,0.95899695,High
C100054,0.35559994,Medium
C100055,0.31030414,Medium
C100056,0.98348975,High
C100057,0.6794958,High
C100058,0.87853765,High
C100059,0.005989853,Low
C100060,0.7510771,High
C100061,0.71067333,High
C100062,0.28514203,Low
C100063,0.14942785,Low
C100064,0.9659007,High
C100065,0.34451085,Medium
C100067,0.9298413,High
C100068,0.0015697544,Low
C100069,0.025765622,Low
C100070,0.9746771,High
C100071,0.8017348,High
C100072,0.78052557,High
C100073,0.07373606,Low
C100074,0.4147445,Medium
C100075,0.48185533,Medium
C100076,0.008435331,Low
C100077,0.011531437,Low
C100078,0.8796166,High
C100080,0.002336785,Low
C100081,0.29512867,Low
C100082,0.7679092,High
C100083,0.9191323,High
C100084,0.31860512,Medium
C100085,0.03740849,Low
C100086,0.94469595,High
C100087,0.85258037,High
C100088,0.20859401,Low
C100090,0.9727974,High
C100091,0.9260932,High
C100092,0.5443881,Medium
C100093,0.67374825,High
C100094,0.29143676,Low
C100095,0.6152822,High
C100096,0.49737823,Medium
C100097,0.100459784,Low
C100098,0.13338102,Low
C100099,0.9894643,High
C100100,0.6509776,High
C100101,0.0023187967,Low
C100102,0.00065773795,Low
C100103,0.6093892,High
C100104,0.003291654,Low
C100105,0.0008398143,Low
C100106,0.29650792,Low
C100107,0.9585096,High
C100108,0.095779575,Low
C100109,0.4687299,Medium
C100110,0.4095005,Medium
C100111,0.19566174,Low
C100112,0.045905218,Low
C100113,0.97084266,High
C100114,0.97867763,High
C100115,0.950479,High
C100116,0.0007268584,Low
C100117,0.9689668,High
C100118,0.24106115,Low
C100119,0.8054473,High
C100121,0.56260407,Medium
C100123,0.9640599,High
C100124,0.008822323,Low
C100125,0.76024127,High
C100126,0.92651135,High
C100127,0.0010627274,Low
C100128,0.9254773,High
C100129,0.69867736,High
C100131,0.14454117,Low
C100132,0.91089964,High
C100133,0.58196443,Medium
C100134,0.33878824,Medium
C100135,0.060569692,Low
C100136,0.75363845,High
C100137,0.09711855,Low
C100138,0.7772715,High
C100139,0.93197954,High
C100140,0.27594215,Low
C100141,0.85381484,High
C100142,0.0005442584,Low
C100143,0.82630575,High
C100144,0.90144765,High
C100145,0.32127824,Medium
C100146,0.080593206,Low
C100147,0.6551268,High
C100148,0.05077082,Low
C100149,0.00055223174,Low
C100150,0.6285857,High
C100151,0.06442021,Low
C100152,0.12776324,Low
C100153,0.97668594,High
C100154,0.4331975,Medium
C100155,0.013570126,Low
C100156,0.9444784,High
C100157,0.88893366,High
C100158,0.9831286,High
C100159,0.76667815,High
C100160,0.0015811981,Low
C100161,0.74562204,High
C100162,0.00054750015,Low
C100164,0.7872216,High
C100165,0.058350384,Low
C100166,0.8704148,High
C100167,0.9123964,High
C100168,0.88544524,High
C100169,0.3278131,Medium
C100170,0.0020930874,Low
C100171,0.9486656,High
C100172,0.7273274,High
C100173,0.06840384,Low
C100174,0.8412891,High
C100175,0.7478242,High
C100176,0.86971396,High
C100177,0.004972986,Low
C100178,0.7846183,High
C100179,0.64627975,High
C100180,0.89394164,High
C100181,0.9586505,High
C100182,0.5396039,Medium
C100184,0.69632775,High
C100185,0.9042119,High
C100186,0.7681158,High
C100187,0.13547727,Low
C100188,0.00069194334,Low
C100189,0.9562446,High
C100190,0.5881282,Medium
C100191,0.39568615,Medium
C100192,0.0007307199,Low
C100193,0.0040617133,Low
C100194,0.0009413559,Low
C100195,0.40995055,Medium
C100196,0.58090156,Medium
C100197,0.95587313,High
C100198,0.4443657,Medium
C100199,0.4854295,Medium
C100200,0.0018354686,Low
C100201,0.02297684,Low
C100202,0.10710369,Low
C100203,0.0023118025,Low
C100204,0.9226995,High
C100205,0.09808985,Low
C100206,0.91673976,High
C100207,0.8513974,High
C100208,0.0015022433,Low
C100209,0.95681584,High
C100210,0.8905844,High
C100211,0.8405653,High
C100212,0.035654712,Low
C100213,0.8287175,High
C100214,0.88439214,High
C100215,0.8533098,High
C100217,0.53789425,Medium
C100218,0.25632858,Low
C100219,0.8562771,High
C100220,0.9288342,High
C100221,0.89654696,High
C100222,0.0061959107,Low
C100223,0.0007120024,Low
C100224,0.21719413,Low
C100225,0.027979853,Low
C100226,0.9770222,High
C100227,0.36503476,Medium
C100229,0.9278188,High
C100230,0.0005264547,Low
C100231,0.5094897,Medium
C100232,0.1781694,Low
C100233,0.0023982911,Low
C100234,0.34180257,Medium
C100235,0.96018785,High
C100236,0.48569885,Medium
C100237,0.8122133,High
C100238,0.04100185,Low
C100239,0.789932,High
C100240,0.90996504,High
C100241,0.0031614767,Low
C100242,0.00059784856,Low
C100243,0.016839387,Low
C100244,0.53612024,Medium
C100245,0.0010778548,Low
C100246,0.0031298436,Low
C100247,0.14996523,Low
C100248,0.9746166,High
C100249,0.7841307,High
C100250,0.42412773,Medium
C100251,0.32208726,Medium
C100252,0.70337826,High
C100253,0.5584079,Medium
C100254,0.09917712,Low
C100255,0.03550509,Low
C100256,0.5231007,Medium
C100257,0.92325836,High
C100258,0.32470858,Medium
C100259,0.21746877,Low
C100260,0.9221616,High
C100261,0.00052390876,Low
C100262,0.99147123,High
C100263,0.016738283,Low
C100264,0.3148497,Medium
C100265,0.87767696,High
C100266,0.0053989594,Low
C100267,0.6996404,High
C100269,0.0012374182,Low
C100270,0.35048854,Medium
C100271,0.27075946,Low
C100272,0.0028626567,Low
C100273,0.22470737,Low
C100274,0.001052734,Low
C100275,0.051375978,Low
C100276,0.09042896,Low
C100277,0.8833782,High
C100278,0.30670133,Medium
C100279,0.0021703236,Low
C100280,0.4997975,Medium
C100281,0.32301572,Medium
C100282,0.91899407,High
C100283,0.009553451,Low
C100284,0.00089133816,Low
C100285,0.5528127,Medium
C100286,0.00062867557,Low
C100287,0.093271255,Low
C100288,0.9868302,High
C100289,0.65876603,High
C100290,0.7417999,High
C100291,0.8328121,High
C100292,0.18069479,Low
C100293,0.48977503,Medium
C100294,0.0010242942,Low
C100295,0.9898089,High
C100296,0.32693735,Medium
C100297,0.0010278049,Low
C100298,0.56221473,Medium
C100299,0.76541406,High
C100300,0.8114938,High
C100301,0.5778834,Medium
C100302,0.94562817,High
C100303,0.07204708,Low
C100304,0.5899691,Medium
C100305,0.025303949,Low
C100306,0.047055162,Low
C100307,0.910854,High
C100308,0.24250343,Low
C100309,0.098495975,Low
C100310,0.12081683,Low
C100311,0.41925636,Medium
C100312,0.5519722,Medium
C100313,0.9292873,High
C100314,0.0017659393,Low
C100315,0.0016411155,Low
C100316,0.66703963,High
C100317,0.8622525,High
C100318,0.7553743,High
C100319,0.95691013,High
C100320,0.00050071825,Low
C100321,0.7950152,High
C100322,0.47888142,Medium
C100324,0.7949356,High
C100326,0.36105618,Medium
C100327,0.28654101,Low
C100328,0.006595705,Low
C100329,0.96880645,High
C100330,0.03708645,Low
C100331,0.5127691,Medium
C100332,0.0042640213,Low
C100333,0.7279331,High
C100334,0.7209263,High
C100335,0.5089272,Medium
C100336,0.11266222,Low
C100337,0.49189153,Medium
C100338,0.41023117,Medium
C100339,0.3079984,Medium
C100340,0.7881741,High
C100341,0.9868304,High
C100342,0.16418214,Low
C100343,0.14235342,Low
C100344,0.02008611,Low
C100345,0.16882734,Low
C100346,0.93626744,High
C100347,0.9310895,High
C100348,0.29653597,Low
C100349,0.038254857,Low
C100350,0.01673946,Low
C100353,0.116494425,Low
C100354,0.7466733,High
C100355,0.23409827,Low
C100356,0.18257284,Low
C100358,0.15900037,Low
C100359,0.0008033465,Low
C100360,0.0010169724,Low
C100361,0.3702711,Medium
C100362,0.7342353,High
C100363,0.0011462212,Low
C100364,0.00045428885,Low
C100365,0.00060141477,Low
C100366,0.0011316065,Low
C100367,0.006994609,Low
C100368,0.0013926154,Low
C100369,0.8763079,High
C100370,0.5177881,Medium
C100371,0.8152296,High
C100372,0.0058325324,Low
C100373,0.05648724,Low
C100374,0.7013206,High
C100375,0.7664176,High
C100376,0.94355214,High
C100377,0.17953442,Low
C100378,0.22642986,Low
C100379,0.22530645,Low
C100380,0.7933372,High
C100381,0.38628188,Medium
C100382,0.8823016,High
C100383,0.55551934,Medium
C100384,0.38126248,Medium
C100385,0.69258875,High
C100387,0.88277286,High
C100388,0.83188695,High
C100389,0.27303773,Low
C100390,0.000952616,Low
C100391,0.98936254,High
C100392,0.9227709,High
C100393,0.7592415,High
C100394,0.45780075,Medium
C100395,0.11008924,Low
C100396,0.7846761,High
C100397,0.16350806,Low
C100398,0.24198803,Low
C100399,0.21306989,Low
C100400,0.616313,High
C100401,0.0007340187,Low
C100402,0.23347902,Low
C100403,0.5496767,Medium
C100404,0.6742322,High
C100405,0.00082080293,Low
C100406,0.0015252663,Low
C100407,0.7709804,High
C100408,0.029165044,Low
C100409,0.0012887709,Low
C100410,0.03886895,Low
C100411,0.7322768,High
C100412,0.32501885,Medium
C100413,0.4330813,Medium
C100414,0.0013534803,Low
C100415,0.87066215,High
C100416,0.0005358186,Low
C100417,0.61474514,High
C100418,0.6008002,High
C100419,0.76441014,High
C100420,0.7366161,High
C100421,0.6119548,High
C100422,0.0011464183,Low
C100423,0.5997051,Medium
C100424,0.79552853,High
C100425,0.0033080836,Low
C100426,0.943418,High
C100427,0.40761492,Medium
C100428,0.017239295,Low
C100429,0.9842374,High
C100430,0.10370496,Low
C100431,0.6436061,High
C100432,0.002807406,Low
C100433,0.8690126,High
C100434,0.08193939,Low
C100435,0.9824354,High
C100436,0.9493905,High
C100437,0.94478947,High
C100439,0.24207647,Low
C100440,0.902214,High
C100441,0.07327746,Low
C100442,0.7731286,High
C100443,0.046521515,Low
C100444,0.9616815,High
C100445,0.8945399,High
C100446,0.23248053,Low
C100447,0.031134438,Low
C100448,0.8333982,High
C100449,0.9948378,High
C100450,0.38774124,Medium
C100451,0.35877025,Medium
C100452,0.8417508,High
C100453,0.92835057,High
C100454,0.00071064156,Low
C100455,0.9564648,High
C100456,0.93669516,High
C100457,0.033700764,Low
C100458,0.122341156,Low
C100459,0.6802535,High
C100460,0.39400023,Medium
C100461,0.86203957,High
C100462,0.8759178,High
C100463,0.69637334,High
C100464,0.70049876,High
C100465,0.6215934,High
C100466,0.7191306,High
C100468,0.05075708,Low
C100469,0.91389227,High
C100470,0.58705515,Medium
C100471,0.7915427,High
C100473,0.18627596,Low
C100474,0.76700765,High
C100475,0.1622343,Low
C100476,0.6026835,High
C100477,0.0064189024,Low
C100478,0.0012205068,Low
C100480,0.7445514,High
C100481,0.49998242,Medium
C100482,0.059311524,Low
C100483,0.27862906,Low
C100484,0.97456914,High
C100485,0.00063175685,Low
C100486,0.37057883,Medium
C100487,0.10251744,Low
C100488,0.007025015,Low
C100489,0.98555815,High
C100490,0.01583347,Low
C100491,0.3846856,Medium
C100493,0.71584696,High
C100494,0.38653424,Medium
C100496,0.79237914,High
C100498,0.5803411,Medium
C100499,0.9586838,High
C100500,0.24483922,Low
C100501,0.49276102,Medium
C100503,0.3358021,Medium
C100504,0.00039327666,Low
C100505,0.9676156,High
C100506,0.9789874,High
C100507,0.005092007,Low
C100508,0.9469011,High
C100509,0.0008543855,Low
C100510,0.0005391725,Low
C100511,0.105464146,Low
C100513,0.40742177,Medium
C100514,0.021570167,Low
C100516,0.79532224,High
C100517,0.08754693,Low
C100518,0.25850332,Low
C100520,0.5777936,Medium
C100521,0.00057796587,Low
C100522,0.0011568603,Low
C100523,0.14065999,Low
C100524,0.7797838,High
C100525,0.00065508013,Low
C100526,0.93618906,High
C100527,0.27152795,Low
C100528,0.64067334,High
C100529,0.31093836,Medium
C100530,0.7967242,High
C100531,0.10031927,Low
C100532,0.0049564,Low
C100533,0.51564234,Medium
C100534,0.95986503,High
C100535,0.9132003,High
C100536,0.0011717505,Low
C100537,0.8059655,High
C100538,0.23771073,Low
C100539,0.58140105,Medium
C100540,0.9385731,High
C100541,0.9733402,High
C100542,0.553835,Medium
C100543,0.620147,High
C100544,0.4052621,Medium
C100545,0.1419317,Low
C100546,0.0011089859,Low
C100547,0.0016991419,Low
C100548,0.029202804,Low
C100549,0.1285587,Low
C100550,0.23922087,Low
C100551,0.8857557,High
C100552,0.8177613,High
C100553,0.5390618,Medium
C100554,0.0012505929,Low
C100555,0.90292466,High
C100556,0.2467971,Low
C100557,0.062886074,Low
C100558,0.009316793,Low
C100559,0.5809472,Medium
C100560,0.9595465,High
C100561,0.028597439,Low
C100562,0.7759451,High
C100563,0.97605366,High
C100564,0.08781004,Low
C100565,0.5753483,Medium
C100566,0.98118114,High
C100567,0.39342782,Medium
C100568,0.42817524,Medium
C100569,0.0009566484,Low
C100570,0.12783024,Low
C100571,0.9679092,High
C100572,0.14406414,Low
C100573,0.048652664,Low
C100574,0.78995395,High
C100575,0.41218567,Medium
C100576,0.12710029,Low
C100577,0.7295799,High
C100578,0.2628688,Low
C100579,0.52048355,Medium
C100580,0.7758725,High
C100581,0.0014323395,Low
C100582,0.010871114,Low
C100583,0.077344395,Low
C100584,0.07476482,Low
C100585,0.87776953,High
C100586,0.62589353,High
C100587,0.00075751886,Low
C100588,0.31092772,Medium
C100589,0.67632616,High
C100590,0.00038112784,Low
C100591,0.37145796,Medium
C100592,0.0073814862,Low
C100593,0.178459,Low
C100594,0.28524658,Low
C100595,0.0008306891,Low
C100596,0.39567453,Medium
C100597,0.9481262,High
C100598,0.47586668,Medium
C100599,0.59808624,Medium
C100600,0.0048585837,Low
C100601,0.001133739,Low
C100602,0.20419921,Low
C100603,0.6365118,High
C100604,0.007649439,Low
C100606,0.63367635,High
C100607,0.11716184,Low
C100608,0.027816871,Low
C100609,0.9019156,High
C100610,0.81607443,High
C100611,0.00039912367,Low
C100612,0.7038348,High
C100613,0.58733916,Medium
C100614,0.2627821,Low
C100616,0.2997443,Low
C100617,0.46867922,Medium
C100618,0.5656014,Medium
C100619,0.00061753724,Low
C100620,0.5343079,Medium
C100621,0.12171183,Low
C100622,0.6477623,High
C100623,0.09118279,Low
C100624,0.0021460953,Low
C100625,0.0009308707,Low
C100626,0.9802024,High
C100627,0.40088215,Medium
C100628,0.97881705,High
C100629,0.52253276,Medium
C100630,0.03814976,Low
C100631,0.8994778,High
C100632,0.68931955,High
C100633,0.9548118,High
C100634,0.76783174,High
C100635,0.00094380445,Low
C100636,0.016425041,Low
C100637,0.00055341073,Low
C100639,0.0025588388,Low
C100640,0.07359396,Low
C100641,0.9721718,High
C100642,0.0012476958,Low
C100643,0.6148322,High
C100644,0.007814144,Low
C100647,0.005126941,Low
C100648,0.8909932,High
C100649,0.64047426,High
C100651,0.975522,High
C100652,0.98167384,High
C100653,0.06870306,Low
C100654,0.012967897,Low
C100655,0.409733,Medium
C100656,0.00097741,Low
C100657,0.6319438,High
C100658,0.5674997,Medium
C100659,0.32671607,Medium
C100660,0.96778405,High
C100661,0.032706063,Low
C100663,0.7468499,High
C100664,0.84087914,High
C100665,0.6786516,High
C100666,0.116649166,Low
C100667,0.60498714,High
C100668,0.7889796,High
C100669,0.9499313,High
C100670,0.65655506,High
C100671,0.9682389,High
C100672,0.95308393,High
C100673,0.12460364,Low
C100674,0.7633133,High
C100675,0.8864302,High
C100676,0.19060165,Low
C100677,0.05388808,Low
C100678,0.9761787,High
C100679,0.9722244,High
C100680,0.93352056,High
C100681,0.21488045,Low
C100682,0.7170736,High
C100683,0.30894113,Medium
C100684,0.59685093,Medium
C100685,0.6891473,High
C100686,0.8936979,High
C100687,0.0013014216,Low
C100688,0.613463,High
C100689,0.6689018,High
C100690,0.11772819,Low
C100692,0.44826072,Medium
C100693,0.3877805,Medium
C100694,0.8764422,High
C100695,0.70288724,High
C100696,0.00045345965,Low
C100697,0.099724814,Low
C100698,0.98351157,High
C100699,0.01605455,Low
C100700,0.0025960242,Low
C100701,0.0010910773,Low
C100702,0.8716081,High
C100703,0.64545923,High
C100704,0.013952593,Low
C100705,0.9465867,High
C100706,0.8940693,High
C100707,0.0019339425,Low
C100708,0.93412083,High
C100710,0.6687301,High
C100711,0.38430345,Medium
C100712,0.20272437,Low
C100713,0.6600999,High
C100714,0.9726838,High
C100715,0.0006027785,Low
C100716,0.26251882,Low
C100718,0.9144533,High
C100719,0.24967088,Low
C100720,0.022935407,Low
C100721,0.08462652,Low
C100722,0.0065027787,Low
C100723,0.8866199,High
C100724,0.88042736,High
C100725,0.00032298692,Low
C100727,0.00074959424,Low
C100728,0.97795653,High
C100729,0.9327379,High
C100730,0.485324,Medium
C100731,0.89873815,High
C100732,0.9273461,High
C100733,0.9010521,High
C100734,0.55140233,Medium
C100735,0.0115603395,Low
C100736,0.82910454,High
C100737,0.0028211249,Low
C100738,0.047057655,Low
C100739,0.9772907,High
C100740,0.23338431,Low
C100741,0.44524565,Medium
C100742,0.955478,High
C100743,0.5566792,Medium
C100745,0.0004276388,Low
C100746,0.7616801,High
C100747,0.22074522,Low
C100748,0.006878668,Low
C100749,0.70638007,High
C100750,0.782721,High
C100751,0.037781943,Low
C100752,0.8597045,High
C100753,0.98698133,High
C100754,0.0058010714,Low
C100755,0.33561832,Medium
C100756,0.89958215,High
C100757,0.94062823,High
C100758,0.0017212917,Low
C100759,0.19436131,Low
C100760,0.60354733,High
C100761,0.07192562,Low
C100762,0.01704376,Low
C100763,0.8731915,High
C100764,0.0017077846,Low
C100765,0.8727414,High
C100766,0.0004932713,Low
C100767,0.78811115,High
C100768,0.28510174,Low
C100769,0.53078896,Medium
C100770,0.6411979,High
C100771,0.001755683,Low
C100772,0.095659055,Low
C100773,0.93515396,High
C100774,0.0020042488,Low
C100775,0.9582824,High
C100776,0.20210801,Low
C100777,0.86924195,High
C100778,0.24738565,Low
C100779,0.70600694,High
C100780,0.62864673,High
C100781,0.88069826,High
C100782,0.16590208,Low
C100783,0.9472087,High
C100784,0.53220683,Medium
C100785,0.13272332,Low
C100786,0.17236744,Low
C100787,0.8543736,High
C100788,0.84430796,High
C100789,0.21251744,Low
C100790,0.01165691,Low
C100791,0.25347704,Low
C100792,0.29656675,Low
C100793,0.76932395,High
C100794,0.010182644,Low
C100795,0.9524963,High
C100796,0.00063163316,Low
C100797,0.0010482661,Low
C100798,0.2736809,Low
C100799,0.049838036,Low
C100800,0.95948297,High
C100801,0.9738555,High
C100802,0.10373657,Low
C100803,0.0010138274,Low
C100804,0.66191804,High
C100805,0.0010860814,Low
C100806,0.001615502,Low
C100807,0.8706299,High
C100808,0.53149235,Medium
C100809,0.27076247,Low
C100810,0.6410173,High
C100811,0.94215375,High
C100812,0.9317722,High
C100813,0.65401965,High
C100814,0.96236086,High
C100815,0.14034075,Low
C100816,0.006383789,Low
C100817,0.27809957,Low
C100818,0.0076015373,Low
C100819,0.9115176,High
C100820,0.94217837,High
C100821,0.24178019,Low
C100822,0.004426318,Low
C100823,0.066601865,Low
C100824,0.0010834783,Low
C100825,0.9373473,High
C100826,0.14094582,Low
C100827,0.7047798,High
C100829,0.09120494,Low
C100830,0.41783002,Medium
C100831,0.0035589933,Low
C100832,0.008969105,Low
C100833,0.3685679,Medium
C100834,0.940736,High
C100835,0.4820184,Medium
C100837,0.0007644497,Low
C100838,0.3620244,Medium
C100840,0.88559264,High
C100841,0.7687526,High
C100842,0.8187051,High
C100843,0.43154952,Medium
C100844,0.97518694,High
C100845,0.0009546635,Low
C100846,0.00086159405,Low
C100847,0.031326067,Low
C100848,0.70992494,High
C100849,0.00096396793,Low
C100850,0.956718,High
C100851,0.9641922,High
C100852,0.82388973,High
C100853,0.94992596,High
C100854,0.0069413455,Low
C100855,0.8903554,High
C100856,0.045291625,Low
C100857,0.0007043556,Low
C100858,0.32282695,Medium
C100859,0.97947115,High
C100860,0.0075837774,Low
C100861,0.8173736,High
C100862,0.757162,High
C100863,0.15883906,Low
C100864,0.8909682,High
C100865,0.99050015,High
C100866,0.6114106,High
C100867,0.8728524,High
C100868,0.7371019,High
C100869,0.5683059,Medium
C100870,0.9757912,High
C100871,0.8021386,High
C100872,0.5513891,Medium
C100873,0.81876713,High
C100874,0.7693803,High
C100875,0.73643845,High
C100876,0.02861198,Low
C100877,0.46080872,Medium
C100878,0.00081850745,Low
C100879,0.039533965,Low
C100880,0.3674416,Medium
C100881,0.9221319,High
C100882,0.4240369,Medium
C100883,0.022037156,Low
C100884,0.9490534,High
C100885,0.915859,High
C100886,0.0012792082,Low
C100887,0.8919205,High
C100888,0.9654705,High
C100890,0.8772881,High
C100891,0.8611725,High
C100892,0.31427032,Medium
C100893,0.0053037438,Low
C100894,0.8247303,High
C100896,0.8354014,High
C100897,0.6714199,High
C100898,0.69685805,High
C100899,0.0005797985,Low
C100900,0.9156151,High
C100901,0.3975295,Medium
C100902,0.0038876792,Low
C100903,0.17904316,Low
C100904,0.30728987,Medium
C100905,0.82960755,High
C100906,0.9074308,High
C100907,0.8401328,High
C100908,0.00060076365,Low
C100909,0.97642636,High
C100910,0.7562314,High
C100911,0.8805207,High
C100912,0.7516434,High
C100913,0.5585952,Medium
C100914,0.072963335,Low
C100915,0.0038911467,Low
C100916,0.13274783,Low
C100917,0.46710697,Medium
C100919,0.028306179,Low
C100920,0.77484083,High
C100921,0.9918686,High
C100922,0.02384626,Low
C100923,0.007729959,Low
C100924,0.94953233,High
C100925,0.15496947,Low
C100926,0.12430031,Low
C100927,0.111059904,Low
C100928,0.25218302,Low
C100929,0.72977114,High
C100930,0.69512045,High
C100931,0.0053327214,Low
C100932,0.8581494,High
C100933,0.14144415,Low
C100934,0.61011565,High
C100935,0.41327792,Medium
C100936,0.019928547,Low
C100937,0.42287028,Medium
C100938,0.9465395,High
C100939,0.49869236,Medium
C100940,0.071492076,Low
C100941,0.8742445,High
C100942,0.7233325,High
C100943,0.18480723,Low
C100944,0.7285771,High
C100946,0.0005612011,Low
C100947,0.04466776,Low
C100948,0.10266462,Low
C100949,0.00026177394,Low
C100950,0.2833596,Low
C100951,0.96907604,High
C100952,0.020602329,Low
C100953,0.011373403,Low
C100954,0.035959072,Low
C100955,0.00095790974,Low
C100956,0.504687,Medium
C100957,0.2418423,Low
C100958,0.12481208,Low
C100959,0.6720636,High
C100960,0.17761844,Low
C100961,0.16076207,Low
C100962,0.0413642,Low
C100963,0.7069863,High
C100964,0.04998775,Low
C100965,0.8216477,High
C100966,0.7721515,High
C100967,0.8896836,High
C100968,0.5258184,Medium
C100970,0.8797763,High
C100971,0.003296097,Low
C100972,0.2995851,Low
C100973,0.88610137,High
C100974,0.39422166,Medium
C100975,0.10538807,Low
C100977,0.079167664,Low
C100978,0.9436808,High
C100979,0.96305746,High
C100980,0.9425723,High
C100981,0.90677655,High
C100982,0.17875327,Low
C100983,0.21725872,Low
C100984,0.83969563,High
C100985,0.12404505,Low
C100986,0.82611376,High
C100987,0.42581046,Medium
C100988,0.07940518,Low
C100989,0.003584803,Low
C100990,0.8746182,High
C100991,0.18427496,Low
C100992,0.0014904034,Low
C100993,0.0114370845,Low
C100994,0.0073969825,Low
C100995,0.013755796,Low
C100996,0.21032168,Low
C100997,0.3410579,Medium
C100998,0.7389941,High
C100999,0.9823552,High
C101000,0.5670449,Medium
C101001,0.10614312,Low
C101002,0.58727425,Medium
C101003,0.028603433,Low
C101004,0.71840155,High
C101005,0.013755874,Low
C101006,0.8736546,High
C101007,0.94468415,High
C101008,0.9830882,High
C101009,0.9363056,High
C101010,0.00037937428,Low
C101011,0.04582492,Low
C101012,0.002623726,Low
C101013,0.0036896928,Low
C101014,0.0011580526,Low
C101017,0.5773307,Medium
C101018,0.015247261,Low
C101019,0.5395169,Medium
C101020,0.14296487,Low
C101021,0.31661415,Medium
C101022,0.0008956122,Low
C101023,0.6083973,High
C101024,0.3393051,Medium
C101025,0.59610003,Medium
C101026,0.9688274,High
C101027,0.06286923,Low
C101028,0.10220913,Low
C101029,0.6751116,High
C101030,0.17418255,Low
C101031,0.63539755,High
C101032,0.9928247,High
C101033,0.74122804,High
C101034,0.032882463,Low
C101035,0.21352936,Low
C101036,0.00055890303,Low
C101037,0.5287685,Medium
C101038,0.9624767,High
C101039,0.97428215,High
C101040,0.9437015,High
C101041,0.0032482182,Low
C101042,0.6138597,High
C101043,0.7828848,High
C101044,0.40982053,Medium
C101045,0.00088610116,Low
C101046,0.1592447,Low
C101047,0.9533195,High
C101048,0.5984445,Medium
C101049,0.0054138484,Low
C101050,0.7498362,High
C101051,0.9071611,High
C101052,0.0020101767,Low
C101054,0.5278838,Medium
C101055,0.7889307,High
C101056,0.8997599,High
C101057,0.33081084,Medium
C101058,0.00028267503,Low
C101059,0.75038767,High
C101060,0.000803172,Low
C101061,0.3783491,Medium
C101062,0.0006841906,Low
C101063,0.18963806,Low
C101064,0.0036065422,Low
C101065,0.97731006,High
C101067,0.97207314,High
C101068,0.30679497,Medium
C101069,0.9618325,High
C101070,0.0010243625,Low
C101071,0.0014195383,Low
C101072,0.8436671,High
C101073,0.08252899,Low
C101074,0.0017779149,Low
C101075,0.0008029906,Low
C101076,0.08858681,Low
C101077,0.9660574,High
C101078,0.007852519,Low
C101080,0.0019836342,Low
C101081,0.7068558,High
C101082,0.0014942624,Low
C101083,0.38880652,Medium
C101084,0.040153522,Low
C101085,0.98461413,High
C101086,0.0006665473,Low
C101087,0.0020846296,Low
C101088,0.67055804,High
C101089,0.880545,High
C101090,0.8893477,High
C101091,0.0017537968,Low
C101092,0.8261326,High
C101093,0.18461931,Low
C101094,0.02980007,Low
C101095,0.35000208,Medium
C101096,0.80090183,High
C101098,0.6960743,High
C101100,0.0011489256,Low
C101101,0.13086137,Low
C101102,0.32408455,Medium
C101103,0.9629109,High
C101104,0.26178616,Low
C101105,0.6223121,High
C101106,0.14670336,Low
C101107,0.019128269,Low
C101108,0.0010069185,Low
C101109,0.8682854,High
C101110,0.94218814,High
C101111,0.03031273,Low
C101112,0.16058107,Low
C101113,0.2125023,Low
C101114,0.8120735,High
C101115,0.05050779,Low
C101116,0.0019987528,Low
C101117,0.053146932,Low
C101118,0.77334046,High
C101119,0.37138012,Medium
C101120,0.9421389,High
C101121,0.0018284782,Low
C101122,0.0017835983,Low
C101123,0.17780635,Low
C101124,0.8866188,High
C101125,0.002435114,Low
C101126,0.06214703,Low
C101127,0.012297507,Low
C101128,0.9570135,High
C101129,0.06255091,Low
C101130,0.0052177813,Low
C101131,0.9419945,High
C101132,0.014919337,Low
C101133,0.15108384,Low
C101134,0.59484255,Medium
C101135,0.9880328,High
C101136,0.781147,High
C101137,0.73727673,High
C101138,0.022531364,Low
C101139,0.8571688,High
C101140,0.00061880215,Low
C101141,0.98552334,High
C101142,0.39950034,Medium
C101143,0.104880266,Low
C101144,0.92624456,High
C101145,0.95423746,High
C101146,0.0075009335,Low
C101147,0.4959704,Medium
C101148,0.0106591005,Low
C101149,0.66880304,High
C101150,0.09669773,Low
C101151,0.21149549,Low
C101152,0.006268569,Low
C101153,0.14634015,Low
C101154,0.0020440337,Low
C101155,0.96711093,High
C101156,0.07049694,Low
C101157,0.74684846,High
C101158,0.4383942,Medium
C101159,0.30483705,Medium
C101160,0.90145487,High
C101161,0.9832124,High
C101162,0.031884715,Low
C101163,0.47389904,Medium
C101164,0.0006672013,Low
C101165,0.13280603,Low
C101166,0.41203737,Medium
C101167,0.27411845,Low
C101168,0.0026343677,Low
C101169,0.7976601,High
C101170,0.61963797,High
C101171,0.07466804,Low
C101172,0.10662774,Low
C101173,0.9793147,High
C101174,0.5562993,Medium
C101175,0.8189617,High
C101176,0.83100474,High
C101177,0.0019210194,Low
C101178,0.4508552,Medium
C101179,0.26387438,Low
C101180,0.9650727,High
C101181,0.33328098,Medium
C101182,0.000636675,Low
C101183,0.004176628,Low
C101184,0.9350789,High
C101185,0.758263,High
C101186,0.9354222,High
C101187,0.15274201,Low
C101188,0.37005246,Medium
C101189,0.5653269,Medium
C101190,0.96239245,High
C101191,0.004727851,Low
C101192,0.5860039,Medium
C101193,0.0399586,Low
C101194,0.9826172,High
C101195,0.0006738064,Low
C101196,0.0057113688,Low
C101197,0.9752501,High
C101198,0.9529714,High
C101199,0.19550557,Low
C101200,0.5962694,Medium
C101201,0.0016027931,Low
C101202,0.0061307745,Low
C101203,0.035015214,Low
C101204,0.0011977946,Low
C101205,0.30852684,Medium
C101206,0.20330262,Low
C101207,0.3686168,Medium
C101209,0.001531186,Low
C101210,0.004647423,Low
C101211,0.6863071,High
C101212,0.04023914,Low
C101213,0.75534034,High
C101214,0.9549132,High
C101215,0.972874,High
C101216,0.92007864,High
C101217,0.02768728,Low
C101218,0.020421622,Low
C101219,0.96780217,High
C101220,0.11592643,Low
C101221,0.20097665,Low
C101222,0.0009732382,Low
C101223,0.6327455,High
C101225,0.00051826175,Low
C101226,0.002644612,Low
C101227,0.291477,Low
C101228,0.51885355,Medium
C101229,0.97519624,High
C101230,0.5887307,Medium
C101232,0.96736574,High
C101233,0.09627481,Low
C101234,0.085821636,Low
C101235,0.0034542044,Low
C101236,0.77268,High
C101237,0.50280356,Medium
C101238,0.46943152,Medium
C101239,0.000921874,Low
C101240,0.38035545,Medium
C101241,0.06401127,Low
C101242,0.7331523,High
C101243,0.9138254,High
C101244,0.5155673,Medium
C101245,0.88555527,High
C101246,0.2011125,Low
C101247,0.672817,High
C101248,0.00058830617,Low
C101249,0.034518067,Low
C101250,0.0014241121,Low
C101251,0.03317001,Low
C101252,0.0029719763,Low
C101253,0.3256776,Medium
C101254,0.7105093,High
C101255,0.57890797,Medium
C101256,0.54048365,Medium
C101257,0.95238566,High
C101258,0.0006024948,Low
C101259,0.21308973,Low
C101260,0.44309017,Medium
C101261,0.9236509,High
C101262,0.853066,High
C101263,0.7351408,High
C101264,0.3709632,Medium
C101265,0.9906446,High
C101266,0.3668997,Medium
C101268,0.0022008785,Low
C101269,0.6277956,High
C101270,0.08396043,Low
C101271,0.0011422373,Low
C101272,0.9577526,High
C101273,0.07824549,Low
C101274,0.022571253,Low
C101275,0.7486467,High
C101276,0.93849355,High
C101277,0.8612838,High
C101278,0.6573325,High
C101279,0.0010428384,Low
C101280,0.0005545092,Low
C101281,0.0005862461,Low
C101282,0.92876136,High
C101283,0.098079704,Low
C101284,0.733551,High
C101285,0.8500445,High
C101286,0.4556479,Medium
C101287,0.5197067,Medium
C101288,0.2857203,Low
C101289,0.68159103,High
C101290,0.89216936,High
C101291,0.9055729,High
C101292,0.033352334,Low
C101293,0.013132624,Low
C101294,0.9679233,High
C101295,0.8212374,High
C101296,0.20802128,Low
C101297,0.10454561,Low
C101298,0.0013454593,Low
C101299,0.08070737,Low
C101300,0.7959097,High
C101301,0.2309354,Low
C101302,0.0006353399,Low
C101303,0.625508,High
C101305,0.0093696145,Low
C101306,0.7747984,High
C101307,0.01936577,Low
C101309,0.009014936,Low
C101310,0.6295097,High
C101311,0.6795636,High
C101312,0.19349313,Low
C101313,0.44066167,Medium
C101314,0.0017115419,Low
C101316,0.98007274,High
C101317,0.6595584,High
C101318,0.028250307,Low
C101319,0.01709022,Low
C101320,0.92833257,High
C101321,0.0018750938,Low
C101322,0.116707794,Low
C101323,0.2648222,Low
C101324,0.55342054,Medium
C101325,0.96052325,High
C101326,0.31291956,Medium
C101327,0.64096874,High
C101328,0.0050777216,Low
C101329,0.04186413,Low
C101330,0.023221614,Low
C101331,0.58749676,Medium
C101332,0.3368282,Medium
C101333,0.003842657,Low
C101334,0.7823342,High
C101335,0.076643415,Low
C101336,0.46178636,Medium
C101337,0.12932889,Low
C101338,0.56819,Medium
C101339,0.012033711,Low
C101340,0.0004505414,Low
C101341,0.42268106,Medium
C101342,0.9242916,High
C101343,0.89329857,High
C101344,0.575804,Medium
C101345,0.5384914,Medium
C101346,0.96624005,High
C101347,0.66955835,High
C101348,0.12179503,Low
C101349,0.9288324,High
C101350,0.3047345,Medium
C101351,0.18887553,Low
C101352,0.010532033,Low
C101353,0.17846407,Low
C101354,0.08916519,Low
C101355,0.10927173,Low
C101356,0.7429123,High
C101357,0.53355265,Medium
C101358,0.85858953,High
C101359,0.9474195,High
C101360,0.018621871,Low
C101361,0.003935493,Low
C101362,0.01102072,Low
C101363,0.0010139782,Low
C101364,0.9332552,High
C101365,0.13347551,Low
C101366,0.24448854,Low
C101367,0.08843777,Low
C101368,0.18135257,Low
C101369,0.0010556404,Low
C101370,0.13263245,Low
C101371,0.4993846,Medium
C101372,0.9514137,High
C101373,0.50348544,Medium
C101374,0.66725993,High
C101375,0.86717546,High
C101376,0.10232146,Low
C101377,0.85720855,High
C101378,0.9592045,High
C101379,0.90775466,High
C101380,0.98292875,High
C101381,0.8065558,High
C101382,0.551855,Medium
C101383,0.15983723,Low
C101384,0.46702158,Medium
C101385,0.9316469,High
C101387,0.48706663,Medium
C101388,0.77617764,High
C101389,0.39506984,Medium
C101390,0.0019664003,Low
C101391,0.16382147,Low
C101392,0.21403988,Low
C101393,0.21985605,Low
C101394,0.8962293,High
C101395,0.69107974,High
C101396,0.0008697133,Low
C101397,0.81216264,High
C101398,0.92007077,High
C101399,0.75073856,High
C101400,0.25175494,Low
C101402,0.78261995,High
C101403,0.51858974,Medium
C101404,0.0005294908,Low
C101405,0.0049511255,Low
C101406,0.36078662,Medium
C101407,0.98960054,High
C101408,0.0248193,Low
C101409,0.7688381,High
C101410,0.4690311,Medium
C101411,0.01113698,Low
C101413,0.86288464,High
C101414,0.0024999885,Low
C101415,0.003249954,Low
C101416,0.9604518,High
C101417,0.1010925,Low
C101418,0.0064111343,Low
C101419,0.37539312,Medium
C101420,0.0008943506,Low
C101421,0.00052345404,Low
C101422,0.021846483,Low
C101423,0.92973065,High
C101424,0.8616237,High
C101425,0.0022066643,Low
C101426,0.90634793,High
C101427,0.19149505,Low
C101428,0.20849994,Low
C101429,0.8863432,High
C101430,0.00093208614,Low
C101431,0.949322,High
C101432,0.0006024876,Low
C101433,0.30998954,Medium
C101435,0.046770282,Low
C101436,0.84293073,High
C101437,0.13709114,Low
C101438,0.4483177,Medium
C101440,0.0025854548,Low
C101441,0.38764647,Medium
C101443,0.6417123,High
C101444,0.5756088,Medium
C101445,0.6383667,High
C101446,0.5249972,Medium
C101447,0.00044179562,Low
C101448,0.03726182,Low
C101449,0.077182814,Low
C101450,0.25977907,Low
C101451,0.9004512,High
C101452,0.57129365,Medium
C101453,0.2630872,Low
C101454,0.79797184,High
C101455,0.14024264,Low
C101456,0.9763532,High
C101457,0.8547191,High
C101458,0.44642177,Medium
C101459,0.1908114,Low
C101460,0.010331014,Low
C101461,0.95224816,High
C101462,0.83387125,High
C101463,0.84802,High
C101464,0.29050228,Low
C101465,0.80332,High
C101466,0.9808076,High
C101467,0.22314833,Low
C101468,0.5297537,Medium
C101469,0.00071428495,Low
C101470,0.09757874,Low
C101471,0.016851692,Low
C101472,0.0023496936,Low
C101473,0.75906926,High
C101474,0.00088535517,Low
C101475,0.018918077,Low
C101476,0.9542597,High
C101477,0.013405438,Low
C101478,0.633549,High
C101479,0.0010152042,Low
C101480,0.0011163236,Low
C101481,0.7063665,High
C101482,0.4056391,Medium
C101483,0.0030441324,Low
C101484,0.7010429,High
C101485,0.6369024,High
C101486,0.0037177096,Low
C101488,0.0018719665,Low
C101489,0.8220485,High
C101490,0.16416346,Low
C101491,0.9514515,High
C101492,0.8182498,High
C101493,0.00047513726,Low
C101494,0.15379214,Low
C101495,0.9376015,High
C101496,0.37925765,Medium
C101497,0.12063902,Low
C101498,0.8827959,High
C101500,0.0032020132,Low
C101501,0.0010674864,Low
C101502,0.30832472,Medium
C101503,0.9354814,High
C101504,0.062536605,Low
C101505,0.0293204,Low
C101506,0.046745658,Low
C101507,0.0010031224,Low
C101508,0.70338094,High
C101509,0.36625072,Medium
C101510,0.9454194,High
C101511,0.741701,High
C101512,0.80431026,High
C101513,0.98897517,High
C101514,0.034314774,Low
C101515,0.41034824,Medium
C101516,0.39335248,Medium
C101517,0.0020157527,Low
C101518,0.94320375,High
C101519,0.038867142,Low
C101520,0.83486515,High
C101521,0.3434347,Medium
C101522,0.00065862807,Low
C101523,0.005319015,Low
C101524,0.9618783,High
C101525,0.30696484,Medium
C101526,0.0015659089,Low
C101527,0.17078209,Low
C101528,0.94303674,High
C101530,0.0012757495,Low
C101532,0.9641432,High
C101533,0.0051117428,Low
C101534,0.5082779,Medium
C101535,0.64039993,High
C101536,0.52936673,Medium
C101537,0.119260944,Low
C101538,0.83116215,High
C101540,0.92760175,High
C101541,0.00083368615,Low
C101542,0.10638454,Low
C101543,0.046271045,Low
C101544,0.96419406,High
C101545,0.6195541,High
C101546,0.7864987,High
C101547,0.86173266,High
C101548,0.94746697,High
C101549,0.9486595,High
C101550,0.0019188549,Low
C101551,0.90251034,High
C101552,0.0071675754,Low
C101553,0.11281734,Low
C101554,0.64676976,High
C101555,0.2576077,Low
C101556,0.64130884,High
C101557,0.59858507,Medium
C101558,0.049496997,Low
C101559,0.0011414939,Low
C101560,0.52845454,Medium
C101561,0.28905055,Low
C101562,0.8348879,High
C101563,0.10262178,Low
C101564,0.27909556,Low
C101565,0.2684184,Low
C101566,0.960489,High
C101567,0.63397014,High
C101568,0.8934515,High
C101569,0.10016678,Low
C101570,0.041206,Low
C101571,0.7559712,High
C101572,0.8242197,High
C101573,0.012776401,Low
C101574,0.10538464,Low
C101575,0.0009679202,Low
C101576,0.93466353,High
C101577,0.96334124,High
C101578,0.5119469,Medium
C101579,0.49815112,Medium
C101580,0.9491745,High
C101581,0.6019684,High
C101582,0.0009447046,Low
C101583,0.0005471483,Low
C101584,0.72456694,High
C101585,0.00091912405,Low
C101586,0.94973075,High
C101587,0.933462,High
C101588,0.038171954,Low
C101589,0.7477524,High
C101590,0.001281753,Low
C101591,0.013465545,Low
C101592,0.0053421385,Low
C101593,0.13867904,Low
C101594,0.03767902,Low
C101595,0.16937703,Low
C101596,0.0019422254,Low
C101597,0.96839976,High
C101598,0.9816488,High
C101599,0.8974221,High
C101600,0.6107641,High
C101601,0.22420287,Low
C101602,0.0006824278,Low
C101603,0.2021782,Low
C101604,0.7653165,High
C101605,0.07452795,Low
C101606,0.516753,Medium
C101607,0.014641472,Low
C101608,0.9583152,High
C101609,0.9561271,High
C101610,0.5912281,Medium
C101611,0.8839931,High
C101612,0.47871777,Medium
C101613,0.0028620032,Low
C101614,0.5685437,Medium
C101615,0.9566387,High
C101616,0.7570822,High
C101617,0.38752085,Medium
C101618,0.8870148,High
C101619,0.9313501,High
C101620,0.73253804,High
C101621,0.57825935,Medium
C101622,0.35764197,Medium
C101623,0.5063137,Medium
C101624,0.49764448,Medium
C101625,0.0013218933,Low
C101626,0.59832007,Medium
C101627,0.00046642663,Low
C101628,0.69393337,High
C101629,0.8020165,High
C101630,0.0025796352,Low
C101631,0.161766,Low
C101633,0.9745973,High
C101634,0.290084,Low
C101635,0.9758915,High
C101636,0.03294878,Low
C101637,0.0062110242,Low
C101638,0.08501753,Low
C101639,0.36581692,Medium
C101640,0.70966744,High
C101641,0.8135845,High
C101642,0.47889516,Medium
C101643,0.83449423,High
C101644,0.0016494563,Low
C101646,0.6768078,High
C101647,0.004214395,Low
C101649,0.705538,High
C101650,0.41384417,Medium
C101651,0.92466104,High
C101652,0.16048457,Low
C101653,0.013415431,Low
C101654,0.23779917,Low
C101655,0.22590639,Low
C101656,0.12116608,Low
C101659,0.65069264,High
C101660,0.029248042,Low
C101661,0.65100956,High
C101662,0.5876326,Medium
C101663,0.0005959234,Low
C101664,0.13014582,Low
C101665,0.8314056,High
C101666,0.33802313,Medium
C101667,0.00952706,Low
C101668,0.8959438,High
C101669,0.05157709,Low
C101670,0.88654184,High
C101671,0.88408494,High
C101672,0.6493732,High
C101673,0.19493023,Low
C101674,0.5842817,Medium
C101675,0.4409667,Medium
C101676,0.97978276,High
C101677,0.0070117684,Low
C101678,0.86663777,High
C101679,0.9933215,High
C101680,0.7032073,High
C101681,0.9856786,High
C101682,0.06310594,Low
C101683,0.0010510375,Low
C101684,0.083419435,Low
C101685,0.97755617,High
C101686,0.08267324,Low
C101687,0.02871683,Low
C101688,0.084761485,Low
C101689,0.54136264,Medium
C101690,0.95922226,High
C101691,0.0006626128,Low
C101692,0.8860697,High
C101693,0.31335986,Medium
C101694,0.919415,High
C101695,0.47286403,Medium
C101696,0.9316784,High
C101697,0.9802153,High
C101698,0.0025988657,Low
C101699,0.026077216,Low
C101700,0.9683021,High
C101701,0.5346141,Medium
C101702,0.0004489849,Low
C101703,0.21804826,Low
C101704,0.025733603,Low
C101705,0.028610332,Low
C101706,0.0050129043,Low
C101707,0.81388557,High
C101708,0.2519104,Low
C101709,0.00078677555,Low
C101710,0.8046214,High
C101711,0.98613006,High
C101712,0.96639735,High
C101713,0.7129268,High
C101714,0.31411156,Medium
C101715,0.36921528,Medium
C101716,0.48046163,Medium
C101717,0.92461544,High
C101718,0.0016444643,Low
C101719,0.9902395,High
C101720,0.10130535,Low
C101721,0.0465738,Low
C101722,0.93797827,High
C101723,0.80616,High
C101724,0.07161352,Low
C101725,0.334784,Medium
C101726,0.01173493,Low
C101727,0.26979062,Low
C101728,0.6071448,High
C101729,0.00073037425,Low
C101730,0.53975946,Medium
C101731,0.9631777,High
C101732,0.0027657314,Low
C101733,0.22496496,Low
C101734,0.70528084,High
C101735,0.9540964,High
C101736,0.17621654,Low
C101737,0.03138916,Low
C101738,0.9532934,High
C101739,0.00091666344,Low
C101740,0.24671163,Low
C101741,0.883783,High
C101742,0.07129957,Low
C101743,0.9520536,High
C101744,0.8872799,High
C101745,0.094322965,Low
C101746,0.79925305,High
C101747,0.026086796,Low
C101748,0.85152245,High
C101749,0.4553335,Medium
C101750,0.21376182,Low
C101751,0.24615477,Low
C101752,0.33374596,Medium
C101753,0.9475192,High
C101754,0.002299571,Low
C101755,0.9673707,High
C101756,0.00086200057,Low
C101757,0.091391645,Low
C101758,0.90750396,High
C101759,0.641342,High
C101760,0.09195557,Low
C101761,0.00077916635,Low
C101762,0.1480943,Low
C101763,0.002078091,Low
C101764,0.0023116309,Low
C101765,0.9132789,High
C101766,0.651532,High
C101767,0.013405476,Low
C101768,0.94507736,High
C101769,0.14555107,Low
C101770,0.6621099,High
C101771,0.9472229,High
C101772,0.10194346,Low
C101773,0.12734091,Low
C101774,0.026203252,Low
C101775,0.3405148,Medium
C101776,0.5907404,Medium
C101777,0.76218665,High
C101778,0.025105832,Low
C101779,0.0009806859,Low
C101780,0.89382,High
C101781,0.05514094,Low
C101783,0.84655124,High
C101784,0.0014977262,Low
C101785,0.32135588,Medium
C101786,0.0006655044,Low
C101787,0.00067044,Low
C101788,0.07806758,Low
C101790,0.8966315,High
C101791,0.5690697,Medium
C101792,0.0005344684,Low
C101793,0.0024979883,Low
C101794,0.9882734,High
C101795,0.8876599,High
C101796,0.27892253,Low
C101797,0.17074597,Low
C101798,0.78271455,High
C101799,0.55043095,Medium
C101800,0.074380785,Low
C101801,0.42179847,Medium
C101802,0.5749441,Medium
C101803,0.63917357,High
C101804,0.80203974,High
C101806,0.79205143,High
C101807,0.8282988,High
C101808,0.68394107,High
C101809,0.20461716,Low
C101810,0.9660405,High
C101813,0.94644684,High
C101814,0.050880544,Low
C101815,0.14270464,Low
C101816,0.5995441,Medium
C101817,0.66582096,High
C101818,0.60703444,High
C101819,0.12793405,Low
C101820,0.68474823,High
C101821,0.0014437538,Low
C101822,0.7582325,High
C101823,0.96839696,High
C101825,0.9796872,High
C101826,0.42574316,Medium
C101827,0.124583,Low
C101828,0.9397576,High
C101829,0.12854685,Low
C101830,0.010471354,Low
C101831,0.9833313,High
C101832,0.7573459,High
C101833,0.98045325,High
C101834,0.73747,High
C101835,0.6326665,High
C101836,0.0011035627,Low
C101837,0.20502794,Low
C101838,0.99119663,High
C101839,0.35263184,Medium
C101840,0.6641694,High
C101841,0.45308438,Medium
C101842,0.40535972,Medium
C101843,0.0006195499,Low
C101844,0.037298307,Low
C101845,0.8928835,High
C101846,0.90453833,High
C101847,0.0010790044,Low
C101849,0.0008723584,Low
C101850,0.32553604,Medium
C101851,0.00027483015,Low
C101852,0.9753039,High
C101853,0.0007677254,Low
C101854,0.088674895,Low
C101855,0.69128215,High
C101856,0.9094085,High
C101857,0.65255594,High
C101859,0.7475233,High
C101860,0.009245745,Low
C101861,0.0033318202,Low
C101862,0.8199676,High
C101863,0.042535737,Low
C101864,0.8981913,High
C101865,0.92221856,High
C101866,0.90951335,High
C101867,0.00091747433,Low
C101869,0.9607384,High
C101870,0.19781373,Low
C101871,0.01936944,Low
C101872,0.62951887,High
C101873,0.0025730869,Low
C101874,0.7274682,High
C101875,0.0090306,Low
C101876,0.00089812675,Low
C101877,0.44228867,Medium
C101878,0.001622672,Low
C101879,0.7190214,High
C101881,0.1409557,Low
C101882,0.0012970016,Low
C101883,0.33051342,Medium
C101884,0.98399377,High
C101885,0.010398614,Low
C101887,0.88792825,High
C101888,0.6620646,High
C101889,0.19153535,Low
C101890,0.18447287,Low
C101891,0.025898676,Low
C101892,0.005101834,Low
C101893,0.06921772,Low
C101894,0.4862324,Medium
C101895,0.0038114765,Low
C101897,0.04471244,Low
C101898,0.5513892,Medium
C101899,0.0015466978,Low
C101900,0.286945,Low
C101901,0.0004257618,Low
C101902,0.19311474,Low
C101903,0.002598182,Low
C101904,0.7929777,High
C101905,0.8045456,High
C101906,0.5720153,Medium
C101907,0.027002398,Low
C101908,0.98512113,High
C101909,0.5466568,Medium
C101910,0.88974684,High
C101911,0.7053822,High
C101912,0.8768601,High
C101913,0.4141563,Medium
C101914,0.12301054,Low
C101915,0.9944383,High
C101916,0.50243616,Medium
C101917,0.2686217,Low
C101918,0.1233012,Low
C101919,0.0037085158,Low
C101920,0.037069682,Low
C101921,0.7111734,High
C101923,0.18118253,Low
C101924,0.14491205,Low
C101925,0.56151575,Medium
C101926,0.0008623,Low
C101927,0.013330102,Low
C101928,0.03492096,Low
C101929,0.9728387,High
C101930,0.8161673,High
C101931,0.31204304,Medium
C101932,0.68323934,High
C101933,0.52813923,Medium
C101934,0.07841506,Low
C101935,0.35159987,Medium
C101936,0.0022590796,Low
C101938,0.6244338,High
C101940,0.0068266923,Low
C101941,0.20725639,Low
C101942,0.580372,Medium
C101943,0.15344779,Low
C101944,0.060405087,Low
C101945,0.12180371,Low
C101947,0.11166784,Low
C101948,0.83712494,High
C101949,0.0394499,Low
C101950,0.0006985452,Low
C101951,0.2279415,Low
C101952,0.9585254,High
C101953,0.3870896,Medium
C101954,0.0004792036,Low
C101955,0.10002585,Low
C101956,0.0009683587,Low
C101957,0.37174332,Medium
C101958,0.8917728,High
C101960,0.034243267,Low
C101961,0.66452336,High
C101962,0.6035669,High
C101963,0.0006567183,Low
C101964,0.09031873,Low
C101965,0.5070991,Medium
C101966,0.9175131,High
C101967,0.9381562,High
C101968,0.9301194,High
C101969,0.119755246,Low
C101970,0.12457159,Low
C101971,0.17531325,Low
C101972,0.00043716765,Low
C101973,0.015642967,Low
C101974,0.0006757984,Low
C101975,0.07640605,Low
C101976,0.01630244,Low
C101977,0.5852387,Medium
C101978,0.0007963455,Low
C101979,0.76093686,High
C101980,0.9676339,High
C101981,0.010320435,Low
C101982,0.26176554,Low
C101983,0.13188404,Low
C101984,0.007388529,Low
C101985,0.0007547753,Low
C101986,0.02143107,Low
C101987,0.0018321616,Low
C101988,0.7573989,High
C101989,0.99056983,High
C101990,0.899117,High
C101991,0.7987589,High
C101992,0.21736263,Low
C101993,0.9010825,High
C101994,0.0013548912,Low
C101995,0.35062572,Medium
C101996,0.80018276,High
C101997,0.0028513668,Low
C101998,0.004259197,Low
C101999,0.008799918,Low
C102001,0.7946396,High
C102002,0.2830487,Low
C102003,0.63450253,High
C102004,0.5679002,Medium
C102005,0.01844844,Low
C102006,0.90742373,High
C102007,0.0897037,Low
C102008,0.8786696,High
C102009,0.96000135,High
C102010,0.0010046771,Low
C102011,0.98785317,High
C102012,0.7799933,High
C102013,0.3922259,Medium
C102014,0.02186143,Low
C102015,0.0012954564,Low
C102016,0.0012147983,Low
C102017,0.06793098,Low
C102018,0.93285197,High
C102020,0.93189865,High
C102021,0.0019731477,Low
C102022,0.0044010216,Low
C102023,0.78238934,High
C102025,0.025771152,Low
C102026,0.014214465,Low
C102027,0.08061779,Low
C102028,0.92467904,High
C102029,0.31240833,Medium
C102030,0.98172337,High
C102031,0.66965336,High
C102032,0.7567704,High
C102033,0.027624052,Low
C102034,0.9718005,High
C102035,0.86792994,High
C102036,0.90514636,High
C102038,0.94381344,High
C102040,0.78510314,High
C102041,0.0012499487,Low
C102042,0.8945896,High
C102043,0.40583348,Medium
C102044,0.11424195,Low
C102045,0.38256833,Medium
C102046,0.7549042,High
C102047,0.11367173,Low
C102048,0.6081392,High
C102049,0.013758468,Low
C102050,0.0010783842,Low
C102051,0.1945791,Low
C102052,0.7073702,High
C102053,0.0019949735,Low
C102054,0.048769254,Low
C102055,0.11680794,Low
C102056,0.9019448,High
C102057,0.9368487,High
C102058,0.49772704,Medium
C102059,0.0013425709,Low
C102060,0.06954728,Low
C102061,0.96946836,High
C102062,0.0060463557,Low
C102063,0.00065069925,Low
C102064,0.86943173,High
C102065,0.44111758,Medium
C102066,0.27507135,Low
C102067,0.6745401,High
C102068,0.42083633,Medium
C102069,0.0008542483,Low
C102070,0.46942502,Medium
C102071,0.09613592,Low
C102073,0.9762512,High
C102074,0.96395683,High
C102076,0.02335058,Low
C102077,0.19876735,Low
C102078,0.59715503,Medium
C102079,0.00049277314,Low
C102080,0.0030132327,Low
C102081,0.0014120155,Low
C102082,0.5868718,Medium
C102084,0.9379824,High
C102085,0.98095727,High
C102086,0.0008840232,Low
C102087,0.10205467,Low
C102088,0.99382704,High
C102089,0.0013892547,Low
C102090,0.0033702417,Low
C102091,0.001986472,Low
C102092,0.954192,High
C102094,0.8461814,High
C102095,0.005071005,Low
C102096,0.4563128,Medium
C102097,0.07049297,Low
C102098,0.8327981,High
C102099,0.0009898796,Low
C102100,0.15176395,Low
C102101,0.1083052,Low
C102102,0.45631537,Medium
C102103,0.0010439114,Low
C102104,0.71600956,High
C102105,0.4984126,Medium
C102107,0.043500744,Low
C102108,0.28539875,Low
C102110,0.0011297141,Low
C102111,0.88854146,High
C102112,0.6666657,High
C102113,0.36706448,Medium
C102114,0.6199971,High
C102115,0.0005426666,Low
C102116,0.40754616,Medium
C102117,0.04176117,Low
C102118,0.0012177089,Low
C102119,0.42294234,Medium
C102120,0.0012206115,Low
C102121,0.42600697,Medium
C102122,0.9639741,High
C102123,0.16705464,Low
C102124,0.77932143,High
C102125,0.5761077,Medium
C102126,0.8108833,High
C102127,0.027239742,Low
C102128,0.63162273,High
C102129,0.22232442,Low
C102130,0.5884548,Medium
C102131,0.08116824,Low
C102132,0.0056654685,Low
C102133,0.57462215,Medium
C102134,0.98539114,High
C102135,0.9836596,High
C102136,0.18910019,Low
C102137,0.95652854,High
C102138,0.41708738,Medium
C102139,0.95898193,High
C102140,0.9345658,High
C102142,0.0015524279,Low
C102143,0.8369857,High
C102144,0.55020434,Medium
C102145,0.23314548,Low
C102146,0.7684029,High
C102147,0.57861346,Medium
C102148,0.38278311,Medium
C102150,0.84030485,High
C102151,0.89982766,High
C102152,0.006312007,Low
C102153,0.5445801,Medium
C102154,0.88171774,High
C102155,0.0054739397,Low
C102156,0.46427545,Medium
C102157,0.4317048,Medium
C102158,0.31327975,Medium
C102159,0.9702543,High
C102160,0.9158214,High
C102161,0.0023416001,Low
C102162,0.029924039,Low
C102163,0.50185007,Medium
C102164,0.9799178,High
C102165,0.5407236,Medium
C102166,0.65288174,High
C102167,0.052797984,Low
C102168,0.6804319,High
C102169,0.97434026,High
C102170,0.6913139,High
C102171,0.7196405,High
C102172,0.19679148,Low
C102173,0.009570507,Low
C102174,0.626011,High
C102175,0.82081234,High
C102176,0.80930847,High
C102177,0.37226576,Medium
C102178,0.9841595,High
C102179,0.97354865,High
C102180,0.8986009,High
C102181,0.95418817,High
C102182,0.8755293,High
C102183,0.0007588989,Low
C102184,0.0016018694,Low
C102185,0.2537524,Low
C102186,0.53027785,Medium
C102187,0.33313033,Medium
C102188,0.5289066,Medium
C102189,0.25610048,Low
C102190,0.91965145,High
C102191,0.0014443706,Low
C102192,0.005005333,Low
C102193,0.034722414,Low
C102194,0.4534383,Medium
C102195,0.008516129,Low
C102196,0.90471596,High
C102197,0.21752883,Low
C102198,0.6610735,High
C102199,0.44006228,Medium
C102200,0.78994733,High
C102201,0.2383629,Low
C102202,0.956732,High
C102203,0.10188989,Low
C102204,0.123271056,Low
C102205,0.047336016,Low
C102206,0.64432484,High
C102207,0.32805234,Medium
C102208,0.34040034,Medium
C102209,0.0007578969,Low
C102210,0.56182665,Medium
C102211,0.41061586,Medium
C102212,0.13004413,Low
C102213,0.68060756,High
C102214,0.41316792,Medium
C102215,0.777088,High
C102216,0.0308883,Low
C102217,0.82067025,High
C102218,0.1493422,Low
C102219,0.64949423,High
C102220,0.22046587,Low
C102221,0.80293864,High
C102222,0.19845074,Low
C102223,0.08133169,Low
C102224,0.1315591,Low
C102226,0.0012792015,Low
C102227,0.7871458,High
C102228,0.24824405,Low
C102229,0.6713505,High
C102230,0.34307286,Medium
C102231,0.85272473,High
C102233,0.0033635963,Low
C102234,0.0022036615,Low
C102235,0.008900513,Low
C102236,0.9482949,High
C102237,0.98840594,High
C102238,0.79039854,High
C102239,0.3051187,Medium
C102240,0.7529495,High
C102241,0.8763391,High
C102242,0.8992004,High
C102244,0.9639261,High
C102245,0.75698537,High
C102246,0.93977445,High
C102247,0.3086547,Medium
C102248,0.012382292,Low
C102249,0.905867,High
C102250,0.0021064437,Low
C102251,0.68536144,High
C102252,0.7716496,High
C102253,0.41850564,Medium
C102254,0.056727484,Low
C102255,0.34498549,Medium
C102256,0.26573345,Low
C102257,0.047333878,Low
C102258,0.11391981,Low
C102259,0.00053009833,Low
C102260,0.0016670664,Low
C102261,0.0033472816,Low
C102262,0.5953797,Medium
C102263,0.6309989,High
C102264,0.0027148938,Low
C102265,0.015380175,Low
C102266,0.219147,Low
C102267,0.94254756,High
C102268,0.6706388,High
C102269,0.71153736,High
C102270,0.05551885,Low
C102271,0.0034554931,Low
C102272,0.11542772,Low
C102274,0.23826507,Low
C102275,0.89680815,High
C102276,0.4459385,Medium
C102277,0.00059217185,Low
C102278,0.46467096,Medium
C102279,0.20395038,Low
C102280,0.00239098,Low
C102281,0.7930089,High
C102282,0.00073059805,Low
C102283,0.4899026,Medium
C102284,0.009795686,Low
C102285,0.6853051,High
C102286,0.011703908,Low
C102287,0.26508552,Low
C102288,0.0068550524,Low
C102289,0.01754285,Low
C102290,0.79062337,High
C102291,0.7969894,High
C102292,0.6176419,High
C102293,0.9162101,High
C102294,0.9763581,High
C102295,0.444489,Medium
C102296,0.90335685,High
C102297,0.83493376,High
C102298,0.9830276,High
C102299,0.050378617,Low
C102300,0.0063539837,Low
C102301,0.6116888,High
C102302,0.8403063,High
C102303,0.042325802,Low
C102304,0.002010258,Low
C102306,0.05161876,Low
C102307,0.9427703,High
C102308,0.0040595843,Low
C102309,0.8061802,High
C102310,0.0014699957,Low
C102311,0.97867125,High
C102312,0.6565906,High
C102313,0.33260933,Medium
C102314,0.036860857,Low
C102315,0.058698986,Low
C102316,0.098483905,Low
C102317,0.4561531,Medium
C102318,0.79607743,High
C102319,0.82142204,High
C102320,0.074879184,Low
C102321,0.94332975,High
C102322,0.64628434,High
C102323,0.3723078,Medium
C102324,0.082921304,Low
C102325,0.0065605254,Low
C102326,0.2916287,Low
C102327,0.5320779,Medium
C102328,0.6077787,High
C102329,0.85569334,High
C102330,0.93889385,High
C102331,0.29298607,Low
C102332,0.6731435,High
C102333,0.8277051,High
C102334,0.6985684,High
C102335,0.08611006,Low
C102336,0.2908906,Low
C102337,0.0016273492,Low
C102338,0.0011780289,Low
C102339,0.7428801,High
C102340,0.9586784,High
C102341,0.82963085,High
C102342,0.9774774,High
C102343,0.24256265,Low
C102344,0.0012368272,Low
C102345,0.0006562471,Low
C102346,0.00071786693,Low
C102347,0.1341581,Low
C102348,0.80336744,High
C102349,0.9269119,High
C102350,0.36208436,Medium
C102351,0.006763684,Low
C102352,0.0009516186,Low
C102353,0.90950733,High
C102354,0.9383437,High
C102355,0.0007368673,Low
C102356,0.9634124,High
C102357,0.00048209942,Low
C102358,0.21743104,Low
C102359,0.00045701678,Low
C102360,0.9666654,High
C102361,0.49157026,Medium
C102362,0.015746951,Low
C102363,0.0014117789,Low
C102364,0.33558825,Medium
C102365,0.82383674,High
C102366,0.025361774,Low
C102367,0.97672266,High
C102368,0.9735989,High
C102369,0.0010259134,Low
C102370,0.15896362,Low
C102371,0.61896735,High
C102372,0.9887432,High
C102373,0.96339315,High
C102374,0.0009982977,Low
C102375,0.0005964382,Low
C102376,0.1190193,Low
C102377,0.0019865828,Low
C102378,0.021867229,Low
C102379,0.62567425,High
C102380,0.0010623469,Low
C102381,0.85438573,High
C102382,0.981121,High
C102383,0.08749502,Low
C102384,0.20040652,Low
C102385,0.80493444,High
C102386,0.5557077,Medium
C102387,0.44782305,Medium
C102388,0.8296335,High
C102389,0.61236864,High
C102390,0.53450525,Medium
C102392,0.15911767,Low
C102393,0.42447373,Medium
C102394,0.017109405,Low
C102395,0.36794484,Medium
C102396,0.15300347,Low
C102397,0.13244978,Low
C102398,0.0065109255,Low
C102399,0.25040254,Low
C102400,0.0016137618,Low
C102401,0.0024831365,Low
C102402,0.008673251,Low
C102403,0.00041284456,Low
C102404,0.5680595,Medium
C102405,0.9160235,High
C102406,0.6362874,High
C102407,0.12716027,Low
C102408,0.92876345,High
C102409,0.0017160729,Low
C102410,0.000634026,Low
C102411,0.76803124,High
C102412,0.6932209,High
C102413,0.6566782,High
C102414,0.7343047,High
C102415,0.052723996,Low
C102416,0.49561518,Medium
C102417,0.2137274,Low
C102419,0.040842652,Low
C102420,0.479891,Medium
C102421,0.86273295,High
C102422,0.79904914,High
C102423,0.7411033,High
C102424,0.78394645,High
C102425,0.14956447,Low
C102426,0.45514688,Medium
C102428,0.3395129,Medium
C102429,0.00826976,Low
C102430,0.00035422287,Low
C102431,0.343894,Medium
C102432,0.93560475,High
C102433,0.9679176,High
C102434,0.04341323,Low
C102435,0.7156572,High
C102436,0.0016755458,Low
C102437,0.9422292,High
C102438,0.0039450903,Low
C102439,0.7577902,High
C102440,0.034560505,Low
C102441,0.04229732,Low
C102442,0.9193832,High
C102443,0.004322748,Low
C102445,0.07454687,Low
C102446,0.88796234,High
C102447,0.00083245727,Low
C102448,0.0009883139,Low
C102449,0.64524984,High
C102450,0.47958833,Medium
C102451,0.7922809,High
C102452,0.124410115,Low
C102453,0.5333491,Medium
C102454,0.0010162867,Low
C102455,0.14072257,Low
C102456,0.058789324,Low
C102457,0.8495453,High
C102458,0.0011431669,Low
C102459,0.008278512,Low
C102460,0.0017220646,Low
C102461,0.011037327,Low
C102462,0.0013326057,Low
C102463,0.9140505,High
C102464,0.674217,High
C102465,0.8483126,High
C102466,0.19372821,Low
C102467,0.5771139,Medium
C102469,0.025154626,Low
C102470,0.27086318,Low
C102471,0.27954352,Low
C102472,0.8857363,High
C102473,0.817386,High
C102474,0.7688873,High
C102475,0.042635452,Low
C102477,0.24372129,Low
C102478,0.70202476,High
C102479,0.07386296,Low
C102481,0.6765098,High
C102482,0.92812455,High
C102484,0.003695173,Low
C102485,0.0070959684,Low
C102486,0.88964945,High
C102487,0.021737467,Low
C102489,0.08355994,Low
C102490,0.51783866,Medium
C102491,0.9618065,High
C102492,0.20152326,Low
C102493,0.024017714,Low
C102494,0.8849434,High
C102495,0.01156778,Low
C102496,0.32781628,Medium
C102497,0.5194221,Medium
C102498,0.10517725,Low
C102499,0.25689408,Low
C102500,0.05392608,Low
C102501,0.0017212318,Low
C102502,0.80996984,High
C102503,0.99116474,High
C102504,0.00097104494,Low
C102505,0.022916362,Low
C102506,0.7955089,High
C102508,0.741396,High
C102509,0.00082698464,Low
C102510,0.9485854,High
C102511,0.9739304,High
C102512,0.125214,Low
C102513,0.33882517,Medium
C102514,0.26483753,Low
C102515,0.22610179,Low
C102516,0.8444222,High
C102517,0.8277237,High
C102518,0.9198245,High
C102519,0.23746094,Low
C102520,0.8555247,High
C102521,0.58624744,Medium
C102522,0.94542336,High
C102523,0.0009623647,Low
C102524,0.38347185,Medium
C102525,0.89742005,High
C102526,0.0009961866,Low
C102527,0.8425459,High
C102528,0.44843376,Medium
C102529,0.0006967726,Low
C102530,0.0011932947,Low
C102531,0.9236978,High
C102532,0.187471,Low
C102533,0.14160067,Low
C102534,0.003180533,Low
C102535,0.22725944,Low
C102536,0.13492996,Low
C102537,0.3618436,Medium
C102538,0.3816137,Medium
C102540,0.00082560437,Low
C102541,0.5895339,Medium
C102542,0.29915148,Low
C102543,0.0029057015,Low
C102544,0.9246974,High
C102545,0.058696758,Low
C102546,0.0034505152,Low
C102547,0.04183807,Low
C102549,0.041816227,Low
C102550,0.70235014,High
C102551,0.43312916,Medium
C102553,0.988713,High
C102554,0.9761987,High
C102555,0.59285617,Medium
C102556,0.0082079815,Low
C102557,0.62295455,High
C102558,0.48755708,Medium
C102559,0.871093,High
C102560,0.00082347903,Low
C102561,0.9598321,High
C102562,0.0679678,Low
C102563,0.9872874,High
C102564,0.955198,High
C102565,0.6130788,High
C102566,0.4479987,Medium
C102567,0.058429837,Low
C102568,0.0019067962,Low
C102569,0.48390776,Medium
C102570,0.04872241,Low
C102571,0.843758,High
C102572,0.87055457,High
C102573,0.9126917,High
C102574,0.5788924,Medium
C102575,0.8826814,High
C102576,0.0005909768,Low
C102577,0.5567169,Medium
C102578,0.8208617,High
C102579,0.061873592,Low
C102580,0.25873452,Low
C102581,0.97772866,High
C102582,0.040819176,Low
C102583,0.7388621,High
C102584,0.7918342,High
C102585,0.266665,Low
C102586,0.42683834,Medium
C102587,0.67037576,High
C102588,0.961804,High
C102589,0.10328192,Low
C102590,0.21789719,Low
C102591,0.9910116,High
C102592,0.09020705,Low
C102593,0.5111316,Medium
C102594,0.9189101,High
C102595,0.21317302,Low
C102596,0.8513228,High
C102597,0.87014574,High
C102598,0.8282207,High
C102599,0.62364185,High
C102600,0.13916682,Low
C102601,0.15089874,Low
C102602,0.9240912,High
C102603,0.14594518,Low
C102604,0.83222306,High
C102605,0.8339792,High
C102606,0.60009116,High
C102607,0.1919374,Low
C102608,0.4164028,Medium
C102609,0.013631121,Low
C102610,0.0031480226,Low
C102611,0.015368847,Low
C102612,0.6701079,High
C102613,0.10967593,Low
C102614,0.5189662,Medium
C102615,0.10754919,Low
C102616,0.00072086276,Low
C102617,0.8098272,High
C102618,0.7684212,High
C102619,0.28956714,Low
C102620,0.92516196,High
C102621,0.15766206,Low
C102622,0.9643886,High
C102623,0.13284817,Low
C102625,0.5157543,Medium
C102626,0.45316505,Medium
C102627,0.47799018,Medium
C102628,0.035198107,Low
C102629,0.94063497,High
C102631,0.58021873,Medium
C102632,0.9802725,High
C102633,0.0037664657,Low
C102634,0.9313714,High
C102635,0.030942647,Low
C102636,0.8917388,High
C102637,0.0056302994,Low
C102638,0.98258245,High
C102639,0.00093253294,Low
C102641,0.20675851,Low
C102642,0.98259777,High
C102643,0.72219795,High
C102644,0.012866049,Low
C102645,0.37711546,Medium
C102646,0.0032447204,Low
C102647,0.69832134,High
C102648,0.7224724,High
C102649,0.3356499,Medium
C102650,0.18763345,Low
C102651,0.49794272,Medium
C102653,0.62643176,High
C102654,0.39299512,Medium
C102655,0.72882026,High
C102656,0.07282097,Low
C102657,0.15171398,Low
C102658,0.9422676,High
C102659,0.26420072,Low
C102660,0.97353935,High
C102661,0.0006204933,Low
C102662,0.58187455,Medium
C102663,0.0005716869,Low
C102664,0.8837732,High
C102665,0.0022632903,Low
C102666,0.053117063,Low
C102668,0.0017976023,Low
C102669,0.48348963,Medium
C102670,0.0058376663,Low
C102671,0.48515025,Medium
C102672,0.78485894,High
C102674,0.8529774,High
C102675,0.057100885,Low
C102676,0.13996932,Low
C102677,0.95314956,High
C102678,0.0076673618,Low
C102679,0.7236467,High
C102680,0.87738997,High
C102682,0.0005793298,Low
C102683,0.7675977,High
C102684,0.8907411,High
C102685,0.001943951,Low
C102686,0.20676228,Low
C102687,0.137172,Low
C102688,0.8832033,High
C102689,0.94074667,High
C102690,0.3100119,Medium
C102691,0.2214509,Low
C102692,0.78609383,High
C102693,0.4463614,Medium
C102694,0.020224934,Low
C102696,0.09128479,Low
C102697,0.57391644,Medium
C102698,0.64687026,High
C102699,0.8316149,High
C102700,0.00069447025,Low
C102701,0.0011576854,Low
C102702,0.5721502,Medium
C102703,0.27784428,Low
C102704,0.33434725,Medium
C102705,0.46176198,Medium
C102706,0.08879405,Low
C102707,0.76511854,High
C102708,0.21451348,Low
C102709,0.83646333,High
C102710,0.10153303,Low
C102711,0.9367951,High
C102712,0.0061703897,Low
C102713,0.18996769,Low
C102714,0.09897594,Low
C102715,0.35276833,Medium
C102716,0.30150875,Medium
C102717,0.792184,High
C102718,0.09732846,Low
C102719,0.4747322,Medium
C102720,0.5864517,Medium
C102721,0.0009924726,Low
C102722,0.0006929032,Low
C102723,0.7611318,High
C102724,0.35466528,Medium
C102725,0.075898536,Low
C102726,0.48238474,Medium
C102727,0.0011836924,Low
C102728,0.12236685,Low
C102729,0.91227645,High
C102730,0.759923,High
C102731,0.07658924,Low
C102732,0.33373445,Medium
C102733,0.66374767,High
C102734,0.025334172,Low
C102735,0.0013205997,Low
C102736,0.002246715,Low
C102737,0.8286493,High
C102738,0.042534843,Low
C102739,0.0057788133,Low
C102740,0.7311445,High
C102741,0.13288106,Low
C102742,0.7014738,High
C102743,0.09728283,Low
C102744,0.0013416576,Low
C102745,0.9378157,High
C102746,0.887273,High
C102747,0.00064952084,Low
C102748,0.6182455,High
C102749,0.22204876,Low
C102750,0.35716665,Medium
C102751,0.00060290523,Low
C102752,0.62494665,High
C102753,0.000519467,Low
C102754,0.6833931,High
C102755,0.9425825,High
C102756,0.20129198,Low
C102758,0.88728404,High
C102759,0.12963101,Low
C102760,0.9135127,High
C102761,0.054196052,Low
C102762,0.5647425,Medium
C102763,0.24682796,Low
C102764,0.098001085,Low
C102765,0.39395717,Medium
C102766,0.93655115,High
C102767,0.012267572,Low
C102768,0.95434135,High
C102769,0.9117434,High
C102770,0.78650904,High
C102771,0.0025627082,Low
C102772,0.96956706,High
C102773,0.88725096,High
C102774,0.9812339,High
C102775,0.14048193,Low
C102776,0.22509117,Low
C102777,0.6350487,High
C102778,0.90993834,High
C102779,0.0060962937,Low
C102781,0.8912813,High
C102782,0.2811352,Low
C102783,0.86367923,High
C102784,0.8659304,High
C102786,0.84406245,High
C102787,0.0063207583,Low
C102788,0.26312327,Low
C102789,0.43740806,Medium
C102790,0.87886757,High
C102791,0.8440525,High
C102792,0.002069879,Low
C102793,0.55885136,Medium
C102794,0.0018456666,Low
C102795,0.8589964,High
C102796,0.9383051,High
C102797,0.0014866189,Low
C102798,0.0006559226,Low
C102799,0.81946194,High
C102800,0.64375234,High
C102801,0.88752985,High
C102802,0.9708355,High
C102804,0.1914861,Low
C102805,0.65888846,High
C102806,0.012145488,Low
C102807,0.0010841995,Low
C102808,0.0016694377,Low
C102809,0.1182695,Low
C102810,0.10500729,Low
C102811,0.000954708,Low
C102812,0.77661365,High
C102813,0.0928789,Low
C102814,0.48564994,Medium
C102815,0.03294684,Low
C102816,0.007967756,Low
C102817,0.052789994,Low
C102818,0.9623593,High
C102819,0.09632517,Low
C102820,0.9775752,High
C102821,0.23543935,Low
C102822,0.46825966,Medium
C102823,0.7542411,High
C102824,0.0011660457,Low
C102825,0.9055588,High
C102826,0.0011824995,Low
C102827,0.19856817,Low
C102828,0.0005731477,Low
C102829,0.9391157,High
C102830,0.98886275,High
C102831,0.33162746,Medium
C102832,0.54940045,Medium
C102833,0.0017657393,Low
C102834,0.54350394,Medium
C102835,0.8428042,High
C102836,0.1282178,Low
C102837,0.9366496,High
C102838,0.63923025,High
C102839,0.0014853892,Low
C102840,0.336897,Medium
C102841,0.17045736,Low
C102842,0.17025016,Low
C102843,0.93980384,High
C102844,0.43358648,Medium
C102845,0.2248566,Low
C102846,0.095605694,Low
C102847,0.011864503,Low
C102848,0.32838115,Medium
C102849,0.23633511,Low
C102850,0.024087308,Low
C102851,0.24600832,Low
C102852,0.9372601,High
C102853,0.9426201,High
C102854,0.75774854,High
C102855,0.92250234,High
C102856,0.7741336,High
C102857,0.19232614,Low
C102858,0.0019821215,Low
C102859,0.07901023,Low
C102860,0.7992845,High
C102861,0.03779739,Low
C102863,0.8507602,High
C102864,0.61671174,High
C102865,0.9803783,High
C102866,0.67383146,High
C102867,0.7986412,High
C102868,0.005791086,Low
C102869,0.7754896,High
C102870,0.0006784678,Low
C102871,0.32917687,Medium
C102872,0.9884694,High
C102873,0.875081,High
C102874,0.39672384,Medium
C102875,0.92584044,High
C102876,0.90544975,High
C102877,0.75264156,High
C102878,0.5561195,Medium
C102879,0.74919575,High
C102880,0.0005679552,Low
C102881,0.66958845,High
C102882,0.62002087,High
C102883,0.004080573,Low
C102884,0.6166027,High
C102885,0.0009075211,Low
C102886,0.0023853364,Low
C102887,0.96302176,High
C102888,0.9745848,High
C102889,0.9878775,High
C102891,0.0010332391,Low
C102892,0.8666341,High
C102893,0.8562129,High
C102894,0.040450193,Low
C102895,0.022118941,Low
C102896,0.001825022,Low
C102897,0.0014111485,Low
C102898,0.097113535,Low
C102899,0.0135553125,Low
C102900,0.7141369,High
C102901,0.81660473,High
C102902,0.41181648,Medium
C102903,0.8465077,High
C102905,0.8143418,High
C102906,0.76803225,High
C102907,0.66731036,High
C102908,0.047531992,Low
C102909,0.7356522,High
C102910,0.18905427,Low
C102911,0.0631043,Low
C102912,0.1092579,Low
C102913,0.7443499,High
C102915,0.2286108,Low
C102916,0.023356713,Low
C102917,0.15831016,Low
C102919,0.74836385,High
C102920,0.14899187,Low
C102921,0.8264715,High
C102922,0.8547956,High
C102923,0.64924276,High
C102924,0.116666436,Low
C102925,0.70514834,High
C102926,0.43536898,Medium
C102927,0.24309789,Low
C102928,0.51170766,Medium
C102929,0.2456266,Low
C102930,0.5868621,Medium
C102931,0.9403413,High
C102934,0.6098833,High
C102935,0.13734616,Low
C102936,0.0016161174,Low
C102937,0.8786821,High
C102938,0.97539335,High
C102939,0.00524563,Low
C102940,0.9861247,High
C102941,0.91787213,High
C102942,0.23557031,Low
C102943,0.7866741,High
C102944,0.4209737,Medium
C102945,0.515127,Medium
C102946,0.9393075,High
C102947,0.0039939624,Low
C102948,0.757817,High
C102949,0.4070085,Medium
C102950,0.0006599425,Low
C102951,0.0012808315,Low
C102952,0.07478749,Low
C102953,0.9320391,High
C102955,0.0008278783,Low
C102956,0.00077406917,Low
C102957,0.042154696,Low
C102959,0.96095395,High
C102960,0.0038398434,Low
C102961,0.0057502734,Low
C102962,0.53829235,Medium
C102963,0.94986796,High
C102964,0.40130973,Medium
C102965,0.68002814,High
C102966,0.0010583446,Low
C102967,0.22989756,Low
C102968,0.8775375,High
C102969,0.500265,Medium
C102970,0.7672163,High
C102971,0.9044197,High
C102972,0.6935142,High
C102973,0.19858505,Low
C102974,0.16440526,Low
C102975,0.51384306,Medium
C102976,0.7432377,High
C102977,0.0052485866,Low
C102978,0.74375653,High
C102979,0.3001685,Medium
C102980,0.9656465,High
C102982,0.04446182,Low
C102983,0.11096548,Low
C102984,0.0048279343,Low
C102985,0.8884995,High
C102986,0.9243851,High
C102987,0.0008933949,Low
C102988,0.34514704,Medium
C102989,0.00045357228,Low
C102990,0.0005033027,Low
C102991,0.8758055,High
C102992,0.0038319502,Low
C102994,0.04191749,Low
C102996,0.01149172,Low
C102997,0.84540117,High
C102998,0.002273773,Low
C102999,0.0013906731,Low
C103000,0.015912782,Low
C103001,0.10046196,Low
C103002,0.00058508833,Low
C103003,0.5747653,Medium
C103004,0.91533935,High
C103005,0.7159642,High
C103006,0.80371773,High
C103007,0.34083572,Medium
C103008,0.2378896,Low
C103009,0.5208701,Medium
C103010,0.35702488,Medium
C103011,0.015141227,Low
C103012,0.4188153,Medium
C103013,0.09937348,Low
C103014,0.0008866894,Low
C103016,0.9704479,High
C103018,0.13503218,Low
C103019,0.062279217,Low
C103020,0.122081324,Low
C103021,0.71086687,High
C103023,0.47446018,Medium
C103024,0.89764255,High
C103025,0.0016479425,Low
C103026,0.7401793,High
C103027,0.8372256,High
C103028,0.0014502053,Low
C103029,0.032065537,Low
C103030,0.7621683,High
C103031,0.12478846,Low
C103032,0.05036034,Low
C103033,0.00095489365,Low
C103034,0.16390188,Low
C103035,0.827072,High
C103036,0.32525235,Medium
C103037,0.35415575,Medium
C103038,0.0010165389,Low
C103039,0.006781666,Low
C103040,0.26417378,Low
C103041,0.9750265,High
C103042,0.76521784,High
C103043,0.000569149,Low
C103044,0.0045870002,Low
C103045,0.8729484,High
C103046,0.80257386,High
C103047,0.7213394,High
C103049,0.9312101,High
C103050,0.93483824,High
C103051,0.9044094,High
C103052,0.01665971,Low
C103053,0.6030206,High
C103055,0.9250948,High
C103056,0.004543667,Low
C103057,0.0015554271,Low
C103059,0.0009643625,Low
C103060,0.9539477,High
C103061,0.3014814,Medium
C103062,0.971066,High
C103063,0.6500543,High
C103064,0.24896799,Low
C103065,0.046761982,Low
C103066,0.73940694,High
C103067,0.16854498,Low
C103068,0.9904033,High
C103069,0.97428685,High
C103070,0.049197406,Low
C103071,0.32212484,Medium
C103072,0.010914541,Low
C103073,0.0020855414,Low
C103074,0.07475972,Low
C103075,0.5565367,Medium
C103076,0.97152877,High
C103077,0.94520825,High
C103078,0.6204478,High
C103079,0.79997194,High
C103080,0.9864391,High
C103081,0.8821501,High
C103082,0.006360463,Low
C103083,0.85812074,High
C103084,0.0003201035,Low
C103085,0.8488884,High
C103086,0.00035628385,Low
C103087,0.19969942,Low
C103088,0.31088677,Medium
C103089,0.0073081064,Low
C103090,0.84366655,High
C103091,0.091359325,Low
C103092,0.84080255,High
C103093,0.25010216,Low
C103094,0.6948127,High
C103095,0.06293193,Low
C103096,0.19752099,Low
C103097,0.9148678,High
C103098,0.2643015,Low
C103099,0.000835612,Low
C103100,0.5452012,Medium
C103101,0.54710996,Medium
C103102,0.024252594,Low
C103103,0.00054684014,Low
C103104,0.41566768,Medium
C103105,0.900927,High
C103106,0.093954965,Low
C103107,0.03228224,Low
C103109,0.11312881,Low
C103110,0.0032488515,Low
C103111,0.23871146,Low
C103112,0.795718,High
C103113,0.8078519,High
C103114,0.107457414,Low
C103115,0.021323593,Low
C103116,0.15128687,Low
C103117,0.034915168,Low
C103118,0.60342616,High
C103119,0.62016994,High
C103120,0.0018426189,Low
C103121,0.98819375,High
C103122,0.988794,High
C103123,0.0030963465,Low
C103124,0.72990626,High
C103125,0.5508293,Medium
C103126,0.91079366,High
C103127,0.94338745,High
C103128,0.00080939877,Low
C103129,0.8812637,High
C103130,0.29279155,Low
C103131,0.0008148387,Low
C103132,0.9005435,High
C103133,0.015760155,Low
C103134,0.015801342,Low
C103135,0.62763745,High
C103136,0.010629836,Low
C103137,0.27079192,Low
C103138,0.50699407,Medium
C103139,0.4531691,Medium
C103140,0.6791907,High
C103141,0.0009796993,Low
C103142,0.08231647,Low
C103143,0.9526489,High
C103144,0.0055983495,Low
C103145,0.20312281,Low
C103146,0.21656942,Low
C103147,0.9376232,High
C103148,0.38181964,Medium
C103149,0.8111439,High
C103150,0.13890752,Low
C103151,0.00089420483,Low
C103152,0.58240867,Medium
C103153,0.2026169,Low
C103154,0.95747787,High
C103155,0.87200546,High
C103156,0.0024039883,Low
C103157,0.8766058,High
C103158,0.0010798229,Low
C103159,0.6861283,High
C103160,0.68559396,High
C103161,0.0893269,Low
C103162,0.0020977946,Low
C103163,0.9574585,High
C103164,0.6576675,High
C103165,0.0879983,Low
C103166,0.50768524,Medium
C103167,0.9792541,High
C103168,0.0059614074,Low
C103169,0.059276585,Low
C103170,0.06424998,Low
C103171,0.15357465,Low
C103172,0.0008342051,Low
C103173,0.9846966,High
C103174,0.66725993,High
C103175,0.8879774,High
C103176,0.33149844,Medium
C103178,0.8142722,High
C103179,0.04485444,Low
C103180,0.6940279,High
C103182,0.022434406,Low
C103183,0.009394241,Low
C103184,0.60086375,High
C103185,0.9037438,High
C103186,0.20980407,Low
C103187,0.2723135,Low
C103188,0.90363383,High
C103189,0.6279266,High
C103190,0.2812025,Low
C103191,0.8794877,High
C103192,0.00048851373,Low
C103193,0.92364156,High
C103194,0.011018501,Low
C103195,0.6317347,High
C103196,0.9706077,High
C103197,0.8863317,High
C103198,0.1473022,Low
C103199,0.62497324,High
C103200,0.72114486,High
C103201,0.94989765,High
C103202,0.036173195,Low
C103203,0.30668736,Medium
C103204,0.044448007,Low
C103205,0.26299995,Low
C103206,0.5402117,Medium
C103207,0.29552087,Low
C103208,0.21354365,Low
C103209,0.8073048,High
C103210,0.71409136,High
C103211,0.95311445,High
C103212,0.37148264,Medium
C103214,0.9222767,High
C103215,0.21872497,Low
C103216,0.9205442,High
C103217,0.7072025,High
C103219,0.9386638,High
C103220,0.7723601,High
C103221,0.94975525,High
C103222,0.22373313,Low
C103223,0.039889038,Low
C103224,0.8466089,High
C103225,0.025445696,Low
C103226,0.3974098,Medium
C103227,0.04746724,Low
C103228,0.061532177,Low
C103229,0.0012018741,Low
C103230,0.1933849,Low
C103231,0.07823899,Low
C103232,0.0010242556,Low
C103233,0.85277915,High
C103234,0.99081975,High
C103235,0.040104672,Low
C103236,0.70806974,High
C103237,0.98652494,High
C103238,0.0009434233,Low
C103239,0.0015919078,Low
C103240,0.87020296,High
C103241,0.09936824,Low
C103242,0.33280206,Medium
C103243,0.00095511385,Low
C103244,0.9178071,High
C103245,0.71968323,High
C103246,0.0009016319,Low
C103248,0.88076514,High
C103249,0.0011077573,Low
C103250,0.8489791,High
C103251,0.93129665,High
C103252,0.5106926,Medium
C103253,0.003306537,Low
C103254,0.01672014,Low
C103255,0.05457387,Low
C103256,0.24177796,Low
C103257,0.8141262,High
C103258,0.59794694,Medium
C103259,0.33958513,Medium
C103260,0.05663757,Low
C103261,0.5230107,Medium
C103262,0.9776808,High
C103263,0.93283725,High
C103264,0.87717795,High
C103265,0.0044948235,Low
C103266,0.5044889,Medium
C103267,0.034989804,Low
C103268,0.14721343,Low
C103269,0.00095073,Low
C103270,0.6730066,High
C103271,0.019983906,Low
C103272,0.7149834,High
C103273,0.001860395,Low
C103274,0.025805967,Low
C103275,0.21726838,Low
C103276,0.95069045,High
C103277,0.7613934,High
C103278,0.35758355,Medium
C103279,0.9465534,High
C103280,0.9448044,High
C103281,0.41350666,Medium
C103282,0.0013947111,Low
C103283,0.6771143,High
C103284,0.9837397,High
C103285,0.94647425,High
C103286,0.36355254,Medium
C103287,0.106471375,Low
C103288,0.96526194,High
C103289,0.00319401,Low
C103290,0.0049894373,Low
C103291,0.7736944,High
C103292,0.02782236,Low
C103293,0.8479928,High
C103294,0.21351972,Low
C103295,0.8701682,High
C103296,0.56882995,Medium
C103297,0.00852739,Low
C103298,0.14765702,Low
C103299,0.22060603,Low
C103300,0.48859417,Medium
C103301,0.8612075,High
C103302,0.30183223,Medium
C103303,0.8760177,High
C103304,0.7076306,High
C103305,0.99403834,High
C103306,0.5433844,Medium
C103307,0.17417705,Low
C103308,0.0014066542,Low
C103309,0.8532868,High
C103310,0.004663082,Low
C103311,0.65747863,High
C103312,0.15547164,Low
C103313,0.0010833838,Low
C103314,0.54281515,Medium
C103315,0.100324795,Low
C103316,0.62269056,High
C103317,0.898631,High
C103318,0.9748989,High
C103319,0.9718222,High
C103320,0.00049312954,Low
C103321,0.7700792,High
C103322,0.01544991,Low
C103323,0.5185636,Medium
C103324,0.8583439,High
C103325,0.81882626,High
C103326,0.6302262,High
C103327,0.28463393,Low
C103328,0.8046179,High
C103329,0.2397087,Low
C103330,0.72520125,High
C103331,0.2609729,Low
C103332,0.60198826,High
C103333,0.87767446,High
C103334,0.43607822,Medium
C103335,0.8858776,High
C103336,0.16099063,Low
C103337,0.6364407,High
C103338,0.006874923,Low
C103339,0.2899374,Low
C103340,0.9664729,High
C103341,0.71160406,High
C103342,0.04089208,Low
C103343,0.061866235,Low
C103344,0.90720075,High
C103345,0.0008166591,Low
C103347,0.65912527,High
C103348,0.8286394,High
C103349,0.15676647,Low
C103350,0.09579036,Low
C103351,0.5730109,Medium
C103352,0.0012272852,Low
C103353,0.31630808,Medium
C103354,0.028199619,Low
C103355,0.7071817,High
C103356,0.82865655,High
C103357,0.32543182,Medium
C103360,0.66119236,High
C103361,0.0008418919,Low
C103362,0.5501994,Medium
C103363,0.0012966408,Low
C103365,0.902267,High
C103366,0.03057965,Low
C103367,0.9825577,High
C103368,0.6939712,High
C103369,0.6545376,High
C103370,0.19735472,Low
C103372,0.00086163555,Low
C103373,0.3890443,Medium
C103374,0.9260256,High
C103375,0.6255148,High
C103376,0.28136083,Low
C103377,0.016334917,Low
C103378,0.008507135,Low
C103379,0.0015517954,Low
C103380,0.9877374,High
C103381,0.7503697,High
C103382,0.004473134,Low
C103384,0.9830859,High
C103385,0.17769094,Low
C103386,0.96949804,High
C103387,0.76797616,High
C103388,0.15119281,Low
C103389,0.21251991,Low
C103390,0.33035803,Medium
C103391,0.21543668,Low
C103393,0.6225053,High
C103394,0.005289823,Low
C103395,0.00077426946,Low
C103396,0.32880336,Medium
C103397,0.9641392,High
C103398,0.031251974,Low
C103399,0.54803103,Medium
C103400,0.5478197,Medium
C103401,0.3101573,Medium
C103402,0.8414178,High
C103403,0.4111697,Medium
C103407,0.93758756,High
C103408,0.24760489,Low
C103409,0.0005009333,Low
C103410,0.7571468,High
C103411,0.13488069,Low
C103412,0.8967958,High
C103413,0.033488367,Low
C103414,0.9837996,High
C103415,0.40520346,Medium
C103416,0.817715,High
C103417,0.21769543,Low
C103418,0.7708818,High
C103419,0.0016391504,Low
C103420,0.9372279,High
C103421,0.80713904,High
C103422,0.0674278,Low
C103424,0.0013950086,Low
C103425,0.29622838,Low
C103426,0.7559676,High
C103427,0.0026620012,Low
C103428,0.022405075,Low
C103429,0.0007485631,Low
C103430,0.008185266,Low
C103431,0.27705377,Low
C103432,0.0011553542,Low
C103433,0.0025826884,Low
C103434,0.78219694,High
C103435,0.41180953,Medium
C103436,0.60327744,High
C103437,0.96421236,High
C103438,0.9145883,High
C103439,0.13369082,Low
C103440,0.92894524,High
C103441,0.10976149,Low
C103442,0.6098181,High
C103443,0.0023057384,Low
C103444,0.586192,Medium
C103445,0.44234493,Medium
C103446,0.006046734,Low
C103447,0.446583,Medium
C103448,0.5309569,Medium
C103449,0.89639074,High
C103450,0.87623125,High
C103451,0.86469287,High
C103452,0.76845217,High
C103453,0.6928685,High
C103454,0.06572446,Low
C103455,0.009168085,Low
C103456,0.6200959,High
C103457,0.0007717524,Low
C103458,0.99249345,High
C103459,0.007659765,Low
C103460,0.10134562,Low
C103461,0.79376525,High
C103462,0.089406475,Low
C103463,0.98768324,High
C103464,0.76333255,High
C103465,0.0007486041,Low
C103466,0.8120647,High
C103467,0.0024260576,Low
C103468,0.124829225,Low
C103469,0.9251851,High
C103470,0.7570003,High
C103471,0.53179467,Medium
C103472,0.13488685,Low
C103473,0.080776915,Low
C103474,0.37360984,Medium
C103475,0.0062013245,Low
C103476,0.010025807,Low
C103477,0.55766803,Medium
C103478,0.67496043,High
C103479,0.013174051,Low
C103480,0.8735993,High
C103481,0.78732514,High
C103482,0.7300962,High
C103483,0.47445676,Medium
C103484,0.0066302344,Low
C103486,0.0018327555,Low
C103487,0.4000631,Medium
C103488,0.63749933,High
C103489,0.769773,High
C103490,0.07458845,Low
C103491,0.0014690637,Low
C103492,0.0195753,Low
C103493,0.0011045919,Low
C103494,0.33971098,Medium
C103495,0.0006787119,Low
C103496,0.979321,High
C103497,0.07231653,Low
C103498,0.4667931,Medium
C103499,0.0005656244,Low
C103500,0.8528668,High
C103501,0.50771934,Medium
C103502,0.0008559961,Low
C103503,0.39036936,Medium
C103504,0.024156785,Low
C103505,0.028849265,Low
C103506,0.31808984,Medium
C103507,0.29971418,Low
C103508,0.36578873,Medium
C103509,0.0010118242,Low
C103510,0.4354769,Medium
C103511,0.97954226,High
C103512,0.037951313,Low
C103513,0.0014158936,Low
C103514,0.88402057,High
C103515,0.7658716,High
C103516,0.88966817,High
C103517,0.0019548752,Low
C103518,0.32597288,Medium
C103519,0.19367757,Low
C103520,0.58168715,Medium
C103521,0.760786,High
C103523,0.020714346,Low
C103524,0.8490428,High
C103525,0.91017205,High
C103526,0.716716,High
C103527,0.0007357642,Low
C103528,0.5692597,Medium
C103529,0.8947927,High
C103530,0.00090534263,Low
C103531,0.000742923,Low
C103532,0.0543511,Low
C103533,0.8048092,High
C103534,0.009408487,Low
C103536,0.0006033102,Low
C103537,0.3356541,Medium
C103538,0.919114,High
C103539,0.8352308,High
C103540,0.0062353592,Low
C103541,0.36699313,Medium
C103542,0.26827767,Low
C103543,0.3377545,Medium
C103544,0.99121,High
C103545,0.079802215,Low
C103546,0.029894223,Low
C103547,0.31446207,Medium
C103548,0.0116152605,Low
C103549,0.49313924,Medium
C103550,0.0010611513,Low
C103551,0.30292165,Medium
C103552,0.95108074,High
C103553,0.0010252926,Low
C103554,0.9697981,High
C103555,0.003242334,Low
C103556,0.018742615,Low
C103557,0.7769515,High
C103558,0.20333956,Low
C103559,0.0048268256,Low
C103560,0.029586712,Low
C103561,0.26694283,Low
C103562,0.121765465,Low
C103563,0.14265771,Low
C103564,0.5852962,Medium
C103566,0.65425986,High
C103567,0.5993183,Medium
C103568,0.0019941356,Low
C103569,0.047301244,Low
C103570,0.94629437,High
C103571,0.11542997,Low
C103572,0.9356813,High
C103573,0.96838063,High
C103574,0.0020496382,Low
C103575,0.15672852,Low
C103576,0.92841786,High
C103577,0.011595159,Low
C103578,0.59731555,Medium
C103579,0.8962757,High
C103580,0.011547629,Low
C103581,0.090145424,Low
C103582,0.8227603,High
C103583,0.680774,High
C103584,0.010645337,Low
C103585,0.54031116,Medium
C103587,0.68646693,High
C103588,0.10183639,Low
C103589,0.0023898738,Low
C103590,0.073035374,Low
C103591,0.2777071,Low
C103592,0.71293616,High
C103593,0.007877302,Low
C103595,0.2077496,Low
C103596,0.35560104,Medium
C103597,0.8234605,High
C103598,0.681318,High
C103599,0.11681013,Low
C103600,0.9196821,High
C103601,0.67579466,High
C103602,0.15252408,Low
C103603,0.3240947,Medium
C103604,0.052587837,Low
C103605,0.0101048285,Low
C103606,0.59988344,Medium
C103607,0.0021925934,Low
C103608,0.10599656,Low
C103609,0.5823454,Medium
C103610,0.88586396,High
C103611,0.89572656,High
C103612,0.0013285833,Low
C103613,0.27716455,Low
C103614,0.020817323,Low
C103615,0.000931948,Low
C103616,0.2194151,Low
C103617,0.7792728,High
C103618,0.22073042,Low
C103619,0.9686095,High
C103620,0.094006464,Low
C103621,0.49044302,Medium
C103622,0.75321805,High
C103623,0.08053642,Low
C103624,0.48210213,Medium
C103625,0.15822954,Low
C103627,0.2842525,Low
C103628,0.10124062,Low
C103630,0.9870293,High
C103631,0.23137055,Low
C103632,0.028122611,Low
C103634,0.012362964,Low
C103635,0.0039001114,Low
C103636,0.76845336,High
C103637,0.69841146,High
C103638,0.10250412,Low
C103639,0.75193095,High
C103640,0.0024024106,Low
C103641,0.0068533584,Low
C103642,0.9442724,High
C103643,0.025768837,Low
C103644,0.00092796783,Low
C103645,0.00041624025,Low
C103646,0.10985459,Low
C103647,0.9431813,High
C103648,0.26728392,Low
C103649,0.182183,Low
C103650,0.5693966,Medium
C103651,0.0032684016,Low
C103652,0.006690439,Low
C103653,0.81573343,High
C103654,0.18866688,Low
C103655,0.65135914,High
C103656,0.8209164,High
C103657,0.0016007471,Low
C103658,0.2035298,Low
C103659,0.69995576,High
C103660,0.96620286,High
C103661,0.0017720964,Low
C103662,0.8745319,High
C103663,0.91060334,High
C103664,0.8453996,High
C103665,0.52059716,Medium
C103666,0.8695237,High
C103667,0.11100432,Low
C103668,0.0009826808,Low
C103669,0.50776595,Medium
C103670,0.7976612,High
C103671,0.26918846,Low
C103672,0.46770754,Medium
C103673,0.10762295,Low
C103674,0.637861,High
C103675,0.28882533,Low
C103676,0.51816523,Medium
C103677,0.68233806,High
C103678,0.95587933,High
C103679,0.00069562945,Low
C103680,0.8031264,High
C103681,0.03602492,Low
C103682,0.9649814,High
C103683,0.61838543,High
C103684,0.8879384,High
C103685,0.9514637,High
C103686,0.0006291035,Low
C103687,0.92310643,High
C103688,0.0038007316,Low
C103689,0.00067047065,Low
C103690,0.32333925,Medium
C103692,0.075178,Low
C103693,0.9687008,High
C103694,0.758561,High
C103695,0.057400938,Low
C103696,0.80031,High
C103697,0.9514912,High
C103698,0.43540317,Medium
C103699,0.042232744,Low
C103700,0.16273604,Low
C103701,0.67730325,High
C103702,0.03283603,Low
C103703,0.12421661,Low
C103704,0.9376909,High
C103705,0.31202132,Medium
C103706,0.8802063,High
C103707,0.12474194,Low
C103708,0.009822145,Low
C103709,0.0009878108,Low
C103710,0.88403714,High
C103711,0.9193304,High
C103712,0.017058264,Low
C103713,0.77986944,High
C103714,0.34290338,Medium
C103715,0.65344805,High
C103716,0.00039736705,Low
C103717,0.0005974538,Low
C103718,0.42816654,Medium
C103719,0.19219965,Low
C103720,0.082825534,Low
C103721,0.54904634,Medium
C103722,0.0041575725,Low
C103723,0.83934975,High
C103724,0.866865,High
C103725,0.00048273674,Low
C103726,0.00412428,Low
C103727,0.0083706835,Low
C103728,0.9630818,High
C103729,0.87066525,High
C103730,0.9574168,High
C103731,0.85003656,High
C103732,0.001582351,Low
C103733,0.036612827,Low
C103734,0.27827957,Low
C103735,0.9519327,High
C103736,0.595018,Medium
C103737,0.13418905,Low
C103738,0.30314484,Medium
C103739,0.55914783,Medium
C103740,0.0016006839,Low
C103741,0.062495857,Low
C103742,0.1356141,Low
C103743,0.60512286,High
C103744,0.41186258,Medium
C103745,0.0042837984,Low
C103746,0.18868542,Low
C103747,0.89159876,High
C103748,0.676098,High
C103749,0.08345749,Low
C103750,0.97348815,High
C103751,0.9247173,High
C103752,0.7766032,High
C103753,0.8506899,High
C103754,0.9171495,High
C103755,0.15776217,Low
C103756,0.18351474,Low
C103757,0.69821954,High
C103758,0.0020778636,Low
C103759,0.37805983,Medium
C103760,0.9434265,High
C103761,0.7483049,High
C103762,0.0008110247,Low
C103763,0.8209841,High
C103764,0.47638997,Medium
C103765,0.4439972,Medium
C103766,0.91286623,High
C103767,0.97174376,High
C103768,0.8451904,High
C103769,0.8009356,High
C103770,0.85054475,High
C103771,0.26092416,Low
C103773,0.17785625,Low
C103774,0.994136,High
C103775,0.6829177,High
C103776,0.9635961,High
C103777,0.061989028,Low
C103778,0.9146397,High
C103780,0.72086865,High
C103781,0.0022199706,Low
C103782,0.85370415,High
C103783,0.21777342,Low
C103784,0.20055306,Low
C103785,0.8007387,High
C103786,0.82378453,High
C103787,0.98564595,High
C103788,0.24343239,Low
C103789,0.9506569,High
C103791,0.33788198,Medium
C103792,0.16569231,Low
C103794,0.7344577,High
C103795,0.69825965,High
C103796,0.70623755,High
C103797,0.00059258175,Low
C103798,0.60307914,High
C103799,0.36822683,Medium
C103800,0.8002099,High
C103801,0.4309953,Medium
C103802,0.44357657,Medium
C103803,0.51168764,Medium
C103804,0.99015945,High
C103805,0.8057279,High
C103806,0.96496624,High
C103807,0.66409725,High
C103808,0.6582847,High
C103809,0.19568965,Low
C103810,0.5806987,Medium
C103811,0.69303477,High
C103812,0.49107465,Medium
C103813,0.0007685083,Low
C103814,0.000842251,Low
C103815,0.81614566,High
C103816,0.3089289,Medium
C103817,0.33268327,Medium
C103818,0.009207238,Low
C103819,0.7438053,High
C103820,0.042636026,Low
C103821,0.9771871,High
C103822,0.86946654,High
C103823,0.11920536,Low
C103824,0.0029386922,Low
C103825,0.9908969,High
C103826,0.009205108,Low
C103827,0.11821966,Low
C103828,0.87922955,High
C103829,0.0053154794,Low
C103830,0.44777206,Medium
C103831,0.9864087,High
C103832,0.9915153,High
C103833,0.82092243,High
C103834,0.15978439,Low
C103835,0.772908,High
C103836,0.02505318,Low
C103837,0.70932996,High
C103838,0.9039111,High
C103839,0.0028517598,Low
C103840,0.841216,High
C103841,0.7418158,High
C103842,0.0038822244,Low
C103843,0.03734789,Low
C103844,0.6461746,High
C103845,0.5538104,Medium
C103846,0.43373075,Medium
C103847,0.1496311,Low
C103848,0.7635989,High
C103849,0.98191005,High
C103850,0.81346697,High
C103852,0.963507,High
C103853,0.685641,High
C103854,0.45633742,Medium
C103855,0.2581363,Low
C103856,0.022801043,Low
C103857,0.9811211,High
C103858,0.720088,High
C103859,0.91733474,High
C103860,0.5621868,Medium
C103861,0.0009202658,Low
C103862,0.98410517,High
C103863,0.0045122146,Low
C103864,0.57072014,Medium
C103865,0.0004987619,Low
C103866,0.17880084,Low
C103867,0.0007895413,Low
C103869,0.2851985,Low
C103871,0.20094667,Low
C103872,0.9910245,High
C103873,0.62353665,High
C103874,0.3709897,Medium
C103875,0.8757469,High
C103876,0.95815307,High
C103877,0.8650039,High
C103878,0.18482664,Low
C103879,0.0013578151,Low
C103880,0.96847767,High
C103881,0.00071893807,Low
C103882,0.08158635,Low
C103883,0.78291595,High
C103884,0.7963475,High
C103885,0.24612316,Low
C103886,0.8476959,High
C103887,0.020775823,Low
C103888,0.00091453915,Low
C103889,0.012354059,Low
C103890,0.22384334,Low
C103892,0.330229,Medium
C103893,0.034803614,Low
C103894,0.28705335,Low
C103895,0.31629267,Medium
C103896,0.63436955,High
C103897,0.922228,High
C103898,0.05200139,Low
C103899,0.12037229,Low
C103900,0.00087743776,Low
C103901,0.58304006,Medium
C103902,0.00092247763,Low
C103903,0.40475717,Medium
C103904,0.9894695,High
C103905,0.62974256,High
C103906,0.010330897,Low
C103907,0.76972884,High
C103908,0.48498246,Medium
C103909,0.0918342,Low
C103910,0.037296493,Low
C103911,0.001770196,Low
C103912,0.1631641,Low
C103913,0.00039812445,Low
C103914,0.58384454,Medium
C103915,0.9495653,High
C103916,0.66048646,High
C103917,0.00629976,Low
C103918,0.4517915,Medium
C103919,0.9617678,High
C103920,0.0021296497,Low
C103922,0.0021371036,Low
C103923,0.4482801,Medium
C103924,0.00092704216,Low
C103925,0.3009833,Medium
C103926,0.00078819494,Low
C103927,0.38139197,Medium
C103928,0.78064495,High
C103929,0.003183959,Low
C103930,0.04625947,Low
C103931,0.89279985,High
C103932,0.0010508187,Low
C103933,0.9719927,High
C103934,0.9448235,High
C103935,0.15518485,Low
C103936,0.881674,High
C103937,0.000786533,Low
C103938,0.08975026,Low
C103939,0.5914478,Medium
C103940,0.0012909527,Low
C103941,0.49523014,Medium
C103942,0.95332956,High
C103943,0.61036044,High
C103944,0.14306828,Low
C103945,0.9307711,High
C103946,0.7844805,High
C103947,0.035919175,Low
C103948,0.00054073654,Low
C103949,0.03012923,Low
C103950,0.5206377,Medium
C103951,0.87724113,High
C103952,0.024880039,Low
C103953,0.9334579,High
C103954,0.8224854,High
C103955,0.024059745,Low
C103956,0.2531954,Low
C103957,0.0045139883,Low
C103958,0.029200358,Low
C103959,0.69914657,High
C103960,0.9936242,High
C103961,0.83461386,High
C103963,0.7144963,High
C103964,0.05817866,Low
C103965,0.48842633,Medium
C103966,0.92094654,High
C103967,0.9938446,High
C103968,0.0026905905,Low
C103969,0.014868775,Low
C103970,0.7282272,High
C103971,0.89125794,High
C103972,0.011970772,Low
C103973,0.4990536,Medium
C103974,0.0077025727,Low
C103975,0.8236064,High
C103976,0.82874024,High
C103977,0.70821047,High
C103978,0.45099524,Medium
C103979,0.0024338667,Low
C103980,0.94281393,High
C103981,0.07310811,Low
C103982,0.008957875,Low
C103983,0.9825965,High
C103984,0.9683349,High
C103985,0.3662626,Medium
C103986,0.41527548,Medium
C103988,0.0010706175,Low
C103989,0.2591231,Low
C103990,0.00068317936,Low
C103991,0.0154396435,Low
C103992,0.08034212,Low
C103993,0.87960553,High
C103994,0.9531235,High
C103995,0.7571808,High
C103996,0.8356212,High
C103997,0.11773799,Low
C103998,0.91198635,High
C103999,0.1719886,Low
C104000,0.7208356,High
C104001,0.0005056134,Low
C104002,0.2044726,Low
C104003,0.4550946,Medium
C104004,0.25428233,Low
C104005,0.92658114,High
C104006,0.27929512,Low
C104007,0.028808644,Low
C104008,0.8706404,High
C104009,0.0011754206,Low
C104010,0.21069998,Low
C104011,0.81304,High
C104012,0.37975985,Medium
C104013,0.9297875,High
C104014,0.64538884,High
C104015,0.77606404,High
C104016,0.0028803577,Low
C104017,0.8256866,High
C104018,0.11993563,Low
C104019,0.61659116,High
C104020,0.93481797,High
C104021,0.0013029098,Low
C104022,0.59381956,Medium
C104023,0.2547913,Low
C104024,0.20071867,Low
C104025,0.3910607,Medium
C104026,0.91994625,High
C104027,0.84714067,High
C104028,0.0034759883,Low
C104029,0.07433933,Low
C104031,0.023570942,Low
C104032,0.33862123,Medium
C104033,0.7530115,High
C104034,0.9501247,High
C104035,0.06979929,Low
C104036,0.5932909,Medium
C104037,0.9438169,High
C104038,0.0020976707,Low
C104039,0.7614583,High
C104040,0.635535,High
C104041,0.81505984,High
C104042,0.89626735,High
C104044,0.93048364,High
C104045,0.3499796,Medium
C104046,0.005031182,Low
C104047,0.001288029,Low
C104048,0.009850554,Low
C104049,0.9264458,High
C104050,0.07197896,Low
C104051,0.5510354,Medium
C104052,0.55192333,Medium
C104053,0.45903075,Medium
C104054,0.46676198,Medium
C104055,0.9651101,High
C104056,0.0013042234,Low
C104057,0.9748318,High
C104058,0.03809802,Low
C104059,0.0011716372,Low
C104060,0.54137915,Medium
C104063,0.834387,High
C104064,0.9437891,High
C104065,0.05759311,Low
C104066,0.035553537,Low
C104067,0.86634547,High
C104068,0.8502218,High
C104069,0.24956559,Low
C104070,0.016515128,Low
C104071,0.66614056,High
C104072,0.94475436,High
C104073,0.7000239,High
C104074,0.0008795191,Low
C104075,0.8511116,High
C104076,0.37991405,Medium
C104077,0.32186627,Medium
C104078,0.9254411,High
C104079,0.5629569,Medium
C104080,0.60651386,High
C104081,0.9663884,High
C104082,0.50496376,Medium
C104083,0.9292755,High
C104084,0.6772055,High
C104085,0.0989997,Low
C104086,0.015301512,Low
C104087,0.29258856,Low
C104088,0.6004391,High
C104089,0.1002444,Low
C104090,0.44411033,Medium
C104091,0.85269475,High
C104092,0.034274552,Low
C104094,0.010880511,Low
C104095,0.9427301,High
C104096,0.7521873,High
C104097,0.019382227,Low
C104098,0.07186895,Low
C104099,0.8828122,High
C104100,0.8969617,High
C104101,0.82634073,High
C104102,0.4014119,Medium
C104103,0.90728223,High
C104105,0.0015627393,Low
C104106,0.88674754,High
C104107,0.3070363,Medium
C104108,0.59523183,Medium
C104109,0.13026935,Low
C104110,0.5074047,Medium
C104111,0.095867984,Low
C104112,0.9485799,High
C104113,0.93315387,High
C104114,0.18350965,Low
C104115,0.07367893,Low
C104116,0.52489364,Medium
C104117,0.0010967337,Low
C104118,0.64911425,High
C104119,0.41161343,Medium
C104120,0.13200954,Low
C104121,0.6936827,High
C104122,0.81110215,High
C104123,0.9665982,High
C104124,0.9808357,High
C104125,0.80831057,High
C104126,0.13942952,Low
C104127,0.20986404,Low
C104128,0.48882157,Medium
C104129,0.06783784,Low
C104130,0.0033718722,Low
C104131,0.04184634,Low
C104132,0.16463012,Low
C104133,0.511599,Medium
C104134,0.1069469,Low
C104135,0.37829095,Medium
C104136,0.21143131,Low
C104137,0.56129515,Medium
C104138,0.19524871,Low
C104139,0.919079,High
C104140,0.012403354,Low
C104142,0.7949624,High
C104143,0.0010631395,Low
C104144,0.9256308,High
C104145,0.42546105,Medium
C104146,0.6399152,High
C104147,0.89785343,High
C104148,0.29640248,Low
C104149,0.08608412,Low
C104150,0.96339405,High
C104152,0.69829875,High
C104153,0.9739314,High
C104154,0.0047040596,Low
C104155,0.9787662,High
C104156,0.43875575,Medium
C104157,0.021825528,Low
C104158,0.00057460926,Low
C104159,0.79653454,High
C104160,0.5841897,Medium
C104161,0.0058641788,Low
C104162,0.9124215,High
C104163,0.0054613305,Low
C104164,0.0011332283,Low
C104165,0.12594286,Low
C104166,0.0562568,Low
C104167,0.8303389,High
C104168,0.74471706,High
C104169,0.9403971,High
C104170,0.22690785,Low
C104171,0.120184705,Low
C104172,0.7981956,High
C104173,0.6407041,High
C104174,0.91812843,High
C104175,0.0010464445,Low
C104176,0.9743858,High
C104177,0.1884179,Low
C104178,0.032370497,Low
C104179,0.2027328,Low
C104180,0.2013065,Low
C104181,0.88122463,High
C104182,0.6364976,High
C104183,0.49803743,Medium
C104184,0.72182125,High
C104185,0.966081,High
C104186,0.8510529,High
C104187,0.8955763,High
C104188,0.7185748,High
C104189,0.024620388,Low
C104191,0.10014678,Low
C104192,0.6725361,High
C104193,0.5085721,Medium
C104194,0.9563942,High
C104195,0.0005263226,Low
C104196,0.9596946,High
C104197,0.77875173,High
C104198,0.0077394266,Low
C104199,0.024140917,Low
C104200,0.99000484,High
C104201,0.0032373646,Low
C104202,0.4513964,Medium
C104203,0.02225569,Low
C104204,0.7226632,High
C104205,0.0010605515,Low
C104207,0.7733668,High
C104208,0.74899995,High
C104209,0.8828979,High
C104210,0.5426579,Medium
C104211,0.0008872654,Low
C104212,0.106917426,Low
C104213,0.027989088,Low
C104214,0.0014901678,Low
C104215,0.020524519,Low
C104216,0.8123041,High
C104217,0.0011275606,Low
C104218,0.7770263,High
C104219,0.61087877,High
C104220,0.9621127,High
C104221,0.9427415,High
C104222,0.802126,High
C104223,0.9416817,High
C104224,0.6721557,High
C104225,0.94103616,High
C104226,0.6922228,High
C104227,0.56953686,Medium
C104228,0.375096,Medium
C104229,0.27449906,Low
C104230,0.004106728,Low
C104231,0.2567218,Low
C104233,0.90185183,High
C104234,0.39415106,Medium
C104235,0.80909485,High
C104236,0.82532775,High
C104237,0.6000435,High
C104238,0.0014130628,Low
C104239,0.6628028,High
C104240,0.7895109,High
C104241,0.86868036,High
C104242,0.6759367,High
C104243,0.25019756,Low
C104244,0.03379577,Low
C104245,0.23726504,Low
C104246,0.4537365,Medium
C104247,0.6899106,High
C104248,0.1447147,Low
C104249,0.29924428,Low
C104250,0.4139892,Medium
C104252,0.94430566,High
C104253,0.00063848426,Low
C104254,0.5241775,Medium
C104255,0.97028404,High
C104257,0.4722567,Medium
C104258,0.081591815,Low
C104259,0.41510674,Medium
C104260,0.9000772,High
C104261,0.0966907,Low
C104263,0.71013045,High
C104264,0.0018020133,Low
C104265,0.25010982,Low
C104266,0.6239234,High
C104267,0.6177555,High
C104268,0.22135824,Low
C104269,0.5150878,Medium
C104270,0.07761265,Low
C104271,0.9283377,High
C104272,0.32031405,Medium
C104273,0.76049364,High
C104274,0.73635036,High
C104275,0.17124425,Low
C104276,0.067329034,Low
C104277,0.50506073,Medium
C104278,0.6254396,High
C104279,0.010493368,Low
C104280,0.0025766701,Low
C104281,0.0009228222,Low
C104282,0.6677826,High
C104283,0.12919182,Low
C104284,0.0014057986,Low
C104285,0.26578844,Low
C104286,0.097467616,Low
C104287,0.71776104,High
C104288,0.105974644,Low
C104289,0.0015944488,Low
C104290,0.6782823,High
C104291,0.87566674,High
C104292,0.87464213,High
C104293,0.30429736,Medium
C104294,0.012537457,Low
C104295,0.96765345,High
C104296,0.7273095,High
C104297,0.9342463,High
C104298,0.056855895,Low
C104299,0.011185913,Low
C104300,0.6176748,High
C104301,0.1594169,Low
C104302,0.96669954,High
C104303,0.027799258,Low
C104304,0.6423684,High
C104305,0.78276926,High
C104306,0.07653951,Low
C104307,0.32124516,Medium
C104309,0.9006064,High
C104310,0.0009138023,Low
C104311,0.0010736642,Low
C104312,0.9425953,High
C104313,0.79408026,High
C104314,0.49029753,Medium
C104315,0.76363766,High
C104316,0.90411705,High
C104317,0.0009043222,Low
C104318,0.0037000757,Low
C104319,0.059547246,Low
C104320,0.597289,Medium
C104321,0.9079722,High
C104323,0.13055944,Low
C104324,0.74696165,High
C104325,0.08662624,Low
C104326,0.4773683,Medium
C104327,0.12656726,Low
C104328,0.70898134,High
C104329,0.0007019566,Low
C104330,0.34286696,Medium
C104331,0.25058696,Low
C104332,0.4391977,Medium
C104333,0.06730309,Low
C104334,0.93354154,High
C104335,0.83739537,High
C104336,0.5505945,Medium
C104337,0.8649359,High
C104338,0.7735765,High
C104340,0.2347717,Low
C104341,0.0011559183,Low
C104342,0.9716466,High
C104343,0.004182119,Low
C104344,0.89878476,High
C104345,0.00054161734,Low
C104346,0.042139318,Low
C104347,0.8767277,High
C104348,0.2756693,Low
C104349,0.012090938,Low
C104350,0.72464067,High
C104351,0.77485186,High
C104352,0.6990883,High
C104353,0.117051855,Low
C104354,0.85819113,High
C104355,0.9029974,High
C104356,0.1305844,Low
C104357,0.0016237777,Low
C104358,0.7871774,High
C104359,0.0011483266,Low
C104360,0.012265733,Low
C104361,0.8246871,High
C104362,0.94366497,High
C104364,0.17561989,Low
C104365,0.00091330137,Low
C104366,0.22176278,Low
C104367,0.34559888,Medium
C104368,0.27446735,Low
C104369,0.6782969,High
C104370,0.31959388,Medium
C104371,0.94505376,High
C104372,0.6456459,High
C104373,0.6083379,High
C104374,0.03576584,Low
C104375,0.3264299,Medium
C104376,0.71497166,High
C104377,0.10575662,Low
C104378,0.88663405,High
C104379,0.92713773,High
C104380,0.0019459169,Low
C104381,0.13461521,Low
C104383,0.5009394,Medium
C104384,0.8197227,High
C104385,0.97440195,High
C104386,0.0007430317,Low
C104387,0.12112962,Low
C104388,0.28524032,Low
C104389,0.8368368,High
C104390,0.05371045,Low
C104391,0.3775336,Medium
C104392,0.92201364,High
C104393,0.4687409,Medium
C104394,0.40221727,Medium
C104395,0.72911066,High
C104396,0.72365654,High
C104397,0.94534224,High
C104398,0.767013,High
C104399,0.029373644,Low
C104400,0.0016258144,Low
C104401,0.9263914,High
C104402,0.27469414,Low
C104403,0.005952508,Low
C104404,0.1964572,Low
C104405,0.26805958,Low
C104406,0.0032019506,Low
C104407,0.12922448,Low
C104408,0.98512846,High
C104410,0.00070427713,Low
C104411,0.009192786,Low
C104412,0.30251852,Medium
C104413,0.004236875,Low
C104414,0.30484724,Medium
C104415,0.8908747,High
C104416,0.2904988,Low
C104417,0.41876072,Medium
C104418,0.0007228233,Low
C104419,0.0038035852,Low
C104420,0.9631372,High
C104421,0.8821184,High
C104422,0.8713507,High
C104423,0.66280454,High
C104424,0.6173651,High
C104425,0.27538708,Low
C104426,0.054806646,Low
C104427,0.97218496,High
C104428,0.0048679626,Low
C104429,0.3956986,Medium
C104430,0.00045688607,Low
C104431,0.97415686,High
C104432,0.0013553798,Low
C104433,0.3378582,Medium
C104434,0.45433614,Medium
C104435,0.053267382,Low
C104436,0.854665,High
C104437,0.78596884,High
C104438,0.13524641,Low
C104439,0.1259734,Low
C104440,0.00074444315,Low
C104441,0.63234407,High
C104442,0.4444598,Medium
C104443,0.05491186,Low
C104444,0.9255658,High
C104445,0.0035784692,Low
C104446,0.18007223,Low
C104447,0.0008560621,Low
C104448,0.0036542884,Low
C104449,0.9428188,High
C104450,0.0051188166,Low
C104451,0.022667704,Low
C104452,0.09087987,Low
C104453,0.5006676,Medium
C104454,0.051907312,Low
C104455,0.74020386,High
C104456,0.46602312,Medium
C104457,0.83226436,High
C104458,0.8579308,High
C104459,0.90099806,High
C104460,0.876785,High
C104461,0.12186808,Low
C104462,0.54606444,Medium
C104463,0.48063344,Medium
C104464,0.50449497,Medium
C104465,0.018460363,Low
C104466,0.47856134,Medium
C104467,0.11638503,Low
C104468,0.19215234,Low
C104469,0.12779357,Low
C104470,0.65275395,High
C104471,0.4195628,Medium
C104472,0.009871845,Low
C104473,0.5096207,Medium
C104474,0.008938462,Low
C104475,0.97376823,High
C104476,0.56990314,Medium
C104477,0.0014660668,Low
C104478,0.9438981,High
C104479,0.8909909,High
C104480,0.9864283,High
C104481,0.0147857955,Low
C104482,0.9018573,High
C104483,0.0029432576,Low
C104484,0.6523129,High
C104485,0.95994985,High
C104486,0.046460565,Low
C104487,0.009246243,Low
C104488,0.48564216,Medium
C104489,0.90746516,High
C104490,0.6459566,High
C104491,0.35347232,Medium
C104492,0.0477282,Low
C104493,0.6116907,High
C104494,0.46158084,Medium
C104495,0.91480607,High
C104496,0.76733536,High
C104497,0.0048779952,Low
C104498,0.0014291111,Low
C104499,0.0054305275,Low
C104500,0.11589843,Low
C104501,0.003872061,Low
C104502,0.8111938,High
C104503,0.9577036,High
C104504,0.00039144652,Low
C104505,0.33399314,Medium
C104506,0.63466024,High
C104507,0.6400726,High
C104508,0.57020193,Medium
C104509,0.06741952,Low
C104510,0.049943987,Low
C104511,0.4603228,Medium
C104512,0.03854005,Low
C104514,0.0010007656,Low
C104515,0.0011941891,Low
C104516,0.36822644,Medium
C104517,0.31794864,Medium
C104518,0.3356189,Medium
C104519,0.8388394,High
C104520,0.9620672,High
C104521,0.94519293,High
C104522,0.153413,Low
C104523,0.7521057,High
C104524,0.7706893,High
C104525,0.00065890746,Low
C104526,0.67718023,High
C104527,0.9132255,High
C104528,0.73126954,High
C104529,0.7746532,High
C104531,0.123543054,Low
C104532,0.907937,High
C104533,0.30784327,Medium
C104534,0.390778,Medium
C104535,0.18556422,Low
C104536,0.0015887794,Low
C104537,0.16852511,Low
C104538,0.12536874,Low
C104539,0.32416743,Medium
C104540,0.34299868,Medium
C104541,0.90277296,High
C104542,0.00091342925,Low
C104543,0.0009194691,Low
C104544,0.021519162,Low
C104545,0.012290074,Low
C104546,0.54396707,Medium
C104547,0.29884452,Low
C104548,0.21759728,Low
C104549,0.9197047,High
C104550,0.32817698,Medium
C104551,0.16315304,Low
C104552,0.7879441,High
C104553,0.18689463,Low
C104555,0.9535992,High
C104556,0.9848728,High
C104557,0.24217844,Low
C104558,0.5848412,Medium
C104559,0.76087934,High
C104560,0.6929514,High
C104561,0.112350866,Low
C104562,0.8142669,High
C104563,0.11936732,Low
C104564,0.040353037,Low
C104565,0.017925603,Low
C104566,0.905939,High
C104567,0.12208612,Low
C104568,0.77146244,High
C104569,0.28875834,Low
C104570,0.71402144,High
C104572,0.9203147,High
C104573,0.19115165,Low
C104574,0.9256533,High
C104575,0.5290966,Medium
C104576,0.77051985,High
C104577,0.15315904,Low
C104578,0.46874914,Medium
C104579,0.00094574294,Low
C104580,0.5616922,Medium
C104581,0.05215753,Low
C104582,0.001269075,Low
C104583,0.0011676586,Low
C104584,0.0029672338,Low
C104585,0.06740767,Low
C104586,0.55701965,Medium
C104587,0.9593783,High
C104588,0.7538091,High
C104589,0.003938517,Low
C104590,0.002254066,Low
C104591,0.017982058,Low
C104592,0.0032569636,Low
C104593,0.0014685721,Low
C104594,0.16083328,Low
C104595,0.9768927,High
C104596,0.69606227,High
C104597,0.9090094,High
C104598,0.32391265,Medium
C104599,0.89525676,High
C104600,0.45010728,Medium
C104601,0.21438795,Low
C104602,0.49469882,Medium
C104603,0.050164215,Low
C104604,0.020848915,Low
C104605,0.8648684,High
C104606,0.52687865,Medium
C104607,0.0018216451,Low
C104608,0.0009042546,Low
C104609,0.46167454,Medium
C104610,0.3661738,Medium
C104611,0.6354059,High
C104612,0.2337157,Low
C104613,0.5191144,Medium
C104614,0.0082359845,Low
C104615,0.0059031895,Low
C104616,0.0008591457,Low
C104617,0.1477481,Low
C104618,0.7790395,High
C104619,0.002538911,Low
C104620,0.9832812,High
C104621,0.8682847,High
C104622,0.8342396,High
C104623,0.005066698,Low
C104624,0.030518562,Low
C104625,0.15607038,Low
C104626,0.822277,High
C104627,0.68823415,High
C104628,0.83429205,High
C104629,0.92586786,High
C104630,0.89083475,High
C104631,0.24995668,Low
C104632,0.7887668,High
C104633,0.76039296,High
C104634,0.80927014,High
C104635,0.5218484,Medium
C104636,0.084072255,Low
C104637,0.55175203,Medium
C104638,0.7424392,High
C104639,0.0035851933,Low
C104640,0.33491436,Medium
C104641,0.79855776,High
C104642,0.09738093,Low
C104643,0.75156146,High
C104644,0.17571303,Low
C104645,0.4871749,Medium
C104646,0.9461998,High
C104647,0.0009872594,Low
C104648,0.40276945,Medium
C104649,0.5275444,Medium
C104650,0.13771097,Low
C104651,0.2352368,Low
C104652,0.89719707,High
C104653,0.0010629811,Low
C104654,0.01966712,Low
C104655,0.02047673,Low
C104656,0.9140203,High
C104658,0.85063684,High
C104659,0.16849524,Low
C104660,0.22539227,Low
C104661,0.0015770663,Low
C104662,0.2072251,Low
C104663,0.0009831004,Low
C104664,0.76811326,High
C104665,0.9166515,High
C104666,0.10372234,Low
C104667,0.9086646,High
C104668,0.46042085,Medium
C104669,0.11454064,Low
C104670,0.28600973,Low
C104671,0.19209626,Low
C104672,0.34582517,Medium
C104673,0.40264663,Medium
C104674,0.99048924,High
C104675,0.9071866,High
C104676,0.70722467,High
C104677,0.47413775,Medium
C104678,0.6208898,High
C104679,0.27477127,Low
C104680,0.96840054,High
C104681,0.001371057,Low
C104682,0.005902856,Low
C104683,0.22812591,Low
C104684,0.8900618,High
C104685,0.3688731,Medium
C104686,0.79763824,High
C104687,0.91938335,High
C104688,0.0041524265,Low
C104689,0.8923179,High
C104690,0.69795513,High
C104692,0.1413672,Low
C104693,0.9575716,High
C104694,0.98674417,High
C104695,0.95691895,High
C104696,0.08247057,Low
C104697,0.97376335,High
C104698,0.0015938311,Low
C104699,0.11165866,Low
C104701,0.98527294,High
C104702,0.82758224,High
C104703,0.8584269,High
C104704,0.860039,High
C104706,0.51879555,Medium
C104707,0.0018872513,Low
C104708,0.0007477653,Low
C104709,0.04288539,Low
C104710,0.0004581714,Low
C104711,0.5588691,Medium
C104712,0.3398803,Medium
C104713,0.41177696,Medium
C104714,0.94501436,High
C104715,0.0018304399,Low
C104716,0.67455924,High
C104717,0.5647072,Medium
C104718,0.0007570653,Low
C104719,0.00055744237,Low
C104720,0.0018873267,Low
C104721,0.9024511,High
C104722,0.07592991,Low
C104723,0.21790263,Low
C104724,0.96889484,High
C104725,0.84575856,High
C104726,0.010964535,Low
C104727,0.020088444,Low
C104728,0.3236769,Medium
C104729,0.39433116,Medium
C104730,0.054191284,Low
C104731,0.71115136,High
C104732,0.07485158,Low
C104733,0.0018815008,Low
C104734,0.96281075,High
C104735,0.020530745,Low
C104736,0.91063535,High
C104737,0.64514804,High
C104738,0.6898988,High
C104739,0.0007566376,Low
C104740,0.01678372,Low
C104741,0.978459,High
C104742,0.170257,Low
C104743,0.8903194,High
C104744,0.00078648544,Low
C104745,0.46629572,Medium
C104746,0.7951621,High
C104747,0.04853212,Low
C104748,0.6729031,High
C104749,0.8955182,High
C104751,0.021245647,Low
C104752,0.97097486,High
C104753,0.6412262,High
C104754,0.09998171,Low
C104755,0.7161852,High
C104756,0.87224376,High
C104757,0.6454988,High
C104758,0.83042914,High
C104759,0.0009025112,Low
C104760,0.8133152,High
C104761,0.48031566,Medium
C104762,0.8067398,High
C104763,0.2556631,Low
C104764,0.10843799,Low
C104765,0.8239834,High
C104766,0.5012906,Medium
C104767,0.2511674,Low
C104769,0.92596227,High
C104770,0.3418031,Medium
C104771,0.252586,Low
C104772,0.8429181,High
C104773,0.08092607,Low
C104774,0.0041266955,Low
C104775,0.0014721958,Low
C104776,0.9454418,High
C104777,0.8819511,High
C104778,0.8390438,High
C104779,0.2771184,Low
C104780,0.0009514115,Low
C104781,0.20656885,Low
C104782,0.09918404,Low
C104783,0.09139214,Low
C104784,0.0023296312,Low
C104785,0.031789325,Low
C104786,0.0065799956,Low
C104787,0.026925549,Low
C104788,0.77832067,High
C104789,0.0059501156,Low
C104790,0.48684207,Medium
C104791,0.06353269,Low
C104792,0.24664965,Low
C104793,0.0846946,Low
C104794,0.12254888,Low
C104795,0.8947166,High
C104796,0.9233742,High
C104797,0.86854243,High
C104798,0.87389314,High
C104799,0.57043135,Medium
C104800,0.66936207,High
C104801,0.1059631,Low
C104802,0.9045227,High
C104803,0.91996855,High
C104804,0.1131364,Low
C104805,0.45512316,Medium
C104806,0.34851754,Medium
C104807,0.7672443,High
C104808,0.002197025,Low
C104810,0.00095830095,Low
C104811,0.0054575247,Low
C104812,0.90876144,High
C104813,0.34247023,Medium
C104814,0.95050126,High
C104815,0.12640944,Low
C104816,0.00042432177,Low
C104817,0.85528475,High
C104818,0.0011481025,Low
C104819,0.53454673,Medium
C104820,0.4785049,Medium
C104821,0.001011483,Low
C104822,0.4887344,Medium
C104823,0.26982614,Low
C104824,0.80181,High
C104825,0.21408087,Low
C104826,0.9687982,High
C104827,0.22590081,Low
C104828,0.2801671,Low
C104829,0.7866884,High
C104830,0.86072016,High
C104831,0.0006895304,Low
C104832,0.15137243,Low
C104833,0.7551202,High
C104834,0.9463627,High
C104835,0.6645956,High
C104836,0.95747215,High
C104837,0.90802103,High
C104838,0.8951686,High
C104839,0.0005761374,Low
C104840,0.67053324,High
C104841,0.0075582247,Low
C104842,0.017007314,Low
C104843,0.7071922,High
C104844,0.58909196,Medium
C104845,0.8342263,High
C104846,0.72519755,High
C104847,0.1301504,Low
C104848,0.3382685,Medium
C104849,0.14309482,Low
C104850,0.65840125,High
C104851,0.68149924,High
C104852,0.0009719567,Low
C104853,0.98122954,High
C104854,0.6611154,High
C104855,0.049636833,Low
C104856,0.15475245,Low
C104858,0.36591196,Medium
C104859,0.06301018,Low
C104860,0.43716994,Medium
C104861,0.51814544,Medium
C104862,0.646088,High
C104863,0.0055355714,Low
C104864,0.6317663,High
C104865,0.00035289652,Low
C104866,0.033260915,Low
C104867,0.5718588,Medium
C104868,0.5693754,Medium
C104869,0.024424981,Low
C104870,0.00067628035,Low
C104872,0.00091463025,Low
C104873,0.8348,High
C104874,0.008420638,Low
C104875,0.048930336,Low
C104876,0.8143056,High
C104877,0.112394676,Low
C104878,0.6865381,High
C104879,0.7603715,High
C104880,0.9449709,High
C104881,0.0017453565,Low
C104882,0.6033589,High
C104883,0.96242106,High
C104884,0.45890495,Medium
C104885,0.004232719,Low
C104886,0.16616845,Low
C104887,0.8714665,High
C104888,0.078093424,Low
C104889,0.14287981,Low
C104890,0.0012489461,Low
C104891,0.8944245,High
C104892,0.95510966,High
C104893,0.32177687,Medium
C104894,0.0017194853,Low
C104895,0.40809077,Medium
C104896,0.17408928,Low
C104897,0.36037347,Medium
C104898,0.44757408,Medium
C104899,0.83791435,High
C104900,0.24810436,Low
C104901,0.005641721,Low
C104902,0.89870715,High
C104903,0.8598929,High
C104904,0.67113405,High
C104905,0.90474164,High
C104906,0.97641015,High
C104907,0.61698157,High
C104908,0.0011279038,Low
C104909,0.049391024,Low
C104910,0.8239391,High
C104911,0.9762353,High
C104912,0.20487094,Low
C104913,0.10744774,Low
C104914,0.7804913,High
C104915,0.0014310994,Low
C104916,0.008108455,Low
C104920,0.20453227,Low
C104921,0.72941005,High
C104922,0.9233062,High
C104923,0.0016945484,Low
C104924,0.0005313911,Low
C104925,0.18545935,Low
C104926,0.08932952,Low
C104927,0.009256991,Low
C104928,0.014977326,Low
C104929,0.14103019,Low
C104930,0.006039717,Low
C104931,0.073012,Low
C104932,0.060246702,Low
C104933,0.37420443,Medium
C104934,0.93178904,High
C104935,0.5271009,Medium
C104936,0.06929092,Low
C104937,0.11518211,Low
C104938,0.39463195,Medium
C104939,0.012843859,Low
C104940,0.95792997,High
C104941,0.8602908,High
C104942,0.053151023,Low
C104943,0.0122245485,Low
C104944,0.89688975,High
C104945,0.018737428,Low
C104946,0.16920239,Low
C104947,0.92736447,High
C104948,0.86462986,High
C104949,0.9824025,High
C104950,0.6083852,High
C104951,0.7360137,High
C104952,0.5786834,Medium
C104953,0.6557637,High
C104954,0.0061883167,Low
C104955,0.4330291,Medium
C104956,0.47458908,Medium
C104957,0.8389065,High
C104958,0.023080736,Low
C104959,0.8503625,High
C104960,0.8184831,High
C104961,0.09764736,Low
C104962,0.5443165,Medium
C104963,0.95659715,High
C104964,0.06626274,Low
C104965,0.8604036,High
C104966,0.13693258,Low
C104967,0.6360049,High
C104968,0.85598624,High
C104969,0.6915768,High
C104970,0.14735287,Low
C104971,0.0012382423,Low
C104972,0.0012957649,Low
C104973,0.009648513,Low
C104974,0.5291877,Medium
C104975,0.08513029,Low
C104976,0.032470297,Low
C104977,0.69454443,High
C104978,0.0003314827,Low
C104979,0.76644605,High
C104980,0.59071195,Medium
C104981,0.08294921,Low
C104982,0.67657846,High
C104983,0.5712783,Medium
C104985,0.9161896,High
C104986,0.3962659,Medium
C104987,0.20662683,Low
C104988,0.00070908054,Low
C104989,0.95125973,High
C104991,0.22406507,Low
C104992,0.02182193,Low
C104993,0.1322584,Low
C104994,0.14939137,Low
C104995,0.7030209,High
C104996,0.674835,High
C104997,0.9586678,High
C104998,0.8413709,High
C104999,0.49533632,Medium
C105000,0.45634794,Medium
C105001,0.09343505,Low
C105002,0.18743503,Low
C105003,0.5761164,Medium
C105004,0.71367794,High
C105005,0.6507176,High
C105006,0.85477245,High
C105007,0.45681426,Medium
C105008,0.019173007,Low
C105009,0.9356942,High
C105010,0.32826754,Medium
C105011,0.90775585,High
C105012,0.07927687,Low
C105013,0.5623013,Medium
C105014,0.9780465,High
C105015,0.024994692,Low
C105016,0.0015771631,Low
C105017,0.079192884,Low
C105018,0.12058261,Low
C105019,0.061577782,Low
C105020,0.03581668,Low
C105021,0.9607357,High
C105022,0.000712053,Low
C105023,0.8444878,High
C105024,0.0008261639,Low
C105025,0.0008385589,Low
C105026,0.9343618,High
C105027,0.569301,Medium
C105028,0.8429122,High
C105029,0.98422724,High
C105030,0.96955854,High
C105031,0.9399121,High
C105032,0.60212094,High
C105033,0.04951295,Low
C105034,0.93742156,High
C105035,0.8416076,High
C105036,0.011656164,Low
C105037,0.17239954,Low
C105038,0.23813602,Low
C105039,0.6976332,High
C105040,0.9305993,High
C105041,0.58568305,Medium
C105042,0.0039154673,Low
C105043,0.08368523,Low
C105044,0.5959114,Medium
C105045,0.1452282,Low
C105046,0.83300734,High
C105047,0.049137183,Low
C105048,0.3035108,Medium
C105049,0.8517683,High
C105050,0.0005896737,Low
C105051,0.0016693836,Low
C105052,0.40766928,Medium
C105054,0.5572358,Medium
C105055,0.83992547,High
C105056,0.3319079,Medium
C105057,0.0008589206,Low
C105058,0.13805746,Low
C105060,0.18446241,Low
C105061,0.00042355797,Low
C105062,0.67549443,High
C105064,0.1886918,Low
C105065,0.61199117,High
C105066,0.083279856,Low
C105067,0.0025090291,Low
C105068,0.015032092,Low
C105069,0.0034939523,Low
C105070,0.06356596,Low
C105071,0.13674286,Low
C105072,0.002208496,Low
C105073,0.1956932,Low
C105074,0.95198965,High
C105075,0.0005064247,Low
C105076,0.92526156,High
C105078,0.4442057,Medium
C105079,0.0016963256,Low
C105080,0.8106651,High
C105081,0.24918139,Low
C105082,0.00066141057,Low
C105084,0.8515923,High
C105085,0.46000233,Medium
C105086,0.00056057103,Low
C105087,0.080727614,Low
C105088,0.79322594,High
C105089,0.68996674,High
C105090,0.7569109,High
C105091,0.0030214782,Low
C105092,0.12982582,Low
C105093,0.9127978,High
C105094,0.13177009,Low
C105095,0.0017322272,Low
C105096,0.014894955,Low
C105097,0.17948648,Low
C105098,0.048269305,Low
C105099,0.74973154,High
C105100,0.91263115,High
C105101,0.87026185,High
C105102,0.35676596,Medium
C105103,0.11378916,Low
C105104,0.001157976,Low
C105105,0.20072936,Low
C105106,0.0591274,Low
C105107,0.98564595,High
C105108,0.97273076,High
C105109,0.062206373,Low
C105110,0.02307914,Low
C105112,0.0016134407,Low
C105113,0.0007872424,Low
C105114,0.008741008,Low
C105115,0.90651697,High
C105116,0.902626,High
C105117,0.60335255,High
C105118,0.0013494343,Low
C105119,0.9857348,High
C105120,0.90884346,High
C105121,0.56219363,Medium
C105122,0.9158757,High
C105123,0.12046125,Low
C105124,0.7872408,High
C105125,0.49858922,Medium
C105126,0.37273398,Medium
C105127,0.8487764,High
C105128,0.9736251,High
C105129,0.006760558,Low
C105130,0.5917915,Medium
C105131,0.64438385,High
C105132,0.15617219,Low
C105133,0.96438974,High
C105134,0.2608069,Low
C105135,0.8117283,High
C105136,0.1437499,Low
C105137,0.03407402,Low
C105138,0.37916017,Medium
C105139,0.042446584,Low
C105140,0.5404745,Medium
C105141,0.51069874,Medium
C105142,0.26240215,Low
C105143,0.0018697451,Low
C105144,0.5821875,Medium
C105145,0.38197833,Medium
C105146,0.5834764,Medium
C105147,0.020689482,Low
C105148,0.411592,Medium
C105149,0.9805644,High
C105150,0.9208628,High
C105152,0.20671147,Low
C105153,0.70460504,High
C105154,0.94075984,High
C105155,0.11728686,Low
C105157,0.98868585,High
C105158,0.63560504,High
C105159,0.79992926,High
C105160,0.0025869824,Low
C105161,0.3019058,Medium
C105162,0.96497136,High
C105163,0.8697635,High
C105164,0.44635442,Medium
C105165,0.44139338,Medium
C105166,0.953946,High
C105168,0.95855606,High
C105169,0.0922981,Low
C105170,0.16977243,Low
C105171,0.7490405,High
C105172,0.043083925,Low
C105173,0.37728882,Medium
C105174,0.777619,High
C105175,0.96209913,High
C105176,0.0009223559,Low
C105177,0.03970223,Low
C105178,0.083089136,Low
C105179,0.8586615,High
C105180,0.50948226,Medium
C105181,0.76786774,High
C105182,0.12649956,Low
C105183,0.0021061813,Low
C105184,0.42103326,Medium
C105185,0.58755976,Medium
C105186,0.00086306775,Low
C105187,0.9511561,High
C105188,0.18713187,Low
C105189,0.112932816,Low
C105190,0.90134925,High
C105191,0.057249818,Low
C105192,0.060100522,Low
C105194,0.18926321,Low
C105195,0.57991135,Medium
C105196,0.000638732,Low
C105197,0.908959,High
C105198,0.8891759,High
C105199,0.92638355,High
C105200,0.19001622,Low
C105201,0.06124904,Low
C105202,0.8353142,High
C105203,0.0053540957,Low
C105204,0.21592067,Low
C105205,0.14021818,Low
C105206,0.82287145,High
C105207,0.27424306,Low
C105209,0.73320234,High
C105210,0.0009963494,Low
C105211,0.7276611,High
C105212,0.9681148,High
C105213,0.8678907,High
C105214,0.31604183,Medium
C105215,0.0016100837,Low
C105216,0.00057554845,Low
C105217,0.12059831,Low
C105218,0.5899121,Medium
C105219,0.7426907,High
C105220,0.96405977,High
C105221,0.47461772,Medium
C105222,0.9693746,High
C105223,0.0006626469,Low
C105224,0.07939136,Low
C105225,0.60101604,High
C105226,0.9464322,High
C105227,0.3509148,Medium
C105228,0.38174006,Medium
C105229,0.7844913,High
C105230,0.9367229,High
C105231,0.5438546,Medium
C105232,0.6803181,High
C105233,0.96015066,High
C105234,0.03423636,Low
C105235,0.9212608,High
C105236,0.44194493,Medium
C105237,0.9278141,High
C105238,0.85308313,High
C105239,0.3179094,Medium
C105240,0.43529895,Medium
C105241,0.4803059,Medium
C105242,0.0008060203,Low
C105243,0.9843885,High
C105245,0.030095166,Low
C105246,0.19216569,Low
C105247,0.99448085,High
C105248,0.8282291,High
C105249,0.76692766,High
C105250,0.5656491,Medium
C105251,0.13435256,Low
C105252,0.10524522,Low
C105253,0.046811618,Low
C105254,0.0008356275,Low
C105255,0.006888953,Low
C105256,0.1270349,Low
C105257,0.3556369,Medium
C105258,0.078264385,Low
C105259,0.23967078,Low
C105260,0.98587,High
C105261,0.9238093,High
C105262,0.737536,High
C105263,0.70762265,High
C105264,0.8411315,High
C105265,0.3155053,Medium
C105266,0.15118076,Low
C105268,0.62962794,High
C105269,0.0084011275,Low
C105270,0.7706135,High
C105271,0.7728302,High
C105272,0.026377765,Low
C105273,0.009887714,Low
C105274,0.2803196,Low
C105275,0.8136541,High
C105276,0.9614022,High
C105277,0.1763446,Low
C105278,0.913954,High
C105279,0.020428654,Low
C105280,0.000830473,Low
C105281,0.011516218,Low
C105282,0.79915637,High
C105283,0.04297667,Low
C105284,0.7233036,High
C105285,0.8963935,High
C105286,0.0018680656,Low
C105287,0.97220355,High
C105288,0.5980004,Medium
C105289,0.006043402,Low
C105290,0.41532597,Medium
C105291,0.0025701271,Low
C105292,0.6466866,High
C105293,0.12372718,Low
C105294,0.87787145,High
C105295,0.019508377,Low
C105296,0.89174426,High
C105297,0.00079894194,Low
C105298,0.45044354,Medium
C105299,0.003266971,Low
C105300,0.011557479,Low
C105301,0.76424986,High
C105302,0.7515193,High
C105303,0.2027393,Low
C105304,0.6443469,High
C105305,0.3911765,Medium
C105306,0.8806927,High
C105307,0.86364114,High
C105308,0.45704463,Medium
C105309,0.024828916,Low
C105310,0.0004942236,Low
C105311,0.9578346,High
C105312,0.89294845,High
C105313,0.0042163427,Low
C105314,0.09450081,Low
C105315,0.8992199,High
C105316,0.94073033,High
C105317,0.7580316,High
C105318,0.84688675,High
C105319,0.89133835,High
C105320,0.00045217728,Low
C105321,0.61628926,High
C105322,0.91960204,High
C105323,0.3581186,Medium
C105324,0.5521682,Medium
C105325,0.19076411,Low
C105326,0.0009544525,Low
C105327,0.6040125,High
C105328,0.56741834,Medium
C105329,0.9658611,High
C105330,0.74835575,High
C105331,0.029150095,Low
C105332,0.79127234,High
C105333,0.890441,High
C105334,0.016891934,Low
C105335,0.076649845,Low
C105336,0.7119871,High
C105337,0.0011789752,Low
C105338,0.2243081,Low
C105340,0.79846925,High
C105341,0.14192605,Low
C105342,0.8809962,High
C105343,0.64849365,High
C105344,0.29484448,Low
C105345,0.0007950107,Low
C105346,0.9609957,High
C105347,0.9396582,High
C105348,0.8772763,High
C105349,0.75519276,High
C105350,0.16787055,Low
C105351,0.87983966,High
C105352,0.92095953,High
C105353,0.33191952,Medium
C105354,0.4246324,Medium
C105355,0.8230739,High
C105356,0.32912797,Medium
C105357,0.6595676,High
C105358,0.8062,High
C105359,0.100431584,Low
C105360,0.6856785,High
C105362,0.90744877,High
C105363,0.9488754,High
C105364,0.0029079127,Low
C105365,0.0027596583,Low
C105366,0.053587813,Low
C105367,0.20167118,Low
C105368,0.3041624,Medium
C105369,0.9542878,High
C105370,0.968367,High
C105371,0.006401582,Low
C105372,0.40394697,Medium
C105373,0.0005517619,Low
C105374,0.05045862,Low
C105375,0.28978008,Low
C105376,0.64900786,High
C105377,0.008805726,Low
C105378,0.5141691,Medium
C105379,0.114449576,Low
C105380,0.7423983,High
C105381,0.19507346,Low
C105382,0.7386025,High
C105383,0.52680737,Medium
C105384,0.84217095,High
C105385,0.9440934,High
C105386,0.8203559,High
C105387,0.8378032,High
C105388,0.3047277,Medium
C105389,0.8371316,High
C105390,0.7879711,High
C105391,0.17651705,Low
C105392,0.013008675,Low
C105393,0.0005776657,Low
C105394,0.9030409,High
C105395,0.9475199,High
C105396,0.9915183,High
C105397,0.30290058,Medium
C105398,0.8424163,High
C105399,0.7324353,High
C105400,0.8318861,High
C105401,0.9458936,High
C105402,0.0668292,Low
C105403,0.9103889,High
C105404,0.6370673,High
C105405,0.004479613,Low
C105406,0.9848549,High
C105407,0.52551687,Medium
C105408,0.15281226,Low
C105409,0.010871559,Low
C105410,0.64626306,High
C105411,0.9902788,High
C105412,0.9610234,High
C105414,0.7214628,High
C105415,0.083299145,Low
C105416,0.23201428,Low
C105417,0.5938374,Medium
C105418,0.8557078,High
C105419,0.0320838,Low
C105420,0.905739,High
C105421,0.044743378,Low
C105422,0.7018183,High
C105423,0.00302491,Low
C105424,0.96474165,High
C105425,0.8157595,High
C105426,0.00057831383,Low
C105427,0.00082563784,Low
C105428,0.8035183,High
C105429,0.98827285,High
C105430,0.8915367,High
C105431,0.761371,High
C105432,0.6625184,High
C105433,0.94018805,High
C105434,0.9301351,High
C105435,0.015363755,Low
C105436,0.0007775309,Low
C105437,0.007507148,Low
C105438,0.10818607,Low
C105439,0.004833051,Low
C105440,0.6780854,High
C105441,0.7411907,High
C105442,0.41760027,Medium
C105443,0.9792773,High
C105444,0.39171383,Medium
C105445,0.41849643,Medium
C105446,0.34940532,Medium
C105447,0.5325799,Medium
C105448,0.12246112,Low
C105449,0.052605975,Low
C105450,0.00775068,Low
C105451,0.50736266,Medium
C105452,0.727891,High
C105453,0.07522442,Low
C105454,0.55433893,Medium
C105455,0.12518167,Low
C105456,0.0012647344,Low
C105458,0.80084676,High
C105459,0.001352796,Low
C105460,0.34334067,Medium
C105461,0.49255055,Medium
C105462,0.034851514,Low
C105463,0.81264544,High
C105464,0.97152597,High
C105465,0.00089709024,Low
C105466,0.78703034,High
C105467,0.86352277,High
C105468,0.94904697,High
C105469,0.07089732,Low
C105470,0.15152617,Low
C105471,0.24368554,Low
C105472,0.0016689323,Low
C105473,0.7536687,High
C105474,0.076173946,Low
C105476,0.35120794,Medium
C105477,0.63077664,High
C105478,0.0009536017,Low
C105479,0.15132664,Low
C105480,0.63085246,High
C105481,0.00075945596,Low
C105482,0.6122571,High
C105483,0.9710665,High
C105484,0.11487179,Low
C105485,0.0009051977,Low
C105486,0.8791232,High
C105487,0.3988965,Medium
C105488,0.68938947,High
C105489,0.2017373,Low
C105490,0.8754604,High
C105491,0.10036011,Low
C105492,0.35294902,Medium
C105493,0.901796,High
C105494,0.0015059422,Low
C105495,0.45141795,Medium
C105496,0.009793489,Low
C105497,0.0035606949,Low
C105498,0.9797192,High
C105499,0.5082532,Medium
C105500,0.73828834,High
C105501,0.0022344282,Low
C105502,0.0006900599,Low
C105503,0.7418155,High
C105504,0.5365272,Medium
C105505,0.5823472,Medium
C105506,0.73368615,High
C105507,0.0011257752,Low
C105509,0.038088996,Low
C105510,0.9053431,High
C105511,0.009412892,Low
C105512,0.29078612,Low
C105513,0.54162306,Medium
C105514,0.0018449929,Low
C105515,0.7383116,High
C105516,0.40666395,Medium
C105517,0.0039173327,Low
C105518,0.9415707,High
C105519,0.644939,High
C105520,0.37018493,Medium
C105521,0.0016623827,Low
C105522,0.34384182,Medium
C105523,0.013080513,Low
C105524,0.8820482,High
C105525,0.9027251,High
C105526,0.94590384,High
C105527,0.21370913,Low
C105528,0.0035200214,Low
C105529,0.14070824,Low
C105530,0.9677652,High
C105531,0.45874503,Medium
C105532,0.91855097,High
C105533,0.49036813,Medium
C105534,0.0019460004,Low
C105535,0.45926312,Medium
C105536,0.0035574397,Low
C105537,0.0012667816,Low
C105538,0.7264584,High
C105539,0.015743677,Low
C105540,0.46474436,Medium
C105541,0.5668422,Medium
C105542,0.87529045,High
C105543,0.01034359,Low
C105544,0.8314683,High
C105545,0.9859789,High
C105546,0.59604454,Medium
C105547,0.6588646,High
C105548,0.8684198,High
C105549,0.58146113,Medium
C105550,0.9498926,High
C105551,0.5258074,Medium
C105552,0.0331364,Low
C105553,0.90879136,High
C105554,0.0025536462,Low
C105556,0.957163,High
C105557,0.0008659678,Low
C105558,0.8819388,High
C105559,0.5745699,Medium
C105560,0.8896425,High
C105561,0.5240127,Medium
C105562,0.8550052,High
C105563,0.2830576,Low
C105564,0.55191135,Medium
C105565,0.0026849958,Low
C105566,0.10501574,Low
C105567,0.16373274,Low
C105568,0.0011013661,Low
C105569,0.78127533,High
C105570,0.00032170172,Low
C105571,0.58391386,Medium
C105572,0.0008010101,Low
C105573,0.87994534,High
C105574,0.8804035,High
C105575,0.069448255,Low
C105576,0.042162072,Low
C105577,0.93775064,High
C105578,0.9553384,High
C105579,0.03499148,Low
C105580,0.6675023,High
C105581,0.8065112,High
C105582,0.42121357,Medium
C105583,0.17886154,Low
C105584,0.7597219,High
C105585,0.0010120769,Low
C105586,0.23635747,Low
C105587,0.42899457,Medium
C105588,0.74988097,High
C105589,0.0022315937,Low
C105590,0.31581455,Medium
C105592,0.99202406,High
C105594,0.12175526,Low
C105595,0.7784903,High
C105596,0.35768107,Medium
C105597,0.56023073,Medium
C105598,0.015191809,Low
C105599,0.78254014,High
C105600,0.5160239,Medium
C105601,0.0012114333,Low
C105602,0.6127138,High
C105603,0.41341415,Medium
C105604,0.0028282094,Low
C105605,0.9457567,High
C105606,0.49792746,Medium
C105607,0.0012896715,Low
C105608,0.2347486,Low
C105609,0.034703504,Low
C105610,0.00059593335,Low
C105612,0.0138318315,Low
C105613,0.5115052,Medium
C105614,0.07312106,Low
C105615,0.26039633,Low
C105616,0.67502946,High
C105618,0.0018847622,Low
C105619,0.830769,High
C105620,0.7792215,High
C105621,0.0010216113,Low
C105622,0.93645257,High
C105623,0.123953156,Low
C105624,0.024250653,Low
C105625,0.64695704,High
C105626,0.14105465,Low
C105627,0.960514,High
C105628,0.15491778,Low
C105629,0.9149618,High
C105630,0.7244707,High
C105631,0.12850417,Low
C105632,0.7616038,High
C105633,0.44233778,Medium
C105634,0.026378814,Low
C105635,0.7092518,High
C105636,0.7665444,High
C105637,0.76236975,High
C105638,0.97593486,High
C105639,0.0010569693,Low
C105641,0.9758528,High
C105642,0.12902911,Low
C105643,0.007641855,Low
C105644,0.54645044,Medium
C105645,0.73415774,High
C105646,0.9262505,High
C105647,0.94869727,High
C105648,0.03576202,Low
C105649,0.00051605457,Low
C105650,0.68552935,High
C105651,0.00046503416,Low
C105652,0.2704862,Low
C105653,0.0011327465,Low
C105654,0.0035159911,Low
C105655,0.75424355,High
C105656,0.049087357,Low
C105657,0.7302658,High
C105658,0.9906759,High
C105659,0.63249195,High
C105660,0.15258363,Low
C105661,0.3818562,Medium
C105662,0.0099664675,Low
C105663,0.65611595,High
C105664,0.25182122,Low
C105665,0.97213644,High
C105666,0.12310835,Low
C105667,0.0008279703,Low
C105668,0.85385954,High
C105669,0.084177695,Low
C105670,0.00053280947,Low
C105671,0.5946893,Medium
C105672,0.88658714,High
C105673,0.3381678,Medium
C105674,0.79451585,High
C105675,0.4474433,Medium
C105676,0.54869884,Medium
C105677,0.73115396,High
C105678,0.20470001,Low
C105679,0.029686,Low
C105680,0.11794527,Low
C105681,0.16756767,Low
C105682,0.014077777,Low
C105683,0.93872994,High
C105684,0.9421471,High
C105685,0.8782884,High
C105686,0.9339554,High
C105687,0.856517,High
C105689,0.64711833,High
C105690,0.010050845,Low
C105691,0.001661321,Low
C105692,0.0009329479,Low
C105693,0.7991031,High
C105695,0.4402835,Medium
C105697,0.29380757,Low
C105698,0.26341102,Low
C105699,0.0007670183,Low
C105700,0.11462205,Low
C105701,0.76131785,High
C105702,0.97055423,High
C105703,0.91455567,High
C105704,0.0056648296,Low
C105705,0.9859644,High
C105706,0.0022209731,Low
C105707,0.45963293,Medium
C105708,0.80868584,High
C105709,0.47383446,Medium
C105710,0.61926943,High
C105711,0.24862207,Low
C105712,0.11959589,Low
C105713,0.026563242,Low
C105714,0.9590713,High
C105715,0.3538079,Medium
C105716,0.0015040948,Low
C105717,0.0030486495,Low
C105718,0.6068422,High
C105719,0.24213757,Low
C105720,0.050728988,Low
C105721,0.19074643,Low
C105723,0.07569668,Low
C105724,0.012673914,Low
C105725,0.97873163,High
C105726,0.93409777,High
C105727,0.0007559079,Low
C105728,0.13537697,Low
C105729,0.20089231,Low
C105730,0.7710207,High
C105731,0.0011084186,Low
C105732,0.92676276,High
C105733,0.60077786,High
C105734,0.25716674,Low
C105735,0.00689248,Low
C105736,0.48441368,Medium
C105737,0.0006192219,Low
C105738,0.92683524,High
C105739,0.1707516,Low
C105740,0.0042415247,Low
C105741,0.33981395,Medium
C105742,0.7418703,High
C105744,0.95253617,High
C105745,0.009221147,Low
C105746,0.00058221456,Low
C105747,0.9165251,High
C105748,0.85943043,High
C105749,0.82521623,High
C105750,0.22852933,Low
C105751,0.12830652,Low
C105752,0.20860659,Low
C105753,0.92549497,High
C105754,0.75346434,High
C105755,0.5154108,Medium
C105756,0.7689416,High
C105757,0.86028355,High
C105758,0.00055630784,Low
C105759,0.9414309,High
C105760,0.28445375,Low
C105761,0.7036868,High
C105762,0.67094934,High
C105763,0.97002465,High
C105764,0.95977277,High
C105765,0.338301,Medium
C105766,0.9174362,High
C105767,0.041628726,Low
C105768,0.0009161195,Low
C105769,0.6550074,High
C105770,0.9289887,High
C105772,0.85232514,High
C105773,0.009329592,Low
C105774,0.07067277,Low
C105775,0.7602835,High
C105776,0.03983407,Low
C105777,0.11762824,Low
C105778,0.47267997,Medium
C105779,0.9673761,High
C105780,0.006956953,Low
C105781,0.053386413,Low
C105782,0.0022383204,Low
C105783,0.93385977,High
C105784,0.73735297,High
C105785,0.3533613,Medium
C105786,0.9574876,High
C105787,0.0007598788,Low
C105788,0.43755433,Medium
C105789,0.97057897,High
C105790,0.06791061,Low
C105791,0.0006190325,Low
C105792,0.9140338,High
C105793,0.057399027,Low
C105794,0.37942132,Medium
C105795,0.84513944,High
C105796,0.9284051,High
C105797,0.4779694,Medium
C105798,0.31109247,Medium
C105799,0.97618073,High
C105800,0.9646622,High
C105801,0.00064274954,Low
C105802,0.00062412163,Low
C105803,0.91438407,High
C105805,0.63976204,High
C105806,0.8602326,High
C105807,0.19883761,Low
C105808,0.8856487,High
C105809,0.98917437,High
C105810,0.20645522,Low
C105812,0.0010079608,Low
C105813,0.0014796695,Low
C105814,0.6674941,High
C105815,0.0016199889,Low
C105816,0.35335082,Medium
C105817,0.27346104,Low
C105818,0.60311115,High
C105819,0.31322148,Medium
C105820,0.6541563,High
C105821,0.6078265,High
C105822,0.98745835,High
C105823,0.5987604,Medium
C105824,0.8828675,High
C105825,0.8410457,High
C105826,0.0011459668,Low
C105827,0.92688495,High
C105829,0.9716698,High
C105830,0.8395046,High
C105831,0.00082519464,Low
C105832,0.93735456,High
C105833,0.3422069,Medium
C105834,0.0011579434,Low
C105835,0.0006584197,Low
C105836,0.0009628747,Low
C105837,0.7964382,High
C105838,0.52222633,Medium
C105839,0.97225046,High
C105840,0.38374776,Medium
C105841,0.69429755,High
C105842,0.963947,High
C105843,0.008269357,Low
C105844,0.9496065,High
C105845,0.8094262,High
C105846,0.00049864163,Low
C105847,0.98178977,High
C105848,0.0019087809,Low
C105849,0.4374043,Medium
C105850,0.0011054629,Low
C105851,0.019301722,Low
C105852,0.6429691,High
C105853,0.007053024,Low
C105854,0.060317148,Low
C105855,0.80318946,High
C105856,0.0076839896,Low
C105857,0.051817942,Low
C105858,0.00077599054,Low
C105859,0.77451146,High
C105860,0.97259796,High
C105862,0.0034061442,Low
C105863,0.007623926,Low
C105865,0.92009586,High
C105866,0.05365883,Low
C105867,0.8589275,High
C105868,0.14436029,Low
C105869,0.9545209,High
C105870,0.16796573,Low
C105871,0.22821008,Low
C105872,0.0012016526,Low
C105873,0.18813725,Low
C105874,0.70763177,High
C105875,0.0017757508,Low
C105876,0.06829301,Low
C105878,0.9356927,High
C105879,0.8131749,High
C105880,0.9556842,High
C105881,0.78915733,High
C105882,0.51988626,Medium
C105883,0.8535515,High
C105884,0.7953414,High
C105885,0.8826982,High
C105886,0.0004055336,Low
C105887,0.0698606,Low
C105888,0.00080298603,Low
C105889,0.71340775,High
C105890,0.98699874,High
C105891,0.08390398,Low
C105892,0.26240483,Low
C105893,0.1376165,Low
C105894,0.09994673,Low
C105895,0.54625267,Medium
C105896,0.4763823,Medium
C105897,0.19471358,Low
C105898,0.08414853,Low
C105899,0.69287974,High
C105900,0.91205305,High
C105901,0.007048905,Low
C105902,0.1377184,Low
C105903,0.00166805,Low
C105904,0.4895595,Medium
C105905,0.66079724,High
C105906,0.6280541,High
C105907,0.0040030205,Low
C105908,0.17006005,Low
C105909,0.5600258,Medium
C105910,0.0053880773,Low
C105911,0.03193782,Low
C105913,0.23562044,Low
C105914,0.63468313,High
C105915,0.7790072,High
C105916,0.19669695,Low
C105917,0.439269,Medium
C105918,0.042722188,Low
C105919,0.34121415,Medium
C105920,0.9043712,High
C105921,0.0043713385,Low
C105922,0.31144738,Medium
C105923,0.0008819742,Low
C105924,0.9765851,High
C105925,0.11765235,Low
C105926,0.51113695,Medium
C105927,0.5990581,Medium
C105928,0.05126294,Low
C105929,0.98823345,High
C105930,0.02215267,Low
C105931,0.3546189,Medium
C105932,0.20804171,Low
C105933,0.8992463,High
C105934,0.8119668,High
C105935,0.98411155,High
C105936,0.47328183,Medium
C105937,0.92557454,High
C105938,0.4099385,Medium
C105939,0.979194,High
C105940,0.9735607,High
C105941,0.71025217,High
C105942,0.00085907086,Low
C105943,0.0006225986,Low
C105944,0.1283487,Low
C105945,0.6151098,High
C105946,0.005118037,Low
C105947,0.71275896,High
C105948,0.3113027,Medium
C105949,0.20502445,Low
C105950,0.98491687,High
C105951,0.8229134,High
C105952,0.23571877,Low
C105953,0.5844181,Medium
C105954,0.89156294,High
C105955,0.7926043,High
C105956,0.023337668,Low
C105957,0.7391915,High
C105958,0.33607632,Medium
C105959,0.0008355777,Low
C105960,0.2961476,Low
C105961,0.5795471,Medium
C105962,0.16366436,Low
C105963,0.2005856,Low
C105964,0.0020554604,Low
C105965,0.0023209355,Low
C105966,0.27000952,Low
C105967,0.26774362,Low
C105968,0.87151,High
C105969,0.9810146,High
C105970,0.14030543,Low
C105971,0.96025026,High
C105972,0.7178152,High
C105973,0.97419083,High
C105974,0.072219774,Low
C105975,0.11912683,Low
C105976,0.9919512,High
C105977,0.14616795,Low
C105978,0.0013035068,Low
C105979,0.33985382,Medium
C105980,0.6924334,High
C105981,0.9076036,High
C105982,0.37411153,Medium
C105983,0.84099346,High
C105984,0.30252108,Medium
C105985,0.60032856,High
C105986,0.03272526,Low
C105987,0.0026168497,Low
C105988,0.7357026,High
C105989,0.5326109,Medium
C105990,0.34964475,Medium
C105991,0.2525815,Low
C105992,0.7527724,High
C105993,0.460863,Medium
C105994,0.9039839,High
C105995,0.15925641,Low
C105996,0.07936423,Low
C105997,0.5021327,Medium
C105998,0.9708827,High
C105999,0.08528493,Low
C106000,0.02769058,Low
C106001,0.93090713,High
C106002,0.78452075,High
C106003,0.6962102,High
C106004,0.73333496,High
C106005,0.9296649,High
C106006,0.7849224,High
C106007,0.0013422896,Low
C106008,0.030978108,Low
C106009,0.17297578,Low
C106010,0.0024851393,Low
C106011,0.16450062,Low
C106012,0.04356552,Low
C106013,0.0009017448,Low
C106014,0.33822343,Medium
C106015,0.11481604,Low
C106016,0.8289481,High
C106017,0.7939355,High
C106018,0.13940081,Low
C106019,0.027957477,Low
C106020,0.54272664,Medium
C106021,0.67264444,High
C106022,0.14983605,Low
C106023,0.9405297,High
C106024,0.5050391,Medium
C106025,0.054137852,Low
C106026,0.30215067,Medium
C106027,0.22527337,Low
C106028,0.6513385,High
C106030,0.97644264,High
C106031,0.90773875,High
C106032,0.0010775586,Low
C106033,0.17401381,Low
C106034,0.7914536,High
C106035,0.07030408,Low
C106036,0.6884509,High
C106037,0.30063942,Medium
C106038,0.95094824,High
C106039,0.0030596969,Low
C106040,0.0011564603,Low
C106041,0.9219914,High
C106043,0.033487048,Low
C106044,0.29490113,Low
C106045,0.4337392,Medium
C106046,0.0026484192,Low
C106047,0.0020463227,Low
C106048,0.12796117,Low
C106049,0.0007008757,Low
C106050,0.06472957,Low
C106051,0.9750532,High
C106052,0.9608007,High
C106053,0.37603,Medium
C106054,0.00087566243,Low
C106056,0.0109431995,Low
C106057,0.0008476998,Low
C106058,0.94412404,High
C106059,0.9051056,High
C106060,0.080443755,Low
C106061,0.17606287,Low
C106062,0.42206386,Medium
C106063,0.975243,High
C106064,0.13126767,Low
C106065,0.59324527,Medium
C106066,0.8607334,High
C106067,0.09420402,Low
C106068,0.0006458296,Low
C106069,0.70982915,High
C106070,0.2302086,Low
C106071,0.432187,Medium
C106072,0.85720307,High
C106073,0.006788064,Low
C106074,0.1330786,Low
C106075,0.25682238,Low
C106076,0.0005098466,Low
C106077,0.04053777,Low
C106078,0.8084797,High
C106079,0.0605862,Low
C106080,0.49102086,Medium
C106081,0.52146274,Medium
C106082,0.81047964,High
C106083,0.69807905,High
C106084,0.0009940256,Low
C106085,0.0017591696,Low
C106086,0.19577777,Low
C106087,0.32595727,Medium
C106088,0.026825465,Low
C106089,0.8083827,High
C106090,0.5564708,Medium
C106091,0.06585849,Low
C106093,0.8409566,High
C106094,0.7841819,High
C106095,0.012191819,Low
C106096,0.43699515,Medium
C106097,0.23753034,Low
C106098,0.005738718,Low
C106099,0.035669915,Low
C106100,0.47860354,Medium
C106101,0.93632585,High
C106102,0.92210054,High
C106103,0.6636415,High
C106104,0.85832036,High
C106105,0.18521665,Low
C106106,0.0009667556,Low
C106107,0.9808656,High
C106108,0.71795243,High
C106109,0.12508364,Low
C106110,0.93092686,High
C106111,0.028648812,Low
C106112,0.45584443,Medium
C106113,0.30332544,Medium
C106114,0.6308324,High
C106115,0.013215544,Low
C106116,0.39055583,Medium
C106117,0.9669601,High
C106118,0.94635326,High
C106119,0.9879012,High
C106120,0.23493516,Low
C106121,0.00041580916,Low
C106122,0.8900471,High
C106123,0.87903994,High
C106124,0.35298115,Medium
C106125,0.14182171,Low
C106126,0.01738077,Low
C106127,0.27422467,Low
C106128,0.94468516,High
C106129,0.6193751,High
C106130,0.2978345,Low
C106131,0.86766917,High
C106132,0.8237758,High
C106133,0.7728753,High
C106134,0.12765786,Low
C106136,0.95827216,High
C106137,0.9200205,High
C106138,0.0073267766,Low
C106139,0.045243967,Low
C106140,0.61391634,High
C106141,0.56034124,Medium
C106143,0.44508356,Medium
C106144,0.012133182,Low
C106145,0.4322376,Medium
C106146,0.0012376308,Low
C106147,0.986107,High
C106148,0.012369055,Low
C106149,0.0010061892,Low
C106150,0.0007224438,Low
C106151,0.9833452,High
C106152,0.10230961,Low
C106153,0.00041817472,Low
C106154,0.89134496,High
C106155,0.96683073,High
C106156,0.048308156,Low
C106157,0.0003070046,Low
C106158,0.6874533,High
C106159,0.16895434,Low
C106160,0.63141936,High
C106161,0.9601634,High
C106162,0.8913645,High
C106163,0.13969119,Low
C106164,0.02312417,Low
C106165,0.023448542,Low
C106166,0.9464322,High
C106167,0.9354756,High
C106168,0.07437659,Low
C106169,0.34633553,Medium
C106170,0.7884805,High
C106171,0.20886046,Low
C106172,0.027742816,Low
C106173,0.15957442,Low
C106174,0.0014426564,Low
C106175,0.00046439626,Low
C106176,0.8709951,High
C106177,0.51345795,Medium
C106178,0.0054985993,Low
C106180,0.7755622,High
C106181,0.41246662,Medium
C106182,0.9558345,High
C106183,0.14003171,Low
C106184,0.52911824,Medium
C106185,0.1811593,Low
C106186,0.96573436,High
C106187,0.99086714,High
C106188,0.9222058,High
C106189,0.010645151,Low
C106190,0.3320051,Medium
C106191,0.0005748637,Low
C106192,0.7448741,High
C106193,0.7195491,High
C106194,0.96352625,High
C106195,0.22693226,Low
C106196,0.7014958,High
C106197,0.9246764,High
C106198,0.67026097,High
C106199,0.8816828,High
C106200,0.0013172369,Low
C106201,0.7868081,High
C106202,0.97703415,High
C106203,0.3860944,Medium
C106204,0.047799908,Low
C106205,0.60012513,High
C106206,0.0016327502,Low
C106207,0.0012188699,Low
C106208,0.25383383,Low
C106210,0.79514253,High
C106211,0.38290024,Medium
C106212,0.7617772,High
C106213,0.9416924,High
C106214,0.046739403,Low
C106215,0.0029225964,Low
C106216,0.5688697,Medium
C106217,0.73636866,High
C106218,0.0015058324,Low
C106219,0.020412963,Low
C106220,0.0171205,Low
C106221,0.9538227,High
C106222,0.3766397,Medium
C106223,0.00092472916,Low
C106224,0.8803697,High
C106225,0.011679374,Low
C106226,0.0283341,Low
C106227,0.22260761,Low
C106228,0.9778488,High
C106229,0.00070417876,Low
C106230,0.9782175,High
C106231,0.6605766,High
C106232,0.09713007,Low
C106233,0.6765175,High
C106234,0.89496815,High
C106235,0.01046675,Low
C106236,0.09868094,Low
C106237,0.22393426,Low
C106238,0.24188864,Low
C106239,0.0013655657,Low
C106240,0.00074430445,Low
C106241,0.7279535,High
C106242,0.00074177404,Low
C106243,0.2052262,Low
C106244,0.31785205,Medium
C106245,0.253232,Low
C106246,0.34901223,Medium
C106247,0.96924925,High
C106248,0.6871047,High
C106249,0.9090922,High
C106250,0.04705121,Low
C106251,0.58338124,Medium
C106253,0.4861525,Medium
C106255,0.8649395,High
C106256,0.2958444,Low
C106257,0.7883064,High
C106258,0.672283,High
C106259,0.93110657,High
C106260,0.5128522,Medium
C106261,0.10695959,Low
C106262,0.0013354879,Low
C106263,0.787743,High
C106264,0.03496728,Low
C106265,0.8142461,High
C106266,0.0012009639,Low
C106267,0.0012164483,Low
C106268,0.0006996685,Low
C106269,0.056219656,Low
C106270,0.55128795,Medium
C106271,0.0004224799,Low
C106273,0.8012979,High
C106274,0.96394104,High
C106275,0.9532848,High
C106276,0.27305782,Low
C106277,0.64795727,High
C106279,0.5082235,Medium
C106280,0.8539402,High
C106281,0.73497814,High
C106282,0.89771366,High
C106283,0.077737704,Low
C106284,0.90992475,High
C106285,0.16319734,Low
C106286,0.24657159,Low
C106287,0.010612488,Low
C106288,0.6396617,High
C106289,0.0048218966,Low
C106290,0.7274399,High
C106292,0.8754546,High
C106293,0.20430188,Low
C106294,0.19705409,Low
C106296,0.057496496,Low
C106298,0.34482417,Medium
C106299,0.4672484,Medium
C106300,0.07973286,Low
C106301,0.14375153,Low
C106302,0.15104742,Low
C106303,0.7567557,High
C106304,0.36376932,Medium
C106305,0.58836323,Medium
C106306,0.8773583,High
C106307,0.8439675,High
C106308,0.036597878,Low
C106309,0.8320703,High
C106310,0.029409211,Low
C106311,0.8646449,High
C106312,0.0017071269,Low
C106313,0.02677712,Low
C106314,0.3705565,Medium
C106315,0.00054618326,Low
C106316,0.0013681183,Low
C106317,0.035883155,Low
C106318,0.03197954,Low
C106319,0.9710423,High
C106321,0.0008912533,Low
C106322,0.8537469,High
C106323,0.39789444,Medium
C106324,0.057809345,Low
C106325,0.026399609,Low
C106326,0.716526,High
C106327,0.16744386,Low
C106329,0.5975782,Medium
C106330,0.685109,High
C106331,0.50632465,Medium
C106333,0.8922873,High
C106334,0.7753396,High
C106335,0.52528954,Medium
C106336,0.96785474,High
C106337,0.8428474,High
C106338,0.82512707,High
C106339,0.07825938,Low
C106340,0.001059207,Low
C106341,0.0013614271,Low
C106342,0.0012280155,Low
C106343,0.80715597,High
C106344,0.03808297,Low
C106345,0.8135498,High
C106346,0.5015785,Medium
C106347,0.9735034,High
C106348,0.00052374223,Low
C106349,0.9552039,High
C106350,0.00333839,Low
C106351,0.17287809,Low
C106352,0.34314132,Medium
C106353,0.094953105,Low
C106354,0.0007681857,Low
C106355,0.6068128,High
C106356,0.89669156,High
C106357,0.9107563,High
C106358,0.98724294,High
C106359,0.55768156,Medium
C106360,0.5583014,Medium
C106361,0.14648725,Low
C106362,0.16462466,Low
C106363,0.8749684,High
C106366,0.98567224,High
C106367,0.9788341,High
C106368,0.9457475,High
C106369,0.1283778,Low
C106370,0.013753337,Low
C106371,0.08728504,Low
C106372,0.8493272,High
C106373,0.10385045,Low
C106374,0.9656068,High
C106375,0.8822711,High
C106376,0.96270543,High
C106377,0.52540714,Medium
C106378,0.91132754,High
C106379,0.93192154,High
C106380,0.823624,High
C106381,0.5946234,Medium
C106382,0.30438352,Medium
C106383,0.5328255,Medium
C106384,0.04750808,Low
C106385,0.16170178,Low
C106386,0.720694,High
C106387,0.18603607,Low
C106388,0.0010619634,Low
C106389,0.001368527,Low
C106390,0.7400443,High
C106391,0.92438155,High
C106392,0.20386271,Low
C106393,0.65186214,High
C106394,0.85428387,High
C106395,0.2758158,Low
C106396,0.36015442,Medium
C106397,0.96948874,High
C106398,0.8224153,High
C106400,0.015932066,Low
C106401,0.7141814,High
C106402,0.0007510905,Low
C106403,0.08070607,Low
C106404,0.9463065,High
C106405,0.36903948,Medium
C106406,0.5950326,Medium
C106407,0.18260856,Low
C106408,0.5769935,Medium
C106409,0.95337504,High
C106410,0.9367682,High
C106411,0.87175643,High
C106413,0.8804715,High
C106414,0.012738459,Low
C106415,0.97359765,High
C106416,0.048925795,Low
C106417,0.35947537,Medium
C106418,0.0010572482,Low
C106419,0.015256121,Low
C106420,0.7655652,High
C106421,0.0029089402,Low
C106422,0.91433156,High
C106423,0.0022582202,Low
C106424,0.001063102,Low
C106425,0.0017941983,Low
C106426,0.031734504,Low
C106427,0.011959926,Low
C106428,0.9739368,High
C106429,0.0010547292,Low
C106430,0.22060524,Low
C106431,0.45847335,Medium
C106432,0.55678916,Medium
C106433,0.11933648,Low
C106434,0.7581604,High
C106435,0.9354297,High
C106436,0.9232006,High
C106437,0.28101084,Low
C106438,0.5476071,Medium
C106439,0.3316743,Medium
C106440,0.011972938,Low
C106441,0.45360804,Medium
C106443,0.93571776,High
C106444,0.96045893,High
C106445,0.76438046,High
C106446,0.003962349,Low
C106447,0.0023553083,Low
C106448,0.77489007,High
C106449,0.63188803,High
C106450,0.758356,High
C106451,0.4258316,Medium
C106452,0.031294312,Low
C106453,0.0021009264,Low
C106454,0.30072156,Medium
C106455,0.05905642,Low
C106456,0.1926266,Low
C106457,0.98815155,High
C106458,0.0012425209,Low
C106459,0.3993718,Medium
C106460,0.80560386,High
C106462,0.34983045,Medium
C106463,0.12877521,Low
C106464,0.86714107,High
C106465,0.21642476,Low
C106466,0.12339732,Low
C106467,0.14229551,Low
C106468,0.70422214,High
C106469,0.59766376,Medium
C106470,0.3976669,Medium
C106471,0.0016970597,Low
C106472,0.94563735,High
C106473,0.4054726,Medium
C106474,0.0012684907,Low
C106475,0.72097296,High
C106477,0.9430959,High
C106478,0.9773531,High
C106479,0.44766068,Medium
C106480,0.0025121623,Low
C106481,0.99247897,High
C106482,0.95531034,High
C106483,0.001398812,Low
C106484,0.9232118,High
C106485,0.7696914,High
C106486,0.8406897,High
C106487,0.9676954,High
C106488,0.9899713,High
C106489,0.71584463,High
C106490,0.0005840729,Low
C106491,0.6024696,High
C106492,0.5428911,Medium
C106493,0.26808706,Low
C106494,0.006439713,Low
C106495,0.7313226,High
C106496,0.9894281,High
C106497,0.027140971,Low
C106498,0.05222059,Low
C106499,0.81549203,High
C106500,0.7096124,High
C106501,0.826242,High
C106502,0.7588402,High
C106503,0.8477597,High
C106504,0.7380696,High
C106505,0.123414315,Low
C106506,0.44954303,Medium
C106507,0.42779687,Medium
C106508,0.7277317,High
C106510,0.22568896,Low
C106511,0.612876,High
C106512,0.9823272,High
C106513,0.89565134,High
C106514,0.6252571,High
C106515,0.005627796,Low
C106516,0.73220205,High
C106517,0.43404981,Medium
C106518,0.27880538,Low
C106519,0.0061944667,Low
C106520,0.96891147,High
C106521,0.86856806,High
C106522,0.08326906,Low
C106523,0.1635976,Low
C106524,0.8886671,High
C106525,0.75252116,High
C106526,0.3666945,Medium
C106527,0.5503827,Medium
C106528,0.05351234,Low
C106529,0.6410109,High
C106530,0.0015118482,Low
C106531,0.0006291401,Low
C106532,0.33207077,Medium
C106534,0.001021691,Low
C106535,0.0009819078,Low
C106536,0.016978377,Low
C106537,0.95214975,High
C106538,0.85668594,High
C106539,0.4589418,Medium
C106540,0.0015982114,Low
C106541,0.3762143,Medium
C106542,0.32267934,Medium
C106543,0.5128815,Medium
C106544,0.000867785,Low
C106545,0.7808207,High
C106546,0.53879887,Medium
C106547,0.0012845296,Low
C106548,0.66642886,High
C106549,0.0008769204,Low
C106550,0.857592,High
C106551,0.68858546,High
C106552,0.35147455,Medium
C106553,0.9369905,High
C106554,0.0049706977,Low
C106555,0.10719217,Low
C106556,0.00053243735,Low
C106557,0.9858905,High
C106558,0.61439127,High
C106559,0.9408564,High
C106560,0.9253738,High
C106561,0.5174724,Medium
C106562,0.0016601194,Low
C106563,0.9560554,High
C106564,0.20483808,Low
C106565,0.0010976833,Low
C106566,0.0135587305,Low
C106567,0.2938965,Low
C106568,0.0020241414,Low
C106569,0.62270284,High
C106570,0.08599377,Low
C106571,0.0028908837,Low
C106572,0.20494232,Low
C106573,0.0006611159,Low
C106574,0.03665589,Low
C106575,0.5157078,Medium
C106576,0.8058309,High
C106577,0.5201753,Medium
C106578,0.009293329,Low
C106579,0.7721149,High
C106580,0.16734563,Low
C106581,0.008682197,Low
C106582,0.9369704,High
C106583,0.9813674,High
C106584,0.014771676,Low
C106585,0.012599013,Low
C106586,0.0043022,Low
C106587,0.25945365,Low
C106588,0.9097494,High
C106589,0.00069925986,Low
C106590,0.9430164,High
C106591,0.0019196403,Low
C106592,0.20200315,Low
C106593,0.2568214,Low
C106594,0.02854289,Low
C106595,0.28741655,Low
C106596,0.36406505,Medium
C106597,0.037489086,Low
C106598,0.27105275,Low
C106599,0.0006209648,Low
C106600,0.95067585,High
C106601,0.00063995365,Low
C106602,0.7266649,High
C106603,0.85127085,High
C106604,0.57591593,Medium
C106605,0.9896941,High
C106607,0.97577924,High
C106608,0.7856372,High
C106609,0.366644,Medium
C106610,0.015453914,Low
C106611,0.0907287,Low
C106612,0.25802666,Low
C106613,0.55803174,Medium
C106614,0.50733584,Medium
C106615,0.9801113,High
C106616,0.024254184,Low
C106617,0.00042038018,Low
C106618,0.31955498,Medium
C106619,0.48791242,Medium
C106620,0.31318238,Medium
C106621,0.16101635,Low
C106622,0.42145845,Medium
C106623,0.016834613,Low
C106624,0.080427215,Low
C106625,0.53183883,Medium
C106626,0.004361744,Low
C106627,0.001089919,Low
C106628,0.48915493,Medium
C106629,0.9191514,High
C106630,0.47067362,Medium
C106631,0.106483236,Low
C106632,0.004550151,Low
C106633,0.48987067,Medium
C106635,0.9631935,High
C106636,0.1515758,Low
C106637,0.35104996,Medium
C106638,0.026049353,Low
C106639,0.002651832,Low
C106640,0.6093594,High
C106641,0.9899322,High
C106642,0.5571252,Medium
C106643,0.25269178,Low
C106644,0.39204124,Medium
C106645,0.124490336,Low
C106646,0.77299166,High
C106647,0.76153314,High
C106648,0.95718765,High
C106649,0.93847555,High
C106650,0.18313861,Low
C106651,0.5021032,Medium
C106652,0.89525414,High
C106653,0.0044151787,Low
C106654,0.5028833,Medium
C106655,0.9200553,High
C106656,0.026653428,Low
C106657,0.36252892,Medium
C106658,0.9578235,High
C106659,0.033734456,Low
C106661,0.74300885,High
C106662,0.7666211,High
C106663,0.96524274,High
C106664,0.54023683,Medium
C106665,0.9803991,High
C106666,0.914315,High
C106667,0.0033812467,Low
C106668,0.0016227678,Low
C106669,0.21361083,Low
C106670,0.0013758667,Low
C106671,0.04948034,Low
C106672,0.044541333,Low
C106673,0.7939273,High
C106674,0.0017138142,Low
C106675,0.00047550566,Low
C106677,0.51992524,Medium
C106678,0.00067592954,Low
C106679,0.4045517,Medium
C106680,0.24352255,Low
C106681,0.85534817,High
C106682,0.6091851,High
C106683,0.93259823,High
C106684,0.9588267,High
C106685,0.8735184,High
C106686,0.65733117,High
C106687,0.300411,Medium
C106688,0.08155952,Low
C106689,0.8034803,High
C106690,0.85684276,High
C106691,0.4656688,Medium
C106692,0.0009311789,Low
C106693,0.012263707,Low
C106696,0.75993145,High
C106697,0.0031550725,Low
C106698,0.009073724,Low
C106699,0.10381209,Low
C106700,0.6927983,High
C106701,0.29200885,Low
C106702,0.9587183,High
C106703,0.63233906,High
C106704,0.00078329357,Low
C106705,0.24009924,Low
C106706,0.6296008,High
C106707,0.3624098,Medium
C106708,0.28859204,Low
C106709,0.1595842,Low
C106710,0.23509008,Low
C106711,0.6875741,High
C106712,0.42115688,Medium
C106713,0.003508988,Low
C106714,0.40970862,Medium
C106715,0.582631,Medium
C106716,0.767226,High
C106717,0.3857862,Medium
C106718,0.38849926,Medium
C106719,0.08574288,Low
C106720,0.46931744,Medium
C106721,0.74988055,High
C106722,0.0039631734,Low
C106724,0.48242235,Medium
C106725,0.00048830634,Low
C106726,0.2070382,Low
C106727,0.0005204042,Low
C106728,0.8511866,High
C106729,0.6032915,High
C106730,0.51851946,Medium
C106731,0.28719288,Low
C106732,0.0009663275,Low
C106733,0.50894606,Medium
C106734,0.87466085,High
C106735,0.86777544,High
C106736,0.42486128,Medium
C106737,0.010710292,Low
C106738,0.03994002,Low
C106739,0.4208349,Medium
C106740,0.5597715,Medium
C106742,0.17514245,Low
C106743,0.84533983,High
C106744,0.1134845,Low
C106745,0.28260273,Low
C106747,0.0028376724,Low
C106748,0.33599758,Medium
C106749,0.93568575,High
C106750,0.74305147,High
C106751,0.8674222,High
C106752,0.729138,High
C106753,0.0006610879,Low
C106754,0.001151851,Low
C106755,0.4594082,Medium
C106756,0.019161465,Low
C106757,0.0009913009,Low
C106758,0.98846346,High
C106759,0.0007874817,Low
C106760,0.9802509,High
C106761,0.6776227,High
C106762,0.8096056,High
C106763,0.5625516,Medium
C106764,0.03876291,Low
C106765,0.31749386,Medium
C106766,0.11402545,Low
C106767,0.9703996,High
C106768,0.80952376,High
C106769,0.86313343,High
C106770,0.22366704,Low
C106771,0.9319998,High
C106772,0.58910215,Medium
C106773,0.8028157,High
C106774,0.072421744,Low
C106775,0.92691934,High
C106776,0.00073944824,Low
C106777,0.5885906,Medium
C106778,0.9341739,High
C106779,0.66359675,High
C106780,0.0025655094,Low
C106781,0.4275895,Medium
C106782,0.56536394,Medium
C106783,0.89935726,High
C106784,0.7112053,High
C106785,0.00064628274,Low
C106786,0.97749054,High
C106787,0.08465366,Low
C106788,0.9846028,High
C106789,0.23922528,Low
C106790,0.856466,High
C106792,0.0028958085,Low
C106793,0.0010627427,Low
C106794,0.21807265,Low
C106795,0.96316326,High
C106796,0.0006369502,Low
C106797,0.5536738,Medium
C106798,0.6070849,High
C106799,0.6501083,High
C106800,0.95095575,High
C106801,0.44473305,Medium
C106802,0.597451,Medium
C106803,0.23687254,Low
C106804,0.0041967803,Low
C106805,0.8790085,High
C106806,0.01604099,Low
C106807,0.6150973,High
C106808,0.26093385,Low
C106809,0.095509395,Low
C106810,0.5746649,Medium
C106811,0.42483327,Medium
C106812,0.47073507,Medium
C106814,0.072988994,Low
C106815,0.8880348,High
C106816,0.6440683,High
C106817,0.01858445,Low
C106818,0.73334605,High
C106819,0.3018694,Medium
C106820,0.002291858,Low
C106821,0.13161443,Low
C106822,0.8580883,High
C106823,0.8341831,High
C106824,0.0060780556,Low
C106825,0.63679636,High
C106826,0.0015849295,Low
C106827,0.52700126,Medium
C106828,0.10056726,Low
C106830,0.0997147,Low
C106831,0.12034217,Low
C106832,0.23690647,Low
C106833,0.43970585,Medium
C106834,0.6945474,High
C106835,0.10273339,Low
C106836,0.0017879725,Low
C106837,0.9328207,High
C106838,0.0005225694,Low
C106839,0.007376823,Low
C106840,0.008564584,Low
C106841,0.19107127,Low
C106842,0.7874455,High
C106844,0.007109059,Low
C106845,0.91742736,High
C106846,0.089864075,Low
C106847,0.026948879,Low
C106848,0.9246111,High
C106849,0.62817186,High
C106850,0.011196345,Low
C106851,0.6917207,High
C106852,0.091840945,Low
C106853,0.002098159,Low
C106854,0.9543548,High
C106855,0.00094229233,Low
C106856,0.672296,High
C106857,0.13777557,Low
C106858,0.001468826,Low
C106859,0.8014353,High
C106860,0.00067166175,Low
C106861,0.58996814,Medium
C106862,0.7229604,High
C106863,0.1846428,Low
C106864,0.1618128,Low
C106865,0.19120856,Low
C106866,0.6528197,High
C106867,0.038329504,Low
C106868,0.50627774,Medium
C106869,0.00090279843,Low
C106870,0.96364206,High
C106871,0.974463,High
C106872,0.6676341,High
C106873,0.7863469,High
C106874,0.99243623,High
C106875,0.9666059,High
C106876,0.7020208,High
C106877,0.9537513,High
C106878,0.5406615,Medium
C106879,0.0019559956,Low
C106880,0.0011170385,Low
C106881,0.7770551,High
C106882,0.7798425,High
C106883,0.69093305,High
C106884,0.5675301,Medium
C106885,0.025282566,Low
C106886,0.00055370486,Low
C106887,0.11605696,Low
C106888,0.7356868,High
C106889,0.1997275,Low
C106890,0.30810165,Medium
C106891,0.012967786,Low
C106892,0.22739232,Low
C106893,0.00090798386,Low
C106894,0.62915707,High
C106895,0.30929536,Medium
C106896,0.0007940601,Low
C106897,0.9896685,High
C106898,0.47759226,Medium
C106899,0.0010362042,Low
C106900,0.002863977,Low
C106901,0.16270562,Low
C106903,0.44610193,Medium
C106904,0.11686213,Low
C106905,0.6252425,High
C106906,0.9628218,High
C106907,0.41460556,Medium
C106908,0.012305816,Low
C106909,0.37958127,Medium
C106910,0.8324102,High
C106911,0.90585387,High
C106912,0.793232,High
C106913,0.006211457,Low
C106914,0.93950164,High
C106915,0.8575473,High
C106916,0.41932726,Medium
C106917,0.9873072,High
C106918,0.0904042,Low
C106919,0.2595954,Low
C106920,0.31927752,Medium
C106921,0.53465575,Medium
C106922,0.07870769,Low
C106923,0.19527206,Low
C106924,0.0013873113,Low
C106925,0.87512666,High
C106926,0.24404626,Low
C106927,0.12085707,Low
C106928,0.018539444,Low
C106929,0.8564821,High
C106930,0.0031394558,Low
C106931,0.0009233913,Low
C106932,0.0020374176,Low
C106933,0.6581109,High
C106934,0.7749341,High
C106935,0.00038267078,Low
C106936,0.8990296,High
C106937,0.93972874,High
C106938,0.24211979,Low
C106939,0.82007354,High
C106940,0.0011210168,Low
C106941,0.9310124,High
C106942,0.30400246,Medium
C106943,0.91363645,High
C106945,0.0006202698,Low
C106946,0.30129662,Medium
C106947,0.2748738,Low
C106948,0.29453087,Low
C106949,0.6394837,High
C106950,0.9906125,High
C106951,0.199999,Low
C106952,0.21592899,Low
C106953,0.7318159,High
C106954,0.56750643,Medium
C106955,0.09968561,Low
C106956,0.8952134,High
C106957,0.658733,High
C106958,0.37720644,Medium
C106960,0.076598905,Low
C106961,0.07448206,Low
C106962,0.7849309,High
C106963,0.49852356,Medium
C106964,0.12556274,Low
C106965,0.019887283,Low
C106966,0.6468476,High
C106967,0.8882573,High
C106968,0.8323255,High
C106969,0.0015847627,Low
C106970,0.00052788376,Low
C106971,0.44144455,Medium
C106972,0.08045053,Low
C106973,0.7128912,High
C106974,0.4493529,Medium
C106975,0.92648846,High
C106976,0.0061340244,Low
C106977,0.63362306,High
C106978,0.41028258,Medium
C106979,0.7380284,High
C106980,0.0006436065,Low
C106981,0.7912538,High
C106982,0.45638567,Medium
C106983,0.19188893,Low
C106984,0.002042307,Low
C106985,0.897825,High
C106986,0.89075595,High
C106987,0.6969318,High
C106988,0.26878932,Low
C106989,0.75909954,High
C106990,0.39756897,Medium
C106991,0.46770746,Medium
C106992,0.07823849,Low
C106993,0.9920386,High
C106994,0.43337968,Medium
C106995,0.76485527,High
C106996,0.37477857,Medium
C106997,0.21838436,Low
C106998,0.39117432,Medium
C106999,0.14005792,Low
C107000,0.9296539,High
C107001,0.96399796,High
C107002,0.85311085,High
C107003,0.74284035,High
C107004,0.82196724,High
C107005,0.6427023,High
C107006,0.0010456971,Low
C107007,0.7739142,High
C107008,0.758427,High
C107009,0.94086075,High
C107010,0.20401272,Low
C107011,0.7166525,High
C107012,0.01572762,Low
C107013,0.87383026,High
C107014,0.0052691484,Low
C107015,0.6625068,High
C107016,0.37134406,Medium
C107017,0.96119267,High
C107018,0.4455367,Medium
C107020,0.36194506,Medium
C107021,0.9306561,High
C107022,0.23379543,Low
C107023,0.9733805,High
C107024,0.83530724,High
C107025,0.26688293,Low
C107026,0.08377611,Low
C107027,0.96746427,High
C107028,0.18120171,Low
C107029,0.026400112,Low
C107030,0.0054886756,Low
C107031,0.797333,High
C107032,0.0026339728,Low
C107033,0.29772896,Low
C107034,0.23762432,Low
C107035,0.0023039696,Low
C107036,0.1357939,Low
C107037,0.00134387,Low
C107038,0.8399029,High
C107040,0.04122405,Low
C107041,0.00060461945,Low
C107042,0.020168077,Low
C107044,0.9513046,High
C107045,0.25238413,Low
C107046,0.55916595,Medium
C107047,0.5221866,Medium
C107048,0.2880116,Low
C107049,0.37380964,Medium
C107050,0.47187304,Medium
C107051,0.15162483,Low
C107052,0.329738,Medium
C107053,0.12873583,Low
C107054,0.8268156,High
C107055,0.7944383,High
C107056,0.0011595754,Low
C107057,0.15032302,Low
C107058,0.4104013,Medium
C107059,0.058073413,Low
C107060,0.1533712,Low
C107061,0.7037464,High
C107062,0.005968213,Low
C107063,0.7099364,High
C107064,0.5671119,Medium
C107065,0.20361586,Low
C107066,0.15620017,Low
C107067,0.92947114,High
C107068,0.8146068,High
C107069,0.96172136,High
C107070,0.71660507,High
C107071,0.97616154,High
C107072,0.015280237,Low
C107073,0.2281059,Low
C107074,0.42723766,Medium
C107075,0.7508246,High
C107076,0.0006606772,Low
C107077,0.055444162,Low
C107078,0.0016101183,Low
C107079,0.02150637,Low
C107080,0.26430196,Low
C107081,0.011578012,Low
C107082,0.95908797,High
C107083,0.83217174,High
C107084,0.73202777,High
C107085,0.1065889,Low
C107086,0.15372306,Low
C107087,0.2026525,Low
C107088,0.0026460649,Low
C107089,0.0072443797,Low
C107090,0.9921813,High
C107091,0.95387006,High
C107092,0.9814958,High
C107093,0.26409698,Low
C107094,0.58558154,Medium
C107095,0.10450843,Low
C107096,0.0043618022,Low
C107097,0.11069197,Low
C107098,0.0009244107,Low
C107099,0.0006713607,Low
C107100,0.00092534523,Low
C107101,0.64731,High
C107102,0.36844832,Medium
C107103,0.950012,High
C107104,0.05617473,Low
C107105,0.7859548,High
C107106,0.94071037,High
C107107,0.72870433,High
C107108,0.053892504,Low
C107109,0.9226048,High
C107110,0.15592249,Low
C107111,0.9623316,High
C107112,0.07193609,Low
C107113,0.15011686,Low
C107114,0.0011847443,Low
C107115,0.8148293,High
C107116,0.4980495,Medium
C107117,0.050802402,Low
C107118,0.98776674,High
C107119,0.9006582,High
C107120,0.0011208118,Low
C107121,0.019237408,Low
C107122,0.951454,High
C107123,0.7502259,High
C107124,0.6529096,High
C107125,0.0020892106,Low
C107126,0.97087985,High
C107127,0.96108174,High
C107128,0.6668571,High
C107129,0.05864498,Low
C107130,0.1405305,Low
C107131,0.004528348,Low
C107132,0.36518088,Medium
C107133,0.5440121,Medium
C107134,0.005722954,Low
C107135,0.92832106,High
C107136,0.0946283,Low
C107137,0.0009290928,Low
C107138,0.8809252,High
C107139,0.10444516,Low
C107140,0.00097332307,Low
C107141,0.6528409,High
C107142,0.006434166,Low
C107143,0.94313157,High
C107144,0.9872251,High
C107145,0.0011798532,Low
C107146,0.40145817,Medium
C107147,0.9335087,High
C107148,0.02215262,Low
C107149,0.8607479,High
C107150,0.9819381,High
C107151,0.0012420156,Low
C107152,0.08179233,Low
C107153,0.0005020603,Low
C107154,0.17311068,Low
C107155,0.2280044,Low
C107156,0.9479209,High
C107157,0.5039985,Medium
C107158,0.3921252,Medium
C107159,0.15335986,Low
C107160,0.9243413,High
C107161,0.37570563,Medium
C107162,0.9431697,High
C107163,0.94444513,High
C107164,0.62429863,High
C107165,0.7104259,High
C107166,0.10453264,Low
C107167,0.20612189,Low
C107168,0.09831547,Low
C107169,0.95135826,High
C107170,0.0024479378,Low
C107171,0.008540054,Low
C107172,0.973735,High
C107174,0.6189351,High
C107175,0.3705607,Medium
C107176,0.51057065,Medium
C107177,0.62969345,High
C107178,0.6310151,High
C107179,0.0007944253,Low
C107180,0.90529925,High
C107181,0.22622912,Low
C107182,0.22522733,Low
C107184,0.9614889,High
C107185,0.19244154,Low
C107186,0.0008137147,Low
C107187,0.7768908,High
C107188,0.78299785,High
C107189,0.0006856442,Low
C107190,0.9834886,High
C107191,0.9674031,High
C107192,0.8756586,High
C107193,0.6062129,High
C107194,0.09255115,Low
C107195,0.010726022,Low
C107197,0.0088458955,Low
C107198,0.21751083,Low
C107199,0.110851295,Low
C107200,0.0016980359,Low
C107201,0.98757267,High
C107202,0.007895703,Low
C107203,0.90774864,High
C107204,0.48648044,Medium
C107205,0.7946817,High
C107206,0.0011271837,Low
C107207,0.0071955896,Low
C107208,0.00062332564,Low
C107209,0.8959616,High
C107210,0.001266369,Low
C107212,0.052955426,Low
C107213,0.9098902,High
C107215,0.06996475,Low
C107216,0.22198752,Low
C107217,0.35870108,Medium
C107218,0.00040029484,Low
C107219,0.96162015,High
C107220,0.6346365,High
C107221,0.96111214,High
C107222,0.017244224,Low
C107223,0.0007463518,Low
C107224,0.92929256,High
C107225,0.9776005,High
C107226,0.20144708,Low
C107227,0.038843565,Low
C107229,0.01875004,Low
C107230,0.8945634,High
C107231,0.004453138,Low
C107232,0.8679904,High
C107233,0.40306693,Medium
C107234,0.824867,High
C107235,0.16591729,Low
C107236,0.76033777,High
C107237,0.7486652,High
C107238,0.039537493,Low
C107239,0.0009504048,Low
C107240,0.9773167,High
C107241,0.98501945,High
C107242,0.00080038747,Low
C107243,0.95007086,High
C107244,0.022786476,Low
C107245,0.077136025,Low
C107246,0.85396993,High
C107248,0.87166333,High
C107250,0.23176958,Low
C107252,0.5999155,Medium
C107253,0.8964761,High
C107254,0.07354628,Low
C107255,0.99039793,High
C107256,0.28387848,Low
C107257,0.005171846,Low
C107258,0.0010413632,Low
C107259,0.9626297,High
C107260,0.8794616,High
C107261,0.9699811,High
C107262,0.84601706,High
C107263,0.9743062,High
C107264,0.3242674,Medium
C107265,0.5741797,Medium
C107266,0.700548,High
C107267,0.15558493,Low
C107268,0.9497361,High
C107269,0.20521805,Low
C107270,0.34578714,Medium
C107271,0.029001974,Low
C107272,0.84594184,High
C107273,0.8017477,High
C107274,0.10725133,Low
C107275,0.10255223,Low
C107276,0.12015587,Low
C107277,0.0015783604,Low
C107278,0.92055076,High
C107279,0.013030243,Low
C107280,0.53211015,Medium
C107281,0.7299423,High
C107282,0.00080296193,Low
C107283,0.8390406,High
C107284,0.23514184,Low
C107285,0.91247934,High
C107286,0.8932168,High
C107287,0.97206974,High
C107288,0.4601513,Medium
C107289,0.0011309744,Low
C107290,0.96554726,High
C107291,0.7529127,High
C107293,0.0018961086,Low
C107294,0.79727435,High
C107295,0.18414477,Low
C107296,0.8806563,High
C107297,0.12152353,Low
C107298,0.9214161,High
C107299,0.542776,Medium
C107300,0.0048073684,Low
C107301,0.87301016,High
C107302,0.12569001,Low
C107303,0.7897562,High
C107304,0.7469396,High
C107305,0.0008479579,Low
C107307,0.30975136,Medium
C107308,0.98039836,High
C107309,0.0015105358,Low
C107310,0.48525438,Medium
C107311,0.9471468,High
C107313,0.0011987232,Low
C107314,0.0005477371,Low
C107315,0.9238045,High
C107316,0.8304791,High
C107317,0.009863697,Low
C107318,0.1988503,Low
C107319,0.120152675,Low
C107320,0.00088845566,Low
C107321,0.042926703,Low
C107322,0.7994244,High
C107323,0.02050711,Low
C107324,0.18573704,Low
C107325,0.94595265,High
C107326,0.11732214,Low
C107327,0.0018020382,Low
C107328,0.27185398,Low
C107329,0.13315618,Low
C107330,0.95492333,High
C107331,0.6092139,High
C107332,0.9316396,High
C107333,0.0004664495,Low
C107334,0.027003769,Low
C107335,0.0031771152,Low
C107336,0.0020831632,Low
C107337,0.86558735,High
C107338,0.4480754,Medium
C107339,0.0007328172,Low
C107340,0.9671157,High
C107341,0.7107857,High
C107342,0.4074747,Medium
C107343,0.85554266,High
C107344,0.1622606,Low
C107345,0.14368337,Low
C107346,0.0013122663,Low
C107347,0.9542265,High
C107348,0.35315982,Medium
C107349,0.0015116732,Low
C107350,0.20573743,Low
C107351,0.9471305,High
C107352,0.44400707,Medium
C107353,0.5971917,Medium
C107354,0.00081255514,Low
C107355,0.0007287984,Low
C107356,0.0015972462,Low
C107357,0.065231025,Low
C107358,0.20797043,Low
C107359,0.7650018,High
C107360,0.16764997,Low
C107361,0.005105909,Low
C107362,0.833515,High
C107363,0.08608048,Low
C107364,0.0008801772,Low
C107365,0.0037366024,Low
C107366,0.014623481,Low
C107367,0.40780184,Medium
C107368,0.09985701,Low
C107369,0.80868304,High
C107370,0.7610875,High
C107371,0.2832995,Low
C107372,0.9376647,High
C107373,0.35373375,Medium
C107374,0.65800136,High
C107375,0.6809033,High
C107376,0.00066427316,Low
C107377,0.11615644,Low
C107378,0.0009284079,Low
C107379,0.74022573,High
C107380,0.9756109,High
C107381,0.26112592,Low
C107382,0.929006,High
C107383,0.6691946,High
C107384,0.7978172,High
C107386,0.969739,High
C107387,0.0019547914,Low
C107388,0.48155525,Medium
C107389,0.0023519616,Low
C107390,0.1369417,Low
C107392,0.78330934,High
C107393,0.92130995,High
C107394,0.15030697,Low
C107395,0.44129676,Medium
C107396,0.0042229984,Low
C107397,0.5493236,Medium
C107398,0.98976773,High
C107399,0.91955,High
C107400,0.0009092799,Low
C107401,0.17572938,Low
C107402,0.94145256,High
C107403,0.93260217,High
C107404,0.008903137,Low
C107405,0.07468172,Low
C107406,0.60375977,High
C107407,0.08806886,Low
C107408,0.009393793,Low
C107409,0.9544073,High
C107410,0.7869861,High
C107411,0.43215984,Medium
C107412,0.5543364,Medium
C107413,0.021833397,Low
C107414,0.0017488028,Low
C107415,0.44496787,Medium
C107417,0.5404799,Medium
C107418,0.85064894,High
C107419,0.95960623,High
C107420,0.6270897,High
C107421,0.80950475,High
C107422,0.00089261937,Low
C107423,0.8605808,High
C107424,0.720406,High
C107425,0.20279753,Low
C107426,0.9605907,High
C107427,0.9442777,High
C107428,0.252865,Low
C107429,0.5089065,Medium
C107430,0.74256444,High
C107431,0.98205906,High
C107432,0.9343072,High
C107433,0.73507935,High
C107434,0.60351384,High
C107435,0.17634337,Low
C107436,0.9809848,High
C107437,0.004953306,Low
C107438,0.94454,High
C107439,0.85099643,High
C107440,0.10861165,Low
C107441,0.029717296,Low
C107442,0.51203966,Medium
C107443,0.84069026,High
C107444,0.9930218,High
C107445,0.14601985,Low
C107446,0.003627132,Low
C107447,0.9694741,High
C107448,0.010587159,Low
C107449,0.07077296,Low
C107450,0.8497675,High
C107451,0.9184908,High
C107452,0.05774831,Low
C107453,0.73289853,High
C107454,0.3556167,Medium
C107455,0.33352008,Medium
C107456,0.20320359,Low
C107457,0.9613788,High
C107458,0.8866227,High
C107459,0.3554402,Medium
C107460,0.9408701,High
C107461,0.82326776,High
C107462,0.91893184,High
C107463,0.6480472,High
C107464,0.4366625,Medium
C107465,0.7740688,High
C107466,0.73049295,High
C107467,0.076857634,Low
C107468,0.5345232,Medium
C107469,0.04801413,Low
C107470,0.38225028,Medium
C107471,0.009792292,Low
C107472,0.003331689,Low
C107473,0.7656737,High
C107474,0.63750136,High
C107475,0.079642095,Low
C107476,0.001160655,Low
C107477,0.67656153,High
C107478,0.95793194,High
C107479,0.5523003,Medium
C107480,0.43834406,Medium
C107481,0.26053238,Low
C107483,0.4666844,Medium
C107484,0.00093330716,Low
C107485,0.018957727,Low
C107486,0.12443114,Low
C107487,0.011489586,Low
C107488,0.11771362,Low
C107489,0.00045391315,Low
C107490,0.9741853,High
C107491,0.9262077,High
C107492,0.0016122974,Low
C107493,0.060497712,Low
C107494,0.014147552,Low
C107495,0.5564043,Medium
C107496,0.0005649735,Low
C107497,0.00095140503,Low
C107498,0.84904146,High
C107499,0.27615872,Low
C107500,0.8391828,High
C107501,0.97411704,High
C107502,0.01488519,Low
C107503,0.7323534,High
C107504,0.74746054,High
C107505,0.099389024,Low
C107507,0.8966837,High
C107508,0.35739106,Medium
C107509,0.0009212383,Low
C107510,0.6891318,High
C107511,0.18248191,Low
C107512,0.19858673,Low
C107513,0.5064791,Medium
C107514,0.5834499,Medium
C107515,0.42594385,Medium
C107516,0.00054143457,Low
C107517,0.0019798062,Low
C107518,0.49052808,Medium
C107520,0.003361893,Low
C107521,0.021276854,Low
C107522,0.8563705,High
C107523,0.0006642694,Low
C107524,0.27290377,Low
C107525,0.2891251,Low
C107526,0.0013474951,Low
C107527,0.27993408,Low
C107528,0.75800645,High
C107529,0.3385639,Medium
C107530,0.95834076,High
C107531,0.6931608,High
C107532,0.3344394,Medium
C107533,0.16405228,Low
C107534,0.5794113,Medium
C107535,0.31472647,Medium
C107536,0.82889974,High
C107537,0.8746595,High
C107538,0.573295,Medium
C107539,0.8678182,High
C107540,0.8943932,High
C107541,0.9132777,High
C107542,0.97520566,High
C107543,0.3263153,Medium
C107544,0.9367266,High
C107545,0.019422604,Low
C107546,0.48657537,Medium
C107547,0.0016779916,Low
C107548,0.79663575,High
C107549,0.0045196055,Low
C107550,0.73274076,High
C107551,0.95107865,High
C107552,0.13119769,Low
C107553,0.76854753,High
C107554,0.022788115,Low
C107555,0.98105407,High
C107556,0.8243197,High
C107557,0.0008049154,Low
C107558,0.6765079,High
C107559,0.0032853992,Low
C107560,0.031441063,Low
C107561,0.20602265,Low
C107562,0.6671409,High
C107563,0.99018973,High
C107564,0.5766644,Medium
C107565,0.66403407,High
C107566,0.369465,Medium
C107567,0.050151188,Low
C107568,0.83524644,High
C107569,0.9157593,High
C107571,0.9330406,High
C107572,0.8167045,High
C107573,0.82505953,High
C107574,0.84403855,High
C107575,0.9699239,High
C107576,0.4553092,Medium
C107577,0.764735,High
C107578,0.032232895,Low
C107579,0.69011,High
C107580,0.15743706,Low
C107581,0.00052793865,Low
C107582,0.00042785835,Low
C107583,0.0342244,Low
C107584,0.71488845,High
C107585,0.5508613,Medium
C107586,0.1708971,Low
C107587,0.00045139497,Low
C107588,0.8493951,High
C107589,0.9788684,High
C107590,0.1285904,Low
C107591,0.3639697,Medium
C107592,0.5014982,Medium
C107593,0.0011134191,Low
C107594,0.74318165,High
C107595,0.8915883,High
C107596,0.4352399,Medium
C107597,0.014454426,Low
C107598,0.9841846,High
C107599,0.07470935,Low
C107600,0.9344677,High
C107601,0.955856,High
C107602,0.72352856,High
C107603,0.22588247,Low
C107605,0.9825435,High
C107606,0.98726696,High
C107607,0.014799543,Low
C107608,0.7517983,High
C107609,0.0006177023,Low
C107610,0.16235843,Low
C107612,0.7196501,High
C107613,0.49999392,Medium
C107614,0.00037113397,Low
C107616,0.96708184,High
C107617,0.9054664,High
C107618,0.52916527,Medium
C107619,0.004763342,Low
C107620,0.83840185,High
C107621,0.83230275,High
C107622,0.60419923,High
C107623,0.0046552224,Low
C107624,0.590607,Medium
C107626,0.05071963,Low
C107627,0.0023530964,Low
C107628,0.0008658139,Low
C107629,0.0829872,Low
C107630,0.0012001947,Low
C107631,0.094631076,Low
C107632,0.14280435,Low
C107633,0.00087741384,Low
C107634,0.21930456,Low
C107635,0.12182559,Low
C107636,0.05773618,Low
C107637,0.9323624,High
C107638,0.16017713,Low
C107639,0.18573521,Low
C107641,0.42966747,Medium
C107642,0.005342111,Low
C107643,0.061638996,Low
C107644,0.38751167,Medium
C107645,0.00042812925,Low
C107646,0.89982146,High
C107647,0.9735144,High
C107648,0.0718742,Low
C107649,0.18620019,Low
C107650,0.4325857,Medium
C107651,0.9548255,High
C107652,0.50950456,Medium
C107653,0.7051412,High
C107655,0.0010422311,Low
C107656,0.10658219,Low
C107657,0.0093463315,Low
C107658,0.37353444,Medium
C107659,0.67156357,High
C107661,0.29177597,Low
C107662,0.3906958,Medium
C107663,0.9892631,High
C107664,0.0009635212,Low
C107665,0.44190064,Medium
C107666,0.65435576,High
C107667,0.7945247,High
C107668,0.13553235,Low
C107669,0.7172458,High
C107670,0.7065887,High
C107671,0.9800085,High
C107672,0.97669774,High
C107673,0.12380218,Low
C107674,0.6868198,High
C107675,0.0003929336,Low
C107676,0.7845234,High
C107677,0.009371313,Low
C107678,0.9838927,High
C107679,0.663987,High
C107680,0.06987557,Low
C107681,0.0006446824,Low
C107682,0.9838712,High
C107683,0.869292,High
C107684,0.76581836,High
C107685,0.0007336347,Low
C107686,0.8394933,High
C107687,0.0033398387,Low
C107688,0.0759766,Low
C107689,0.0010782706,Low
C107690,0.0010614642,Low
C107691,0.16942136,Low
C107692,0.7640845,High
C107693,0.001594801,Low
C107694,0.011463084,Low
C107695,0.9600118,High
C107696,0.96771675,High
C107697,0.0006320514,Low
C107698,0.00081994967,Low
C107699,0.7190501,High
C107700,0.01709062,Low
C107701,0.57969177,Medium
C107702,0.6871613,High
C107703,0.0009959242,Low
C107704,0.0018894632,Low
C107705,0.5248391,Medium
C107706,0.004457628,Low
C107708,0.9292322,High
C107709,0.10602379,Low
C107710,0.15904284,Low
C107711,0.033810545,Low
C107712,0.8111912,High
C107713,0.94501406,High
C107714,0.005550872,Low
C107715,0.02605242,Low
C107716,0.0006066854,Low
C107717,0.7896434,High
C107718,0.6772408,High
C107719,0.92913616,High
C107720,0.13922001,Low
C107721,0.05707821,Low
C107722,0.038322113,Low
C107723,0.26257777,Low
C107724,0.04536183,Low
C107725,0.9853431,High
C107727,0.95647085,High
C107728,0.95985043,High
C107729,0.8024344,High
C107730,0.026882302,Low
C107732,0.001411943,Low
C107733,0.03666732,Low
C107734,0.16738953,Low
C107735,0.596241,Medium
C107736,0.70972276,High
C107737,0.08945566,Low
C107738,0.84028465,High
C107739,0.9699941,High
C107740,0.51844186,Medium
C107741,0.88183314,High
C107742,0.94188195,High
C107743,0.0006071679,Low
C107744,0.29529083,Low
C107745,0.111862116,Low
C107746,0.85129267,High
C107747,0.0033249503,Low
C107748,0.0040784073,Low
C107749,0.82488817,High
C107750,0.9162247,High
C107751,0.5863321,Medium
C107753,0.0016739109,Low
C107754,0.9489119,High
C107755,0.15443127,Low
C107756,0.7878021,High
C107757,0.038353845,Low
C107758,0.7033895,High
C107759,0.0019468219,Low
C107760,0.011416865,Low
C107761,0.9098522,High
C107762,0.093460985,Low
C107763,0.035283,Low
C107764,0.4446791,Medium
C107765,0.983958,High
C107767,0.40597013,Medium
C107768,0.38238186,Medium
C107769,0.36487585,Medium
C107770,0.68441486,High
C107771,0.9863586,High
C107772,0.0014980529,Low
C107773,0.24977347,Low
C107774,0.81639016,High
C107775,0.90650266,High
C107776,0.28063568,Low
C107777,0.0007347395,Low
C107778,0.6435775,High
C107779,0.33778408,Medium
C107780,0.25219226,Low
C107781,0.97559273,High
C107782,0.568155,Medium
C107783,0.98161894,High
C107784,0.2451871,Low
C107785,0.47494027,Medium
C107786,0.769926,High
C107788,0.26792088,Low
C107789,0.00043347466,Low
C107790,0.35564616,Medium
C107792,0.5981972,Medium
C107793,0.17625964,Low
C107794,0.8743029,High
C107795,0.9280177,High
C107796,0.0011869407,Low
C107797,0.2467737,Low
C107798,0.07079084,Low
C107799,0.8099127,High
C107800,0.8001979,High
C107801,0.91153544,High
C107802,0.9687446,High
C107803,0.26473665,Low
C107804,0.2665823,Low
C107805,0.04584979,Low
C107806,0.12392353,Low
C107807,0.29000404,Low
C107808,0.6091146,High
C107809,0.46583894,Medium
C107810,0.003260414,Low
C107812,0.37451512,Medium
C107813,0.7820405,High
C107814,0.00060486706,Low
C107815,0.39354968,Medium
C107816,0.021089133,Low
C107817,0.7876302,High
C107818,0.9945591,High
C107819,0.9249073,High
C107820,0.43759775,Medium
C107821,0.0010090288,Low
C107822,0.0012491203,Low
C107823,0.5218854,Medium
C107824,0.15766206,Low
C107825,0.5992305,Medium
C107826,0.1363924,Low
C107827,0.02572859,Low
C107828,0.46395576,Medium
C107829,0.74018645,High
C107831,0.9570211,High
C107833,0.0023504405,Low
C107834,0.11595347,Low
C107835,0.72252923,High
C107836,0.016357781,Low
C107837,0.3304448,Medium
C107838,0.88921094,High
C107839,0.14359723,Low
C107840,0.17585188,Low
C107841,0.9658185,High
C107842,0.1528567,Low
C107843,0.16945595,Low
C107845,0.00068083167,Low
C107846,0.6474014,High
C107848,0.39678678,Medium
C107849,0.057837624,Low
C107850,0.9617413,High
C107851,0.0041007255,Low
C107852,0.0030551506,Low
C107853,0.11359833,Low
C107854,0.8135192,High
C107855,0.98966295,High
C107856,0.11289362,Low
C107857,0.7033928,High
C107858,0.80678374,High
C107859,0.082434624,Low
C107860,0.00062936504,Low
C107861,0.9191891,High
C107862,0.009706964,Low
C107863,0.12237154,Low
C107864,0.9434814,High
C107865,0.79944986,High
C107867,0.19494478,Low
C107868,0.16069208,Low
C107869,0.010171146,Low
C107870,0.16061686,Low
C107871,0.42549896,Medium
C107872,0.00027627774,Low
C107873,0.19279045,Low
C107874,0.15147492,Low
C107876,0.0004408768,Low
C107877,0.0108207865,Low
C107878,0.033149123,Low
C107879,0.045989517,Low
C107880,0.0005294863,Low
C107881,0.0009441098,Low
C107882,0.36759236,Medium
C107883,0.8198078,High
C107884,0.00090972753,Low
C107885,0.004995696,Low
C107886,0.08527397,Low
C107887,0.15398563,Low
C107888,0.9795226,High
C107889,0.01868334,Low
C107890,0.0024582446,Low
C107891,0.63014966,High
C107892,0.009678965,Low
C107893,0.16518046,Low
C107894,0.15545326,Low
C107895,0.7944141,High
C107896,0.6750984,High
C107897,0.13825198,Low
C107898,0.0027803564,Low
C107899,0.9873674,High
C107900,0.9718373,High
C107901,0.9257956,High
C107902,0.8377672,High
C107903,0.10853864,Low
C107904,0.032931637,Low
C107905,0.05816931,Low
C107906,0.9924027,High
C107907,0.65396756,High
C107908,0.01061406,Low
C107909,0.4599643,Medium
C107910,0.0066693705,Low
C107911,0.07934581,Low
C107912,0.30825704,Medium
C107913,0.0015373249,Low
C107914,0.8857648,High
C107915,0.1360755,Low
C107916,0.71839476,High
C107917,0.4855955,Medium
C107918,0.0030431456,Low
C107919,0.95934844,High
C107920,0.25499615,Low
C107921,0.010438725,Low
C107922,0.00068682927,Low
C107923,0.63302356,High
C107924,0.9244639,High
C107925,0.8760541,High
C107926,0.02375547,Low
C107927,0.05598905,Low
C107928,0.6254233,High
C107929,0.6070884,High
C107930,0.11636274,Low
C107931,0.821356,High
C107932,0.04527751,Low
C107933,0.30635688,Medium
C107934,0.00090184837,Low
C107935,0.105876535,Low
C107936,0.55495125,Medium
C107937,0.024538966,Low
C107938,0.9759888,High
C107939,0.37564075,Medium
C107940,0.002706991,Low
C107941,0.00054895965,Low
C107942,0.9236895,High
C107943,0.97394323,High
C107945,0.9740336,High
C107946,0.15361242,Low
C107947,0.0020280078,Low
C107948,0.00086946436,Low
C107949,0.77836215,High
C107950,0.012432407,Low
C107951,0.0016510881,Low
C107952,0.0005050231,Low
C107953,0.8564975,High
C107954,0.59007317,Medium
C107955,0.0006253425,Low
C107956,0.99508286,High
C107957,0.87358654,High
C107958,0.71402806,High
C107959,0.034695823,Low
C107960,0.07921396,Low
C107961,0.08872182,Low
C107963,0.6253635,High
C107964,0.014904383,Low
C107965,0.003608875,Low
C107966,0.00081330846,Low
C107967,0.40781173,Medium
C107968,0.8894611,High
C107969,0.009539537,Low
C107970,0.61040753,High
C107971,0.033378292,Low
C107973,0.8582583,High
C107974,0.18341263,Low
C107975,0.5101333,Medium
C107976,0.64351654,High
C107977,0.9714786,High
C107978,0.70228887,High
C107979,0.15630668,Low
C107980,0.00050427875,Low
C107981,0.8048136,High
C107982,0.7075005,High
C107983,0.21128394,Low
C107984,0.95538425,High
C107985,0.01644239,Low
C107986,0.70342106,High
C107987,0.013182044,Low
C107988,0.0009753398,Low
C107989,0.1696427,Low
C107990,0.041767705,Low
C107991,0.96552014,High
C107992,0.019741492,Low
C107993,0.0056944615,Low
C107994,0.21388973,Low
C107995,0.9338173,High
C107996,0.122704074,Low
C107999,0.09849238,Low
