customer_id,current_revenue,predicted_future_90d_revenue,retention_probability,expected_clv_12m,clv_category
C100000,106184.24,41954.35,0.9212,149004.6,High
C100001,17058.95,297.87,0.0172,313.55,Low
C100002,0.0,16670.1,0.6692,40286.4,Medium
C100003,211886.86,76497.6,0.9187,270644.58,Very High
C100004,65751.95,380.61,0.0465,400.64,Low
C100005,164202.22,40227.07,0.7363,107712.43,High
C100006,32994.89,12250.24,0.4203,20471.46,Medium
C100007,19413.44,4093.77,0.0932,4513.98,Low
C100008,0.0,2759.62,0.0867,3021.37,Low
C100009,36154.9,43949.4,0.8922,149357.57,High
C100010,60837.41,33321.62,0.4689,59711.53,High
C100011,74844.67,16206.62,0.6388,37399.32,Medium
C100012,217881.89,19232.08,0.8594,62169.66,High
C100013,175917.04,7155.18,0.2286,9250.08,Medium
C100014,179483.7,66788.24,0.9803,259244.71,Very High
C100015,1188974.21,117607.97,0.9935,456506.17,Very High
C100016,266617.02,40680.81,0.7056,103927.92,High
C100017,201432.86,18055.16,0.1911,22290.43,Medium
C100018,156449.08000000002,4929.62,0.1785,5994.6,Low
C100019,181652.29,9480.32,0.3491,14348.37,Medium
C100021,55692.0,635.7,0.0289,669.15,Low
C100022,0.0,277.2,0.0197,291.79,Low
C100023,0.0,24213.63,0.5947,52272.86,High
C100024,1111277.23,158859.45,0.9995,616627.57,Very High
C100025,1483180.02,111841.33,0.9913,434122.41,Very High
C100026,23305.35,15062.39,0.778,42992.08,Medium
C100027,159037.41,50459.93,0.9247,180156.52,High
C100028,140622.6,2212.11,0.0524,2334.38,Low
C100029,104504.44,33493.45,0.4801,60997.16,High
C100030,235912.88,20197.09,0.8351,62909.57,High
C100031,895047.2,145339.37,0.9981,564148.15,Very High
C100032,0.0,32053.43,0.9496,118839.91,High
C100033,0.0,36540.38,0.8138,110169.1,High
C100034,1637883.35,201066.81,0.9987,780459.33,Very High
C100035,8777.75,10815.74,0.4062,17719.45,Medium
C100036,584201.71,149119.55,0.9995,578821.25,Very High
C100037,1081819.13,172113.94,0.9996,668076.11,Very High
C100038,294601.73,5749.85,0.2723,7858.2,Low
C100039,712928.4400000001,158967.14,0.9962,617045.57,Very High
C100040,41479.24,11077.33,0.2781,15252.33,Medium
C100042,2282063.85,194073.32,0.9991,753313.44,Very High
C100043,252899.68,71905.88,0.9794,278847.12,Very High
C100044,0.0,5775.49,0.3139,8336.32,Low
C100045,0.0,27307.44,0.787,79020.9,High
C100046,926137.76,129491.37,0.9966,502632.67,Very High
C100047,631512.06,57855.4,0.902,199584.15,High
C100048,1323557.54,139505.5,0.9992,541503.44,Very High
C100049,86036.17,15547.82,0.4665,27761.61,Medium
C100050,249088.21,41881.93,0.8389,131217.3,High
C100051,625525.62,153096.87,0.9988,594259.58,Very High
C100052,1396173.23,124735.93,0.9626,471609.79,Very High
C100053,188050.28,402.94,0.041,424.15,Low
C100054,202654.49,13640.33,0.6444,31744.33,Medium
C100055,266020.65,24063.07,0.6897,60000.1,High
C100056,105731.75,370.59,0.0165,390.09,Low
C100057,10514.82,21147.01,0.3205,30793.23,Medium
C100058,73416.26,4837.72,0.1215,5505.37,Low
C100059,1023201.78,110172.63,0.994,427645.21,Very High
C100060,180343.64,3660.96,0.2489,4855.56,Low
C100061,398182.81,10946.54,0.2893,15295.13,Medium
C100062,97081.03,29941.23,0.7149,77583.35,High
C100063,86885.4,55621.43,0.8506,177399.59,High
C100064,41646.33,369.1,0.0341,388.53,Low
C100065,75351.06,15583.4,0.6555,36882.74,Medium
C100067,7781.379999999999,6701.06,0.0702,7206.5,Low
C100068,1270775.62,150140.47,0.9984,582784.03,Very High
C100069,629393.76,49697.18,0.9742,191236.97,High
C100070,134695.83000000002,634.98,0.0253,668.4,Low
C100071,142689.25,8472.82,0.1983,10551.78,Medium
C100072,96862.44,5575.68,0.2195,7126.92,Low
C100073,23761.72,55069.01,0.9263,197088.18,High
C100074,74567.01999999999,17093.01,0.5853,36378.09,Medium
C100075,121413.83,34721.0,0.5181,66863.17,High
C100076,590222.92,80960.46,0.9916,314255.46,Very High
C100077,702086.89,84577.45,0.9885,328295.15,Very High
C100078,54106.58,5346.38,0.1204,6076.8,Low
C100080,1947309.74,159606.6,0.9977,619527.72,Very High
C100081,6741.18,17484.88,0.7049,44620.11,Medium
C100082,105609.24,14306.28,0.2321,18576.11,Medium
C100083,78768.82,3149.72,0.0809,3426.7,Low
C100084,14198.9,16543.61,0.6814,40731.44,Medium
C100085,129856.66,75877.82,0.9626,286901.19,Very High
C100086,82499.78,5091.04,0.0553,5389.03,Low
C100087,386309.67,2323.04,0.1474,2723.43,Low
C100088,126204.35,18869.2,0.7914,54973.62,High
C100090,143514.74,677.21,0.0272,712.85,Low
C100091,0.0,1027.12,0.0739,1109.05,Low
C100092,346139.79,28414.13,0.4556,49945.53,High
C100093,32331.870000000003,12845.72,0.3263,18850.04,Medium
C100094,123572.19,36564.0,0.7086,93836.68,High
C100095,195134.39,23306.0,0.3847,37048.77,Medium
C100096,242477.04,18567.28,0.5026,34947.83,Medium
C100097,98444.66,32372.85,0.8995,111252.43,High
C100098,44529.94,52626.53,0.8666,172009.98,High
C100099,13121.23,310.34,0.0105,326.68,Low
C100100,1314221.64,25977.1,0.349,39312.59,Medium
C100101,889194.76,134086.57,0.9977,520469.38,Very High
C100102,1615617.83,217472.15,0.9993,844138.14,Very High
C100103,10028.93,767.75,0.3906,1230.55,Low
C100104,478534.91,149711.77,0.9967,581120.02,Very High
C100105,409586.29,169832.94,0.9992,659222.19,Very High
C100106,50528.64,31883.69,0.7035,81193.48,High
C100107,7450.01,2791.96,0.0415,2938.89,Low
C100108,391864.99,76211.99,0.9042,263780.27,Very High
C100109,0.0,17778.19,0.5313,34906.91,Medium
C100110,104816.3,19930.61,0.5905,42752.95,Medium
C100111,266715.62,22586.33,0.8043,67119.19,High
C100112,26984.800000000003,83480.34,0.9541,311623.84,Very High
C100113,101047.81,800.04,0.0292,842.14,Low
C100114,2336.06,349.44,0.0213,367.83,Low
C100115,255153.02,5199.92,0.0495,5473.57,Low
C100116,2244519.93,190379.8,0.9993,738976.71,Very High
C100117,74117.14,343.68,0.031,361.76,Low
C100118,41080.93,23339.62,0.7589,64698.97,High
C100119,40490.02,10303.77,0.1946,12774.28,Medium
C100121,28447.43,13752.98,0.4374,23550.49,Medium
C100123,55078.74,491.51,0.0359,517.37,Low
C100124,1153224.72,103868.69,0.9912,403175.87,Very High
C100125,280332.72,39994.61,0.2398,52433.95,High
C100126,223050.15,1074.28,0.0735,1159.46,Low
C100127,2586976.7800000003,148335.67,0.9989,575778.56,Very High
C100128,0.0,2420.16,0.0745,2614.96,Low
C100129,0.0,14636.5,0.3013,20776.17,Medium
C100131,0.0,27369.74,0.8555,87947.23,High
C100132,19457.51,895.37,0.0891,982.89,Low
C100133,57074.1,13397.02,0.418,22317.32,Medium
C100134,82137.5,22794.73,0.6612,54422.32,High
C100135,274082.58,34974.96,0.9394,127694.79,High
C100136,10489.05,13737.67,0.2464,18161.31,Medium
C100137,108462.36,42639.29,0.9029,147280.4,High
C100138,83268.8,8618.1,0.2227,11060.35,Medium
C100139,417093.98,679.1,0.068,728.65,Low
C100140,109502.62,24463.92,0.7241,64289.02,High
C100141,91325.65,9354.91,0.1462,10951.6,Medium
C100142,1833264.17,214824.07,0.9995,833859.4,Very High
C100143,261000.91,5342.49,0.1737,6459.63,Low
C100144,62364.43,4297.19,0.0986,4766.54,Low
C100145,169963.64,11868.24,0.6787,29101.47,Medium
C100146,176032.58,33246.59,0.9194,117756.04,High
C100147,49523.66,22948.47,0.3449,34533.53,Medium
C100148,328291.17,48971.09,0.9492,181465.05,High
C100149,1118539.52,162613.67,0.9994,631199.93,Very High
C100150,410062.46,10882.16,0.3714,16982.69,Medium
C100151,92406.69,41373.59,0.9356,150178.32,High
C100152,371157.99,50670.67,0.8722,167042.38,High
C100153,36872.79,315.52,0.0233,332.13,Low
C100154,7144.539999999999,16066.42,0.5668,33260.08,Medium
C100155,202692.51,48915.55,0.9864,189870.19,High
C100156,56162.3,325.99,0.0555,345.15,Low
C100157,266137.31,2304.37,0.1111,2591.89,Low
C100158,167583.6,654.87,0.0169,689.33,Low
C100159,227585.32,17333.2,0.2333,22541.18,Medium
C100160,572504.35,112602.09,0.9984,437075.38,Very High
C100161,8051.16,13627.93,0.2544,18200.73,Medium
C100162,1072145.6,156904.49,0.9995,609039.23,Very High
C100164,0.0,4058.3,0.2128,5144.66,Low
C100165,717214.55,100766.56,0.9416,369139.97,Very High
C100166,333328.07,7292.47,0.1296,8375.8,Low
C100167,140071.52,745.21,0.0876,816.71,Low
C100168,264080.52,4543.41,0.1146,5130.33,Low
C100169,227998.22,26864.27,0.6722,65219.46,High
C100170,2016087.98,214041.22,0.9979,830820.69,Very High
C100171,111693.0,907.09,0.0513,956.17,Low
C100172,155706.9,14777.27,0.2727,20204.9,Medium
C100173,11212.64,36454.59,0.9316,131527.19,High
C100174,41694.47,5779.12,0.1587,6865.0,Low
C100175,5121.82,12119.7,0.2522,16141.08,Medium
C100176,12989.03,4951.31,0.1303,5691.4,Low
C100177,1093454.76,92755.44,0.995,360038.76,Very High
C100178,393184.63,6869.4,0.2154,8736.24,Low
C100179,450143.02,10768.67,0.3537,16401.7,Medium
C100180,117118.09,8437.79,0.1061,9437.67,Medium
C100181,27139.55,347.25,0.0413,365.53,Low
C100182,132053.95,7669.42,0.4604,13574.48,Medium
C100184,105251.19,4937.49,0.3037,7030.45,Low
C100185,35880.29,3211.73,0.0958,3551.67,Low
C100186,161359.71,9675.81,0.2319,12560.39,Medium
C100187,61295.39,66055.58,0.8645,215213.44,High
C100188,1385195.16,207863.11,0.9993,806839.78,Very High
C100189,0.0,1091.31,0.0438,1148.74,Low
C100190,0.0,15467.75,0.4119,25543.13,Medium
C100191,211166.73,20572.95,0.6043,45058.91,Medium
C100192,885996.65,268948.43,0.9993,1043948.07,Very High
C100193,846333.8,121138.92,0.9959,470211.86,Very High
C100194,1495724.71,194800.93,0.9991,756137.73,Very High
C100195,0.0,29377.79,0.59,62975.35,High
C100196,298062.44,20863.51,0.4191,34807.71,Medium
C100197,896.43,820.5,0.0441,863.68,Low
C100198,232800.69,21522.19,0.5556,43817.12,Medium
C100199,146016.5,18577.8,0.5146,35587.69,Medium
C100200,577188.21,87351.6,0.9982,339063.28,Very High
C100201,238870.12,68861.98,0.977,266099.11,Very High
C100202,880335.35,41742.46,0.8929,142009.26,High
C100203,448388.64,100442.62,0.9977,389877.27,Very High
C100204,415557.37,5163.07,0.0773,5595.42,Low
C100205,18488.34,47133.91,0.9019,162565.03,High
C100206,56184.64,2772.45,0.0833,3024.11,Low
C100207,84538.54,6230.43,0.1486,7314.32,Low
C100208,609388.56,120364.64,0.9985,467206.42,Very High
C100209,0.0,1677.0,0.0432,1765.25,Low
C100210,39521.99,11872.16,0.1094,13328.84,Medium
C100211,47005.380000000005,3529.5,0.1594,4196.25,Low
C100212,112903.98,64835.86,0.9643,245799.98,Very High
C100213,33793.3,14845.8,0.1713,17898.77,Medium
C100214,276248.22,6539.66,0.1156,7393.2,Low
C100215,111787.18,2698.92,0.1467,3161.42,Low
C100217,562390.04,28138.74,0.4621,49927.3,High
C100218,0.0,24206.85,0.7437,65552.24,High
C100219,169447.06,923.1,0.1437,1077.58,Low
C100220,251419.53,1293.94,0.0712,1393.04,Low
C100221,115704.8,4724.09,0.1035,5268.6,Low
C100222,494070.96,124853.99,0.9938,484632.25,Very High
C100223,1234420.09,160192.85,0.9993,621803.3,Very High
C100224,70521.26,64608.79,0.7828,185768.53,High
C100225,251740.11,54667.5,0.972,209662.45,High
C100226,0.0,298.67,0.023,314.39,Low
C100227,115218.48,7111.82,0.635,16315.58,Medium
C100229,37876.38,6091.56,0.0722,6565.28,Low
C100230,2338200.95,231377.26,0.9995,898112.11,Very High
C100231,144409.51,10471.94,0.4905,19363.96,Medium
C100232,129948.15,41698.51,0.8218,127276.57,High
C100233,1541793.18,177537.96,0.9976,689129.94,Very High
C100234,0.0,25936.33,0.6582,61639.45,High
C100235,2616.01,3675.31,0.0398,3868.72,Low
C100236,122189.89,23011.04,0.5143,44062.51,Medium
C100237,3582.52,817.08,0.1878,1004.75,Low
C100238,4371.1,60688.21,0.959,228226.79,Very High
C100239,180663.33,9753.86,0.2101,12323.67,Medium
C100240,345641.72,14196.75,0.09,15600.39,Medium
C100241,888390.5599999999,111493.63,0.9968,432772.79,Very High
C100242,1066331.67,156938.48,0.9994,609171.16,Very High
C100243,702293.8,61069.34,0.9832,237046.25,Very High
C100244,411026.06,18766.85,0.4639,33384.04,Medium
C100245,1184463.82,152612.77,0.9989,592380.52,Very High
C100246,990201.04,196835.44,0.9969,764034.87,Very High
C100247,0.0,7023.77,0.85,22383.3,Medium
C100248,24829.32,534.66,0.0254,562.79,Low
C100249,54665.87,10910.29,0.2159,13883.65,Medium
C100250,191765.94,13547.86,0.5759,28429.88,Medium
C100251,143105.98,19942.92,0.6779,48840.69,High
C100252,175992.19999999998,13124.77,0.2966,18515.17,Medium
C100253,94346.77,18052.04,0.4416,31098.39,Medium
C100254,217185.34,32026.76,0.9008,110277.93,High
C100255,391562.61,49178.46,0.9645,186483.1,High
C100256,49026.0,7163.34,0.4769,12985.66,Medium
C100257,33877.57,665.88,0.0767,721.2,Low
C100258,688403.66,22827.05,0.6753,55681.0,High
C100259,23767.21,32909.11,0.7825,94583.18,High
C100260,60693.18000000001,1561.56,0.0778,1693.31,Low
C100261,1062560.06,197568.05,0.9995,766878.58,Very High
C100262,0.0,1258.51,0.0085,1324.74,Low
C100263,471455.43,125344.3,0.9833,486535.44,Very High
C100264,380145.51,26000.99,0.6852,64383.96,High
C100265,4634.76,2230.72,0.1223,2541.05,Low
C100266,682390.26,103050.63,0.9946,400000.5,Very High
C100267,270905.10000000003,5288.06,0.3004,7496.74,Low
C100269,864852.44,133849.3,0.9988,519548.37,Very High
C100270,62432.0,15551.42,0.6495,36474.04,Medium
C100271,209632.01,18461.41,0.7292,48901.27,High
C100272,694161.15,80639.36,0.9971,313009.1,Very High
C100273,14054.98,29965.76,0.7753,85174.16,High
C100274,1606880.35,153520.25,0.9989,595902.98,Very High
C100275,55560.780000000006,46013.23,0.9486,170348.65,High
C100276,74069.90000000001,62247.13,0.9096,217204.92,High
C100277,111960.03,4119.71,0.1166,4662.72,Low
C100278,112422.16,21354.7,0.6933,53540.61,High
C100279,822886.06,172666.35,0.9978,670220.34,Very High
C100280,118000.44,19846.55,0.5002,37223.33,Medium
C100281,41931.57,63480.45,0.677,155245.19,High
C100282,184108.64,1857.42,0.081,2021.05,Low
C100283,1350096.6,125287.6,0.9904,486315.35,Very High
C100284,837427.42,149713.76,0.9991,581127.73,Very High
C100285,18881.46,19675.5,0.4472,34168.29,Medium
C100286,1084038.27,206561.77,0.9994,801788.52,Very High
C100287,165846.23,34848.16,0.9067,121075.02,High
C100288,0.0,271.17,0.0132,285.44,Low
C100289,96376.11,9918.14,0.3412,14851.5,Medium
C100290,113989.5,2189.56,0.2582,2938.57,Low
C100291,407142.81,10001.76,0.1672,12000.24,Medium
C100292,56293.35,79116.81,0.8193,240557.35,Very High
C100293,3459.4,7087.5,0.5102,13490.22,Medium
C100294,346788.7,157047.94,0.999,609596.02,Very High
C100295,4008.43,272.45,0.0102,286.79,Low
C100296,285592.48,26297.35,0.6731,63928.38,High
C100297,931488.14,122987.42,0.999,477386.98,Very High
C100298,92876.29,25119.57,0.4378,43038.5,Medium
C100299,229728.9,16088.3,0.2346,20955.43,Medium
C100300,51949.31,3982.84,0.1885,4901.84,Low
C100301,141336.58000000002,10716.58,0.4221,17955.76,Medium
C100302,27726.61,5636.47,0.0544,5960.5,Low
C100303,327544.71,68313.55,0.928,245116.32,Very High
C100304,322994.68,9275.49,0.41,15277.6,Medium
C100305,114517.72,52202.71,0.9747,201018.1,High
C100306,68373.44,55966.65,0.9529,208555.33,High
C100307,436082.91,15894.39,0.0891,17448.88,Medium
C100308,448412.72,35339.79,0.7575,97748.1,High
C100309,17613.31,50911.55,0.9015,175485.72,High
C100310,117641.62,24635.13,0.8792,82077.42,High
C100311,3161.14,23332.21,0.5807,49321.27,High
C100312,399282.77,13985.02,0.448,24315.6,Medium
C100313,70744.73999999999,816.0,0.0707,878.07,Low
C100314,342306.32,109372.39,0.9982,424538.99,Very High
C100315,1194412.27,125784.01,0.9984,488242.21,Very High
C100316,304379.03,7741.22,0.333,11462.71,Medium
C100317,10746.52,4047.94,0.1377,4692.93,Low
C100318,44251.51,11631.35,0.2446,15342.99,Medium
C100319,29450.44,354.22,0.0431,372.86,Low
C100320,1039096.33,127695.41,0.9995,495661.49,Very High
C100321,199837.97,6255.88,0.205,7854.99,Low
C100322,241130.72,8532.96,0.5211,16504.46,Medium
C100324,118492.48,14571.38,0.2051,18297.85,Medium
C100326,323735.21,21693.93,0.6389,50070.5,High
C100327,46202.8,49248.15,0.7135,127338.5,High
C100328,738231.84,74449.68,0.9934,288983.28,Very High
C100329,0.0,308.0,0.0312,324.21,Low
C100330,227415.02,58130.43,0.9629,219903.44,Very High
C100331,51139.8,14355.46,0.4872,26418.22,Medium
C100332,1035621.25,118047.42,0.9957,458211.92,Very High
C100333,71445.16,18022.06,0.2721,24622.21,Medium
C100334,117079.88,21642.47,0.2791,29838.28,Medium
C100335,181365.99,14398.04,0.4911,26645.71,Medium
C100336,4305.83,45711.5,0.8873,154201.7,High
C100337,262501.31,19973.6,0.5081,37899.17,Medium
C100338,108495.49,27992.61,0.5898,59980.71,High
C100339,218359.22,19167.88,0.692,47962.71,High
C100340,25326.67,8748.56,0.2118,11077.43,Medium
C100341,0.0,298.66,0.0132,314.37,Low
C100342,239489.23,40916.29,0.8358,127589.46,High
C100343,248387.45,35161.44,0.8576,113362.33,High
C100344,391123.43,69503.49,0.9799,269749.22,Very High
C100345,415778.31,38341.39,0.8312,118713.92,High
C100346,0.0,3202.54,0.0637,3420.48,Low
C100347,106320.03,3878.82,0.0689,4165.79,Low
C100348,221644.77,25246.15,0.7035,64287.87,High
C100349,0.0,27909.02,0.9617,105391.97,High
C100350,96033.89,73145.89,0.9833,283922.51,Very High
C100353,345644.64,40664.3,0.8835,136377.36,High
C100354,526824.45,3446.4,0.2533,4596.67,Low
C100355,20667.38,65261.59,0.7659,182849.23,High
C100356,62744.75,24983.9,0.8174,75746.42,High
C100358,146069.4,35929.0,0.841,112928.55,High
C100359,1217277.01,162609.27,0.9992,631182.85,Very High
C100360,835682.02,164385.34,0.999,638076.81,Very High
C100361,420009.13,17812.97,0.6297,40542.52,Medium
C100362,5938.67,16709.84,0.2658,22644.62,Medium
C100363,1354555.68,206860.5,0.9989,802948.05,Very High
C100364,1136908.32,198291.48,0.9995,769686.62,Very High
C100365,2191129.13,210376.25,0.9994,816594.77,Very High
C100366,364643.2,137180.7,0.9989,532479.52,Very High
C100367,307527.84,107886.03,0.993,418769.54,Very High
C100368,1235985.29,150178.25,0.9986,582930.69,Very High
C100369,59765.49999999999,3904.55,0.1237,4454.64,Low
C100370,178719.1,8844.75,0.4822,16158.19,Medium
C100371,48280.48,5613.27,0.1848,6877.49,Low
C100372,111774.56,66858.17,0.9942,259516.15,Very High
C100373,1195658.62,75082.04,0.9435,275825.85,Very High
C100374,180499.15,9714.42,0.2987,13741.38,Medium
C100375,71363.70999999999,4465.63,0.2336,5809.28,Low
C100376,84516.89,429.12,0.0564,454.79,Low
C100377,12861.46,57427.98,0.8205,174922.01,High
C100378,0.0,26536.62,0.7736,75228.5,High
C100379,272302.06,12663.56,0.7747,35961.67,Medium
C100380,223470.1,5613.11,0.2067,7062.41,Low
C100381,264357.45,12429.02,0.6137,27611.38,Medium
C100382,163473.7,12214.53,0.1177,13841.28,Medium
C100383,210023.93,27309.28,0.4445,47241.14,High
C100384,242197.72,22865.74,0.6187,51183.79,High
C100385,88725.19,5941.96,0.3074,8502.72,Low
C100387,51699.33,12142.72,0.1172,13752.61,Medium
C100388,77168.76000000001,6310.86,0.1681,7580.14,Low
C100389,197755.15,19548.18,0.727,51599.71,High
C100390,1510468.39,180455.61,0.999,700455.07,Very High
C100391,2200.58,1253.96,0.0106,1319.95,Low
C100392,173717.78,3655.78,0.0772,3961.6,Low
C100393,201722.43,7874.13,0.2408,10336.2,Medium
C100394,56224.65,27534.5,0.5422,54947.17,High
C100395,86138.04000000001,33769.16,0.8899,114362.92,High
C100396,0.0,13466.28,0.2153,17124.69,Medium
C100397,116813.36,31551.64,0.8365,98489.06,High
C100398,62544.11,26423.37,0.758,73143.42,High
C100399,440385.19,33594.61,0.7869,97206.08,High
C100400,95616.37,7279.75,0.3837,11555.79,Medium
C100401,872696.99,170144.33,0.9993,660430.88,Very High
C100402,13982.21,14335.92,0.7665,40204.36,Medium
C100403,16655.730000000003,14287.32,0.4503,24923.32,Medium
C100404,77091.04000000001,4030.49,0.3258,5910.57,Low
C100405,1897061.28,193791.88,0.9992,752221.0,Very High
C100406,343547.01,74735.24,0.9985,290091.7,Very High
C100407,235524.26,21770.14,0.229,28159.28,Medium
C100408,349343.65,26700.77,0.9708,102220.89,High
C100409,604739.87,132147.02,0.9987,512940.83,Very High
C100410,79138.81,33173.68,0.9611,125156.7,High
C100411,121277.84,13545.94,0.2677,18403.35,Medium
C100412,10557.73,40536.52,0.675,98832.17,High
C100413,3952.03,13434.12,0.5669,27815.63,Medium
C100414,1217315.28,132355.24,0.9986,513749.04,Very High
C100415,229526.6,3723.02,0.1293,4274.88,Low
C100416,1364125.17,184198.33,0.9995,714982.78,Very High
C100417,21009.79,22571.41,0.3853,35907.86,Medium
C100418,476.86,15366.01,0.3992,24926.38,Medium
C100419,64679.13,18282.99,0.2356,23844.09,Medium
C100420,206366.84,3473.85,0.2634,4693.26,Low
C100421,242787.06,15821.12,0.388,25267.21,Medium
C100422,966123.85,154203.07,0.9989,598553.42,Very High
C100423,0.0,16105.92,0.4003,26166.84,Medium
C100424,420599.46,20123.65,0.2045,25251.73,Medium
C100425,462095.42,123590.07,0.9967,479726.22,Very High
C100426,152239.06,1705.37,0.0566,1807.63,Low
C100427,113761.65,29464.65,0.5924,63383.91,High
C100428,396365.78,56245.94,0.9828,218323.79,High
C100429,0.0,321.6,0.0158,338.53,Low
C100430,365052.27,44659.49,0.8963,152720.9,High
C100431,121381.26,16604.94,0.3564,25383.61,Medium
C100432,354581.52,101230.06,0.9972,392933.8,Very High
C100433,182633.59,3250.84,0.131,3739.74,Low
C100434,412597.93,39886.64,0.9181,140986.11,High
C100435,14022.69,329.01,0.0176,346.32,Low
C100436,440804.07,2034.78,0.0506,2143.23,Low
C100437,69960.34,3415.19,0.0552,3614.73,Low
C100439,3911.26,37045.71,0.7579,102533.62,High
C100440,2918.78,823.6,0.0978,912.78,Low
C100441,135135.38999999998,62643.79,0.9267,224353.71,Very High
C100442,76484.05,6197.59,0.2269,7995.01,Low
C100443,1049389.0,69860.47,0.9535,260539.55,Very High
C100444,171726.87,464.36,0.0383,488.8,Low
C100445,260885.02,8574.06,0.1055,9583.7,Medium
C100446,374120.78,23287.33,0.7675,65408.07,High
C100447,412335.02,80118.1,0.9689,305814.05,Very High
C100448,198838.73,7462.73,0.1666,8947.67,Low
C100449,38910.99,395.4,0.0052,416.21,Low
C100450,105954.59,18319.92,0.6123,40608.51,Medium
C100451,0.0,29159.73,0.6412,67535.77,High
C100452,36065.72,5415.9,0.1582,6430.05,Low
C100453,85742.14,3425.64,0.0716,3689.93,Low
C100454,1464259.5,258899.87,0.9993,1004943.67,Very High
C100455,19661.29,494.97,0.0435,521.02,Low
C100456,64388.68,1252.4,0.0633,1337.02,Low
C100457,555945.12,99061.47,0.9663,376661.44,Very High
C100458,349382.3,25330.66,0.8777,84198.89,High
C100459,1033370.06,48807.62,0.3197,70999.2,High
C100460,435566.44,24535.24,0.606,53873.99,High
C100461,300965.88,5067.27,0.138,5876.1,Low
C100462,131590.03,4625.51,0.1241,5279.51,Low
C100463,39235.52,10217.7,0.3036,14548.03,Medium
C100464,78766.24,5848.21,0.2995,8281.46,Low
C100465,47694.95,4341.99,0.3784,6842.04,Low
C100466,53022.4,21073.86,0.2809,29122.27,Medium
C100468,69128.6,78458.86,0.9492,290739.64,Very High
C100469,0.0,843.61,0.0861,923.05,Low
C100470,9354.27,15450.85,0.4129,25553.93,Medium
C100471,54975.7,4580.75,0.2085,5776.19,Low
C100473,85824.04000000001,35058.52,0.8137,105690.07,High
C100474,71594.34,20904.85,0.233,27174.76,Medium
C100475,21327.73,26597.82,0.8378,83187.44,High
C100476,89014.15,11702.62,0.3973,18933.64,Medium
C100477,439854.85,125080.47,0.9936,485511.35,Very High
C100478,1445814.26,166383.39,0.9988,645832.44,Very High
C100480,77515.54000000001,14937.71,0.2554,19977.27,Medium
C100481,5404.18,14696.41,0.5,27556.48,Medium
C100482,537076.05,36446.22,0.9407,133320.04,High
C100483,0.0,13263.61,0.7214,34712.6,Medium
C100484,6541.880000000001,634.17,0.0254,667.55,Low
C100485,1733853.86,225599.41,0.9994,875684.85,Very High
C100486,251669.23,33595.93,0.6294,76429.08,High
C100487,115011.08,26373.64,0.8975,90352.32,High
C100488,121625.61,111821.94,0.993,434047.15,Very High
C100489,0.0,371.53,0.0144,391.08,Low
C100490,715599.07,61677.61,0.9842,239407.31,Very High
C100491,193713.64,25745.01,0.6153,57331.35,High
C100493,45389.27,5831.39,0.2842,8093.03,Low
C100494,69943.42,6825.51,0.6135,15157.25,Medium
C100496,132340.6,6503.15,0.2076,8191.87,Low
C100498,425413.7,11510.43,0.4197,19218.73,Medium
C100499,22174.45,909.21,0.0413,957.06,Low
C100500,57436.43,23418.96,0.7552,64544.36,High
C100501,164609.88,62601.13,0.5072,118631.55,High
C100503,69042.03,16448.65,0.6642,39450.0,Medium
C100504,646799.49,219380.18,0.9996,851544.34,Very High
C100505,4194.94,464.92,0.0324,489.39,Low
C100506,49921.98,514.15,0.021,541.21,Low
C100507,1152180.15,142690.35,0.9949,553865.7,Very High
C100508,63153.91,363.32,0.0531,383.7,Low
C100509,2846958.44,256924.24,0.9991,997275.07,Very High
C100510,748402.75,182374.97,0.9995,707905.22,Very High
C100511,82412.07,26782.49,0.8945,91342.55,High
C100513,344921.12,21085.53,0.5926,45372.06,Medium
C100514,87599.66,112493.9,0.9784,435624.75,Very High
C100516,0.0,13099.14,0.2047,16441.33,Medium
C100517,533971.19,61230.88,0.9125,214596.17,High
C100518,859598.99,66090.61,0.7415,178378.66,High
C100520,133874.37,7236.69,0.4222,12126.72,Medium
C100521,1105288.17,196411.46,0.9994,762389.16,Very High
C100522,1638844.62,159460.24,0.9988,618959.59,Very High
C100523,51221.44,65247.1,0.8593,210904.6,High
C100524,25571.4,3821.7,0.2202,4889.44,Low
C100525,1492732.71,217796.89,0.9993,845398.68,Very High
C100526,399833.48,13649.75,0.0638,14579.88,Medium
C100527,133795.18,22233.54,0.7285,58823.8,High
C100528,266490.97,12848.06,0.3593,19719.68,Medium
C100529,33942.77,15392.21,0.6891,38342.57,Medium
C100530,21451.33,2711.16,0.2033,3397.07,Low
C100531,4287.28,43433.3,0.8997,149294.61,High
C100532,555119.14,84821.23,0.995,329241.41,Very High
C100533,26929.26,31356.64,0.4844,57463.9,High
C100534,22722.26,348.51,0.0401,366.85,Low
C100535,39342.03,728.33,0.0868,797.51,Low
C100536,1493576.6,165547.05,0.9988,642586.09,Very High
C100537,134897.56,5555.59,0.194,6883.32,Low
C100538,0.0,24308.91,0.7623,67732.62,High
C100539,555752.62,7232.22,0.4186,12057.36,Medium
C100540,72727.77,1530.86,0.0614,1631.03,Low
C100541,151708.92,549.11,0.0267,578.0,Low
C100542,0.0,28805.57,0.4462,49950.11,High
C100543,2769.19,19222.99,0.3799,30352.13,Medium
C100544,31385.58,14260.35,0.5947,30785.49,Medium
C100545,134715.73,34020.55,0.8581,109754.69,High
C100546,960910.35,137950.39,0.9989,535467.14,Very High
C100547,741280.01,153947.22,0.9983,597560.29,Very High
C100548,790962.42,66958.55,0.9708,256328.68,Very High
C100549,40571.24,56567.29,0.8714,186255.3,High
C100550,146371.0,31351.62,0.7608,87154.1,High
C100551,83473.62,10610.84,0.1142,11977.38,Medium
C100552,346523.53,15729.53,0.1822,19213.65,Medium
C100553,12102.25,20364.43,0.4609,36072.23,Medium
C100554,1294114.42,110579.58,0.9987,429224.81,Very High
C100555,286822.27,3303.59,0.0971,3658.44,Low
C100556,11790.8,40535.5,0.7532,111384.27,High
C100557,415973.58,39344.8,0.9371,143146.36,High
C100558,486620.25,75975.73,0.9907,294906.8,Very High
C100559,88894.74,18985.23,0.4191,31672.03,Medium
C100560,41558.52,4066.55,0.0405,4280.56,Low
C100561,132964.8,118220.36,0.9714,452980.62,Very High
C100562,87459.73,8884.94,0.2241,11421.62,Medium
C100563,129915.92,1530.7,0.0239,1611.25,Low
C100564,0.0,30545.76,0.9122,107011.12,High
C100565,100048.41,11970.19,0.4247,20128.57,Medium
C100566,0.0,278.46,0.0188,293.11,Low
C100567,65527.02,17236.96,0.6066,37881.29,Medium
C100568,211771.8,11782.92,0.5718,24576.65,Medium
C100569,2061544.16,247013.34,0.999,958805.01,Very High
C100570,260363.5,69713.26,0.8722,229795.25,Very High
C100571,5216.96,555.68,0.0321,584.93,Low
C100572,344093.36,43971.4,0.8559,141396.32,High
C100573,67360.23,48805.18,0.9513,181430.19,High
C100574,63855.36,4354.3,0.21,5501.36,Low
C100575,80052.7,29747.27,0.5878,63553.41,High
C100576,317929.36,35169.47,0.8729,116057.96,High
C100577,21786.27,7504.68,0.2704,10231.3,Medium
C100578,222814.32,26886.19,0.7371,72082.5,High
C100579,12896.58,17718.6,0.4795,32242.72,Medium
C100580,43608.34,6246.03,0.2241,8030.01,Low
C100581,838449.19,96020.22,0.9986,372711.32,Very High
C100582,103381.43,68510.21,0.9891,265928.68,Very High
C100583,94374.06,71699.68,0.9227,255207.81,Very High
C100584,16897.39,59369.47,0.9252,212148.02,High
C100585,94933.19,5323.27,0.1222,6063.18,Low
C100586,29756.61,11917.3,0.3741,18667.5,Medium
C100587,591440.85,167746.68,0.9992,651124.18,Very High
C100588,270000.89,28977.43,0.6891,72185.07,High
C100589,171028.41,7988.53,0.3237,11682.01,Medium
C100590,2209285.12,179502.74,0.9996,696756.42,Very High
C100591,481583.3,37477.15,0.6285,85145.17,High
C100592,439024.04,186301.09,0.9926,723144.82,Very High
C100593,29009.04,74761.04,0.8215,228092.41,Very High
C100594,18655.52,18158.92,0.7148,47045.65,High
C100595,1542759.55,146623.56,0.9992,569132.85,Very High
C100596,65420.7,19619.65,0.6043,42971.73,Medium
C100597,9003.880000000001,368.25,0.0519,388.4,Low
C100598,19619.54,19901.08,0.5241,38664.56,Medium
C100599,245534.48,16813.83,0.4019,27379.16,Medium
C100600,1181324.57,101917.07,0.9951,395600.49,Very High
C100601,439475.31,134828.49,0.9989,523349.17,Very High
C100602,275179.44,27100.01,0.7958,79486.49,High
C100603,23164.61,14129.0,0.3635,21810.05,Medium
C100604,389400.36,65077.54,0.9924,252604.44,Very High
C100606,34838.29,9068.93,0.3663,14053.89,Medium
C100607,445815.85,47962.71,0.8828,160690.82,High
C100608,0.0,25776.93,0.9722,98884.73,High
C100609,24170.96,4820.38,0.0981,5344.11,Low
C100610,16507.58,2357.72,0.1839,2885.79,Low
C100611,2097695.84,176264.88,0.9996,684188.33,Very High
C100612,91822.76,5368.55,0.2962,7568.89,Low
C100613,109482.35,23002.79,0.4127,38028.71,Medium
C100614,103931.12,27781.14,0.7372,74491.75,High
C100616,41029.17,17069.44,0.7003,43253.78,Medium
C100617,106740.18,20570.79,0.5313,40393.12,Medium
C100618,24640.300000000003,16114.51,0.4344,27476.41,Medium
C100619,619931.48,168826.7,0.9994,655316.36,Very High
C100620,363715.66,18127.13,0.4657,32330.75,Medium
C100621,557931.62,65481.34,0.8783,217868.26,High
C100622,209170.55,20250.74,0.3522,30781.36,Medium
C100623,42437.32,113102.94,0.9088,394209.24,Very High
C100624,1076385.13,163539.2,0.9979,634792.47,Very High
C100625,638578.07,164190.07,0.9991,637318.88,Very High
C100626,0.0,403.16,0.0198,424.38,Low
C100627,113421.88,18247.97,0.5991,39654.82,Medium
C100628,180884.04,352.83,0.0212,371.4,Low
C100629,303039.28,15890.96,0.4775,28830.85,Medium
C100630,734720.23,49808.78,0.9619,188121.17,High
C100631,298117.19,1846.81,0.1005,2052.99,Low
C100632,263031.76,14420.55,0.3107,20725.08,Medium
C100633,62595.33,4577.31,0.0452,4818.2,Low
C100634,382543.89,22531.43,0.2322,29258.97,Medium
C100635,2158357.26,174216.86,0.9991,676238.77,Very High
C100636,326722.68,45842.28,0.9836,177941.02,High
C100637,1562689.22,178735.13,0.9994,693776.85,Very High
C100639,515768.32,116159.68,0.9974,450884.49,Very High
C100640,89346.16,33806.76,0.9264,121018.12,High
C100641,88110.46,485.69,0.0278,511.25,Low
C100642,1042618.13,185781.4,0.9988,721127.6,Very High
C100643,234493.12,9307.3,0.3852,14804.79,Medium
C100644,263583.65,89769.19,0.9922,348447.38,Very High
C100647,263956.1,115085.76,0.9949,446715.96,Very High
C100648,104200.16,4154.47,0.109,4662.08,Low
C100649,143634.28,11985.85,0.3595,18401.35,Medium
C100651,7929.66,347.6,0.0245,365.89,Low
C100652,0.0,288.44,0.0183,303.62,Low
C100653,92518.91,35745.34,0.9313,128909.75,High
C100654,1457724.13,121494.34,0.987,471591.47,Very High
C100655,151800.07,12908.1,0.5903,27679.35,Medium
C100656,1046329.0,163915.92,0.999,636254.74,Very High
C100657,580822.35,18970.22,0.3681,29467.97,Medium
C100658,101007.53,43720.35,0.4325,74344.66,High
C100659,0.0,20281.11,0.6733,49319.64,High
C100660,9681.5,876.84,0.0322,922.99,Low
C100661,479046.94,61460.81,0.9673,234043.23,Very High
C100663,48767.95999999999,12758.09,0.2532,17012.38,Medium
C100664,41930.41,14637.41,0.1591,17396.11,Medium
C100665,72068.1,8143.09,0.3213,11870.97,Medium
C100666,420123.88,63249.3,0.8834,212071.49,High
C100667,90998.35,14827.12,0.395,23911.45,Medium
C100668,383447.78,22629.49,0.211,28625.1,Medium
C100669,25298.46,2379.7,0.0501,2505.11,Low
C100670,0.0,12723.27,0.3434,19109.21,Medium
C100671,22416.0,845.32,0.0318,889.81,Low
C100672,83346.4,700.65,0.0469,737.52,Low
C100673,495907.95,44101.59,0.8754,146088.64,High
C100674,673683.05,17230.29,0.2367,22502.19,Medium
C100675,163040.41,3052.02,0.1136,3442.47,Low
C100676,527152.1799999999,16346.76,0.8094,48954.99,High
C100677,163924.77000000002,43794.72,0.9461,161520.67,High
C100678,180104.38,3535.18,0.0238,3721.22,Low
C100679,71933.59,658.15,0.0278,692.79,Low
C100680,280131.77,822.28,0.0665,880.82,Low
C100681,45074.43,27987.97,0.7851,80759.01,High
C100682,122482.71,11237.85,0.2829,15571.41,Medium
C100683,2456.04,20983.63,0.6911,52430.63,High
C100684,65491.41,14108.83,0.4031,23014.34,Medium
C100685,0.0,4207.21,0.3109,6047.95,Low
C100686,34421.369999999995,3353.77,0.1063,3752.2,Low
C100687,671192.84,185972.11,0.9987,721867.85,Very High
C100688,76880.51000000001,17577.62,0.3865,28013.47,Medium
C100689,38656.77,6181.14,0.3311,9129.68,Low
C100690,0.0,28885.21,0.8823,96691.47,High
C100692,74429.47,18847.0,0.5517,38148.48,Medium
C100693,61063.96,16891.03,0.6122,37438.97,Medium
C100694,86304.25,3429.64,0.1236,3912.22,Low
C100695,0.0,5534.29,0.2971,7812.29,Low
C100696,778992.51,163914.19,0.9995,636248.02,Very High
C100697,60397.86,27304.87,0.9003,93940.74,High
C100698,0.0,284.24,0.0165,299.2,Low
C100699,217802.19,137685.67,0.9839,534439.59,Very High
C100700,691756.72,183908.52,0.9974,713857.86,Very High
C100701,1350610.41,145865.78,0.9989,566191.43,Very High
C100702,143940.53,828.39,0.1284,950.16,Low
C100703,39475.16,25539.23,0.3545,38942.36,Medium
C100704,525172.49,56730.99,0.986,220206.54,Very High
C100705,82583.65000000001,1379.31,0.0534,1457.12,Low
C100706,59158.12,7763.08,0.1059,8681.77,Low
C100707,544604.78,126568.63,0.9981,491287.79,Very High
C100708,214393.45,618.98,0.0659,662.62,Low
C100710,33318.0,15980.21,0.3313,23608.58,Medium
C100711,189941.25,14835.72,0.6157,33056.64,Medium
C100712,0.0,33920.27,0.7973,99715.79,High
C100713,188333.63,9610.28,0.3399,14364.5,Medium
C100714,0.0,290.36,0.0273,305.64,Low
C100715,1991586.02,208246.28,0.9994,808327.08,Very High
C100716,0.0,26854.8,0.7375,72036.92,High
C100718,0.0,2666.82,0.0855,2916.15,Low
C100719,450839.43,52320.99,0.7503,143137.33,High
C100720,712378.16,61118.27,0.9771,236190.3,Very High
C100721,894639.53,43540.92,0.9154,153276.31,High
C100722,1116713.96,127670.33,0.9935,495564.11,Very High
C100723,116120.02,1062.36,0.1134,1198.01,Low
C100724,14479.75,1211.65,0.1196,1375.93,Low
C100725,1974720.0,223830.02,0.9997,868816.81,Very High
C100727,1190281.98,208980.5,0.9993,811177.03,Very High
C100728,3519.16,377.05,0.022,396.89,Low
C100729,67083.05,2407.96,0.0673,2581.55,Low
C100730,10567.76,8664.27,0.5147,16599.89,Medium
C100731,17268.95,564.85,0.1013,628.43,Low
C100732,2032.16,627.43,0.0727,676.56,Low
C100733,363898.93,8519.93,0.0989,9454.63,Medium
C100734,84824.17,38420.87,0.4486,66856.67,High
C100735,718389.18,88750.87,0.9884,344494.65,Very High
C100736,102680.43,14525.05,0.1709,17504.02,Medium
C100737,1261929.89,164783.23,0.9972,639621.28,Very High
C100738,140802.02,45619.22,0.9529,169995.8,High
C100739,128493.33,2661.27,0.0227,2801.32,Low
C100740,5260.07,28353.51,0.7666,79527.5,High
C100741,106511.32,17592.51,0.5548,35769.68,Medium
C100742,14977.48,352.52,0.0445,371.07,Low
C100743,98707.13,9600.76,0.4433,16580.34,Medium
C100745,1271793.45,186932.14,0.9996,725594.31,Very High
C100746,44279.03,18225.31,0.2383,23850.58,Medium
C100747,463462.92,45858.12,0.7793,131139.81,High
C100748,1059052.7,79916.41,0.9931,310202.88,Very High
C100749,226430.01,9121.84,0.2936,12817.52,Medium
C100750,150968.14,6408.49,0.2173,8169.2,Low
C100751,1204846.42,65499.52,0.9622,247520.34,Very High
C100752,117195.24,6079.91,0.1403,7069.35,Low
C100753,50158.17,571.02,0.013,601.07,Low
C100754,858943.71,102104.97,0.9942,396329.84,Very High
C100755,35040.49,15538.28,0.6644,37277.04,Medium
C100756,201789.3,3514.39,0.1004,3906.29,Low
C100757,370857.96,1391.75,0.0594,1479.58,Low
C100758,1714054.15,142191.99,0.9983,551931.3,Very High
C100759,270410.0,26411.63,0.8056,78643.16,High
C100760,269076.38,7965.77,0.3965,12872.2,Medium
C100761,300021.27,33479.04,0.9281,120148.5,High
C100762,1476435.71,106106.48,0.983,411862.08,Very High
C100763,124673.51,1856.87,0.1268,2125.98,Low
C100764,893528.13,171604.29,0.9983,666097.85,Very High
C100765,168690.97,7088.86,0.1273,8120.39,Low
C100766,786701.84,147467.28,0.9995,572407.82,Very High
C100767,0.0,3979.5,0.2119,5039.24,Low
C100768,235360.74,23061.24,0.7149,59759.69,High
C100769,2073.53,16667.29,0.4692,29878.97,Medium
C100770,2467.54,5546.83,0.3588,8507.36,Low
C100771,1212517.45,84172.21,0.9982,326722.17,Very High
C100772,820494.77,87217.32,0.9043,301926.56,Very High
C100773,5362.66,500.51,0.0648,535.21,Low
C100774,1019836.5,206891.92,0.998,803070.04,Very High
C100775,82626.18,1675.5,0.0417,1763.67,Low
C100776,20511.5,35610.66,0.7979,104783.89,High
C100777,28663.56,448.08,0.1308,515.34,Low
C100778,11664.42,56961.3,0.7526,156378.4,High
C100779,73187.98,10611.14,0.294,14917.52,Medium
C100780,271725.95,12213.88,0.3714,19059.36,Medium
C100781,66158.1,748.06,0.1193,849.22,Low
C100782,176474.95,28970.05,0.8341,90100.2,High
C100783,279369.64,1002.15,0.0528,1057.99,Low
C100784,96030.83,5951.54,0.4678,10647.24,Medium
C100785,7575.88,32822.89,0.8673,107389.42,High
C100786,243522.29,23520.57,0.8276,72431.98,High
C100787,864452.67,5820.96,0.1456,6810.07,Low
C100788,75019.43,14383.46,0.1557,17025.79,Medium
C100789,565861.48,43696.05,0.7875,126541.66,High
C100790,139358.72,77699.71,0.9883,301598.57,Very High
C100791,118084.91,21114.98,0.7465,57429.66,High
C100792,202452.4,41216.6,0.7034,104950.78,High
C100793,176340.65,3647.67,0.2307,4727.97,Low
C100794,618961.19,127772.41,0.9898,495960.37,Very High
C100795,117641.14,739.28,0.0475,778.19,Low
C100796,1908419.63,194664.89,0.9994,755609.69,Very High
C100797,2513507.24,179296.69,0.999,695956.61,Very High
C100798,399687.95,41027.16,0.7263,108189.45,High
C100799,40617.02,66143.02,0.9502,245442.4,Very High
C100800,1957.52,433.41,0.0405,456.22,Low
C100801,25235.74,326.79,0.0261,343.99,Low
C100802,11864.38,53359.96,0.8963,182464.9,High
C100803,1710587.13,168433.56,0.999,653790.35,Very High
C100804,6866.15,13438.66,0.3381,20037.37,Medium
C100805,2599183.86,197058.46,0.9989,764900.56,Very High
C100806,1706072.7,154266.95,0.9984,598801.36,Very High
C100807,160069.31,8114.41,0.1294,9317.54,Medium
C100808,29143.800000000003,26053.6,0.4685,46657.94,High
C100809,73923.64,23096.96,0.7292,61179.79,High
C100810,273879.73,24106.49,0.359,36982.07,Medium
C100811,107502.79,1323.74,0.0578,1404.99,Low
C100812,295674.14,1545.01,0.0682,1658.11,Low
C100813,26856.09,8792.13,0.346,13250.6,Medium
C100814,73066.99,416.93,0.0376,438.87,Low
C100815,282043.74,24373.65,0.8597,78823.74,High
C100816,937794.56,128867.4,0.9936,500210.68,Very High
C100817,9134.3,27860.01,0.7219,72972.39,High
C100818,356814.76,122640.17,0.9924,476039.11,Very High
C100819,224476.15,8677.43,0.0885,9519.18,Medium
C100820,102883.22,2714.31,0.0578,2880.85,Low
C100821,11493.35,48156.45,0.7582,133345.97,High
C100822,497967.37,140067.24,0.9956,543683.89,Very High
C100823,207318.06,46154.89,0.9334,166980.85,High
C100824,900331.29,108353.44,0.9989,420583.84,Very High
C100825,55070.530000000006,612.55,0.0627,653.49,Low
C100826,26093.16,41013.92,0.8591,132515.5,High
C100827,6201.58,10667.86,0.2952,15021.47,Medium
C100829,0.0,20419.79,0.9088,71168.8,High
C100830,269301.5,22460.44,0.5822,47580.24,High
C100831,1228897.3,139025.61,0.9964,539640.71,Very High
C100832,672634.4,63104.99,0.991,244947.81,Very High
C100833,0.0,20027.78,0.6314,45701.29,High
C100834,5944.36,5015.12,0.0593,5330.99,Low
C100835,283969.66000000003,7003.93,0.518,13484.4,Medium
C100837,798745.08,152177.41,0.9992,590690.61,Very High
C100838,0.0,20836.41,0.638,48020.68,High
C100840,17909.83,3709.26,0.1144,4187.73,Low
C100841,180647.0,8233.38,0.2312,10679.42,Medium
C100842,114505.17,20920.17,0.1813,25525.15,Medium
C100843,23288.04,15197.95,0.5685,31539.89,Medium
C100844,80194.43,887.31,0.0248,934.0,Low
C100845,1131413.19,141416.98,0.999,548923.0,Very High
C100846,700689.29,136145.34,0.9991,528460.65,Very High
C100847,220949.78,59111.75,0.9687,225566.77,Very High
C100848,703917.1,14212.2,0.2901,19877.56,Medium
C100849,474897.69,106497.25,0.999,413378.87,Very High
C100850,3107.71,1200.27,0.0433,1263.43,Low
C100851,127196.9,399.48,0.0358,420.5,Low
C100852,55321.9,5106.95,0.1761,6192.62,Low
C100853,11635.63,1194.66,0.0501,1257.62,Low
C100854,373067.49,54896.92,0.9931,213087.44,High
C100855,160033.15,3070.12,0.1096,3447.7,Low
C100856,123611.61,103992.03,0.9547,388551.94,Very High
C100857,1479420.01,179812.05,0.9993,697957.01,Very High
C100858,52302.02,16999.7,0.6772,41585.74,Medium
C100859,142918.94999999998,521.82,0.0205,549.28,Low
C100860,345125.49,107181.07,0.9924,416033.19,Very High
C100861,101523.14,9155.18,0.1826,11188.27,Medium
C100862,286740.88,9409.46,0.2428,12384.06,Medium
C100863,680408.66,40171.15,0.8412,126293.18,High
C100864,41544.45,5362.37,0.109,6017.74,Low
C100865,27206.07,340.29,0.0095,358.19,Low
C100866,68528.29,21889.57,0.3886,34985.42,Medium
C100867,22538.0,4227.3,0.1271,4841.83,Low
C100868,0.0,5536.16,0.2629,7474.83,Low
C100869,13847.37,38140.66,0.4317,64782.08,High
C100870,33865.79,543.66,0.0242,572.27,Low
C100871,149239.41,15113.49,0.1979,18812.62,Medium
C100872,73510.94,15790.92,0.4486,27478.52,Medium
C100873,187380.74,5447.75,0.1812,6646.42,Low
C100874,150926.87,8824.99,0.2306,11437.81,Medium
C100875,17133.67,23466.69,0.2636,31711.34,Medium
C100876,634488.84,61812.46,0.9714,236839.34,Very High
C100877,184177.67,7419.88,0.5392,14740.9,Medium
C100878,1761500.06,168934.42,0.9992,655734.49,Very High
C100879,1068253.03,40468.87,0.9605,152526.61,High
C100880,116007.64,21177.96,0.6326,48408.45,High
C100881,320753.34,4048.61,0.0779,4390.33,Low
C100882,17932.39,15819.73,0.576,33201.87,Medium
C100883,450903.33,57897.04,0.978,224044.7,Very High
C100884,121141.78,886.9,0.0509,934.5,Low
C100885,301840.44,640.48,0.0841,699.29,Low
C100886,557011.81,184349.36,0.9987,715568.99,Very High
C100887,19599.1,4057.22,0.1081,4548.23,Low
C100888,11518.19,7554.01,0.0345,7951.54,Low
C100890,41475.31999999999,1324.65,0.1227,1509.59,Low
C100891,250814.18,9283.2,0.1388,10775.71,Medium
C100892,106591.68,42615.03,0.6857,105617.2,High
C100893,604093.65,77315.88,0.9947,300108.69,Very High
C100894,43833.91,3097.22,0.1753,3751.89,Low
C100896,16403.46,1725.97,0.1646,2064.53,Low
C100897,119460.02,5932.45,0.3286,8732.68,Low
C100898,453175.93,11799.26,0.3031,16789.1,Medium
C100899,1877079.22,200702.71,0.9994,779046.04,Very High
C100900,120571.67,6547.53,0.0844,7150.6,Low
C100901,180.09,31312.63,0.6025,68390.56,High
C100902,1025493.18,86665.73,0.9961,336401.02,Very High
C100903,48004.98,41466.03,0.821,126397.88,High
C100904,596142.65,12843.47,0.6927,32172.27,Medium
C100905,94803.26,3311.5,0.1704,3988.29,Low
C100906,74658.42,2694.04,0.0926,2968.65,Low
C100907,47460.13,3180.51,0.1599,3783.25,Low
C100908,1922874.87,188681.87,0.9994,732386.03,Very High
C100909,0.0,282.76,0.0236,297.64,Low
C100910,13692.22,11480.2,0.2438,15127.19,Medium
C100911,223189.69,928.58,0.1195,1054.36,Low
C100912,538597.15,14263.69,0.2484,18904.48,Medium
C100913,60172.29,43226.7,0.4414,74446.98,High
C100914,793138.79,41393.8,0.927,148319.2,High
C100915,881056.56,192156.61,0.9961,745873.58,Very High
C100916,425904.37,55640.58,0.8673,182037.16,High
C100917,137598.39,19556.34,0.5329,38490.72,Medium
C100919,171823.08000000002,84694.39,0.9717,324662.83,Very High
C100920,177399.23,618.78,0.2252,796.54,Low
C100921,0.0,279.57,0.0081,294.29,Low
C100922,883406.24,123374.6,0.9762,476125.2,Very High
C100923,466973.7,85285.53,0.9923,331043.63,Very High
C100924,49556.39,734.61,0.0505,773.65,Low
C100925,657472.52,51544.03,0.845,163009.21,High
C100926,36434.35,68709.45,0.8757,227708.6,Very High
C100927,106869.4,38761.13,0.8889,131074.96,High
C100928,8929.02,23378.53,0.7478,63712.31,High
C100929,108525.05,8526.39,0.2702,11621.34,Medium
C100930,356092.79000000004,23447.71,0.3049,33440.43,Medium
C100931,453854.08,67652.25,0.9947,262598.44,Very High
C100932,193534.73,9170.85,0.1419,10682.45,Medium
C100933,511918.02,57929.76,0.8586,187028.02,High
C100934,187338.7,9473.24,0.3899,15168.18,Medium
C100935,197311.47,18969.02,0.5867,40459.78,Medium
C100936,353390.13,54200.55,0.9801,210384.42,High
C100937,129176.02,19813.88,0.5771,41657.46,Medium
C100938,59478.43,1797.29,0.0535,1898.78,Low
C100939,44015.23,13343.55,0.5013,25067.19,Medium
C100940,0.0,18594.69,0.9285,66775.88,High
C100941,218806.09,10356.29,0.1258,11843.02,Medium
C100942,218669.51,6471.47,0.2767,8894.32,Low
C100943,50858.22,27415.18,0.8152,82833.87,High
C100944,42715.57,12607.5,0.2714,17210.35,Medium
C100946,1832904.07,206607.55,0.9994,801966.23,Very High
C100947,835402.2100000001,50585.69,0.9553,189184.68,High
C100948,4089.2,39238.32,0.8973,134394.78,High
C100949,1545698.37,181164.88,0.9997,703208.13,Very High
C100950,33124.75,49287.05,0.7166,128060.63,High
C100951,234551.45,2103.93,0.0309,2214.65,Low
C100952,705879.45,73857.63,0.9794,286425.42,Very High
C100953,142200.0,81405.74,0.9886,315983.89,Very High
C100954,742086.26,54883.52,0.964,207974.05,High
C100955,1244917.91,151169.43,0.999,586778.04,Very High
C100956,148605.18,14619.37,0.4953,27223.69,Medium
C100957,192813.42,20016.66,0.7582,55421.18,High
C100958,0.0,33365.2,0.8752,110488.72,High
C100959,901454.04,14215.35,0.3279,20907.16,Medium
C100960,102317.84,46367.06,0.8224,141645.75,High
C100961,10599.91,43869.78,0.8392,137516.42,High
C100962,635856.67,50161.14,0.9586,188535.07,High
C100963,382547.47,13092.85,0.293,18382.73,Medium
C100964,502137.26,83148.29,0.95,308475.47,Very High
C100965,154990.31,15501.68,0.1784,18847.49,Medium
C100966,165914.26,977.92,0.2278,1263.07,Low
C100967,112028.24,3709.31,0.1103,4168.63,Low
C100968,339399.56,17763.5,0.4742,32074.64,Medium
C100970,143039.44,2156.51,0.1202,2450.69,Low
C100971,636921.61,151499.39,0.9967,588058.83,Very High
C100972,114086.53,27148.14,0.7004,68809.84,High
C100973,235769.75,3386.2,0.1139,3820.82,Low
C100974,0.0,16995.63,0.6058,37306.2,Medium
C100975,52925.76,119898.28,0.8946,408964.35,Very High
C100977,15673.29,103994.67,0.9208,369136.16,Very High
C100978,68740.18000000001,621.37,0.0563,658.45,Low
C100979,18698.34,342.44,0.0369,360.46,Low
C100980,91512.31,2556.17,0.0574,2711.88,Low
C100981,103433.58,1317.11,0.0932,1452.41,Low
C100982,46352.61,62179.29,0.8212,189620.71,High
C100983,104669.97,34148.17,0.7827,98175.92,High
C100984,70753.1,4171.17,0.1603,4964.2,Low
C100985,46737.46,40633.8,0.876,134716.09,High
C100986,18108.25,10098.72,0.1739,12213.2,Medium
C100987,200245.1,37367.14,0.5742,78216.52,High
C100988,480498.3,49304.5,0.9206,174946.6,High
C100989,559964.76,106702.27,0.9964,414174.69,Very High
C100990,192782.34,2091.96,0.1254,2391.26,Low
C100991,138633.62,50717.84,0.8157,153366.78,High
C100992,272010.19,191065.63,0.9985,741638.81,Very High
C100993,317651.9,73215.38,0.9886,284192.24,Very High
C100994,753355.22,123843.72,0.9926,480710.77,Very High
C100995,382914.32,63142.54,0.9862,245093.57,Very High
C100996,0.0,22341.53,0.7897,64917.95,High
C100997,69989.14,29592.51,0.6589,70408.36,High
C100998,222979.82,19318.18,0.261,26019.86,Medium
C100999,22770.32,386.36,0.0176,406.69,Low
C101000,12228.55,8866.33,0.433,15086.62,Medium
C101001,18242.800000000003,51786.06,0.8939,176435.67,High
C101002,93808.6,17328.73,0.4127,28650.85,Medium
C101003,138720.65999999997,60388.56,0.9714,231386.54,Very High
C101004,15115.22,16386.25,0.2816,22665.89,Medium
C101005,89640.16,84421.66,0.9862,327690.42,Very High
C101006,161661.34,8495.59,0.1263,9721.72,Medium
C101007,111498.77,1783.77,0.0553,1888.2,Low
C101008,87546.97,792.92,0.0169,834.64,Low
C101009,103114.06,1868.09,0.0637,1995.14,Low
C101010,1523806.07,168232.97,0.9996,653011.74,Very High
C101011,130436.27,58464.4,0.9542,218268.3,High
C101012,964933.93,136729.63,0.9974,530728.63,Very High
C101013,806797.69,190470.29,0.9963,739327.95,Very High
C101014,1615497.11,150393.05,0.9988,583764.48,Very High
C101017,216731.66,9425.07,0.4227,15804.23,Medium
C101018,373210.97,78744.22,0.9848,305652.95,Very High
C101019,2168.66,14484.24,0.4605,25639.58,Medium
C101020,4715.29,39692.23,0.857,127850.44,High
C101021,20713.99,27560.71,0.6834,68062.68,High
C101022,988974.77,238503.61,0.9991,925773.7,Very High
C101023,212953.92,15640.13,0.3916,25102.55,Medium
C101024,91768.21,11898.45,0.6607,28385.14,Medium
C101025,232600.05,10956.51,0.4039,17891.17,Medium
C101026,73136.41,437.11,0.0312,460.12,Low
C101027,138610.92,24892.84,0.9371,90568.77,High
C101028,310340.54,62904.75,0.8978,215603.79,High
C101029,135954.79,18558.62,0.3249,27183.44,Medium
C101030,222251.73,32690.01,0.8258,100390.31,High
C101031,442756.03,24152.83,0.3646,37340.42,Medium
C101032,99753.59,362.87,0.0072,381.97,Low
C101033,80562.73999999999,17208.16,0.2588,23111.64,Medium
C101034,501527.08,37859.18,0.9671,144129.71,High
C101035,11071.4,48461.24,0.7865,140124.09,High
C101036,1114901.43,238697.08,0.9994,926524.69,Very High
C101037,116439.42,16783.91,0.4712,30176.33,Medium
C101038,90793.0,450.65,0.0375,474.37,Low
C101039,15400.68,299.97,0.0257,315.75,Low
C101040,96370.4,8231.75,0.0563,8722.75,Low
C101041,493974.78,162084.49,0.9968,629145.85,Very High
C101042,128585.33,21682.75,0.3861,34536.71,Medium
C101043,91067.71,12931.72,0.2171,16481.33,Medium
C101044,8938.33,14594.77,0.5902,31292.03,Medium
C101045,1706568.93,165841.98,0.9991,643730.9,Very High
C101046,268229.47,34455.29,0.8408,108256.07,High
C101047,62738.04,2366.9,0.0467,2491.46,Low
C101048,557571.79,16277.89,0.4016,26493.11,Medium
C101049,295683.09,61103.64,0.9946,237179.41,Very High
C101050,100017.6,13670.67,0.2502,18160.14,Medium
C101051,46617.82,2978.04,0.0928,3282.57,Low
C101052,987980.07,218951.87,0.998,849881.83,Very High
C101054,11221.81,5964.44,0.4721,10737.43,Medium
C101055,600537.13,13254.44,0.2111,16767.16,Medium
C101056,190741.42,3827.49,0.1002,4253.47,Low
C101057,607991.05,15394.45,0.6692,37203.39,Medium
C101058,1434750.97,151504.47,0.9997,588078.53,Very High
C101059,183673.72,8689.07,0.2496,11534.49,Medium
C101060,846583.1900000001,154428.53,0.9992,599428.55,Very High
C101061,9005.62,15910.6,0.6217,35772.41,Medium
C101062,1240605.81,142475.1,0.9993,553030.19,Very High
C101063,868443.53,40549.69,0.8104,121616.72,High
C101064,791314.98,149130.63,0.9964,578864.25,Very High
C101065,0.0,281.39,0.0227,296.19,Low
C101067,55315.01,1194.52,0.0279,1257.39,Low
C101068,380133.36,55384.3,0.6932,138839.91,High
C101069,0.0,2148.2,0.0382,2261.25,Low
C101070,1897805.85,136283.33,0.999,528996.29,Very High
C101071,831546.28,138918.56,0.9986,539225.16,Very High
C101072,56455.15,3926.23,0.1563,4650.99,Low
C101073,577143.35,60348.58,0.9175,213121.5,High
C101074,994630.45,173826.58,0.9982,674723.85,Very High
C101075,1568968.07,180424.37,0.9992,700333.8,Very High
C101076,482413.36,44071.71,0.9114,154214.59,High
C101077,0.0,421.2,0.0339,443.37,Low
C101078,681971.49,74114.67,0.9921,287682.9,Very High
C101080,1648342.44,176672.35,0.998,685770.0,Very High
C101081,184149.25,21403.47,0.2931,30056.22,Medium
C101082,306115.39,123639.09,0.9985,479916.5,Very High
C101083,216927.89,14797.65,0.6112,32748.2,Medium
C101084,24628.96,43409.93,0.9598,163458.49,High
C101085,76234.07,362.85,0.0154,381.95,Low
C101086,1811101.75,207209.1,0.9993,804301.2,Very High
C101087,819372.6,185274.11,0.9979,719158.52,Very High
C101088,355411.47000000003,15503.47,0.3294,22847.91,Medium
C101089,29189.07,4089.22,0.1195,4643.02,Low
C101090,65396.7,3994.44,0.1107,4490.75,Low
C101091,339268.37,210199.6,0.9982,815909.09,Very High
C101092,275329.73,6812.56,0.1739,8238.8,Low
C101093,13664.97,47889.29,0.8154,144737.17,High
C101094,317623.22000000003,59448.09,0.9702,227372.61,Very High
C101095,0.0,29252.97,0.65,68660.17,High
C101096,430374.38,3615.6,0.1991,4507.32,Low
C101098,51397.15,14081.75,0.3039,20057.63,Medium
C101100,1041293.93,165134.21,0.9989,640983.61,Very High
C101101,0.0,25970.27,0.8691,85210.8,High
C101102,173556.5,23146.81,0.6759,56514.71,High
C101103,75086.08,2049.88,0.0371,2157.76,Low
C101104,260405.11,18563.57,0.7382,49851.93,High
C101105,160054.04,20637.61,0.3777,32487.98,Medium
C101106,0.0,26593.26,0.8533,85170.49,High
C101107,892839.9299999999,90519.73,0.9809,351360.65,Very High
C101108,1779792.85,151904.97,0.999,589633.13,Very High
C101109,4259.52,3850.07,0.1317,4432.77,Low
C101110,121444.93,3806.17,0.0578,4039.67,Low
C101111,1183921.09,58145.26,0.9697,222217.88,Very High
C101112,105436.54,39863.75,0.8394,124993.51,High
C101113,36241.37,40860.14,0.7875,118331.73,High
C101114,32412.47,3650.11,0.1879,4489.2,Low
C101115,574993.56,47544.87,0.9495,176250.2,High
C101116,2045277.3,176986.57,0.998,686989.66,Very High
C101117,371989.71,29286.36,0.9469,108133.07,High
C101118,102264.1,13063.68,0.2267,16847.95,Medium
C101119,257420.78,25367.63,0.6286,57640.08,High
C101120,154751.73,986.1,0.0579,1046.65,Low
C101121,2171372.65,151047.25,0.9982,586303.8,Very High
C101122,1506662.13,123186.63,0.9982,478160.23,Very High
C101123,456914.64,39961.16,0.8222,122041.42,High
C101124,139783.3,5820.18,0.1134,6563.38,Low
C101125,360730.63,154541.5,0.9976,599867.06,Very High
C101126,485003.91,85812.14,0.9379,312555.85,Very High
C101127,333201.35,107044.29,0.9877,415502.25,Very High
C101128,29647.05,3552.6,0.043,3739.55,Low
C101129,76056.18,34632.07,0.9374,126064.22,High
C101130,528414.29,146087.13,0.9948,567050.62,Very High
C101131,9978.91,719.94,0.058,764.27,Low
C101132,161125.89,82600.6,0.9851,320621.83,Very High
C101133,357241.41,44024.53,0.8489,140057.6,High
C101134,9183.25,13267.02,0.4052,21702.42,Medium
C101135,0.0,296.26,0.012,311.85,Low
C101136,277031.23,9703.46,0.2189,12393.56,Medium
C101137,5491.92,11515.2,0.2627,15544.15,Medium
C101138,1493431.23,114823.58,0.9775,444003.39,Very High
C101139,101074.34,24938.24,0.1428,29081.63,Medium
C101140,2010637.79,192513.09,0.9994,747257.28,Very High
C101141,0.0,288.84,0.0145,304.04,Low
C101142,19447.53,11080.48,0.6005,24129.3,Medium
C101143,5516.56,47619.35,0.8951,162551.72,High
C101144,277861.38,3029.79,0.0738,3270.96,Low
C101145,235590.18,2347.46,0.0458,2471.0,Low
C101146,410188.07,46642.41,0.9925,181046.8,High
C101147,18117.34,19127.74,0.504,36077.25,Medium
C101148,564170.99,77955.3,0.9893,302590.69,Very High
C101149,317457.79,3629.71,0.3312,5361.87,Low
C101150,332074.3,51356.86,0.9033,177505.3,High
C101151,330115.25,31418.98,0.7885,91130.38,High
C101152,662752.87,97841.63,0.9937,379781.28,Very High
C101153,29465.36,19319.45,0.8537,61908.92,High
C101154,502873.01,117268.77,0.998,455189.53,Very High
C101155,53346.59,326.54,0.0329,343.72,Low
C101156,459080.38,37015.97,0.9295,133129.68,High
C101157,79302.02,5957.76,0.2532,7944.43,Low
C101158,655344.37,14615.47,0.5616,30022.2,Medium
C101159,167449.98,21582.7,0.6952,54266.53,High
C101160,460979.93,3524.03,0.0985,3908.9,Low
C101161,148055.36000000002,486.71,0.0168,512.32,Low
C101162,155983.51,42340.22,0.9681,161431.64,High
C101163,55537.18,26159.16,0.5261,50971.09,High
C101164,1448063.37,134179.82,0.9993,520831.33,Very High
C101165,85870.44,30331.9,0.8672,99226.9,High
C101166,191726.22,25595.35,0.588,54695.24,High
C101167,61852.18,19352.09,0.7259,50997.7,High
C101168,494749.18,182680.29,0.9974,709090.34,Very High
C101169,377713.6,17245.82,0.2023,21584.27,Medium
C101170,40299.47,4905.27,0.3804,7750.66,Low
C101171,172999.18,55860.84,0.9253,199639.76,High
C101172,304824.86,50540.08,0.8934,172063.65,High
C101173,19653.23,292.16,0.0207,307.53,Low
C101174,296594.7,5195.55,0.4437,8977.51,Low
C101175,107850.27,8307.22,0.181,10132.71,Medium
C101176,374340.13,14327.24,0.169,17226.8,Medium
C101177,1802615.57,141473.89,0.9981,549143.92,Very High
C101178,295943.32,11664.58,0.5491,23519.35,Medium
C101179,0.0,28131.15,0.7361,75304.24,High
C101180,183331.16,1124.74,0.0349,1183.93,Low
C101181,4431.09,32942.09,0.6667,79311.35,High
C101182,3479038.17,187735.53,0.9994,728712.73,Very High
C101183,221729.55,139298.53,0.9958,540700.06,Very High
C101184,30367.68,1691.12,0.0649,1808.5,Low
C101185,45512.13,4597.22,0.2417,6042.13,Low
C101186,66717.83,709.2,0.0646,758.15,Low
C101187,438447.7,41860.09,0.8473,132834.83,High
C101188,309065.17,13122.9,0.6299,29877.77,Medium
C101189,186220.01,5959.23,0.4347,10164.91,Medium
C101190,22858.59,364.24,0.0376,383.4,Low
C101191,427810.85,83529.82,0.9953,324228.67,Very High
C101192,30329.9,29903.02,0.414,49529.72,High
C101193,591381.67,44102.21,0.96,166114.13,High
C101194,0.0,324.82,0.0174,341.91,Low
C101195,1205512.19,210910.87,0.9993,818669.94,Very High
C101196,706880.93,90037.77,0.9943,349489.89,Very High
C101197,22273.39,308.22,0.0247,324.44,Low
C101198,105353.94,402.29,0.047,423.46,Low
C101199,0.0,28241.31,0.8045,83944.0,High
C101200,215936.11,11952.3,0.4037,19512.56,Medium
C101201,460470.11,81122.14,0.9984,314883.04,Very High
C101202,244647.22,70712.99,0.9939,274478.98,Very High
C101203,37696.58,84542.0,0.965,320817.45,Very High
C101204,1010606.24,142299.66,0.9988,552349.23,Very High
C101205,278031.76,19129.1,0.6915,47827.07,High
C101206,438953.68,23004.23,0.7967,67565.93,High
C101207,157566.54,17857.44,0.6314,40745.78,Medium
C101209,1194985.91,181873.99,0.9985,705960.61,Very High
C101210,1635967.52,100451.21,0.9954,389910.6,Very High
C101211,182706.64,10436.03,0.3137,15058.82,Medium
C101212,142614.52,68889.44,0.9598,259367.15,Very High
C101213,309306.96,17608.12,0.2447,23227.98,Medium
C101214,47792.35,342.78,0.0451,360.82,Low
C101215,225256.69,1197.54,0.0271,1260.56,Low
C101216,5549.23,431.33,0.0799,468.78,Low
C101217,209942.34,64161.73,0.9723,246183.53,Very High
C101218,553360.22,90632.31,0.9796,351574.5,Very High
C101219,16469.21,2435.86,0.0322,2564.05,Low
C101220,1904.48,40470.05,0.8841,135843.36,High
C101221,376100.14,36715.19,0.799,108221.28,High
C101222,1513819.37,175694.33,0.999,681973.7,Very High
C101223,116295.29,11486.62,0.3673,17823.38,Medium
C101225,1480147.1,207176.64,0.9995,804175.17,Very High
C101226,787020.23,208246.55,0.9974,808328.15,Very High
C101227,202946.5,22093.75,0.7085,56697.21,High
C101228,14092.44,9569.41,0.4811,17454.93,Medium
C101229,138437.25999999998,2608.01,0.0248,2745.26,Low
C101230,0.0,15969.83,0.4113,26349.82,Medium
C101232,169167.21000000002,1089.06,0.0326,1146.38,Low
C101233,42583.15,74021.64,0.9037,256006.38,Very High
C101234,86815.52,49021.23,0.9142,172255.69,High
C101235,678844.65,179389.07,0.9965,696315.19,Very High
C101236,481208.22,8577.74,0.2273,11071.64,Medium
C101237,108203.85,8159.91,0.4972,15237.08,Medium
C101238,2648.95,14390.97,0.5306,28226.86,Medium
C101239,1188927.65,126037.86,0.9991,489227.56,Very High
C101240,261846.94,30468.22,0.6196,68295.2,High
C101241,112957.31,54894.1,0.936,199378.64,High
C101242,6419.65,15077.98,0.2668,20461.68,Medium
C101243,89209.62,9456.39,0.0862,10347.57,Medium
C101244,96553.48,14781.11,0.4844,27090.69,Medium
C101245,388893.86,17445.22,0.1144,19696.37,Medium
C101246,17411.59,38588.53,0.7989,113719.46,High
C101247,230433.58,15434.08,0.3272,22676.62,Medium
C101248,2418229.42,156923.72,0.9994,609113.86,Very High
C101249,159769.26,87406.21,0.9655,331935.25,Very High
C101250,483502.79,144702.8,0.9986,561677.23,Very High
C101251,180584.66,41418.77,0.9668,157612.68,High
C101252,849604.4299999999,163219.9,0.997,633553.06,Very High
C101253,58508.83,29452.65,0.6743,71736.48,High
C101254,37702.11,10952.76,0.2895,15307.1,Medium
C101255,5041.8,5297.67,0.4211,8863.41,Low
C101256,0.0,6306.35,0.4595,11147.74,Medium
C101257,12464.59,3408.72,0.0476,3588.1,Low
C101258,1498189.39,174971.94,0.9994,679169.67,Very High
C101259,13731.44,36901.09,0.7869,106770.16,High
C101260,183065.58,29753.08,0.5569,60689.83,High
C101261,64849.62,637.57,0.0763,690.24,Low
C101262,60986.72,7117.3,0.1469,8339.32,Low
C101263,52244.490000000005,4191.29,0.2649,5673.29,Low
C101264,99307.66,21911.56,0.629,49818.69,High
C101265,27257.97,297.38,0.0094,313.03,Low
C101266,156986.85,15853.06,0.6331,36266.61,Medium
C101268,1647004.9,161204.91,0.9978,625731.68,Very High
C101269,417085.88,22808.43,0.3722,35633.71,Medium
C101270,51851.28,41595.12,0.916,146574.67,High
C101271,703364.12,230292.66,0.9989,893902.14,Very High
C101272,41028.48,2523.64,0.0422,2656.44,Low
C101273,87956.06,44133.74,0.9218,156875.02,High
C101274,62466.5,58782.91,0.9774,227289.92,Very High
C101275,15983.67,7015.37,0.2514,9333.33,Medium
C101276,289379.65,874.6,0.0615,931.9,Low
C101277,209184.27,3157.08,0.1387,3664.2,Low
C101278,26103.79,16169.04,0.3427,24258.82,Medium
C101279,615037.82,167506.24,0.999,650190.89,Very High
C101280,1085670.74,156208.93,0.9994,606339.34,Very High
C101281,1773386.7,183874.15,0.9994,713724.43,Very High
C101282,57945.630000000005,6057.15,0.0712,6521.59,Low
C101283,19519.26,69174.15,0.9019,238585.56,Very High
C101284,26357.18,11298.69,0.2664,15325.1,Medium
C101285,65160.97,4406.85,0.15,5181.64,Low
C101286,712213.26,21486.53,0.5444,43015.47,Medium
C101287,136464.74,14237.59,0.4803,25937.61,Medium
C101288,173091.68,25294.12,0.7143,65483.88,High
C101289,65364.83,7446.38,0.3184,10812.71,Medium
C101290,110684.5,1407.98,0.1078,1577.94,Low
C101291,0.0,1064.13,0.0944,1175.0,Low
C101292,251561.3,59644.89,0.9666,226906.98,Very High
C101293,218876.46,141250.87,0.9869,548278.23,Very High
C101294,113229.58,702.6,0.0321,739.58,Low
C101295,129595.5,4853.6,0.1788,5904.07,Low
C101296,300959.97,21668.6,0.792,63184.83,High
C101297,8792.5,38479.07,0.8955,131417.66,High
C101298,526706.71,116643.08,0.9987,452760.83,Very High
C101299,346097.57,50634.35,0.9193,179310.66,High
C101300,373800.86,17250.75,0.2041,21636.65,Medium
C101301,308667.64,28670.12,0.7691,80717.76,High
C101302,2221690.44,140478.87,0.9994,545281.66,Very High
C101303,86019.69,19915.04,0.3745,31211.98,Medium
C101305,234829.6,123688.73,0.9906,480109.2,Very High
C101306,75401.14,11712.16,0.2252,15077.52,Medium
C101307,846061.78,92423.52,0.9806,358750.39,Very High
C101309,589208.99,54637.89,0.991,212082.02,High
C101310,194657.92,14550.7,0.3705,22678.84,Medium
C101311,28260.15,24348.16,0.3204,35451.37,Medium
C101312,139783.65,45831.86,0.8065,136650.22,High
C101313,34653.86,14329.75,0.5593,29335.74,Medium
C101314,2627868.81,170564.73,0.9983,662062.69,Very High
C101316,9375.23,670.27,0.0199,705.54,Low
C101317,300417.41,19285.65,0.3404,28847.47,Medium
C101318,162640.67,44064.06,0.9717,168926.97,High
C101319,256561.41,51105.92,0.9829,198372.32,High
C101320,189309.93,691.81,0.0717,745.2,Low
C101321,1240254.06,196961.27,0.9981,764523.28,Very High
C101322,169927.21,64126.87,0.8833,214994.72,High
C101323,0.0,25871.93,0.7352,69156.13,High
C101324,37148.75,24088.71,0.4466,41795.74,Medium
C101325,50928.35,293.12,0.0395,308.55,Low
C101326,69694.12,24508.25,0.6871,60866.64,High
C101327,105284.82,20559.77,0.359,31543.11,Medium
C101328,643486.51,141468.05,0.9949,549121.23,Very High
C101329,439936.97,75692.98,0.9581,284284.09,Very High
C101330,95442.52,62476.07,0.9768,241333.5,Very High
C101331,277882.86,44190.17,0.4125,73039.87,High
C101332,1589258.28,30678.2,0.6632,73462.92,High
C101333,314646.78,121226.76,0.9962,470552.81,Very High
C101334,24445.75,11861.62,0.2177,15127.79,Medium
C101335,417108.53,37832.12,0.9234,134802.89,High
C101336,72244.19,13262.96,0.5382,26310.98,Medium
C101337,5666.3,63902.87,0.8707,210161.67,High
C101338,203612.55,16673.26,0.4318,28324.29,Medium
C101339,587980.89,189879.95,0.988,737036.51,Very High
C101340,1855448.05,173179.93,0.9995,672213.85,Very High
C101341,93786.69,52217.51,0.5773,109815.24,High
C101342,25104.660000000003,4415.03,0.0757,4776.5,Low
C101343,153979.76,3266.57,0.1067,3656.28,Low
C101344,191927.58,16667.1,0.4242,28008.54,Medium
C101345,186800.24,14867.24,0.4615,26356.58,Medium
C101346,0.0,410.56,0.0338,432.17,Low
C101347,41647.9,22218.41,0.3304,32788.04,Medium
C101348,495072.04,32344.26,0.8782,107601.55,High
C101349,110255.09,347.84,0.0712,374.48,Low
C101350,6313.74,12096.22,0.6953,30418.93,Medium
C101351,446978.83,32314.18,0.8111,97029.94,High
C101352,861243.51,85509.27,0.9895,331912.11,Very High
C101353,333084.57,20422.95,0.8215,62308.97,High
C101354,417076.12,30464.35,0.9108,106506.48,High
C101355,191863.18,20961.89,0.8907,71078.12,High
C101356,23553.18,11755.65,0.2571,15754.61,Medium
C101357,132447.37,18097.68,0.4664,32313.53,Medium
C101358,38300.59,3222.36,0.1414,3751.58,Low
C101359,11385.46,5768.73,0.0526,6088.84,Low
C101360,259008.34,91344.78,0.9814,354563.18,Very High
C101361,839064.95,116883.72,0.9961,453694.93,Very High
C101362,135443.78,95051.05,0.989,368949.41,Very High
C101363,1773773.94,210766.85,0.999,818110.94,Very High
C101364,357752.74,4039.81,0.0667,4328.64,Low
C101365,19113.45,78973.91,0.8665,258089.26,Very High
C101366,0.0,22815.16,0.7555,62914.02,High
C101367,42861.47,54479.86,0.9116,190677.7,High
C101368,100534.15,57904.14,0.8186,175882.38,High
C101369,1033233.23,146011.11,0.9989,566755.55,Very High
C101370,9334.16,36136.09,0.8674,118245.88,High
C101371,623874.5800000001,44121.61,0.5006,82802.72,High
C101372,29524.55,1790.59,0.0486,1884.82,Low
C101373,268720.59,13191.1,0.4965,24607.28,Medium
C101374,0.0,12788.21,0.3327,18930.33,Medium
C101375,344421.9,10854.64,0.1328,12513.33,Medium
C101376,117433.09,42633.57,0.8977,146100.08,High
C101377,352122.97000000003,5220.86,0.1428,6088.01,Low
C101378,24518.460000000003,3300.64,0.0408,3474.33,Low
C101379,208696.92,983.51,0.0922,1083.38,Low
C101380,0.0,328.52,0.0171,345.81,Low
C101381,22236.64,7295.7,0.1934,9032.84,Low
C101382,334.72,35127.68,0.4481,61086.39,High
C101383,7406.32,62216.69,0.8402,195303.46,High
C101384,66812.17,40123.26,0.533,78980.44,High
C101385,287093.09,1062.45,0.0684,1140.37,Low
C101387,107825.69,10068.95,0.5129,19241.64,Medium
C101388,184548.3,22056.31,0.2238,28345.26,Medium
C101389,59592.15,17734.01,0.6049,38877.19,Medium
C101390,453271.83,220900.11,0.998,857444.09,Very High
C101391,0.0,34071.41,0.8362,106303.62,High
C101392,359892.11,22776.13,0.786,65804.95,High
C101393,453784.21,24359.9,0.7801,69756.6,High
C101394,0.0,3896.95,0.1038,4347.65,Low
C101395,134005.21,17368.57,0.3089,24903.62,Medium
C101396,1748573.39,179819.28,0.9991,697985.07,Very High
C101397,208510.86,11145.3,0.1878,13705.91,Medium
C101398,294699.54,3471.93,0.0799,3773.39,Low
C101399,270975.65,9892.51,0.2493,13126.17,Medium
C101400,65990.86,25537.82,0.7482,69642.55,High
C101402,353524.78,21541.44,0.2174,27463.31,Medium
C101403,164023.25,11382.23,0.4814,20769.56,Medium
C101404,1177556.68,140722.53,0.9995,546227.43,Very High
C101405,349911.17,81904.33,0.995,317919.18,Very High
C101406,139105.03,19640.81,0.6392,45350.35,Medium
C101407,155042.23,382.41,0.0104,402.53,Low
C101408,841097.15,89737.79,0.9752,345807.51,Very High
C101409,162281.24,9950.14,0.2312,12904.83,Medium
C101410,230809.83,17732.77,0.531,34802.2,Medium
C101411,108448.67,65123.02,0.9889,252780.99,Very High
C101413,0.0,2305.25,0.1371,2670.62,Low
C101414,798249.16,143572.41,0.9975,557289.54,Very High
C101415,769874.9,147733.65,0.9968,573441.77,Very High
C101416,59411.55,1557.61,0.0395,1639.58,Low
C101417,4663.3,40480.56,0.8989,138981.52,High
C101418,89883.06,67575.32,0.9936,262299.83,Very High
C101419,40924.13,35662.32,0.6246,80540.54,High
C101420,1648976.49,169975.91,0.9991,659777.12,Very High
C101421,1631097.7,173585.54,0.9995,673788.24,Very High
C101422,100598.53,89112.1,0.9782,344936.89,Very High
C101423,288848.65,5284.75,0.0703,5684.03,Low
C101424,165140.53,15484.73,0.1384,17964.98,Medium
C101425,915726.66,148676.82,0.9978,577102.74,Very High
C101426,129309.37,3757.36,0.0937,4145.29,Low
C101427,71800.8,31265.86,0.8085,93506.45,High
C101428,50993.51,45775.77,0.7915,133382.61,High
C101429,191627.85,10623.76,0.1137,11984.05,Medium
C101430,265087.89,149195.94,0.9991,579117.76,Very High
C101431,102829.18,719.46,0.0507,757.87,Low
C101432,895424.56,171925.9,0.9994,667346.2,Very High
C101433,0.0,17280.08,0.69,43107.74,Medium
C101435,0.0,16546.05,0.9532,61684.1,High
C101436,39615.44,7675.34,0.1571,9100.0,Low
C101437,13165.3,17071.36,0.8629,55482.82,High
C101438,0.0,22725.33,0.5517,45994.76,High
C101440,1391815.72,131703.1,0.9974,511217.7,Very High
C101441,153390.65,24801.1,0.6124,54982.77,High
C101443,230133.05,30848.61,0.3583,47280.17,High
C101444,214207.03,14232.76,0.4244,23924.35,Medium
C101445,170059.75,26404.75,0.3616,40655.55,Medium
C101446,499177.6,29779.11,0.475,53834.79,High
C101447,1172261.93,161421.04,0.9996,626570.64,Very High
C101448,229821.48,36406.14,0.9627,137685.5,High
C101449,647916.94,72353.12,0.9228,257596.8,Very High
C101450,75152.88,41913.82,0.7402,112904.73,High
C101451,86217.61,1418.27,0.0995,1574.92,Low
C101452,30180.34,12090.98,0.4287,20449.31,Medium
C101453,195929.0,27500.04,0.7369,73703.6,High
C101454,18774.46,13097.78,0.202,16386.5,Medium
C101455,348274.29000000004,43156.34,0.8598,139587.37,High
C101456,46372.59,372.31,0.0236,391.9,Low
C101457,54271.19,6251.02,0.1453,7310.28,Low
C101458,179970.52,8212.73,0.5536,16669.14,Medium
C101459,130838.37,20371.12,0.8092,60987.49,High
C101460,765068.46,114474.34,0.9897,444342.69,Very High
C101461,23195.6,1403.9,0.0478,1477.78,Low
C101462,154771.97999999998,9853.83,0.1661,11807.97,Medium
C101463,209300.2,11427.87,0.152,13468.76,Medium
C101464,163329.50999999998,18409.05,0.7095,47311.92,High
C101465,0.0,5580.26,0.1967,6936.1,Low
C101466,5536.209999999999,530.18,0.0192,558.08,Low
C101467,36194.96,14933.31,0.7769,42547.67,Medium
C101468,222058.48,14927.78,0.4702,26800.8,Medium
C101469,1513166.56,176495.87,0.9993,685084.96,Very High
C101470,472880.84,102963.71,0.9024,355398.3,Very High
C101471,1086386.14,77881.06,0.9831,302302.5,Very High
C101472,1035547.03,155065.68,0.9977,601901.71,Very High
C101473,7068.4400000000005,803.29,0.2409,1054.69,Low
C101474,1220687.79,185174.09,0.9991,718770.28,Very High
C101475,104868.62,82782.57,0.9811,321328.17,Very High
C101476,121305.2,1376.67,0.0457,1449.12,Low
C101477,167754.16999999998,88876.18,0.9866,344981.06,Very High
C101478,310528.23,18955.13,0.3665,29379.44,Medium
C101479,2262824.82,159248.57,0.999,618137.96,Very High
C101480,412036.64,82725.88,0.9989,321108.11,Very High
C101481,26411.49,25320.47,0.2936,35579.6,Medium
C101482,144737.86000000002,15124.82,0.5944,32633.2,Medium
C101483,1752158.46,190094.19,0.997,737868.09,Very High
C101484,678683.5599999999,17291.9,0.299,24468.94,Medium
C101485,89503.37,14397.64,0.3631,22212.79,Medium
C101486,984907.16,164155.95,0.9963,637186.44,Very High
C101488,1123529.04,139352.94,0.9981,540911.28,Very High
C101489,135211.08,10854.03,0.178,13190.39,Medium
C101490,0.0,31340.91,0.8358,97733.28,High
C101491,54017.66,5585.19,0.0485,5879.11,Low
C101492,210934.81,16003.01,0.1818,19536.27,Medium
C101493,1689018.76,162606.93,0.9995,631173.75,Very High
C101494,441007.29,39808.91,0.8462,126123.31,High
C101495,0.0,780.03,0.0624,831.93,Low
C101496,55078.75000000001,17088.29,0.6207,38367.46,Medium
C101497,13671.1,107292.68,0.8794,357566.29,Very High
C101498,26991.36,8479.83,0.1172,9603.84,Medium
C101500,294488.92,98550.36,0.9968,382532.27,Very High
C101501,1214230.1,151085.21,0.9989,586451.13,Very High
C101502,0.0,26853.96,0.6917,67161.7,High
C101503,59475.55,1643.44,0.0645,1756.75,Low
C101504,179528.52000000002,47699.59,0.9375,173635.06,High
C101505,144356.51,77746.09,0.9707,297572.47,Very High
C101506,577981.2,70541.96,0.9533,262992.02,Very High
C101507,1050301.64,136265.68,0.999,528927.79,Very High
C101508,58930.23,10324.04,0.2966,14564.11,Medium
C101509,0.0,16830.43,0.6337,38540.42,Medium
C101510,25382.32,336.02,0.0546,355.41,Low
C101511,14753.98,27573.88,0.2583,37011.06,Medium
C101512,153040.1,2061.03,0.1957,2558.73,Low
C101513,61760.94,293.79,0.011,309.26,Low
C101514,389902.18,68541.09,0.9657,260372.6,Very High
C101515,18436.5,13766.18,0.5897,29492.06,Medium
C101516,213870.21,25166.79,0.6066,55314.78,High
C101517,1185134.58,100830.74,0.998,391383.79,Very High
C101518,93372.07,1538.05,0.0568,1630.64,Low
C101519,647847.27,46977.96,0.9611,177237.58,High
C101520,170756.56,6684.47,0.1651,8000.7,Low
C101521,267181.13,72545.56,0.6566,171981.88,High
C101522,1076705.54,179167.21,0.9993,695453.99,Very High
C101523,1112283.32,145725.66,0.9947,565647.56,Very High
C101524,35892.13,292.95,0.0381,308.37,Low
C101525,159673.36,26345.87,0.693,66027.93,High
C101526,289696.23,88097.69,0.9984,341959.27,Very High
C101527,332196.25,22171.85,0.8292,68444.33,High
C101528,397721.78,2163.85,0.057,2294.53,Low
C101530,790899.67,147108.09,0.9987,571013.57,Very High
C101532,17465.25,472.88,0.0359,497.76,Low
C101533,1063836.27,89850.91,0.9949,348764.57,Very High
C101534,498571.79,12597.17,0.4917,23335.08,Medium
C101535,414881.53,19087.84,0.3596,29307.72,Medium
C101536,99613.05,20745.55,0.4706,37266.73,Medium
C101537,207735.42,42814.01,0.8807,142982.99,High
C101538,187799.11,10443.58,0.1688,12554.82,Medium
C101540,265604.52,1904.35,0.0724,2052.92,Low
C101541,687266.92,161360.22,0.9992,626334.55,Very High
C101542,293328.58,42141.27,0.8936,143523.04,High
C101543,510323.06,59500.8,0.9537,221987.88,Very High
C101544,8616.79,544.5,0.0358,573.16,Low
C101545,147604.6,22155.84,0.3804,35011.77,Medium
C101546,120224.49,7684.98,0.2135,9750.83,Medium
C101547,155682.30000000002,8178.87,0.1383,9487.72,Medium
C101548,27692.99,322.62,0.0525,340.51,Low
C101549,0.0,2033.98,0.0513,2144.04,Low
C101550,488680.76,154828.66,0.9981,600981.68,Very High
C101551,55134.350000000006,1801.41,0.0975,1995.81,Low
C101552,942692.23,150529.51,0.9928,584294.14,Very High
C101553,134044.13,38786.81,0.8872,130811.28,High
C101554,161474.6,19179.19,0.3532,29192.16,Medium
C101555,61700.59,36491.46,0.7424,98625.66,High
C101556,0.0,20028.41,0.3587,30713.55,Medium
C101557,22424.29,11146.59,0.4014,18138.06,Medium
C101558,48776.04,134057.41,0.9505,497714.47,Very High
C101559,1334354.54,177351.46,0.9989,688406.01,Very High
C101560,140070.99,9766.15,0.4715,17566.88,Medium
C101561,359788.41000000003,33501.73,0.7109,86291.98,High
C101562,430865.32,8846.43,0.1651,10588.08,Medium
C101563,70723.74,62750.73,0.8974,214940.93,High
C101564,186677.82,25001.16,0.7209,65384.64,High
C101565,15753.23,8271.08,0.7316,21987.38,Medium
C101566,146435.69,446.66,0.0395,470.16,Low
C101567,205118.75,8019.05,0.366,12421.88,Medium
C101568,269416.86,3577.38,0.1065,4003.48,Low
C101569,4758.6,65320.84,0.8998,224581.4,Very High
C101570,454824.13,49986.59,0.9588,187923.86,High
C101571,121954.54,16040.89,0.244,21143.67,Medium
C101572,64711.58,1701.0,0.1758,2061.8,Low
C101573,134117.43,90438.46,0.9872,351045.21,Very High
C101574,10612.04,73417.04,0.8946,250421.53,Very High
C101575,1767309.86,192548.66,0.999,747395.35,Very High
C101576,0.0,303.09,0.0653,324.27,Low
C101577,170031.95,487.09,0.0367,512.73,Low
C101578,178945.61,17001.42,0.4881,31325.14,Medium
C101579,59587.74,10082.62,0.5018,18956.27,Medium
C101580,97871.6,913.37,0.0508,962.28,Low
C101581,305917.0,22601.45,0.398,36603.51,Medium
C101582,855439.55,162701.21,0.9991,631539.71,Very High
C101583,2232667.43,176418.56,0.9995,684784.89,Very High
C101584,167235.92,7156.92,0.2754,9820.67,Medium
C101585,2240544.99,202391.62,0.9991,785601.69,Very High
C101586,67988.73,861.68,0.0503,907.28,Low
C101587,119316.56,2768.33,0.0665,2965.6,Low
C101588,58039.87,73859.07,0.9618,278946.59,Very High
C101589,0.0,4896.81,0.2522,6522.19,Low
C101590,3263637.78,185791.44,0.9987,721166.55,Very High
C101591,2899983.23,134720.06,0.9865,522928.29,Very High
C101592,596499.5,147028.22,0.9947,570703.57,Very High
C101593,83212.20999999999,41535.22,0.8613,134664.91,High
C101594,152117.01,96207.84,0.9623,363622.47,Very High
C101595,41872.85,42809.16,0.8306,132435.84,High
C101596,504828.24,181193.69,0.9981,703319.98,Very High
C101597,70200.83,660.45,0.0316,695.2,Low
C101598,102885.73,2330.29,0.0184,2452.92,Low
C101599,348646.68,3756.94,0.1026,4185.9,Low
C101600,189892.49,13952.52,0.3892,22320.01,Medium
C101601,0.0,12107.78,0.7758,34441.56,Medium
C101602,1800026.39,170285.21,0.9993,660977.69,Very High
C101603,15095.02,27957.38,0.7978,82255.38,High
C101604,371054.31,28419.92,0.2347,37022.21,Medium
C101605,175347.74,58803.59,0.9255,210201.45,High
C101606,387628.81,20723.34,0.4832,37915.97,Medium
C101607,254510.76,149098.42,0.9854,578739.24,Very High
C101608,126946.0,421.68,0.0417,443.87,Low
C101609,10932.8,1152.83,0.0439,1213.49,Low
C101610,57179.51,15162.58,0.4088,24929.86,Medium
C101611,391584.33,8084.85,0.116,9144.17,Medium
C101612,191124.57,29034.55,0.5213,56172.22,High
C101613,289303.91,120385.91,0.9971,467288.98,Very High
C101614,119488.2,9955.07,0.4315,16902.99,Medium
C101615,76732.68000000001,470.49,0.0434,495.25,Low
C101616,333833.37,11219.31,0.2429,14767.54,Medium
C101617,54516.21,16862.59,0.6125,37390.6,Medium
C101618,4824.2,479.99,0.113,541.04,Low
C101619,43031.56,4693.24,0.0686,5039.06,Low
C101620,205662.69,15843.82,0.2675,21517.99,Medium
C101621,18222.79,22316.91,0.4217,37372.32,Medium
C101622,52088.35,24456.95,0.6424,56740.96,High
C101623,184316.19,13225.19,0.4937,24568.92,Medium
C101624,192412.65,16329.67,0.5024,30724.13,Medium
C101625,1981360.69,246599.76,0.9987,957199.67,Very High
C101626,234278.62,19608.72,0.4017,31919.79,Medium
C101627,2017811.94,201885.56,0.9995,783637.38,Very High
C101628,27206.370000000003,5019.16,0.3061,7169.44,Low
C101629,117098.45,4492.47,0.198,5592.86,Low
C101630,268998.95,147600.63,0.9974,572925.43,Very High
C101631,105635.1,36494.57,0.8382,114222.31,High
C101633,24845.5,312.23,0.0254,328.66,Low
C101634,78465.13,22068.88,0.7099,56754.12,High
C101635,20053.74,2354.11,0.0241,2477.99,Low
C101636,853876.21,94817.74,0.9671,360934.54,Very High
C101637,408160.8,65816.22,0.9938,255471.72,Very High
C101638,768606.66,61325.59,0.915,215755.22,High
C101639,742840.79,6509.31,0.6342,14915.65,Medium
C101640,12216.25,10521.77,0.2903,14721.0,Medium
C101641,0.0,5359.52,0.1864,6579.59,Low
C101642,55030.18,21875.24,0.5211,42310.25,Medium
C101643,30199.01,820.35,0.1655,982.31,Low
C101644,651309.97,138439.08,0.9984,537364.01,Very High
C101646,0.0,11893.88,0.3232,17381.76,Medium
C101647,567519.55,91607.5,0.9958,355582.92,Very High
C101649,81522.45,12670.42,0.2945,17823.51,Medium
C101650,301068.66,29709.98,0.5862,63315.69,High
C101651,30666.33,508.68,0.0753,550.11,Low
C101652,26501.52,36397.83,0.8395,114142.89,High
C101653,427356.95,102358.16,0.9866,397312.63,Very High
C101654,395455.77,27137.48,0.7622,75603.7,High
C101655,10034.18,42241.9,0.7741,119847.36,High
C101656,0.0,32729.32,0.8788,108986.99,High
C101659,1624.09,12750.73,0.3493,19303.9,Medium
C101660,496126.28,52437.92,0.9708,200727.55,High
C101661,380211.35,15641.29,0.349,23669.8,Medium
C101662,228987.73,16339.11,0.4124,27000.97,Medium
C101663,1941247.56,153054.57,0.9994,594095.4,Very High
C101664,408040.65,40037.72,0.8699,131510.8,High
C101665,50707.38,4825.64,0.1686,5799.51,Low
C101666,0.0,29910.79,0.662,71495.08,High
C101667,980711.15,209762.62,0.9905,814212.92,Very High
C101668,190186.23,1459.38,0.1041,1628.68,Low
C101669,106954.16,58096.03,0.9484,215015.8,High
C101670,104617.82,6948.34,0.1135,7836.28,Low
C101671,123794.08,4818.53,0.1159,5449.32,Low
C101672,177210.84999999998,19757.34,0.3506,29965.4,Medium
C101673,279251.79000000004,32061.54,0.8051,95383.17,High
C101674,172065.16999999998,8749.45,0.4157,14527.45,Medium
C101675,17968.55,22216.28,0.559,45460.28,Medium
C101676,0.0,320.7,0.0202,337.58,Low
C101677,362617.18,140554.48,0.993,545575.16,Very High
C101678,143335.06,1677.58,0.1334,1935.13,Low
C101679,0.0,270.61,0.0067,284.85,Low
C101680,85678.7,8429.08,0.2968,11893.61,Medium
C101681,0.0,1262.95,0.0143,1329.41,Low
C101682,47675.56,72346.58,0.9369,263127.6,Very High
C101683,420584.3,113193.12,0.9989,439369.51,Very High
C101684,742330.36,32677.9,0.9166,115246.39,High
C101685,12596.05,2170.22,0.0224,2284.43,Low
C101686,173567.08000000002,65664.75,0.9173,231844.84,Very High
C101687,970472.86,69846.23,0.9713,267579.1,Very High
C101688,388317.37,103335.84,0.9152,363696.7,Very High
C101689,233131.41,46156.79,0.4586,81487.92,High
C101690,97129.48,381.64,0.0408,401.72,Low
C101691,550852.02,202226.79,0.9993,784961.9,Very High
C101692,24052.1,997.08,0.1139,1125.09,Low
C101693,32090.120000000003,19691.6,0.6866,48871.56,High
C101694,91562.44,3966.29,0.0806,4313.75,Low
C101695,116142.67,43961.18,0.5271,85789.58,High
C101696,149081.63,2208.85,0.0683,2370.78,Low
C101697,0.0,329.42,0.0198,346.76,Low
C101698,428581.96,108752.56,0.9974,422133.06,Very High
C101699,1147167.31,70675.84,0.9739,271836.18,Very High
C101700,106146.42,658.02,0.0317,692.64,Low
C101701,152489.31,10541.99,0.4654,18793.9,Medium
C101702,1296774.32,186672.42,0.9996,724586.18,Very High
C101703,225881.07,26455.64,0.782,75968.0,High
C101704,378623.29,51687.42,0.9743,198905.08,High
C101705,340081.12,125608.06,0.9714,481278.44,Very High
C101706,454626.35,71996.64,0.995,279461.59,Very High
C101707,12242.48,14722.78,0.1861,18067.8,Medium
C101708,241921.64,27451.53,0.7481,74843.49,High
C101709,2077038.74,177290.69,0.9992,688170.12,Very High
C101710,345123.93,5532.62,0.1954,6866.04,Low
C101711,71374.22,572.06,0.0139,602.16,Low
C101712,313086.17,843.62,0.0336,888.02,Low
C101713,209897.64,11421.47,0.2871,15911.73,Medium
C101714,140190.75,15180.45,0.6859,37632.39,Medium
C101715,0.0,31290.99,0.6308,71332.71,High
C101716,92547.85,26477.92,0.5195,51094.25,High
C101717,10784.31,1126.6,0.0754,1218.41,Low
C101718,579400.09,139823.91,0.9984,542739.37,Very High
C101719,8435.33,298.25,0.0098,313.95,Low
C101720,202068.16,46812.43,0.8987,160668.66,High
C101721,87261.68,62904.67,0.9534,234579.87,Very High
C101722,389868.45,791.2,0.062,843.5,Low
C101723,47754.08,3457.04,0.1938,4282.23,Low
C101724,274671.57,73326.81,0.9284,263277.37,Very High
C101725,250757.83,19562.17,0.6652,46990.18,High
C101726,285032.4,144744.66,0.9883,561839.7,Very High
C101727,0.0,26461.32,0.7302,70195.73,High
C101728,206460.77,19413.25,0.3929,31213.04,Medium
C101729,1148228.02,137182.15,0.9993,532485.13,Very High
C101730,329456.38,10148.05,0.4602,17957.48,Medium
C101731,6981.34,358.2,0.0368,377.05,Low
C101732,255651.34,118941.6,0.9972,461682.77,Very High
C101733,140235.0,14586.75,0.775,41444.77,Medium
C101734,41324.31,5182.99,0.2947,7293.39,Low
C101735,34002.92,329.57,0.0459,346.91,Low
C101736,378601.65,40305.82,0.8238,123393.78,High
C101737,425452.07,49431.62,0.9686,188610.07,High
C101738,403101.28,4063.93,0.0467,4277.8,Low
C101739,793655.5,97887.73,0.9991,379960.23,Very High
C101740,2431.07,19570.14,0.7533,53782.27,High
C101741,244754.08,6552.2,0.1162,7412.46,Low
C101742,604130.6,46410.08,0.9287,166713.13,High
C101743,91011.07,399.44,0.0479,420.46,Low
C101744,158612.98,3165.4,0.1127,3566.95,Low
C101745,854047.3099999999,81783.48,0.9057,283691.39,Very High
C101746,276494.67,7678.76,0.2007,9591.82,Medium
C101747,493251.46,54026.14,0.9739,207794.45,High
C101748,87634.52,6059.54,0.1485,7112.67,Low
C101749,218812.15,10508.57,0.5447,21047.71,Medium
C101750,128659.38,19184.76,0.7862,55452.36,High
C101751,2053.85,17582.71,0.7538,48361.67,High
C101752,482787.73,12260.44,0.6663,29497.34,Medium
C101753,102219.82,930.97,0.0525,982.53,Low
C101754,618877.84,230996.15,0.9977,896632.8,Very High
C101755,146334.99,813.59,0.0326,856.41,Low
C101756,2087732.81,145389.81,0.9991,564343.94,Very High
C101757,989803.89,61657.01,0.9086,214831.31,High
C101758,17489.12,6621.82,0.0925,7296.21,Low
C101759,62049.42,16294.42,0.3587,24986.35,Medium
C101760,260296.21,33736.72,0.908,117448.05,High
C101761,1488208.68,257645.34,0.9992,1000074.09,Very High
C101762,126895.37,80642.24,0.8519,257725.66,Very High
C101763,433391.73,120116.19,0.9979,466242.04,Very High
C101764,691731.7999999999,150510.24,0.9977,584219.36,Very High
C101765,80695.28,7559.0,0.0867,8276.3,Low
C101766,72175.31,9705.34,0.3485,14676.53,Medium
C101767,124473.29,46861.24,0.9866,181896.22,High
C101768,200627.43,2969.79,0.0549,3142.35,Low
C101769,7657.09,50316.4,0.8544,161432.66,High
C101770,38537.39000000001,8721.18,0.3379,13000.11,Medium
C101771,14380.38,370.25,0.0528,390.87,Low
C101772,117884.57,30255.54,0.8981,103741.71,High
C101773,399214.63,34437.76,0.8727,113601.65,High
C101774,1242973.63,87270.07,0.9738,335597.85,Very High
C101775,618974.06,28316.46,0.6595,67427.99,High
C101776,219368.64,6475.36,0.4093,10653.91,Medium
C101777,84353.82999999999,16243.48,0.2378,21243.52,Medium
C101778,871003.4199999999,64269.88,0.9749,247559.25,Very High
C101779,698133.08,82371.34,0.999,319731.95,Very High
C101780,110283.09,601.13,0.1062,672.45,Low
C101781,31959.08,57955.8,0.9449,213343.92,High
C101783,139.55,14992.43,0.1534,17700.19,Medium
C101784,1144577.72,163403.46,0.9985,634265.55,Very High
C101785,70722.2,18869.32,0.6786,46262.99,High
C101786,408552.5,115309.8,0.9993,447585.61,Very High
C101787,602741.74,111249.45,0.9993,431824.99,Very High
C101788,668112.4,42137.11,0.9219,149818.35,High
C101790,68020.14,3265.85,0.1034,3641.94,Low
C101791,85016.54000000001,13932.44,0.4309,23638.54,Medium
C101792,2013255.2,170815.11,0.9995,663034.55,Very High
C101793,1361332.76,138221.2,0.9975,536518.3,Very High
C101794,77140.01999999999,408.09,0.0117,429.56,Low
C101795,137387.2,2858.4,0.1123,3219.64,Low
C101796,257614.49,24068.75,0.7211,62962.8,High
C101797,0.0,30241.52,0.8293,93360.51,High
C101798,327345.42,10646.51,0.2173,13571.72,Medium
C101799,653620.95,40863.81,0.4496,71207.03,High
C101800,25188.83,61255.97,0.9256,219016.67,Very High
C101801,49748.28,19128.2,0.5782,40280.58,Medium
C101802,0.0,31185.4,0.4251,52470.19,High
C101803,298164.48,11581.77,0.3608,17812.76,Medium
C101804,0.0,8153.29,0.198,10150.08,Medium
C101806,361466.09,28925.81,0.2079,36451.83,Medium
C101807,283897.12,16842.71,0.1717,20316.42,Medium
C101808,47009.19,8975.89,0.3161,12992.82,Medium
C101809,212356.27,30624.58,0.7954,89766.86,High
C101810,63637.58,361.86,0.034,380.91,Low
C101813,84600.94,3803.41,0.0536,4018.59,Low
C101814,46076.36,91338.61,0.9491,338404.1,Very High
C101815,154523.8,28682.18,0.8573,92423.29,High
C101816,22808.99,26125.02,0.4005,42454.2,Medium
C101817,160553.58000000002,18477.18,0.3342,27404.88,Medium
C101818,198773.2,11454.97,0.393,18420.39,Medium
C101819,720908.24,33596.39,0.8721,110725.98,High
C101820,26197.19,12856.16,0.3153,18589.57,Medium
C101821,1087376.74,168004.28,0.9986,652124.08,Very High
C101822,245919.6,9367.71,0.2418,12312.46,Medium
C101823,151889.06,842.69,0.0316,887.03,Low
C101825,15130.99,437.98,0.0203,461.02,Low
C101826,37869.57,23478.6,0.5743,49150.13,High
C101827,171574.32,51320.19,0.8754,170005.93,High
C101828,221733.28,6871.04,0.0602,7311.41,Low
C101829,201801.87,35531.04,0.8715,116992.76,High
C101830,467734.3,40942.93,0.9895,158923.73,High
C101831,36269.04,1105.62,0.0167,1163.81,Low
C101832,13564.19,3415.91,0.2427,4494.74,Low
C101833,0.0,302.95,0.0195,318.9,Low
C101834,190286.98,6886.34,0.2625,9293.43,Medium
C101835,96229.76,16297.21,0.3673,25290.55,Medium
C101836,312649.58,98565.39,0.9989,382590.63,Very High
C101837,315478.36,74929.62,0.795,219495.8,Very High
C101838,2260.13,1481.83,0.0088,1559.81,Low
C101839,0.0,21543.61,0.6474,50363.72,High
C101840,6506.77,5160.11,0.3358,7670.44,Low
C101841,1071.38,33004.65,0.5469,66326.92,High
C101842,127480.11,23288.72,0.5946,50268.72,High
C101843,1824940.0,195868.37,0.9994,760281.12,Very High
C101844,127236.16,128065.68,0.9627,484308.92,Very High
C101845,70323.48999999999,3922.51,0.1071,4392.51,Low
C101846,86379.16,2799.82,0.0955,3095.04,Low
C101847,290224.31,95379.94,0.9989,370226.0,Very High
C101849,711421.14,114301.48,0.9991,443671.72,Very High
C101850,379061.77,40789.11,0.6745,99369.63,High
C101851,1652704.0,173977.02,0.9997,675307.81,Very High
C101852,0.0,281.34,0.0247,296.14,Low
C101853,815116.58,153974.05,0.9992,597664.45,Very High
C101854,604726.57,53175.06,0.9113,186043.91,High
C101855,96375.77,17206.76,0.3087,24664.98,Medium
C101856,76753.69,1875.13,0.0906,2061.78,Low
C101857,146442.06,8950.54,0.3474,13516.24,Medium
C101859,119548.83,8681.62,0.2525,11566.65,Medium
C101860,1082774.06,87946.44,0.9908,341372.21,Very High
C101861,1008468.08,122585.26,0.9967,475825.96,Very High
C101862,28965.81,5672.38,0.18,6910.55,Low
C101863,1323800.66,100441.96,0.9575,376852.8,Very High
C101864,226649.01,3941.36,0.1018,4387.63,Low
C101865,96594.54,971.25,0.0778,1053.13,Low
C101866,70250.26,1620.45,0.0905,1781.55,Low
C101867,425270.86,145587.78,0.9991,565112.38,Very High
C101869,117321.27,590.04,0.0393,621.09,Low
C101870,51490.48,109647.67,0.8022,324765.22,Very High
C101871,963790.89,62770.97,0.9806,243651.28,Very High
C101872,139931.99,28357.83,0.3705,44198.18,Medium
C101873,409479.99,122833.92,0.9974,476791.16,Very High
C101874,16221.240000000002,4933.57,0.2725,6744.43,Low
C101875,184143.01,49870.54,0.991,193577.1,High
C101876,710671.3,143042.92,0.9991,555234.26,Very High
C101877,138910.04,14411.24,0.5577,29430.98,Medium
C101878,715883.24,104252.58,0.9984,404665.97,Very High
C101879,6555.52,19128.08,0.281,26437.11,Medium
C101881,20906.19,35140.86,0.859,113537.99,High
C101882,1058182.4,193624.98,0.9987,751573.18,Very High
C101883,19199.55,9752.17,0.6695,23578.52,Medium
C101884,2740.73,277.3,0.016,291.9,Low
C101885,334072.27,122471.83,0.9896,475385.66,Very High
C101887,466534.31,1678.51,0.1121,1890.07,Low
C101888,65356.76,15192.13,0.3379,22647.33,Medium
C101889,0.0,36113.36,0.8085,107997.16,High
C101890,86752.37,39133.26,0.8155,118300.07,High
C101891,512364.82,43651.61,0.9741,167939.69,High
C101892,565554.55,111258.85,0.9949,431861.48,Very High
C101893,40218.96,74797.79,0.9308,269535.83,Very High
C101894,0.0,29465.7,0.5138,56377.83,High
C101895,504850.59,134820.18,0.9962,523316.95,Very High
C101897,807624.59,38230.8,0.9553,142969.17,High
C101898,94378.93,14626.1,0.4486,25451.56,Medium
C101899,1470279.29,151578.69,0.9985,588366.65,Very High
C101900,0.0,23520.03,0.7131,60777.01,High
C101901,697438.57,158805.92,0.9996,616419.78,Very High
C101902,5384.97,31054.65,0.8069,92644.81,High
C101903,526862.82,226139.03,0.9974,877779.46,Very High
C101904,139178.15,8694.18,0.207,10943.82,Medium
C101905,257035.71,7148.16,0.1955,8871.75,Low
C101906,87265.8,20365.99,0.428,34409.35,Medium
C101907,191239.23,48585.74,0.973,186612.1,High
C101908,54857.08,566.23,0.0149,596.03,Low
C101909,9921.66,20733.51,0.4533,36325.82,Medium
C101910,206994.81,8151.73,0.1103,9160.5,Medium
C101911,21626.86,15948.09,0.2946,22438.8,Medium
C101912,43291.36,5112.27,0.1231,5828.86,Low
C101913,310456.3,5909.06,0.5858,12587.03,Medium
C101914,456029.82,60201.85,0.877,199906.36,High
C101915,0.0,285.32,0.0056,300.33,Low
C101916,382249.81,21607.35,0.4976,40369.35,Medium
C101917,44790.24,25314.58,0.7314,67273.93,High
C101918,68567.23,65655.05,0.8767,217917.71,High
C101919,922584.38,132145.19,0.9963,512933.73,Very High
C101920,137280.63,83743.7,0.9629,316804.74,Very High
C101921,0.0,15219.02,0.2888,21250.95,Medium
C101923,658080.24,54313.49,0.8188,165018.81,High
C101924,5126.84,41035.81,0.8551,131785.78,High
C101925,117995.69,14847.18,0.4385,25463.79,Medium
C101926,2164425.46,244968.53,0.9991,950867.9,Very High
C101927,678585.04,51728.46,0.9867,200788.79,High
C101928,270359.56,50084.52,0.9651,190086.26,High
C101929,28288.97,289.81,0.0272,305.06,Low
C101930,43787.75,5929.52,0.1838,7256.79,Low
C101931,22751.54,39238.08,0.688,97578.88,High
C101932,260249.63,10239.45,0.3168,14835.74,Medium
C101933,49444.18,14009.37,0.4719,25210.9,Medium
C101934,319370.3,48247.52,0.9216,171453.51,High
C101935,82995.14,9378.95,0.6484,21960.1,Medium
C101936,650213.15,90165.61,0.9977,349986.1,Very High
C101938,178514.25,6555.77,0.3756,10289.87,Medium
C101940,234419.22,81283.21,0.9932,315508.24,Very High
C101941,38699.9,59906.83,0.7927,174890.79,High
C101942,71298.35,53482.81,0.4196,89295.27,High
C101943,522796.73,67008.21,0.8466,212408.32,High
C101944,10571.69,87636.42,0.9396,320043.31,Very High
C101945,340544.09,41216.99,0.8782,137117.18,High
C101947,15282.15,41358.09,0.8883,139727.47,High
C101948,7342.77,19214.29,0.1629,22936.56,Medium
C101949,1152210.94,82540.61,0.9606,311133.9,Very High
C101950,2433719.13,249870.9,0.9993,969896.88,Very High
C101951,297912.25,21472.18,0.7721,60730.56,High
C101952,138178.19,644.18,0.0415,678.08,Low
C101953,848.07,15855.34,0.6129,35180.07,Medium
C101954,756761.38,139518.23,0.9995,541552.83,Very High
C101955,597522.7000000001,49535.22,0.9,170344.91,High
C101956,1523030.28,238797.28,0.999,926913.62,Very High
C101957,238117.7,16863.34,0.6283,38295.64,Medium
C101958,5290.01,2844.2,0.1082,3188.94,Low
C101960,154171.32,46608.01,0.9658,177072.73,High
C101961,159641.06,15518.77,0.3355,23057.43,Medium
C101962,2517.17,19787.54,0.3964,31974.6,Medium
C101963,1026454.42,165536.95,0.9993,642546.9,Very High
C101964,4513.58,80069.54,0.9097,279441.17,Very High
C101965,94849.36,26633.25,0.4929,49420.74,High
C101966,400261.1,889.33,0.0825,969.24,Low
C101967,14131.68,431.93,0.0618,460.4,Low
C101968,247411.61,556.0,0.0699,597.76,Low
C101969,524577.33,43785.5,0.8802,146117.3,High
C101970,81445.55,42248.95,0.8754,139958.51,High
C101971,94912.62,43544.87,0.8247,133494.24,High
C101972,1744988.64,184171.34,0.9996,714878.02,Very High
C101973,138292.77,70662.25,0.9844,274282.01,Very High
C101974,2553059.78,187034.54,0.9993,725991.79,Very High
C101975,545287.4,40758.48,0.9236,145282.34,High
C101976,242145.68,39248.52,0.9837,152346.72,High
C101977,495638.9,16559.2,0.4148,27457.45,Medium
C101978,489349.45,146704.97,0.9992,569448.84,Very High
C101979,0.0,12992.2,0.2391,17018.18,Medium
C101980,20071.91,379.6,0.0324,399.58,Low
C101981,1233044.0799999998,97873.48,0.9897,379904.91,Very High
C101982,0.0,30724.19,0.7382,82511.5,High
C101983,74534.4,24329.98,0.8681,79704.43,High
C101984,872487.9,128606.56,0.9926,499198.19,Very High
C101985,1256763.39,141682.72,0.9992,549954.49,Very High
C101986,559731.41,77458.89,0.9786,300016.94,Very High
C101987,332054.6,114724.58,0.9982,445314.0,Very High
C101988,63372.28,9138.95,0.2426,12024.43,Medium
C101989,94467.08,5621.31,0.0094,5917.13,Low
C101990,89104.27,12259.88,0.1009,13634.05,Medium
C101991,148697.02,19614.05,0.2012,24515.38,Medium
C101992,1066026.75,45839.13,0.7826,131766.45,High
C101993,22004.45,640.84,0.0989,711.12,Low
C101994,338151.47,144544.22,0.9986,561061.68,Very High
C101995,197034.48,33085.02,0.6494,77580.85,High
C101996,51380.7,12909.03,0.1998,16106.88,Medium
C101997,1443924.71,136631.14,0.9971,530346.33,Very High
C101998,626136.53,145813.85,0.9957,565989.87,Very High
C101999,603944.79,58521.26,0.9912,227155.65,Very High
C102001,121418.18,6364.87,0.2054,7995.52,Low
C102002,0.0,27356.7,0.717,71113.67,High
C102003,190987.0,23234.67,0.3655,35965.22,Medium
C102004,271726.76,12996.37,0.4321,22087.16,Medium
C102005,640430.75,56054.27,0.9816,217579.82,High
C102006,18658.24,10211.13,0.0926,11252.05,Medium
C102007,552735.21,47601.5,0.9103,166283.62,High
C102008,11261.68,10269.8,0.1213,11685.36,Medium
C102009,37514.8,4257.32,0.04,4481.37,Low
C102010,1863822.22,149018.26,0.999,578428.1,Very High
C102011,10782.54,316.85,0.0121,333.52,Low
C102012,445543.3,28350.17,0.22,36261.52,Medium
C102013,0.0,26024.37,0.6078,57297.04,High
C102014,371330.72,64669.31,0.9781,250317.6,Very High
C102015,1072822.11,154465.09,0.9987,599570.46,Very High
C102016,2543762.8,170907.92,0.9988,663394.82,Very High
C102017,71152.11,30912.55,0.9321,111611.6,High
C102018,89170.07,768.51,0.0671,823.81,Low
C102020,93049.88,638.06,0.0681,684.67,Low
C102021,1217800.88,174385.97,0.998,676895.2,Very High
C102022,850248.92,163629.76,0.9956,635143.95,Very High
C102023,73167.7,3822.7,0.2176,4874.97,Low
C102025,202929.42,84326.04,0.9742,324487.66,Very High
C102026,245546.28,84336.26,0.9858,327358.95,Very High
C102027,217778.53,42565.3,0.9194,150756.33,High
C102028,82803.72,1022.52,0.0753,1105.77,Low
C102029,511850.91,14220.39,0.6876,35344.14,Medium
C102030,241446.91000000003,769.82,0.0183,810.33,Low
C102031,76355.40000000001,9655.02,0.3303,14246.23,Medium
C102032,135350.32,8657.05,0.2432,11399.44,Medium
C102033,591522.84,42020.08,0.9724,161243.09,High
C102034,158945.72,776.86,0.0282,817.74,Low
C102035,39838.91,6467.17,0.1321,7449.0,Low
C102036,27755.38,4945.65,0.0949,5463.48,Low
C102038,5024.55,529.04,0.0562,560.53,Low
C102040,106749.18,6628.9,0.2149,8425.34,Low
C102041,2094585.09,194342.59,0.9988,754358.65,Very High
C102042,181506.79,645.72,0.1054,721.72,Low
C102043,91788.69,21081.76,0.5942,45472.54,Medium
C102044,464436.64,52286.43,0.8858,175957.55,High
C102045,255632.6,18739.73,0.6174,41865.16,Medium
C102046,119454.28,7939.07,0.2451,10478.7,Medium
C102047,1011.01,21422.71,0.8863,72155.67,High
C102048,144945.95,12054.61,0.3919,19354.73,Medium
C102049,853226.57,88845.51,0.9862,344862.02,Very High
C102050,976557.29,231833.58,0.9989,899883.36,Very High
C102051,26016.09,38789.41,0.8054,115460.65,High
C102052,36569.63,16397.96,0.2926,23011.6,Medium
C102053,253133.57,156307.54,0.998,606722.1,Very High
C102054,8873.93,54451.85,0.9512,202385.66,High
C102055,489312.51,63736.1,0.8832,213652.0,High
C102056,37183.57,1433.75,0.0981,1589.48,Low
C102057,425539.5,736.93,0.0632,786.59,Low
C102058,170494.34,23549.71,0.5023,44303.2,Medium
C102059,296837.09,163009.77,0.9987,632737.41,Very High
C102060,14441.98,45185.38,0.9305,162745.43,High
C102061,8630.23,409.43,0.0305,430.98,Low
C102062,228145.87,95290.73,0.994,369879.72,Very High
C102063,981337.18,164044.03,0.9993,636751.99,Very High
C102064,189457.05,9870.4,0.1306,11349.4,Medium
C102065,0.0,20665.9,0.5589,42278.28,Medium
C102066,19831.86,46826.86,0.7249,123220.95,High
C102067,166696.17,13571.36,0.3255,19893.69,Medium
C102068,212027.47,18890.45,0.5792,39837.39,Medium
C102069,1102320.22,173825.76,0.9991,674720.7,Very High
C102070,132199.16999999998,19050.58,0.5306,37366.7,Medium
C102071,258854.67,21990.13,0.9039,76069.67,High
C102073,41543.0,497.07,0.0237,523.22,Low
C102074,169098.69,456.03,0.036,480.02,Low
C102076,433876.96,52351.59,0.9766,202185.24,High
C102077,560837.18,33638.27,0.8012,99487.77,High
C102078,71097.86,15278.88,0.4028,24912.28,Medium
C102079,1651493.63,163460.09,0.9995,634485.37,Very High
C102080,753189.84,118873.1,0.997,461416.87,Very High
C102081,842185.83,164085.91,0.9986,636914.57,Very High
C102082,289355.76,21463.42,0.4131,35507.22,Medium
C102084,128687.69,856.78,0.062,913.41,Low
C102085,30401.24,296.88,0.019,312.5,Low
C102086,639278.8,202232.52,0.9991,784984.15,Very High
C102087,41340.100000000006,73522.82,0.8979,252056.06,Very High
C102088,34417.41,283.43,0.0062,298.35,Low
C102089,425936.54,99614.41,0.9986,386662.51,Very High
C102090,413071.3,131137.77,0.9966,509023.33,Very High
C102091,249949.83,117022.73,0.998,454234.49,Very High
C102092,56592.18,413.21,0.0458,434.96,Low
C102094,38443.1,11073.77,0.1538,13079.43,Medium
C102095,391843.36,129571.96,0.9949,502945.48,Very High
C102096,270867.66,16834.79,0.5437,33669.49,Medium
C102097,60979.16,99672.98,0.9295,358480.73,Very High
C102098,54166.95,4737.19,0.1672,5683.84,Low
C102099,1601331.39,165130.44,0.999,640968.99,Very High
C102100,15708.03,56099.79,0.8482,178287.95,High
C102101,329737.53,46026.51,0.8917,156297.66,High
C102102,105367.55,4807.79,0.5437,9615.51,Medium
C102103,1156439.66,154032.84,0.999,597892.63,Very High
C102104,128411.51,4426.59,0.284,6142.1,Low
C102105,179554.36000000002,15592.87,0.5016,29304.8,Medium
C102107,91986.49,44402.41,0.9565,166352.84,High
C102108,640455.95,17750.01,0.7146,45975.55,High
C102110,954833.57,156784.4,0.9989,608573.07,Very High
C102111,0.0,3683.9,0.1115,4145.37,Low
C102112,8808.43,5910.21,0.3333,8755.88,Low
C102113,486860.62,53353.6,0.6329,122025.09,High
C102114,103450.69,14564.48,0.38,23001.37,Medium
C102115,1437892.63,168818.39,0.9995,655284.12,Very High
C102116,2507.48,27455.15,0.5925,59067.21,High
C102117,674227.1,51649.77,0.9582,194013.9,High
C102118,2004619.74,175154.97,0.9988,679880.15,Very High
C102119,119766.27,6702.35,0.5771,14089.76,Medium
C102120,1882158.26,183618.13,0.9988,712730.65,Very High
C102121,279502.95,19323.04,0.574,40434.87,Medium
C102122,112205.27000000002,502.41,0.036,528.85,Low
C102123,534307.7999999999,29310.86,0.8329,90999.64,High
C102124,30524.28,6722.58,0.2207,8605.74,Low
C102125,300655.34,9965.32,0.4239,16739.18,Medium
C102126,8821.08,6159.12,0.1891,7585.85,Low
C102127,0.0,24195.28,0.9728,92898.01,High
C102128,12751.35,9995.4,0.3684,15533.54,Medium
C102129,290929.57,27239.69,0.7777,77708.77,High
C102130,318639.44,24465.38,0.4115,40382.99,Medium
C102131,8815.220000000001,84324.01,0.9188,298406.57,Very High
C102132,409684.12,81947.92,0.9943,318088.39,Very High
C102133,156099.34,7219.33,0.4254,12152.26,Medium
C102134,65398.31,505.55,0.0146,532.15,Low
C102135,120281.36,556.37,0.0163,585.65,Low
C102136,166399.91,30620.5,0.8109,91912.71,High
C102137,44530.75,343.22,0.0435,361.28,Low
C102138,74065.94,63061.34,0.5829,133738.34,High
C102139,49757.2,304.14,0.041,320.14,Low
C102140,316725.86,7373.1,0.0654,7889.19,Low
C102142,306995.45,147484.85,0.9984,572476.01,Very High
C102143,117757.84,6914.14,0.163,8254.93,Low
C102144,393501.34,13467.28,0.4498,23474.98,Medium
C102145,204043.03,32015.32,0.7669,89831.19,High
C102146,66490.72,21215.69,0.2316,27530.68,Medium
C102147,0.0,18052.29,0.4214,30215.51,Medium
C102148,40167.14,30683.9,0.6172,68526.56,High
C102150,209126.24,6082.51,0.1597,7233.75,Low
C102151,52518.72,756.88,0.1002,841.06,Low
C102152,489755.3,136210.21,0.9937,528712.45,Very High
C102153,213241.85,21324.54,0.4554,37473.29,Medium
C102154,49980.17,4788.89,0.1183,5430.25,Low
C102155,1723319.3,137433.27,0.9945,533459.89,Very High
C102156,0.0,22877.04,0.5357,45215.99,Medium
C102157,324854.35,12842.53,0.5683,26645.56,Medium
C102158,489367.12,11832.31,0.6867,29369.59,Medium
C102159,56718.11,1514.15,0.0297,1593.84,Low
C102160,108632.99,3043.76,0.0842,3323.37,Low
C102161,717407.3500000001,92346.0,0.9977,358449.48,Very High
C102162,626059.7,89216.05,0.9701,341163.12,Very High
C102163,0.0,15503.79,0.4981,28990.87,Medium
C102164,0.0,281.39,0.0201,296.19,Low
C102165,232723.51,13756.65,0.4593,24309.22,Medium
C102166,102183.23,17208.91,0.3471,25975.72,Medium
C102167,440972.17,51180.44,0.9472,189071.59,High
C102168,5815.31,13302.25,0.3196,19345.82,Medium
C102169,48618.91,901.06,0.0257,948.48,Low
C102170,169409.07,8675.54,0.3087,12435.41,Medium
C102171,8878.27,12935.71,0.2804,17864.18,Medium
C102172,37227.78,39162.22,0.8032,116176.2,High
C102173,545992.31,110865.47,0.9904,430334.54,Very High
C102174,173113.36000000002,17320.83,0.374,27127.29,Medium
C102175,0.0,11169.67,0.1792,13594.04,Medium
C102176,195381.44,14559.9,0.1907,17966.75,Medium
C102177,0.0,28692.57,0.6277,65107.55,High
C102178,21436.09,733.96,0.0158,772.59,Low
C102179,379.29,606.79,0.0265,638.72,Low
C102180,2991.55,342.37,0.1014,380.96,Low
C102181,29695.44,1131.13,0.0458,1190.66,Low
C102182,154064.37,2422.84,0.1245,2766.62,Low
C102183,1767496.46,156274.4,0.9992,606593.45,Very High
C102184,1192210.2,120003.95,0.9984,465806.38,Very High
C102185,448418.22,31500.38,0.7462,85640.31,High
C102186,95487.5,16838.72,0.4697,30208.66,Medium
C102187,0.0,24107.06,0.6669,58053.45,High
C102188,18258.81,15369.23,0.4711,27627.29,Medium
C102189,430830.92,28517.51,0.7439,77252.51,High
C102190,196381.45,8113.7,0.0803,8822.22,Low
C102191,331122.16000000003,120107.18,0.9986,466207.08,Very High
C102192,577973.59,53653.65,0.995,208261.58,High
C102193,564911.3,42960.73,0.9653,163098.1,High
C102194,246439.79,17012.58,0.5466,34170.89,Medium
C102195,726597.71,78186.36,0.9915,303487.55,Very High
C102196,14599.7,6129.35,0.0953,6774.33,Low
C102197,377193.19,35933.5,0.7825,103266.03,High
C102198,230031.35,14148.34,0.3389,21119.67,Medium
C102199,106497.82,18174.6,0.5599,37240.21,Medium
C102200,203773.35,3748.89,0.2101,4736.51,Low
C102201,267741.3,21935.51,0.7616,61058.52,High
C102202,11092.37,337.58,0.0433,355.35,Low
C102203,110732.1,44109.16,0.8981,151256.0,High
C102204,108297.97,55032.2,0.8767,182667.46,High
C102205,517417.04,80101.07,0.9527,298363.73,Very High
C102206,18841.71,13474.61,0.3557,20578.09,Medium
C102207,78841.08,24167.46,0.6719,58650.91,High
C102208,0.0,19926.63,0.6596,47458.16,High
C102209,2357520.16,157744.01,0.9992,612297.88,Very High
C102210,105740.18,20183.06,0.4382,34599.74,Medium
C102211,0.0,32186.87,0.5894,68927.99,High
C102212,80746.97,72359.08,0.87,237712.73,Very High
C102213,217185.0,10284.68,0.3194,14953.77,Medium
C102214,9702.75,14253.9,0.5868,30407.73,Medium
C102215,309853.43,16461.75,0.2229,21131.59,Medium
C102216,394143.12,63324.61,0.9691,241802.31,Very High
C102217,52934.68,3453.52,0.1793,4203.82,Low
C102218,205877.42,37785.06,0.8507,120527.87,High
C102219,52697.71,9438.46,0.3505,14312.67,Medium
C102220,392889.13,54778.55,0.7795,156716.5,High
C102221,38847.29,9994.56,0.1971,12428.7,Medium
C102222,0.0,42433.9,0.8015,125562.37,High
C102223,588077.23,45003.91,0.9187,159220.75,High
C102224,632169.29,47473.91,0.8684,155600.48,High
C102226,1737813.1700000002,159907.24,0.9987,620694.65,Very High
C102227,42702.93,5690.43,0.2129,7214.35,Low
C102228,188648.83,22768.41,0.7518,62425.01,High
C102229,107811.59,11865.98,0.3286,17468.59,Medium
C102230,0.0,16652.71,0.6569,39499.88,Medium
C102231,185436.0,8612.73,0.1473,10095.49,Medium
C102233,567477.58,100704.37,0.9966,390893.27,Very High
C102234,258641.27,171775.4,0.9978,666762.02,Very High
C102235,383866.35,62886.27,0.9911,244098.82,Very High
C102236,130067.5,877.33,0.0517,925.16,Low
C102237,29628.94,276.11,0.0116,290.64,Low
C102238,126225.49,14343.53,0.2096,18112.19,Medium
C102239,505539.96,76098.35,0.6949,191255.84,High
C102240,51725.5,2520.82,0.2471,3335.45,Low
C102241,240653.71,2720.65,0.1237,3103.84,Low
C102242,77035.06999999999,3265.35,0.1008,3631.01,Low
C102244,128628.81,858.55,0.0361,903.74,Low
C102245,50817.95,5524.11,0.243,7272.06,Low
C102246,28886.99,1163.11,0.0602,1237.63,Low
C102247,0.0,40734.45,0.6913,101825.45,High
C102248,654518.58,92333.92,0.9876,358402.6,Very High
C102249,57493.71,408.85,0.0941,451.3,Low
C102250,375813.65,107542.01,0.9979,417434.2,Very High
C102251,930407.52,15174.44,0.3146,21923.8,Medium
C102252,8224.4,20441.22,0.2284,26418.26,Medium
C102253,3909.78,10701.69,0.5815,22647.5,Medium
C102254,209981.91,27193.17,0.9433,99862.13,High
C102255,150965.21,19583.15,0.655,46315.89,High
C102256,266005.17,82437.59,0.7343,220049.98,Very High
C102257,99264.47,55947.23,0.9527,208395.19,High
C102258,753.15,26016.19,0.8861,87594.28,High
C102259,445560.02,115195.94,0.9995,447143.64,Very High
C102260,716906.7000000001,158150.24,0.9983,613874.7,Very High
C102261,467279.6,128028.13,0.9967,496952.96,Very High
C102262,311979.35000000003,11931.48,0.4046,19502.98,Medium
C102263,0.0,17570.65,0.369,27329.5,Medium
C102264,231682.81,143531.66,0.9973,557131.35,Very High
C102265,296677.5,47092.69,0.9846,182794.6,High
C102266,138226.79,18621.31,0.7809,53381.63,High
C102267,16836.2,6333.87,0.0575,6719.88,Low
C102268,111618.92,12757.28,0.3294,18798.72,Medium
C102269,285791.48,14596.32,0.2885,20371.75,Medium
C102270,220210.0,55958.0,0.9445,205872.02,High
C102271,370952.35,141914.47,0.9965,550854.07,Very High
C102272,4900.6,48217.91,0.8846,161973.11,High
C102274,162374.66,29432.05,0.7617,81937.77,High
C102275,210428.04,1695.89,0.1032,1890.81,Low
C102276,130523.51,9638.3,0.5541,19576.68,Medium
C102277,741682.9199999999,230252.13,0.9994,893744.83,Very High
C102278,180836.11,19114.97,0.5353,37758.16,Medium
C102279,30550.92,28432.93,0.796,83427.83,High
C102280,837313.61,186869.47,0.9976,725351.03,Very High
C102281,86108.03,14053.97,0.207,17689.8,Medium
C102282,2128491.75,181977.03,0.9993,706360.59,Very High
C102283,78873.6,22647.28,0.5101,43098.31,Medium
C102284,511071.35,101384.97,0.9902,393535.1,Very High
C102285,157366.11000000002,13597.81,0.3147,19647.38,Medium
C102286,217385.03,36593.87,0.9883,142042.46,High
C102287,406500.83,31902.08,0.7349,85240.45,High
C102288,252874.04,97638.7,0.9931,378993.58,Very High
C102289,266855.4,100316.96,0.9825,389389.51,Very High
C102290,154397.9,5150.31,0.2094,6501.72,Low
C102291,291401.75,10017.74,0.203,12548.13,Medium
C102292,335343.35,30442.25,0.3824,48234.39,High
C102293,296768.97,3964.14,0.0838,4326.46,Low
C102294,2804.99,309.71,0.0236,326.01,Low
C102295,89120.63,18451.6,0.5555,37558.78,Medium
C102296,276608.76,3214.56,0.0966,3558.15,Low
C102297,28262.67,12705.07,0.1651,15205.57,Medium
C102298,0.0,304.03,0.017,320.03,Low
C102299,66549.94,63006.18,0.9496,233611.31,Very High
C102300,302268.63,49329.12,0.9936,191475.52,High
C102301,121582.84,5031.27,0.3883,8038.21,Low
C102302,38977.56,3175.22,0.1597,3776.19,Low
C102303,908503.36,60404.05,0.9577,226704.57,Very High
C102304,2551392.9,187196.63,0.998,726620.95,Very High
C102306,134528.86,63533.53,0.9484,235125.38,Very High
C102307,37882.79,6111.8,0.0572,6482.74,Low
C102308,806622.36,182437.95,0.9959,708149.7,Very High
C102309,26161.9,4433.9,0.1938,5492.13,Low
C102310,1193536.27,130357.59,0.9985,505994.97,Very High
C102311,34377.12,378.82,0.0213,398.75,Low
C102312,80849.51000000001,26911.61,0.3434,40416.86,Medium
C102313,165236.35,39405.11,0.6674,94968.83,High
C102314,1380319.07,110301.44,0.9631,417404.87,Very High
C102315,99575.67,44238.43,0.9413,161973.96,High
C102316,326381.57,45152.18,0.9015,155636.76,High
C102317,71336.35,20688.38,0.5438,41386.49,Medium
C102318,286055.58,16931.75,0.2039,21232.2,Medium
C102319,15718.2,8710.51,0.1786,10593.4,Medium
C102320,82274.07999999999,95280.5,0.9251,340411.77,Very High
C102321,86753.13,1735.45,0.0567,1839.69,Low
C102322,37462.05,7663.49,0.3537,11672.15,Medium
C102323,402176.88,17427.02,0.6277,39541.89,Medium
C102324,159953.22999999998,53824.63,0.9171,189968.97,High
C102325,979279.02,73911.29,0.9934,286893.47,Very High
C102326,4325.24,18699.91,0.7084,47976.78,High
C102327,528564.29,20441.15,0.4679,36575.87,Medium
C102328,117214.13,7273.37,0.3922,11683.91,Medium
C102329,236310.19,7894.92,0.1443,9222.34,Medium
C102330,173398.04,4782.27,0.0611,5093.45,Low
C102331,241883.67,16826.54,0.707,43080.95,Medium
C102332,239269.57,10467.5,0.3269,15372.69,Medium
C102333,245322.83,9932.97,0.1723,11990.04,Medium
C102334,252216.94,20647.68,0.3014,29313.11,Medium
C102335,568197.19,46908.01,0.9139,164757.85,High
C102336,30523.79,38572.46,0.7091,99073.8,High
C102337,842004.72,159181.32,0.9984,617876.94,Very High
C102338,1802868.74,194527.2,0.9988,755075.24,Very High
C102339,385408.46,40963.49,0.2571,54900.46,High
C102340,39214.74,2447.25,0.0413,2576.04,Low
C102341,179462.47999999998,9483.48,0.1704,11421.33,Medium
C102342,57507.67,441.44,0.0225,464.67,Low
C102343,5189.53,7875.7,0.7574,21781.81,Medium
C102344,803816.34,179769.42,0.9988,697791.55,Very High
C102345,856435.23,196102.86,0.9993,761191.29,Very High
C102346,1893039.98,181931.47,0.9993,706183.73,Very High
C102347,127542.32,52947.09,0.8658,172852.66,High
C102348,384436.43,13387.81,0.1966,16639.71,Medium
C102349,41666.57,6940.25,0.0731,7487.28,Low
C102350,408888.6,32910.87,0.6379,75841.24,High
C102351,110083.73,145981.83,0.9932,566641.89,Very High
C102352,1448654.82,147709.34,0.999,573347.38,Very High
C102353,195922.47,2962.14,0.0905,3256.65,Low
C102354,50054.45,1473.73,0.0617,1570.55,Low
C102355,1144993.37,128957.82,0.9993,500561.65,Very High
C102356,87301.42000000001,402.2,0.0366,423.37,Low
C102357,1348382.98,147043.27,0.9995,570761.98,Very High
C102358,439167.75,31771.99,0.7826,91320.32,High
C102359,1048026.97,148630.04,0.9995,576921.18,Very High
C102360,3200.95,343.24,0.0333,361.31,Low
C102361,133642.26,11671.31,0.5084,22156.34,Medium
C102362,340773.65,43324.45,0.9843,168167.84,High
C102363,904853.87,142419.01,0.9986,552812.47,Very High
C102364,975.27,24855.83,0.6644,59632.98,High
C102365,1751.22,12353.57,0.1762,14980.72,Medium
C102366,1180441.38,43392.1,0.9746,167076.32,High
C102367,24687.92,430.1,0.0233,452.73,Low
C102368,85926.68,1456.39,0.0264,1533.03,Low
C102369,1468086.72,212733.07,0.999,825742.99,Very High
C102370,348224.88,52171.23,0.841,163988.73,High
C102371,101089.38,8933.57,0.381,14128.78,Medium
C102372,74946.84,894.22,0.0113,941.28,Low
C102373,36667.15,572.19,0.0366,602.3,Low
C102374,753074.05,192841.76,0.999,748533.02,Very High
C102375,1688042.13,164343.25,0.9994,637913.44,Very High
C102376,8440.9,28632.12,0.881,95655.92,High
C102377,466051.0,142406.67,0.998,552764.59,Very High
C102378,92581.82,151196.56,0.9781,585236.36,Very High
C102379,410089.91,11415.97,0.3743,17887.63,Medium
C102380,792466.41,159271.95,0.9989,618228.73,Very High
C102381,87533.5,13232.54,0.1456,15480.81,Medium
C102382,80313.76,1083.05,0.0189,1140.05,Low
C102383,0.0,31781.45,0.9125,111393.4,High
C102384,219275.72,43942.16,0.7996,129636.55,High
C102385,313880.88,12459.74,0.1951,15456.79,Medium
C102386,114653.23,19972.77,0.4443,34540.7,Medium
C102387,19362.06,12635.39,0.5522,25592.16,Medium
C102388,252315.33,11962.03,0.1704,14406.3,Medium
C102389,0.0,15545.09,0.3876,24812.05,Medium
C102390,294684.56,15935.79,0.4655,28414.24,Medium
C102392,539397.65,43094.48,0.8409,135426.09,High
C102393,97610.16,16369.49,0.5755,34333.19,Medium
C102394,887827.4,62420.45,0.9829,242290.74,Very High
C102395,26008.14,39254.6,0.6321,89659.5,High
C102396,48321.81,44905.56,0.847,142442.12,High
C102397,14267.81,52888.21,0.8676,173111.01,High
C102398,336217.02,42835.53,0.9935,166270.06,High
C102399,51868.03999999999,25605.79,0.7496,69972.69,High
C102400,596860.86,104867.94,0.9984,407054.56,Very High
C102401,859536.33,134916.84,0.9975,523692.13,Very High
C102402,430824.76,131178.66,0.9913,509182.03,Very High
C102403,2040700.33,247311.89,0.9996,959963.85,Very High
C102404,154548.12,23097.3,0.4319,39244.66,Medium
C102405,943627.32,21298.84,0.084,23250.25,Medium
C102406,8474.2,5052.96,0.3637,7802.35,Low
C102407,534285.64,49742.46,0.8728,164133.28,High
C102408,29331.65,5657.52,0.0712,6091.29,Low
C102409,657907.01,183635.45,0.9983,712797.88,Very High
C102410,737733.25,167751.34,0.9994,651142.25,Very High
C102411,87836.49,7999.66,0.232,10385.64,Medium
C102412,64603.47,11687.96,0.3068,16711.04,Medium
C102413,9211.85,9925.95,0.3433,14905.39,Medium
C102414,39698.96,19813.58,0.2657,26848.3,Medium
C102415,407634.45,119074.67,0.9473,439936.69,Very High
C102416,133946.33,23698.66,0.5044,44721.89,Medium
C102417,45829.3,27165.39,0.7863,78524.0,High
C102419,895930.1,57486.76,0.9592,216239.22,High
C102420,74416.08,20318.91,0.5201,39242.3,Medium
C102421,144993.65,6550.71,0.1373,7590.28,Low
C102422,542103.47,17492.37,0.201,21855.78,Medium
C102423,0.0,5338.54,0.2589,7171.14,Low
C102424,12687.96,8117.0,0.2161,10331.46,Medium
C102425,51039.61,29558.99,0.8504,94256.09,High
C102426,57587.83,20999.93,0.5449,42072.65,Medium
C102428,61030.78,13819.09,0.6605,32956.63,Medium
C102429,208230.19,126082.88,0.9917,489402.31,Very High
C102430,2096662.76,186139.7,0.9996,722518.37,Very High
C102431,0.0,19474.3,0.6561,46134.98,High
C102432,58148.33,1762.52,0.0644,1883.79,Low
C102433,51215.65,480.11,0.0321,505.38,Low
C102434,1006206.57,54299.13,0.9566,203457.63,High
C102435,183704.48,8288.54,0.2843,11506.02,Medium
C102436,513264.49,135418.52,0.9983,525639.45,Very High
C102437,29752.61,707.8,0.0578,751.19,Low
C102438,255559.43,104476.28,0.9961,405534.27,Very High
C102439,28428.94,4634.51,0.2422,6094.77,Low
C102440,798947.35,76735.12,0.9654,291391.92,Very High
C102441,54361.12,68075.64,0.9577,255508.09,Very High
C102442,174266.38,2790.34,0.0806,3034.88,Low
C102443,437470.37,144913.68,0.9957,562495.8,Very High
C102445,122696.69,40222.46,0.9255,143776.54,High
C102446,23226.23,11013.05,0.112,12400.66,Medium
C102447,1558061.08,176376.21,0.9992,684620.49,Very High
C102448,1405155.58,203742.07,0.999,790843.58,Very High
C102449,192431.68,14602.88,0.3548,22272.93,Medium
C102450,294861.01,24778.04,0.5204,47875.69,High
C102451,212611.37,7513.22,0.2077,9465.37,Medium
C102452,89024.74,40772.93,0.8756,135102.12,High
C102453,167671.84,8972.25,0.4667,16024.74,Medium
C102454,636994.52,195597.83,0.999,759230.97,Very High
C102455,0.0,35574.19,0.8593,114978.97,High
C102456,105087.73,49402.01,0.9412,180855.11,High
C102457,232349.06,17231.93,0.1505,20273.32,Medium
C102458,1064155.2,148536.61,0.9989,576558.5,Very High
C102459,398692.32,175714.28,0.9917,682051.13,Very High
C102460,1757524.38,216775.27,0.9983,841433.16,Very High
C102461,392396.96,110392.56,0.989,428498.88,Very High
C102462,537264.77,161531.82,0.9987,627000.61,Very High
C102463,118356.95,818.2,0.0859,895.09,Low
C102464,74626.13,10535.3,0.3258,15449.95,Medium
C102465,260058.11,12293.07,0.1517,14483.53,Medium
C102466,380536.15,32523.51,0.8063,96935.76,High
C102467,0.0,5261.82,0.4229,8825.88,Low
C102469,543752.27,73077.95,0.9748,281466.09,Very High
C102470,4780.38,35252.44,0.7291,93363.12,High
C102471,0.0,16401.12,0.7205,42863.88,Medium
C102472,51409.81,13256.45,0.1143,14964.04,Medium
C102473,211464.14,13200.61,0.1826,16131.82,Medium
C102474,179754.44,4757.6,0.2311,6169.99,Low
C102475,330427.65,85070.86,0.9574,319133.21,Very High
C102477,92460.01,39609.42,0.7563,109353.51,High
C102478,319740.72,11019.23,0.298,15572.62,Medium
C102479,637889.13,36327.91,0.9261,129990.05,High
C102481,187222.13,13630.85,0.3235,19928.14,Medium
C102482,151541.9,5084.87,0.0719,5478.51,Low
C102484,328380.38,132106.38,0.9963,512783.05,Very High
C102485,669867.78,51203.81,0.9929,198752.29,High
C102486,669223.22,20599.2,0.1104,23150.86,Medium
C102487,448242.19,72134.37,0.9783,279264.98,Very High
C102489,525721.7,37339.96,0.9164,131660.18,High
C102490,74690.11,13307.71,0.4822,24309.65,Medium
C102491,40004.2,374.15,0.0382,393.84,Low
C102492,74245.26999999999,21442.75,0.7985,63151.53,High
C102493,409855.55,178684.91,0.976,689399.83,Very High
C102494,203454.32,17471.32,0.1151,19739.4,Medium
C102495,295970.85,64632.72,0.9884,250877.84,Very High
C102496,433529.49,26504.23,0.6722,64345.06,High
C102497,193566.16,16467.67,0.4806,30012.74,Medium
C102498,301531.54,35876.35,0.8948,122410.9,High
C102499,16419.57,28876.07,0.7431,78128.83,High
C102500,104997.01,47548.53,0.9461,175355.12,High
C102501,977532.9,198493.0,0.9983,770468.86,Very High
C102502,5829.54,3659.56,0.19,4512.25,Low
C102503,164793.27000000002,389.44,0.0088,409.93,Low
C102504,589373.61,140497.86,0.999,545355.38,Very High
C102505,458573.6,57119.16,0.9771,220742.17,Very High
C102506,261004.95,3075.94,0.2045,3859.87,Low
C102508,2213.45,15086.8,0.2586,20258.17,Medium
C102509,2479452.66,170971.98,0.9992,663643.46,Very High
C102510,50967.52,1651.86,0.0514,1741.38,Low
C102511,139437.73,508.13,0.0261,534.87,Low
C102512,47356.21,30046.16,0.8748,99436.77,High
C102513,349544.17,30856.71,0.6612,73666.11,High
C102514,73556.44,30147.15,0.7352,80581.99,High
C102515,40511.21,29016.45,0.7739,82299.89,High
C102516,49243.12,16973.85,0.1556,20089.37,Medium
C102517,178239.35,5051.23,0.1723,6097.18,Low
C102518,78746.48999999999,1147.2,0.0802,1247.14,Low
C102519,304727.83,40738.61,0.7625,113554.62,High
C102520,174282.38999999998,5012.0,0.1445,5855.84,Low
C102521,9467.31,11984.48,0.4138,19843.6,Medium
C102522,15912.22,554.66,0.0546,586.67,Low
C102523,1507588.73,166761.38,0.999,647299.63,Very High
C102524,235940.12,21708.72,0.6165,48431.77,High
C102525,231280.58,2607.22,0.1026,2904.92,Low
C102526,905655.62,146353.84,0.999,568085.9,Very High
C102527,164261.36000000002,14741.59,0.1575,17485.73,Medium
C102528,120673.2,26596.65,0.5516,53820.76,High
C102529,1357472.14,170350.58,0.9993,661231.44,Very High
C102530,766980.28,117312.75,0.9988,455360.25,Very High
C102531,124.51,893.1,0.0763,966.84,Low
C102532,211195.3,40040.77,0.8125,120489.37,High
C102533,48898.48,55707.62,0.8584,179810.82,High
C102534,644007.25,125529.3,0.9968,487253.51,Very High
C102535,54734.31,20050.83,0.7727,56769.78,High
C102536,127365.62,30111.91,0.8651,98188.57,High
C102537,162533.4,22478.94,0.6382,51820.35,High
C102538,374161.56,14485.99,0.6184,32408.93,Medium
C102540,2902074.7,185948.78,0.9992,721777.29,Very High
C102541,298890.76,12701.56,0.4105,20933.49,Medium
C102542,91439.88,14165.28,0.7008,35927.19,Medium
C102543,1505397.4,77094.22,0.9971,299248.3,Very High
C102544,105940.06,689.75,0.0753,745.9,Low
C102545,51194.3,60875.95,0.9413,222891.11,Very High
C102546,607056.8,107528.97,0.9965,417383.58,Very High
C102547,863640.53,50695.06,0.9582,190405.57,High
C102549,311074.28,41913.38,0.9582,157427.67,High
C102550,406090.07,6026.82,0.2976,8513.58,Low
C102551,56166.1,13732.86,0.5669,28432.14,Medium
C102553,0.0,314.48,0.0113,331.03,Low
C102554,0.0,294.52,0.0238,310.02,Low
C102555,367801.25,15280.56,0.4071,25066.24,Medium
C102556,1413556.29,76237.76,0.9918,295923.87,Very High
C102557,317028.33,12697.76,0.377,19971.18,Medium
C102558,570892.91,17296.51,0.5124,33029.54,Medium
C102559,321139.89,9573.01,0.1289,10986.62,Medium
C102560,1047266.6,181517.4,0.9992,704576.48,Very High
C102561,0.0,414.85,0.0402,436.68,Low
C102562,926072.58,42730.34,0.932,154271.83,High
C102563,6567.34,286.68,0.0127,301.76,Low
C102564,27056.210000000003,1582.36,0.0448,1665.64,Low
C102565,80640.41,31731.83,0.3869,50598.14,High
C102566,375437.35,10772.15,0.552,21812.57,Medium
C102567,26219.64,72294.37,0.9416,264805.45,Very High
C102568,860239.74,262289.73,0.9981,1018101.7,Very High
C102569,14214.39,16366.7,0.5161,31422.52,Medium
C102570,283174.95,90093.7,0.9513,334882.37,Very High
C102571,747705.17,9009.83,0.1562,10671.85,Medium
C102572,25148.24,14207.28,0.1294,16315.22,Medium
C102573,10395.29,303.98,0.0873,333.04,Low
C102574,607973.68,44630.41,0.4211,74671.8,High
C102575,39120.05,374.07,0.1173,423.71,Low
C102576,1415708.99,163012.55,0.9994,632748.21,Very High
C102577,522813.59,52111.15,0.4433,89990.13,High
C102578,399120.09,45649.9,0.1791,55554.9,High
C102579,12704.82,102900.91,0.9381,374953.92,Very High
C102580,163081.58,32627.38,0.7413,88030.17,High
C102581,0.0,331.55,0.0223,348.99,Low
C102582,64369.96,121967.17,0.9592,458801.66,Very High
C102583,491851.83,8651.06,0.2611,11654.17,Medium
C102584,101705.0,6023.06,0.2082,7592.19,Low
C102585,3804.69,16923.1,0.7333,45108.34,Medium
C102586,112065.55,25710.74,0.5732,53734.62,High
C102587,118223.66,12909.12,0.3296,19029.22,Medium
C102588,113322.65,461.31,0.0382,485.58,Low
C102589,523733.45,42095.07,0.8967,144044.09,High
C102590,112738.81,21344.01,0.7821,61304.01,High
C102591,20223.36,370.19,0.009,389.67,Low
C102592,150465.57,39670.77,0.9098,138473.72,High
C102593,322866.07,18514.08,0.4889,34152.86,Medium
C102594,29519.66,4334.51,0.0811,4716.81,Low
C102595,6552.61,25960.33,0.7868,75104.42,High
C102596,272838.59,8901.65,0.1487,10451.14,Medium
C102597,181065.28,12369.7,0.1299,14211.62,Medium
C102598,294790.95,4900.25,0.1718,5911.45,Low
C102599,0.0,20101.01,0.3764,31584.98,Medium
C102600,252319.4,44311.99,0.8608,143560.82,High
C102601,126332.56,32763.78,0.8491,104262.66,High
C102602,187521.77,994.9,0.0759,1076.59,Low
C102603,43050.33,47576.52,0.8541,152550.31,High
C102604,409541.01,2072.32,0.1678,2488.13,Low
C102605,214415.81,13290.86,0.166,15924.57,Medium
C102606,53318.87,15461.8,0.3999,25106.74,Medium
C102607,319921.96,18594.3,0.8081,55572.14,High
C102608,47414.66,17845.73,0.5836,37885.55,Medium
C102609,158191.02,121383.41,0.9864,471160.88,Very High
C102610,911315.35,123095.66,0.9969,477807.11,Very High
C102611,911620.82,130392.54,0.9846,506130.63,Very High
C102612,253579.36,5017.42,0.3299,7398.79,Low
C102613,133406.55,71571.53,0.8903,242537.33,Very High
C102614,96624.08,9139.62,0.481,16668.25,Medium
C102615,177979.72,55244.28,0.8925,187815.53,High
C102616,542842.02,190131.22,0.9993,738011.82,Very High
C102617,177399.78,2734.4,0.1902,3372.11,Low
C102618,201959.9,7262.69,0.2316,9424.26,Medium
C102619,14275.06,16540.58,0.7104,42570.72,Medium
C102620,159202.46,529.35,0.0748,572.15,Low
C102621,0.0,28864.99,0.8423,90911.38,High
C102622,2833.6,430.29,0.0356,452.94,Low
C102623,167561.19,41054.34,0.8672,134295.35,High
C102625,175490.88,21867.52,0.4842,40067.68,Medium
C102626,278182.83,10019.0,0.5468,20132.0,Medium
C102627,75422.04000000001,65271.97,0.522,126415.41,High
C102628,839437.12,61892.48,0.9648,234802.95,Very High
C102629,0.0,2432.93,0.0594,2586.44,Low
C102631,46770.75,13752.44,0.4198,22966.16,Medium
C102632,2952.27,292.56,0.0197,307.96,Low
C102633,180243.03,77090.22,0.9962,299232.76,Very High
C102634,88372.85,5296.67,0.0686,5686.84,Low
C102635,115532.22,123204.39,0.9691,470412.14,Very High
C102636,8172.13,1087.13,0.1083,1218.94,Low
C102637,1044399.66,94518.66,0.9944,366882.88,Very High
C102638,0.0,327.67,0.0174,344.91,Low
C102639,3072888.89,186948.31,0.9991,725657.07,Very High
C102641,313134.55,25167.36,0.7932,73529.12,High
C102642,154110.44,517.31,0.0174,544.54,Low
C102643,443196.28,7615.92,0.2778,10482.66,Medium
C102644,330982.77,73414.65,0.9871,284965.7,Very High
C102645,154529.03,12779.03,0.6229,28785.27,Medium
C102646,710877.19,215731.7,0.9968,837382.46,Very High
C102647,99160.16,24343.34,0.3017,34571.05,Medium
C102648,0.0,14682.0,0.2775,20201.32,Medium
C102649,309491.02,15518.89,0.6644,37228.71,Medium
C102650,103126.27,44675.81,0.8124,134403.53,High
C102651,56279.5,29749.83,0.5021,55949.56,High
C102653,14952.38,24800.41,0.3736,38818.94,Medium
C102654,105660.82,34390.92,0.607,75629.55,High
C102655,657162.59,15049.76,0.2712,20537.81,Medium
C102656,83034.64,38875.31,0.9272,139325.2,High
C102657,178395.53,25143.21,0.8483,79912.48,High
C102658,76941.04,2961.3,0.0577,3142.7,Low
C102659,51838.76,19843.19,0.7358,53091.67,High
C102660,70680.61,2315.48,0.0265,2437.33,Low
C102661,1240968.13,148387.92,0.9994,575981.37,Very High
C102662,86739.88,18603.4,0.4181,30994.29,Medium
C102663,1229292.92,215581.7,0.9994,836800.21,Very High
C102664,595698.96,11867.63,0.1162,13425.92,Medium
C102665,396596.96,124599.93,0.9977,483646.1,Very High
C102666,225786.08,38946.05,0.9469,143805.7,High
C102668,1514900.51,245201.78,0.9982,951773.27,Very High
C102669,151379.01,19480.53,0.5165,37423.84,Medium
C102670,325502.48,96197.28,0.9942,373398.58,Very High
C102671,0.0,25596.88,0.5148,49053.64,High
C102672,770922.33,30203.16,0.2151,38399.83,Medium
C102674,73088.94,13056.16,0.147,15299.42,Medium
C102675,809443.36,51120.93,0.9429,187626.64,High
C102676,738301.99,31970.26,0.86,103449.6,High
C102677,0.0,869.04,0.0469,914.77,Low
C102678,433144.46,105219.6,0.9923,408419.54,Very High
C102679,43603.55,14489.15,0.2764,19905.63,Medium
C102680,308849.15,8954.13,0.1226,10203.12,Medium
C102682,1895990.3,178442.29,0.9994,692640.16,Very High
C102683,404212.21,12033.24,0.2324,15630.76,Medium
C102684,7857.13,1331.16,0.1093,1494.22,Low
C102685,762363.35,152689.38,0.9981,592677.87,Very High
C102686,76720.02,19970.56,0.7932,58345.78,High
C102687,52546.43,59544.87,0.8628,193500.07,High
C102688,88451.49,6568.49,0.1168,7435.74,Low
C102689,4993.71,3337.06,0.0593,3547.2,Low
C102690,144665.49,46120.94,0.69,115051.61,High
C102691,28847.92,27959.86,0.7785,79870.05,High
C102692,28228.13,3140.63,0.2139,3986.88,Low
C102693,399895.70000000007,16514.77,0.5536,33522.56,Medium
C102694,215288.68,61919.75,0.9798,240265.87,Very High
C102696,835166.1,50708.14,0.9087,176710.89,High
C102697,0.0,13189.1,0.4261,22223.43,Medium
C102698,32993.16,17136.64,0.3531,26079.67,Medium
C102699,10009.09,10882.82,0.1684,13075.85,Medium
C102700,1482129.29,234026.39,0.9993,908394.95,Very High
C102701,643851.66,189081.72,0.9988,733938.08,Very High
C102702,318036.64,17969.57,0.4278,30354.65,Medium
C102703,515423.82,65518.27,0.7222,171675.9,High
C102704,438178.34,13653.75,0.6657,32819.41,Medium
C102705,111135.79,14794.51,0.5382,29350.33,Medium
C102706,482753.83,60820.3,0.9112,212753.88,High
C102707,59304.59,8043.67,0.2349,10480.98,Medium
C102708,660.64,54593.11,0.7855,157616.44,High
C102709,71303.93000000001,29626.14,0.1635,35393.0,Medium
C102710,0.0,32066.2,0.8985,110018.85,High
C102711,170834.97,6285.68,0.0632,6709.66,Low
C102712,673434.06,63207.09,0.9938,245344.12,Very High
C102713,458304.12,36555.47,0.81,109581.95,High
C102714,14954.72,57640.52,0.901,198534.67,High
C102715,196255.27,21361.46,0.6472,49927.53,High
C102716,336376.45,51064.22,0.6985,129047.86,High
C102717,58754.01,3951.0,0.2078,4978.18,Low
C102718,77652.41,56625.62,0.9027,195528.2,High
C102719,187066.18,8633.23,0.5253,16801.11,Medium
C102720,144638.32,8870.74,0.4135,14683.7,Medium
C102721,1977803.51,183849.22,0.999,713627.65,Very High
C102722,1458288.77,204672.18,0.9993,794453.91,Very High
C102723,115741.96,6560.73,0.2389,8591.63,Low
C102724,8015.93,15233.8,0.6453,35503.06,Medium
C102725,81972.82,54959.53,0.9241,196052.41,High
C102726,12035.17,16788.72,0.5176,32305.24,Medium
C102727,1464237.34,197659.12,0.9988,767232.05,Very High
C102728,136270.64,79538.5,0.8776,264374.95,Very High
C102729,108825.38,3607.72,0.0877,3954.39,Low
C102730,481311.12,14562.3,0.2401,19099.2,Medium
C102731,7137.47,59825.6,0.9234,213187.25,High
C102732,25322.14,14479.0,0.6663,34835.55,Medium
C102733,61083.93,26144.67,0.3363,38885.93,Medium
C102734,451418.13,94618.11,0.9747,364331.39,Very High
C102735,628376.65,143374.16,0.9987,556520.01,Very High
C102736,355650.93,101532.12,0.9978,394106.27,Very High
C102737,288917.42,8078.62,0.1714,9740.73,Medium
C102738,364998.28,48842.06,0.9575,183253.01,High
C102739,158027.14,116007.38,0.9942,450293.32,Very High
C102740,182239.1,12888.89,0.2689,17536.27,Medium
C102741,117424.79,41066.16,0.8671,134327.26,High
C102742,149211.61,24603.45,0.2985,34795.38,Medium
C102743,44752.81,62371.26,0.9027,215382.82,High
C102744,1210614.44,159174.79,0.9987,617851.58,Very High
C102745,69236.25,1712.6,0.0622,1826.13,Low
C102746,86254.99,8919.98,0.1127,10051.63,Medium
C102747,1056385.46,177942.22,0.9994,690699.09,Very High
C102748,486694.52,15641.32,0.3818,24762.2,Medium
C102749,141533.33000000002,20113.26,0.778,57402.89,High
C102750,188888.14,22137.12,0.6428,51395.95,High
C102751,2389032.08,191197.31,0.9994,742149.95,Very High
C102752,30235.03,19368.74,0.3751,30379.39,Medium
C102753,1624096.69,209965.42,0.9995,815000.08,Very High
C102754,214962.35,12186.94,0.3166,17653.81,Medium
C102755,18459.54,1446.93,0.0574,1535.05,Low
C102756,242630.89,24743.23,0.7987,72897.65,High
C102758,133303.31,3263.22,0.1127,3677.17,Low
C102759,197872.38,17770.24,0.8704,58415.28,High
C102760,76443.16,3412.08,0.0865,3734.91,Low
C102761,301216.12,61085.01,0.9458,225184.59,Very High
C102762,486964.25,12735.15,0.4353,21741.01,Medium
C102763,143745.81,25239.2,0.7532,69349.52,High
C102764,10908.77,36554.22,0.902,126092.64,High
C102765,356365.88,20760.06,0.606,45587.48,High
C102766,95383.06,552.02,0.0634,589.41,Low
C102767,443010.61,51408.2,0.9877,199545.68,High
C102768,118044.44,1583.97,0.0457,1667.33,Low
C102769,28806.81,9677.42,0.0883,10613.55,Medium
C102770,113953.69,4425.35,0.2135,5614.89,Low
C102771,494651.0,100494.97,0.9974,390080.48,Very High
C102772,9492.64,458.21,0.0304,482.32,Low
C102773,86799.94,621.78,0.1127,700.69,Low
C102774,204020.15,422.06,0.0188,444.27,Low
C102775,24638.34,34518.37,0.8595,111607.45,High
C102776,53688.170000000006,21609.62,0.7749,61386.71,High
C102777,32089.9,10190.1,0.365,15761.53,Medium
C102778,97299.52,2364.9,0.0901,2598.79,Low
C102779,608116.99,56829.64,0.9939,220589.49,Very High
C102781,110165.69,13798.61,0.1087,15479.6,Medium
C102782,796145.39,80818.31,0.7189,210702.77,High
C102783,207837.88,6222.93,0.1363,7202.65,Low
C102784,433384.25,6274.66,0.1341,7243.8,Low
C102786,219378.15,6924.4,0.1559,8198.81,Low
C102787,166789.44,96453.39,0.9937,374392.72,Very High
C102788,127456.99,26558.64,0.7369,71176.59,High
C102789,0.0,17092.56,0.5626,35162.25,Medium
C102790,47801.07,13218.75,0.1211,15037.42,Medium
C102791,116493.79,2480.68,0.1559,2937.28,Low
C102792,397510.76,121866.83,0.9979,473037.31,Very High
C102793,262772.41,16264.98,0.4411,28002.01,Medium
C102794,1140328.13,198863.59,0.9982,771907.31,Very High
C102795,75090.77,5420.0,0.141,6307.19,Low
C102796,31765.59,1446.17,0.0617,1541.24,Low
C102797,2322115.8,145200.86,0.9985,563610.5,Very High
C102798,1208031.1,126293.58,0.9993,490220.14,Very High
C102799,53263.39,5668.28,0.1805,6909.73,Low
C102800,95310.79,8467.83,0.3562,12942.0,Medium
C102801,90135.27,6044.41,0.1125,6809.28,Low
C102802,209735.53,2798.35,0.0292,2945.61,Low
C102804,590405.91,27065.85,0.8085,80946.64,High
C102805,254302.7,13509.6,0.3411,20226.03,Medium
C102806,901277.28,142535.85,0.9879,553266.03,Very High
C102807,1499104.84,177304.23,0.9989,688222.7,Very High
C102808,673148.26,134325.23,0.9983,521395.73,Very High
C102809,140739.34,38160.46,0.8817,127634.49,High
C102810,0.0,22288.27,0.895,76067.75,High
C102811,490280.27,118656.21,0.999,460574.98,Very High
C102812,173680.61,14617.0,0.2234,18774.59,Medium
C102813,96863.01,37328.45,0.9071,129769.81,High
C102814,352197.14,5200.39,0.5144,9958.64,Medium
C102815,325625.92,45477.33,0.9671,173115.14,High
C102816,733293.9400000001,72251.62,0.992,280451.31,Very High
C102817,57303.93,89226.07,0.9472,329624.31,Very High
C102818,10412.2,342.64,0.0376,360.67,Low
C102819,336239.08,53434.2,0.9037,184789.86,High
C102820,0.0,303.95,0.0224,319.95,Low
C102821,79732.27,14831.1,0.7646,41468.35,Medium
C102822,0.0,26925.78,0.5317,52904.75,High
C102823,48156.36,7069.49,0.2458,9338.79,Medium
C102824,1145265.86,189189.54,0.9988,734356.62,Very High
C102825,5453.4400000000005,4994.18,0.0944,5514.58,Low
C102826,230582.28,113373.24,0.9988,440068.65,Very High
C102827,394880.98,28731.7,0.8014,85002.14,High
C102828,1678657.35,198028.11,0.9994,768664.33,Very High
C102829,89009.99,994.93,0.0609,1059.42,Low
C102830,8029.03,326.63,0.0111,343.82,Low
C102831,294341.49,11373.29,0.6684,27451.37,Medium
C102832,172138.57,16309.4,0.4506,28462.01,Medium
C102833,326231.21,143735.3,0.9982,557921.79,Very High
C102834,23631.14,14716.76,0.4565,25901.69,Medium
C102835,324293.92,10169.61,0.1572,12059.03,Medium
C102836,572158.25,18261.84,0.8718,60160.79,High
C102837,62563.91,2891.5,0.0634,3087.02,Low
C102838,8464.82,6070.83,0.3608,9336.21,Medium
C102839,532255.66,101042.56,0.9985,392205.98,Very High
C102840,49508.53,23919.93,0.6631,57273.38,High
C102841,18487.730000000003,39963.87,0.8295,123429.46,High
C102842,216440.69,28017.82,0.8297,86561.18,High
C102843,58372.23,4229.62,0.0602,4500.48,Low
C102844,0.0,21858.92,0.5664,45225.16,Medium
C102845,103438.72,24907.26,0.7751,70779.79,High
C102846,184280.92,74087.92,0.9044,256496.37,Very High
C102847,218571.95,93308.6,0.9881,362185.91,Very High
C102848,36118.56,43174.95,0.6716,104726.86,High
C102849,496557.46,40891.61,0.7637,114177.8,High
C102850,255995.95,52128.96,0.9759,201102.2,High
C102851,177219.94999999998,25401.13,0.754,69882.12,High
C102852,304199.59,5508.26,0.0627,5876.89,Low
C102853,10872.16,477.85,0.0574,506.94,Low
C102854,41586.18,14270.75,0.2423,18768.23,Medium
C102855,307983.46,6483.3,0.0775,7027.7,Low
C102856,167813.81,4885.68,0.2259,6294.74,Low
C102857,196617.46,27421.8,0.8077,81905.81,High
C102858,271691.97,91732.56,0.998,356068.39,Very High
C102859,0.0,19299.8,0.921,68522.33,High
C102860,206632.19,6227.06,0.2007,7778.15,Low
C102861,780061.44,53863.73,0.9622,203544.37,High
C102863,41367.35,11632.5,0.1492,13666.29,Medium
C102864,138222.02,11432.31,0.3833,18137.43,Medium
C102865,54047.66,425.63,0.0196,448.03,Low
C102866,225592.12,10034.09,0.3262,14722.56,Medium
C102867,46891.76,11054.44,0.2014,13818.8,Medium
C102868,668083.94,65182.03,0.9942,253010.05,Very High
C102869,209176.36,9358.73,0.2245,12037.5,Medium
C102870,1459383.26,118549.85,0.9993,460162.15,Very High
C102871,23872.21,44851.28,0.6708,108661.17,High
C102872,0.0,273.99,0.0115,288.4,Low
C102873,9472.22,4755.94,0.1249,5433.54,Low
C102874,0.0,17258.46,0.6033,37740.38,Medium
C102875,13336.05,375.91,0.0742,406.0,Low
C102876,268477.41,3755.04,0.0946,4146.83,Low
C102877,165726.66,9940.45,0.2474,13157.97,Medium
C102878,34813.95,18484.57,0.4439,31948.14,Medium
C102879,90341.52,13918.46,0.2508,18504.36,Medium
C102880,782624.56,151800.06,0.9994,589225.89,Very High
C102881,6247.62,11996.87,0.3304,17703.24,Medium
C102882,66146.28,18411.77,0.38,29076.35,Medium
C102883,1981590.49,187049.37,0.9959,726049.34,Very High
C102884,24044.82,13286.97,0.3834,21083.07,Medium
C102885,1507791.08,148739.32,0.9991,577345.36,Very High
C102886,1473561.8,142473.4,0.9976,553023.6,Very High
C102887,0.0,312.01,0.037,328.43,Low
C102888,28974.15,2161.02,0.0254,2274.75,Low
C102889,70452.33,511.89,0.0121,538.82,Low
C102891,2378362.78,178529.05,0.999,692976.94,Very High
C102892,43488.01,3831.88,0.1334,4420.17,Low
C102893,124257.1,2851.89,0.1438,3329.4,Low
C102894,0.0,19739.37,0.9595,74294.58,High
C102895,227049.11,64912.93,0.9779,251163.21,Very High
C102896,246668.68,98262.4,0.9982,381414.53,Very High
C102897,1599315.64,144126.25,0.9986,559439.3,Very High
C102898,14599.64,41022.77,0.9029,141697.85,High
C102899,126425.42,101379.66,0.9864,393514.47,Very High
C102900,145891.94,5956.99,0.2859,8285.83,Low
C102901,15587.46,6306.82,0.1834,7714.48,Low
C102902,690858.09,32860.09,0.5882,70242.76,High
C102903,0.0,3628.26,0.1535,4283.77,Low
C102905,90624.48,3272.33,0.1857,4013.6,Low
C102906,0.0,6532.92,0.232,8481.42,Low
C102907,16311.48,7923.63,0.3327,11728.52,Medium
C102908,1250154.88,62372.4,0.9525,232258.46,Very High
C102909,277396.75,7215.53,0.2643,9760.44,Medium
C102910,86384.73,41249.92,0.8109,123827.45,High
C102911,9946.71,43694.69,0.9369,158919.84,High
C102912,4643.39,57071.7,0.8907,193524.28,High
C102913,19857.58,7302.6,0.2557,9768.81,Medium
C102915,339800.1,25835.36,0.7714,72996.23,High
C102916,243732.48,42897.85,0.9766,165672.75,High
C102917,78608.92,41598.6,0.8417,130886.66,High
C102919,1920.37,6415.11,0.2516,8537.81,Low
C102920,330978.67000000004,24549.6,0.851,78350.94,High
C102921,324963.88,5488.69,0.1735,6635.09,Low
C102922,0.0,3679.83,0.1452,4303.01,Low
C102923,443977.37,12190.33,0.3508,18492.02,Medium
C102924,190609.08,41766.79,0.8833,140038.1,High
C102925,180855.33,6207.41,0.2949,8736.45,Low
C102926,147658.5,10697.45,0.5646,22073.63,Medium
C102927,0.0,15149.29,0.7569,41864.05,Medium
C102928,480880.1,52232.81,0.4883,96272.64,High
C102929,171452.65,31422.08,0.7544,86497.15,High
C102930,169426.87,24321.61,0.4131,40236.13,Medium
C102931,60756.14,988.67,0.0597,1051.38,Low
C102934,197831.88,13317.83,0.3901,21330.91,Medium
C102935,484329.02,37679.31,0.8627,122412.08,High
C102936,396472.96,131116.1,0.9984,508939.19,Very High
C102937,375958.44,2466.3,0.1213,2806.21,Low
C102938,0.0,299.65,0.0246,315.42,Low
C102939,621991.92,158074.6,0.9948,613581.1,Very High
C102940,35273.94,421.42,0.0139,443.6,Low
C102941,60739.27,7854.29,0.0821,8556.67,Low
C102942,679866.22,114204.81,0.7644,319257.16,Very High
C102943,174010.02,8096.13,0.2133,10270.28,Medium
C102944,305263.27,18632.75,0.579,39285.83,Medium
C102945,164399.12,16079.48,0.4849,29489.27,Medium
C102946,18376.69,895.99,0.0607,953.87,Low
C102947,308168.07,214913.66,0.996,834207.15,Very High
C102948,136574.22,17201.84,0.2422,22621.12,Medium
C102949,78079.53,25350.42,0.593,54583.23,High
C102950,415506.28,97817.0,0.9993,379685.68,Very High
C102951,2209080.58,159945.97,0.9987,620844.99,Very High
C102952,730910.6699999999,51339.04,0.9252,183446.17,High
C102953,0.0,1547.64,0.068,1660.45,Low
C102955,1213415.1,138191.35,0.9992,536402.45,Very High
C102956,1860703.54,197202.42,0.9992,765459.32,Very High
C102957,114994.63,59828.04,0.9578,224600.76,Very High
C102959,124200.54,404.9,0.039,426.2,Low
C102960,1073082.71,126330.27,0.9962,490362.56,Very High
C102961,511061.51,100934.73,0.9942,391787.46,Very High
C102962,446591.97,16058.56,0.4617,28476.74,Medium
C102963,125838.35,1069.95,0.0501,1126.41,Low
C102964,341211.53,9976.8,0.5987,21666.72,Medium
C102965,59054.94,13273.4,0.32,19314.29,Medium
C102966,1120186.16,215265.54,0.9989,835572.98,Very High
C102967,404505.18,20472.96,0.7701,57731.19,High
C102968,73976.8,3708.62,0.1225,4225.22,Low
C102969,114488.7,25850.05,0.4997,48450.01,High
C102970,953161.86,31698.89,0.2328,41195.43,Medium
C102971,22035.8,1624.5,0.0956,1796.02,Low
C102972,231894.56,21462.81,0.3065,30674.83,Medium
C102973,31060.48,31515.76,0.8014,93236.31,High
C102974,0.0,38183.27,0.8356,119026.47,High
C102975,248982.07,18564.44,0.4862,34110.45,Medium
C102976,392649.85,3890.88,0.2568,5212.29,Low
C102977,281276.98,78830.11,0.9948,305986.32,Very High
C102978,146552.98,11637.4,0.2562,15579.33,Medium
C102979,50890.8,44110.86,0.6998,111704.04,High
C102980,16932.7,299.24,0.0344,314.99,Low
C102982,180889.43,136657.31,0.9555,511241.63,Very High
C102983,622593.79,30908.72,0.889,104536.2,High
C102984,246408.87,103770.89,0.9952,402796.27,Very High
C102985,118569.08,810.26,0.1115,911.8,Low
C102986,17489.32,398.8,0.0756,431.41,Low
C102987,1680365.0,165697.38,0.9991,643169.64,Very High
C102988,60100.08,19728.43,0.6549,46648.01,High
C102989,2023381.16,171986.61,0.9995,667581.87,Very High
C102990,690134.84,154948.08,0.9995,601445.24,Very High
C102991,58327.98,2557.07,0.1242,2918.98,Low
C102992,159520.2,68391.02,0.9962,265466.03,Very High
C102994,1116858.78,56364.01,0.9581,211672.19,High
C102996,629358.97,92896.8,0.9885,360587.49,Very High
C102997,236638.52,10038.74,0.1546,11867.74,Medium
C102998,491419.36,167830.15,0.9977,651448.19,Very High
C102999,1037921.22,161235.67,0.9986,625851.1,Very High
C103000,208727.59,64542.87,0.9841,250529.09,Very High
C103001,76864.72,17433.69,0.8995,59912.35,High
C103002,1794096.09,161335.75,0.9994,626239.56,Very High
C103003,0.0,28965.26,0.4252,48747.15,High
C103004,11977.31,466.57,0.0847,509.7,Low
C103005,17764.83,406.32,0.284,563.81,Low
C103006,166842.64,4864.72,0.1963,6043.79,Low
C103007,167004.6,11905.05,0.6592,28334.81,Medium
C103008,116760.41,23922.13,0.7621,66636.65,High
C103009,7330.69,26825.07,0.4791,48786.4,High
C103010,446678.46,32065.49,0.643,74462.77,High
C103011,553910.92,63122.71,0.9849,245016.59,Very High
C103012,0.0,23965.93,0.5812,50694.42,High
C103013,161407.48,33205.96,0.9006,114304.14,High
C103014,1829210.19,280562.86,0.9991,1089030.56,Very High
C103016,0.0,296.36,0.0296,311.95,Low
C103018,44584.06,56075.02,0.865,182820.24,High
C103019,17110.85,91538.16,0.9377,333345.18,Very High
C103020,460292.06,47835.31,0.8779,159067.15,High
C103021,4960.37,15525.4,0.2891,21687.47,Medium
C103023,155755.31,6987.52,0.5255,13603.88,Medium
C103024,271209.45,5284.16,0.1024,5886.06,Low
C103025,815570.99,170418.57,0.9984,661495.36,Very High
C103026,29912.28,20293.52,0.2598,27292.09,Medium
C103027,5225.5,15105.13,0.1628,18029.22,Medium
C103028,1692931.99,236479.51,0.9985,917916.96,Very High
C103029,360521.16,43695.46,0.9679,166553.41,High
C103030,182982.3,7338.14,0.2378,9597.17,Medium
C103031,260327.34,32791.28,0.8752,108592.08,High
C103032,105440.19,124909.76,0.9496,463147.28,Very High
C103033,581845.39,197876.4,0.999,768075.46,Very High
C103034,241136.91,25017.48,0.8361,78045.55,High
C103035,104392.46,6052.37,0.1729,7311.29,Low
C103036,50625.31,19110.06,0.6747,46575.69,High
C103037,69285.56,26297.55,0.6458,61335.09,High
C103038,342805.11,118294.32,0.999,459170.28,Very High
C103039,578180.56,73494.27,0.9932,285274.76,Very High
C103040,159233.81,23558.4,0.7358,63034.55,High
C103041,0.0,343.13,0.025,361.19,Low
C103042,259596.68,9662.99,0.2348,12589.4,Medium
C103043,1496866.0,155388.28,0.9994,603153.89,Very High
C103044,1013689.93,138996.14,0.9954,539526.32,Very High
C103045,374056.77,3204.39,0.1271,3669.81,Low
C103046,107435.02,16158.5,0.1974,20102.76,Medium
C103047,26815.95,14819.93,0.2787,20421.13,Medium
C103049,21760.77,7947.37,0.0688,8534.27,Low
C103050,52131.79,7385.78,0.0652,7900.45,Low
C103051,109103.96,11591.18,0.0956,12815.22,Medium
C103052,588653.3099999999,86212.64,0.9833,334642.31,Very High
C103053,149448.28,27589.54,0.397,44615.96,Medium
C103055,0.0,2525.36,0.0749,2729.75,Low
C103056,762456.98,79671.23,0.9955,309251.2,Very High
C103057,1654503.17,184582.33,0.9984,716473.28,Very High
C103059,1568766.35,171189.35,0.999,664487.2,Very High
C103060,134584.89,630.64,0.0461,663.83,Low
C103061,156669.83000000002,22054.63,0.6985,55738.09,High
C103062,151071.74000000002,745.07,0.0289,784.28,Low
C103063,31133.84,9026.96,0.3499,13678.22,Medium
C103064,80829.93,42063.2,0.751,115198.49,High
C103065,527184.97,56355.67,0.9532,210098.04,High
C103066,50879.94,8377.96,0.2606,11278.39,Medium
C103067,1220646.76,44643.6,0.8315,138286.77,High
C103068,0.0,361.36,0.0096,380.37,Low
C103069,68609.02,309.96,0.0257,326.27,Low
C103070,64689.66,44947.53,0.9508,166952.12,High
C103071,106626.48,15706.53,0.6779,38463.45,Medium
C103072,147187.49,121541.52,0.9891,471774.59,Very High
C103073,1817687.83,209302.56,0.9979,812427.15,Very High
C103074,972586.46,64345.84,0.9252,229932.14,Very High
C103075,22758.57,16687.44,0.4435,28824.78,Medium
C103076,62004.84,385.96,0.0285,406.28,Low
C103077,125857.52,3386.4,0.0548,3582.67,Low
C103078,254121.09,4821.92,0.3796,7610.39,Low
C103079,0.0,1784.7,0.2,2227.38,Low
C103080,0.0,277.71,0.0136,292.32,Low
C103081,110429.66,1334.23,0.1178,1512.18,Low
C103082,331047.83,42647.87,0.9936,165541.65,High
C103083,4965.4,2048.08,0.1419,2385.73,Low
C103084,1664857.93,167535.99,0.9997,650306.35,Very High
C103085,138841.56,4354.52,0.1511,5127.0,Low
C103086,1242422.95,181918.23,0.9996,706132.33,Very High
C103087,83226.24,41819.51,0.8003,123508.01,High
C103088,38152.42,22977.0,0.6891,57241.1,High
C103089,167617.07,139466.15,0.9927,541350.67,Very High
C103090,64977.78,11508.86,0.1563,13633.33,Medium
C103091,354362.54,29463.34,0.9086,102664.06,High
C103092,32353.02,5049.01,0.1592,6001.14,Low
C103093,412707.4,15639.62,0.7499,42757.91,Medium
C103094,204381.66,18811.04,0.3052,26838.69,Medium
C103095,9443.97,45728.84,0.9371,166361.57,High
C103096,390406.81,26660.83,0.8025,79002.07,High
C103097,9105.71,4498.86,0.0851,4917.24,Low
C103098,253072.59,20073.72,0.7357,53700.2,High
C103099,2009446.96,156435.18,0.9992,607217.56,Very High
C103100,0.0,28919.69,0.4548,50774.66,High
C103101,214746.55,9877.6,0.4529,17294.6,Medium
C103102,126219.45,80794.85,0.9757,311611.44,Very High
C103103,826359.27,186191.59,0.9995,722719.78,Very High
C103104,832469.7,55286.63,0.5843,117500.31,High
C103105,0.0,2925.2,0.0991,3246.56,Low
C103106,586210.17,54619.37,0.906,189570.21,High
C103107,442141.08,56146.59,0.9677,213943.3,High
C103109,0.0,27979.27,0.8869,94317.32,High
C103110,264320.39,116541.77,0.9968,452367.6,Very High
C103111,404594.87,51149.75,0.7613,142301.73,High
C103112,76302.12,3582.34,0.2043,4494.18,Low
C103113,211400.79,7010.51,0.1921,8666.13,Low
C103114,43768.97,90920.51,0.8925,309148.2,Very High
C103115,499479.39,68629.71,0.9787,265862.39,Very High
C103116,130779.31,31248.04,0.8487,99380.24,High
C103117,497859.42,142871.06,0.9651,542244.63,Very High
C103118,6838.6,5502.37,0.3966,8893.01,Low
C103119,182205.5,5169.44,0.3798,8162.02,Low
C103120,554162.82,250846.64,0.9982,973684.31,Very High
C103121,37151.19,604.85,0.0118,636.68,Low
C103122,149415.97,341.51,0.0112,359.48,Low
C103123,836331.55,115428.37,0.9969,448045.82,Very High
C103124,131796.43,4213.44,0.2701,5741.86,Low
C103125,68512.91,12509.46,0.4492,21785.81,Medium
C103126,39482.47,4754.51,0.0892,5219.86,Low
C103127,325902.34,1043.15,0.0566,1105.74,Low
C103128,953114.15,161317.55,0.9992,626168.9,Very High
C103129,803.6,622.97,0.1187,706.76,Low
C103130,207873.22,20287.22,0.7072,51956.75,High
C103131,411292.03,131378.11,0.9992,509956.21,Very High
C103132,25464.56,6069.77,0.0995,6739.46,Low
C103133,650454.5,88584.32,0.9842,343848.21,Very High
C103134,270356.86,57871.99,0.9842,224635.45,Very High
C103135,21440.39,5975.66,0.3724,9337.84,Medium
C103136,459269.19,63272.67,0.9894,245598.69,Very High
C103137,91146.05,29272.73,0.7292,77534.81,High
C103138,497755.08,17465.97,0.493,32414.89,Medium
C103139,99543.16999999998,29066.9,0.5468,58406.16,High
C103140,536935.45,33936.86,0.3208,49437.36,High
C103141,2138967.84,134667.89,0.999,522725.81,Very High
C103142,116519.27,42078.7,0.9177,148649.22,High
C103143,12188.14,397.27,0.0474,418.17,Low
C103144,501359.14,87688.51,0.9944,340371.01,Very High
C103145,374799.39,22476.71,0.7969,66034.73,High
C103146,285606.87,34822.96,0.7834,100221.71,High
C103147,162103.53999999998,2609.85,0.0624,2783.43,Low
C103148,344100.75,31876.35,0.6182,71293.46,High
C103149,480639.28,7154.48,0.1889,8809.01,Low
C103150,57625.23,52227.39,0.8611,169271.88,High
C103151,1958008.04,159229.61,0.9991,618064.39,Very High
C103152,169937.43000000002,14820.92,0.4176,24673.79,Medium
C103153,233749.0,14656.73,0.7974,43093.64,Medium
C103154,192931.33,413.17,0.0425,434.92,Low
C103155,85098.15,3384.96,0.128,3880.77,Low
C103156,1363127.9,149507.09,0.9976,580325.52,Very High
C103157,96043.71,4049.03,0.1234,4617.92,Low
C103158,2008498.13,181969.61,0.9989,706331.78,Very High
C103159,29266.78,11662.66,0.3139,16832.81,Medium
C103160,180049.96999999997,13988.6,0.3144,20204.24,Medium
C103161,11735.03,46255.68,0.9107,161674.84,High
C103162,391329.28,116168.72,0.9979,450919.58,Very High
C103163,115828.37,5077.11,0.0425,5344.29,Low
C103164,172635.39,17138.71,0.3423,25701.94,Medium
C103165,11418.77,69927.7,0.912,244908.02,Very High
C103166,208330.14,20420.0,0.4923,37858.93,Medium
C103167,105101.21,3729.96,0.0207,3926.25,Low
C103168,560885.63,112044.42,0.994,434910.73,Very High
C103169,37087.31,141322.82,0.9407,516985.3,Very High
C103170,336938.54000000004,60725.59,0.9358,220479.24,Very High
C103171,0.0,32584.6,0.8464,103269.42,High
C103172,916168.42,166196.05,0.9992,645105.27,Very High
C103173,5022.9,318.04,0.0153,334.78,Low
C103174,0.0,12894.1,0.3327,19087.08,Medium
C103175,89377.83,6966.38,0.112,7843.98,Low
C103176,93547.22,24266.06,0.6685,58581.79,High
C103178,315934.82,9398.23,0.1857,11528.15,Medium
C103179,46959.26,110805.39,0.9551,414282.6,Very High
C103180,223771.01,12456.72,0.306,17791.13,Medium
C103182,538272.95,72196.63,0.9776,279212.91,Very High
C103183,437873.26,151240.84,0.9906,587055.23,Very High
C103184,0.0,10795.1,0.3991,17510.0,Medium
C103185,38999.48,3325.36,0.0963,3679.22,Low
C103186,436114.24,31697.11,0.7902,92175.57,High
C103187,943.96,16389.08,0.7277,43308.88,Medium
C103188,73519.18,5428.1,0.0964,6006.45,Low
C103189,0.0,3727.02,0.3721,5821.69,Low
C103190,0.0,25941.83,0.7188,67626.41,High
C103191,9341.94,4107.21,0.1205,4669.02,Low
C103192,1181273.29,146771.64,0.9995,569707.64,Very High
C103193,20541.33,4374.24,0.0764,4735.7,Low
C103194,396618.52,88668.0,0.989,344173.01,Very High
C103195,225240.43,18356.13,0.3683,28522.27,Medium
C103196,35026.67,2139.71,0.0294,2252.32,Low
C103197,169403.55000000002,3957.12,0.1137,4463.86,Low
C103198,331257.13,68446.72,0.8527,219014.6,Very High
C103199,78840.31,16057.2,0.375,25184.39,Medium
C103200,8118.34,10317.69,0.2789,14220.86,Medium
C103201,7545.48,361.07,0.0501,380.11,Low
C103202,406196.15,81804.98,0.9638,309889.33,Very High
C103203,170127.57,27662.47,0.6933,69356.95,High
C103204,529654.52,50475.59,0.9556,188835.58,High
C103205,10855.4,18414.55,0.737,49359.93,High
C103206,101525.15,16923.43,0.4598,29927.32,Medium
C103207,402215.16,39992.88,0.7045,101997.7,High
C103208,47816.02,24143.78,0.7865,69809.42,High
C103209,87170.20999999999,2683.29,0.1927,3319.18,Low
C103210,21785.01,9481.92,0.2859,13189.58,Medium
C103211,24783.11,331.08,0.0469,348.5,Low
C103212,0.0,26578.91,0.6285,60382.96,High
C103214,224601.02,2363.24,0.0777,2562.31,Low
C103215,105972.05,25992.8,0.7813,74561.61,High
C103216,77046.34,3434.93,0.0795,3731.26,Low
C103217,280076.64,9834.47,0.2928,13803.95,Medium
C103219,38803.72,3463.98,0.0613,3690.28,Low
C103220,407361.78,5608.14,0.2276,7241.55,Low
C103221,142886.17,648.89,0.0502,683.21,Low
C103222,247137.83,33207.11,0.7763,94528.3,High
C103223,523115.17,64102.77,0.9601,241473.02,Very High
C103224,117207.87,6273.27,0.1534,7405.78,Low
C103225,0.0,28035.59,0.9746,107934.19,High
C103226,223704.09,9312.28,0.6026,20342.81,Medium
C103227,47264.6,22879.26,0.9525,85204.7,High
C103228,933476.94,47198.16,0.9385,172071.21,High
C103229,1322485.0,224050.15,0.9988,869671.29,Very High
C103230,0.0,29502.75,0.8066,87978.65,High
C103231,39374.73,45001.22,0.9218,159960.11,High
C103232,567051.0,160427.77,0.999,622715.17,Very High
C103233,480444.0,4315.85,0.1472,5058.54,Low
C103234,30066.27,319.81,0.0092,336.64,Low
C103235,145945.05,114880.53,0.9599,432610.32,Very High
C103236,0.0,4490.82,0.2919,6296.27,Low
C103237,616.98,738.22,0.0135,777.07,Low
C103238,838393.53,172659.41,0.9991,670193.38,Very High
C103239,626240.03,162442.34,0.9984,630534.89,Very High
C103240,22865.07,4738.81,0.1298,5444.1,Low
C103241,0.0,26100.81,0.9006,89846.95,High
C103242,1382860.33,107751.11,0.6672,259610.82,Very High
C103243,1594367.98,155553.25,0.999,603794.25,Very High
C103244,269552.8,1411.86,0.0822,1538.23,Low
C103245,58164.86,5851.91,0.2803,8081.02,Low
C103246,527655.08,186959.26,0.9991,725699.55,Very High
C103248,11430.62,4916.0,0.1192,5580.38,Low
C103249,1696377.58,160430.71,0.9989,622726.56,Very High
C103250,26075.320000000003,5135.71,0.151,6046.13,Low
C103251,74126.42,4415.08,0.0687,4740.68,Low
C103252,9079.29,18560.42,0.4893,34260.3,Medium
C103253,611194.54,116207.46,0.9967,451069.94,Very High
C103254,457144.12,105324.01,0.9833,408824.83,Very High
C103255,798801.11,68745.28,0.9454,253278.77,Very High
C103256,379365.28,45032.75,0.7582,124696.81,High
C103257,104982.7,7891.78,0.1859,9681.99,Medium
C103258,359860.64,16560.71,0.4021,26972.26,Medium
C103259,77452.28,17359.21,0.6604,41394.8,Medium
C103260,0.0,19420.79,0.9434,71329.14,High
C103261,12048.05,6085.47,0.477,11033.16,Medium
C103262,6192.75,486.51,0.0223,512.11,Low
C103263,88419.03,512.52,0.0672,549.41,Low
C103264,118743.46,5668.13,0.1228,6460.31,Low
C103265,801354.52,76953.58,0.9955,298702.42,Very High
C103266,476597.26,13739.43,0.4955,25592.52,Medium
C103267,103293.53,113171.98,0.965,429478.11,Very High
C103268,110015.75,25436.9,0.8528,81403.58,High
C103269,703935.98,138239.21,0.999,536588.22,Very High
C103270,359887.44,13913.19,0.327,20436.83,Medium
C103271,103555.98,75525.37,0.98,293158.69,Very High
C103272,339794.24,12763.87,0.285,17734.17,Medium
C103273,476874.66,121438.12,0.9981,471373.24,Very High
C103274,76524.46,96781.86,0.9742,372398.3,Very High
C103275,0.0,30328.13,0.7827,87192.02,High
C103276,41922.44,382.1,0.0493,402.21,Low
C103277,6769.53,6338.54,0.2386,8297.94,Low
C103278,541640.91,14696.0,0.6424,34098.25,Medium
C103279,83826.75,7991.09,0.0534,8442.24,Low
C103280,111046.97,662.28,0.0552,700.96,Low
C103281,19986.92,25398.67,0.5865,54155.21,High
C103282,482491.87,130447.54,0.9986,506344.12,Very High
C103283,138204.37999999998,9208.67,0.3229,13452.06,Medium
C103284,12519.73,1115.27,0.0163,1173.96,Low
C103285,145760.22999999998,687.12,0.0535,725.97,Low
C103286,312706.03,27362.31,0.6364,62914.58,High
C103287,403168.66,35810.0,0.8935,121944.14,High
C103288,69609.8,521.68,0.0347,549.13,Low
C103289,205658.69,113136.42,0.9968,439149.44,Very High
C103290,1667704.56,201894.08,0.995,783670.43,Very High
C103291,41332.62,2288.92,0.2263,2950.67,Low
C103292,422341.49,97803.79,0.9722,375189.09,Very High
C103293,509739.68,8094.3,0.152,9540.15,Medium
C103294,230850.46,15966.11,0.7865,46166.16,High
C103295,279081.93,8031.93,0.1298,9227.69,Medium
C103296,569220.04,15018.16,0.4312,25489.35,Medium
C103297,739855.67,63155.08,0.9915,245142.26,Very High
C103298,360203.63,46136.6,0.8523,147547.1,High
C103299,486725.19,37189.37,0.7794,106372.59,High
C103300,100005.12,8189.75,0.5114,15615.33,Medium
C103301,39203.32,7374.43,0.1388,8559.72,Low
C103302,337514.34,25719.68,0.6982,64965.85,High
C103303,15397.07,4128.69,0.124,4711.9,Low
C103304,132007.23,4562.0,0.2924,6399.76,Low
C103305,26023.74,275.91,0.006,290.43,Low
C103306,187331.15,20432.49,0.4566,35967.65,Medium
C103307,222586.5,31958.89,0.8258,98145.89,High
C103308,1462095.07,129844.24,0.9986,504002.36,Very High
C103309,122609.02,6957.96,0.1467,8150.52,Low
C103310,1197517.61,206138.65,0.9953,800146.14,Very High
C103311,74123.28,7273.86,0.3425,10910.99,Medium
C103312,205459.22,34598.28,0.8445,109333.96,High
C103313,1954151.96,190590.82,0.9989,739795.8,Very High
C103314,189277.3,7612.09,0.4572,13410.7,Medium
C103315,507909.17,33658.59,0.8997,115694.73,High
C103316,373383.79,22657.91,0.3773,35649.66,Medium
C103317,347901.65,17660.42,0.1014,19650.5,Medium
C103318,48675.97,380.05,0.0251,400.05,Low
C103319,281.86,717.29,0.0282,755.03,Low
C103320,1521657.85,166762.45,0.9995,647303.79,Very High
C103321,157281.83,13328.94,0.2299,17260.16,Medium
C103322,252814.2,126209.56,0.9846,489894.02,Very High
C103323,85669.61,18214.26,0.4814,33237.48,Medium
C103324,436430.23,12359.04,0.1417,14392.91,Medium
C103325,335169.4,13463.81,0.1812,16425.11,Medium
C103326,15957.1,13938.86,0.3698,21703.73,Medium
C103327,139445.56,17400.27,0.7154,45122.41,Medium
C103328,117348.31,7563.38,0.1954,9386.27,Medium
C103329,220156.22,22851.67,0.7603,63477.72,High
C103330,458078.02,3699.98,0.2748,5072.91,Low
C103331,545008.53,17639.71,0.739,47429.93,High
C103332,515644.59,43848.73,0.398,71011.94,High
C103333,29561.6,7542.37,0.1223,8591.66,Low
C103334,83799.8,39433.47,0.5639,81282.67,High
C103335,35082.67,5166.54,0.1141,5831.12,Low
C103336,40233.9,34387.14,0.839,107754.0,High
C103337,197551.69,18957.75,0.3636,29266.75,Medium
C103338,164711.35,70418.49,0.9931,273335.86,Very High
C103339,425269.39,15396.29,0.7101,39603.23,Medium
C103340,22282.47,544.08,0.0335,572.72,Low
C103341,5033.17,10561.33,0.2884,14738.91,Medium
C103342,128336.85,111068.21,0.9591,417757.29,Very High
C103343,16086.44,43109.34,0.9381,157085.08,High
C103344,93515.85,6439.84,0.0928,7098.06,Low
C103345,1295775.31,159600.49,0.9992,619503.97,Very High
C103347,80185.75,15513.14,0.3409,23218.18,Medium
C103348,326631.15,8144.13,0.1714,9819.84,Medium
C103349,58540.82,25604.57,0.8432,80753.02,High
C103350,22765.53,63483.24,0.9042,219720.7,Very High
C103351,439280.8,12161.06,0.427,20517.63,Medium
C103352,407713.04,238379.24,0.9988,925290.97,Very High
C103353,17451.95,25196.92,0.6837,62254.22,High
C103354,265552.55,94431.83,0.9718,362047.93,Very High
C103355,206632.79,7470.63,0.2928,10486.29,Medium
C103356,194796.06,3603.35,0.1713,4344.67,Low
C103357,0.0,36525.87,0.6746,88997.75,High
C103360,89405.1,8315.27,0.3388,12410.45,Medium
C103361,1123742.61,160245.92,0.9992,622009.29,Very High
C103362,234436.04,9142.57,0.4498,15936.64,Medium
C103363,1778205.76,197160.68,0.9987,765297.34,Very High
C103365,37451.030000000006,4612.44,0.0977,5111.6,Low
C103366,175944.88,101063.08,0.9694,386084.61,Very High
C103367,157990.79,473.37,0.0174,498.29,Low
C103368,0.0,4554.75,0.306,6505.75,Low
C103369,137619.97,21292.55,0.3455,32067.33,Medium
C103370,361230.3,22544.98,0.8026,66822.87,High
C103372,2203738.83,147752.76,0.9991,573515.92,Very High
C103373,116209.66,24929.72,0.611,55151.31,High
C103374,182380.49,1070.67,0.074,1156.17,Low
C103375,181518.06,8044.39,0.3745,12607.5,Medium
C103376,239788.03,40732.53,0.7186,106157.81,High
C103377,116039.96,78516.95,0.9837,304770.78,Very High
C103378,643273.53,106343.66,0.9915,412782.7,Very High
C103379,1049318.85,144297.39,0.9984,560103.59,Very High
C103380,73278.75,413.77,0.0123,435.55,Low
C103381,61244.09,7164.75,0.2496,9511.21,Medium
C103382,409524.22,83039.08,0.9955,322323.82,Very High
C103384,228549.06,2608.06,0.0169,2745.31,Low
C103385,244789.62,20691.96,0.8223,63204.44,High
C103386,180897.82,552.85,0.0305,581.94,Low
C103387,263227.31,8279.62,0.232,10749.85,Medium
C103388,755230.72,34002.68,0.8488,108156.55,High
C103389,382888.9,56367.76,0.7875,163237.7,High
C103390,113275.23,19053.87,0.6696,46078.8,High
C103391,0.0,30257.35,0.7846,87232.92,High
C103393,71490.40000000001,14961.64,0.3775,23546.5,Medium
C103394,258291.93,160524.18,0.9947,623089.38,Very High
C103395,611642.27,130659.49,0.9992,507166.84,Very High
C103396,383371.19,21352.55,0.6712,51760.28,High
C103397,360264.35,718.59,0.0359,756.41,Low
C103398,442746.31,88285.02,0.9687,336927.8,Very High
C103399,122509.94,13271.6,0.452,23206.33,Medium
C103400,361769.36,13340.51,0.4522,23333.92,Medium
C103401,0.0,34722.48,0.6898,86598.22,High
C103402,12920.68,13135.08,0.1586,15600.78,Medium
C103403,128299.92,13064.26,0.5888,27953.74,Medium
C103407,188708.86,884.99,0.0624,943.88,Low
C103408,6282.36,15122.85,0.7524,41503.5,Medium
C103409,509562.51,221691.61,0.9995,860516.37,Very High
C103410,5325.61,4257.4,0.2429,5603.39,Low
C103411,104739.53,39158.15,0.8651,127696.01,High
C103412,167044.22,980.66,0.1032,1093.39,Low
C103413,685087.82,66483.17,0.9665,252869.95,Very High
C103414,80084.82999999999,442.81,0.0162,466.12,Low
C103415,478707.41,16350.23,0.5948,35300.27,Medium
C103416,129120.86,3655.97,0.1823,4466.02,Low
C103417,57879.24,35099.26,0.7823,100842.83,High
C103418,0.0,13242.18,0.2291,17130.63,Medium
C103419,444114.32,118718.05,0.9984,460815.05,Very High
C103420,44430.39,5551.47,0.0628,5923.2,Low
C103421,69839.47,5501.12,0.1929,6806.15,Low
C103422,51999.46,73215.51,0.9326,264550.54,Very High
C103424,1688835.16,182990.13,0.9986,710293.04,Very High
C103425,830547.84,78114.43,0.7038,199007.47,High
C103426,21936.8,12845.55,0.244,16931.94,Medium
C103427,858723.25,143180.86,0.9973,555769.67,Very High
C103428,1188672.7,143751.59,0.9776,555968.79,Very High
C103429,2314379.58,197841.49,0.9993,767939.96,Very High
C103430,732155.46,82827.79,0.9918,321503.68,Very High
C103431,568957.48,54318.72,0.7229,142502.25,High
C103432,912118.75,118706.03,0.9988,460768.39,Very High
C103433,987885.4,152253.46,0.9974,590985.82,Very High
C103434,24002.23,5949.95,0.2178,7589.6,Low
C103435,151645.48,28653.47,0.5882,61251.2,High
C103436,87580.8,13199.59,0.3967,21337.8,Medium
C103437,34161.2,370.08,0.0358,389.55,Low
C103438,61324.22,2927.41,0.0854,3200.62,Low
C103439,57502.86,27384.79,0.8663,89464.98,High
C103440,96821.11,2436.7,0.0711,2623.01,Low
C103441,573652.68,65334.75,0.8902,221373.66,Very High
C103442,155827.31,10972.21,0.3902,17575.58,Medium
C103443,1031587.2,169777.19,0.9977,659005.77,Very High
C103444,251341.67,17992.09,0.4138,29793.17,Medium
C103445,241619.43,22343.82,0.5577,45627.28,High
C103446,968013.11,96376.67,0.994,374094.91,Very High
C103447,110073.22,19164.32,0.5534,38887.9,Medium
C103448,165175.9,14243.38,0.469,25527.49,Medium
C103449,11667.71,5013.57,0.1036,5592.42,Low
C103450,9542.92,7399.76,0.1238,8443.01,Low
C103451,325779.38,9118.92,0.1353,10542.32,Medium
C103452,208119.89,10790.21,0.2315,14001.12,Medium
C103453,4795.52,11832.64,0.3071,16925.8,Medium
C103454,693081.37,36801.49,0.9343,133318.86,High
C103455,240292.71,52371.87,0.9908,203286.25,High
C103456,436727.33,23507.22,0.3799,37119.35,Medium
C103457,1814342.33,176212.88,0.9992,683986.49,Very High
C103458,83657.7,771.48,0.0075,812.08,Low
C103459,123407.95,135850.8,0.9923,527317.37,Very High
C103460,658885.54,55438.54,0.8987,190263.35,High
C103461,148683.79,8078.89,0.2062,10159.52,Medium
C103462,51291.74,30284.38,0.9106,105838.49,High
C103463,4230.6,282.1,0.0123,296.94,Low
C103464,142002.45,20345.29,0.2367,26569.63,Medium
C103465,1481570.49,199581.7,0.9993,774694.73,Very High
C103466,46210.27,9705.09,0.1879,11936.22,Medium
C103467,1948864.69,152013.58,0.9976,590054.68,Very High
C103468,0.0,28224.65,0.8752,93463.37,High
C103469,91658.41,5789.9,0.0748,6257.9,Low
C103470,27568.34,4585.39,0.243,6036.2,Low
C103471,191433.59,28434.37,0.4682,50899.22,High
C103472,512703.66,46851.4,0.8651,152782.53,High
C103473,550736.42,27661.22,0.9192,97945.92,High
C103474,406070.55,27766.31,0.6264,62877.59,High
C103475,322773.28,127894.88,0.9938,496435.76,Very High
C103476,75535.88,64732.65,0.99,251265.74,Very High
C103477,0.0,34640.67,0.4423,59739.05,High
C103478,453116.35,12580.79,0.325,18431.25,Medium
C103479,596474.97,143877.08,0.9868,558472.13,Very High
C103480,198725.68,6870.06,0.1264,7862.08,Low
C103481,178350.84999999998,16766.87,0.2127,21252.42,Medium
C103482,169727.0,7659.57,0.2699,10435.51,Medium
C103483,141930.58,26948.14,0.5255,52465.11,High
C103484,322329.89,47467.14,0.9934,184248.09,High
C103486,720266.34,134583.05,0.9982,522396.48,Very High
C103487,126455.8,29960.68,0.5999,65188.25,High
C103488,178018.08,5498.62,0.3625,8476.35,Low
C103489,243135.56,6964.69,0.2302,9022.31,Low
C103490,838999.27,48131.35,0.9254,172036.29,High
C103491,941106.88,154865.14,0.9985,601123.31,Very High
C103492,213234.9,113087.96,0.9804,438961.32,Very High
C103493,522927.6,93714.44,0.9989,363761.2,Very High
C103494,6217.35,15408.77,0.6603,36736.74,Medium
C103495,1401126.37,132365.95,0.9993,513790.62,Very High
C103496,0.0,350.05,0.0207,368.48,Low
C103497,170591.85,49416.02,0.9277,177237.55,High
C103498,48763.32,6770.3,0.5332,13331.47,Medium
C103499,2924417.06,226009.63,0.9994,877277.16,Very High
C103500,165832.19,10497.29,0.1471,12302.47,Medium
C103501,0.0,25601.4,0.4923,47462.96,High
C103502,880457.26,185094.58,0.9991,718461.65,Very High
C103503,277808.86,30520.68,0.6096,67385.06,High
C103504,707018.5,64816.05,0.9758,250020.08,Very High
C103505,1505916.48,54663.62,0.9712,209373.11,High
C103506,0.0,31612.75,0.6819,77893.83,High
C103507,184283.6,26020.46,0.7003,65938.61,High
C103508,212278.27,23051.47,0.6342,52823.13,High
C103509,932828.55,135837.63,0.999,527266.27,Very High
C103510,285505.64,45634.48,0.5645,94149.18,High
C103511,4662.32,336.74,0.0205,354.46,Low
C103512,148920.79,113488.54,0.962,428759.56,Very High
C103513,769431.99,132605.99,0.9986,514722.35,Very High
C103514,158380.32,5187.9,0.116,5867.46,Low
C103515,290093.48000000004,9579.52,0.2341,12470.42,Medium
C103516,55264.44,3141.15,0.1103,3530.17,Low
C103517,1405068.4,170896.03,0.998,663348.66,Very High
C103518,5967.1,35620.99,0.674,86721.4,High
C103519,383768.26,43175.95,0.8063,128695.14,High
C103520,102503.98,10849.99,0.4183,18081.48,Medium
C103521,95431.88,9091.07,0.2392,11910.45,Medium
C103523,481415.17,52792.6,0.9793,204699.17,High
C103524,181637.98,3093.21,0.151,3641.28,Low
C103525,252374.07,10398.89,0.0898,11424.45,Medium
C103526,113239.46,20783.19,0.2833,28811.05,Medium
C103527,2022479.08,199323.5,0.9993,773692.5,Very High
C103528,42800.37,17659.76,0.4307,29954.41,Medium
C103529,316648.85,17920.53,0.1052,20025.13,Medium
C103530,1351876.95,165169.34,0.9991,641119.98,Very High
C103531,1250076.58,209840.94,0.9993,814516.9,Very High
C103532,909637.37,45326.05,0.9456,167051.37,High
C103533,0.0,3722.73,0.1952,4618.89,Low
C103534,401973.18,76120.45,0.9906,295468.51,Very High
C103536,1754904.04,170811.6,0.9994,663020.92,Very High
C103537,0.0,32695.82,0.6643,78434.47,High
C103538,25586.0,1751.43,0.0809,1905.48,Low
C103539,11737.94,5796.2,0.1648,6934.52,Low
C103540,145486.47,72729.82,0.9938,282307.5,Very High
C103541,125800.37,18814.39,0.633,43035.08,Medium
C103542,0.0,29620.61,0.7317,78758.74,High
C103543,239575.08,22280.88,0.6622,53279.27,High
C103544,0.0,274.86,0.0088,289.32,Low
C103545,132537.25,30600.55,0.9202,108514.22,High
C103546,603851.5700000001,73517.57,0.9701,281144.61,Very High
C103547,109661.78,35218.23,0.6855,87259.4,High
C103548,326361.59,72970.21,0.9884,283240.57,Very High
C103549,0.0,6331.31,0.5069,11991.42,Medium
C103550,769989.46,172657.64,0.9989,670186.53,Very High
C103551,14942.84,28489.56,0.6971,71842.69,High
C103552,201566.61,703.14,0.0489,740.15,Low
C103553,993216.52,180770.37,0.999,701676.82,Very High
C103554,103406.79,358.45,0.0302,377.31,Low
C103555,288912.7,168620.21,0.9968,654514.85,Very High
C103556,319525.71,97344.1,0.9813,377850.07,Very High
C103557,0.0,7894.91,0.223,10136.24,Medium
C103558,166266.34,39612.36,0.7967,116339.25,High
C103559,950677.31,133464.14,0.9952,518053.34,Very High
C103560,1058919.64,45262.98,0.9704,173174.13,High
C103561,0.0,28825.51,0.7331,76801.39,High
C103562,327479.47,27824.9,0.8782,92570.91,High
C103563,420625.26,37393.0,0.8573,120501.02,High
C103564,0.0,41762.19,0.4147,69241.85,High
C103566,165398.66,6586.3,0.3457,9922.96,Medium
C103567,37796.76,14048.73,0.4007,22836.99,Medium
C103568,1678057.33,165744.48,0.998,643352.44,Very High
C103569,589609.94,107370.55,0.9527,399959.22,Very High
C103570,483.31,2928.63,0.0537,3094.81,Low
C103571,408305.5,33689.89,0.8846,113170.37,High
C103572,110607.21,602.33,0.0643,643.72,Low
C103573,47218.990000000005,418.27,0.0316,440.28,Low
C103574,487275.03,125705.16,0.998,487936.16,Very High
C103575,286891.83,26893.25,0.8433,84822.23,High
C103576,0.0,2702.57,0.0716,2910.86,Low
C103577,155905.88,80065.79,0.9884,310782.72,Very High
C103578,19669.61,13737.28,0.4027,22393.64,Medium
C103579,27880.04,4697.85,0.1037,5240.92,Low
C103580,323326.46,155390.84,0.9885,603163.86,Very High
C103581,49285.2,46332.68,0.9099,161742.73,High
C103582,322045.61,1127.16,0.1772,1368.63,Low
C103583,416965.19,28671.84,0.3192,41679.16,Medium
C103584,95164.66,75551.0,0.9894,293258.15,Very High
C103585,528359.98,14981.54,0.4597,26489.49,Medium
C103587,365662.02,28641.91,0.3135,41320.47,Medium
C103588,29552.41,59699.02,0.8982,204732.32,High
C103589,880413.43,190559.57,0.9976,739674.52,Very High
C103590,336688.6,99029.8,0.927,354797.5,Very High
C103591,390378.61,26231.45,0.7223,68748.05,High
C103592,72570.64,9588.41,0.2871,13357.85,Medium
C103593,553549.71,109164.52,0.9921,423732.13,Very High
C103595,323265.86,29529.69,0.7923,86143.28,High
C103596,7293.96,17645.8,0.6444,41065.94,Medium
C103597,268888.8,5779.7,0.1765,7011.97,Low
C103598,519051.69,29507.71,0.3187,42863.04,Medium
C103599,83491.69,27103.22,0.8832,90853.34,High
C103600,72155.3,1980.92,0.0803,2153.83,Low
C103601,120138.6,5656.03,0.3242,8276.98,Low
C103602,32550.83,58390.13,0.8475,185351.38,High
C103603,3929.69,27721.74,0.6759,67683.73,High
C103604,12986.89,85683.24,0.9474,316632.93,Very High
C103605,373426.27,108672.13,0.9899,421820.87,Very High
C103606,36569.7,5838.23,0.4001,9482.84,Medium
C103607,1165525.69,136947.9,0.9978,531575.88,Very High
C103608,167992.1,34309.68,0.894,116919.51,High
C103609,20258.02,8778.52,0.4177,14615.73,Medium
C103610,131327.88999999998,1225.35,0.1141,1383.0,Low
C103611,95979.44,6406.4,0.1043,7151.34,Low
C103612,707812.17,111367.44,0.9987,432282.98,Very High
C103613,326646.0,41216.15,0.7228,108110.04,High
C103614,423177.2,124401.9,0.9792,482283.85,Very High
C103615,973363.93,134671.79,0.9991,522740.96,Very High
C103616,499809.56,19100.54,0.7806,54732.93,High
C103617,433544.38,19333.12,0.2207,24750.29,Medium
C103618,80846.20999999999,28019.32,0.7793,80128.27,High
C103619,241181.23,2880.73,0.0314,3032.33,Low
C103620,275406.65,43721.3,0.906,151733.86,High
C103621,119349.86,22784.64,0.5096,43325.25,Medium
C103622,108532.87,5743.27,0.2468,7596.7,Low
C103623,402087.95,37613.52,0.9195,133234.74,High
C103624,172305.24,2747.96,0.5179,5289.9,Low
C103625,94016.5,36370.62,0.8418,114451.35,High
C103627,61276.16,7611.79,0.7157,19750.44,Medium
C103628,148939.72999999998,42534.2,0.8988,145999.37,High
C103630,27020.16,1627.41,0.013,1713.06,Low
C103631,74677.96,35556.21,0.7686,100038.1,High
C103632,525397.73,116061.39,0.9719,445026.44,Very High
C103634,402589.47,50955.52,0.9876,197788.54,High
C103635,185632.57,129609.41,0.9961,503090.86,Very High
C103636,209918.21,7693.42,0.2315,9982.78,Medium
C103637,97950.28,10146.27,0.3016,14407.45,Medium
C103638,19299.13,74561.3,0.8975,255441.56,Very High
C103639,22823.83,8902.24,0.2481,11794.34,Medium
C103640,630848.95,172968.75,0.9976,671394.13,Very High
C103641,1024189.98,162167.66,0.9931,629468.71,Very High
C103642,55898.2,1937.84,0.0557,2052.19,Low
C103643,155832.78,80474.54,0.9742,309668.12,Very High
C103644,1730246.7,174488.81,0.9991,677294.38,Very High
C103645,773993.9400000001,169198.41,0.9996,656759.2,Very High
C103646,507058.91,59891.42,0.8901,202901.29,High
C103647,27355.38,334.54,0.0568,354.69,Low
C103648,441741.43,17509.85,0.7327,46628.11,High
C103649,0.0,28003.94,0.8178,84953.26,High
C103650,21943.33,33106.28,0.4306,56143.78,High
C103651,943992.6,177157.5,0.9967,687653.13,Very High
C103652,529076.66,68178.23,0.9933,264640.08,Very High
C103653,66961.12,6500.23,0.1843,7959.39,Low
C103654,535026.96,40273.64,0.8113,120968.49,High
C103655,382.88,13421.8,0.3486,20301.4,Medium
C103656,298335.8,1519.89,0.1791,1849.54,Low
C103657,1629255.12,219204.34,0.9984,850861.83,Very High
C103658,358831.89,55109.61,0.7965,161806.63,High
C103659,47245.5,16277.33,0.3,23066.32,Medium
C103660,5028.25,479.27,0.0338,504.49,Low
C103661,280758.13,106459.49,0.9982,413232.3,Very High
C103662,105085.08,8482.39,0.1255,9696.95,Medium
C103663,101427.8,3620.97,0.0894,3976.2,Low
C103664,156596.31000000003,11100.84,0.1546,13123.37,Medium
C103665,39178.01,5824.1,0.4794,10596.43,Medium
C103666,74937.72,3446.67,0.1305,3962.71,Low
C103667,941958.0,71247.8,0.889,240952.53,Very High
C103668,1163418.57,134659.65,0.999,522693.81,Very High
C103669,38126.7,7102.65,0.4922,13166.86,Medium
C103670,14481.24,5711.99,0.2023,7148.93,Low
C103671,526755.09,45184.96,0.7308,119975.68,High
C103672,184001.1,16893.48,0.5323,33220.1,Medium
C103673,18116.97,29158.95,0.8924,99121.38,High
C103674,151717.11000000002,5578.56,0.3621,8595.31,Low
C103675,0.0,22547.27,0.7112,58096.06,High
C103676,457765.01,35329.14,0.4818,64506.22,High
C103677,221994.61,16189.68,0.3177,23485.17,Medium
C103678,696.73,485.64,0.0441,511.19,Low
C103679,1360935.35,148038.81,0.9993,574626.26,Very High
C103680,154553.01,8826.94,0.1969,10974.22,Medium
C103681,443269.04,74627.1,0.964,282761.71,Very High
C103682,13545.99,365.6,0.035,384.84,Low
C103683,55140.47,15152.36,0.3816,23983.44,Medium
C103684,85009.11,6347.7,0.1121,7147.68,Low
C103685,179434.41,684.59,0.0485,720.62,Low
C103686,850893.54,177650.31,0.9994,689566.04,Very High
C103687,352747.5,2128.21,0.0769,2305.41,Low
C103688,619652.97,73964.31,0.9962,287099.27,Very High
C103689,1965546.48,218293.78,0.9993,847327.4,Very High
C103690,76240.7,20387.45,0.6767,49834.14,High
C103692,478518.68,55921.63,0.9248,199702.53,High
C103693,0.0,512.31,0.0313,539.27,Low
C103694,436312.57,12066.49,0.2414,15853.02,Medium
C103695,0.0,16020.89,0.9426,58774.01,High
C103696,88783.51,13886.98,0.1997,17324.41,Medium
C103697,19313.29,454.59,0.0485,478.52,Low
C103698,3224.15,15354.75,0.5646,31682.11,Medium
C103699,50824.67,47874.18,0.9578,179703.54,High
C103700,0.0,18520.15,0.8373,57879.3,High
C103701,628037.44,13469.22,0.3227,19670.9,Medium
C103702,137104.54,62815.21,0.9672,239153.92,Very High
C103703,652209.27,70403.2,0.8758,233351.61,Very High
C103704,37811.72,1948.37,0.0623,2077.8,Low
C103705,0.0,33143.54,0.688,82425.46,High
C103706,27314.43,4457.56,0.1198,5063.18,Low
C103707,0.0,26915.96,0.8753,89141.6,High
C103708,642778.96,120979.13,0.9902,469591.64,Very High
C103709,919989.73,221753.68,0.999,860757.3,Very High
C103710,163845.22,3422.71,0.116,3870.98,Low
C103711,47338.07,443.68,0.0807,482.59,Low
C103712,192818.12,74959.77,0.9829,290963.23,Very High
C103713,148215.02000000002,4823.67,0.2201,6170.7,Low
C103714,9004.67,15100.07,0.6571,35826.28,Medium
C103715,152927.53999999998,9136.92,0.3466,13780.94,Medium
C103716,2304870.29,203534.72,0.9996,790038.75,Very High
C103717,1360314.43,134255.88,0.9994,521126.54,Very High
C103718,126319.18,9441.49,0.5718,19693.19,Medium
C103719,16708.7,34686.38,0.8078,103624.35,High
C103720,171991.28999999998,45420.15,0.9172,160329.44,High
C103721,269247.97000000003,27836.03,0.451,48602.22,High
C103722,461663.2,94262.55,0.9958,365888.75,Very High
C103723,29429.36,14731.23,0.1607,17539.07,Medium
C103724,30853.78,9467.58,0.1331,10918.2,Medium
C103725,2110434.72,164272.09,0.9995,637637.22,Very High
C103726,897352.11,111331.32,0.9959,432142.76,Very High
C103727,844549.77,142823.88,0.9916,554384.02,Very High
C103728,93268.16,1237.15,0.0369,1302.26,Low
C103729,76173.26000000001,5177.77,0.1293,5945.25,Low
C103730,22360.49,2962.47,0.0426,3118.37,Low
C103731,386093.17,7012.28,0.15,8245.22,Low
C103732,1024967.64,166292.51,0.9984,645479.67,Very High
C103733,313234.04,61541.98,0.9634,232975.55,Very High
C103734,322370.37,28820.14,0.7217,75466.43,High
C103735,144427.95,352.57,0.0481,371.12,Low
C103736,3364.51,17263.68,0.405,28233.25,Medium
C103737,0.0,30262.78,0.8658,98792.13,High
C103738,36432.19,40320.61,0.6969,101642.63,High
C103739,11036.12,11933.69,0.4409,20536.49,Medium
C103740,1043942.35,163500.68,0.9984,634642.93,Very High
C103741,31472.22,61214.63,0.9375,222845.97,Very High
C103742,332284.69,29264.07,0.8644,95324.38,High
C103743,75840.63,25939.42,0.3949,41824.14,Medium
C103744,17229.91,21730.27,0.5881,46448.09,High
C103745,933020.95,101953.98,0.9957,395743.77,Very High
C103746,20987.89,104124.61,0.8113,312746.44,Very High
C103747,25796.72,2747.12,0.1084,3080.69,Low
C103748,0.0,12875.54,0.3239,18834.28,Medium
C103749,533814.83,56387.07,0.9165,198850.93,High
C103750,6514.4400000000005,1587.07,0.0265,1670.59,Low
C103751,101174.35,8541.96,0.0753,9237.07,Medium
C103752,67062.27,15683.87,0.2234,20145.17,Medium
C103753,51180.92,4404.36,0.1493,5174.83,Low
C103754,50816.57000000001,604.33,0.0829,658.89,Low
C103755,103577.13,28166.09,0.8422,88696.61,High
C103756,239579.04,17633.79,0.8165,53385.29,High
C103757,336943.18,9959.21,0.3018,14145.43,Medium
C103758,456365.96,164706.8,0.9979,639324.58,Very High
C103759,160793.47,19766.63,0.6219,44461.52,Medium
C103760,103596.57,1228.58,0.0566,1302.24,Low
C103761,144246.56,8516.59,0.2517,11335.5,Medium
C103762,657203.26,131615.11,0.9992,510876.17,Very High
C103763,25712.35,3152.79,0.179,3836.31,Low
C103764,407686.02,20126.61,0.5236,39072.47,Medium
C103765,137897.56,13446.41,0.556,27390.66,Medium
C103766,108890.79,830.81,0.0871,910.06,Low
C103767,2948.6,421.35,0.0283,443.52,Low
C103768,59712.26,4133.64,0.1548,4887.97,Low
C103769,108494.33,7880.2,0.1991,9823.29,Medium
C103770,34682.82,6644.17,0.1495,7807.76,Low
C103771,195145.73,41076.38,0.7391,110455.06,High
C103773,44860.73,41286.81,0.8221,126080.33,High
C103774,21486.21,272.49,0.0059,286.83,Low
C103775,63727.75,5971.25,0.3171,8655.34,Low
C103776,193684.81,534.61,0.0364,562.74,Low
C103777,454786.24,38233.02,0.938,139290.47,High
C103778,87944.01999999999,1010.98,0.0854,1105.28,Low
C103780,503622.92,13295.42,0.2791,18331.65,Medium
C103781,848408.17,141395.45,0.9978,548839.45,Very High
C103782,178268.81,4085.14,0.1463,4783.0,Low
C103783,0.0,19606.95,0.7822,56325.53,High
C103784,9829.62,43559.45,0.7994,128478.66,High
C103785,22424.72,13165.32,0.1993,16415.55,Medium
C103786,270360.58,5069.13,0.1762,6147.53,Low
C103787,0.0,273.09,0.0144,287.46,Low
C103788,281941.36,20177.52,0.7566,55730.66,High
C103789,42542.78,382.17,0.0493,402.29,Low
C103791,66768.54,37878.16,0.6621,90558.76,High
C103792,360861.54,37381.98,0.8343,116299.57,High
C103794,186797.56,27728.88,0.2655,37566.5,Medium
C103795,216696.94,6971.9,0.3017,9901.91,Medium
C103796,409747.28,22521.74,0.2938,31652.27,Medium
C103797,2065800.97,207032.35,0.9994,803615.12,Very High
C103798,240221.38,21841.72,0.3969,35318.07,Medium
C103799,226757.85,20541.87,0.6318,46898.62,High
C103800,541209.84,12515.22,0.1998,15615.0,Medium
C103801,449328.69,14354.79,0.569,29814.84,Medium
C103802,38776.95,14791.52,0.5564,30149.6,Medium
C103803,45393.3,14678.93,0.4883,27056.19,Medium
C103804,1003.31,1094.21,0.0098,1151.79,Low
C103805,205659.65,5394.85,0.1943,6686.08,Low
C103806,6112.54,1750.29,0.035,1842.4,Low
C103807,8210.96,8015.28,0.3359,11915.79,Medium
C103808,177702.24,34795.98,0.3417,52137.83,High
C103809,97205.42,64267.66,0.8043,190974.32,High
C103810,82970.56,4202.53,0.4193,7013.33,Low
C103811,99820.88,16217.89,0.307,23193.49,Medium
C103812,0.0,26851.37,0.5089,51010.75,High
C103813,954093.56,163769.66,0.9992,635686.99,Very High
C103814,895971.42,218884.53,0.9992,849620.46,Very High
C103815,22912.64,10128.72,0.1839,12396.25,Medium
C103816,213579.24,33603.87,0.6911,83965.72,High
C103817,69932.56,60109.17,0.6673,144850.6,High
C103818,371061.23,72382.87,0.9908,280960.75,Very High
C103819,0.0,17070.58,0.2562,22851.46,Medium
C103820,969067.92,172627.53,0.9574,647591.04,Very High
C103821,41214.8,659.12,0.0228,693.81,Low
C103822,100903.69,3769.83,0.1305,4334.54,Low
C103823,449574.73,33946.88,0.8808,113379.66,High
C103824,482714.52,143730.77,0.9971,557904.21,Very High
C103825,16780.98,277.65,0.0091,292.26,Low
C103826,977989.51,81010.41,0.9908,314449.37,Very High
C103827,58234.59,32226.02,0.8818,107793.9,High
C103828,0.0,3219.04,0.1208,3660.42,Low
C103829,546403.1,257186.23,0.9947,998292.0,Very High
C103830,192177.38,10538.25,0.5522,21346.16,Medium
C103831,32566.8,327.54,0.0136,344.77,Low
C103832,302822.22,2908.88,0.0085,3061.96,Low
C103833,239126.86,1234.55,0.1791,1502.31,Low
C103834,9002.609999999999,32181.59,0.8402,101028.91,High
C103835,43207.79,20834.26,0.2271,26883.99,Medium
C103836,524350.3300000001,58855.01,0.9749,226719.85,Very High
C103837,27110.86,20827.79,0.2907,29153.02,Medium
C103838,136482.64,2411.59,0.0961,2667.72,Low
C103839,972934.74,186715.47,0.9971,724753.27,Very High
C103840,1133.25,5469.81,0.1588,6498.14,Low
C103841,355286.92,12908.03,0.2582,17323.26,Medium
C103842,915191.32,130586.8,0.9961,506884.69,Very High
C103843,0.0,17020.04,0.9627,64360.27,High
C103844,124082.91,22434.7,0.3538,34175.09,Medium
C103845,30269.59,13260.82,0.4462,22995.64,Medium
C103846,662618.83,17667.87,0.5663,36546.18,Medium
C103847,567066.1,72473.55,0.8504,231076.21,Very High
C103848,620702.27,11414.71,0.2364,14901.88,Medium
C103849,0.0,318.84,0.0181,335.62,Low
C103850,89824.71,2973.63,0.1865,3651.07,Low
C103852,23168.72,1749.47,0.0365,1841.54,Low
C103853,129543.53,19815.13,0.3144,28617.92,Medium
C103854,68536.81,23022.1,0.5437,46042.4,High
C103855,128865.85,17757.31,0.7419,47953.96,High
C103856,823840.27,76999.88,0.9772,297624.66,Very High
C103857,157069.22,1384.22,0.0189,1457.06,Low
C103858,13448.34,12280.64,0.2799,16949.66,Medium
C103859,124667.7,918.18,0.0827,1000.87,Low
C103860,59484.88,15195.86,0.4378,26036.8,Medium
C103861,1315891.74,271046.84,0.9991,1052093.25,Very High
C103862,43110.84,359.51,0.0159,378.43,Low
C103863,641127.76,212227.16,0.9955,823779.26,Very High
C103864,84470.76000000001,14140.51,0.4293,23935.2,Medium
C103865,2699495.65,180035.9,0.9995,698825.92,Very High
C103866,4940.5,43278.59,0.8212,131971.89,High
C103867,1216720.36,195153.91,0.9992,757507.87,Very High
C103869,100023.41,30515.84,0.7148,79065.46,High
C103871,0.0,30311.89,0.7991,89351.08,High
C103872,0.0,310.69,0.009,327.04,Low
C103873,18256.63,16361.6,0.3765,25712.94,Medium
C103874,363273.27,20126.69,0.629,45758.73,High
C103875,16056.27,3810.92,0.1243,4350.59,Low
C103876,20651.86,666.21,0.0418,701.27,Low
C103877,31682.73,4670.92,0.135,5398.09,Low
C103878,33985.33,42088.72,0.8152,127165.58,High
C103879,401107.12,163167.98,0.9986,633351.52,Very High
C103880,9832.69,1950.34,0.0315,2052.97,Low
C103881,1827935.64,153731.36,0.9993,596722.42,Very High
C103882,44057.08,52824.52,0.9184,186817.31,High
C103883,27627.13,3511.7,0.2171,4475.46,Low
C103884,290249.86,15406.13,0.2037,19312.71,Medium
C103885,248785.06,42946.21,0.7539,118130.35,High
C103886,77638.96,17019.02,0.1523,20065.99,Medium
C103887,569965.85,136042.02,0.9792,527443.44,Very High
C103888,410042.02,175071.14,0.9991,679554.72,Very High
C103889,60008.07,85318.21,0.9876,331170.49,Very High
C103890,108680.31,20269.02,0.7762,57688.61,High
C103892,6886.28,15197.7,0.6698,36760.49,Medium
C103893,813357.52,163042.35,0.9652,618905.72,Very High
C103894,258772.74,17512.63,0.7129,45246.08,Medium
C103895,202297.47,19024.89,0.6837,47006.06,High
C103896,295484.67,13515.42,0.3656,20924.51,Medium
C103897,27093.09,306.46,0.0778,332.29,Low
C103898,239847.23,77997.19,0.948,288485.67,Very High
C103899,481838.62,51897.16,0.8796,173024.11,High
C103900,1511651.42,168756.35,0.9991,655043.28,Very High
C103901,302631.42,3970.17,0.417,6603.61,Low
C103902,1978002.34,192576.55,0.9991,747503.59,Very High
C103903,376159.48,11758.72,0.5952,25404.23,Medium
C103904,9361.7,303.17,0.0105,319.12,Low
C103905,155571.77000000002,21900.06,0.3703,34122.63,Medium
C103906,387067.23,64997.44,0.9897,252293.53,Very High
C103907,10162.15,6706.8,0.2303,8688.7,Low
C103908,270215.51,47964.89,0.515,91942.25,High
C103909,15211.92,46876.2,0.9082,163220.78,High
C103910,128402.47000000002,43949.52,0.9627,166205.35,High
C103911,2039259.36,160567.31,0.9982,623256.8,Very High
C103912,0.0,26697.15,0.8368,83379.51,High
C103913,2023368.13,177252.12,0.9996,688020.41,Very High
C103914,515339.86,13288.47,0.4162,22077.64,Medium
C103915,84936.55,632.04,0.0504,665.61,Low
C103916,2451.86,13304.77,0.3395,19876.25,Medium
C103917,1619158.16,104216.51,0.9937,404525.98,Very High
C103918,239986.16,9558.23,0.5482,19245.45,Medium
C103919,31980.87,335.05,0.0382,352.69,Low
C103920,1091313.7,140840.67,0.9979,546686.03,Very High
C103922,847496.91,167856.57,0.9979,651550.74,Very High
C103923,165248.73,12063.86,0.5517,24417.93,Medium
C103924,2285055.32,209527.81,0.9991,813301.48,Very High
C103925,366977.52,36623.29,0.699,92627.53,High
C103926,1492058.78,164268.5,0.9992,637623.3,Very High
C103927,196269.13,15552.24,0.6186,34806.08,Medium
C103928,125959.47000000002,5600.37,0.2194,7157.42,Low
C103929,879235.63,120725.62,0.9968,468607.6,Very High
C103930,102670.71,85404.23,0.9537,318634.97,Very High
C103931,0.0,1168.55,0.1072,1308.68,Low
C103932,2168429.26,221157.37,0.9989,858442.67,Very High
C103933,61359.32,626.96,0.028,659.95,Low
C103934,103636.44,471.93,0.0552,499.48,Low
C103935,154468.21,41229.43,0.8448,130346.15,High
C103936,101175.42,3411.68,0.1183,3868.79,Low
C103937,1456121.98,161733.91,0.9992,627785.04,Very High
C103938,221630.22,20668.6,0.9102,72195.35,High
C103939,256967.59,18301.82,0.4086,30081.98,Medium
C103940,1812571.88,200529.32,0.9987,778373.01,Very High
C103941,42333.51,33051.02,0.5048,62406.09,High
C103942,13321.05,333.35,0.0467,350.89,Low
C103943,0.0,14043.57,0.3896,22478.32,Medium
C103944,16560.55,50599.65,0.8569,162958.01,High
C103945,5631.8,453.02,0.0692,486.71,Low
C103946,36325.65,9457.83,0.2155,12030.16,Medium
C103947,173945.16999999998,81771.58,0.9641,309881.54,Very High
C103948,1092985.62,159041.36,0.9995,617333.67,Very High
C103949,1183390.3,38491.41,0.9699,147146.06,High
C103950,209919.93,62446.98,0.4794,113609.93,High
C103951,177826.34999999998,4788.74,0.1228,5457.62,Low
C103952,217915.1,139338.59,0.9751,536896.73,Very High
C103953,105536.67,5038.06,0.0665,5397.09,Low
C103954,23565.1,5940.7,0.1775,7215.7,Low
C103955,152821.68,55289.69,0.9759,213304.49,High
C103956,0.0,25279.85,0.7468,68787.15,High
C103957,873703.9,105011.25,0.9955,407610.84,Very High
C103958,1781430.21,67648.56,0.9708,258971.1,Very High
C103959,0.0,3805.55,0.3009,5398.54,Low
C103960,22661.15,278.08,0.0064,292.71,Low
C103961,162539.99,7822.14,0.1654,9365.15,Medium
C103963,2278.94,18394.46,0.2855,25573.6,Medium
C103964,203293.78,53383.56,0.9418,195611.8,High
C103965,1020.1,17726.13,0.5116,33806.65,Medium
C103966,555437.22,5672.78,0.0791,6159.49,Low
C103967,64962.57000000001,298.58,0.0062,314.3,Low
C103968,1049480.9,168950.71,0.9973,655797.72,Very High
C103969,939220.07,126095.35,0.9851,489450.71,Very High
C103970,0.0,15466.66,0.2718,21122.91,Medium
C103971,108655.11,3359.61,0.1087,3768.99,Low
C103972,277964.4,67337.55,0.988,261376.88,Very High
C103973,24664.64,14846.38,0.5009,27875.63,Medium
C103974,278949.02,162165.42,0.9923,629460.0,Very High
C103975,154628.0,7796.4,0.1764,9457.0,Medium
C103976,161880.43,4528.76,0.1713,5459.93,Low
C103977,153489.61,10355.91,0.2918,14516.65,Medium
C103978,83297.44,16794.69,0.549,33856.15,Medium
C103979,1074639.62,126919.73,0.9976,492650.61,Very High
C103980,138042.38999999998,3958.17,0.0572,4198.2,Low
C103981,102908.66,51829.85,0.9269,185672.15,High
C103982,137820.1,86776.27,0.991,336830.07,Very High
C103983,30106.23,816.98,0.0174,859.97,Low
C103984,630283.2999999999,2531.91,0.0317,2665.15,Low
C103985,410421.72,29142.05,0.6337,66731.91,High
C103986,9660.88,20781.11,0.5847,44191.99,Medium
C103988,1767248.01,180049.89,0.9989,698880.2,Very High
C103989,382784.06,22066.5,0.7409,59501.02,High
C103990,912311.56,149727.79,0.9993,581182.21,Very High
C103991,134757.81,90170.01,0.9846,350003.18,Very High
C103992,34218.01,88630.89,0.9197,314041.24,Very High
C103993,45824.73,374.29,0.1204,425.43,Low
C103994,11291.61,986.68,0.0469,1038.61,Low
C103995,34366.04,5300.1,0.2428,6975.45,Low
C103996,179108.16999999998,11667.9,0.1644,13952.96,Medium
C103997,39153.19,59158.4,0.8823,198026.17,High
C103998,169843.15,3093.73,0.088,3392.09,Low
C103999,272965.66000000003,27302.21,0.828,84126.34,High
C104000,18970.11,31848.66,0.2792,43914.63,Medium
C104001,561865.85,203209.75,0.9995,788777.34,Very High
C104002,127198.15,59405.98,0.7955,174169.51,High
C104003,376244.06,10367.49,0.5449,20772.52,Medium
C104004,138644.93,25213.36,0.7457,68492.14,High
C104005,47768.2,823.94,0.0734,889.2,Low
C104006,373547.27,27057.54,0.7207,70741.02,High
C104007,496878.87,41442.33,0.9712,158742.54,High
C104008,81680.65,5722.38,0.1294,6570.76,Low
C104009,887830.67,212037.89,0.9988,823044.58,Very High
C104010,512889.84,34225.73,0.7893,99392.36,High
C104011,76495.63,6187.85,0.187,7601.46,Low
C104012,435526.94,21845.87,0.6202,49012.16,High
C104013,43472.42,2277.85,0.0702,2449.8,Low
C104014,62420.95,16983.0,0.3546,25898.26,Medium
C104015,110486.2,1698.37,0.2239,2182.93,Low
C104016,315768.8,181263.03,0.9971,703589.12,Very High
C104017,193609.17,3007.42,0.1743,3638.96,Low
C104018,49374.09,56342.46,0.8801,187969.67,High
C104019,191533.27,13932.84,0.3834,22108.25,Medium
C104020,15064.42,1644.73,0.0652,1759.38,Low
C104021,1078934.48,158278.1,0.9987,614370.99,Very High
C104022,15088.73,21842.12,0.4062,35781.22,Medium
C104023,23341.43,34339.34,0.7452,93210.22,High
C104024,391049.68,34029.82,0.7993,100345.55,High
C104025,129197.65,18231.61,0.6089,40210.64,Medium
C104026,73333.82,3722.91,0.0801,4046.72,Low
C104027,121704.26,5853.28,0.1529,6905.69,Low
C104028,302018.15,149118.93,0.9965,578818.83,Very High
C104029,255359.9,57171.24,0.9257,204424.83,High
C104031,173643.49000000002,82431.24,0.9764,318249.18,Very High
C104032,577418.41,34300.34,0.6614,81912.72,High
C104033,277464.24,6505.81,0.247,8607.57,Low
C104034,39442.66,521.35,0.0499,548.78,Low
C104035,626493.59,55216.9,0.9302,198800.27,High
C104036,239015.64,17865.86,0.4067,29289.22,Medium
C104037,58077.16,4393.82,0.0562,4655.33,Low
C104038,1743625.52,174127.73,0.9979,675892.79,Very High
C104039,284549.97,11987.07,0.2385,15691.28,Medium
C104040,292797.63,19570.46,0.3645,30250.32,Medium
C104041,10014.58,11151.99,0.1849,13666.41,Medium
C104042,7474.41,365.0,0.1037,407.19,Low
C104044,26416.160000000003,572.42,0.0695,615.17,Low
C104045,449026.71,3784.64,0.65,8883.3,Low
C104046,814471.03,92910.14,0.995,360639.25,Very High
C104047,331101.03,240072.81,0.9987,931864.68,Very High
C104048,804170.52,68158.1,0.9901,264561.93,Very High
C104049,178457.97999999998,5805.58,0.0736,6266.32,Low
C104050,36013.5,46406.23,0.928,166527.7,High
C104051,114628.52,17642.81,0.449,30716.68,Medium
C104052,343067.77,24106.01,0.4481,41915.79,Medium
C104053,93390.69,23767.99,0.541,47344.19,High
C104054,55783.33,14416.77,0.5332,28389.54,Medium
C104055,364010.37,3499.3,0.0349,3683.45,Low
C104056,666476.43,141828.45,0.9987,550520.17,Very High
C104057,14836.79,5015.26,0.0252,5279.19,Low
C104058,690535.7999999999,53032.4,0.9619,200311.99,High
C104059,497841.86,103090.29,0.9988,400154.44,Very High
C104060,457125.82,4042.03,0.4586,7135.87,Low
C104063,190344.62,14914.69,0.1656,17861.58,Medium
C104064,163265.71,5176.22,0.0562,5484.46,Low
C104065,1143890.12,72753.29,0.9424,266824.02,Very High
C104066,135517.79,84259.72,0.9644,319486.74,Very High
C104067,133534.32,2902.12,0.1337,3348.77,Low
C104068,101448.44,3654.15,0.1498,4295.71,Low
C104069,328554.36,19150.44,0.7504,52399.33,High
C104070,152187.08,90196.33,0.9835,350105.36,Very High
C104071,45474.68,13213.13,0.3339,19588.91,Medium
C104072,18336.02,302.51,0.0552,320.19,Low
C104073,55412.39,11584.89,0.3,16415.27,Medium
C104074,478827.52,111754.2,0.9991,433784.19,Very High
C104075,36814.14,16465.16,0.1489,19335.97,Medium
C104076,350029.57,12047.6,0.6201,27023.01,Medium
C104077,0.0,20329.74,0.6781,49804.81,High
C104078,298315.44,2751.37,0.0746,2972.94,Low
C104079,113135.74,31590.79,0.437,54068.52,High
C104080,249165.42,28934.59,0.3935,46562.74,High
C104081,163234.31,480.43,0.0336,505.71,Low
C104082,69293.42,19811.17,0.495,36876.72,Medium
C104083,1689.13,4884.45,0.0707,5256.06,Low
C104084,54957.22,41696.46,0.3228,60902.89,High
C104085,648258.91,50430.18,0.901,173693.42,High
C104086,325254.71,110634.82,0.9847,429439.21,Very High
C104087,481896.5,52117.1,0.7074,133516.34,High
C104088,13137.73,6057.89,0.3996,9831.96,Medium
C104089,2307.45,39304.47,0.8998,135117.84,High
C104090,171485.4,18101.18,0.5559,36866.32,Medium
C104091,62834.26,12416.72,0.1473,14554.88,Medium
C104092,67498.86,88269.13,0.9657,335335.41,Very High
C104094,490308.7,62324.66,0.9891,241918.89,Very High
C104095,97430.37,1433.95,0.0573,1521.05,Low
C104096,146860.74,6357.35,0.2478,8419.94,Low
C104097,281244.01,45031.02,0.9806,174792.04,High
C104098,0.0,21788.7,0.9281,78201.3,High
C104099,57189.13,746.39,0.1172,845.31,Low
C104100,100824.4,3491.67,0.103,3892.34,Low
C104101,271958.12,16738.27,0.1737,20237.47,Medium
C104102,110023.83,7422.63,0.5986,16117.31,Medium
C104103,176716.61000000002,4985.12,0.0927,5494.16,Low
C104105,654888.9600000001,146120.58,0.9984,567180.46,Very High
C104106,55887.44,19590.85,0.1133,22089.29,Medium
C104107,422399.05,17988.51,0.693,45077.81,Medium
C104108,0.0,8561.06,0.4048,13996.66,Medium
C104109,0.0,25049.26,0.8697,82263.13,High
C104110,42515.52,18148.88,0.4926,33662.07,Medium
C104111,586466.11,47997.68,0.9041,166104.3,High
C104112,111326.21,1750.02,0.0514,1844.87,Low
C104113,130256.22,11387.82,0.0668,12203.34,Medium
C104114,30669.18,33260.6,0.8165,100695.33,High
C104115,164036.94,79768.0,0.9263,285508.88,Very High
C104116,43951.7,26713.31,0.4751,48299.71,High
C104117,1402159.36,187539.78,0.9989,727952.9,Very High
C104118,159770.97999999998,6743.02,0.3509,10230.57,Medium
C104119,16071.71,35004.11,0.5884,74848.72,High
C104120,18982.15,64848.98,0.868,212403.0,High
C104121,60955.96000000001,19641.1,0.3063,28064.96,Medium
C104122,212492.18,5543.46,0.1889,6825.77,Low
C104123,40302.68,991.96,0.0334,1044.16,Low
C104124,96633.9,347.29,0.0192,365.56,Low
C104125,0.0,4042.45,0.1917,4994.36,Low
C104126,32005.11,43213.4,0.8606,139945.51,High
C104127,238898.38,19079.02,0.7901,55476.9,High
C104128,376412.26,13949.84,0.5112,26589.16,Medium
C104129,158947.25,57956.87,0.9322,209286.24,High
C104130,1385218.92,136650.28,0.9966,530420.62,Very High
C104131,0.0,27701.93,0.9582,104044.38,High
C104132,5995.56,27839.27,0.8354,86751.88,High
C104133,140538.54,18786.27,0.4884,34631.31,Medium
C104134,41244.2,30920.09,0.8931,105216.29,High
C104135,108051.02,19860.22,0.6217,44656.41,Medium
C104136,123182.8,18081.47,0.7886,52450.25,High
C104137,319110.6,23265.62,0.4387,39914.51,Medium
C104138,0.0,20095.61,0.8048,59755.36,High
C104139,0.0,3645.52,0.0809,3966.32,Low
C104140,552083.23,68973.75,0.9876,267727.97,Very High
C104142,112467.98,12776.74,0.205,16043.72,Medium
C104143,1055419.28,175029.96,0.9989,679394.88,Very High
C104144,55442.52,5921.47,0.0744,6397.03,Low
C104145,112141.01,23115.09,0.5745,48409.62,High
C104146,217993.33,5304.66,0.3601,8150.27,Low
C104147,115815.52,1931.61,0.1021,2151.13,Low
C104148,75748.67,31281.35,0.7036,79672.42,High
C104149,141135.62,47778.05,0.9139,167820.35,High
C104150,55181.78,909.0,0.0366,956.83,Low
C104152,125548.8,8275.07,0.3017,11752.15,Medium
C104153,6830.69,429.3,0.0261,451.89,Low
C104154,932736.79,113084.2,0.9953,438946.74,Very High
C104155,50747.54,439.59,0.0212,462.72,Low
C104156,16164.78,27156.0,0.5612,55752.05,High
C104157,579602.39,57691.31,0.9782,223319.7,Very High
C104158,1527843.32,209491.89,0.9994,813162.03,Very High
C104159,73382.55,4296.11,0.2035,5384.26,Low
C104160,0.0,12794.15,0.4158,21245.98,Medium
C104161,593555.32,203697.69,0.9941,790671.32,Very High
C104162,75772.48999999999,713.92,0.0876,782.4,Low
C104163,1123181.74,131571.46,0.9945,510706.72,Very High
C104164,794135.23,133561.38,0.9989,518430.8,Very High
C104165,291914.28,83559.73,0.8741,276231.05,Very High
C104166,0.0,23883.07,0.9437,87768.85,High
C104167,167253.52000000002,12657.97,0.1697,15231.71,Medium
C104168,5627.38,7779.94,0.2553,10402.47,Medium
C104169,39498.1,767.22,0.0596,815.83,Low
C104170,388704.75,50228.23,0.7731,142287.47,High
C104171,216411.0,20327.74,0.8798,67791.65,High
C104172,21909.54,10059.77,0.2018,12582.23,Medium
C104173,117053.14,17334.7,0.3593,26604.81,Medium
C104174,94495.53,6553.54,0.0819,7137.61,Low
C104175,508372.26,145341.8,0.999,564157.57,Very High
C104176,130056.84,1004.78,0.0256,1057.65,Low
C104177,16828.47,18792.76,0.8116,56468.64,High
C104178,89971.26,63662.87,0.9676,242551.35,Very High
C104179,138613.95,26817.87,0.7973,78835.78,High
C104180,3426.89,47872.74,0.7987,141037.9,High
C104181,90185.52,6139.92,0.1188,6966.1,Low
C104182,551888.95,33416.65,0.3635,51584.19,High
C104183,146533.44,14782.42,0.502,27796.97,Medium
C104184,12261.76,12278.9,0.2782,16909.13,Medium
C104185,52367.18,366.04,0.0339,385.31,Low
C104186,10257.74,591.67,0.1489,694.88,Low
C104187,206984.0,3520.29,0.1044,3930.29,Low
C104188,0.0,12051.92,0.2814,16666.78,Medium
C104189,147450.95,48206.21,0.9754,185819.88,High
C104191,22083.99,43139.89,0.8999,148324.97,High
C104192,112157.31,6409.07,0.3275,9420.13,Medium
C104193,35595.45,39071.19,0.4914,72344.6,High
C104194,62615.62,374.45,0.0436,394.15,Low
C104195,2065392.15,186472.76,0.9995,723811.17,Very High
C104196,55112.73,333.33,0.0403,350.87,Low
C104197,47625.57,4871.6,0.2212,6240.67,Low
C104198,795308.92,108476.19,0.9923,421060.3,Very High
C104199,1273216.32,77905.14,0.9759,300516.86,Very High
C104200,23857.36,507.56,0.01,534.27,Low
C104201,521876.33,171584.29,0.9968,666020.22,Very High
C104202,0.0,22623.49,0.5486,45579.11,Medium
C104203,0.0,23820.56,0.9777,92148.33,High
C104204,205501.33,10709.18,0.2773,14731.37,Medium
C104205,1000702.52,169475.33,0.9989,657834.08,Very High
C104207,685298.49,38019.39,0.2266,49031.18,High
C104208,147589.0,7945.05,0.251,10565.44,Medium
C104209,67884.41,7428.24,0.1171,8411.9,Low
C104210,20332.07,5412.59,0.4573,9537.86,Medium
C104211,785869.53,140998.93,0.9991,547300.3,Very High
C104212,45775.16,47533.12,0.8931,161755.12,High
C104213,101362.62,56447.98,0.972,216487.99,High
C104214,2203429.86,238759.72,0.9985,926767.81,Very High
C104215,112686.38,55924.86,0.9795,216906.19,High
C104216,83074.04,14670.13,0.1877,18037.48,Medium
C104217,436812.46,93156.2,0.9989,361594.38,Very High
C104218,205204.94,4532.99,0.223,5819.34,Low
C104219,36060.56,5193.55,0.3891,8306.85,Low
C104220,68864.5,9916.45,0.0379,10438.3,Medium
C104221,83129.44,1797.5,0.0573,1906.65,Low
C104222,0.0,4746.85,0.1979,5908.76,Low
C104223,72748.01,2772.24,0.0583,2943.89,Low
C104224,58374.95,12527.76,0.3278,18422.87,Medium
C104225,66021.6,449.63,0.059,477.8,Low
C104226,324891.92,7079.01,0.3078,10134.73,Medium
C104227,262500.86,7615.95,0.4305,12913.03,Medium
C104228,0.0,16475.1,0.6249,37224.46,Medium
C104229,0.0,35227.0,0.7255,92778.1,High
C104230,1069292.49,87307.15,0.9959,338890.74,Very High
C104231,519573.4,46079.09,0.7433,124707.25,High
C104233,9787.79,3330.27,0.0981,3692.36,Low
C104234,0.0,26953.98,0.6058,59171.55,High
C104235,241317.09000000003,3727.77,0.1909,4601.22,Low
C104236,162743.18,4825.88,0.1747,5841.78,Low
C104237,270544.44,10059.95,0.4,16336.36,Medium
C104238,1292332.77,136656.67,0.9986,530445.44,Very High
C104239,43535.68,17656.96,0.3372,26295.44,Medium
C104240,1759.62,11380.48,0.2105,14386.3,Medium
C104241,134978.61,4381.3,0.1313,5042.13,Low
C104242,17870.57,12885.68,0.3241,18853.2,Medium
C104243,132100.6,28625.69,0.7498,78249.69,High
C104244,139945.24,96432.71,0.9662,366613.58,Very High
C104245,231339.6,27270.0,0.7627,76035.08,High
C104246,209173.39,22677.91,0.5463,45529.86,Medium
C104247,976712.53,32947.26,0.3101,47314.3,High
C104248,17479.17,40841.01,0.8553,131199.72,High
C104249,79449.20999999999,31955.01,0.7008,81035.56,High
C104250,0.0,26334.51,0.586,56109.91,High
C104252,89740.43,770.8,0.0557,816.25,Low
C104253,1456231.97,197471.06,0.9994,766502.09,Very High
C104254,447549.87,7306.5,0.4758,13224.46,Medium
C104255,14541.01,2454.76,0.0297,2583.94,Low
C104257,0.0,17016.44,0.5277,33237.18,Medium
C104258,4625.98,41722.63,0.9184,147553.54,High
C104259,50560.8,37171.05,0.5849,79066.0,High
C104260,0.0,1651.03,0.0999,1834.13,Low
C104261,404562.14,48305.56,0.9033,166960.85,High
C104263,107102.79,17534.62,0.2899,24517.78,Medium
C104264,610235.57,152264.15,0.9982,591027.29,Very High
C104265,277871.17,29596.55,0.7499,80914.45,High
C104266,23214.34,22691.79,0.3761,35642.0,Medium
C104267,28846.17,28472.35,0.3822,45106.06,Medium
C104268,28974.42,24314.65,0.7786,69467.01,High
C104269,469961.98,15581.65,0.4849,28577.91,Medium
C104270,880692.54,40170.97,0.9224,142926.34,High
C104271,184882.2,964.12,0.0717,1038.52,Low
C104272,149476.88999999998,17984.43,0.6797,44163.56,Medium
C104273,8075.58,10833.35,0.2395,14198.28,Medium
C104274,305069.46,24386.73,0.2636,32958.36,Medium
C104275,0.0,31482.53,0.8288,97117.67,High
C104276,664119.04,54116.65,0.9327,195569.64,High
C104277,1145.96,9086.93,0.4949,16912.12,Medium
C104278,86793.49,16990.23,0.3746,26630.58,Medium
C104279,711308.06,73305.27,0.9895,284541.16,Very High
C104280,167227.77000000002,109912.84,0.9974,426636.79,Very High
C104281,2458827.63,219963.45,0.9991,853808.36,Very High
C104282,103417.43,13314.36,0.3322,19695.3,Medium
C104283,13808.37,53531.46,0.8708,176089.34,High
C104284,382453.98,111557.7,0.9986,433021.46,Very High
C104285,113.3,38643.38,0.7342,103141.79,High
C104286,609465.19,48850.03,0.9025,168643.41,High
C104287,156565.75,7570.35,0.2822,10480.24,Medium
C104288,194602.04,40576.28,0.894,138279.26,High
C104289,722679.03,182254.7,0.9984,707438.38,Very High
C104290,0.0,12634.74,0.3217,18428.01,Medium
C104291,6990.27,5586.28,0.1243,6377.93,Low
C104292,857.26,6088.98,0.1254,6959.97,Low
C104293,279657.66,28675.7,0.6957,72160.28,High
C104294,120849.57,88290.84,0.9875,342709.0,Very High
C104295,126203.26,867.83,0.0323,913.5,Low
C104296,342318.72000000003,8933.48,0.2727,12215.0,Medium
C104297,202418.76,1972.64,0.0658,2111.44,Low
C104298,258074.58,34769.06,0.9431,127658.49,High
C104299,1007306.71,108820.95,0.9888,422398.51,Very High
C104300,253075.03,20304.37,0.3823,32169.9,Medium
C104301,36099.2,49303.2,0.8406,154866.4,High
C104302,0.0,311.8,0.0333,328.21,Low
C104303,596301.6900000001,84036.02,0.9722,322385.2,Very High
C104304,545293.44,25335.39,0.3576,38795.4,Medium
C104305,255917.37,14177.31,0.2172,18071.4,Medium
C104306,44021.37,55019.02,0.9235,196073.9,High
C104307,404494.07,22275.46,0.6788,54623.23,High
C104309,246038.13,3136.57,0.0994,3482.39,Low
C104310,1339711.52,196161.93,0.9991,761420.59,Very High
C104311,2095188.74,198202.96,0.9989,769343.02,Very High
C104312,91520.87,591.36,0.0574,627.37,Low
C104313,33657.0,1603.41,0.2059,2015.57,Low
C104314,20094.77,34314.72,0.5097,65263.79,High
C104315,290950.64,12000.95,0.2364,15666.45,Medium
C104316,0.0,3765.01,0.0959,4163.95,Low
C104317,505191.05,117112.62,0.9991,454583.42,Very High
C104318,2128157.88,207237.0,0.9963,804409.5,Very High
C104319,0.0,20798.25,0.9405,76052.74,High
C104320,91027.25,6433.81,0.4027,10488.38,Medium
C104321,11417.19,5326.9,0.092,5866.38,Low
C104323,12751.86,64206.8,0.8694,210765.3,High
C104324,178197.06,14214.57,0.253,18951.84,Medium
C104325,0.0,33745.87,0.9134,118434.8,High
C104326,0.0,26385.44,0.5226,51148.95,High
C104327,183007.39,45021.2,0.8734,148689.1,High
C104328,124776.74,15453.45,0.291,21640.36,Medium
C104329,343094.01,229242.15,0.9993,889824.51,Very High
C104330,165098.16,8381.03,0.6571,19885.85,Medium
C104331,82834.53,47795.31,0.7494,130572.89,High
C104332,72147.44,17339.07,0.5608,35574.12,Medium
C104333,246467.04,43971.91,0.9327,158914.28,High
C104334,0.0,2086.21,0.0665,2234.68,Low
C104335,137945.95,17072.78,0.1626,20373.7,Medium
C104336,134898.97,17610.5,0.4494,30679.88,Medium
C104337,257723.73,14907.89,0.1351,17230.09,Medium
C104338,200183.93,11887.94,0.2264,15327.11,Medium
C104340,3122.82,34111.23,0.7652,95473.95,High
C104341,863228.11,148999.53,0.9988,578355.37,Very High
C104342,0.0,273.42,0.0284,287.81,Low
C104343,227967.65,79348.68,0.9958,307999.21,Very High
C104344,142136.53,6747.0,0.1012,7506.02,Low
C104345,1498423.87,124863.96,0.9995,484670.96,Very High
C104346,558776.93,46821.67,0.9579,175777.53,High
C104347,110845.94,8765.91,0.1233,9996.13,Medium
C104348,125772.31,43708.71,0.7243,114910.61,High
C104349,620834.6900000001,119255.34,0.9879,462900.58,Very High
C104350,395786.21,10901.0,0.2754,14956.83,Medium
C104351,174641.69,8400.48,0.2251,10813.55,Medium
C104352,335994.78,11066.72,0.3009,15700.43,Medium
C104353,415899.88,44984.25,0.8829,150737.27,High
C104354,19679.57,4755.2,0.1418,5538.72,Low
C104355,242870.61,2269.29,0.097,2512.85,Low
C104356,70054.01,32873.56,0.8694,107906.68,High
C104357,1231825.0,154145.16,0.9984,598328.61,Very High
C104358,101147.2,11472.32,0.2128,14544.09,Medium
C104359,465817.81,91806.87,0.9989,356356.82,Very High
C104360,187489.17,52265.4,0.9877,202872.94,High
C104361,422432.58,5675.71,0.1753,6875.75,Low
C104362,269137.97000000003,892.64,0.0563,945.92,Low
C104364,285087.51,34985.16,0.8244,107202.71,High
C104365,1835770.79,131391.7,0.9991,510008.96,Very High
C104366,236270.8,25987.78,0.7782,74201.14,High
C104367,191421.72,21063.69,0.6544,49771.04,High
C104368,6427.16,45783.36,0.7255,120586.45,High
C104369,270252.93,7754.72,0.3217,11310.18,Medium
C104370,40904.05,7154.95,0.6804,17589.41,Medium
C104371,14344.6,4034.91,0.0549,4269.46,Low
C104372,133621.48,26137.84,0.3544,39844.94,Medium
C104373,238080.24,10991.82,0.3917,17643.44,Medium
C104374,719572.68,43046.56,0.9642,163166.94,High
C104375,312025.74,18904.82,0.6736,45992.84,High
C104376,2278.45,13570.61,0.285,18855.36,Medium
C104377,0.0,30182.69,0.8942,102893.24,High
C104378,187135.79,4273.51,0.1134,4819.13,Low
C104379,57617.2,2796.75,0.0729,3016.46,Low
C104380,685343.0,147474.02,0.9981,572433.98,Very High
C104381,189738.47,51172.65,0.8654,166943.3,High
C104383,362479.74,30104.14,0.4991,56367.56,High
C104384,48266.03,11452.05,0.1803,13955.89,Medium
C104385,79891.97,354.42,0.0256,373.07,Low
C104386,1692078.76,195657.97,0.9993,759464.43,Very High
C104387,289908.89,30185.27,0.8789,100521.02,High
C104388,4526.4,15270.87,0.7148,39563.76,Medium
C104389,545678.43,23845.45,0.1632,28474.55,Medium
C104390,47640.82,37940.15,0.9463,139965.83,High
C104391,60309.8,17985.15,0.6225,40486.63,Medium
C104392,30526.53,2535.54,0.078,2749.9,Low
C104393,0.0,10510.21,0.5313,20636.12,Medium
C104394,302623.32,28702.22,0.5978,62247.7,High
C104395,75388.72999999998,14240.22,0.2709,19425.78,Medium
C104396,295561.03,6161.8,0.2763,8465.15,Low
C104397,6225.1,2705.26,0.0547,2861.65,Low
C104398,267246.28,19931.05,0.233,25908.72,Medium
C104399,157383.01,32624.57,0.9706,124860.23,High
C104400,1139238.16,167373.12,0.9984,649674.18,Very High
C104401,135762.34,531.17,0.0736,573.35,Low
C104402,271485.58,15445.48,0.7253,40666.95,Medium
C104403,957834.95,120726.85,0.994,468612.37,Very High
C104404,172708.45,18884.28,0.8035,56049.6,High
C104405,591520.13,45888.73,0.7319,122055.05,High
C104406,618848.9299999999,94002.97,0.9968,364881.16,Very High
C104407,178438.03,29603.45,0.8708,97374.38,High
C104408,165985.11000000002,567.73,0.0149,597.61,Low
C104410,1986250.22,205944.95,0.9993,799394.27,Very High
C104411,1432905.44,101055.21,0.9908,392255.09,Very High
C104412,183260.8,26384.92,0.6975,66576.37,High
C104413,620765.42,108745.48,0.9958,422105.59,Very High
C104414,128729.54,30434.26,0.6952,76521.29,High
C104415,0.0,3233.65,0.1091,3629.23,Low
C104416,125200.76,17478.53,0.7095,44920.71,Medium
C104417,19495.92,17467.71,0.5812,36951.96,Medium
C104418,1083551.63,161357.64,0.9993,626324.51,Very High
C104419,453980.95,60005.51,0.9962,232916.9,Very High
C104420,2149.74,2183.53,0.0369,2298.44,Low
C104421,75628.46,3356.28,0.1179,3804.06,Low
C104422,312203.67,10118.77,0.1286,11609.56,Medium
C104423,36162.32,12808.83,0.3372,19075.37,Medium
C104424,689.86,16357.51,0.3826,25927.73,Medium
C104425,0.0,12588.06,0.7246,33108.41,Medium
C104426,49025.41,120549.75,0.9452,443986.01,Very High
C104427,93282.31,1228.68,0.0278,1293.34,Low
C104428,738262.77,97660.0,0.9951,379076.29,Very High
C104429,0.0,17292.34,0.6043,37872.99,Medium
C104430,1398387.35,150141.41,0.9995,582787.68,Very High
C104431,209009.33,541.87,0.0258,570.39,Low
C104432,1630545.23,191200.54,0.9986,742162.49,Very High
C104433,9971.51,13784.55,0.6621,32957.17,Medium
C104434,235250.65,11560.82,0.5457,23189.67,Medium
C104435,693505.39,37668.69,0.9467,139057.52,High
C104436,0.0,3918.16,0.1453,4582.4,Low
C104437,203460.2,8738.07,0.214,11094.24,Medium
C104438,262464.86,30796.91,0.8648,100373.71,High
C104439,363314.18,26745.5,0.874,88410.92,High
C104440,697109.22,139494.7,0.9993,541461.5,Very High
C104441,325205.73,18239.96,0.3677,28317.97,Medium
C104442,55784.26,17108.39,0.5555,34826.16,Medium
C104443,819100.59,74022.01,0.9451,272580.45,Very High
C104444,93339.72,5778.26,0.0744,6242.75,Low
C104445,1292709.8,160403.34,0.9964,622620.32,Very High
C104446,289658.28,22061.39,0.8199,67142.33,High
C104447,984817.78,126351.16,0.9991,490443.66,Very High
C104448,769926.3099999999,136538.14,0.9963,529985.37,Very High
C104449,30467.36,762.67,0.0572,808.92,Low
C104450,451520.27,116079.21,0.9949,450572.12,Very High
C104451,358997.88,90737.63,0.9773,350795.08,Very High
C104452,324522.85,95867.07,0.9091,334289.14,Very High
C104453,0.0,18289.6,0.4993,34259.45,Medium
C104454,181618.65,52810.8,0.9481,195357.39,High
C104455,12588.79,12229.24,0.2598,16446.18,Medium
C104456,0.0,13834.97,0.534,27273.74,Medium
C104457,184008.21,10371.67,0.1677,12452.13,Medium
C104458,0.0,6268.78,0.1421,7303.88,Low
C104459,141752.56,4808.26,0.099,5336.08,Low
C104460,3676.72,3462.97,0.1232,3948.71,Low
C104461,30440.97,98155.89,0.8781,326504.65,Very High
C104462,221962.36,11359.4,0.4539,19919.05,Medium
C104463,560436.78,35521.78,0.5194,68528.72,High
C104464,318912.61,11021.08,0.4955,20528.84,Medium
C104465,364578.72,77924.02,0.9815,302469.24,Very High
C104466,992.23,55671.14,0.5214,107730.08,High
C104467,0.0,31312.21,0.8836,105030.38,High
C104468,171367.30000000002,26763.6,0.8078,79961.1,High
C104469,0.0,24852.62,0.8722,81926.06,High
C104470,96637.65,9487.68,0.3472,14323.52,Medium
C104471,151964.37,16029.86,0.5804,33869.46,Medium
C104472,136846.91,99619.01,0.9901,386680.36,Very High
C104473,168832.51,19260.26,0.4904,35607.86,Medium
C104474,522669.62,104021.84,0.9911,403770.34,Very High
C104475,0.0,313.37,0.0262,329.86,Low
C104476,228189.91,25272.99,0.4301,42828.64,Medium
C104477,185869.94,90441.03,0.9985,351055.18,Very High
C104478,52352.84,733.4,0.0561,776.98,Low
C104479,269087.98,9759.31,0.109,10951.77,Medium
C104480,147385.56,801.76,0.0136,843.96,Low
C104481,1504417.99,134414.52,0.9852,521742.32,Very High
C104482,25774.32,790.5,0.0981,876.44,Low
C104483,728664.2,181668.87,0.9971,705164.41,Very High
C104484,70189.57,13201.63,0.3477,19942.44,Medium
C104485,85227.62999999999,518.88,0.0401,546.19,Low
C104486,0.0,22349.92,0.9535,83360.09,High
C104487,425370.32,87820.22,0.9908,340882.25,Very High
C104488,121170.74,10601.89,0.5144,20302.65,Medium
C104489,7413.93,2961.37,0.0925,3263.11,Low
C104490,258681.28,16858.09,0.354,25687.82,Medium
C104491,89191.48000000001,34093.43,0.6465,79600.43,High
C104492,61632.29,52003.51,0.9523,193590.04,High
C104493,20268.07,15901.12,0.3883,25404.33,Medium
C104494,204650.5,12438.87,0.5384,24683.68,Medium
C104495,1240.71,734.37,0.0852,802.72,Low
C104496,437900.08,10823.72,0.2327,14064.26,Medium
C104497,247792.81,134501.04,0.9951,522078.15,Very High
C104498,1786645.11,167998.91,0.9986,652103.23,Very High
C104499,1770449.62,162367.69,0.9946,630245.13,Very High
C104500,736637.33,45344.3,0.8841,152210.96,High
C104501,731109.73,182779.03,0.9961,709473.62,Very High
C104502,180939.44,6726.85,0.1888,8281.99,Low
C104503,564529.48,5713.07,0.0423,6013.72,Low
C104504,1472183.28,149632.69,0.9996,580813.04,Very High
C104505,49589.45,49199.4,0.666,118324.03,High
C104506,121232.56,15975.91,0.3653,24723.94,Medium
C104507,18163.6,11161.18,0.3599,17144.72,Medium
C104508,0.0,21610.96,0.4298,36607.22,Medium
C104509,13872.95,60600.34,0.9326,218970.74,High
C104510,649763.62,78950.13,0.9501,292919.93,Very High
C104511,40284.32,15528.94,0.5397,30873.25,Medium
C104512,77190.91,69614.54,0.9615,262770.09,Very High
C104514,1738804.04,152312.25,0.999,591214.0,Very High
C104515,1608375.16,218394.11,0.9988,847716.83,Very High
C104516,92474.8,30855.05,0.6318,70444.44,High
C104517,0.0,22734.37,0.6821,56029.58,High
C104518,0.0,28966.79,0.6644,69492.56,High
C104519,176496.04,19065.68,0.1612,22713.31,Medium
C104520,85230.95,410.57,0.0379,432.17,Low
C104521,16298.05,1808.54,0.0548,1913.39,Low
C104522,78891.75,23968.94,0.8466,75982.83,High
C104523,55279.8,3739.87,0.2479,4953.75,Low
C104524,119489.64,5245.31,0.2293,6787.18,Low
C104525,1898976.19,200566.29,0.9993,778516.5,Very High
C104526,464022.51,5348.78,0.3228,7812.83,Low
C104527,33022.41,2754.45,0.0868,3016.01,Low
C104528,16778.42,4485.9,0.2687,6102.41,Low
C104529,289734.0,12633.86,0.2253,16267.0,Medium
C104531,520530.3,49022.72,0.8765,162652.87,High
C104532,46146.09,1763.98,0.0921,1942.7,Low
C104533,558811.4299999999,16363.5,0.6922,40955.18,Medium
C104534,10375.63,45107.87,0.6092,99529.93,High
C104535,10077.83,68798.17,0.8144,207630.21,High
C104536,719314.8,118163.12,0.9984,458661.02,Very High
C104537,130419.57,33033.47,0.8315,102326.66,High
C104538,222831.06,29663.78,0.8746,98148.16,High
C104539,210807.73,16331.35,0.6758,39869.22,Medium
C104540,359340.12,21607.35,0.657,51257.99,High
C104541,51295.26,736.03,0.0972,815.23,Low
C104542,1680895.47,159067.17,0.9991,617433.84,Very High
C104543,1026801.7,154454.04,0.9991,599527.57,Very High
C104544,367343.23,141919.04,0.9785,549613.74,Very High
C104545,637506.21,102623.78,0.9877,398343.64,Very High
C104546,810238.12,77769.78,0.456,136784.46,High
C104547,15665.749999999998,45625.05,0.7012,115772.45,High
C104548,180639.23,26501.51,0.7824,76152.3,High
C104549,94273.09,1673.11,0.0803,1819.11,Low
C104550,34752.3,27245.96,0.6718,66109.44,High
C104551,85590.64,25633.68,0.8368,80059.49,High
C104552,54236.61,14862.07,0.2121,18823.7,Medium
C104553,88725.26000000001,30542.37,0.8131,91988.18,High
C104555,48580.07,3605.25,0.0464,3794.97,Low
C104556,103859.54,978.77,0.0151,1030.28,Low
C104557,22623.28,16599.13,0.7578,45935.23,High
C104558,236603.98,4648.56,0.4152,7712.3,Low
C104559,169287.5,22502.97,0.2391,29478.26,Medium
C104560,0.0,11675.41,0.307,16699.05,Medium
C104561,48392.14,37853.48,0.8876,127754.25,High
C104562,84844.31,16042.88,0.1857,19678.79,Medium
C104563,355467.12,26786.79,0.8806,89443.49,High
C104564,0.0,23034.05,0.9596,86707.77,High
C104565,98405.08,56893.46,0.9821,220837.21,Very High
C104566,245944.39,1884.19,0.0941,2079.66,Low
C104567,255190.84,32607.02,0.8779,108427.6,High
C104568,319957.16000000003,10743.62,0.2285,13888.31,Medium
C104569,12130.44,16759.34,0.7112,43187.12,Medium
C104570,191601.4,2328.59,0.286,3239.42,Low
C104572,41285.4,6616.85,0.0797,7189.48,Low
C104573,104930.48,9576.69,0.8088,28655.95,Medium
C104574,29570.01,423.6,0.0743,457.61,Low
C104575,2801.92,5459.71,0.4709,9811.51,Medium
C104576,209374.3,4768.57,0.2295,6171.6,Low
C104577,113218.88,35629.14,0.8468,112990.11,High
C104578,258251.32,19601.56,0.5313,38485.94,Medium
C104579,965022.78,245851.76,0.9991,954296.22,Very High
C104580,0.0,15728.58,0.4383,26968.64,Medium
C104581,34909.59,112930.2,0.9478,417592.67,Very High
C104582,786278.35,220499.75,0.9987,855890.06,Very High
C104583,1386249.19,165647.67,0.9988,642976.67,Very High
C104584,589761.16,78383.32,0.997,304252.07,Very High
C104585,374983.97,46768.52,0.9326,168994.46,High
C104586,138899.43,14625.67,0.443,25245.93,Medium
C104587,166551.75,2465.33,0.0406,2595.07,Low
C104588,0.0,6254.29,0.2462,8266.44,Low
C104589,787902.71,174274.85,0.9961,676463.85,Very High
C104590,1586046.5,176958.69,0.9977,686881.42,Very High
C104591,105151.87,72079.03,0.982,279781.38,Very High
C104592,342564.46,88310.42,0.9967,342785.04,Very High
C104593,746406.72,156657.84,0.9985,608081.81,Very High
C104594,12368.95,63317.17,0.8392,198455.58,High
C104595,0.0,294.38,0.0231,309.88,Low
C104596,81114.73999999999,14354.93,0.3039,20447.06,Medium
C104597,375480.08,4474.62,0.091,4922.19,Low
C104598,265949.92,12420.01,0.6761,30332.36,Medium
C104599,32244.88,4793.06,0.1047,5353.19,Low
C104600,133267.44999999998,18834.21,0.5499,38017.83,Medium
C104601,103063.61,31284.73,0.7856,90339.9,High
C104602,213335.85,11766.75,0.5053,22235.03,Medium
C104603,114476.17,40615.0,0.9498,150639.16,High
C104604,121819.22,70478.71,0.9792,273220.3,Very High
C104605,218726.86,3386.81,0.1351,3914.68,Low
C104606,18390.75,13881.86,0.4731,25027.19,Medium
C104607,905490.93,120315.9,0.9982,467017.24,Very High
C104608,1633844.8,170727.17,0.9991,662693.22,Very High
C104609,113698.06,8029.42,0.5383,15931.36,Medium
C104610,343104.29000000004,26788.34,0.6338,61350.46,High
C104611,129222.99,16657.64,0.3646,25752.51,Medium
C104612,226337.19,24168.37,0.7663,67754.36,High
C104613,72822.84,13756.31,0.4809,25082.45,Medium
C104614,452055.69,67172.84,0.9918,260737.54,Very High
C104615,1803840.98,139939.29,0.9941,543187.23,Very High
C104616,696358.18,111126.82,0.9991,431348.96,Very High
C104617,311081.2,65640.84,0.8523,209893.42,High
C104618,155404.0,4607.79,0.221,5900.61,Low
C104619,497499.4,99118.83,0.9975,384738.85,Very High
C104620,0.0,401.72,0.0167,422.87,Low
C104621,89683.97,3427.42,0.1317,3946.15,Low
C104622,204869.9,2378.89,0.1658,2849.41,Low
C104623,797846.4400000001,87436.3,0.9949,339392.06,Very High
C104624,148660.3,72986.11,0.9695,278849.69,Very High
C104625,120774.19,34268.0,0.8439,108191.2,High
C104626,117655.26,15871.94,0.1777,19283.17,Medium
C104627,146642.92,22055.19,0.3118,31743.3,Medium
C104628,197200.58,8098.84,0.1657,9700.13,Medium
C104629,209864.58,4253.24,0.0741,4593.65,Low
C104630,0.0,856.19,0.1092,960.98,Low
C104631,192411.12,23775.22,0.75,65014.68,High
C104632,37128.21,8497.08,0.2112,10751.17,Medium
C104633,1238.26,12458.95,0.2396,16330.88,Medium
C104634,114047.29,3465.47,0.1907,4276.55,Low
C104635,411804.42,5080.38,0.4782,9226.48,Medium
C104636,938809.45,54060.85,0.9159,190469.61,High
C104637,38589.96,16937.83,0.4482,29458.93,Medium
C104638,38706.27,10561.07,0.2576,14162.23,Medium
C104639,843167.5700000001,126871.4,0.9964,492463.0,Very High
C104640,64002.43,36945.01,0.6651,88727.8,High
C104641,9381.18,15534.14,0.2014,19420.71,Medium
C104642,298407.23,35395.53,0.9026,122210.97,High
C104643,602214.39,9798.9,0.2484,12988.38,Medium
C104644,123995.42,49241.98,0.8243,150867.42,High
C104645,74633.27,12292.89,0.5128,23487.82,Medium
C104646,122226.23,625.63,0.0538,661.2,Low
C104647,1553633.08,160998.14,0.999,624929.08,Very High
C104648,85025.47,35772.41,0.5972,77516.59,High
C104649,482084.11,18697.25,0.4725,33676.16,Medium
C104650,486005.8,31817.19,0.8623,103309.77,High
C104651,0.0,35146.88,0.7648,98302.58,High
C104652,408995.36,10911.3,0.1028,12160.19,Medium
C104653,623637.85,99680.48,0.9989,386918.95,Very High
C104654,513472.66,50849.19,0.9803,197375.81,High
C104655,250821.22,105677.53,0.9795,409902.86,Very High
C104656,158562.94,3818.16,0.086,4177.1,Low
C104658,38814.21,16429.01,0.1494,19304.17,Medium
C104659,36554.28,18766.48,0.8315,58134.94,High
C104660,605242.56,9450.87,0.7746,26834.82,Medium
C104661,1400300.13,148985.35,0.9984,578300.34,Very High
C104662,112911.36,38687.56,0.7928,112949.09,High
C104663,329125.19,207823.32,0.999,806685.34,Very High
C104664,8942.64,5063.19,0.2319,6572.67,Low
C104665,245864.88,14695.92,0.0833,16031.41,Medium
C104666,364.73,45889.8,0.8963,156924.0,High
C104667,120195.12,840.19,0.0913,924.58,Low
C104668,0.0,23098.78,0.5396,45916.24,High
C104669,29344.66,41985.77,0.8855,141228.85,High
C104670,10340.53,31763.44,0.714,82195.89,High
C104671,221548.55,29430.97,0.8079,87937.9,High
C104672,42236.19,22806.39,0.6542,53870.3,High
C104673,141791.22999999998,9668.94,0.5974,20955.86,Medium
C104674,89035.15000000001,507.16,0.0095,533.85,Low
C104675,510135.84,6107.18,0.0928,6731.5,Low
C104676,18961.45,13171.66,0.2928,18487.59,Medium
C104677,2446.3900000000003,11363.67,0.5259,22134.27,Medium
C104678,52257.33,10774.32,0.3791,16994.57,Medium
C104679,170992.59999999998,22303.71,0.7252,58717.28,High
C104680,210512.53,2252.99,0.0316,2371.56,Low
C104681,1088857.33,135133.11,0.9986,524531.59,Very High
C104682,398324.78,59543.87,0.9941,231125.0,Very High
C104683,5261.6,47277.01,0.7719,133677.55,High
C104684,40010.82,2060.26,0.1099,2314.4,Low
C104685,163895.58000000002,10660.85,0.6311,24315.69,Medium
C104686,115929.26,10392.73,0.2024,13007.53,Medium
C104687,105980.9,2099.17,0.0806,2283.14,Low
C104688,562339.7,134280.63,0.9958,521222.62,Very High
C104689,71132.51000000001,13778.88,0.1077,15439.6,Medium
C104690,73772.31,15611.03,0.302,22180.64,Medium
C104692,937114.3,85783.2,0.8586,276986.25,Very High
C104693,83545.73000000001,344.0,0.0424,362.1,Low
C104694,0.0,292.58,0.0133,307.98,Low
C104695,71492.76,349.71,0.0431,368.12,Low
C104696,145090.53,66963.54,0.9175,236503.24,Very High
C104697,35775.67,296.13,0.0262,311.71,Low
C104698,1654471.36,163451.74,0.9984,634452.97,Very High
C104699,46667.350000000006,30072.94,0.8883,101602.21,High
C104701,4570.89,537.05,0.0147,565.31,Low
C104702,924789.88,43554.34,0.1724,52581.9,High
C104703,60969.02,4408.62,0.1416,5133.64,Low
C104704,79325.47,5526.06,0.14,6422.89,Low
C104706,189271.85,23905.68,0.4812,43608.48,Medium
C104707,1601630.77,190030.44,0.9981,737620.64,Very High
C104708,1061108.21,201021.51,0.9993,780283.47,Very High
C104709,894178.25,41862.48,0.9571,156982.83,High
C104710,1104179.8,184897.21,0.9995,717695.52,Very High
C104711,200160.56,9038.01,0.4411,15559.57,Medium
C104712,514.57,69796.52,0.6601,166362.11,High
C104713,21169.58,16988.92,0.5882,36318.2,Medium
C104714,181288.1,1087.76,0.055,1151.04,Low
C104715,1260637.82,148820.26,0.9982,577659.55,Very High
C104716,71966.5,15790.52,0.3254,23146.06,Medium
C104717,286551.07,12887.19,0.4353,22001.67,Medium
C104718,1167268.02,148567.59,0.9992,576678.79,Very High
C104719,1727147.34,197871.75,0.9994,768057.41,Very High
C104720,421257.47,80751.64,0.9981,313444.91,Very High
C104721,0.0,2839.16,0.0975,3145.77,Low
C104722,79514.78,42416.85,0.9241,151302.77,High
C104723,244598.97,42140.61,0.7821,121034.75,High
C104724,31508.97,506.89,0.0311,533.57,Low
C104725,148667.08,4532.86,0.1542,5356.48,Low
C104726,2370568.08,155688.59,0.989,604319.6,Very High
C104727,282937.17,95031.09,0.9799,368822.83,Very High
C104728,150049.72999999998,22359.37,0.6763,54626.07,High
C104729,0.0,17709.43,0.6057,38866.6,Medium
C104730,72860.94,63426.13,0.9458,233816.61,Very High
C104731,875821.29,59835.05,0.2888,83552.58,High
C104732,302951.54000000004,20698.95,0.9251,73954.9,High
C104733,2242206.18,183810.33,0.9981,713476.69,Very High
C104734,97616.02,484.86,0.0372,510.37,Low
C104735,485769.87,44610.52,0.9795,173021.59,High
C104736,299493.44,10772.06,0.0894,11828.41,Medium
C104737,69081.03,5555.49,0.3549,8474.65,Low
C104738,59198.51,9359.62,0.3101,13441.2,Medium
C104739,1560789.87,165799.87,0.9992,643567.45,Very High
C104740,575746.74,78883.94,0.9832,306195.27,Very High
C104741,1100.79,382.9,0.0215,403.05,Low
C104742,84704.05,39470.56,0.8297,121943.21,High
C104743,84873.75,2286.94,0.1097,2568.31,Low
C104744,1332107.89,224999.28,0.9992,873355.42,Very High
C104745,116796.38,27059.41,0.5337,53322.34,High
C104746,28406.61,3989.15,0.2048,5007.94,Low
C104747,165051.53,53097.48,0.9515,197422.51,High
C104748,182574.2,10480.16,0.3271,15396.26,Medium
C104749,0.0,1265.3,0.1045,1412.76,Low
C104751,434480.67,41436.07,0.9788,160536.68,High
C104752,66112.78,717.8,0.029,755.57,Low
C104753,1569.61,14880.0,0.3588,22821.06,Medium
C104754,330370.69,38826.1,0.9,133526.68,High
C104755,56816.310000000005,5357.83,0.2838,7432.52,Low
C104756,16511.02,4178.37,0.1278,4789.1,Low
C104757,76963.76,26064.64,0.3545,39741.35,Medium
C104758,0.0,11334.26,0.1696,13637.39,Medium
C104759,1264279.07,224241.08,0.9991,870412.39,Very High
C104760,134657.25,9069.92,0.1867,11138.25,Medium
C104761,19637.71,14918.86,0.5197,28795.01,Medium
C104762,615457.23,9386.48,0.1933,11618.84,Medium
C104763,436953.53,20512.36,0.7443,55604.19,High
C104764,42320.01,22683.27,0.8916,77012.7,High
C104765,57163.44,4878.18,0.176,5914.56,Low
C104766,45942.07,15815.95,0.4987,29598.84,Medium
C104767,401109.37,33037.08,0.7488,90174.42,High
C104769,645847.88,17492.28,0.074,18890.36,Medium
C104770,0.0,25177.64,0.6582,59836.34,High
C104771,439754.22,73889.05,0.7474,201241.85,High
C104772,148260.65000000002,9364.56,0.1571,11102.93,Medium
C104773,135149.44,41632.25,0.9191,147382.73,High
C104774,697455.38,202695.32,0.9959,786780.53,Very High
C104775,555313.96,160091.07,0.9985,621408.22,Very High
C104776,90812.47,1256.91,0.0546,1329.43,Low
C104777,205067.39,13052.69,0.118,14796.91,Medium
C104778,22039.94,8033.95,0.161,9568.71,Medium
C104779,4223.36,20201.34,0.7229,52991.89,High
C104780,1370646.15,139399.0,0.999,541090.06,Very High
C104781,18426.99,18024.14,0.7934,52674.74,High
C104782,10924.21,30880.89,0.9008,106331.24,High
C104783,0.0,13041.68,0.9086,45441.05,Medium
C104784,722563.45,154558.18,0.9977,599931.79,Very High
C104785,208145.62,58186.06,0.9682,221879.41,Very High
C104786,648051.46,173735.99,0.9934,674372.25,Very High
C104787,233647.51,78618.45,0.9731,301999.18,Very High
C104788,42912.1,16835.22,0.2217,21577.95,Medium
C104789,698635.35,60518.2,0.994,234906.95,Very High
C104790,113988.04,7292.78,0.5132,13941.03,Medium
C104791,160731.66,62152.15,0.9365,225903.98,Very High
C104792,226484.87,31959.83,0.7534,87839.71,High
C104793,11670.69,47202.9,0.9153,166150.32,High
C104794,248039.96,23214.56,0.8775,77140.56,High
C104795,58444.06,4314.14,0.1053,4821.2,Low
C104796,44148.72,4262.02,0.0766,4615.55,Low
C104797,95927.62,5267.93,0.1315,6063.45,Low
C104798,307896.53,10482.08,0.1261,11991.66,Medium
C104799,225211.02,8871.94,0.4296,15023.43,Medium
C104800,406112.84,21998.48,0.3306,32472.08,Medium
C104801,0.0,33398.41,0.894,113819.93,High
C104802,34585.08,3078.1,0.0955,3402.72,Low
C104803,22198.06,1016.48,0.08,1104.86,Low
C104804,782584.8,56986.1,0.8869,192096.3,High
C104805,142389.93,16654.57,0.5449,33368.04,Medium
C104806,365932.41,10652.72,0.6515,25059.67,Medium
C104807,0.0,5492.3,0.2328,7137.47,Low
C104808,407822.55,109593.31,0.9978,425396.52,Very High
C104810,1549052.03,123233.03,0.999,478340.34,Very High
C104811,1547169.66,86228.57,0.9945,334704.11,Very High
C104812,109522.25999999998,4703.11,0.0912,5174.94,Low
C104813,26031.07,27267.34,0.6575,64736.89,High
C104814,108706.16,1426.35,0.0495,1501.41,Low
C104815,10719.09,50560.87,0.8736,167024.85,High
C104816,1062552.99,159590.39,0.9996,619464.78,Very High
C104817,671576.4,13441.21,0.1447,15708.59,Medium
C104818,441047.86,124481.71,0.9989,483187.21,Very High
C104819,12832.52,11653.12,0.4655,20776.79,Medium
C104820,274235.86,21623.26,0.5215,41846.99,Medium
C104821,1101345.97,124595.01,0.999,483627.0,Very High
C104822,72866.41,5047.03,0.5113,9621.15,Medium
C104823,126914.5,38396.69,0.7302,101851.94,High
C104824,156957.58000000002,13185.48,0.1982,16419.27,Medium
C104825,421669.49,32898.59,0.7859,95044.86,High
C104826,78076.88,417.03,0.0312,438.97,Low
C104827,423178.17,29147.92,0.7741,82698.25,High
C104828,270972.34,19287.66,0.7198,50359.72,High
C104829,334559.74,11795.11,0.2133,14962.33,Medium
C104830,93381.47,2700.23,0.1393,3136.0,Low
C104831,1794335.12,182907.38,0.9993,709971.83,Very High
C104832,178947.44999999998,49526.4,0.8486,157491.56,High
C104833,655523.65,11881.38,0.2449,15677.84,Medium
C104834,9271.35,372.19,0.0536,393.28,Low
C104835,75954.73999999999,14419.37,0.3354,21421.87,Medium
C104836,56178.74,6985.68,0.0425,7353.3,Low
C104837,74273.29000000001,3733.26,0.092,4111.13,Low
C104838,70717.7,2377.87,0.1048,2656.02,Low
C104839,1872479.51,166119.63,0.9994,644808.62,Very High
C104840,17422.43,18271.85,0.3295,26928.65,Medium
C104841,213084.18,63657.46,0.9924,247092.27,Very High
C104842,766337.48,96195.35,0.983,373391.11,Very High
C104843,11582.23,11931.56,0.2928,16747.71,Medium
C104844,212855.75,21151.87,0.4109,34882.25,Medium
C104845,164687.9,4719.73,0.1658,5653.34,Low
C104846,27292.37,11313.32,0.2748,15511.37,Medium
C104847,3443.17,56830.06,0.8698,186666.84,High
C104848,85822.45,12526.36,0.6617,29930.29,Medium
C104849,512792.04,42083.1,0.8569,135524.64,High
C104850,141027.45,25640.51,0.3416,38413.32,Medium
C104851,11573.28,12029.43,0.3185,17469.77,Medium
C104852,587656.96,142381.4,0.999,552666.49,Very High
C104853,119553.87,367.84,0.0188,387.19,Low
C104854,144923.14,6092.0,0.3389,9093.2,Low
C104855,154777.43,42672.52,0.9504,158396.64,High
C104856,178218.52,57640.04,0.8452,182348.44,High
C104858,108671.98,36470.54,0.6341,83557.72,High
C104859,0.0,23011.12,0.937,83704.56,High
C104860,338721.18,13820.11,0.5628,28440.4,Medium
C104861,190355.65,15587.41,0.4819,28461.31,Medium
C104862,36767.02,6388.3,0.3539,9732.53,Medium
C104863,539330.56,100349.89,0.9945,389517.33,Very High
C104864,41509.86,14360.22,0.3682,22312.35,Medium
C104865,1389693.49,223135.21,0.9996,866119.86,Very High
C104866,467519.03,57235.75,0.9667,217771.88,High
C104867,55693.99,16330.25,0.4281,27596.93,Medium
C104868,146109.34,26992.2,0.4306,45776.51,High
C104869,452780.21,49156.13,0.9756,189537.27,High
C104870,1292927.11,173446.25,0.9993,673247.57,Very High
C104872,1820751.52,206273.05,0.9991,800667.82,Very High
C104873,70436.29999999999,2787.48,0.1652,3336.62,Low
C104874,612430.42,129958.58,0.9916,504446.17,Very High
C104875,409424.6,40913.12,0.9511,152028.13,High
C104876,44233.78,6325.37,0.1857,7758.57,Low
C104877,139630.37,23573.15,0.8876,79553.32,High
C104878,58242.43,9325.85,0.3135,13452.73,Medium
C104879,698032.98,25255.4,0.2396,33105.04,Medium
C104880,31178.06,357.03,0.055,377.82,Low
C104881,1776036.91,169907.05,0.9983,659509.84,Very High
C104882,119336.98,15923.25,0.3966,25737.82,Medium
C104883,50843.04,484.01,0.0376,509.48,Low
C104884,604712.0700000001,33254.06,0.5411,66252.17,High
C104885,239143.35,126869.73,0.9958,492456.52,Very High
C104886,107177.27,42751.99,0.8338,132909.48,High
C104887,32669.03,434.88,0.1285,498.89,Low
C104888,11469.81,59301.53,0.9219,210838.15,High
C104889,296679.39,31865.95,0.8571,102654.97,High
C104890,2109990.62,139110.27,0.9988,539969.3,Very High
C104891,2007.6,6022.42,0.1056,6732.45,Low
C104892,104091.18,514.18,0.0449,541.24,Low
C104893,21529.98,19271.92,0.6782,47219.74,High
C104894,2341980.55,172667.37,0.9983,670224.27,Very High
C104895,69657.01,34649.07,0.5919,74483.2,High
C104896,535013.0,28894.6,0.8259,88747.36,High
C104897,445858.79,13604.55,0.6396,31432.42,Medium
C104898,177954.2,11243.19,0.5524,22780.8,Medium
C104899,570608.38,13703.13,0.1621,16342.56,Medium
C104900,690725.79,56808.59,0.7519,155787.59,High
C104901,546880.21,117994.6,0.9944,458006.89,Very High
C104902,142267.82,3667.48,0.1013,4080.41,Low
C104903,16697.18,3827.82,0.1401,4449.79,Low
C104904,40209.82,12069.59,0.3289,17773.52,Medium
C104905,66119.48,2026.27,0.0953,2239.42,Low
C104906,99236.68,875.21,0.0236,921.27,Low
C104907,102816.63,9854.78,0.383,15628.82,Medium
C104908,1152579.77,113187.06,0.9989,439345.97,Very High
C104909,21640.88,96615.09,0.9506,358759.99,Very High
C104910,33795.23,7255.73,0.1761,8797.69,Low
C104911,53775.58,620.53,0.0238,653.19,Low
C104912,189235.39,21391.23,0.7951,62677.67,High
C104913,292436.16,27475.47,0.8926,93423.54,High
C104914,52789.18,11511.44,0.2195,14714.73,Medium
C104915,1784744.54,188262.02,0.9986,730756.35,Very High
C104916,203897.77,100058.74,0.9919,388387.2,Very High
C104920,0.0,27716.99,0.7955,81254.7,High
C104921,68821.56,11657.57,0.2706,15896.5,Medium
C104922,19766.82,382.96,0.0767,414.76,Low
C104923,862572.63,131754.27,0.9983,511416.3,Very High
C104924,1856904.77,158462.87,0.9995,615088.21,Very High
C104925,498666.57,31513.71,0.8145,95122.41,High
C104926,165192.48,84065.31,0.9107,293827.5,Very High
C104927,166036.98,69400.84,0.9907,269385.73,Very High
C104928,276469.24,91267.31,0.985,354262.47,Very High
C104929,142719.03999999998,31435.01,0.859,101553.06,High
C104930,1167454.01,107098.49,0.994,415712.65,Very High
C104931,605155.76,95521.57,0.927,342240.57,Very High
C104932,0.0,15162.9,0.9398,55387.35,High
C104933,268143.51,26821.44,0.6258,60683.23,High
C104934,0.0,3244.56,0.0682,3482.01,Low
C104935,421088.14,17012.47,0.4729,30661.39,Medium
C104936,1067618.42,54002.02,0.9307,194576.12,High
C104937,90235.09,77481.07,0.8848,260371.02,Very High
C104938,61310.01,17270.55,0.6054,37886.21,Medium
C104939,183555.54,54503.2,0.9872,211559.18,High
C104940,13771.870000000004,2164.57,0.0421,2278.48,Low
C104941,103918.68,5497.79,0.1397,6388.19,Low
C104942,4110.3,51849.13,0.9468,191439.63,High
C104943,472092.39,62009.46,0.9878,240695.41,Very High
C104944,3941.32,1946.01,0.1031,2169.48,Low
C104945,1214713.34,93782.38,0.9813,364024.95,Very High
C104946,185552.41,20866.12,0.8308,64569.36,High
C104947,123188.19,3523.53,0.0726,3799.4,Low
C104948,12186.22,11412.46,0.1354,13194.81,Medium
C104949,45363.68,329.24,0.0176,346.56,Low
C104950,372019.15,11751.84,0.3916,18862.13,Medium
C104951,7083.71,6044.05,0.264,8171.99,Low
C104952,458365.24,11114.81,0.4213,18601.88,Medium
C104953,171731.67,14720.9,0.3442,22133.26,Medium
C104954,514809.92,94719.17,0.9938,367661.17,Very High
C104955,153365.63,24827.13,0.567,51409.11,High
C104956,49045.57,16957.98,0.5254,33008.88,Medium
C104957,218630.78,6511.85,0.1611,7757.08,Low
C104958,119667.12,90878.39,0.9769,351120.84,Very High
C104959,251208.03,1602.41,0.1496,1883.44,Low
C104960,376031.74,8185.73,0.1815,9990.24,Medium
C104961,453910.9,50627.58,0.9024,174732.23,High
C104962,6167.92,35230.01,0.4557,61932.69,High
C104963,13951.64,371.43,0.0434,390.97,Low
C104964,389526.36,25811.14,0.9337,93428.48,High
C104965,104545.08,3437.36,0.1396,3993.54,Low
C104966,606375.58,29632.79,0.8631,96331.43,High
C104967,5187.97,21761.55,0.364,33615.37,Medium
C104968,973.01,13114.6,0.144,15314.45,Medium
C104969,170587.06,15277.26,0.3084,21890.59,Medium
C104970,185167.15,29548.53,0.8526,94541.57,High
C104971,1848157.92,185105.66,0.9988,718504.65,Very High
C104972,1628194.12,253102.65,0.9987,982441.2,Very High
C104973,437894.02,65681.82,0.9904,254950.03,Very High
C104974,223218.9,13685.7,0.4708,24591.0,Medium
C104975,338954.67,110371.63,0.9149,388242.13,Very High
C104976,183966.88,59820.4,0.9675,227877.5,Very High
C104977,170312.86,13925.01,0.3055,19874.59,Medium
C104978,1513080.0,136067.67,0.9997,528159.19,Very High
C104979,30367.32,10718.84,0.2336,13943.51,Medium
C104980,432754.42,23730.27,0.4093,39045.01,Medium
C104981,47505.1,83960.57,0.9171,296318.36,Very High
C104982,159069.19,8000.45,0.3234,11695.48,Medium
C104983,175710.76,19025.95,0.4287,32179.05,Medium
C104985,160409.12,3431.89,0.0838,3745.64,Low
C104986,339762.23,41795.05,0.6037,91459.55,High
C104987,68434.44,35502.04,0.7934,103743.92,High
C104988,2059275.09,167260.94,0.9993,649238.71,Very High
C104989,10800.74,331.87,0.0487,349.34,Low
C104991,629904.53,30472.79,0.7759,86700.61,High
C104992,366049.65,130787.75,0.9782,506274.53,Very High
C104993,92593.12,68256.13,0.8677,223477.75,Very High
C104994,291538.78,39643.66,0.8506,126446.96,High
C104995,179252.93,8290.06,0.297,11700.33,Medium
C104996,187544.03,19378.91,0.3252,28395.49,Medium
C104997,291403.97000000003,985.97,0.0413,1037.86,Low
C104998,117426.81,7890.76,0.1586,9372.52,Medium
C104999,215158.59,15844.13,0.5047,29911.81,Medium
C105000,43738.82,67725.68,0.5437,135443.92,High
C105001,644471.78,84530.23,0.9066,293615.29,Very High
C105002,22680.02,41134.49,0.8126,123787.36,High
C105003,290313.75,12974.13,0.4239,21792.94,Medium
C105004,134284.12,6158.02,0.2863,8570.58,Low
C105005,439812.44,10765.99,0.3493,16298.55,Medium
C105006,82734.2,4779.22,0.1452,5588.73,Low
C105007,0.0,24341.89,0.5432,48647.35,High
C105008,950582.05,57909.67,0.9808,224781.7,Very High
C105009,79352.37000000001,875.0,0.0643,935.12,Low
C105010,96610.97,29828.58,0.6717,72365.89,High
C105011,0.0,824.98,0.0922,908.75,Low
C105012,41824.310000000005,52300.78,0.9207,185614.41,High
C105013,153128.88,26529.83,0.4377,45449.13,Medium
C105014,170880.09,2735.58,0.022,2879.54,Low
C105015,443422.86,86274.01,0.975,332371.95,Very High
C105016,831812.14,186656.99,0.9984,724526.28,Very High
C105017,700103.41,54519.09,0.9208,193511.82,High
C105018,0.0,16114.39,0.8794,53707.83,High
C105019,988968.27,59062.81,0.9384,215311.55,High
C105020,121909.98,68393.81,0.9642,259225.21,Very High
C105021,59837.86,444.97,0.0393,468.39,Low
C105022,2234844.54,257719.86,0.9993,1000363.35,Very High
C105023,119510.44,1953.31,0.1555,2311.66,Low
C105024,1481123.06,191432.18,0.9992,743061.63,Very High
C105025,688312.87,157217.11,0.9992,610252.69,Very High
C105026,133198.15,16528.86,0.0656,17689.67,Medium
C105027,104395.65,14792.14,0.4307,25088.89,Medium
C105028,27166.29,7489.71,0.1571,8880.11,Low
C105029,322559.01,2737.93,0.0158,2882.02,Low
C105030,301397.88,760.12,0.0304,800.12,Low
C105031,271002.16000000003,7323.8,0.0601,7791.9,Low
C105032,342916.76,5081.67,0.3979,8228.11,Low
C105033,659472.7,41436.27,0.9505,153836.6,High
C105034,9438.28,298.2,0.0626,318.1,Low
C105035,62330.0,3233.63,0.1584,3839.79,Low
C105036,748032.81,118395.09,0.9883,459561.45,Very High
C105037,385490.22,25926.31,0.8276,79836.57,High
C105038,769220.41,61070.81,0.7619,170052.57,High
C105039,46636.94,10745.51,0.3024,15274.05,Medium
C105040,119125.68,717.03,0.0694,770.48,Low
C105041,374052.58,26088.48,0.4143,43231.14,Medium
C105042,450801.81,164617.5,0.9961,638977.98,Very High
C105043,780147.9,63345.03,0.9163,223311.2,Very High
C105044,393104.31,13174.1,0.4041,21518.03,Medium
C105045,0.0,35590.01,0.8548,114241.54,High
C105046,89441.37,5620.67,0.167,6742.2,Low
C105047,934623.59,66642.47,0.9509,247557.86,Very High
C105048,138868.84,20523.18,0.6965,51707.15,High
C105049,147723.8,6783.04,0.1482,7959.64,Low
C105050,2107428.24,162520.41,0.9994,630837.92,Very High
C105051,2135329.82,155281.74,0.9983,602740.36,Very High
C105052,0.0,15016.61,0.5923,32300.85,Medium
C105054,75705.23,43949.17,0.4428,75838.85,High
C105055,3241.64,8624.25,0.1601,10261.14,Medium
C105056,15378.66,7979.9,0.6681,19252.62,Medium
C105057,887606.42,149163.14,0.9991,578990.45,Very High
C105058,328437.24,44612.11,0.8619,144778.05,High
C105060,309281.8,29114.75,0.8155,88015.46,High
C105061,2717122.04,161113.35,0.9996,625376.3,Very High
C105062,70500.79,7200.33,0.3245,10541.15,Medium
C105064,344674.72,24352.71,0.8113,73144.56,High
C105065,435272.72,14561.84,0.388,23254.88,Medium
C105066,86598.70999999999,41261.89,0.9167,145550.71,High
C105067,456655.75,107694.39,0.9975,418025.69,Very High
C105068,440182.69,61710.61,0.985,239535.4,Very High
C105069,593672.1599999999,113341.95,0.9965,439947.2,Very High
C105070,371782.92,43600.29,0.9364,158465.68,High
C105071,569523.5800000001,59306.17,0.8633,192850.63,High
C105072,670841.09,113544.75,0.9978,440734.4,Very High
C105073,0.0,22018.76,0.8043,65429.41,High
C105074,152465.14,669.66,0.048,704.9,Low
C105075,2216462.37,163532.77,0.9995,634767.5,Very High
C105076,54982.11,2003.0,0.0747,2164.73,Low
C105078,425710.54,15408.92,0.5558,31378.57,Medium
C105079,904981.41,167169.63,0.9983,648884.29,Very High
C105080,19317.49,7108.38,0.1893,8757.31,Low
C105081,294655.98,34905.25,0.7508,95563.76,High
C105082,1920029.01,192540.85,0.9993,747365.01,Very High
C105084,59759.45,3835.09,0.1484,4501.25,Low
C105085,341825.3,4246.53,0.54,8446.6,Low
C105086,1450564.88,195956.49,0.9994,760623.15,Very High
C105087,22697.31,97872.81,0.9193,346584.85,Very High
C105088,107380.07,2919.57,0.2068,3673.91,Low
C105089,46722.75,2337.16,0.31,3356.05,Low
C105090,154423.16,19286.25,0.2431,25391.24,Medium
C105091,299685.87,75401.08,0.997,292676.23,Very High
C105092,59688.26,84561.44,0.8702,277892.21,Very High
C105093,62557.83,718.44,0.0872,787.03,Low
C105094,516234.15,46957.98,0.8682,153859.93,High
C105095,342131.38,111541.12,0.9983,432957.11,Very High
C105096,1739999.18,107036.74,0.9851,415472.94,Very High
C105097,174769.89,36327.19,0.8205,110658.45,High
C105098,675327.52,66280.5,0.9517,246536.38,Very High
C105099,90611.85,1596.38,0.2503,2120.91,Low
C105100,40337.07,3393.34,0.0874,3717.98,Low
C105101,400059.7,5031.33,0.1297,5779.77,Low
C105102,15462.14,14092.95,0.6432,32739.64,Medium
C105103,708754.4,80670.01,0.8862,271663.01,Very High
C105104,1427613.8,142269.03,0.9988,552230.33,Very High
C105105,36681.73,33572.51,0.7993,98995.43,High
C105106,52195.27,80826.79,0.9409,295746.27,Very High
C105107,171760.99,344.63,0.0144,362.77,Low
C105108,115319.13999999998,414.88,0.0273,436.71,Low
C105109,287976.81,33955.44,0.9378,123665.69,High
C105110,232157.94,122469.06,0.9769,473176.78,Very High
C105112,469230.71,141348.55,0.9984,548657.38,Very High
C105113,1598688.33,267637.84,0.9992,1038860.9,Very High
C105114,321790.69,111147.86,0.9913,431430.63,Very High
C105115,151201.26,544.13,0.0935,600.2,Low
C105116,179856.69,848.57,0.0974,940.02,Low
C105117,15975.6,11092.01,0.3966,17928.91,Medium
C105118,773955.6699999999,155816.6,0.9987,604816.47,Very High
C105119,55310.630000000005,340.67,0.0143,358.6,Low
C105120,222457.31,1937.87,0.0912,2132.09,Low
C105121,131668.59,10371.79,0.4378,17770.99,Medium
C105122,237233.33,2174.36,0.0841,2373.96,Low
C105123,547463.21,33119.83,0.8795,110405.89,High
C105124,61677.84,5640.66,0.2128,7150.42,Low
C105125,241488.17,3179.65,0.5014,5974.19,Low
C105126,372745.61,21584.06,0.6273,48942.61,High
C105127,135215.12,6666.56,0.1512,7850.21,Low
C105128,90743.8,1053.91,0.0264,1109.37,Low
C105129,246858.71,94706.26,0.9932,367611.06,Very High
C105130,78717.27,6587.34,0.4082,10822.11,Medium
C105131,249334.22,26662.46,0.3556,40714.94,Medium
C105132,434319.65,21706.79,0.8438,68522.19,High
C105133,14293.87,311.18,0.0356,327.55,Low
C105134,3673.43,27097.29,0.7392,72878.15,High
C105135,42480.53,5397.99,0.1883,6641.65,Low
C105136,114052.69,32902.59,0.8563,105853.77,High
C105137,63201.880000000005,104538.86,0.9659,397264.46,Very High
C105138,0.0,16251.41,0.6208,36493.84,Medium
C105139,480536.25,137348.58,0.9576,515393.8,Very High
C105140,80476.94,21455.44,0.4595,37927.3,Medium
C105141,14733.03,2708.86,0.4893,5000.18,Low
C105142,152774.99,24778.54,0.7376,66479.31,High
C105143,1559902.57,160151.42,0.9981,621642.47,Very High
C105144,45149.27,14130.27,0.4178,23531.36,Medium
C105145,338506.53,11859.04,0.618,26517.13,Medium
C105146,2400.17,29664.87,0.4165,49311.29,High
C105147,609827.19,89282.52,0.9793,346198.9,Very High
C105148,146314.5,26739.49,0.5884,57178.46,High
C105149,173118.08000000002,983.97,0.0194,1035.76,Low
C105150,51095.93,1003.2,0.0791,1089.37,Low
C105152,74890.25,34054.12,0.7933,99499.91,High
C105153,318595.35000000003,9212.75,0.2954,12975.51,Medium
C105154,165177.03,1826.12,0.0592,1941.08,Low
C105155,156931.51,38681.55,0.8827,129571.21,High
C105157,28698.140000000003,303.24,0.0113,319.2,Low
C105158,90382.05,16869.29,0.3644,26072.58,Medium
C105159,224299.06,3914.63,0.2001,4885.88,Low
C105160,193656.49,101340.78,0.9974,393363.58,Very High
C105161,238485.23,23521.28,0.6981,59406.19,High
C105162,72490.35,377.12,0.035,396.96,Low
C105163,155896.89,10415.63,0.1302,11971.8,Medium
C105164,208710.3,13965.04,0.5536,28347.29,Medium
C105165,72927.92,17570.78,0.5586,35931.47,Medium
C105166,102654.94,1425.75,0.0461,1500.78,Low
C105168,0.0,927.81,0.0414,976.64,Low
C105169,15576.51,52460.07,0.9077,182534.85,High
C105170,33883.03,38907.87,0.8302,120293.91,High
C105171,107792.28,9135.04,0.251,12147.28,Medium
C105172,1141244.49,54768.98,0.9569,205320.21,High
C105173,4491.19,23514.37,0.6227,52953.16,High
C105174,401838.36,10645.0,0.2224,13655.74,Medium
C105175,68153.48,3146.43,0.0379,3312.01,Low
C105176,689947.88,144551.75,0.9991,561090.91,Very High
C105177,100089.26,80139.46,0.9603,301967.83,Very High
C105178,162668.68,50567.48,0.9169,178427.68,High
C105179,54470.880000000005,3013.46,0.1413,3508.09,Low
C105180,334833.36,20439.61,0.4905,37795.86,Medium
C105181,267498.49,21044.36,0.2321,27326.65,Medium
C105182,179858.59,33168.82,0.8735,109556.18,High
C105183,2058252.55,188520.58,0.9979,731759.98,Very High
C105184,41014.81,6146.12,0.579,12957.5,Medium
C105185,174501.3,8377.83,0.4124,13846.09,Medium
C105186,1485118.19,164629.84,0.9991,639025.86,Very High
C105187,46986.39,354.04,0.0488,372.67,Low
C105188,186547.48,20457.87,0.8129,61593.11,High
C105189,10881.23,39667.21,0.8871,133756.97,High
C105190,132003.07,2487.88,0.0987,2759.91,Low
C105191,137881.29,53461.31,0.9428,196172.19,High
C105192,178908.31,30925.8,0.9399,112991.36,High
C105194,0.0,16968.59,0.8107,50921.43,High
C105195,354758.92,11002.33,0.4201,18381.57,Medium
C105196,528327.6900000001,232319.44,0.9994,901769.3,Very High
C105197,38178.16,4342.42,0.091,4777.03,Low
C105198,88610.36,6522.94,0.1108,7334.84,Low
C105199,131740.34,2592.88,0.0736,2798.85,Low
C105200,11532.38,51374.77,0.81,153994.15,High
C105201,327602.96,97970.45,0.9388,357325.84,Very High
C105202,133682.16999999998,5910.97,0.1647,7071.13,Low
C105203,1101209.61,112187.15,0.9946,435464.75,Very High
C105204,172860.98,77349.52,0.7841,222835.94,Very High
C105205,420477.81,41116.23,0.8598,132993.68,High
C105206,340165.13,7877.1,0.1771,9563.28,Medium
C105207,151599.88,21521.23,0.7258,56703.12,High
C105209,1750.23,670.49,0.2668,909.83,Low
C105210,908693.66,119459.83,0.999,463694.31,Very High
C105211,56473.74,10820.82,0.2723,14788.88,Medium
C105212,65372.15,2515.26,0.0319,2647.63,Low
C105213,30498.04,5095.53,0.1321,5869.38,Low
C105214,137697.95,22137.14,0.684,54716.63,High
C105215,1992466.15,152312.48,0.9984,591214.91,Very High
C105216,1712505.56,195198.78,0.9994,757682.0,Very High
C105217,13586.85,34493.27,0.8794,114960.28,High
C105218,6647.01,36444.84,0.4101,60032.86,High
C105219,13490.42,4290.22,0.2573,5751.27,Low
C105220,25619.88,520.37,0.0359,547.76,Low
C105221,3421.45,16363.0,0.5254,31849.41,Medium
C105222,195410.5,612.72,0.0306,644.96,Low
C105223,855105.76,178392.68,0.9993,692447.59,Very High
C105224,159153.16999999998,52098.69,0.9206,184865.08,High
C105225,42747.98,8056.18,0.399,13064.6,Medium
C105226,59718.32,1718.12,0.0536,1815.35,Low
C105227,87139.65,20966.86,0.6491,49143.47,High
C105228,81852.86,25594.42,0.6183,57250.43,High
C105229,0.0,13375.16,0.2155,17012.69,Medium
C105230,29751.91,369.52,0.0633,394.48,Low
C105231,13283.41,7348.22,0.4561,12926.43,Medium
C105232,3630.38,12602.48,0.3197,18330.92,Medium
C105233,3313.66,767.48,0.0398,807.87,Low
C105234,261366.85,40275.48,0.9658,153015.82,High
C105235,120498.77,655.9,0.0787,711.93,Low
C105236,155747.57,34253.17,0.5581,69988.57,High
C105237,1154.75,889.97,0.0722,959.18,Low
C105238,430936.55,4720.54,0.1469,5530.92,Low
C105239,508074.42,28247.73,0.6821,69621.58,High
C105240,298181.43,70904.59,0.5647,146323.26,High
C105241,242372.97,15853.89,0.5197,30600.17,Medium
C105242,476235.0,131894.35,0.9992,511960.04,Very High
C105243,93883.7,2543.12,0.0156,2676.96,Low
C105245,422782.05,50213.04,0.9699,191965.69,High
C105246,0.0,27233.15,0.8078,81362.32,High
C105247,20909.47,2416.05,0.0055,2543.2,Low
C105248,278625.87,7792.58,0.1718,9400.53,Medium
C105249,191529.97,9257.81,0.2331,12035.67,Medium
C105250,77110.9,15190.16,0.4344,25898.56,Medium
C105251,102842.29,45124.5,0.8656,147271.12,High
C105252,10032.19,55484.85,0.8948,189295.95,High
C105253,108277.56,60899.93,0.9532,227022.32,Very High
C105254,1864444.32,204395.46,0.9992,793379.77,Very High
C105255,845194.91,68341.96,0.9931,265275.61,Very High
C105256,1330.42,28707.63,0.873,94743.58,High
C105257,363224.92,18806.84,0.6444,43765.58,Medium
C105258,26241.73,44355.09,0.9217,157657.3,High
C105259,100435.94,25344.09,0.7603,70405.29,High
C105260,62288.7,407.93,0.0141,429.4,Low
C105261,5575.31,900.63,0.0762,974.87,Low
C105262,0.0,4938.97,0.2625,6664.8,Low
C105263,58219.28,6225.35,0.2924,8733.27,Low
C105264,168239.32,4615.18,0.1589,5483.37,Low
C105265,561912.6799999999,45577.49,0.6845,112746.69,High
C105266,56090.18,35407.65,0.8488,112627.56,High
C105268,160483.68,19551.94,0.3704,30468.84,Medium
C105269,1307709.23,74162.44,0.9916,287868.33,Very High
C105270,46907.37,11676.07,0.2294,15109.71,Medium
C105271,89647.3,24899.21,0.2272,32132.41,Medium
C105272,491114.38,102480.18,0.9736,393984.86,Very High
C105273,343326.42,158003.27,0.9901,613304.24,Very High
C105274,84071.43,32845.35,0.7197,85738.57,High
C105275,260273.73,5220.55,0.1863,6408.44,Low
C105276,134819.78,516.76,0.0386,543.96,Low
C105277,116232.11,36944.89,0.8237,113082.33,High
C105278,105492.6,3204.97,0.086,3506.52,Low
C105279,477519.59,50777.57,0.9796,196970.71,High
C105280,2022289.61,191422.27,0.9992,743023.13,Very High
C105281,257613.57,53788.75,0.9885,208785.96,High
C105282,36680.43,5167.84,0.2008,6456.1,Low
C105283,211361.77,74681.41,0.957,280014.11,Very High
C105284,34320.32,8771.06,0.2767,12055.3,Medium
C105285,49885.39,5600.35,0.1036,6246.93,Low
C105286,1085895.91,139435.47,0.9981,541231.59,Very High
C105287,133747.33000000002,1817.86,0.0278,1913.52,Low
C105288,85395.26,22711.3,0.402,36986.9,Medium
C105289,487520.94,128446.24,0.994,498575.89,Very High
C105290,304396.13,12299.9,0.5847,26154.31,Medium
C105291,744759.12,185370.98,0.9974,719534.51,Very High
C105292,83040.3,7924.01,0.3533,12062.31,Medium
C105293,44761.07,33835.9,0.8763,112232.87,High
C105294,7024.91,3705.93,0.1221,4220.56,Low
C105295,295114.7,75693.65,0.9805,293811.87,Very High
C105296,60861.47,4204.02,0.1083,4713.73,Low
C105297,566344.9,129052.26,0.9992,500928.24,Very High
C105298,285411.49,9756.6,0.5496,19684.34,Medium
C105299,960953.76,101272.87,0.9967,393099.96,Very High
C105300,170987.66,127453.45,0.9884,494722.28,Very High
C105301,2773.67,13175.26,0.2358,17186.21,Medium
C105302,24058.88,10295.43,0.2485,13647.26,Medium
C105303,0.0,29474.28,0.7973,86643.9,High
C105304,94002.06,4961.9,0.3557,7577.45,Low
C105305,321130.25,12777.59,0.6088,28176.64,Medium
C105306,0.0,1069.33,0.1193,1213.94,Low
C105307,786936.75,26474.45,0.1364,30643.85,Medium
C105308,284744.95,19972.96,0.543,39902.36,Medium
C105309,687224.5,81052.61,0.9752,312334.39,Very High
C105310,1383943.1,181135.14,0.9995,703092.72,Very High
C105311,5283.52,2518.32,0.0422,2650.85,Low
C105312,148993.69,934.91,0.1071,1046.85,Low
C105313,266553.03,135574.2,0.9958,526243.74,Very High
C105314,81979.98,49735.38,0.9055,172475.98,High
C105315,22837.54,851.03,0.1008,946.31,Low
C105316,52727.73,1178.58,0.0593,1252.82,Low
C105317,325981.69,17797.78,0.242,23398.45,Medium
C105318,184121.9,3561.75,0.1531,4203.38,Low
C105319,22800.9,9055.1,0.1087,10157.58,Medium
C105320,1497682.51,179537.24,0.9995,696890.31,Very High
C105321,748152.44,14455.53,0.3837,22947.28,Medium
C105322,60420.31,3425.4,0.0804,3724.71,Low
C105323,103926.81,13118.48,0.6419,30413.31,Medium
C105324,8812.17,12007.04,0.4478,20870.63,Medium
C105325,3448.37,16492.52,0.8092,49379.21,High
C105326,1159369.31,189028.05,0.999,733729.77,Very High
C105327,74348.75,17405.07,0.396,28107.22,Medium
C105328,55187.49,9772.58,0.4326,16619.8,Medium
C105329,74072.99,319.51,0.0341,336.33,Low
C105330,419815.81,4626.03,0.2516,6156.8,Low
C105331,216532.98,76916.72,0.9708,294473.62,Very High
C105332,187353.74,5842.79,0.2087,7370.03,Low
C105333,54867.33,4719.08,0.1096,5298.95,Low
C105334,888701.21,59600.06,0.9831,231343.13,Very High
C105335,534016.44,46955.45,0.9234,167309.39,High
C105336,375736.57,9476.12,0.288,13217.82,Medium
C105337,1021547.26,104055.09,0.9988,403899.39,Very High
C105338,266077.56,74158.79,0.7757,210916.65,High
C105340,390874.69,15614.58,0.2015,19523.38,Medium
C105341,141399.47,21093.52,0.8581,68050.99,High
C105342,11365.88,8605.77,0.119,9766.27,Medium
C105343,94951.76,7827.76,0.3515,11886.41,Medium
C105344,5039.64,35453.41,0.7052,90513.77,High
C105345,2465122.2800000003,179458.8,0.9992,696585.84,Very High
C105346,28470.65,427.91,0.039,450.43,Low
C105347,70114.53,617.1,0.0603,656.72,Low
C105348,23975.68,4665.18,0.1227,5316.6,Low
C105349,6868.3,9054.18,0.2448,11946.16,Medium
C105350,0.0,26708.21,0.8321,82815.95,High
C105351,113243.25,1387.62,0.1202,1576.8,Low
C105352,126850.52,2051.06,0.079,2227.0,Low
C105353,223.43,54175.47,0.6681,130703.59,High
C105354,220878.91,16837.81,0.5754,35307.03,Medium
C105355,24499.81,9980.11,0.1769,12113.54,Medium
C105356,319741.85,20750.25,0.6709,50275.37,High
C105357,586053.74,35811.17,0.3404,53565.66,High
C105358,243515.68,7449.78,0.1938,9227.58,Medium
C105359,151423.06,56685.04,0.8996,194811.94,High
C105360,469432.54,10633.67,0.3143,15356.86,Medium
C105362,234313.18,2941.4,0.0926,3241.16,Low
C105363,14024.51,335.78,0.0511,353.87,Low
C105364,660514.83,138357.38,0.9971,537046.91,Very High
C105365,404346.12,113795.75,0.9972,441708.67,Very High
C105366,389941.92,76648.08,0.9464,282816.52,Very High
C105367,1828.5,34199.9,0.7983,100700.08,High
C105368,1999.09,23240.97,0.6958,58496.26,High
C105369,153724.93,11563.99,0.0457,12172.54,Medium
C105370,34881.399999999994,530.63,0.0316,558.55,Low
C105371,156208.91,66666.45,0.9936,258771.95,Very High
C105372,365964.31,12004.98,0.5961,25967.93,Medium
C105373,1920100.06,185237.71,0.9994,719017.2,Very High
C105374,133978.18,81604.49,0.9495,302532.67,Very High
C105375,90332.78,22321.87,0.7102,57431.41,High
C105376,339831.74,1628.38,0.351,2470.95,Low
C105377,190907.27,64247.98,0.9912,249384.46,Very High
C105378,274134.73,23719.93,0.4858,43562.47,Medium
C105379,296209.23,29738.61,0.8856,100046.59,High
C105380,0.0,13739.29,0.2576,18425.14,Medium
C105381,379352.63,48347.03,0.8049,143801.02,High
C105382,84734.83,11746.6,0.2614,15829.57,Medium
C105383,72212.32,19991.98,0.4732,36046.68,Medium
C105384,83946.20999999999,7853.45,0.1578,9319.45,Medium
C105385,36628.98,2441.67,0.0559,2586.23,Low
C105386,0.0,5784.62,0.1796,7044.01,Low
C105387,226771.44,3503.46,0.1622,4178.83,Low
C105388,204947.58,19996.63,0.6953,50286.99,High
C105389,156831.12,5458.56,0.1629,6515.97,Low
C105390,278264.42,21736.61,0.212,27529.79,Medium
C105391,201333.35,24487.52,0.8235,74932.57,High
C105392,364599.02,83910.08,0.987,325704.7,Very High
C105393,1940240.37,199902.08,0.9994,775938.32,Very High
C105394,430452.89,14608.24,0.097,16175.29,Medium
C105395,33632.29,358.82,0.0525,378.69,Low
C105396,0.0,306.55,0.0085,322.68,Low
C105397,39592.44,43318.36,0.6971,109240.28,High
C105398,93796.61,9505.82,0.1576,11277.04,Medium
C105399,136305.88,7290.51,0.2676,9902.78,Medium
C105400,147372.74,11984.27,0.1681,14394.64,Medium
C105401,70535.81,833.36,0.0541,881.02,Low
C105402,13297.1,30591.97,0.9332,110638.64,High
C105403,104694.42,1893.36,0.0896,2079.59,Low
C105404,276615.49,7154.37,0.3629,11035.32,Medium
C105405,1059563.55,181363.71,0.9955,703979.93,Very High
C105406,20430.46,268.23,0.0151,282.35,Low
C105407,61577.32,18735.08,0.4745,33843.79,Medium
C105408,565461.16,96875.51,0.8472,307382.55,Very High
C105409,610451.66,56616.04,0.9891,219760.38,Very High
C105410,35420.39,5935.59,0.3537,9040.68,Low
C105411,8055.98,300.59,0.0097,316.4,Low
C105412,0.0,2714.94,0.039,2857.81,Low
C105414,343692.35,4221.45,0.2785,5816.02,Low
C105415,180194.76,78224.53,0.9167,275927.81,Very High
C105416,184337.1,35825.65,0.768,100696.85,High
C105417,2183.82,8642.05,0.4062,14156.84,Medium
C105418,235696.57,2404.87,0.1443,2809.17,Low
C105419,30512.24,72719.04,0.9679,277174.57,Very High
C105420,427651.39,18905.38,0.0943,20871.23,Medium
C105421,40968.23,53309.72,0.9553,199349.46,High
C105422,23269.39,12174.8,0.2982,17210.37,Medium
C105423,977355.32,135783.04,0.997,527054.37,Very High
C105424,179399.38999999998,699.24,0.0353,736.04,Low
C105425,28197.88,6330.37,0.1842,7751.15,Low
C105426,1760651.42,151127.74,0.9994,586616.24,Very High
C105427,582158.54,162990.27,0.9992,632661.71,Very High
C105428,3148.01,9499.49,0.1965,11804.75,Medium
C105429,0.0,335.86,0.0117,353.53,Low
C105430,359317.25,4030.13,0.1085,4519.81,Low
C105431,392128.84,6458.05,0.2386,8454.63,Low
C105432,144531.88999999998,12075.42,0.3375,17990.11,Medium
C105433,30332.57,514.69,0.0598,547.42,Low
C105434,162721.91,620.25,0.0699,666.82,Low
C105435,484789.79,93425.55,0.9846,362639.88,Very High
C105436,1461809.35,110467.49,0.9992,428789.74,Very High
C105437,149452.16,88001.66,0.9925,341586.55,Very High
C105438,122434.61,53099.93,0.8918,180350.42,High
C105439,364798.61,121588.32,0.9952,471956.27,Very High
C105440,93646.23,11142.76,0.3219,16256.21,Medium
C105441,87639.67,15639.45,0.2588,21005.76,Medium
C105442,0.0,24247.54,0.5824,51383.77,High
C105443,25732.06,721.2,0.0207,759.16,Low
C105444,296195.3,8854.14,0.6083,19508.95,Medium
C105445,190574.95,12340.2,0.5815,26115.36,Medium
C105446,53628.8,23582.28,0.6506,55400.6,High
C105447,90682.89,12699.29,0.4674,22706.65,Medium
C105448,58971.73,75724.5,0.8775,251661.57,Very High
C105449,76662.34,71695.52,0.9474,264935.61,Very High
C105450,399100.25,81625.88,0.9922,316838.36,Very High
C105451,0.0,17180.76,0.4926,31868.38,Medium
C105452,470197.92,10894.13,0.2721,14884.65,Medium
C105453,12101.26,68243.36,0.9248,243687.66,Very High
C105454,359181.69,16777.97,0.4457,29072.68,Medium
C105455,31608.88,57758.57,0.8748,191159.52,High
C105456,1048662.54,128348.73,0.9987,498197.39,Very High
C105458,487169.19,10487.36,0.1992,13074.74,Medium
C105459,784386.84,127734.32,0.9986,495812.5,Very High
C105460,2566.49,31366.08,0.6567,74369.39,High
C105461,404642.46,11278.54,0.5074,21379.88,Medium
C105462,804589.97,45084.24,0.9651,171126.59,High
C105463,141006.47,4148.9,0.1874,5099.13,Low
C105464,19157.07,359.63,0.0285,378.55,Low
C105465,1318697.55,135844.73,0.9991,527293.81,Very High
C105466,21354.08,15140.59,0.213,19198.04,Medium
C105467,234286.93,3848.44,0.1365,4455.13,Low
C105468,31447.58,4202.32,0.051,4427.91,Low
C105469,421480.82,39092.64,0.9291,140513.24,High
C105470,15742.36,40903.69,0.8485,130041.22,High
C105471,0.0,28811.8,0.7563,79547.84,High
C105472,1451608.33,164806.17,0.9983,639710.31,Very High
C105473,360181.99,12315.22,0.2463,16280.19,Medium
C105474,419836.29,23980.07,0.9238,85506.33,High
C105476,41805.11,49909.22,0.6488,116928.33,High
C105477,13286.76,14491.81,0.3692,22547.58,Medium
C105478,1138412.05,173519.78,0.999,673532.99,Very High
C105479,267770.85,28883.56,0.8487,91854.73,High
C105480,16118.44,538.06,0.3691,837.07,Low
C105481,994053.48,177103.75,0.9992,687444.48,Very High
C105482,134640.18000000002,14719.58,0.3877,23498.08,Medium
C105483,0.0,287.71,0.0289,302.86,Low
C105484,152631.24,22055.34,0.8851,74150.83,High
C105485,456630.71,108074.56,0.9991,419501.34,Very High
C105486,22837.15,18520.02,0.1209,21061.97,Medium
C105487,480835.01,12280.06,0.6011,26765.91,Medium
C105488,337542.73,17039.72,0.3106,24487.04,Medium
C105489,0.0,29258.28,0.7983,86140.99,High
C105490,104556.51,7349.49,0.1245,8392.98,Low
C105491,437334.01,33273.83,0.8996,114366.05,High
C105492,97332.06,20533.65,0.6471,47979.53,High
C105493,203857.79,3133.25,0.0982,3474.13,Low
C105494,845984.11,155212.08,0.9985,602469.98,Very High
C105495,169499.5,19375.59,0.5486,39034.37,Medium
C105496,263440.57,139843.19,0.9902,542814.21,Very High
C105497,361175.11,120679.32,0.9964,468427.87,Very High
C105498,107141.65,350.34,0.0203,368.78,Low
C105499,300169.53,14155.56,0.4917,26222.8,Medium
C105500,100882.02,5014.91,0.2617,6760.75,Low
C105501,899034.5,189578.62,0.9978,735866.85,Very High
C105502,1361712.78,152995.53,0.9993,593866.24,Very High
C105503,428108.33,10384.61,0.2582,13936.71,Medium
C105504,57419.82,17475.45,0.4635,31068.5,Medium
C105505,151792.29,17969.02,0.4177,29917.33,Medium
C105506,979.58,6083.24,0.2663,8249.63,Low
C105507,1564173.93,181360.37,0.9989,703966.96,Very High
C105509,328890.88,43369.93,0.9619,163817.51,High
C105510,45417.71,10159.09,0.0947,11220.36,Medium
C105511,972603.9,143771.45,0.9906,558062.1,Very High
C105512,0.0,16580.56,0.7092,42594.16,Medium
C105513,367850.13,42523.72,0.4584,75045.67,High
C105514,217200.02,122163.86,0.9982,474190.28,Very High
C105515,438367.62,12234.87,0.2617,16493.7,Medium
C105516,35818.13,24734.22,0.5933,53284.09,High
C105517,852610.3,94584.85,0.9961,367139.81,Very High
C105518,44984.03,765.58,0.0584,813.08,Low
C105519,79742.27,15055.11,0.3551,22972.46,Medium
C105520,52909.22,17089.91,0.6298,38901.92,Medium
C105521,2126271.25,143353.82,0.9983,556441.03,Very High
C105522,336925.92,38122.56,0.6562,90320.22,High
C105523,635709.9,77791.45,0.9869,301954.67,Very High
C105524,119464.46,1989.5,0.118,2255.1,Low
C105525,192226.32,10519.56,0.0973,11652.07,Medium
C105526,7531.789999999999,2659.49,0.0541,2811.56,Low
C105527,116545.16,22473.61,0.7863,64963.81,High
C105528,510154.49,130995.18,0.9965,508469.83,Very High
C105529,0.0,40066.88,0.8593,129502.56,High
C105530,13174.2,452.06,0.0322,475.85,Low
C105531,74599.94,13666.18,0.5413,27233.63,Medium
C105532,249417.35,2034.27,0.0814,2214.56,Low
C105533,0.0,25323.74,0.5096,48158.67,High
C105534,580567.44,151959.35,0.9981,589844.21,Very High
C105535,138128.58,8599.35,0.5407,17123.4,Medium
C105536,585189.63,125005.14,0.9964,485218.96,Very High
C105537,1585648.5,143360.57,0.9987,556467.26,Very High
C105538,98293.62,14731.9,0.2735,20165.53,Medium
C105539,182776.21,59176.78,0.9843,229700.1,Very High
C105540,252253.0,9849.77,0.5353,19454.33,Medium
C105541,2322.08,7096.32,0.4332,12078.33,Medium
C105542,41290.74,3284.08,0.1247,3751.08,Low
C105543,218665.95,158605.54,0.9897,615642.01,Very High
C105544,5837.82,5195.06,0.1685,6243.02,Low
C105545,6784.4400000000005,670.73,0.014,706.02,Low
C105546,306040.91,28953.32,0.404,47282.31,High
C105547,14249.25,12967.91,0.3411,19415.66,Medium
C105548,200836.7,8704.24,0.1316,10020.07,Medium
C105549,188458.83,22177.0,0.4185,36969.75,Medium
C105550,331878.59,1208.46,0.0501,1272.2,Low
C105551,446855.43,12061.74,0.4742,21779.61,Medium
C105552,318063.79000000004,42414.2,0.9669,161408.81,High
C105553,46711.95,344.61,0.0912,379.17,Low
C105554,900166.7000000001,187171.79,0.9974,726524.51,Very High
C105556,23651.0,5300.7,0.0428,5579.65,Low
C105557,1679191.53,208076.94,0.9991,807669.8,Very High
C105558,113566.19,891.36,0.1181,1010.49,Low
C105559,47336.11,15269.07,0.4254,25704.25,Medium
C105560,141754.62,1157.06,0.1104,1300.4,Low
C105561,12886.21,23385.68,0.476,42337.26,Medium
C105562,749257.23,19874.65,0.145,23234.78,Medium
C105563,82990.22,35665.52,0.7169,92711.15,High
C105564,539032.3099999999,44599.89,0.4481,77552.1,High
C105565,648058.8,173154.95,0.9973,672116.88,Very High
C105566,893778.91,40349.18,0.895,137706.12,High
C105567,56828.85,54580.04,0.8363,170314.15,High
C105568,1121185.17,141100.74,0.9989,547695.51,Very High
C105569,217404.15,7945.81,0.2187,10147.03,Medium
C105570,1378417.75,165584.4,0.9997,642731.1,Very High
C105571,162627.24,6568.3,0.4161,10911.58,Medium
C105572,1592390.68,122166.52,0.9992,474200.6,Very High
C105573,0.0,1586.82,0.1201,1802.94,Low
C105574,91766.14,1608.51,0.1196,1826.65,Low
C105575,421552.67,46778.12,0.9306,168507.31,High
C105576,140765.16,56566.43,0.9578,212353.95,High
C105577,73721.66,3332.68,0.0622,3553.86,Low
C105578,10528.83,4386.02,0.0447,4616.84,Low
C105579,1321676.32,96560.83,0.965,366439.26,Very High
C105580,106628.93,14800.87,0.3325,21902.5,Medium
C105581,459479.43,9096.82,0.1935,11263.41,Medium
C105582,271986.9,12292.57,0.5788,25908.68,Medium
C105583,218045.56,22077.87,0.8211,67317.07,High
C105584,2022.08,15057.53,0.2403,19753.73,Medium
C105585,2444111.38,152859.81,0.999,593339.41,Very High
C105586,99453.97,36091.58,0.7636,100771.69,High
C105587,0.0,21579.1,0.571,44954.17,Medium
C105588,35233.35,26524.77,0.2501,35233.53,Medium
C105589,870556.05,122670.18,0.9978,476155.59,Very High
C105590,155047.22999999998,20485.79,0.6842,50652.53,High
C105592,30675.69,595.03,0.008,626.35,Low
C105594,18631.19,58536.53,0.8782,194748.75,High
C105595,334942.00999999995,8205.37,0.2215,10514.73,Medium
C105596,454957.58,11688.06,0.6423,27115.08,Medium
C105597,37445.88,15239.49,0.4398,26184.74,Medium
C105598,1018166.16,108844.25,0.9848,422488.98,Very High
C105599,80667.01,12445.8,0.2175,15868.8,Medium
C105600,1012106.59,61918.62,0.484,113408.41,High
C105601,736389.33,146573.84,0.9988,568939.84,Very High
C105602,274563.96,17944.42,0.3873,28627.92,Medium
C105603,188527.03,31404.08,0.5866,66969.29,High
C105604,1253196.42,208123.67,0.9972,807851.16,Very High
C105605,160506.93,449.24,0.0542,475.0,Low
C105606,83440.09,7681.19,0.5021,14446.09,Medium
C105607,1662347.92,142287.25,0.9987,552301.06,Very High
C105608,12686.56,46483.2,0.7653,130106.46,High
C105609,600351.72,49468.65,0.9653,187810.43,High
C105610,1907216.22,142133.43,0.9994,551703.97,Very High
C105612,310676.47000000003,104356.65,0.9862,405069.95,Very High
C105613,32239.19,16737.35,0.4885,30858.48,Medium
C105614,585150.5700000001,61816.16,0.9269,221442.15,Very High
C105615,34637.2,31825.67,0.7396,85648.94,High
C105616,175014.15,12511.95,0.325,18328.69,Medium
C105618,830417.64,217921.34,0.9981,845881.73,Very High
C105619,60931.9,6685.67,0.1692,8040.97,Low
C105620,67071.96,13783.71,0.2208,17647.05,Medium
C105621,1713700.17,174582.49,0.999,677657.98,Very High
C105622,45949.34,2618.59,0.0635,2796.24,Low
C105623,42287.96,50094.08,0.876,166103.65,High
C105624,321799.33,39622.57,0.9757,152817.67,High
C105625,389365.3,23706.15,0.353,36073.31,Medium
C105626,187902.81,19947.44,0.8589,64439.23,High
C105627,264289.11,599.56,0.0395,631.11,Low
C105628,681984.84,29995.85,0.8451,94870.09,High
C105629,946.6,1859.59,0.085,2032.32,Low
C105630,76016.07,10945.82,0.2755,15021.64,Medium
C105631,13055.64,47779.54,0.8715,157333.53,High
C105632,32403.82,19702.38,0.2384,25786.03,Medium
C105633,231233.95,16781.78,0.5577,34269.66,Medium
C105634,186183.96,80639.35,0.9736,310017.33,Very High
C105635,137746.19,5406.62,0.2907,7568.52,Low
C105636,0.0,5214.81,0.2335,6782.81,Low
C105637,371269.91,32901.58,0.2376,43019.37,Medium
C105638,34098.47,427.92,0.0241,450.44,Low
C105639,1239254.89,96266.02,0.9989,373665.41,Very High
C105641,138583.58,657.9,0.0241,692.52,Low
C105642,5419.63,46585.39,0.871,153278.56,High
C105643,567207.9,117099.99,0.9924,454534.39,Very High
C105644,197367.57,20229.75,0.4535,35453.74,Medium
C105645,0.0,12387.5,0.2658,16788.8,Medium
C105646,37723.09,971.69,0.0737,1049.03,Low
C105647,161632.38,1068.92,0.0513,1126.72,Low
C105648,266107.64,59403.91,0.9642,225170.38,Very High
C105649,1414278.44,154076.84,0.9995,598063.44,Very High
C105650,126455.84,14778.23,0.3145,21346.58,Medium
C105651,1779727.72,182795.38,0.9995,709537.08,Very High
C105652,72452.31,24160.35,0.7295,64023.59,High
C105653,2567468.85,173896.05,0.9989,674993.51,Very High
C105654,1499133.5,181390.95,0.9965,704085.65,Very High
C105655,0.0,3432.78,0.2458,4534.68,Low
C105656,252929.78,29115.82,0.9509,108165.16,High
C105657,35579.07,9880.77,0.2697,13458.76,Medium
C105658,0.0,275.33,0.0093,289.82,Low
C105659,135188.09,13406.85,0.3675,20810.21,Medium
C105660,93542.04,46895.98,0.8474,148851.27,High
C105661,661324.6,47474.71,0.6181,106174.3,High
C105662,753976.87,72274.15,0.99,280538.77,Very High
C105663,342529.45,19888.71,0.3439,29888.89,Medium
C105664,76770.45,18509.53,0.7482,50471.04,High
C105665,64540.880000000005,566.93,0.0279,596.76,Low
C105666,289760.07,45522.39,0.8769,151139.2,High
C105667,1975533.91,127073.64,0.9992,493248.01,Very High
C105668,35392.05,5236.95,0.1461,6130.47,Low
C105669,7387.58,80506.53,0.9158,283598.82,Very High
C105670,579145.19,115751.25,0.9995,449299.13,Very High
C105671,16281.19,7278.58,0.4053,11908.99,Medium
C105672,205920.36,13147.12,0.1134,14826.45,Medium
C105673,7457.61,47941.87,0.6618,114569.14,High
C105674,117.13,12372.97,0.2055,15545.2,Medium
C105675,4572.18,29519.9,0.5526,59824.5,High
C105676,107809.74,20689.34,0.4513,36142.03,Medium
C105677,125600.38,23422.07,0.2688,31867.04,Medium
C105678,122947.57,51028.54,0.7953,149556.03,High
C105679,111782.18,88443.16,0.9703,338328.97,Very High
C105680,51451.48,47379.18,0.8821,158546.46,High
C105681,364901.06,19433.08,0.8324,60285.38,High
C105682,2555014.01,131504.73,0.9859,510447.72,Very High
C105683,300607.68,5669.56,0.0613,6039.53,Low
C105684,51205.08,3049.09,0.0579,3236.29,Low
C105685,76123.28,956.45,0.1217,1088.76,Low
C105686,28000.61,2850.48,0.066,3051.99,Low
C105687,422873.93,1952.65,0.1435,2278.79,Low
C105689,279559.03,13445.14,0.3529,20454.77,Medium
C105690,480503.94,45162.94,0.9899,175304.1,High
C105691,1702528.86,134534.65,0.9983,522208.61,Very High
C105692,1939855.47,141847.94,0.9991,550595.84,Very High
C105693,33845.2,27947.39,0.2009,34916.48,Medium
C105695,91348.35,43820.68,0.5597,89760.02,High
C105697,170704.18999999997,18258.13,0.7062,46687.58,High
C105698,261321.84,23932.18,0.7366,64109.48,High
C105699,1879153.54,135969.26,0.9992,527777.18,Very High
C105700,68228.81,41739.07,0.8854,140381.63,High
C105701,173682.47,19265.37,0.2387,25223.16,Medium
C105702,278211.16000000003,2233.58,0.0294,2351.12,Low
C105703,72834.44,744.81,0.0854,814.35,Low
C105704,540183.28,53685.66,0.9943,208385.81,High
C105705,157692.43,416.48,0.014,438.4,Low
C105706,277853.29,86638.96,0.9978,336297.09,Very High
C105707,401724.63,12089.6,0.5404,24060.11,Medium
C105708,237243.05,10261.22,0.1913,12671.76,Medium
C105709,172996.21,8696.6,0.5262,16946.93,Medium
C105710,9678.65,19861.5,0.3807,31398.56,Medium
C105711,357679.8,38147.69,0.7514,104530.44,High
C105712,419998.13,54110.54,0.8804,180617.03,High
C105713,0.0,25096.41,0.9734,96456.16,High
C105714,354677.15,1613.24,0.0409,1698.14,Low
C105715,75980.36,22528.03,0.6462,52571.03,High
C105716,1283292.85,179348.12,0.9985,696156.24,Very High
C105717,439853.52,150277.0,0.997,583314.02,Very High
C105718,136742.08,12439.34,0.3932,20008.71,Medium
C105719,358968.47000000003,41092.89,0.7579,113724.59,High
C105720,236243.46,60128.77,0.9493,222824.56,Very High
C105721,25342.1,58418.73,0.8093,174912.57,High
C105723,348325.24,52805.97,0.9243,188427.86,High
C105724,464715.62,79998.96,0.9873,310523.32,Very High
C105725,10332.64,294.39,0.0213,309.88,Low
C105726,105796.18,1287.73,0.0659,1378.55,Low
C105727,606820.25,104506.7,0.9992,405652.39,Very High
C105728,546484.22,60650.94,0.8646,197635.04,High
C105729,146564.01,28215.02,0.7991,83177.02,High
C105730,216173.7,13343.04,0.229,17258.11,Medium
C105731,1074034.93,141694.99,0.9989,550002.14,Very High
C105732,179791.71,4544.42,0.0732,4903.41,Low
C105733,431461.22,10238.33,0.3992,16608.9,Medium
C105734,340747.7,50005.29,0.7428,135240.84,High
C105735,408769.22,73758.57,0.9931,286300.67,Very High
C105736,171099.6,17230.0,0.5156,33055.31,Medium
C105737,1150149.96,176762.56,0.9994,686120.15,Very High
C105738,0.0,2084.02,0.0732,2248.47,Low
C105739,704720.78,50123.17,0.8292,154737.05,High
C105740,776087.04,158095.06,0.9958,613660.53,Very High
C105741,300970.62,15786.61,0.6602,37631.67,Medium
C105742,201453.85,5974.15,0.2581,8017.07,Low
C105744,113495.48,829.09,0.0475,872.72,Low
C105745,1002120.76,163873.46,0.9908,636089.92,Very High
C105746,1674052.34,211503.26,0.9994,820969.35,Very High
C105747,28161.57,3325.15,0.0835,3627.82,Low
C105748,11334.87,10158.62,0.1406,11815.57,Medium
C105749,144278.6,4029.5,0.1748,4878.41,Low
C105750,305588.83,21382.38,0.7715,60422.14,High
C105751,5143.42,40487.42,0.8717,133361.45,High
C105752,0.0,29315.67,0.7914,85406.79,High
C105753,206450.79,4291.94,0.0745,4637.31,Low
C105754,29845.01,10891.13,0.2465,14401.35,Medium
C105755,0.0,17241.37,0.4846,31607.06,Medium
C105756,177769.52000000002,20585.34,0.2311,26694.7,Medium
C105757,491469.96,5569.91,0.1397,6472.04,Low
C105758,1598685.62,202206.44,0.9994,784882.91,Very High
C105759,16686.71,321.33,0.0586,341.32,Low
C105760,50592.77,23868.67,0.7155,61913.34,High
C105761,138397.23,13980.39,0.2963,19714.19,Medium
C105762,305283.4,6828.33,0.3291,10057.8,Medium
C105763,31174.68,615.25,0.03,647.63,Low
C105764,26211.4,1479.39,0.0402,1557.24,Low
C105765,4255.04,15840.36,0.6617,37846.83,Medium
C105766,849.71,6924.71,0.0826,7547.54,Low
C105767,59086.880000000005,71757.41,0.9584,269598.84,Very High
C105768,1679042.67,165358.31,0.9991,641853.48,Very High
C105769,81790.20999999999,18990.8,0.345,28582.56,Medium
C105770,12675.1,732.46,0.071,788.43,Low
C105772,128891.09,10221.92,0.1477,11987.28,Medium
C105773,187952.67,81039.85,0.9907,314563.63,Very High
C105774,370401.19,29788.8,0.9293,107108.29,High
C105775,140677.29,7337.34,0.2397,9618.93,Medium
C105776,0.0,26634.78,0.9602,100340.65,High
C105777,306096.87,50814.53,0.8824,170124.45,High
C105778,62497.15,20856.39,0.5273,40712.01,Medium
C105779,7847.809999999999,357.78,0.0326,376.61,Low
C105780,796004.42,134002.83,0.993,520144.32,Very High
C105781,101554.74,55393.5,0.9466,204453.51,High
C105782,779689.65,142811.65,0.9978,554336.58,Very High
C105783,113330.09,1377.86,0.0661,1475.42,Low
C105784,13378.57,5241.14,0.2626,7074.23,Low
C105785,416402.34,22880.96,0.6466,53430.86,High
C105786,64068.93,484.63,0.0425,510.13,Low
C105787,1044384.58,149135.26,0.9992,578882.23,Very High
C105788,199320.61,20077.73,0.5624,41294.23,Medium
C105789,11579.22,1414.01,0.0294,1488.42,Low
C105790,375339.29,44778.07,0.9321,161678.84,High
C105791,1129218.73,161741.4,0.9994,627814.12,Very High
C105792,361985.07,2422.97,0.086,2650.71,Low
C105793,178300.33000000002,36916.28,0.9426,135430.88,High
C105794,206069.53,17016.9,0.6206,38197.72,Medium
C105795,123126.54,4553.84,0.1549,5385.17,Low
C105796,512023.23,4452.42,0.0716,4795.65,Low
C105797,91716.84,16081.31,0.522,31146.42,Medium
C105798,17702.64,34475.57,0.6889,85859.76,High
C105799,0.0,282.53,0.0238,297.4,Low
C105800,54201.170000000006,1415.58,0.0353,1490.07,Low
C105801,1282824.99,143804.19,0.9994,558189.17,Very High
C105802,619139.21,150300.62,0.9994,583405.67,Very High
C105803,224318.83,4379.72,0.0856,4789.55,Low
C105805,36177.51,16055.32,0.3602,24673.15,Medium
C105806,308833.8,4556.05,0.1398,5294.28,Low
C105807,0.0,31739.17,0.8012,93860.95,High
C105808,267087.2,3737.86,0.1144,4219.75,Low
C105809,29454.39,268.15,0.0108,282.27,Low
C105810,0.0,36299.53,0.7935,106102.2,High
C105812,1327774.82,169530.17,0.999,658046.95,Very High
C105813,861015.72,133380.66,0.9985,517729.32,Very High
C105814,281353.06,8858.82,0.3325,13109.54,Medium
C105815,549027.97,200321.02,0.9984,777564.48,Very High
C105816,280886.11000000004,23542.66,0.6466,54976.92,High
C105817,96065.81,25496.48,0.7265,67257.37,High
C105818,113872.61,7245.3,0.3969,11715.13,Medium
C105819,52989.1,28382.08,0.6868,70454.89,High
C105820,85914.81,9608.36,0.3458,14478.04,Medium
C105821,5134.43,11399.22,0.3922,18310.45,Medium
C105822,38912.21,446.66,0.0125,470.17,Low
C105823,297414.97,25562.43,0.4012,41585.72,Medium
C105824,101874.26,6248.79,0.1171,7076.5,Low
C105825,2077.77,2635.67,0.159,3131.8,Low
C105826,975358.3,156543.81,0.9989,607639.19,Very High
C105827,92225.11,2939.1,0.0731,3170.85,Low
C105829,122538.35,801.75,0.0283,843.94,Low
C105830,232319.75,7904.52,0.1605,9409.45,Medium
C105831,548825.62,115578.36,0.9992,448628.03,Very High
C105832,17370.17,1317.64,0.0626,1405.68,Low
C105833,389983.01,16025.11,0.6578,38061.34,Medium
C105834,2007656.32,215308.48,0.9988,835739.69,Very High
C105835,1779405.34,124130.25,0.9993,481823.0,Very High
C105836,1992560.9,192801.96,0.999,748378.56,Very High
C105837,336655.71,39272.16,0.2036,49225.07,High
C105838,304268.83,13068.51,0.4778,23720.68,Medium
C105839,33961.27,596.37,0.0277,627.75,Low
C105840,15130.85,35238.64,0.6163,78583.96,High
C105841,74040.13,14770.42,0.3057,21088.11,Medium
C105842,2793.57,453.48,0.0361,477.35,Low
C105843,380843.53,91841.7,0.9917,356492.0,Very High
C105844,166904.89,1126.18,0.0504,1185.94,Low
C105845,266076.32,8301.27,0.1906,10242.22,Medium
C105846,1237036.6,144516.54,0.9995,560954.25,Very High
C105847,81210.47,351.75,0.0182,370.26,Low
C105848,827578.79,194933.2,0.9981,756651.17,Very High
C105849,365982.14,18545.42,0.5626,38151.24,Medium
C105850,779871.52,142689.73,0.9989,553863.33,Very High
C105851,1139895.82,102221.41,0.9807,396781.8,Very High
C105852,129409.41,5419.34,0.357,8291.66,Low
C105853,489701.76,78663.09,0.9929,305338.01,Very High
C105854,139873.12,64050.64,0.9397,233940.51,Very High
C105855,180390.1,12601.73,0.1968,15666.07,Medium
C105856,423632.09,87088.95,0.9923,338043.79,Very High
C105857,459778.23,43655.6,0.9482,161512.36,High
C105858,1321735.15,148791.16,0.9992,577546.58,Very High
C105859,40700.34,1722.07,0.2255,2217.68,Low
C105860,2639.72,372.01,0.0274,391.58,Low
C105862,746840.96,134448.5,0.9966,521874.2,Very High
C105863,375791.11,90309.2,0.9924,350543.48,Very High
C105865,58627.24,1996.24,0.0799,2169.51,Low
C105866,113568.06,73161.94,0.9463,269924.35,Very High
C105867,71876.87,4818.86,0.1411,5608.1,Low
C105868,660449.59,135737.1,0.8556,436284.75,Very High
C105869,238913.2,1629.24,0.0455,1714.98,Low
C105870,414809.68,21675.0,0.832,67199.37,High
C105871,0.0,27704.48,0.7718,78325.37,High
C105872,1161304.26,142096.22,0.9988,551559.54,Very High
C105873,360798.68,77727.1,0.8119,233655.43,Very High
C105874,86709.69,8403.86,0.2924,11789.26,Medium
C105875,728115.33,118280.84,0.9982,459117.98,Very High
C105876,153168.19999999998,79241.43,0.9317,285948.97,Very High
C105878,18292.11,5605.33,0.0643,5990.46,Low
C105879,91184.14,16357.57,0.1868,20091.18,Medium
C105880,71430.7,896.38,0.0443,943.55,Low
C105881,372582.86,13420.38,0.2108,16972.36,Medium
C105882,11213.24,25554.44,0.4801,46542.15,High
C105883,102045.06,20549.76,0.1464,24064.52,Medium
C105884,242958.86,9492.88,0.2047,11914.66,Medium
C105885,213517.74,8717.84,0.1173,9874.48,Medium
C105886,1862598.46,198460.81,0.9996,770343.89,Very High
C105887,130257.61,33996.53,0.9301,122388.11,High
C105888,1936578.55,197204.39,0.9992,765466.97,Very High
C105889,687890.51,7828.38,0.2866,10899.2,Medium
C105890,63928.04,304.54,0.013,320.56,Low
C105891,104004.82,63134.0,0.9161,222493.36,Very High
C105892,71269.68000000001,38804.16,0.7376,104108.75,High
C105893,14740.77,45616.08,0.8624,148135.83,High
C105894,362127.9,43827.69,0.9001,150735.63,High
C105895,188597.87,18151.21,0.4537,31820.05,Medium
C105896,155733.23,20800.1,0.5236,40380.41,Medium
C105897,0.0,7632.14,0.8053,22713.17,Medium
C105898,479221.49,92565.57,0.9159,326093.42,Very High
C105899,678859.98,24309.65,0.3071,34772.8,Medium
C105900,17913.02,1189.05,0.0879,1303.63,Low
C105901,979585.86,140174.01,0.993,544098.33,Very High
C105902,480508.84,32457.88,0.8623,105388.89,High
C105903,453686.94,129131.24,0.9983,501234.79,Very High
C105904,14231.590000000002,53403.29,0.5104,101679.07,High
C105905,189581.48,9839.05,0.3392,14692.55,Medium
C105906,345006.15,8900.95,0.3719,13901.02,Medium
C105907,884143.95,175754.72,0.996,682208.11,Very High
C105908,76542.86,84866.76,0.8299,262272.51,Very High
C105909,292962.4,7029.34,0.44,12081.46,Medium
C105910,970603.02,188604.42,0.9946,732085.42,Very High
C105911,562834.1,45407.43,0.9681,173112.21,High
C105913,271516.79000000004,40700.0,0.7644,113767.27,High
C105914,3509.63,16080.72,0.3653,24885.34,Medium
C105915,6879.64,13262.93,0.221,16984.81,Medium
C105916,125950.3,37890.19,0.8033,112418.93,High
C105917,49433.59,13768.88,0.5607,28246.23,Medium
C105918,322251.57,38815.91,0.9573,145594.19,High
C105919,173517.7,15777.2,0.6588,37529.18,Medium
C105920,107913.01,962.02,0.0956,1063.66,Low
C105921,110737.1,65163.33,0.9956,252937.45,Very High
C105922,0.0,21822.12,0.6886,54317.52,High
C105923,1817219.16,207267.11,0.9991,804526.35,Very High
C105924,122296.38,472.97,0.0234,497.86,Low
C105925,226452.01,37321.35,0.8823,124945.36,High
C105926,0.0,20228.97,0.4889,37316.01,Medium
C105927,268951.3,20485.63,0.4009,33312.7,Medium
C105928,210098.69,88060.82,0.9487,326071.52,Very High
C105929,0.0,275.33,0.0118,289.82,Low
C105930,1136944.33,128484.88,0.9778,497112.62,Very High
C105931,0.0,41670.14,0.6454,97121.02,High
C105932,288555.66,26454.65,0.792,77138.35,High
C105933,245859.98,1137.69,0.1008,1265.03,Low
C105934,123214.37,8561.13,0.188,10530.51,Medium
C105935,21549.66,336.58,0.0159,354.29,Low
C105936,243779.92,15512.05,0.5267,30252.83,Medium
C105937,193923.93,2227.7,0.0744,2406.75,Low
C105938,71043.44,7072.51,0.5901,15161.19,Medium
C105939,0.0,311.75,0.0208,328.16,Low
C105940,100763.33,419.46,0.0264,441.54,Low
C105941,183857.08,21128.81,0.2897,29538.65,Medium
C105942,1513629.9,120513.39,0.9991,467783.82,Very High
C105943,1321236.79,169442.5,0.9994,657706.64,Very High
C105944,227084.21,37512.22,0.8717,123553.5,High
C105945,18492.08,18301.24,0.3849,29099.86,Medium
C105946,194634.48,116264.67,0.9949,451292.0,Very High
C105947,374896.79,12623.35,0.2872,17589.98,Medium
C105948,4182.45,28516.66,0.6887,70996.6,High
C105949,326365.81,35296.89,0.795,103397.83,High
C105950,2980.55,617.04,0.0151,649.51,Low
C105951,61659.44,4677.57,0.1771,5678.57,Low
C105952,116610.05,25356.87,0.7643,70868.49,High
C105953,13832.63,14222.47,0.4156,23610.21,Medium
C105954,55163.42,6244.8,0.1084,7003.36,Low
C105955,573949.7,10099.72,0.2074,12718.87,Medium
C105956,828160.9299999999,81850.78,0.9767,316119.18,Very High
C105957,461067.28,9496.33,0.2608,12787.48,Medium
C105958,36660.0,17442.68,0.6639,41816.6,Medium
C105959,798472.4,127060.34,0.9992,493196.38,Very High
C105960,343154.54,15441.45,0.7039,39344.12,Medium
C105961,145680.37,18761.44,0.4205,31360.89,Medium
C105962,314158.28,43678.89,0.8363,136311.93,High
C105963,35023.26,31368.71,0.7994,92517.44,High
C105964,1751588.93,170893.75,0.9979,663339.79,Very High
C105965,590912.17,161549.12,0.9977,627067.78,Very High
C105966,41651.6,20579.64,0.73,54574.71,High
C105967,52963.53,22572.05,0.7323,60066.28,High
C105968,75950.19,2861.6,0.1285,3282.6,Low
C105969,37398.77,489.32,0.019,515.07,Low
C105970,37062.49,49095.34,0.8597,158781.59,High
C105971,216067.73,8425.97,0.0397,8869.39,Low
C105972,57221.130000000005,4291.13,0.2822,5940.14,Low
C105973,32817.68,437.07,0.0258,460.07,Low
C105974,48124.31,98135.66,0.9278,352029.06,Very High
C105975,741422.59,53295.68,0.8809,178024.26,High
C105976,37966.91,378.65,0.008,398.58,Low
C105977,527751.7,31715.61,0.8538,101658.98,High
C105978,2013345.77,167605.19,0.9987,650574.97,Very High
C105979,160928.65,14161.86,0.6601,33756.57,Medium
C105980,176397.23,19200.33,0.3076,27480.64,Medium
C105981,13449.46,7731.6,0.0924,8518.08,Low
C105982,347299.97000000003,30453.21,0.6259,68909.77,High
C105983,108183.69,8143.69,0.159,9677.23,Medium
C105984,8226.41,44323.86,0.6975,111840.77,High
C105985,242663.89,1457.36,0.3997,2365.66,Low
C105986,238447.08,44387.15,0.9673,169021.69,High
C105987,639495.53,165523.21,0.9974,642493.55,Very High
C105988,289080.85,3285.69,0.2643,4444.26,Low
C105989,207012.27,15423.09,0.4674,27575.62,Medium
C105990,9917.38,33686.21,0.6504,79108.45,High
C105991,191699.38,38168.46,0.7474,103955.11,High
C105992,94288.55,6881.93,0.2472,9107.96,Low
C105993,264877.45,18554.21,0.5391,36858.23,Medium
C105994,199987.38,4421.7,0.096,4890.94,Low
C105995,310566.12,22826.73,0.8407,71718.67,High
C105996,115815.42,73653.38,0.9206,261359.7,Very High
C105997,190641.13,21050.11,0.4979,39345.75,Medium
C105998,17483.5,366.4,0.0291,385.69,Low
C105999,344429.8,64101.09,0.9147,225428.4,Very High
C106000,319672.7,74122.03,0.9723,284398.99,Very High
C106001,69001.54,6329.17,0.0691,6798.78,Low
C106002,53300.73999999999,11741.01,0.2155,14933.58,Medium
C106003,69658.3,14844.62,0.3038,21140.44,Medium
C106004,90016.17,15362.24,0.2667,20842.53,Medium
C106005,0.0,1349.49,0.0703,1451.55,Low
C106006,530596.02,4931.86,0.2151,6269.8,Low
C106007,1322420.82,186850.48,0.9987,725277.31,Very High
C106008,681598.29,70615.17,0.969,269604.5,Very High
C106009,314462.79,22549.92,0.827,69378.27,High
C106010,2618625.15,201744.47,0.9975,783089.71,Very High
C106011,5899.9,31585.99,0.8355,98446.79,High
C106012,227019.68,35148.96,0.9564,131672.08,High
C106013,1114311.76,178768.44,0.9991,693906.16,Very High
C106014,7449.48,16438.38,0.6618,39280.3,Medium
C106015,109091.3,41859.73,0.8852,140745.84,High
C106016,212653.29,22874.31,0.1711,27570.76,Medium
C106017,237962.7,11125.54,0.2061,13987.89,Medium
C106018,663393.44,41431.41,0.8606,134180.44,High
C106019,472046.67,62381.57,0.972,239255.78,Very High
C106020,122059.97,19030.53,0.4573,33531.55,Medium
C106021,371475.71,16210.52,0.3274,23822.94,Medium
C106022,90346.01,28184.56,0.8502,89836.13,High
C106023,126834.18,2634.02,0.0595,2800.53,Low
C106024,419503.61,18356.86,0.495,34165.89,Medium
C106025,35333.89,76131.92,0.9459,280678.44,Very High
C106026,328717.57,18579.26,0.6978,46906.89,High
C106027,405226.42,27291.35,0.7747,77505.24,High
C106028,157962.5,2580.85,0.3487,3903.82,Low
C106030,91153.35,332.43,0.0236,349.92,Low
C106031,241196.2,3200.47,0.0923,3525.5,Low
C106032,1980837.05,160564.65,0.9989,623246.48,Very High
C106033,15235.0,55355.1,0.826,170038.21,High
C106034,152966.0,9251.1,0.2085,11666.63,Medium
C106035,25243.82,93709.74,0.9297,337130.02,Very High
C106036,38666.0,21245.79,0.3115,30569.55,Medium
C106037,156937.35,16505.97,0.6994,41768.8,Medium
C106038,55135.25,10099.85,0.0491,10631.36,Medium
C106039,1111422.5,221862.4,0.9969,861179.32,Very High
C106040,969824.26,149874.96,0.9988,581753.46,Very High
C106041,6878.64,3869.23,0.078,4196.45,Low
C106043,518640.26,61197.26,0.9665,232765.37,Very High
C106044,0.0,28989.26,0.7051,74004.17,High
C106045,0.0,33330.14,0.5663,68942.88,High
C106046,480837.54,119408.43,0.9974,463494.82,Very High
C106047,996596.94,180794.81,0.998,701771.67,Very High
C106048,1178756.81,34921.44,0.872,115088.28,High
C106049,2541561.88,150246.56,0.9993,583195.84,Very High
C106050,113525.99,24268.91,0.9353,88050.29,High
C106051,118687.34,849.19,0.0249,893.88,Low
C106052,126565.41,1188.55,0.0392,1251.1,Low
C106053,55599.38,20304.07,0.624,45810.94,High
C106054,1183175.06,148253.37,0.9991,575459.09,Very High
C106056,356153.96,96136.72,0.9891,373163.54,Very High
C106057,1933150.64,181439.98,0.9992,704275.98,Very High
C106058,27183.99,2343.4,0.0559,2482.06,Low
C106059,0.0,2693.45,0.0949,2975.6,Low
C106060,154769.76,71632.51,0.9196,253772.62,Very High
C106061,5986.81,36568.14,0.8239,111977.4,High
C106062,18646.13,31485.62,0.5779,66276.68,High
C106063,224220.2,590.3,0.0248,621.36,Low
C106064,83155.47,56248.01,0.8687,184440.43,High
C106065,593728.93,12315.73,0.4068,20191.66,Medium
C106066,130637.92,947.31,0.1393,1100.17,Low
C106067,0.0,16584.95,0.9058,57540.44,High
C106068,788427.07,251631.4,0.9994,976730.45,Very High
C106069,111536.31,15294.29,0.2902,21393.68,Medium
C106070,46791.44,41052.46,0.7698,115707.68,High
C106071,372809.32,24373.73,0.5678,50533.91,High
C106072,200799.57,12616.79,0.1428,14712.44,Medium
C106073,232078.08,76964.09,0.9932,298743.2,Very High
C106074,297951.04000000004,47374.32,0.8669,154914.56,High
C106075,339189.82,25084.39,0.7432,67877.3,High
C106076,1270659.65,184496.41,0.9995,716139.79,Very High
C106077,0.0,15497.29,0.9595,58320.65,High
C106078,252370.43,5288.29,0.1915,6532.23,Low
C106079,155044.73,89543.11,0.9394,326916.82,Very High
C106080,20012.45,15828.53,0.509,30072.54,Medium
C106081,72823.51999999999,45915.0,0.4785,83433.02,High
C106082,125545.96,6612.82,0.1895,8148.61,Low
C106083,100240.63,13582.94,0.3019,19295.91,Medium
C106084,892111.84,167278.2,0.999,649305.71,Very High
C106085,1738901.2,282579.38,0.9982,1096857.85,Very High
C106086,48222.61,41248.76,0.8042,122556.06,High
C106087,321658.17,11682.2,0.674,28441.68,Medium
C106088,211712.51,91573.46,0.9732,351816.64,Very High
C106089,253156.13,11784.47,0.1916,14558.19,Medium
C106090,27831.32,14403.59,0.4435,24882.17,Medium
C106091,174513.6,33669.42,0.9341,121947.72,High
C106093,317522.57,3489.7,0.159,4147.02,Low
C106094,90661.3,3415.75,0.2158,4346.37,Low
C106095,347561.24,119929.39,0.9878,465516.96,Very High
C106096,453973.54,17422.83,0.563,35863.81,Medium
C106097,528968.25,13468.88,0.7625,37539.1,Medium
C106098,242451.15,87442.22,0.9943,339415.01,Very High
C106099,749130.83,59570.22,0.9643,225832.18,Very High
C106100,138793.51,37329.63,0.5214,72232.64,High
C106101,34303.329999999994,585.12,0.0637,624.9,Low
C106102,194.91,5604.95,0.0779,6078.23,Low
C106103,60837.310000000005,14155.56,0.3364,21057.11,Medium
C106104,259058.38,17077.63,0.1417,19888.55,Medium
C106105,207506.65,22799.95,0.8148,68845.98,High
C106106,608674.39,151349.33,0.999,587476.35,Very High
C106107,5716.41,596.44,0.0191,627.83,Low
C106108,71725.58,10036.15,0.282,13890.39,Medium
C106109,104542.42,44543.45,0.8749,147444.37,High
C106110,67185.7,1840.71,0.0691,1977.24,Low
C106111,151285.54,106216.04,0.9714,406952.59,Very High
C106112,455940.52,15277.74,0.5442,30576.68,Medium
C106113,598557.5,31786.2,0.6967,80106.47,High
C106114,193043.71,18889.43,0.3692,29387.5,Medium
C106115,373227.28,65265.94,0.9868,253335.75,Very High
C106116,641010.0700000001,17029.35,0.6094,37587.65,Medium
C106117,17396.04,344.43,0.033,362.56,Low
C106118,15267.76,373.4,0.0536,394.56,Low
C106119,0.0,277.23,0.0121,291.82,Low
C106120,281892.47,30457.93,0.7651,85227.39,High
C106121,635560.94,209256.04,0.9996,812246.57,Very High
C106122,12500.22,12343.4,0.11,13866.23,Medium
C106123,63607.08,4984.86,0.121,5669.58,Low
C106124,6789.79,15711.43,0.647,36710.0,Medium
C106125,175991.64,62892.09,0.8582,202932.06,High
C106126,201499.36,72877.41,0.9826,282880.39,Very High
C106127,0.0,21113.45,0.7258,55630.31,High
C106128,80274.86,2328.1,0.0553,2464.4,Low
C106129,69689.54,15646.99,0.3806,24732.31,Medium
C106130,99486.14,24031.67,0.7022,61073.97,High
C106131,98036.84,13970.93,0.1323,16096.74,Medium
C106132,124668.71,2662.52,0.1762,3228.97,Low
C106133,395310.16,19994.15,0.2271,25800.98,Medium
C106134,23233.79,53354.05,0.8723,175916.77,High
C106136,2781.76,305.05,0.0417,321.1,Low
C106137,87489.84,7405.27,0.08,8048.7,Low
C106138,206652.5,112097.74,0.9927,435117.7,Very High
C106139,1260313.39,58569.34,0.9548,218852.03,High
C106140,247509.69,7249.21,0.3861,11545.77,Medium
C106141,166936.16999999998,21494.19,0.4397,36925.82,Medium
C106143,148649.28,14397.19,0.5549,29279.92,Medium
C106144,778759.89,67549.83,0.9879,262200.86,Very High
C106145,186363.12,17493.8,0.5678,36267.05,Medium
C106146,868201.69,129633.25,0.9988,503183.37,Very High
C106147,60450.58,406.99,0.0139,428.41,Low
C106148,332093.31,40879.31,0.9876,158676.81,High
C106149,772612.53,112451.76,0.999,436491.84,Very High
C106150,1744971.14,182443.16,0.9993,708169.92,Very High
C106151,12985.87,396.28,0.0167,417.13,Low
C106152,110181.15,63136.69,0.8977,216365.69,High
C106153,2289667.47,215527.71,0.9996,836590.64,Very High
C106154,67538.09999999999,3831.99,0.1087,4298.51,Low
C106155,6972.77,275.83,0.0332,290.35,Low
C106156,155254.68,26747.98,0.9517,99485.73,High
C106157,1928442.73,182214.6,0.9997,707282.71,Very High
C106158,349338.36,15570.73,0.3125,22433.74,Medium
C106159,11093.98,24965.46,0.831,77283.92,High
C106160,168793.57,18105.51,0.3686,28145.11,Medium
C106161,20655.69,546.43,0.0398,575.19,Low
C106162,506143.75,5030.14,0.1086,5642.4,Low
C106163,229846.75,28356.24,0.8603,91794.29,High
C106164,84560.77,56617.63,0.9769,218735.5,High
C106165,160190.5,60998.14,0.9766,235544.04,Very High
C106166,191931.02,1195.89,0.0536,1263.56,Low
C106167,40414.6,1624.8,0.0645,1736.84,Low
C106168,30321.58,60393.39,0.9256,215933.93,High
C106169,28950.5,25420.68,0.6537,59998.85,High
C106170,366997.45,15242.18,0.2115,19292.39,Medium
C106171,84351.39,23888.74,0.7911,69569.21,High
C106172,79036.66,101794.0,0.9723,390542.89,Very High
C106173,247571.51,21381.59,0.8404,67145.58,High
C106174,1094379.65,182854.65,0.9986,709767.15,Very High
C106175,1363537.34,169604.34,0.9995,658334.86,Very High
C106176,449621.44,9259.18,0.129,10627.63,Medium
C106177,1006639.9,17471.55,0.4865,32120.42,Medium
C106178,642883.37,92408.51,0.9945,358692.15,Very High
C106180,12571.31,11929.04,0.2244,15342.12,Medium
C106181,138392.34,26810.75,0.5875,57255.51,High
C106182,6803.71,314.69,0.0442,331.26,Low
C106183,13127.49,72331.63,0.86,234028.93,Very High
C106184,311837.56,11715.72,0.4709,21053.37,Medium
C106185,4728.12,25450.36,0.8188,77327.71,High
C106186,242698.97,1398.27,0.0343,1471.85,Low
C106187,82931.93,518.87,0.0091,546.17,Low
C106188,9805.42,376.2,0.0778,407.92,Low
C106189,161725.79,80970.62,0.9894,314294.89,Very High
C106190,140841.75,24317.14,0.668,58659.83,High
C106191,1274839.97,169176.35,0.9994,656673.59,Very High
C106192,90625.88,14892.95,0.2551,19909.2,Medium
C106193,34717.97,4431.75,0.2805,6120.96,Low
C106194,80539.42,346.26,0.0365,364.48,Low
C106195,794818.48,38602.72,0.7731,109350.43,High
C106196,44865.86,13618.69,0.2985,19259.65,Medium
C106197,161996.76,3595.95,0.0753,3888.74,Low
C106198,9056.51,5509.06,0.3297,8122.11,Low
C106199,38054.89,5437.71,0.1183,6166.22,Low
C106200,1978188.38,131877.49,0.9987,511894.6,Very High
C106201,19287.1,17078.77,0.2132,21661.55,Medium
C106202,12556.98,317.55,0.023,334.26,Low
C106203,123326.26,6178.73,0.6139,13730.09,Medium
C106204,368916.69,87628.46,0.9522,326173.33,Very High
C106205,34502.11,5576.51,0.3999,9054.66,Low
C106206,638725.54,132456.14,0.9984,514140.7,Very High
C106207,829875.97,169383.0,0.9988,657475.68,Very High
C106208,6537.51,29148.36,0.7462,79235.99,High
C106210,46365.15,18784.49,0.2049,23582.45,Medium
C106211,281690.49,35167.76,0.6171,78526.47,High
C106212,158976.55,7782.71,0.2382,10183.61,Medium
C106213,54333.62,2739.89,0.0583,2909.5,Low
C106214,147239.29,49524.1,0.9533,184635.73,High
C106215,555991.0,116525.99,0.9971,452306.34,Very High
C106216,134120.81,3834.73,0.4311,6508.07,Low
C106217,254462.51,8062.8,0.2636,10896.51,Medium
C106218,1393204.54,224050.24,0.9985,869671.63,Very High
C106219,453361.71,52509.98,0.9796,203695.7,High
C106220,113111.81,142383.46,0.9829,552674.49,Very High
C106221,189581.28,3421.15,0.0462,3601.18,Low
C106222,41442.7,16168.05,0.6234,36445.41,Medium
C106223,376608.47,105585.39,0.9991,409839.4,Very High
C106224,33134.83,7473.5,0.1196,8487.31,Low
C106225,106505.15,79536.93,0.9883,308729.92,Very High
C106226,243884.73,68106.35,0.9717,261064.18,Very High
C106227,0.0,27439.23,0.7774,78244.05,High
C106228,11509.13,353.19,0.0222,371.77,Low
C106229,1249568.86,146498.81,0.9993,568648.61,Very High
C106230,0.0,282.76,0.0218,297.64,Low
C106231,150268.93,4596.38,0.3394,6865.77,Low
C106232,645834.91,54435.54,0.9029,188022.56,High
C106233,39540.32,12935.02,0.3235,18910.64,Medium
C106234,212992.32,3538.89,0.105,3953.73,Low
C106235,264106.36,86378.93,0.9895,335287.75,Very High
C106236,24584.62,53359.07,0.9013,183870.28,High
C106237,336305.95,42045.29,0.7761,119650.43,High
C106238,132441.91,26581.29,0.7581,73591.79,High
C106239,1293946.11,175267.51,0.9986,680316.98,Very High
C106240,1734190.03,257983.41,0.9993,1001386.33,Very High
C106241,19107.51,4417.43,0.272,6035.05,Low
C106242,1496493.7,150152.86,0.9993,582832.16,Very High
C106243,53111.85,50667.87,0.7948,148379.35,High
C106244,283924.23,15250.78,0.6821,37591.56,Medium
C106245,142299.24,29055.22,0.7468,79055.63,High
C106246,60034.48,14496.41,0.651,34076.02,Medium
C106247,103746.56,5140.02,0.0308,5410.51,Low
C106248,69512.5,26511.91,0.3129,38215.12,Medium
C106249,59078.22,2117.22,0.0909,2328.78,Low
C106250,856789.26,46262.21,0.9529,172393.51,High
C106251,143429.08,14136.75,0.4166,23502.38,Medium
C106253,399646.63,13194.86,0.5138,25249.2,Medium
C106255,29384.56,10815.01,0.1351,12499.61,Medium
C106256,0.0,7307.43,0.7042,18627.64,Medium
C106257,2669.23,11280.89,0.2117,14281.54,Medium
C106258,248825.91,13719.55,0.3277,20172.02,Medium
C106259,90633.6,4047.48,0.0689,4346.86,Low
C106260,106171.04,8865.58,0.4871,16313.26,Medium
C106261,84097.08,40310.56,0.893,137167.99,High
C106262,1849623.46,192776.94,0.9987,748281.43,Very High
C106263,223778.92,7623.03,0.2123,9657.4,Medium
C106264,267660.8,86705.65,0.965,329051.8,Very High
C106265,12406.67,4714.03,0.1858,5782.55,Low
C106266,1223226.49,139884.0,0.9988,542972.63,Very High
C106267,990967.57,150616.31,0.9988,584631.07,Very High
C106268,1365979.35,169650.13,0.9993,658512.59,Very High
C106269,0.0,18483.82,0.9438,67930.74,High
C106270,16202.08,39855.32,0.4487,69364.18,High
C106271,1456599.7,162578.94,0.9996,631065.13,Very High
C106273,31996.32,3189.93,0.1987,3974.74,Low
C106274,82690.37,649.29,0.0361,683.45,Low
C106275,138840.06,4795.2,0.0467,5047.55,Low
C106276,128070.47,38311.13,0.7269,101123.61,High
C106277,153303.14,17671.8,0.352,26854.2,Medium
C106279,192217.49,23015.59,0.4918,42637.62,Medium
C106280,142014.1,8287.25,0.1461,9700.3,Medium
C106281,134659.53,12458.83,0.265,16867.67,Medium
C106282,0.0,3660.32,0.1023,4076.94,Low
C106283,304692.95,39869.87,0.9223,141828.17,High
C106284,170285.33000000002,1180.83,0.0901,1297.63,Low
C106285,101100.23,38925.5,0.8368,121564.44,High
C106286,149898.78,17382.72,0.7534,47781.1,High
C106287,299968.07,89931.32,0.9894,349076.68,Very High
C106288,149177.53,17529.79,0.3603,26942.76,Medium
C106289,806420.4400000001,111775.08,0.9952,433865.27,Very High
C106290,17739.57,5852.42,0.2726,8000.82,Low
C106292,10366.15,4753.31,0.1245,5428.23,Low
C106293,52558.08,24212.87,0.7957,71007.11,High
C106294,950723.78,26425.05,0.8029,78359.39,High
C106296,712120.61,61684.71,0.9425,226262.86,Very High
C106298,454236.19,42882.18,0.6552,101445.04,High
C106299,0.0,15617.21,0.5328,30731.3,Medium
C106300,13405.45,41552.78,0.9203,147367.97,High
C106301,84731.89,34849.85,0.8562,112118.19,High
C106302,142089.15,82656.71,0.849,262974.86,Very High
C106303,30394.99,3236.24,0.2432,4261.5,Low
C106304,32926.87,13978.49,0.6362,32130.39,Medium
C106305,331453.87,10275.46,0.4116,16963.06,Medium
C106306,183835.98,3587.22,0.1226,4087.74,Low
C106307,63789.93,3950.48,0.156,4678.08,Low
C106308,335894.6,71204.81,0.9634,269561.56,Very High
C106309,0.0,13274.3,0.1679,15940.65,Medium
C106310,616540.3,35756.57,0.9706,136839.64,High
C106311,53251.76,7669.2,0.1354,8866.79,Low
C106312,1068058.02,230432.34,0.9983,894444.31,Very High
C106313,310398.77,83607.29,0.9732,321234.77,Very High
C106314,49614.2,40254.6,0.6294,91580.32,High
C106315,1833897.22,174321.34,0.9995,676644.33,Very High
C106316,828716.18,237509.5,0.9986,921914.98,Very High
C106317,542963.0,58365.25,0.9641,221192.95,Very High
C106318,191453.66,69827.3,0.968,266194.31,Very High
C106319,12194.48,1974.83,0.029,2078.75,Low
C106321,478200.42,108505.0,0.9991,421172.13,Very High
C106322,253033.71,19650.99,0.1463,23006.82,Medium
C106323,370178.92,35770.06,0.6021,78083.12,High
C106324,37225.94,98466.19,0.9422,361008.42,Very High
C106325,1236157.55,70095.18,0.9736,269471.94,Very High
C106326,238511.82,3713.16,0.2835,5148.71,Low
C106327,10067.7,54549.95,0.8326,169257.13,High
C106329,116123.87,22019.87,0.4024,35882.14,Medium
C106330,111741.45,7841.3,0.3149,11332.8,Medium
C106331,396204.98,12004.89,0.4937,22301.56,Medium
C106333,240267.46,10752.89,0.1077,12049.31,Medium
C106334,496324.38,44312.38,0.2247,57006.62,High
C106335,140051.99,7512.44,0.4747,13575.25,Medium
C106336,102250.48,730.55,0.0321,768.99,Low
C106337,254143.98,4397.32,0.1572,5214.04,Low
C106338,16660.07,3325.03,0.1749,4025.95,Low
C106339,0.0,18969.09,0.9217,67424.91,High
C106340,1573043.19,156404.05,0.9989,607096.73,Very High
C106341,467659.1,174942.05,0.9986,679053.65,Very High
C106342,474539.01,152021.22,0.9988,590084.37,Very High
C106343,382139.36,13960.51,0.1928,17272.0,Medium
C106344,392323.98,50311.17,0.9619,190037.78,High
C106345,20361.48,4543.3,0.1865,5577.79,Low
C106346,7152.23,16099.11,0.4984,30116.04,Medium
C106347,44559.990000000005,361.02,0.0265,380.02,Low
C106348,1514548.1,156268.14,0.9995,606569.14,Very High
C106349,17834.7,359.24,0.0448,378.15,Low
C106350,793196.7,93532.48,0.9967,363054.93,Very High
C106351,15314.54,29551.06,0.8271,90931.93,High
C106352,76597.46,18290.72,0.6569,43380.69,Medium
C106353,361892.53,45013.12,0.905,155992.51,High
C106354,927627.27,196973.12,0.9992,764569.28,Very High
C106355,0.0,17037.55,0.3932,27406.07,Medium
C106356,47795.96,3728.36,0.1033,4157.43,Low
C106357,150706.41,2439.38,0.0892,2678.24,Low
C106358,0.0,313.64,0.0128,330.14,Low
C106359,402174.23,21767.64,0.4423,37538.34,Medium
C106360,95285.76,19784.29,0.4417,34087.74,Medium
C106361,145514.11,23483.78,0.8535,75236.56,High
C106362,570304.13,41282.63,0.8354,128644.76,High
C106363,101468.82,1935.65,0.125,2211.71,Low
C106366,3794.82,266.5,0.0143,280.53,Low
C106367,21499.84,284.27,0.0212,299.23,Low
C106368,21219.37,514.88,0.0543,544.41,Low
C106369,112910.6,30891.8,0.8716,101743.41,High
C106370,714370.43,108556.27,0.9862,421371.15,Very High
C106371,18405.77,27991.96,0.9127,98142.59,High
C106372,0.0,1345.46,0.1507,1583.33,Low
C106373,224314.79,40656.75,0.8961,139002.05,High
C106374,136687.73,391.02,0.0344,411.6,Low
C106375,4018.02,5174.39,0.1177,5863.72,Low
C106376,37679.5,310.47,0.0373,326.81,Low
C106377,167831.47,6316.91,0.4746,11412.94,Medium
C106378,129443.03,816.73,0.0887,896.14,Low
C106379,7554.16,855.75,0.0681,918.25,Low
C106380,198991.6,9615.23,0.1764,11663.0,Medium
C106381,420.21,29175.38,0.4054,47740.33,High
C106382,0.0,22674.07,0.6956,57050.11,High
C106383,125437.73,5473.57,0.4672,9783.4,Medium
C106384,547008.3,63465.81,0.9525,236338.59,Very High
C106385,0.0,20077.13,0.8383,62844.46,High
C106386,166652.86000000002,8869.01,0.2793,12231.31,Medium
C106387,120723.69,35315.1,0.814,106502.67,High
C106388,1226466.88,183289.6,0.9989,711455.45,Very High
C106389,400786.86,162385.58,0.9986,630314.55,Very High
C106390,110971.48,5822.27,0.26,7831.53,Low
C106391,0.0,3227.03,0.0756,3490.9,Low
C106392,200131.6,23441.1,0.7961,68790.04,High
C106393,263760.78,5324.65,0.3481,8048.37,Low
C106394,364202.76,1913.74,0.1457,2239.16,Low
C106395,0.0,23101.88,0.7242,60721.46,High
C106396,20661.33,20898.16,0.6398,48299.87,High
C106397,3308.07,1980.71,0.0305,2084.94,Low
C106398,309969.09,12459.96,0.1776,15135.38,Medium
C106400,486280.67,41597.25,0.9841,161463.55,High
C106401,0.0,5555.77,0.2858,7727.3,Low
C106402,471323.63,208612.44,0.9992,809748.36,Very High
C106403,76583.73999999999,50601.66,0.9193,179195.23,High
C106404,81451.55,4832.57,0.0537,5106.72,Low
C106405,179424.25999999998,21758.75,0.631,49615.69,High
C106406,127610.66,12899.77,0.405,21096.03,Medium
C106407,81718.94,17127.35,0.8174,51924.02,High
C106408,237747.72,17267.49,0.423,28968.48,Medium
C106409,23152.3,3120.82,0.0466,3285.05,Low
C106410,229255.51,1098.23,0.0632,1172.34,Low
C106411,54593.13,4890.11,0.1282,5607.97,Low
C106413,59402.49,1281.12,0.1195,1454.75,Low
C106414,368521.18,65224.6,0.9873,253175.3,Very High
C106415,36140.55,304.0,0.0264,320.0,Low
C106416,67356.73999999999,66363.76,0.9511,246601.31,Very High
C106417,310050.35,23582.25,0.6405,54559.54,High
C106418,1142879.59,167188.17,0.9989,648956.28,Very High
C106419,980236.75,80223.15,0.9847,311393.53,Very High
C106420,133721.97,12340.84,0.2344,16071.21,Medium
C106421,1019358.21,156475.0,0.9971,607372.1,Very High
C106422,394765.24,5555.11,0.0857,6075.26,Low
C106423,356955.4,211722.76,0.9977,821821.38,Very High
C106424,918766.5,139076.05,0.9989,539836.47,Very High
C106425,931199.92,179866.21,0.9982,698167.23,Very High
C106426,170304.18,49025.66,0.9683,186963.73,High
C106427,235640.8,111982.29,0.988,434669.58,Very High
C106428,155510.78,372.34,0.0261,391.93,Low
C106429,1600921.16,98526.84,0.9989,382441.01,Very High
C106430,455657.48,11457.62,0.7794,32772.22,Medium
C106431,72577.94,54507.59,0.5415,108665.29,High
C106432,59107.44,25707.38,0.4432,44389.17,Medium
C106433,104206.1,40157.57,0.8807,134096.03,High
C106434,70763.19,19222.59,0.2418,25267.52,Medium
C106435,10694.49,1083.01,0.0646,1157.75,Low
C106436,60542.86,5495.41,0.0768,5952.36,Low
C106437,228641.21,26636.06,0.719,69456.52,High
C106438,138645.04,14983.46,0.4524,26215.64,Medium
C106439,0.0,20519.6,0.6683,49524.02,High
C106440,128988.53,115147.93,0.988,446957.28,Very High
C106441,39980.990000000005,42561.21,0.5464,85465.39,High
C106443,74843.09,555.28,0.0643,593.42,Low
C106444,1146.31,295.97,0.0395,311.55,Low
C106445,109864.11,8504.47,0.2356,11091.68,Medium
C106446,486865.01,149960.12,0.996,582084.01,Very High
C106447,316305.17,148785.44,0.9976,577524.39,Very High
C106448,430344.22,7053.98,0.2251,9079.82,Low
C106449,420782.56,13751.83,0.3681,21363.46,Medium
C106450,209192.28,18351.85,0.2416,24117.01,Medium
C106451,410028.24,39233.19,0.5742,82119.91,High
C106452,854824.99,55250.5,0.9687,210842.59,High
C106453,1528479.01,111228.85,0.9979,431745.03,Very High
C106454,286704.88,24635.23,0.6993,62332.28,High
C106455,92931.84,72722.01,0.9409,266119.37,Very High
C106456,403473.47,26409.58,0.8074,78846.14,High
C106457,13106.21,588.18,0.0118,619.14,Low
C106458,658360.27,137821.89,0.9988,534968.35,Very High
C106459,85118.81999999999,14279.0,0.6006,31100.54,Medium
C106460,93868.27,10265.38,0.1944,12724.26,Medium
C106462,237319.67,22136.84,0.6502,51971.32,High
C106463,39842.34,40433.07,0.8712,133087.27,High
C106464,23430.99,11827.94,0.1329,13635.91,Medium
C106465,42378.08,40619.91,0.7836,116931.43,High
C106466,310771.15,42714.03,0.8766,141752.68,High
C106467,0.0,31438.09,0.8577,101367.01,High
C106468,294139.09,13656.65,0.2958,19244.11,Medium
C106469,166296.07,7964.79,0.4023,12977.35,Medium
C106470,3030.8,26056.38,0.6023,56898.48,High
C106471,1634740.63,207014.8,0.9983,803546.99,Very High
C106472,57504.18,2077.57,0.0544,2196.99,Low
C106473,189708.13,8790.52,0.5945,18971.12,Medium
C106474,2154649.47,201127.09,0.9987,780693.28,Very High
C106475,58577.91,4866.87,0.279,6709.51,Low
C106477,115763.46,651.11,0.0569,690.39,Low
C106478,0.0,309.13,0.0226,325.4,Low
C106479,0.0,22077.29,0.5523,44726.93,Medium
C106480,229754.28,195320.18,0.9975,758153.23,Very High
C106481,0.0,1136.78,0.0075,1196.61,Low
C106482,0.0,1002.03,0.0447,1054.76,Low
C106483,2054035.15,148563.01,0.9986,576661.0,Very High
C106484,27305.9,6849.9,0.0768,7419.38,Low
C106485,133100.64,8308.9,0.2303,10764.74,Medium
C106486,323241.39,17546.51,0.1593,20858.12,Medium
C106487,268220.65,708.59,0.0323,745.88,Low
C106488,0.0,277.1,0.01,291.68,Low
C106489,706134.92,13205.58,0.2842,18327.29,Medium
C106490,630560.8,142133.32,0.9994,551703.57,Very High
C106491,41753.39,10761.99,0.3975,17417.02,Medium
C106492,109203.1,11215.98,0.4571,19757.73,Medium
C106493,173528.34,29133.05,0.7319,77484.95,High
C106494,385918.77,114471.33,0.9936,444330.99,Very High
C106495,10701.1,11599.4,0.2687,15778.2,Medium
C106496,9435.49,470.32,0.0106,495.07,Low
C106497,69246.01999999999,79084.79,0.9729,303691.97,Very High
C106498,20607.61,58688.58,0.9478,216997.63,High
C106499,24802.96,5118.98,0.1845,6269.9,Low
C106500,75669.6,5924.53,0.2904,8289.61,Low
C106501,22565.53,4226.27,0.1738,5110.38,Low
C106502,114270.06,14246.57,0.2412,18710.64,Medium
C106503,39273.62,5664.09,0.1522,6677.66,Low
C106504,145419.76,5202.4,0.2619,7015.48,Low
C106505,824565.98,47717.27,0.8766,158352.58,High
C106506,7171.47,16936.78,0.5505,34216.53,Medium
C106507,307838.31,18786.22,0.5722,39206.25,Medium
C106508,76585.94,4750.43,0.2723,6491.85,Low
C106510,750566.96,39533.07,0.7743,112199.3,High
C106511,54369.72,4249.11,0.3871,6777.35,Low
C106512,6187.13,1090.82,0.0177,1148.22,Low
C106513,40142.63,2292.26,0.1043,2559.02,Low
C106514,41475.22,19930.2,0.3747,31246.59,Medium
C106515,665717.08,72219.85,0.9944,280327.98,Very High
C106516,284128.44,11861.52,0.2678,16116.47,Medium
C106517,59947.59,18854.69,0.566,38982.51,Medium
C106518,266550.31,12404.95,0.7212,32456.63,Medium
C106519,461943.65,69380.76,0.9938,269307.81,Very High
C106520,97993.11,2583.27,0.0311,2719.22,Low
C106521,168922.11,5921.37,0.1314,6815.36,Low
C106522,63099.47,59940.05,0.9167,211441.1,High
C106523,8542.64,39685.31,0.8364,123861.52,High
C106524,89515.07999999999,5386.72,0.1113,6060.64,Low
C106525,23282.4,10388.71,0.2475,13753.43,Medium
C106526,8162.95,23993.16,0.6333,54905.59,High
C106527,177455.26,14046.27,0.4496,24477.95,Medium
C106528,688760.52,67087.29,0.9465,247567.31,Very High
C106529,343543.43,26630.27,0.359,40854.2,Medium
C106530,1391575.43,166911.39,0.9985,647881.93,Very High
C106531,1328311.34,171276.43,0.9994,664825.2,Very High
C106532,68519.95,30954.2,0.6679,74662.83,High
C106534,754272.5700000001,148131.16,0.999,574984.74,Very High
C106535,421894.35,131531.52,0.999,510551.7,Very High
C106536,127596.91,52734.5,0.983,204693.8,High
C106537,15787.55,389.35,0.0479,409.84,Low
C106538,28498.02,5411.14,0.1433,6313.7,Low
C106539,136706.16999999998,14431.95,0.5411,28751.25,Medium
C106540,859929.0,156220.42,0.9984,606383.92,Very High
C106541,313186.53,18573.39,0.6238,41894.4,Medium
C106542,444564.19,39509.97,0.6773,96673.54,High
C106543,9391.12,14613.97,0.4871,26889.54,Medium
C106544,1557416.16,219415.18,0.9991,851680.21,Very High
C106545,353536.7,4716.61,0.2192,6026.64,Low
C106546,255366.73,19788.72,0.4612,35065.77,Medium
C106547,211785.41,122610.33,0.9987,475923.28,Very High
C106548,236512.88,15781.42,0.3336,23387.38,Medium
C106549,1235976.61,146358.06,0.9991,568102.28,Very High
C106550,4790.23,1781.28,0.1424,2076.22,Low
C106551,22120.86,1118.77,0.3114,1609.46,Low
C106552,47940.19,16254.62,0.6485,38066.22,Medium
C106553,99333.17,1285.83,0.063,1372.28,Low
C106554,1347959.15,111189.78,0.995,431593.35,Very High
C106555,283983.85,48726.11,0.8928,165745.55,High
C106556,493189.68,182616.5,0.9995,708842.76,Very High
C106557,16471.489999999998,275.38,0.0141,289.87,Low
C106558,136271.47,12899.82,0.3856,20531.87,Medium
C106559,17060.62,375.54,0.0591,399.14,Low
C106560,0.0,2185.12,0.0746,2361.26,Low
C106561,120047.84,23329.54,0.4825,42639.61,Medium
C106562,1450917.32,150853.77,0.9983,585552.77,Very High
C106563,12542.47,1152.46,0.0439,1213.11,Low
C106564,559055.01,38633.35,0.7952,113203.88,High
C106565,1201309.78,144442.42,0.9989,560666.53,Very High
C106566,915935.01,131430.72,0.9864,510160.43,Very High
C106567,15096.81,19241.6,0.7061,49195.7,High
C106568,596141.38,134825.7,0.998,523338.37,Very High
C106569,21711.62,19564.33,0.3773,30781.72,Medium
C106570,308000.09,56897.04,0.914,199878.25,High
C106571,765570.23,175119.87,0.9971,679743.88,Very High
C106572,0.0,25608.27,0.7951,75025.68,High
C106573,1486418.31,187586.19,0.9993,728133.07,Very High
C106574,36439.11,70637.23,0.9633,267389.46,Very High
C106575,314194.24,32587.27,0.4843,59713.46,High
C106576,76121.77,5089.65,0.1942,6307.05,Low
C106577,370179.53,15758.66,0.4798,28689.06,Medium
C106578,454341.56,122958.91,0.9907,477276.32,Very High
C106579,222684.2,11553.22,0.2279,14922.73,Medium
C106580,35125.46000000001,77991.16,0.8327,242026.69,Very High
C106581,889884.58,190832.0,0.9913,740731.97,Very High
C106582,154630.96,8913.86,0.063,9513.34,Medium
C106583,83515.38,317.88,0.0186,334.61,Low
C106584,267699.08,43277.51,0.9852,167985.63,High
C106585,525288.35,68735.68,0.9874,266803.88,Very High
C106586,485526.72,226268.26,0.9957,878281.08,Very High
C106587,1701.05,19901.76,0.7405,53636.78,High
C106588,52850.16,3915.02,0.0903,4303.12,Low
C106589,2048560.74,151140.45,0.9993,586665.55,Very High
C106590,44206.82,429.13,0.057,455.05,Low
C106591,2267639.81,185214.87,0.9981,718928.57,Very High
C106592,19070.41,28483.0,0.798,83824.31,High
C106593,1319.67,31905.18,0.7432,86334.18,High
C106594,506048.75,52519.53,0.9715,201253.7,High
C106595,5755.49,15858.76,0.7126,40950.36,Medium
C106596,315846.89,16251.62,0.6359,37338.56,Medium
C106597,215539.82,62598.12,0.9625,236660.61,Very High
C106598,198954.97,20484.96,0.7289,54236.97,High
C106599,1674644.17,175719.44,0.9994,682071.16,Very High
C106600,148707.05000000002,3571.07,0.0493,3759.0,Low
C106601,879967.34,190606.25,0.9994,739855.71,Very High
C106602,251087.88,13452.9,0.2733,18409.87,Medium
C106603,65447.24,2039.68,0.1487,2394.87,Low
C106604,349358.14,14108.04,0.4241,23704.35,Medium
C106605,95194.57,427.05,0.0103,449.52,Low
C106607,11109.95,425.04,0.0242,447.4,Low
C106608,211506.45,7812.06,0.2144,9922.6,Medium
C106609,111270.89,15577.53,0.6334,35650.11,Medium
C106610,173912.05,87764.77,0.9845,340667.01,Very High
C106611,684156.15,58757.5,0.9093,204934.87,High
C106612,72395.15999999999,14986.56,0.742,40478.29,Medium
C106613,92161.24,8035.6,0.442,13850.46,Medium
C106614,83831.06,23398.84,0.4927,43403.92,Medium
C106615,10686.64,2070.54,0.0199,2179.5,Low
C106616,374322.87,30497.79,0.9757,117624.31,High
C106617,1769606.06,223997.24,0.9996,869465.88,Very High
C106618,0.0,17647.86,0.6804,43387.27,Medium
C106619,18095.98,10963.08,0.5121,20924.22,Medium
C106620,199243.42,23994.96,0.6868,59567.99,High
C106621,81480.97,53725.22,0.839,168344.35,High
C106622,68165.65,9611.95,0.5785,20251.38,Medium
C106623,952120.73,74680.78,0.9832,289880.31,Very High
C106624,32050.33,76102.12,0.9196,269613.89,Very High
C106625,252947.86,27840.92,0.4682,49833.72,High
C106626,850023.0599999999,137305.73,0.9956,532964.82,Very High
C106627,1800718.09,146024.66,0.9989,566808.14,Very High
C106628,0.0,15817.13,0.5108,30133.52,Medium
C106629,228794.16,923.25,0.0808,1004.42,Low
C106630,293013.26,4669.42,0.5293,9141.9,Medium
C106631,63279.9,52938.05,0.8935,180267.18,High
C106632,2407870.4,253504.37,0.9954,984000.54,Very High
C106633,204223.26,11361.95,0.5101,21623.07,Medium
C106635,13963.03,392.42,0.0368,413.07,Low
C106636,174971.57,48272.97,0.8484,153458.02,High
C106637,71967.84,13328.82,0.649,31234.52,Medium
C106638,773282.38,43329.14,0.974,166661.24,High
C106639,667641.01,137935.39,0.9973,535408.91,Very High
C106640,175038.62,17446.22,0.3906,27963.72,Medium
C106641,0.0,289.03,0.0101,304.24,Low
C106642,229437.58,16626.95,0.4429,28696.08,Medium
C106643,356589.57,33574.89,0.7473,91428.68,High
C106644,181353.93,28059.78,0.608,61795.57,High
C106645,0.0,25586.35,0.8755,84770.64,High
C106646,16328.62,4565.09,0.227,5890.05,Low
C106647,74366.59,6390.39,0.2385,8364.34,Low
C106648,36983.55,375.14,0.0428,394.88,Low
C106649,50031.44,520.36,0.0615,554.47,Low
C106650,90653.48,23495.55,0.8169,71172.36,High
C106651,239092.95,17593.14,0.4979,32885.58,Medium
C106652,207717.09,9533.71,0.1047,10647.88,Medium
C106653,352429.1,108211.79,0.9956,420034.0,Very High
C106654,249034.33,37028.39,0.4971,69135.4,High
C106655,203850.66,944.67,0.0799,1026.71,Low
C106656,242953.0,88412.1,0.9733,339759.04,Very High
C106657,216793.96,18884.81,0.6375,43489.62,Medium
C106658,127899.01,667.85,0.0422,702.99,Low
C106659,38811.09,56441.27,0.9663,214595.75,High
C106661,21471.69,17341.5,0.257,23237.75,Medium
C106662,179415.54,9971.28,0.2334,12968.21,Medium
C106663,40966.14,322.46,0.0348,339.43,Low
C106664,157877.69,5490.31,0.4598,9708.69,Medium
C106665,22132.7,378.0,0.0196,397.89,Low
C106666,6216.5,4126.99,0.0857,4513.51,Low
C106667,1185562.79,135347.76,0.9966,525364.77,Very High
C106668,1753258.58,148636.75,0.9984,576947.22,Very High
C106669,683867.21,43353.06,0.7864,125338.3,High
C106670,468587.71,152074.12,0.9986,590289.67,Very High
C106671,109279.79,55281.07,0.9505,205247.02,High
C106672,796952.95,39393.12,0.9555,147353.88,High
C106673,324000.4,3318.14,0.2061,4171.87,Low
C106674,1324547.24,141145.63,0.9983,547869.73,Very High
C106675,1141764.78,156406.78,0.9995,607107.3,Very High
C106677,34669.560000000005,13892.62,0.4801,25301.1,Medium
C106678,954879.82,175784.07,0.9993,682322.04,Very High
C106679,222474.95,32402.71,0.5954,70026.41,High
C106680,253247.59,45082.28,0.7565,124500.84,High
C106681,139807.47,1142.23,0.1447,1334.82,Low
C106682,73503.87,14274.36,0.3908,22885.26,Medium
C106683,195946.34,1392.68,0.0674,1493.31,Low
C106684,49027.49,409.45,0.0412,430.99,Low
C106685,2514.16,6715.36,0.1265,7685.74,Low
C106686,38353.28,13546.61,0.3427,20324.35,Medium
C106687,456255.41,15738.47,0.6996,39840.52,Medium
C106688,73453.93,50050.16,0.9184,177012.82,High
C106689,10016.33,7295.38,0.1965,9066.18,Low
C106690,3908.56,8652.06,0.1432,10093.37,Medium
C106691,2065.98,12732.4,0.5343,25113.36,Medium
C106692,1845622.95,130762.13,0.9991,507565.25,Very High
C106693,159301.13,61426.23,0.9877,238431.55,Very High
C106696,26304.36,4781.97,0.2401,6271.74,Low
C106697,491892.29,148879.6,0.9968,577889.88,Very High
C106698,159490.16,72325.21,0.9909,280736.95,Very High
C106699,30113.11,42221.15,0.8962,144359.03,High
C106700,0.0,22298.02,0.3072,31898.8,Medium
C106701,44626.01,35553.96,0.708,91164.76,High
C106702,15056.22,1334.01,0.0413,1404.21,Low
C106703,64894.23,8101.4,0.3677,12577.7,Medium
C106704,1485968.6,192855.47,0.9992,748586.27,Very High
C106705,65287.45,32328.39,0.7599,89748.58,High
C106706,18102.4,5304.78,0.3704,8267.03,Low
C106707,0.0,29397.88,0.6376,67712.3,High
C106708,282720.61,20179.68,0.7114,52014.21,High
C106709,302342.08,20176.79,0.8404,63361.15,High
C106710,597802.12,45033.5,0.7649,125982.85,High
C106711,4270.28,3159.9,0.3124,4551.94,Low
C106712,132784.06,24755.65,0.5788,52181.17,High
C106713,326308.5,105445.75,0.9965,409297.39,Very High
C106714,72751.27,17932.9,0.5903,38455.64,Medium
C106715,0.0,13839.56,0.4174,23032.77,Medium
C106716,96167.02,12534.6,0.2328,16289.59,Medium
C106717,97365.22,16701.81,0.6142,37131.3,Medium
C106718,15005.0,14260.28,0.6115,31573.61,Medium
C106719,92994.17,105246.52,0.9143,369869.93,Very High
C106720,50113.31,19003.01,0.5307,37279.33,Medium
C106721,0.0,5103.34,0.2501,6778.9,Low
C106722,371849.1,105371.67,0.996,409009.84,Very High
C106724,20546.7,5020.19,0.5176,9659.44,Medium
C106725,1182601.77,190087.17,0.9995,737840.82,Very High
C106726,418707.77,21427.45,0.793,62575.78,High
C106727,797500.21,216542.09,0.9995,840528.06,Very High
C106728,178485.05,6415.12,0.1488,7532.99,Low
C106729,90493.3,43469.64,0.3967,70269.51,High
C106730,65215.18,9788.27,0.4815,17862.83,Medium
C106731,0.0,33499.85,0.7128,86532.59,High
C106732,1387920.44,130665.71,0.999,507190.96,Very High
C106733,0.0,15738.47,0.4911,29125.58,Medium
C106734,211001.01,4074.03,0.1253,4656.69,Low
C106735,47850.41,3797.42,0.1322,4374.71,Low
C106736,144639.41999999998,26678.54,0.5751,55922.76,High
C106737,333552.81,62353.47,0.9893,242030.74,Very High
C106738,90355.93,67771.5,0.9601,255273.35,Very High
C106739,990970.75,17380.62,0.5792,36653.43,Medium
C106740,10211.56,10356.59,0.4402,17806.57,Medium
C106742,960408.25,31497.65,0.8249,96586.67,High
C106743,307372.36,3622.73,0.1547,4283.08,Low
C106744,196290.9,46728.4,0.8865,157434.83,High
C106745,286476.68,54681.21,0.7174,142240.64,High
C106747,342240.03,121744.94,0.9972,472564.2,Very High
C106748,3376.99,14080.83,0.664,33761.03,Medium
C106749,31030.97,5410.01,0.0643,5781.77,Low
C106750,158590.07,9068.66,0.2569,12151.41,Medium
C106751,30133.74,8358.04,0.1326,9632.52,Medium
C106752,385283.61,17289.52,0.2709,23584.64,Medium
C106753,1736993.89,206642.4,0.9993,802101.49,Very High
C106754,2409916.63,225617.97,0.9988,875756.89,Very High
C106755,20426.33,30226.0,0.5406,60174.34,High
C106756,199430.26,66997.4,0.9808,260056.58,Very High
C106757,1065277.2,161147.63,0.999,625509.36,Very High
C106758,43153.48,318.15,0.0115,334.9,Low
C106759,1543381.13,182478.62,0.9992,708307.55,Very High
C106760,122289.24,456.4,0.0197,480.42,Low
C106761,79160.99,21324.03,0.3224,31129.0,Medium
C106762,18510.86,1653.11,0.1904,2039.18,Low
C106763,223144.64,4917.38,0.4374,8421.11,Low
C106764,129641.67,62920.45,0.9612,237422.43,Very High
C106765,42256.82,53153.51,0.6825,131089.43,High
C106766,25857.87,37087.04,0.886,124848.78,High
C106767,12219.11,353.17,0.0296,371.76,Low
C106768,52713.58,4538.4,0.1905,5598.87,Low
C106769,142189.16,4917.36,0.1369,5695.11,Low
C106770,96670.37,103192.46,0.7763,293780.29,Very High
C106771,72574.99,949.46,0.068,1018.72,Low
C106772,5637.13,7830.12,0.4109,12912.72,Medium
C106773,46117.33,6660.04,0.1972,8283.32,Low
C106774,145752.82,48985.86,0.9276,175666.68,High
C106775,3385.04,3872.59,0.0731,4177.79,Low
C106776,1647186.27,156214.98,0.9993,606362.8,Very High
C106777,12890.24,12616.51,0.4114,20821.05,Medium
C106778,3001.96,2352.25,0.0658,2517.95,Low
C106779,126946.59,8339.87,0.3364,12406.73,Medium
C106780,1062856.78,230952.9,0.9974,896464.93,Very High
C106781,429858.01,29499.65,0.5724,61583.96,High
C106782,281192.3,13349.02,0.4346,22768.78,Medium
C106783,168254.33,5040.35,0.1006,5603.82,Low
C106784,374427.61,12436.16,0.2888,17364.41,Medium
C106785,1287465.69,137737.51,0.9994,534640.81,Very High
C106786,78220.76,1629.33,0.0225,1715.07,Low
C106787,3235.78,48927.23,0.9153,172230.51,High
C106788,0.0,275.33,0.0154,289.82,Low
C106789,467061.5,9362.71,0.7608,26027.15,Medium
C106790,341285.36,2487.16,0.1435,2902.74,Low
C106792,430835.64,58553.59,0.9971,227281.14,Very High
C106793,1202447.07,234912.52,0.9989,911834.57,Very High
C106794,123974.84,17911.74,0.7819,51432.07,High
C106795,66812.90000000001,1220.97,0.0368,1285.23,Low
C106796,1469705.8,199127.74,0.9994,772932.66,Very High
C106797,272912.28,21190.99,0.4463,36754.6,Medium
C106798,25812.77,4837.33,0.3929,7778.21,Low
C106799,424346.78,6411.88,0.3499,9714.96,Medium
C106800,74083.22,355.74,0.049,374.46,Low
C106801,11702.82,15190.44,0.5553,30909.34,Medium
C106802,1534.22,14750.61,0.4025,24040.92,Medium
C106803,244998.51,22176.45,0.7631,61870.27,High
C106804,791639.44,133253.78,0.9958,517236.81,Very High
C106805,292650.06,10964.86,0.121,12471.45,Medium
C106806,713081.26,58179.26,0.984,225828.15,Very High
C106807,49642.12,9246.22,0.3849,14702.19,Medium
C106808,258040.25,20309.65,0.7391,54612.19,High
C106809,98814.26,40192.78,0.9045,139169.92,High
C106810,15926.04,8625.38,0.4253,14518.17,Medium
C106811,0.0,22822.93,0.5752,47842.75,High
C106812,111878.81,15994.93,0.5293,31312.38,Medium
C106814,665924.76,55425.87,0.927,198590.16,High
C106815,0.0,3365.7,0.112,3789.46,Low
C106816,240039.79,18113.67,0.3559,27672.45,Medium
C106817,198043.46,45969.41,0.9814,178434.51,High
C106818,81544.48,8592.84,0.2667,11658.07,Medium
C106819,59934.13,14447.64,0.6981,36491.52,Medium
C106820,1040665.01,177872.5,0.9977,690428.48,Very High
C106821,96181.8,56650.98,0.8684,185663.55,High
C106822,82159.56,3838.94,0.1419,4472.02,Low
C106823,32691.48,12769.93,0.1658,15296.74,Medium
C106824,667174.82,148935.51,0.9939,578106.9,Very High
C106825,330817.25,10688.88,0.3632,16493.3,Medium
C106826,293852.86,126007.12,0.9984,489108.23,Very High
C106827,98284.54,23309.31,0.473,42016.18,Medium
C106828,833511.38,92554.81,0.8994,318021.52,Very High
C106830,296856.38,39460.0,0.9003,135761.85,High
C106831,527105.84,57996.81,0.8797,193369.07,High
C106832,175000.59,18290.23,0.7631,51025.43,High
C106833,4387.76,6775.8,0.5603,13891.18,Medium
C106834,452490.79,13701.29,0.3055,19555.21,Medium
C106835,15907.1,41534.34,0.8973,142243.99,High
C106836,918637.78,142870.17,0.9982,554563.7,Very High
C106837,19284.28,640.22,0.0672,686.31,Low
C106838,784917.29,136610.74,0.9995,530267.14,Very High
C106839,414277.19,41573.28,0.9926,161370.51,High
C106840,194023.4,42370.38,0.9914,164464.54,High
C106841,0.0,27697.67,0.8089,82888.88,High
C106842,238026.46,3940.97,0.2126,4994.54,Low
C106844,290097.51,63800.01,0.9929,247645.61,Very High
C106845,362588.69,3299.68,0.0826,3596.5,Low
C106846,47681.6,78930.03,0.9101,275654.6,Very High
C106847,977220.72,134315.92,0.9731,515933.23,Very High
C106848,0.0,2029.3,0.0754,2194.69,Low
C106849,121890.65,14873.45,0.3718,23224.77,Medium
C106850,2045711.22,156765.75,0.9888,608500.69,Very High
C106851,305259.34,7520.98,0.3083,10774.66,Medium
C106852,385680.69,29399.95,0.9082,102368.25,High
C106853,1618981.93,142150.61,0.9979,551770.66,Very High
C106854,117485.03,1275.41,0.0456,1342.53,Low
C106855,1511943.73,163764.39,0.9991,635666.53,Very High
C106856,15699.14,22515.12,0.3277,33103.67,Medium
C106857,869468.93,61285.96,0.8622,198974.66,High
C106858,2007016.52,215347.8,0.9985,835892.31,Very High
C106859,4193.09,12019.73,0.1986,14974.44,Medium
C106860,2014277.19,207265.96,0.9993,804521.9,Very High
C106861,57300.65,5244.26,0.41,8637.79,Low
C106862,86676.88,10751.27,0.277,14783.57,Medium
C106863,169243.59,22493.85,0.8154,67981.36,High
C106864,222420.44,33297.38,0.8382,104208.13,High
C106865,122491.07,41775.4,0.8088,124992.02,High
C106866,42380.84,13948.19,0.3472,21055.65,Medium
C106867,551243.63,88187.92,0.9617,332983.76,Very High
C106868,410447.49,30921.2,0.4937,57446.48,High
C106869,1179773.84,134952.42,0.9991,523830.23,Very High
C106870,15595.22,637.26,0.0364,670.8,Low
C106871,86707.81999999999,3878.11,0.0255,4082.2,Low
C106872,214404.14,9365.29,0.3324,13856.41,Medium
C106873,273940.49,17041.52,0.2137,21626.6,Medium
C106874,13693.43,272.7,0.0076,287.05,Low
C106875,35615.76,622.04,0.0334,654.77,Low
C106876,189296.06,11123.87,0.298,15720.57,Medium
C106877,70418.42,1437.54,0.0462,1513.19,Low
C106878,117006.8,20357.98,0.4593,35977.58,Medium
C106879,1105861.96,127712.73,0.998,495728.71,Very High
C106880,2025496.52,147960.39,0.9989,574321.87,Very High
C106881,644196.23,29399.51,0.2229,37741.05,Medium
C106882,174551.12,6945.29,0.2202,8885.1,Low
C106883,101290.13,18566.72,0.3091,26626.75,Medium
C106884,226068.02,40974.78,0.4325,69672.9,High
C106885,255293.0,90176.28,0.9747,347254.92,Very High
C106886,1184934.12,184974.45,0.9994,717995.34,Very High
C106887,0.0,22084.52,0.8839,74115.04,High
C106888,312933.85,8240.75,0.2643,11146.77,Medium
C106889,39653.6,71576.19,0.8003,211381.11,High
C106890,0.0,34252.44,0.6919,85694.44,High
C106891,367109.3,52050.82,0.987,202040.07,High
C106892,57873.77,18754.17,0.7726,53087.75,High
C106893,2264969.0,176784.94,0.9991,686207.0,Very High
C106894,0.0,13370.71,0.3708,20849.85,Medium
C106895,155137.37,18914.0,0.6907,47233.82,High
C106896,1442088.74,191103.42,0.9992,741785.49,Very High
C106897,29937.76,290.58,0.0103,305.87,Low
C106898,81160.8,14901.66,0.5224,28877.75,Medium
C106899,1287690.75,139328.35,0.999,540815.82,Very High
C106900,1473557.82,148407.35,0.9971,576056.79,Very High
C106901,589165.85,36188.53,0.8373,113101.88,High
C106903,218572.75,9850.56,0.5539,20002.93,Medium
C106904,459295.76,29817.01,0.8831,99942.39,High
C106905,185879.59000000003,20721.89,0.3748,32488.45,Medium
C106906,47594.490000000005,1891.17,0.0372,1990.69,Low
C106907,9372.2,19384.87,0.5854,41264.34,Medium
C106908,310979.09,91583.85,0.9877,355491.14,Very High
C106909,148973.03,35589.6,0.6204,79868.38,High
C106910,80521.85,14982.85,0.1676,17985.16,Medium
C106911,64421.38,13556.19,0.0941,14963.92,Medium
C106912,193566.86,12228.19,0.2068,15387.47,Medium
C106913,586502.89,65596.96,0.9938,254620.62,Very High
C106914,213094.35,642.98,0.0605,684.38,Low
C106915,194519.52,3604.7,0.1425,4201.77,Low
C106916,184678.04,14332.52,0.5807,30293.86,Medium
C106917,144619.99,565.5,0.0127,595.26,Low
C106918,312974.35,74749.57,0.9096,260840.68,Very High
C106919,62739.1,22103.37,0.7404,59557.36,High
C106920,242624.21,14640.11,0.6807,36007.94,Medium
C106921,37961.54,9438.95,0.4653,16826.41,Medium
C106922,268198.5,49979.32,0.9213,177528.82,High
C106923,660095.2000000001,58502.32,0.8047,173953.52,High
C106924,686981.0599999999,127408.43,0.9986,494547.53,Very High
C106925,100739.0,4016.47,0.1249,4588.47,Low
C106926,70916.48,58268.95,0.756,160788.61,High
C106927,0.0,26584.39,0.8791,88566.36,High
C106928,262837.07,41449.18,0.9815,160888.79,High
C106929,289674.31,14026.78,0.1435,16370.25,Medium
C106930,458842.68,92795.36,0.9969,360193.74,Very High
C106931,1056370.29,163411.87,0.9991,634298.22,Very High
C106932,654457.7000000001,104788.54,0.998,406746.35,Very High
C106933,36722.47,6483.7,0.3419,9717.39,Medium
C106934,117836.92,16478.81,0.2251,21210.22,Medium
C106935,1331950.82,152145.63,0.9996,590567.26,Very High
C106936,0.0,1782.22,0.101,1982.18,Low
C106937,45073.62,932.97,0.0603,992.79,Low
C106938,469548.78,29574.67,0.7579,81850.13,High
C106939,303653.03,9907.75,0.1799,12068.88,Medium
C106940,1284910.46,229770.56,0.9989,891875.56,Very High
C106941,163448.81,2004.52,0.069,2153.0,Low
C106942,53900.49,20460.41,0.696,51510.32,High
C106943,0.0,3468.7,0.0864,3796.37,Low
C106945,1887825.41,144631.89,0.9994,561402.0,Very High
C106946,169929.65,21549.38,0.6987,54476.55,High
C106947,82983.87,21813.73,0.7251,57418.35,High
C106948,574305.65,72648.28,0.7055,185562.48,High
C106949,247883.9,16170.71,0.3605,24859.96,Medium
C106950,0.0,351.25,0.0094,369.73,Low
C106951,144960.0,44118.19,0.8,130237.08,High
C106952,38092.15,36400.57,0.7841,104864.92,High
C106953,94804.6,4946.63,0.2682,6724.43,Low
C106954,152788.52,26699.03,0.4325,45400.16,Medium
C106955,295068.7,32517.25,0.9003,111880.3,High
C106956,114803.63,2318.61,0.1048,2589.7,Low
C106957,29146.800000000003,17269.87,0.3413,25861.2,Medium
C106958,374817.91,21240.16,0.6228,47837.72,High
C106960,87984.39,68864.93,0.9234,245395.13,Very High
C106961,594235.04,58888.49,0.9255,210519.57,High
C106962,90246.86,7852.24,0.2151,9982.33,Medium
C106963,91165.82,16743.63,0.5015,31462.38,Medium
C106964,190172.15,37646.89,0.8744,124524.93,High
C106965,185203.42,55431.32,0.9801,215161.76,High
C106966,113074.87,6791.81,0.3532,10336.55,Medium
C106967,380973.64,8796.78,0.1117,9901.87,Medium
C106968,279888.25,8916.71,0.1677,10704.54,Medium
C106969,2105095.57,142504.48,0.9984,553144.26,Very High
C106970,1093192.76,163738.3,0.9995,635565.28,Very High
C106971,176322.14,10076.14,0.5586,20603.7,Medium
C106972,455114.36,64399.59,0.9195,228146.17,Very High
C106973,365015.64,2360.12,0.2871,3288.14,Low
C106974,0.0,30129.99,0.5506,60887.36,High
C106975,13689.41,331.68,0.0735,357.98,Low
C106976,78193.06,110916.79,0.9939,430533.71,Very High
C106977,183932.46,7429.73,0.3664,11514.5,Medium
C106978,303682.53,51226.84,0.5897,109756.99,High
C106979,27052.97,1558.06,0.262,2101.16,Low
C106980,1167857.48,163497.31,0.9994,634629.86,Very High
C106981,276940.13,6555.76,0.2087,8269.55,Low
C106982,36366.69,15829.01,0.5436,31654.5,Medium
C106983,0.0,23372.14,0.8081,69856.68,High
C106984,1227720.39,133751.36,0.998,519168.19,Very High
C106985,155412.01,2715.98,0.1022,3024.73,Low
C106986,0.0,2172.1,0.1092,2438.15,Low
C106987,77482.27,24122.2,0.3031,34319.99,Medium
C106988,425031.67,53209.16,0.7312,141367.98,High
C106989,439012.6,24630.57,0.2409,32337.82,Medium
C106990,338882.54,14040.45,0.6024,30664.21,Medium
C106991,85128.78,10702.15,0.5323,21045.2,Medium
C106992,105006.84,64029.73,0.9218,227598.48,Very High
C106993,0.0,325.83,0.008,342.98,Low
C106994,0.0,17875.06,0.5666,36994.17,Medium
C106995,131515.56,8731.0,0.2351,11380.34,Medium
C106996,355040.25,28247.44,0.6252,63854.01,High
C106997,312391.33,21275.59,0.7816,61061.93,High
C106998,804936.68,22498.78,0.6088,49613.56,High
C106999,721.1,36360.0,0.8599,117638.04,High
C107000,0.0,2256.76,0.0703,2427.47,Low
C107001,24585.39,502.0,0.036,528.41,Low
C107002,143227.77,954.44,0.1469,1118.25,Low
C107003,182288.77,21505.28,0.2572,28823.46,Medium
C107004,214152.61,7516.44,0.178,9135.26,Low
C107005,483028.56000000006,11685.69,0.3573,17885.8,Medium
C107006,1636604.31,173742.96,0.999,674399.3,Very High
C107007,195922.38,5254.62,0.2261,6771.92,Low
C107008,43778.85,7295.46,0.2416,9586.43,Medium
C107009,24846.140000000003,1710.64,0.0591,1818.14,Low
C107010,548633.24,70570.41,0.796,207047.74,High
C107011,99795.27,8217.11,0.2833,11392.05,Medium
C107012,179578.97999999998,75335.72,0.9843,292422.51,Very High
C107013,98646.25,908.56,0.1262,1039.49,Low
C107014,736706.3,166800.17,0.9947,647450.2,Very High
C107015,251980.4,11736.89,0.3375,17486.05,Medium
C107016,17896.059999999998,14629.88,0.6287,33243.68,Medium
C107017,313227.25,12681.3,0.0388,13348.65,Medium
C107018,216078.21,20404.95,0.5545,41470.03,Medium
C107020,162291.59,17482.08,0.6381,40294.98,Medium
C107021,14734.83,5899.25,0.0693,6338.67,Low
C107022,342193.22,29872.47,0.7662,83735.2,High
C107023,56221.99,475.61,0.0266,500.64,Low
C107024,55816.98,8969.25,0.1647,10729.76,Medium
C107025,0.0,34800.02,0.7331,92728.12,High
C107026,982786.18,43946.63,0.9162,154904.36,High
C107027,37086.04,1004.46,0.0325,1057.32,Low
C107028,26786.27,47838.18,0.8188,145340.84,High
C107029,237748.87,44722.54,0.9736,171929.93,High
C107030,379788.03,109923.3,0.9945,426677.42,Very High
C107031,26194.67,7085.24,0.2027,8871.18,Low
C107032,1002119.94,125226.51,0.9974,486078.21,Very High
C107033,0.0,45906.5,0.7023,116685.38,High
C107034,426504.32,41065.55,0.7624,114437.29,High
C107035,275136.33,118845.63,0.9977,461310.24,Very High
C107036,1682.65,35434.97,0.8642,115393.71,High
C107037,625761.5,146672.35,0.9987,569322.2,Very High
C107038,188552.75,7244.37,0.1601,8619.58,Low
C107040,559423.76,46354.83,0.9588,174265.59,High
C107041,2595637.59,248967.8,0.9994,966391.42,Very High
C107042,344805.34,66722.74,0.9798,258924.96,Very High
C107044,39202.06,406.11,0.0487,427.48,Low
C107045,40069.09,43805.01,0.7476,119342.8,High
C107046,121615.01,27425.66,0.4408,47195.12,High
C107047,0.0,30775.16,0.4778,55863.27,High
C107048,115461.36,14645.12,0.712,37782.11,Medium
C107049,220828.8,15771.15,0.6262,35703.42,Medium
C107050,274146.95,14864.69,0.5281,29050.8,Medium
C107051,188882.81,30998.5,0.8484,98535.74,High
C107052,43662.1,58135.74,0.6703,140725.08,High
C107053,128726.1,45060.7,0.8713,148328.26,High
C107054,36282.54,3641.76,0.1732,4400.59,Low
C107055,81301.03,4548.8,0.2056,5715.59,Low
C107056,521349.7,235146.42,0.9988,912742.47,Very High
C107057,155041.33000000002,30323.1,0.8497,96580.67,High
C107058,21376.23,30837.01,0.5896,66058.6,High
C107059,45914.48,58652.57,0.9419,214953.08,High
C107060,0.0,37660.69,0.8466,119394.03,High
C107061,67956.42,18652.4,0.2963,26300.28,Medium
C107062,231697.13,132126.71,0.994,512861.96,Very High
C107063,455499.19,36512.7,0.2901,51066.87,High
C107064,628112.6,32797.67,0.4329,55801.96,High
C107065,223105.53,30736.16,0.7964,90232.16,High
C107066,72134.99,17616.37,0.8438,55607.53,High
C107067,218841.89,2603.34,0.0705,2800.82,Low
C107068,136422.35,17998.52,0.1854,22068.63,Medium
C107069,18172.84,288.07,0.0383,303.23,Low
C107070,113461.79,14863.32,0.2834,20607.52,Medium
C107071,122502.17,1528.07,0.0238,1608.48,Low
C107072,198695.08,68536.22,0.9847,266029.63,Very High
C107073,113011.16,42437.69,0.7719,119997.86,High
C107074,113028.45,29279.72,0.5728,61157.06,High
C107075,113108.11,11098.26,0.2492,14724.44,Medium
C107076,1525246.52,171898.58,0.9993,667240.17,Very High
C107077,408750.14,35863.67,0.9446,131958.98,High
C107078,1595440.7,189539.7,0.9984,735715.77,Very High
C107079,674764.04,80810.81,0.9785,312964.28,Very High
C107080,300257.04,22676.25,0.7357,60662.32,High
C107081,299395.28,114222.75,0.9884,443366.1,Very High
C107082,104926.35,1174.5,0.0409,1236.31,Low
C107083,44444.51,4995.05,0.1678,5997.67,Low
C107084,48950.71,10322.19,0.268,14028.11,Medium
C107085,32991.05,44385.83,0.8934,151120.47,High
C107086,265388.72,30368.79,0.8463,96225.1,High
C107087,213677.03,31773.85,0.7973,93416.21,High
C107088,416951.28,134901.06,0.9974,523630.88,Very High
C107089,200397.06,60616.39,0.9928,235288.11,Very High
C107090,0.0,331.39,0.0078,348.82,Low
C107091,19419.63,2538.41,0.0461,2671.99,Low
C107092,44933.03,465.58,0.0185,490.08,Low
C107093,101074.78,17690.79,0.7359,47340.31,High
C107094,82866.54,32608.3,0.4144,54042.85,High
C107095,28853.5,51286.77,0.8955,175169.77,High
C107096,586816.29,139142.61,0.9956,540094.85,Very High
C107097,750076.11,53342.21,0.8893,180483.52,High
C107098,500051.59,161904.73,0.9991,628448.12,Very High
C107099,1359099.52,158925.2,0.9993,616882.8,Very High
C107100,1688682.47,199023.08,0.9991,772526.41,Very High
C107101,387472.87,14910.57,0.3527,22678.26,Medium
C107102,198437.19,17693.98,0.6316,40383.12,Medium
C107103,0.0,2056.35,0.05,2164.56,Low
C107104,19005.28,83859.82,0.9438,308218.13,Very High
C107105,50423.45,13391.22,0.214,17002.4,Medium
C107106,108623.52,584.97,0.0593,621.83,Low
C107107,119237.17,15947.49,0.2713,21766.17,Medium
C107108,182807.78,103178.73,0.9461,380534.11,Very High
C107109,285550.75,5751.58,0.0774,6233.84,Low
C107110,267286.97,12256.13,0.8441,38703.91,Medium
C107111,97794.74,348.76,0.0377,367.11,Low
C107112,29921.17,95196.65,0.9281,341633.21,Very High
C107113,110791.84,75295.67,0.8499,239896.23,Very High
C107114,1178058.48,148252.79,0.9988,575456.86,Very High
C107115,154996.26,14861.77,0.1852,18217.68,Medium
C107116,266387.01,9901.61,0.502,18618.72,Medium
C107117,66258.69,46458.03,0.9492,172144.54,High
C107118,0.0,265.25,0.0122,279.2,Low
C107119,428448.45,5192.08,0.0993,5764.2,Low
C107120,1526268.64,136009.87,0.9989,527934.81,Very High
C107121,322080.13,142710.22,0.9808,553942.84,Very High
C107122,11642.3,1967.09,0.0485,2070.61,Low
C107123,30877.76,8540.15,0.2498,11339.13,Medium
C107124,27787.86,30026.65,0.3471,45321.53,Medium
C107125,180951.92,142124.83,0.9979,551670.62,Very High
C107126,110723.47,381.81,0.0291,401.91,Low
C107127,34616.71,1805.42,0.0389,1900.43,Low
C107128,382689.55,12343.52,0.3331,18282.0,Medium
C107129,87577.53,60692.73,0.9414,222237.7,Very High
C107130,275446.01,33387.82,0.8595,107944.04,High
C107131,514850.64,93278.98,0.9955,362070.95,Very High
C107132,16777.16,13155.82,0.6348,30174.77,Medium
C107133,326380.6,28251.11,0.456,49685.91,High
C107134,618777.98,100780.96,0.9943,391190.56,Very High
C107135,0.0,2029.07,0.0717,2185.68,Low
C107136,225282.43,55420.1,0.9054,192152.62,High
C107137,1863936.92,205820.01,0.9991,798909.31,Very High
C107138,75558.38,4064.75,0.1191,4613.26,Low
C107139,380311.96,50441.34,0.8956,172298.78,High
C107140,2277385.99,195678.76,0.999,759545.1,Very High
C107141,171192.18,7442.4,0.3472,11234.44,Medium
C107142,823378.4500000001,84874.89,0.9936,329449.69,Very High
C107143,158958.2,659.21,0.0569,698.95,Low
C107144,0.0,302.34,0.0128,318.25,Low
C107145,598417.87,166696.79,0.9988,647048.94,Very High
C107146,150826.18,8333.94,0.5985,18094.85,Medium
C107147,0.0,1011.19,0.0665,1083.2,Low
C107148,178990.73,119625.41,0.9778,462835.04,Very High
C107149,44295.72,3331.09,0.1393,3868.54,Low
C107150,0.0,353.18,0.0181,371.77,Low
C107151,720653.98,213715.99,0.9988,829558.27,Very High
C107152,37588.52,51371.51,0.9182,181621.87,High
C107153,1123806.12,190370.39,0.9995,738940.2,Very High
C107154,91454.61,26334.52,0.8269,81005.44,High
C107155,525357.12,51961.88,0.772,146951.54,High
C107156,211761.77,526.06,0.0521,554.96,Low
C107157,69657.01000000001,5080.98,0.496,9471.17,Medium
C107158,77554.77,31042.99,0.6079,68356.77,High
C107159,419257.6,47515.41,0.8466,150638.63,High
C107160,63529.78,510.13,0.0757,551.87,Low
C107161,1056.58,23998.05,0.6243,54172.05,High
C107162,66156.23,1884.48,0.0568,1998.01,Low
C107163,203303.55,3171.44,0.0556,3357.96,Low
C107164,77571.04000000001,26719.98,0.3757,41947.26,Medium
C107165,438356.63,11684.56,0.2896,16331.61,Medium
C107166,97383.31,45795.42,0.8955,156408.32,High
C107167,11550.0,34109.6,0.7939,99752.04,High
C107168,48033.73,56686.72,0.9017,195445.66,High
C107169,127252.14,5824.82,0.0486,6131.35,Low
C107170,2838155.5300000003,180145.87,0.9976,699252.78,Very High
C107171,507529.25,118241.9,0.9915,458966.82,Very High
C107172,5679.23,370.6,0.0263,390.1,Low
C107174,99612.31,6211.58,0.3811,9824.3,Medium
C107175,0.0,35934.86,0.6294,81752.28,High
C107176,37335.13,14509.65,0.4894,26787.84,Medium
C107177,24793.73,13074.89,0.3703,20373.46,Medium
C107178,324887.56,19168.0,0.369,29813.37,Medium
C107179,2286176.42,172982.65,0.9992,671448.08,Very High
C107180,5092.98,2290.57,0.0947,2529.98,Low
C107181,187937.11,20152.7,0.7738,57148.33,High
C107182,439499.01,47849.85,0.7748,135899.32,High
C107184,155481.96000000002,9915.31,0.0385,10437.1,Medium
C107185,0.0,27357.05,0.8076,81697.96,High
C107186,593302.03,202709.56,0.9992,786835.82,Very High
C107187,213799.21,12800.99,0.2231,16436.38,Medium
C107188,127221.72,8576.48,0.217,10929.1,Medium
C107189,1237663.97,190214.37,0.9993,738334.59,Very High
C107190,0.0,287.71,0.0165,302.86,Low
C107191,6508.67,542.15,0.0326,570.68,Low
C107192,351353.01,12730.27,0.1243,14534.46,Medium
C107193,327193.5,15636.6,0.3938,25173.67,Medium
C107194,449517.89,52248.46,0.9074,181728.69,High
C107195,244901.25,78768.77,0.9893,305748.24,Very High
C107197,562367.72,92453.52,0.9912,358866.84,Very High
C107198,0.0,27079.4,0.7825,77823.18,High
C107199,696747.52,54488.78,0.8891,184318.22,High
C107200,680586.09,111570.14,0.9983,433069.76,Very High
C107201,6893.19,1478.98,0.0124,1556.81,Low
C107202,600214.06,69927.41,0.9921,271429.69,Very High
C107203,0.0,1396.82,0.0923,1538.67,Low
C107204,90090.46,19230.33,0.5135,36780.66,Medium
C107205,181565.21,1701.07,0.2053,2136.77,Low
C107206,2291464.18,193238.98,0.9989,750074.89,Very High
C107207,517684.72,151010.49,0.9928,586161.09,Very High
C107208,2240104.34,200509.47,0.9994,778295.95,Very High
C107209,144642.63,3632.37,0.104,4053.69,Low
C107210,638599.79,119530.57,0.9987,463968.89,Very High
C107212,393954.46,68823.24,0.947,254187.34,Very High
C107213,152701.68,2508.72,0.0901,2756.99,Low
C107215,807781.35,45586.15,0.93,164085.05,High
C107216,143311.63999999998,23339.02,0.778,66615.4,High
C107217,828040.8300000001,29856.08,0.6413,69155.84,High
C107218,1240121.47,149704.98,0.9996,581093.67,Very High
C107219,30336.56,447.81,0.0384,471.38,Low
C107220,166087.33000000002,15595.66,0.3654,24136.26,Medium
C107221,8508.03,335.59,0.0389,353.25,Low
C107222,124663.41,66501.98,0.9828,258133.57,Very High
C107223,1598973.39,229055.27,0.9993,889099.12,Very High
C107224,0.0,813.76,0.0707,875.66,Low
C107225,60453.28,550.61,0.0224,579.59,Low
C107226,52096.3,36071.77,0.7986,106248.18,High
C107227,364483.63,43669.75,0.9612,164762.27,High
C107229,511430.04,136764.6,0.9812,530864.37,Very High
C107230,85205.73999999999,7089.83,0.1054,7924.49,Low
C107231,1327755.2,152586.28,0.9955,592277.68,Very High
C107232,169305.59,9017.14,0.132,10385.38,Medium
C107233,264910.41000000003,11536.46,0.5969,24987.6,Medium
C107234,77048.12,924.06,0.1751,1119.2,Low
C107235,283971.9,18546.11,0.8341,57679.21,High
C107236,250852.4,7386.1,0.2397,9682.18,Medium
C107237,364145.67,5403.84,0.2513,7189.16,Low
C107238,1088384.64,73139.44,0.9605,275660.06,Very High
C107239,737585.13,186510.73,0.999,723958.56,Very High
C107240,49635.11,938.04,0.0227,987.41,Low
C107241,65660.91,282.75,0.015,297.63,Low
C107242,902238.94,156661.81,0.9992,608097.22,Very High
C107243,95723.08,2383.94,0.0499,2509.4,Low
C107244,1182220.64,67822.29,0.9772,262156.64,Very High
C107245,699555.99,101893.58,0.9229,362794.63,Very High
C107246,311293.1,2337.7,0.146,2736.2,Low
C107248,42370.27,6016.46,0.1283,6900.41,Low
C107250,83051.70999999999,37681.38,0.7682,105952.55,High
C107252,72308.79,17330.34,0.4001,28147.81,Medium
C107253,50024.27,3397.99,0.1035,3789.96,Low
C107254,408946.65,41893.85,0.9265,149978.33,High
C107255,19243.56,265.56,0.0096,279.53,Low
C107256,9425.9,23638.01,0.7161,61369.01,High
C107257,918751.33,143319.71,0.9948,556308.66,Very High
C107258,1798394.91,227123.84,0.999,881602.07,Very High
C107259,41630.96,459.43,0.0374,483.61,Low
C107260,56157.88,20140.16,0.1205,22895.72,Medium
C107261,465693.81,1304.47,0.03,1373.12,Low
C107262,22030.62,5518.38,0.154,6519.11,Low
C107263,21519.31,288.35,0.0257,303.52,Low
C107264,66361.23999999999,22725.53,0.6757,55470.67,High
C107265,295983.99,9195.24,0.4258,15488.04,Medium
C107266,14788.73,10191.82,0.2995,14431.36,Medium
C107267,626701.43,43814.6,0.8444,138434.47,High
C107268,46880.18,4082.58,0.0503,4298.62,Low
C107269,412000.63,43182.28,0.7948,126459.59,High
C107270,192899.07,30964.33,0.6542,73144.15,High
C107271,163136.41,39637.54,0.971,151785.15,High
C107272,190234.8,4884.83,0.1541,5771.18,Low
C107273,66285.70999999999,4960.7,0.1983,6177.8,Low
C107274,5443.09,51730.22,0.8927,175948.42,High
C107275,275103.03,33246.72,0.8974,113892.49,High
C107276,117373.25,63082.41,0.8798,210384.86,High
C107277,1545367.43,185353.5,0.9984,719466.66,Very High
C107278,47577.54,539.11,0.0794,585.62,Low
C107279,519426.14,94012.51,0.987,364918.21,Very High
C107280,309724.97,26739.44,0.4679,47843.32,High
C107281,368786.96,15808.66,0.2701,21542.22,Medium
C107282,1596498.81,165797.04,0.9992,643556.48,Very High
C107283,46941.61,1557.87,0.161,1855.48,Low
C107284,153836.75,52980.14,0.7649,148202.09,High
C107285,14221.54,5810.55,0.0875,6367.49,Low
C107286,97949.38,1209.96,0.1068,1354.43,Low
C107287,29513.77,337.71,0.0279,355.48,Low
C107288,570470.3099999999,47955.05,0.5398,95364.23,High
C107289,624645.59,139932.22,0.9989,543159.78,Very High
C107290,58868.85,2258.35,0.0345,2377.2,Low
C107291,183476.3,10934.64,0.2471,14468.98,Medium
C107293,1555510.31,122557.83,0.9981,475719.5,Very High
C107294,335770.57,22010.95,0.2027,27561.12,Medium
C107295,0.0,52330.39,0.8159,158274.55,High
C107296,508594.97,16582.67,0.1193,18826.08,Medium
C107297,773363.08,53775.26,0.8785,178971.38,High
C107298,107248.72,2280.72,0.0786,2475.14,Low
C107299,173622.36,20948.69,0.4572,36908.71,Medium
C107300,1250634.79,87842.73,0.9952,340969.64,Very High
C107301,28246.66,3273.39,0.127,3748.57,Low
C107302,300307.83,27028.04,0.8743,89383.53,High
C107303,109631.0,5316.99,0.2102,6719.3,Low
C107304,28312.64,37654.19,0.2531,50204.55,High
C107305,487050.91,184629.91,0.9992,716657.97,Very High
C107307,211880.04,31551.74,0.6902,78739.13,High
C107308,36342.08,409.7,0.0196,431.26,Low
C107309,466634.77,105704.73,0.9985,410302.65,Very High
C107310,0.0,22111.07,0.5147,42366.95,Medium
C107311,3528.74,6448.87,0.0529,6808.68,Low
C107313,2090007.71,161403.01,0.9988,626500.65,Very High
C107314,1319107.12,182209.19,0.9995,707261.74,Very High
C107315,78713.89,3130.67,0.0762,3388.78,Low
C107316,126143.2,4511.35,0.1695,5427.74,Low
C107317,156127.99,91132.0,0.9901,353737.24,Very High
C107318,87990.67,26514.26,0.8011,78407.99,High
C107319,89147.11,97767.66,0.8798,326064.54,Very High
C107320,1200297.88,183548.6,0.9991,712460.77,Very High
C107321,0.0,28462.54,0.9571,106726.88,High
C107322,20076.98,7602.16,0.2006,9494.15,Medium
C107323,513107.24,48264.0,0.9795,187198.24,High
C107324,197884.88,25931.07,0.8143,78238.26,High
C107325,0.0,900.42,0.054,951.86,Low
C107326,271770.28,39176.76,0.8827,131222.94,High
C107327,853096.68,146841.61,0.9982,569979.2,Very High
C107328,219454.1,14363.14,0.7281,37981.93,Medium
C107329,5880.46,28965.38,0.8668,94705.92,High
C107330,82276.2,1830.08,0.0451,1926.39,Low
C107331,26936.02,9512.08,0.3908,15249.57,Medium
C107332,121273.38,2658.55,0.0684,2853.56,Low
C107333,1373921.87,183884.47,0.9995,713764.5,Very High
C107334,75946.81,127125.3,0.973,488272.33,Very High
C107335,346335.34,85250.93,0.9968,330909.32,Very High
C107336,1002851.36,189296.17,0.9979,734770.48,Very High
C107337,9858.55,3360.75,0.1344,3881.36,Low
C107338,2407.51,5443.47,0.5519,11021.25,Medium
C107339,1617805.21,181824.24,0.9993,705767.51,Very High
C107340,95300.74,313.91,0.0329,330.43,Low
C107341,187573.29,5143.31,0.2892,7185.47,Low
C107342,96430.45,21751.16,0.5925,46800.64,High
C107343,61055.11,3983.03,0.1445,4653.53,Low
C107344,94265.74,26801.34,0.8377,83820.6,High
C107345,37587.56,41146.63,0.8563,132389.81,High
C107346,851166.5700000001,179744.05,0.9987,697693.07,Very High
C107347,61025.5,436.78,0.0458,459.76,Low
C107348,314759.07,13069.47,0.6468,30528.73,Medium
C107349,326498.53,173536.78,0.9985,673598.97,Very High
C107350,0.0,23974.02,0.7943,70152.27,High
C107351,0.0,300.56,0.0529,317.34,Low
C107352,386238.19,25025.1,0.556,50975.99,High
C107353,1213.31,7050.32,0.4028,11494.98,Medium
C107354,306292.27,149732.33,0.9992,581199.81,Very High
C107355,1665020.12,174974.53,0.9993,679179.75,Very High
C107356,745162.98,176125.37,0.9984,683646.82,Very High
C107357,59066.47,53464.74,0.9348,193828.75,High
C107358,126625.94000000002,22095.7,0.792,64435.23,High
C107359,125016.73,8482.68,0.235,11054.63,Medium
C107360,285606.68,19678.84,0.8324,61040.1,High
C107361,1855124.89,126892.56,0.9949,492545.16,Very High
C107362,133833.93,9238.69,0.1665,11075.49,Medium
C107363,234883.23,44180.81,0.9139,155185.94,High
C107364,1105476.5,137326.2,0.9991,533044.3,Very High
C107365,1069727.99,155849.28,0.9963,604943.3,Very High
C107366,1086176.37,87069.63,0.9854,337968.79,Very High
C107367,100751.56,16230.22,0.5922,34904.39,Medium
C107368,807077.11,65213.57,0.9001,224318.23,Very High
C107369,3546.13,6862.34,0.1913,8474.45,Low
C107370,32291.1,5684.49,0.2389,7444.57,Low
C107371,0.0,25853.7,0.7167,67180.86,High
C107372,35824.23,397.11,0.0623,423.5,Low
C107373,105479.09,24996.55,0.6463,58338.09,High
C107374,62152.9,7913.05,0.342,11861.37,Medium
C107375,52047.84,13347.2,0.3191,19398.96,Medium
C107376,1843765.01,261671.43,0.9993,1015701.73,Very High
C107377,279960.52,67423.59,0.8838,226237.38,Very High
C107378,932472.63,173351.77,0.9991,672880.86,Very High
C107379,1258.44,7606.68,0.2598,10229.37,Medium
C107380,8538.31,2118.91,0.0244,2230.41,Low
C107381,24245.59,30555.51,0.7389,82138.89,High
C107382,79919.23,4076.32,0.071,4387.72,Low
C107383,151556.16,7061.74,0.3308,10426.22,Medium
C107384,363569.05,22044.55,0.2022,27584.91,Medium
C107386,91702.74,514.28,0.0303,541.34,Low
C107387,1086106.66,90606.61,0.998,351697.88,Very High
C107388,181921.29,11225.35,0.5184,21626.53,Medium
C107389,184491.03,154452.03,0.9976,599519.77,Very High
C107390,557073.85,59832.22,0.8631,194502.22,High
C107392,10903.27,5534.2,0.2167,7049.58,Low
C107393,0.0,4181.9,0.0787,4538.91,Low
C107394,122695.06,32782.74,0.8497,104417.32,High
C107395,349486.29,16901.0,0.5587,34566.78,Medium
C107396,426080.7,212525.17,0.9958,824936.0,Very High
C107397,105315.56,13763.22,0.4507,24021.26,Medium
C107398,6107.12,304.3,0.0102,320.31,Low
C107399,106724.24,3009.41,0.0805,3272.56,Low
C107400,2067601.04,223360.24,0.9991,866993.3,Very High
C107401,39752.43,29455.61,0.8243,90243.75,High
C107402,15430.7,4731.24,0.0585,5025.4,Low
C107403,304204.51,1283.74,0.0674,1376.49,Low
C107404,127577.41,70143.96,0.9911,272270.25,Very High
C107405,163511.62,30263.59,0.9253,108156.1,High
C107406,0.0,5191.71,0.3962,8386.99,Low
C107407,0.0,30031.52,0.9119,105168.24,High
C107408,393662.43,105259.72,0.9906,408575.3,Very High
C107409,10186.96,2917.58,0.0456,3071.12,Low
C107410,3600.66,12489.7,0.213,15837.62,Medium
C107411,248147.84,41340.9,0.5678,85715.33,High
C107412,54279.48,9855.98,0.4457,17078.4,Medium
C107413,294630.55,33403.9,0.9782,129303.03,High
C107414,425653.91,164623.7,0.9983,639002.05,Very High
C107415,141673.53,7004.12,0.555,14246.92,Medium
C107417,287820.31,8236.8,0.4595,14560.29,Medium
C107418,303962.76,2794.67,0.1494,3283.7,Low
C107419,24159.88,1647.69,0.0404,1734.4,Low
C107420,18546.32,18398.52,0.3729,28772.16,Medium
C107421,104927.7,3903.36,0.1905,4815.56,Low
C107422,1119398.15,160655.69,0.9991,623599.82,Very High
C107423,12043.33,12081.96,0.1394,14034.0,Medium
C107424,63472.21,5906.7,0.2796,8149.02,Low
C107425,202720.34,33087.78,0.7972,97257.61,High
C107426,40848.71,306.25,0.0394,322.37,Low
C107427,138510.56999999998,3176.99,0.0557,3364.43,Low
C107428,0.0,22241.37,0.7471,60549.99,High
C107429,82188.56,14014.63,0.4911,25936.94,Medium
C107430,128635.29,12324.03,0.2574,16523.69,Medium
C107431,80457.12,3013.92,0.0179,3172.53,Low
C107432,52251.01,571.08,0.0657,611.22,Low
C107433,187602.73,4086.62,0.2649,5532.04,Low
C107434,143358.39,15794.99,0.3965,25524.95,Medium
C107435,232998.59,21379.67,0.8237,65439.83,High
C107436,45031.13,1776.81,0.019,1870.31,Low
C107437,287475.59,98099.14,0.995,380780.84,Very High
C107438,2341.31,3082.95,0.0555,3263.94,Low
C107439,33793.97,11267.82,0.149,13234.21,Medium
C107440,43160.24,45610.15,0.8914,154811.57,High
C107441,104515.56,46325.31,0.9703,177203.68,High
C107442,743577.26,20972.39,0.488,38636.41,Medium
C107443,7256.78,4247.52,0.1593,5049.16,Low
C107444,0.0,267.91,0.007,282.01,Low
C107445,178442.35,44632.3,0.854,143093.6,High
C107446,669394.9,68111.42,0.9964,264380.76,Very High
C107447,192148.07,622.71,0.0305,655.48,Low
C107448,329753.83,98164.35,0.9894,381033.95,Very High
C107449,726693.8400000001,36451.96,0.9292,131046.36,High
C107450,32909.05,6632.17,0.1502,7800.72,Low
C107451,52139.26,654.98,0.0815,713.08,Low
C107452,180286.97,42873.98,0.9423,157204.18,High
C107453,732.86,14437.81,0.2671,19599.34,Medium
C107454,405457.39,23041.15,0.6444,53620.92,High
C107455,6098.9,36259.41,0.6665,87266.35,High
C107456,421771.78,23139.1,0.7968,67972.38,High
C107457,129621.82,1286.05,0.0386,1353.73,Low
C107458,249889.34,6276.68,0.1134,7078.14,Low
C107459,176102.32,23659.28,0.6446,55074.18,High
C107460,21219.98,1638.87,0.0591,1741.84,Low
C107461,328334.03,9858.89,0.1767,11963.63,Medium
C107462,59686.55,2194.52,0.0811,2388.01,Low
C107463,241335.16,30270.76,0.352,45994.01,High
C107464,269988.18,28793.94,0.5633,59300.0,High
C107465,0.0,1532.85,0.2259,1975.09,Low
C107466,230247.48,11313.16,0.2695,15405.32,Medium
C107467,375677.26,53571.6,0.9231,190823.58,High
C107468,90999.66,8822.12,0.4655,15729.83,Medium
C107469,56256.71,65102.61,0.952,242248.51,Very High
C107470,174404.94,24308.25,0.6177,54331.55,High
C107471,539476.35,63303.38,0.9902,245717.89,Very High
C107472,220457.64,124356.99,0.9967,482703.08,Very High
C107473,56861.34,15756.14,0.2343,20516.1,Medium
C107474,113044.27,7971.88,0.3625,12288.95,Medium
C107475,314831.9,35291.92,0.9204,125180.91,High
C107476,940766.66,149621.11,0.9988,580768.12,Very High
C107477,214650.25,11320.85,0.3234,16549.79,Medium
C107478,18413.12,930.08,0.0421,979.03,Low
C107479,0.0,20155.47,0.4477,35027.57,Medium
C107480,119603.82,18269.92,0.5617,37531.74,Medium
C107481,731254.99,61115.62,0.7395,164439.51,High
C107483,84080.47,24143.3,0.5333,47548.53,High
C107484,1640109.16,244260.29,0.9991,948118.79,Very High
C107485,248138.07,43716.49,0.981,169689.59,High
C107486,373208.09,32532.15,0.8756,107792.64,High
C107487,111671.46,52903.31,0.9885,205349.07,High
C107488,493390.5,48594.22,0.8823,162669.79,High
C107489,1490463.35,133777.99,0.9995,519271.57,Very High
C107490,111503.64,345.48,0.0258,363.66,Low
C107491,239135.35,716.17,0.0738,773.21,Low
C107492,556288.19,89130.74,0.9984,345969.16,Very High
C107493,311401.34,44267.14,0.9395,161638.45,High
C107494,202784.33,44665.26,0.9859,173372.33,High
C107495,106633.99,14329.33,0.4436,24756.24,Medium
C107496,1267695.38,228915.5,0.9994,888556.57,Very High
C107497,1075193.11,197683.53,0.999,767326.81,Very High
C107498,50926.76,1287.71,0.151,1515.87,Low
C107499,81430.59,37369.97,0.7238,98172.45,High
C107500,13481.74,356.47,0.1608,424.5,Low
C107501,79134.81000000001,357.29,0.0259,376.09,Low
C107502,232562.72,54373.04,0.9851,211053.97,High
C107503,12234.2,4087.55,0.2676,5552.75,Low
C107504,151220.14,19842.53,0.2525,26438.62,Medium
C107505,133976.49,48068.27,0.9006,165460.44,High
C107507,46046.670000000006,1053.79,0.1033,1175.07,Low
C107508,216698.75,13203.59,0.6426,30644.46,Medium
C107509,686165.32,176696.69,0.9991,685864.47,Very High
C107510,52303.92,16152.85,0.3109,23220.51,Medium
C107511,0.0,29956.71,0.8175,90835.65,High
C107512,270261.44,37841.1,0.8014,111948.92,High
C107513,9521.41,6625.08,0.4935,12304.68,Medium
C107514,165039.62,14397.3,0.4166,23933.23,Medium
C107515,17691.43,16570.77,0.5741,34678.83,Medium
C107516,1268631.33,188680.82,0.9995,732381.96,Very High
C107517,693346.5,152491.94,0.998,591911.51,Very High
C107518,109446.83,6994.98,0.5095,13299.37,Medium
C107520,306194.05,147648.08,0.9966,573109.6,Very High
C107521,750799.1900000001,50685.99,0.9787,196364.63,High
C107522,101552.08,3899.2,0.1436,4551.23,Low
C107523,1142170.79,158615.83,0.9993,615681.93,Very High
C107524,49757.69,15518.78,0.7271,40972.04,Medium
C107525,209977.94,10007.5,0.7109,25773.86,Medium
C107526,961702.36,146039.26,0.9987,566864.84,Very High
C107527,69937.0,18671.18,0.7201,48767.47,High
C107528,95968.55,4536.66,0.242,5964.47,Low
C107529,0.0,16262.22,0.6614,38839.23,Medium
C107530,0.0,1257.72,0.0417,1323.91,Low
C107531,92071.69,20553.12,0.3068,29388.46,Medium
C107532,42274.7,6544.48,0.6656,15728.72,Medium
C107533,380671.6,17358.97,0.8359,54141.3,High
C107534,433617.7,18662.53,0.4206,31201.58,Medium
C107535,186076.39,19089.66,0.6853,47278.93,High
C107536,130197.39,6768.79,0.1711,8158.99,Low
C107537,133422.17,3762.05,0.1253,4300.09,Low
C107538,126509.38,12755.68,0.4267,21512.14,Medium
C107539,150551.43999999997,4010.64,0.1322,4620.11,Low
C107540,65618.67,5268.66,0.1056,5890.03,Low
C107541,81635.59,532.51,0.0867,583.05,Low
C107542,147336.01,411.3,0.0248,432.95,Low
C107543,241545.23,18429.41,0.6737,44844.07,Medium
C107544,12971.1,387.62,0.0633,413.8,Low
C107545,168871.1,59888.16,0.9806,232461.39,Very High
C107546,68184.86,24889.34,0.5134,47597.64,High
C107547,452744.69,120111.75,0.9983,466224.79,Very High
C107548,153867.13,2637.78,0.2034,3305.48,Low
C107549,209342.59,71706.36,0.9955,278334.85,Very High
C107550,236610.89,5962.11,0.2673,8095.21,Low
C107551,39342.64,597.36,0.0489,628.79,Low
C107552,667583.71,33245.18,0.8688,109024.48,High
C107553,30223.54,4068.37,0.2315,5278.4,Low
C107554,169846.59,54934.25,0.9772,212339.35,High
C107555,26181.9,272.63,0.0189,286.97,Low
C107556,183400.31,5615.22,0.1757,6805.46,Low
C107557,1085382.34,172433.11,0.9992,669315.0,Very High
C107558,99285.16,14232.99,0.3235,20808.51,Medium
C107559,862672.53,144430.8,0.9967,560621.46,Very High
C107560,441014.48,53457.11,0.9686,203953.65,High
C107561,619440.63,38060.48,0.794,111323.14,High
C107562,551897.78,16865.66,0.3329,24970.17,Medium
C107563,85027.62999999999,470.83,0.0098,495.61,Low
C107564,334702.99,29830.56,0.4233,50068.08,High
C107565,20993.94,13413.35,0.336,19942.44,Medium
C107566,111415.92,37901.93,0.6305,86370.69,High
C107567,631800.01,44755.05,0.9498,165997.72,High
C107568,62624.92,9727.19,0.1648,11637.31,Medium
C107569,85186.72,5400.94,0.0842,5897.47,Low
C107571,36059.2,963.53,0.067,1032.65,Low
C107572,33754.09,5268.09,0.1833,6443.14,Low
C107573,102059.27,3470.79,0.1749,4202.77,Low
C107574,572409.87,15018.91,0.156,17783.57,Medium
C107575,0.0,296.85,0.0301,312.47,Low
C107576,324876.64,15941.94,0.5447,31931.42,Medium
C107577,90684.84,4079.28,0.2353,5317.89,Low
C107578,103342.28,48211.9,0.9678,183722.31,High
C107579,249755.75,20866.52,0.3099,29957.67,Medium
C107580,601181.4400000001,51882.8,0.8426,163463.05,High
C107581,1231922.15,162795.73,0.9995,631906.62,Very High
C107582,1395176.79,232118.16,0.9996,900987.99,Very High
C107583,82198.51999999999,77765.72,0.9658,295455.19,Very High
C107584,232509.18,10787.14,0.2851,14989.56,Medium
C107585,358800.29,33480.06,0.4491,58304.42,High
C107586,171437.43,22243.84,0.8291,68654.48,High
C107587,1493858.34,171782.64,0.9995,666790.11,Very High
C107588,148016.28,13789.6,0.1506,16226.26,Medium
C107589,45008.74,2472.94,0.0211,2603.08,Low
C107590,235204.84,20601.32,0.8714,67829.3,High
C107591,229327.71,29447.28,0.636,67665.75,High
C107592,41249.25,15237.1,0.4985,28506.88,Medium
C107593,1007548.75,164780.61,0.9989,639611.09,Very High
C107594,84807.39,5600.58,0.2568,7503.17,Low
C107595,55323.18,14952.55,0.1084,16768.37,Medium
C107596,245570.41,38066.67,0.5648,78563.77,High
C107597,775152.94,88336.57,0.9855,342886.51,Very High
C107598,50562.69,372.34,0.0158,391.94,Low
C107599,230139.7,46805.96,0.9253,167268.24,High
C107600,473762.08,2995.28,0.0655,3205.28,Low
C107601,183554.72,1918.57,0.0441,2019.53,Low
C107602,10750.65,14091.78,0.2765,19362.67,Medium
C107603,548768.98,38245.77,0.7741,108513.63,High
C107605,4800.25,577.03,0.0175,607.39,Low
C107606,3442.01,401.75,0.0127,422.89,Low
C107607,257640.34,119232.64,0.9852,462812.45,Very High
C107608,38654.84,3661.65,0.2482,4852.04,Low
C107609,1564404.27,142747.42,0.9994,554087.24,Very High
C107610,4604.87,19417.61,0.8376,60719.08,High
C107612,251797.19,12558.4,0.2803,17342.91,Medium
C107613,195578.23,18025.95,0.5,33798.95,Medium
C107614,635809.28,172418.23,0.9996,669257.21,Very High
C107616,50737.55,370.21,0.0329,389.69,Low
C107617,3166.72,5875.29,0.0945,6488.17,Low
C107618,157623.62,19610.55,0.4708,35238.14,Medium
C107619,203807.78,98900.53,0.9952,383891.51,Very High
C107620,485166.27,12842.43,0.1616,15307.3,Medium
C107621,3435.7,3322.93,0.1677,3989.29,Low
C107622,117881.77,11051.1,0.3958,17841.61,Medium
C107623,396660.23,154174.9,0.9953,598444.07,Very High
C107624,83723.04000000001,17372.32,0.4094,28588.09,Medium
C107626,7334.33,60771.5,0.9493,225209.57,Very High
C107627,453312.99,177942.94,0.9976,690701.89,Very High
C107628,494184.39,116922.11,0.9991,453843.92,Very High
C107629,38089.89,46771.18,0.917,165057.96,High
C107630,1783571.84,277289.09,0.9988,1076323.11,Very High
C107631,128956.04,42849.34,0.9054,148566.64,High
C107632,105907.94,43527.5,0.8572,140238.38,High
C107633,2367593.74,162254.71,0.9991,629806.57,Very High
C107634,10408.59,32541.23,0.7807,93263.27,High
C107635,219391.93,16974.32,0.8782,56466.83,High
C107636,509076.3,98374.51,0.9423,360712.21,Very High
C107637,0.0,1523.61,0.0676,1634.11,Low
C107638,219944.14,21069.18,0.8398,66103.6,High
C107639,7555.46,33120.57,0.8143,99930.45,High
C107641,118571.47,19593.84,0.5703,40777.31,Medium
C107642,329015.87,109715.73,0.9947,425871.7,Very High
C107643,715611.66,41330.06,0.9384,150653.42,High
C107644,0.0,20578.61,0.6125,45631.02,High
C107645,1477893.14,190480.27,0.9996,739366.71,Very High
C107646,164742.43,955.45,0.1002,1061.71,Low
C107647,228934.67,524.66,0.0265,552.27,Low
C107648,0.0,31209.12,0.9281,112011.01,High
C107649,145816.45,33655.35,0.8138,101471.74,High
C107650,509951.78,16061.05,0.5674,33279.42,Medium
C107651,59673.77,948.27,0.0452,998.17,Low
C107652,148759.38,10701.97,0.4905,19788.87,Medium
C107653,56130.58,14124.88,0.2949,19879.86,Medium
C107655,440305.96,164737.71,0.999,639444.59,Very High
C107656,340927.97000000003,46352.77,0.8934,157818.9,High
C107657,173753.52,99473.16,0.9907,386114.2,Very High
C107658,3265.5,29322.44,0.6265,66409.07,High
C107659,321158.25,22994.24,0.3284,33841.44,Medium
C107661,240930.32,18314.65,0.7082,46977.76,High
C107662,0.0,39046.08,0.6093,86165.36,High
C107663,87505.29999999999,324.77,0.0107,341.86,Low
C107664,1668127.28,191592.5,0.999,743683.92,Very High
C107665,25562.64,35600.04,0.5581,72745.4,High
C107666,25584.95,9276.74,0.3456,13974.56,Medium
C107667,639076.88,7413.36,0.2055,9313.92,Medium
C107668,72309.99,39598.29,0.8645,129003.01,High
C107669,425137.9,23126.14,0.2828,32036.88,Medium
C107670,21995.28,6491.6,0.2934,9119.14,Low
C107671,0.0,1593.78,0.02,1677.66,Low
C107672,251534.54,559.4,0.0233,588.84,Low
C107673,180003.55,31868.32,0.8762,105694.38,High
C107674,0.0,5637.94,0.3132,8129.79,Low
C107675,1465133.57,178714.46,0.9996,693696.63,Very High
C107676,394294.79,11714.71,0.2155,14900.08,Medium
C107677,278839.61,118826.56,0.9906,461236.24,Very High
C107678,178568.65,608.89,0.0161,640.93,Low
C107679,89897.84,20049.67,0.336,29810.96,Medium
C107680,17285.54,85262.91,0.9301,306940.99,Very High
C107681,617700.8,125453.51,0.9994,486959.33,Very High
C107682,0.0,276.23,0.0161,290.77,Low
C107683,395368.0,9106.36,0.1307,10472.55,Medium
C107684,18111.02,12618.51,0.2342,16427.61,Medium
C107685,2174982.12,192383.9,0.9993,746755.82,Very High
C107686,61952.48,5459.1,0.1605,6498.53,Low
C107687,717411.83,116660.89,0.9967,452829.99,Very High
C107688,196115.25,51087.63,0.924,182218.93,High
C107689,2129014.49,214877.0,0.9989,834064.85,Very High
C107690,668229.34,135596.39,0.9989,526329.87,Very High
C107691,182342.07,49457.73,0.8306,152993.68,High
C107692,306045.34,17190.92,0.2359,22429.02,Medium
C107693,721692.64,157985.31,0.9984,613234.53,Very High
C107694,1035329.5,89776.75,0.9885,348476.72,Very High
C107695,15264.57,336.24,0.04,353.93,Low
C107696,95316.06,836.87,0.0323,880.91,Low
C107697,1576939.44,189284.23,0.9994,734724.15,Very High
C107698,905993.31,111638.2,0.9992,433333.94,Very High
C107699,167693.30000000002,16042.22,0.2809,22171.3,Medium
C107700,486322.46,48475.73,0.9829,188163.01,High
C107701,81090.61,10530.84,0.4203,17599.33,Medium
C107702,476423.93,12043.14,0.3128,17358.06,Medium
C107703,546861.55,180600.05,0.999,701015.72,Very High
C107704,587287.89,192077.83,0.9981,745567.79,Very High
C107705,302969.24,16646.0,0.4752,30099.63,Medium
C107706,1065285.28,127660.56,0.9955,495526.22,Very High
C107708,14549.49,361.59,0.0708,389.12,Low
C107709,199700.0,31963.17,0.894,108918.64,High
C107710,211312.08,43849.21,0.841,137813.61,High
C107711,831456.17,58091.49,0.9662,220844.73,Very High
C107712,296299.82,3390.61,0.1888,4174.48,Low
C107713,216644.02,1539.55,0.055,1629.12,Low
C107714,449541.22,93483.16,0.9944,362863.49,Very High
C107715,278755.83,80339.57,0.9739,309016.73,Very High
C107716,1339857.25,165327.67,0.9994,641734.58,Very High
C107717,201344.57,7458.65,0.2104,9427.09,Medium
C107718,0.0,7752.72,0.3228,11323.28,Medium
C107719,120864.13,1154.16,0.0709,1242.16,Low
C107720,229498.9,20362.51,0.8608,65964.57,High
C107721,129541.12,55628.35,0.9429,204177.0,High
C107722,206985.36,55268.86,0.9617,208688.87,High
C107723,110313.06,26008.97,0.7374,69761.71,High
C107724,24402.78,79105.37,0.9546,295535.01,Very High
C107725,5241.35,342.62,0.0147,360.65,Low
C107727,0.0,2449.87,0.0435,2578.79,Low
C107728,152292.99,460.97,0.0401,485.22,Low
C107729,594227.41,13755.68,0.1976,17116.31,Medium
C107730,143608.69,47296.39,0.9731,181692.74,High
C107732,811091.9,157875.79,0.9986,612809.42,Very High
C107733,677065.82,44513.79,0.9633,168499.16,High
C107734,155824.69,28141.23,0.8326,87323.62,High
C107735,24000.64,11134.77,0.4038,18178.64,Medium
C107736,159177.87,6372.1,0.2903,8914.55,Low
C107737,95393.74,30098.84,0.9105,105182.2,High
C107738,11323.52,4071.93,0.1597,4842.74,Low
C107739,66659.54999999999,547.4,0.03,576.21,Low
C107740,53806.05,11879.77,0.4816,21682.12,Medium
C107741,211642.96,993.49,0.1182,1126.4,Low
C107742,371.42,1514.81,0.0581,1608.27,Low
C107743,1182309.68,210076.65,0.9994,815431.85,Very High
C107744,7515.91,7388.82,0.7047,18851.04,Medium
C107745,45211.12,41372.94,0.8881,139736.28,High
C107746,169740.05000000002,3788.87,0.1487,4448.55,Low
C107747,717623.99,118049.14,0.9967,458218.6,Very High
C107748,392401.37,166544.6,0.9959,646458.17,Very High
C107749,16864.760000000002,6531.01,0.1751,7910.01,Low
C107750,8018.35,2686.68,0.0838,2932.19,Low
C107751,0.0,10411.72,0.4137,17237.39,Medium
C107753,375494.1,182932.54,0.9983,710069.46,Very High
C107754,26748.3,3064.41,0.0511,3229.37,Low
C107755,481298.22,44838.45,0.8456,141919.31,High
C107756,23224.18,13547.93,0.2122,17162.26,Medium
C107757,392031.14,89671.88,0.9616,338574.52,Very High
C107758,115528.06,15229.88,0.2966,21484.53,Medium
C107759,567755.89,104771.01,0.9981,406678.32,Very High
C107760,336740.58,68917.06,0.9886,267507.93,Very High
C107761,25263.86,501.86,0.0901,551.55,Low
C107762,392979.38,66845.59,0.9065,232178.63,Very High
C107763,132779.94,77443.26,0.9647,293760.71,Very High
C107764,181288.39,14222.7,0.5553,28942.52,Medium
C107765,11253.84,1801.64,0.016,1896.45,Low
C107767,340830.28,13014.54,0.594,28066.09,Medium
C107768,162884.88,32348.9,0.6176,72288.85,High
C107769,44483.63,15360.9,0.6351,35248.72,Medium
C107770,78286.42,3535.4,0.3156,5114.34,Low
C107771,34401.39,416.77,0.0136,438.7,Low
C107772,2250226.69,179788.62,0.9985,697866.07,Very High
C107773,571812.88,18667.08,0.7502,51060.51,High
C107774,99508.93,4904.85,0.1836,6001.14,Low
C107775,85826.36,6192.26,0.0935,6830.41,Low
C107776,149913.45,18373.9,0.7194,47939.52,High
C107777,1334974.08,136636.8,0.9993,530368.29,Very High
C107778,112659.33,36543.06,0.3564,55864.78,High
C107779,92348.24,25556.38,0.6622,61109.07,High
C107780,94211.65,25669.55,0.7478,69954.93,High
C107781,52021.63,425.17,0.0244,447.54,Low
C107782,32060.85,13941.02,0.4318,23683.97,Medium
C107783,38625.09,319.24,0.0184,336.04,Low
C107784,107563.84,40437.58,0.7548,111389.53,High
C107785,372292.06,18807.68,0.5251,36590.35,Medium
C107786,3772.91,1476.57,0.2301,1912.43,Low
C107788,6766.59,41372.21,0.7321,110065.36,High
C107789,1654811.12,139485.57,0.9996,541426.06,Very High
C107790,38670.63,16241.88,0.6444,37796.1,Medium
C107792,2693.36,9526.75,0.4018,15510.67,Medium
C107793,12188.84,47059.5,0.8237,144060.24,High
C107794,23465.87,3860.58,0.1257,4414.51,Low
C107795,49712.2,4653.77,0.072,5014.61,Low
C107796,415459.75,129798.46,0.9988,503824.68,Very High
C107797,70692.25,33743.23,0.7532,92723.67,High
C107798,23507.56,96268.15,0.9292,346078.77,Very High
C107799,251082.11,17726.07,0.1901,21857.82,Medium
C107800,13126.22,12226.68,0.1998,15255.22,Medium
C107801,12290.45,2706.81,0.0885,2969.33,Low
C107802,102614.73,674.34,0.0313,709.83,Low
C107803,622873.08,25716.71,0.7353,68750.22,High
C107804,284727.43,15623.88,0.7334,41650.53,Medium
C107805,35892.45,56834.83,0.9542,212176.56,High
C107806,239764.24,74048.73,0.8761,245544.39,Very High
C107807,36623.6,23106.58,0.71,59430.01,High
C107808,544664.42,48333.64,0.3909,77498.2,High
C107809,117110.08,18100.52,0.5342,35692.42,Medium
C107810,612616.6900000001,98729.46,0.9967,383227.49,Very High
C107812,276238.07,15671.18,0.6255,35439.21,Medium
C107813,132062.04,6437.11,0.218,8212.59,Low
C107814,1567421.65,155421.32,0.9994,603282.15,Very High
C107815,32759.65,21486.05,0.6065,47210.73,High
C107816,233670.89,52730.27,0.9789,204342.16,High
C107817,9434.9,12669.46,0.2124,16052.82,Medium
C107818,29557.01,303.21,0.0054,319.17,Low
C107819,91610.39,2080.57,0.0751,2249.41,Low
C107820,0.0,16962.22,0.5624,34884.24,Medium
C107821,1845032.4,291556.06,0.999,1131701.67,Very High
C107822,929599.25,177503.86,0.9988,688997.55,Very High
C107823,340489.1,23005.71,0.4781,41778.42,Medium
C107824,0.0,27834.13,0.8423,87664.65,High
C107825,3042.16,26992.62,0.4008,43883.4,Medium
C107826,0.0,25191.99,0.8636,81962.64,High
C107827,190829.59,50578.96,0.9743,194640.96,High
C107828,117885.04,16826.98,0.536,33273.95,Medium
C107829,17062.53,27530.46,0.2598,37024.47,Medium
C107831,291684.25,1234.28,0.043,1299.24,Low
C107833,1202287.05,100614.02,0.9976,390542.56,Very High
C107834,1073058.41,42318.86,0.884,142043.3,High
C107835,25615.08,11112.13,0.2775,15288.33,Medium
C107836,261253.07,92798.04,0.9836,360204.13,Very High
C107837,213907.18,16994.76,0.6696,41093.74,Medium
C107838,49170.9,2895.54,0.1108,3255.81,Low
C107839,45322.77,34632.0,0.8564,111443.57,High
C107840,19953.65,33270.91,0.8241,101913.67,High
C107841,24072.49,697.68,0.0342,734.4,Low
C107842,9066.64,49074.48,0.8471,155701.01,High
C107843,4635.42,44621.32,0.8305,138025.32,High
C107845,1425514.09,148267.53,0.9993,575514.05,Very High
C107846,84509.38,12471.64,0.3526,18966.4,Medium
C107848,0.0,25996.76,0.6032,56843.69,High
C107849,280327.23,35742.56,0.9422,131037.98,High
C107850,180054.87,8691.29,0.0383,9148.67,Medium
C107851,2343153.93,96093.69,0.9959,372996.51,Very High
C107852,643143.72,107549.46,0.9969,417463.14,Very High
C107853,522218.58,48321.89,0.8864,162775.29,High
C107854,56728.09,9554.66,0.1865,11730.65,Medium
C107855,7483.38,268.31,0.0103,282.43,Low
C107856,79019.06,79776.01,0.8871,269019.02,Very High
C107857,94002.16,23747.32,0.2966,33499.8,Medium
C107858,50677.21,6611.33,0.1932,8183.26,Low
C107859,46646.97,26677.94,0.9176,94226.85,High
C107860,1078235.86,253280.65,0.9994,983132.16,Very High
C107861,18766.09,528.36,0.0808,574.79,Low
C107862,683187.58,84830.4,0.9903,329277.01,Very High
C107863,295483.08,37649.48,0.8776,125140.75,High
C107864,32417.86,4366.6,0.0565,4628.13,Low
C107865,6111.29,5310.66,0.2006,6632.15,Low
C107867,350649.3,35898.13,0.8051,106794.66,High
C107868,731720.76,38168.89,0.8393,119658.92,High
C107869,157827.32,101898.81,0.9898,395529.62,Very High
C107870,153974.97,48042.77,0.8394,150630.72,High
C107871,60597.84,16853.69,0.5745,35294.46,Medium
C107872,2481327.97,142383.83,0.9997,552675.94,Very High
C107873,75911.0,40418.75,0.8072,120640.45,High
C107874,442362.37,58762.61,0.8485,186832.98,High
C107876,1748035.95,244270.36,0.9996,948157.88,Very High
C107877,817334.0599999999,101331.92,0.9892,393329.17,Very High
C107878,102219.37,53091.5,0.9669,202037.82,High
C107879,818199.59,59194.21,0.954,220937.98,Very High
C107880,2362678.48,260802.72,0.9995,1012329.74,Very High
C107881,1295287.89,129659.44,0.9991,503285.05,Very High
C107882,437213.1,44410.78,0.6324,101490.71,High
C107883,161677.46,4614.09,0.1802,5622.33,Low
C107884,1560624.67,130527.72,0.9991,506655.35,Very High
C107885,988721.14,70182.15,0.995,272418.48,Very High
C107886,96195.3,54005.52,0.9147,189927.83,High
C107887,615.23,33118.32,0.846,104895.04,High
C107888,274195.6,1611.21,0.0205,1696.0,Low
C107889,120663.16,88045.65,0.9813,341757.28,Very High
C107890,1049916.83,102232.46,0.9975,396824.68,Very High
C107891,55149.77,3788.53,0.3699,5899.62,Low
C107892,317511.19,170509.05,0.9903,661846.56,Very High
C107893,103897.47,35698.41,0.8348,111148.74,High
C107894,813259.34,55347.58,0.8445,174908.69,High
C107895,303573.84,7890.93,0.2056,9915.28,Medium
C107896,0.0,5692.31,0.3249,8337.86,Low
C107897,66786.05,36889.85,0.8617,119681.73,High
C107898,1635665.23,172722.04,0.9972,670436.5,Very High
C107899,8507.28,338.51,0.0126,356.32,Low
C107900,0.0,296.36,0.0282,311.95,Low
C107901,572.64,4919.37,0.0742,5313.51,Low
C107902,156837.47,10775.7,0.1622,12853.49,Medium
C107903,25184.02,91503.0,0.8915,310617.18,Very High
C107904,0.0,26175.07,0.9671,99640.98,High
C107905,225285.61,50260.78,0.9418,184171.69,High
C107906,75074.61,320.89,0.0076,337.78,Low
C107907,32001.82,17543.19,0.346,26441.18,Medium
C107908,226577.93,58981.17,0.9894,228940.86,Very High
C107909,101657.02,13975.75,0.54,27800.13,Medium
C107910,505553.67,118156.21,0.9933,458634.19,Very High
C107911,86192.81999999999,48736.89,0.9207,172948.15,High
C107912,12300.71,25824.28,0.6917,64593.12,High
C107913,526791.32,137541.53,0.9985,533880.1,Very High
C107914,177975.27,4803.95,0.1142,5422.58,Low
C107915,81191.77,52703.15,0.8639,171553.69,High
C107916,91400.24,10903.09,0.2816,15081.57,Medium
C107917,284632.48,17263.61,0.5144,33062.12,Medium
C107918,378124.4,144662.77,0.997,561521.87,Very High
C107919,51766.34,1537.56,0.0407,1618.47,Low
C107920,5045.54,24379.61,0.745,66154.92,High
C107921,857808.85,79280.34,0.9896,307733.92,Very High
C107922,1694741.4,178829.9,0.9993,694144.7,Very High
C107923,228460.99,20109.25,0.367,31190.85,Medium
C107924,210956.84,16682.27,0.0755,18044.76,Medium
C107925,5564.73,6324.79,0.1239,7217.93,Low
C107926,456714.77,51932.56,0.9762,200444.68,High
C107927,68767.67000000001,128226.29,0.944,471414.91,Very High
C107928,115534.09,16095.05,0.3746,25228.04,Medium
C107929,12363.29,27777.16,0.3929,44664.25,Medium
C107930,0.0,31821.78,0.8836,106743.27,High
C107931,287430.27,5595.93,0.1786,6806.09,Low
C107932,148138.73,47731.21,0.9547,178344.93,High
C107933,0.0,23765.45,0.6936,59616.21,High
C107934,1395999.97,169255.09,0.9991,656979.21,Very High
C107935,577550.93,51162.87,0.8941,174383.19,High
C107936,0.0,16781.79,0.445,29053.76,Medium
C107937,563745.81,54671.22,0.9755,210766.3,High
C107938,208836.3,2039.34,0.024,2146.66,Low
C107939,58344.27,26399.75,0.6244,59599.4,High
C107940,645074.17,104622.89,0.9973,406103.36,Very High
C107941,1433205.68,148101.78,0.9995,574870.7,Very High
C107942,21576.81,274.39,0.0763,297.05,Low
C107943,41317.97,1229.65,0.0261,1294.37,Low
C107945,169511.63,3481.97,0.026,3665.2,Low
C107946,144843.13,39830.02,0.8464,126224.84,High
C107947,470925.76,143873.86,0.998,558459.62,Very High
C107948,948396.28,190596.64,0.9991,739818.38,Very High
C107949,4349.64,8812.72,0.2216,11294.81,Medium
C107950,57269.39,47703.64,0.9876,185166.08,High
C107951,1949793.16,193851.03,0.9983,752450.61,Very High
C107952,3152498.56,164887.77,0.9995,640027.04,Very High
C107953,201810.85,2683.21,0.1435,3131.45,Low
C107954,118664.23,16027.25,0.4099,26394.49,Medium
C107955,1069768.36,169180.48,0.9994,656689.6,Very High
C107956,14840.96,289.49,0.0049,304.73,Low
C107957,108036.51,1501.85,0.1264,1718.73,Low
C107958,232269.79,10740.32,0.286,14941.27,Medium
C107959,198201.88,39023.98,0.9653,148158.4,High
C107960,766480.5700000001,26292.98,0.9208,93322.18,High
C107961,0.0,32301.21,0.9113,113004.41,High
C107963,42437.87,13852.69,0.3746,21715.06,Medium
C107964,578966.3,67227.41,0.9851,260949.36,Very High
C107965,97721.39,116927.59,0.9964,453865.19,Very High
C107966,479133.44,129750.84,0.9992,503639.82,Very High
C107967,67089.38,9347.47,0.5922,20102.19,Medium
C107968,30398.06,8634.24,0.1105,9705.82,Medium
C107969,498756.8,139832.47,0.9905,542772.59,Very High
C107970,129199.11,7319.14,0.3896,11714.34,Medium
C107971,2416401.57,103210.5,0.9666,392628.16,Very High
C107973,136735.18,9531.48,0.1417,11101.13,Medium
C107974,210742.77,21252.09,0.8166,64349.53,High
C107975,265401.22000000003,16302.74,0.4899,30117.5,Medium
C107976,80906.97,16136.49,0.3565,24670.54,Medium
C107977,7170.31,528.92,0.0285,556.76,Low
C107978,43145.91,8638.78,0.2977,12204.26,Medium
C107979,9506.64,35093.36,0.8437,110757.04,High
C107980,1755383.24,249220.01,0.9995,967370.39,Very High
C107981,28599.86,6353.88,0.1952,7883.38,Low
C107982,3217.16,12739.76,0.2925,17874.9,Medium
C107983,0.0,36004.7,0.7887,104465.06,High
C107984,0.0,1947.81,0.0446,2050.31,Low
C107985,744899.98,120878.52,0.9836,469201.1,Very High
C107986,91358.35,20236.58,0.2966,28546.22,Medium
C107987,400070.6,70335.97,0.9868,273015.54,Very High
C107988,874852.74,190413.33,0.999,739106.87,Very High
C107989,122268.39,40321.64,0.8304,124689.68,High
C107990,231656.13,45773.99,0.9582,171940.8,High
C107991,14977.99,786.32,0.0345,827.7,Low
C107992,414369.41,67310.7,0.9803,261272.67,Very High
C107993,683479.07,131131.31,0.9943,508998.25,Very High
C107994,0.0,30835.95,0.7861,89111.94,High
C107995,0.0,848.98,0.0662,909.13,Low
C107996,6976.799999999999,59513.41,0.8773,197712.67,High
C107999,107771.9,60144.57,0.9015,207311.93,High
