customer_id,region,acquisition_channel,churn_probability,risk_category,expected_clv_12m,clv_category,segment_name,revenue_at_risk
C100000,North,Organic Search,0.0787925,Low,149004.6,High,Mid-Value Occasional Shoppers,11740.4449455
C100001,South,Organic Search,0.9827807,High,313.55,Low,Low-Engagement / Dormant,308.150888485
C100002,East,Referral,0.3308081,Medium,40286.4,Medium,Low-Engagement / Dormant,13327.06743984
C100003,South,Direct,0.08132843,Low,270644.58,Very High,Mid-Value Occasional Shoppers,22011.0987794094
C100004,South,Social Media,0.9534884,High,400.64,Low,Low-Engagement / Dormant,382.005592576
C100005,South,Organic Search,0.26370072,Low,107712.43,High,Mid-Value Occasional Shoppers,28403.8453439496
C100006,East,Organic Search,0.5797391,Medium,20471.46,Medium,Mid-Value Occasional Shoppers,11868.105796085998
C100007,Central,Paid Ads,0.90684086,High,4513.98,Low,Mid-Value Occasional Shoppers,4093.4615052228
C100008,East,Organic Search,0.9133177,High,3021.37,Low,Low-Engagement / Dormant,2759.470699249
C100009,East,Email Marketing,0.10780629,Low,149357.57,High,Mid-Value Occasional Shoppers,16101.6855051153
C100010,West,Organic Search,0.5310566,Medium,59711.53,High,Mid-Value Occasional Shoppers,31710.202102598
C100011,North,Organic Search,0.36116582,Medium,37399.32,Medium,Mid-Value Occasional Shoppers,13507.3560752424
C100012,South,Referral,0.14061856,Low,62169.66,High,Mid-Value Occasional Shoppers,8742.2080648896
C100013,North,Organic Search,0.77141434,High,9250.08,Medium,Mid-Value Occasional Shoppers,7135.6443581472
C100014,South,Paid Ads,0.019719625,Low,259244.71,Very High,Mid-Value Occasional Shoppers,5112.20846443375
C100015,Central,Social Media,0.006477339,Low,456506.17,Very High,High-Value Loyalists,2956.94521868163
C100016,South,Organic Search,0.29441354,Low,103927.92,High,Mid-Value Occasional Shoppers,30597.7868320368
C100017,Central,Social Media,0.80891615,High,22290.43,Medium,Mid-Value Occasional Shoppers,18031.0888174445
C100018,North,Paid Ads,0.8215087,High,5994.6,Low,Mid-Value Occasional Shoppers,4924.61605302
C100019,South,Social Media,0.65091264,High,14348.37,Medium,Mid-Value Occasional Shoppers,9339.5353963968
C100021,North,Paid Ads,0.97111434,High,669.15,Low,Low-Engagement / Dormant,649.821160611
C100022,South,Social Media,0.9803491,High,291.79,Low,Low-Engagement / Dormant,286.05606388900003
C100023,East,Organic Search,0.40526158,Medium,52272.86,High,Low-Engagement / Dormant,21184.1818347188
C100024,East,Organic Search,0.0004591995,Low,616627.57,Very High,High-Value Loyalists,283.155071830215
C100025,West,Paid Ads,0.008714025,Low,434122.41,Very High,High-Value Loyalists,3782.9535338002497
C100026,Central,Organic Search,0.22198361,Low,42992.08,Medium,Mid-Value Occasional Shoppers,9543.5371198088
C100027,East,Organic Search,0.07533047,Low,180156.52,High,Mid-Value Occasional Shoppers,13571.2753251644
C100028,Central,Direct,0.9476136,High,2334.38,Low,Low-Engagement / Dormant,2212.090235568
C100029,North,Paid Ads,0.51993406,Medium,60997.16,High,Mid-Value Occasional Shoppers,31714.5010472696
C100030,South,Social Media,0.16492091,Low,62909.57,High,Mid-Value Occasional Shoppers,10375.1035321087
C100031,South,Organic Search,0.0018708416,Low,564148.15,Very High,High-Value Loyalists,1055.43182758304
C100032,East,Organic Search,0.05041356,Low,118839.91,High,Low-Engagement / Dormant,5991.142933179601
C100033,East,Referral,0.18620664,Low,110169.1,High,Low-Engagement / Dormant,20514.217942824
C100034,East,Referral,0.0012558223,Low,780459.33,Very High,High-Value Loyalists,980.118230857059
C100035,Central,Direct,0.59376514,Medium,17719.45,Medium,Low-Engagement / Dormant,10521.191709973002
C100036,South,Organic Search,0.0005353129,Low,578821.25,Very High,Mid-Value Occasional Shoppers,309.850481919125
C100037,West,Organic Search,0.0004173448,Low,668076.11,Very High,High-Value Loyalists,278.818090512728
C100038,East,Referral,0.72767663,High,7858.2,Low,Low-Engagement / Dormant,5718.2284938660005
C100039,East,Paid Ads,0.0038227655,Low,617045.57,Very High,High-Value Loyalists,2358.820516923835
C100040,South,Organic Search,0.72192925,High,15252.33,Medium,Mid-Value Occasional Shoppers,11011.1031576525
C100042,South,Organic Search,0.00088950765,Low,753313.44,Very High,High-Value Loyalists,670.0780677278159
C100043,West,Email Marketing,0.020624446,Low,278847.12,Very High,Mid-Value Occasional Shoppers,5751.067368695521
C100044,East,Email Marketing,0.6860819,High,8336.32,Low,Low-Engagement / Dormant,5719.398264608
C100045,North,Social Media,0.21301407,Low,79020.9,High,Low-Engagement / Dormant,16832.563524063
C100046,West,Paid Ads,0.0033705395,Low,502632.67,Very High,High-Value Loyalists,1694.143268225465
C100047,West,Referral,0.09795583,Low,199584.15,High,Mid-Value Occasional Shoppers,19550.4310680945
C100048,Central,Social Media,0.0007534361,Low,541503.44,Very High,High-Value Loyalists,407.988239970184
C100049,East,Referral,0.53353095,Medium,27761.61,Medium,Mid-Value Occasional Shoppers,14811.6781568295
C100050,East,Social Media,0.16110055,Low,131217.3,High,Mid-Value Occasional Shoppers,21139.179199515
C100051,East,Direct,0.00120171,Low,594259.58,Very High,Mid-Value Occasional Shoppers,714.1276798818
C100052,West,Paid Ads,0.037448544,Low,471609.79,Very High,High-Value Loyalists,17661.09997164576
C100053,South,Social Media,0.95899695,High,424.15,Low,Low-Engagement / Dormant,406.7585563425
C100054,North,Email Marketing,0.35559994,Medium,31744.33,Medium,Mid-Value Occasional Shoppers,11288.2818433402
C100055,Central,Email Marketing,0.31030414,Medium,60000.1,High,Mid-Value Occasional Shoppers,18618.279430414
C100056,West,Direct,0.98348975,High,390.09,Low,Low-Engagement / Dormant,383.6495165775
C100057,East,Paid Ads,0.6794958,High,30793.23,Medium,Mid-Value Occasional Shoppers,20923.870453434
C100058,East,Referral,0.87853765,High,5505.37,Low,Low-Engagement / Dormant,4836.674822180499
C100059,West,Paid Ads,0.005989853,Low,427645.21,Very High,High-Value Loyalists,2561.5319440541302
C100060,North,Social Media,0.7510771,High,4855.56,Low,Mid-Value Occasional Shoppers,3646.899923676001
C100061,South,Organic Search,0.71067333,High,15295.13,Medium,Mid-Value Occasional Shoppers,10869.8409698829
C100062,North,Paid Ads,0.28514203,Low,77583.35,High,Mid-Value Occasional Shoppers,22122.2739132005
C100063,North,Direct,0.14942785,Low,177399.59,High,Mid-Value Occasional Shoppers,26508.4393245815
C100064,North,Email Marketing,0.9659007,High,388.53,Low,Low-Engagement / Dormant,375.28139897099993
C100065,West,Paid Ads,0.34451085,Medium,36882.74,Medium,Mid-Value Occasional Shoppers,12706.504107729
C100067,West,Paid Ads,0.9298413,High,7206.5,Low,Mid-Value Occasional Shoppers,6700.90132845
C100068,Central,Organic Search,0.0015697544,Low,582784.03,Very High,High-Value Loyalists,914.827795342232
C100069,North,Organic Search,0.025765622,Low,191236.97,High,Mid-Value Occasional Shoppers,4927.33948144534
C100070,West,Email Marketing,0.9746771,High,668.4,Low,Low-Engagement / Dormant,651.47417364
C100071,East,Paid Ads,0.8017348,High,10551.78,Medium,Mid-Value Occasional Shoppers,8459.729227944
C100072,Central,Organic Search,0.78052557,High,7126.92,Low,Mid-Value Occasional Shoppers,5562.7432953444
C100073,East,Referral,0.07373606,Low,197088.18,High,Mid-Value Occasional Shoppers,14532.5058657708
C100074,South,Organic Search,0.4147445,Medium,36378.09,Medium,Mid-Value Occasional Shoppers,15087.612748005
C100075,South,Paid Ads,0.48185533,Medium,66863.17,High,Mid-Value Occasional Shoppers,32218.3748451961
C100076,Central,Organic Search,0.008435331,Low,314255.46,Very High,Mid-Value Occasional Shoppers,2650.8488236572603
C100077,North,Organic Search,0.011531437,Low,328295.15,Very High,Mid-Value Occasional Shoppers,3785.71483963055
C100078,West,Social Media,0.8796166,High,6076.8,Low,Mid-Value Occasional Shoppers,5345.25415488
C100080,East,Paid Ads,0.002336785,Low,619527.72,Very High,High-Value Loyalists,1447.7030831802
C100081,South,Email Marketing,0.29512867,Low,44620.11,Medium,Mid-Value Occasional Shoppers,13168.6737195537
C100082,North,Email Marketing,0.7679092,High,18576.11,Medium,Mid-Value Occasional Shoppers,14264.765769212
C100083,North,Email Marketing,0.9191323,High,3426.7,Low,Mid-Value Occasional Shoppers,3149.59065241
C100084,South,Direct,0.31860512,Medium,40731.44,Medium,Mid-Value Occasional Shoppers,12977.245328972802
C100085,West,Direct,0.03740849,Low,286901.19,Very High,Mid-Value Occasional Shoppers,10732.540297103102
C100086,West,Email Marketing,0.94469595,High,5389.03,Low,Mid-Value Occasional Shoppers,5090.994815428499
C100087,North,Paid Ads,0.85258037,High,2723.43,Low,Low-Engagement / Dormant,2321.9429570691
C100088,East,Organic Search,0.20859401,Low,54973.62,High,Mid-Value Occasional Shoppers,11467.1678400162
C100090,West,Email Marketing,0.9727974,High,712.85,Low,Low-Engagement / Dormant,693.45862659
C100091,West,Email Marketing,0.9260932,High,1109.05,Low,Low-Engagement / Dormant,1027.0836634599998
C100092,Central,Social Media,0.5443881,Medium,49945.53,High,Mid-Value Occasional Shoppers,27189.752180193
C100093,Central,Email Marketing,0.67374825,High,18850.04,Medium,Mid-Value Occasional Shoppers,12700.181462430002
C100094,South,Referral,0.29143676,Low,93836.68,High,Mid-Value Occasional Shoppers,27347.4579883568
C100095,South,Social Media,0.6152822,High,37048.77,Medium,Mid-Value Occasional Shoppers,22795.448712894
C100096,Central,Organic Search,0.49737823,Medium,34947.83,Medium,Mid-Value Occasional Shoppers,17382.2898277409
C100097,North,Paid Ads,0.100459784,Low,111252.43,High,Mid-Value Occasional Shoppers,11176.39508727512
C100098,North,Organic Search,0.13338102,Low,172009.98,High,Mid-Value Occasional Shoppers,22942.8665825796
C100099,South,Organic Search,0.9894643,High,326.68,Low,Low-Engagement / Dormant,323.238197524
C100100,West,Social Media,0.6509776,High,39312.59,Medium,High-Value Loyalists,25591.615487984
C100101,West,Organic Search,0.0023187967,Low,520469.38,Very High,High-Value Loyalists,1206.862680795046
C100102,Central,Email Marketing,0.00065773795,Low,844138.14,Very High,High-Value Loyalists,555.221689720413
C100103,South,Paid Ads,0.6093892,High,1230.55,Low,Low-Engagement / Dormant,749.8838800599999
C100104,South,Referral,0.003291654,Low,581120.02,Very High,Mid-Value Occasional Shoppers,1912.8460383130805
C100105,South,Organic Search,0.0008398143,Low,659222.19,Very High,Mid-Value Occasional Shoppers,553.6242220393169
C100106,West,Email Marketing,0.29650792,Low,81193.48,High,Mid-Value Occasional Shoppers,24074.5098723616
C100107,North,Paid Ads,0.9585096,High,2938.89,Low,Low-Engagement / Dormant,2816.954278344
C100108,Central,Social Media,0.095779575,Low,263780.27,Very High,Mid-Value Occasional Shoppers,25264.76215398525
C100109,East,Social Media,0.4687299,Medium,34906.91,Medium,Low-Engagement / Dormant,16361.912433609
C100110,West,Social Media,0.4095005,Medium,42752.95,Medium,Mid-Value Occasional Shoppers,17507.354401474997
C100111,West,Social Media,0.19566174,Low,67119.19,High,Mid-Value Occasional Shoppers,13132.6575027906
C100112,East,Referral,0.045905218,Low,311623.84,Very High,Mid-Value Occasional Shoppers,14305.16030919712
C100113,West,Email Marketing,0.97084266,High,842.14,Low,Low-Engagement / Dormant,817.5854376924
C100114,South,Paid Ads,0.97867763,High,367.83,Low,Low-Engagement / Dormant,359.9869926429
C100115,West,Direct,0.950479,High,5473.57,Low,Low-Engagement / Dormant,5202.513340029999
C100116,West,Paid Ads,0.0007268584,Low,738976.71,Very High,High-Value Loyalists,537.1314290678639
C100117,East,Organic Search,0.9689668,High,361.76,Low,Low-Engagement / Dormant,350.533429568
C100118,North,Paid Ads,0.24106115,Low,64698.97,High,Mid-Value Occasional Shoppers,15596.4081120155
C100119,Central,Paid Ads,0.8054473,High,12774.28,Medium,Mid-Value Occasional Shoppers,10289.009335444
C100121,East,Email Marketing,0.56260407,Medium,23550.49,Medium,Mid-Value Occasional Shoppers,13249.6015244943
C100123,East,Direct,0.9640599,High,517.37,Low,Low-Engagement / Dormant,498.775670463
C100124,South,Organic Search,0.008822323,Low,403175.87,Very High,High-Value Loyalists,3556.94775094601
C100125,East,Social Media,0.76024127,High,52433.95,High,Mid-Value Occasional Shoppers,39862.452739116496
C100126,North,Organic Search,0.92651135,High,1159.46,Low,Low-Engagement / Dormant,1074.252849871
C100127,East,Paid Ads,0.0010627274,Low,575778.56,Very High,High-Value Loyalists,611.895652044544
C100128,West,Paid Ads,0.9254773,High,2614.96,Low,Low-Engagement / Dormant,2420.086120408
C100129,North,Referral,0.69867736,High,20776.17,Medium,Low-Engagement / Dormant,14515.8396065112
C100131,West,Organic Search,0.14454117,Low,87947.23,High,Low-Engagement / Dormant,12711.9955224591
C100132,West,Organic Search,0.91089964,High,982.89,Low,Low-Engagement / Dormant,895.3141471596
C100133,Central,Paid Ads,0.58196443,Medium,22317.32,Medium,Mid-Value Occasional Shoppers,12987.8864129276
C100134,South,Organic Search,0.33878824,Medium,54422.32,High,Mid-Value Occasional Shoppers,18437.6420095168
C100135,West,Social Media,0.060569692,Low,127694.79,High,Mid-Value Occasional Shoppers,7734.43410030468
C100136,North,Social Media,0.75363845,High,18161.31,Medium,Low-Engagement / Dormant,13687.0615183695
C100137,North,Email Marketing,0.09711855,Low,147280.4,High,Mid-Value Occasional Shoppers,14303.658891419998
C100138,West,Direct,0.7772715,High,11060.35,Medium,Mid-Value Occasional Shoppers,8596.894835025001
C100139,South,Paid Ads,0.93197954,High,728.65,Low,Low-Engagement / Dormant,679.086891821
C100140,West,Email Marketing,0.27594215,Low,64289.02,High,Mid-Value Occasional Shoppers,17740.050400193
C100141,South,Referral,0.85381484,High,10951.6,Medium,Mid-Value Occasional Shoppers,9350.638601744
C100142,North,Organic Search,0.0005442584,Low,833859.4,Very High,High-Value Loyalists,453.83498286896
C100143,East,Email Marketing,0.82630575,High,6459.63,Low,Mid-Value Occasional Shoppers,5337.6294118725
C100144,North,Paid Ads,0.90144765,High,4766.54,Low,Mid-Value Occasional Shoppers,4296.786281631
C100145,South,Referral,0.32127824,Medium,29101.47,Medium,Mid-Value Occasional Shoppers,9349.6690630128
C100146,North,Referral,0.080593206,Low,117756.04,High,Mid-Value Occasional Shoppers,9490.33678946424
C100147,South,Email Marketing,0.6551268,High,34533.53,Medium,Mid-Value Occasional Shoppers,22623.841001604
C100148,West,Referral,0.05077082,Low,181465.05,High,Mid-Value Occasional Shoppers,9213.129389841
C100149,North,Email Marketing,0.00055223174,Low,631199.93,Very High,High-Value Loyalists,348.56863563177825
C100150,East,Paid Ads,0.6285857,High,16982.69,Medium,Mid-Value Occasional Shoppers,10675.076081533
C100151,East,Direct,0.06442021,Low,150178.32,High,Mid-Value Occasional Shoppers,9674.5189118472
C100152,East,Social Media,0.12776324,Low,167042.38,High,Mid-Value Occasional Shoppers,21341.8756861112
C100153,East,Referral,0.97668594,High,332.13,Low,Low-Engagement / Dormant,324.3867012522
C100154,West,Email Marketing,0.4331975,Medium,33260.08,Medium,Low-Engagement / Dormant,14408.183505800002
C100155,Central,Organic Search,0.013570126,Low,189870.19,High,Mid-Value Occasional Shoppers,2576.56240194394
C100156,North,Paid Ads,0.9444784,High,345.15,Low,Low-Engagement / Dormant,325.98671976
C100157,West,Email Marketing,0.88893366,High,2591.89,Low,Low-Engagement / Dormant,2304.0182640174
C100158,North,Direct,0.9831286,High,689.33,Low,Low-Engagement / Dormant,677.7000378380001
C100159,East,Referral,0.76667815,High,22541.18,Medium,Mid-Value Occasional Shoppers,17281.830181217
C100160,East,Paid Ads,0.0015811981,Low,437075.38,Very High,High-Value Loyalists,691.102760412778
C100161,North,Organic Search,0.74562204,High,18200.73,Medium,Mid-Value Occasional Shoppers,13570.8654320892
C100162,North,Social Media,0.00054750015,Low,609039.23,Very High,High-Value Loyalists,333.4490697808845
C100164,North,Email Marketing,0.7872216,High,5144.66,Low,Low-Engagement / Dormant,4049.987476656
C100165,East,Social Media,0.058350384,Low,369139.97,Very High,Mid-Value Occasional Shoppers,21539.45899924848
C100166,North,Paid Ads,0.8704148,High,8375.8,Low,Mid-Value Occasional Shoppers,7290.42028184
C100167,West,Paid Ads,0.9123964,High,816.71,Low,Low-Engagement / Dormant,745.1632638440001
C100168,Central,Direct,0.88544524,High,5130.33,Low,Mid-Value Occasional Shoppers,4542.6262781292
C100169,South,Social Media,0.3278131,Medium,65219.46,High,Mid-Value Occasional Shoppers,21379.793362926
C100170,North,Organic Search,0.0020930874,Low,830820.69,Very High,High-Value Loyalists,1738.980317898306
C100171,South,Social Media,0.9486656,High,956.17,Low,Low-Engagement / Dormant,907.085586752
C100172,Central,Paid Ads,0.7273274,High,20204.9,Medium,Mid-Value Occasional Shoppers,14695.57738426
C100173,South,Paid Ads,0.06840384,Low,131527.19,High,Mid-Value Occasional Shoppers,8996.9648604096
C100174,North,Referral,0.8412891,High,6865.0,Low,Mid-Value Occasional Shoppers,5775.4496715000005
C100175,Central,Organic Search,0.7478242,High,16141.08,Medium,Mid-Value Occasional Shoppers,12070.690238136
C100176,East,Paid Ads,0.86971396,High,5691.4,Low,Mid-Value Occasional Shoppers,4949.890031944
C100177,South,Paid Ads,0.004972986,Low,360038.76,Very High,High-Value Loyalists,1790.46771293736
C100178,Central,Paid Ads,0.7846183,High,8736.24,Low,Mid-Value Occasional Shoppers,6854.613777191999
C100179,Central,Social Media,0.64627975,High,16401.7,Medium,Mid-Value Occasional Shoppers,10600.086575575002
C100180,East,Referral,0.89394164,High,9437.67,Medium,Mid-Value Occasional Shoppers,8436.7261975788
C100181,South,Organic Search,0.9586505,High,365.53,Low,Low-Engagement / Dormant,350.41551726499995
C100182,East,Paid Ads,0.5396039,Medium,13574.48,Medium,Mid-Value Occasional Shoppers,7324.842348472
C100184,East,Email Marketing,0.69632775,High,7030.45,Low,Mid-Value Occasional Shoppers,4895.4974299875
C100185,North,Organic Search,0.9042119,High,3551.67,Low,Mid-Value Occasional Shoppers,3211.462278873
C100186,East,Organic Search,0.7681158,High,12560.39,Medium,Mid-Value Occasional Shoppers,9647.834013162
C100187,West,Direct,0.13547727,Low,215213.44,High,Mid-Value Occasional Shoppers,29156.5293185088
C100188,Central,Organic Search,0.00069194334,Low,806839.78,Very High,High-Value Loyalists,558.2874122180652
C100189,West,Direct,0.9562446,High,1148.74,Low,Low-Engagement / Dormant,1098.476421804
C100190,North,Email Marketing,0.5881282,Medium,25543.13,Medium,Low-Engagement / Dormant,15022.635069266
C100191,North,Organic Search,0.39568615,Medium,45058.91,Medium,Mid-Value Occasional Shoppers,17829.1866210965
C100192,East,Organic Search,0.0007307199,Low,1043948.07,Very High,High-Value Loyalists,762.8336293155929
C100193,South,Direct,0.0040617133,Low,470211.86,Very High,High-Value Loyalists,1909.865765579738
C100194,North,Organic Search,0.0009413559,Low,756137.73,Very High,High-Value Loyalists,711.794713348107
C100195,West,Social Media,0.40995055,Medium,62975.35,High,Low-Engagement / Dormant,25816.7793689425
C100196,South,Organic Search,0.58090156,Medium,34807.71,Medium,Mid-Value Occasional Shoppers,20219.8530390276
C100197,North,Social Media,0.95587313,High,863.68,Low,Low-Engagement / Dormant,825.5685049183999
C100198,East,Email Marketing,0.4443657,Medium,43817.12,Medium,Mid-Value Occasional Shoppers,19470.825200784
C100199,Central,Social Media,0.4854295,Medium,35587.69,Medium,Mid-Value Occasional Shoppers,17275.314562855
C100200,West,Organic Search,0.0018354686,Low,339063.28,Very High,Mid-Value Occasional Shoppers,622.340003853008
C100201,North,Social Media,0.02297684,Low,266099.11,Very High,Mid-Value Occasional Shoppers,6114.116674612399
C100202,East,Social Media,0.10710369,Low,142009.26,High,High-Value Loyalists,15209.715760169402
C100203,Central,Organic Search,0.0023118025,Low,389877.27,Very High,Mid-Value Occasional Shoppers,901.3192474791751
C100204,North,Referral,0.9226995,High,5595.42,Low,Mid-Value Occasional Shoppers,5162.89123629
C100205,East,Social Media,0.09808985,Low,162565.03,High,Mid-Value Occasional Shoppers,15945.9794079455
C100206,West,Organic Search,0.91673976,High,3024.11,Low,Low-Engagement / Dormant,2772.3218756136
C100207,West,Direct,0.8513974,High,7314.32,Low,Mid-Value Occasional Shoppers,6227.393030767999
C100208,North,Paid Ads,0.0015022433,Low,467206.42,Very High,Mid-Value Occasional Shoppers,701.857714161986
C100209,Central,Organic Search,0.95681584,High,1765.25,Low,Low-Engagement / Dormant,1689.01916156
C100210,South,Organic Search,0.8905844,High,13328.84,Medium,Low-Engagement / Dormant,11870.456974096
C100211,North,Paid Ads,0.8405653,High,4196.25,Low,Mid-Value Occasional Shoppers,3527.222140125
C100212,North,Paid Ads,0.035654712,Low,245799.98,Very High,Mid-Value Occasional Shoppers,8763.92749650576
C100213,South,Paid Ads,0.8287175,High,17898.77,Medium,Mid-Value Occasional Shoppers,14833.023927475
C100214,North,Referral,0.88439214,High,7393.2,Low,Low-Engagement / Dormant,6538.487969448
C100215,West,Social Media,0.8533098,High,3161.42,Low,Mid-Value Occasional Shoppers,2697.670667916
C100217,North,Referral,0.53789425,Medium,49927.3,High,Mid-Value Occasional Shoppers,26855.607588025003
C100218,West,Referral,0.25632858,Low,65552.24,High,Low-Engagement / Dormant,16802.9125950192
C100219,Central,Social Media,0.8562771,High,1077.58,Low,Low-Engagement / Dormant,922.707077418
C100220,North,Direct,0.9288342,High,1393.04,Low,Low-Engagement / Dormant,1293.903193968
C100221,West,Paid Ads,0.89654696,High,5268.6,Low,Mid-Value Occasional Shoppers,4723.547313456001
C100222,Central,Organic Search,0.0061959107,Low,484632.25,Very High,Mid-Value Occasional Shoppers,3002.7381433400747
C100223,West,Organic Search,0.0007120024,Low,621803.3,Very High,High-Value Loyalists,442.72544192792
C100224,East,Paid Ads,0.21719413,Low,185768.53,High,Mid-Value Occasional Shoppers,40347.8342547289
C100225,Central,Paid Ads,0.027979853,Low,209662.45,High,Mid-Value Occasional Shoppers,5866.3245306198505
C100226,West,Organic Search,0.9770222,High,314.39,Low,Low-Engagement / Dormant,307.166009458
C100227,South,Social Media,0.36503476,Medium,16315.58,Medium,Low-Engagement / Dormant,5955.7538295608
C100229,East,Referral,0.9278188,High,6565.28,Low,Mid-Value Occasional Shoppers,6091.390211264
C100230,South,Social Media,0.0005264547,Low,898112.11,Very High,High-Value Loyalists,472.815341436417
C100231,South,Social Media,0.5094897,Medium,19363.96,Medium,Mid-Value Occasional Shoppers,9865.738171212
C100232,North,Referral,0.1781694,Low,127276.57,High,Mid-Value Occasional Shoppers,22676.790110958
C100233,West,Paid Ads,0.0023982911,Low,689129.94,Very High,High-Value Loyalists,1652.7342018455338
C100234,West,Paid Ads,0.34180257,Medium,61639.45,High,Low-Engagement / Dormant,21068.522423386497
C100235,South,Paid Ads,0.96018785,High,3868.72,Low,Low-Engagement / Dormant,3714.697939052
C100236,North,Organic Search,0.48569885,Medium,44062.51,Medium,Mid-Value Occasional Shoppers,21401.1104351135
C100237,North,Social Media,0.8122133,High,1004.75,Low,Low-Engagement / Dormant,816.071313175
C100238,North,Paid Ads,0.04100185,Low,228226.79,Very High,Mid-Value Occasional Shoppers,9357.7206095615
C100239,East,Organic Search,0.789932,High,12323.67,Medium,Mid-Value Occasional Shoppers,9734.86129044
C100240,North,Organic Search,0.90996504,High,15600.39,Medium,Mid-Value Occasional Shoppers,14195.8095103656
C100241,Central,Referral,0.0031614767,Low,432772.79,Very High,Mid-Value Occasional Shoppers,1368.201091978993
C100242,South,Organic Search,0.00059784856,Low,609171.16,Very High,High-Value Loyalists,364.19210079952967
C100243,North,Paid Ads,0.016839387,Low,237046.25,Very High,Mid-Value Occasional Shoppers,3991.71354064875
C100244,Central,Organic Search,0.53612024,Medium,33384.04,Medium,Mid-Value Occasional Shoppers,17897.8595369696
C100245,South,Organic Search,0.0010778548,Low,592380.52,Very High,High-Value Loyalists,638.5001869084961
C100246,South,Referral,0.0031298436,Low,764034.87,Very High,High-Value Loyalists,2391.309648046332
C100247,North,Organic Search,0.14996523,Low,22383.3,Medium,Low-Engagement / Dormant,3356.716732659
C100248,West,Paid Ads,0.9746166,High,562.79,Low,Low-Engagement / Dormant,548.504476314
C100249,South,Direct,0.7841307,High,13883.65,Medium,Mid-Value Occasional Shoppers,10886.596193054998
C100250,West,Paid Ads,0.42412773,Medium,28429.88,Medium,Mid-Value Occasional Shoppers,12057.9004685724
C100251,East,Social Media,0.32208726,Medium,48840.69,High,Mid-Value Occasional Shoppers,15730.9640186094
C100252,Central,Social Media,0.70337826,High,18515.17,Medium,Mid-Value Occasional Shoppers,13023.1680582042
C100253,East,Organic Search,0.5584079,Medium,31098.39,Medium,Mid-Value Occasional Shoppers,17365.586653281
C100254,West,Paid Ads,0.09917712,Low,110277.93,High,Mid-Value Occasional Shoppers,10937.0474969616
C100255,West,Paid Ads,0.03550509,Low,186483.1,High,Mid-Value Occasional Shoppers,6621.099248979001
C100256,East,Organic Search,0.5231007,Medium,12985.66,Medium,Mid-Value Occasional Shoppers,6792.807835961999
C100257,West,Organic Search,0.92325836,High,721.2,Low,Low-Engagement / Dormant,665.853929232
C100258,West,Social Media,0.32470858,Medium,55681.0,High,Mid-Value Occasional Shoppers,18080.09844298
C100259,North,Organic Search,0.21746877,Low,94583.18,High,Mid-Value Occasional Shoppers,20568.8878172886
C100260,West,Organic Search,0.9221616,High,1693.31,Low,Low-Engagement / Dormant,1561.505458896
C100261,South,Social Media,0.00052390876,Low,766878.58,Very High,High-Value Loyalists,401.7744059183608
C100262,East,Paid Ads,0.99147123,High,1324.74,Low,Low-Engagement / Dormant,1313.4415972302002
C100263,North,Social Media,0.016738283,Low,486535.44,Very High,Mid-Value Occasional Shoppers,8143.76788424952
C100264,North,Organic Search,0.3148497,Medium,64383.96,High,Mid-Value Occasional Shoppers,20271.270490812
C100265,North,Referral,0.87767696,High,2541.05,Low,Low-Engagement / Dormant,2230.221039208
C100266,North,Email Marketing,0.0053989594,Low,400000.5,Very High,Mid-Value Occasional Shoppers,2159.5864594797
C100267,North,Social Media,0.6996404,High,7496.74,Low,Mid-Value Occasional Shoppers,5245.0221722960005
C100269,East,Paid Ads,0.0012374182,Low,519548.37,Very High,High-Value Loyalists,642.898608818334
C100270,South,Organic Search,0.35048854,Medium,36474.04,Medium,Mid-Value Occasional Shoppers,12783.7330275016
C100271,Central,Paid Ads,0.27075946,Low,48901.27,High,Mid-Value Occasional Shoppers,13240.4814585142
C100272,West,Paid Ads,0.0028626567,Low,313009.1,Very High,Mid-Value Occasional Shoppers,896.0375972759699
C100273,North,Email Marketing,0.22470737,Low,85174.16,High,Mid-Value Occasional Shoppers,19139.2614855592
C100274,South,Paid Ads,0.001052734,Low,595902.98,Very High,High-Value Loyalists,627.32732774732
C100275,South,Paid Ads,0.051375978,Low,170348.65,High,Mid-Value Occasional Shoppers,8751.8284947297
C100276,South,Email Marketing,0.09042896,Low,217204.92,High,Mid-Value Occasional Shoppers,19641.6150224832
C100277,East,Organic Search,0.8833782,High,4662.72,Low,Mid-Value Occasional Shoppers,4118.945200704
C100278,West,Social Media,0.30670133,Medium,53540.61,High,Mid-Value Occasional Shoppers,16420.9762960113
C100279,East,Paid Ads,0.0021703236,Low,670220.34,Very High,High-Value Loyalists,1454.5950211020238
C100280,South,Direct,0.4997975,Medium,37223.33,Medium,Mid-Value Occasional Shoppers,18604.127275675
C100281,West,Organic Search,0.32301572,Medium,155245.19,High,Mid-Value Occasional Shoppers,50146.6368243868
C100282,South,Referral,0.91899407,High,2021.05,Low,Low-Engagement / Dormant,1857.3329651735
C100283,West,Social Media,0.009553451,Low,486315.35,Very High,High-Value Loyalists,4645.989866772849
C100284,Central,Direct,0.00089133816,Low,581127.73,Very High,High-Value Loyalists,517.9813215831767
C100285,South,Direct,0.5528127,Medium,34168.29,Medium,Low-Engagement / Dormant,18888.664649283
C100286,West,Referral,0.00062867557,Low,801788.52,Very High,High-Value Loyalists,504.0648548304564
C100287,West,Organic Search,0.093271255,Low,121075.02,High,Mid-Value Occasional Shoppers,11292.8190645501
C100288,East,Paid Ads,0.9868302,High,285.44,Low,Low-Engagement / Dormant,281.680812288
C100289,North,Email Marketing,0.65876603,High,14851.5,Medium,Mid-Value Occasional Shoppers,9783.663694545
C100290,West,Social Media,0.7417999,High,2938.57,Low,Low-Engagement / Dormant,2179.830932143
C100291,South,Email Marketing,0.8328121,High,12000.24,Medium,Mid-Value Occasional Shoppers,9993.945074904
C100292,North,Referral,0.18069479,Low,240557.35,Very High,Mid-Value Occasional Shoppers,43467.4598412065
C100293,East,Paid Ads,0.48977503,Medium,13490.22,Medium,Mid-Value Occasional Shoppers,6607.172905206599
C100294,South,Organic Search,0.0010242942,Low,609596.02,Very High,Mid-Value Occasional Shoppers,624.4056676290841
C100295,North,Paid Ads,0.9898089,High,286.79,Low,Low-Engagement / Dormant,283.867294431
C100296,Central,Referral,0.32693735,Medium,63928.38,High,Mid-Value Occasional Shoppers,20900.575146993
C100297,South,Paid Ads,0.0010278049,Low,477386.98,Very High,High-Value Loyalists,490.660677240202
C100298,East,Organic Search,0.56221473,Medium,43038.5,Medium,Mid-Value Occasional Shoppers,24196.878657105
C100299,West,Referral,0.76541406,High,20955.43,Medium,Mid-Value Occasional Shoppers,16039.5807553458
C100300,North,Organic Search,0.8114938,High,4901.84,Low,Mid-Value Occasional Shoppers,3977.812768592
C100301,West,Paid Ads,0.5778834,Medium,17955.76,Medium,Mid-Value Occasional Shoppers,10376.335638384
C100302,East,Paid Ads,0.94562817,High,5960.5,Low,Mid-Value Occasional Shoppers,5636.416707285
C100303,East,Social Media,0.07204708,Low,245116.32,Very High,Mid-Value Occasional Shoppers,17659.9151163456
C100304,East,Organic Search,0.5899691,Medium,15277.6,Medium,Mid-Value Occasional Shoppers,9013.31192216
C100305,Central,Referral,0.025303949,Low,201018.1,High,Mid-Value Occasional Shoppers,5086.5517504769
C100306,Central,Email Marketing,0.047055162,Low,208555.33,High,Mid-Value Occasional Shoppers,9813.60483911346
C100307,North,Referral,0.910854,High,17448.88,Medium,Mid-Value Occasional Shoppers,15893.382143520004
C100308,South,Direct,0.24250343,Low,97748.1,High,Mid-Value Occasional Shoppers,23704.249525983
C100309,East,Organic Search,0.098495975,Low,175485.72,High,Mid-Value Occasional Shoppers,17284.637089977
C100310,Central,Organic Search,0.12081683,Low,82077.42,High,Mid-Value Occasional Shoppers,9916.3336989786
C100311,West,Organic Search,0.41925636,Medium,49321.27,High,Mid-Value Occasional Shoppers,20678.2561307772
C100312,South,Referral,0.5519722,Medium,24315.6,Medium,Mid-Value Occasional Shoppers,13421.53522632
C100313,Central,Organic Search,0.9292873,High,878.07,Low,Low-Engagement / Dormant,815.9792995110001
C100314,South,Direct,0.0017659393,Low,424538.99,Very High,Mid-Value Occasional Shoppers,749.7100868233069
C100315,South,Social Media,0.0016411155,Low,488242.21,Very High,High-Value Loyalists,801.261858585255
C100316,East,Email Marketing,0.66703963,High,11462.71,Medium,Mid-Value Occasional Shoppers,7646.081837197299
C100317,South,Paid Ads,0.8622525,High,4692.93,Low,Mid-Value Occasional Shoppers,4046.490624825
C100318,East,Referral,0.7553743,High,15342.99,Medium,Mid-Value Occasional Shoppers,11589.700331157
C100319,South,Paid Ads,0.95691013,High,372.86,Low,Low-Engagement / Dormant,356.7935110718
C100320,West,Social Media,0.00050071825,Low,495661.49,Very High,High-Value Loyalists,248.1867538651925
C100321,Central,Referral,0.7950152,High,7854.99,Low,Mid-Value Occasional Shoppers,6244.836445848
C100322,South,Organic Search,0.47888142,Medium,16504.46,Medium,Mid-Value Occasional Shoppers,7903.6792411332
C100324,West,Referral,0.7949356,High,18297.85,Medium,Mid-Value Occasional Shoppers,14545.61236846
C100326,West,Organic Search,0.36105618,Medium,50070.5,High,Mid-Value Occasional Shoppers,18078.26346069
C100327,East,Organic Search,0.28654101,Low,127338.5,High,Mid-Value Occasional Shoppers,36487.702401885
C100328,North,Organic Search,0.006595705,Low,288983.28,Very High,Mid-Value Occasional Shoppers,1906.0484648124
C100329,Central,Social Media,0.96880645,High,324.21,Low,Low-Engagement / Dormant,314.0967391545
C100330,South,Organic Search,0.03708645,Low,219903.44,Very High,Mid-Value Occasional Shoppers,8155.437932388
C100331,North,Direct,0.5127691,Medium,26418.22,Medium,Mid-Value Occasional Shoppers,13546.446893002
C100332,North,Direct,0.0042640213,Low,458211.92,Very High,High-Value Loyalists,1953.825386793896
C100333,West,Organic Search,0.7279331,High,24622.21,Medium,Mid-Value Occasional Shoppers,17923.321654151
C100334,Central,Referral,0.7209263,High,29838.28,Medium,Mid-Value Occasional Shoppers,21511.200798764
C100335,South,Organic Search,0.5089272,Medium,26645.71,Medium,Mid-Value Occasional Shoppers,13560.726582312
C100336,North,Paid Ads,0.11266222,Low,154201.7,High,Mid-Value Occasional Shoppers,17372.705849774
C100337,North,Organic Search,0.49189153,Medium,37899.17,Medium,Mid-Value Occasional Shoppers,18642.2807170301
C100338,East,Email Marketing,0.41023117,Medium,59980.71,High,Mid-Value Occasional Shoppers,24605.956840730694
C100339,South,Email Marketing,0.3079984,Medium,47962.71,High,Mid-Value Occasional Shoppers,14772.437939664
C100340,South,Organic Search,0.7881741,High,11077.43,Medium,Mid-Value Occasional Shoppers,8730.943420563
C100341,South,Organic Search,0.9868304,High,314.37,Low,Low-Engagement / Dormant,310.229872848
C100342,East,Paid Ads,0.16418214,Low,127589.46,High,Mid-Value Occasional Shoppers,20947.9105842444
C100343,East,Social Media,0.14235342,Low,113362.33,High,Mid-Value Occasional Shoppers,16137.5153746686
C100344,East,Organic Search,0.02008611,Low,269749.22,Very High,Mid-Value Occasional Shoppers,5418.2125053342
C100345,North,Email Marketing,0.16882734,Low,118713.92,High,Mid-Value Occasional Shoppers,20042.1553345728
C100346,East,Direct,0.93626744,High,3420.48,Low,Low-Engagement / Dormant,3202.4840531712
C100347,East,Paid Ads,0.9310895,High,4165.79,Low,Low-Engagement / Dormant,3878.723328205
C100348,East,Email Marketing,0.29653597,Low,64287.87,High,Mid-Value Occasional Shoppers,19063.6658896839
C100349,North,Social Media,0.038254857,Low,105391.97,High,Low-Engagement / Dormant,4031.7547412982894
C100350,North,Social Media,0.01673946,Low,283922.51,Very High,Mid-Value Occasional Shoppers,4752.709499244601
C100353,East,Social Media,0.116494425,Low,136377.36,High,Mid-Value Occasional Shoppers,15887.202136217998
C100354,South,Organic Search,0.7466733,High,4596.67,Low,Low-Engagement / Dormant,3432.210757911
C100355,North,Referral,0.23409827,Low,182849.23,High,Mid-Value Occasional Shoppers,42804.6884138321
C100356,East,Organic Search,0.18257284,Low,75746.42,High,Mid-Value Occasional Shoppers,13829.239019232798
C100358,North,Paid Ads,0.15900037,Low,112928.55,High,Mid-Value Occasional Shoppers,17955.6812335635
C100359,West,Paid Ads,0.0008033465,Low,631182.85,Very High,High-Value Loyalists,507.058533407525
C100360,South,Organic Search,0.0010169724,Low,638076.81,Very High,High-Value Loyalists,648.906504850044
C100361,Central,Organic Search,0.3702711,Medium,40542.52,Medium,Mid-Value Occasional Shoppers,15011.723477172
C100362,North,Email Marketing,0.7342353,High,22644.62,Medium,Mid-Value Occasional Shoppers,16626.479359086
C100363,Central,Social Media,0.0011462212,Low,802948.05,Very High,High-Value Loyalists,920.35607740866
C100364,West,Paid Ads,0.00045428885,Low,769686.62,Very High,High-Value Loyalists,349.660049460187
C100365,North,Email Marketing,0.00060141477,Low,816594.77,Very High,High-Value Loyalists,491.11215578275295
C100366,East,Email Marketing,0.0011316065,Low,532479.52,Very High,Mid-Value Occasional Shoppers,602.55728594888
C100367,East,Organic Search,0.006994609,Low,418769.54,Very High,Mid-Value Occasional Shoppers,2929.12919340986
C100368,East,Social Media,0.0013926154,Low,582930.69,Very High,High-Value Loyalists,811.798256026626
C100369,South,Paid Ads,0.8763079,High,4454.64,Low,Mid-Value Occasional Shoppers,3903.636223656
C100370,Central,Social Media,0.5177881,Medium,16158.19,Medium,Mid-Value Occasional Shoppers,8366.518499539
C100371,West,Referral,0.8152296,High,6877.49,Low,Mid-Value Occasional Shoppers,5606.733421704
C100372,Central,Organic Search,0.0058325324,Low,259516.15,Very High,Mid-Value Occasional Shoppers,1513.63635319826
C100373,West,Social Media,0.05648724,Low,275825.85,Very High,High-Value Loyalists,15580.640987153998
C100374,West,Paid Ads,0.7013206,High,13741.38,Medium,Mid-Value Occasional Shoppers,9637.112866428
C100375,West,Social Media,0.7664176,High,5809.28,Low,Mid-Value Occasional Shoppers,4452.334435328
C100376,East,Organic Search,0.94355214,High,454.79,Low,Low-Engagement / Dormant,429.1180777506
C100377,Central,Email Marketing,0.17953442,Low,174922.01,High,Mid-Value Occasional Shoppers,31404.5216105842
C100378,East,Social Media,0.22642986,Low,75228.5,High,Low-Engagement / Dormant,17033.97872301
C100379,North,Organic Search,0.22530645,Low,35961.67,Medium,Mid-Value Occasional Shoppers,8102.396203771499
C100380,East,Referral,0.7933372,High,7062.41,Low,Mid-Value Occasional Shoppers,5602.872574652
C100381,North,Organic Search,0.38628188,Medium,27611.38,Medium,Mid-Value Occasional Shoppers,10665.775775794402
C100382,Central,Social Media,0.8823016,High,13841.28,Medium,Mid-Value Occasional Shoppers,12212.183490048
C100383,East,Social Media,0.55551934,Medium,47241.14,High,Mid-Value Occasional Shoppers,26243.3669136476
C100384,East,Organic Search,0.38126248,Medium,51183.79,High,Mid-Value Occasional Shoppers,19514.4587111992
C100385,North,Organic Search,0.69258875,High,8502.72,Low,Mid-Value Occasional Shoppers,5888.8882164
C100387,South,Referral,0.88277286,High,13752.61,Medium,Mid-Value Occasional Shoppers,12140.4308621646
C100388,West,Referral,0.83188695,High,7580.14,Low,Mid-Value Occasional Shoppers,6305.819545173001
C100389,East,Organic Search,0.27303773,Low,51599.71,High,Mid-Value Occasional Shoppers,14088.667687058298
C100390,East,Organic Search,0.000952616,Low,700455.07,Very High,High-Value Loyalists,667.2647069631199
C100391,South,Email Marketing,0.98936254,High,1319.95,Low,Low-Engagement / Dormant,1305.909084673
C100392,East,Organic Search,0.9227709,High,3961.6,Low,Low-Engagement / Dormant,3655.64919744
C100393,East,Paid Ads,0.7592415,High,10336.2,Medium,Mid-Value Occasional Shoppers,7847.671992300001
C100394,Central,Referral,0.45780075,Medium,54947.17,High,Mid-Value Occasional Shoppers,25154.8556363775
C100395,Central,Organic Search,0.11008924,Low,114362.92,High,Mid-Value Occasional Shoppers,12590.1269469808
C100396,West,Direct,0.7846761,High,17124.69,Medium,Low-Engagement / Dormant,13437.334962909
C100397,South,Organic Search,0.16350806,Low,98489.06,High,Mid-Value Occasional Shoppers,16103.7551318236
C100398,North,Email Marketing,0.24198803,Low,73143.42,High,Mid-Value Occasional Shoppers,17699.8321132626
C100399,Central,Paid Ads,0.21306989,Low,97206.08,High,Mid-Value Occasional Shoppers,20711.6887729312
C100400,Central,Organic Search,0.616313,High,11555.79,Medium,Mid-Value Occasional Shoppers,7121.98360227
C100401,North,Paid Ads,0.0007340187,Low,660430.88,Very High,High-Value Loyalists,484.768615977456
C100402,West,Direct,0.23347902,Low,40204.36,Medium,Mid-Value Occasional Shoppers,9386.8745725272
C100403,South,Social Media,0.5496767,Medium,24923.32,Medium,Mid-Value Occasional Shoppers,13699.768290644
C100404,North,Organic Search,0.6742322,High,5910.57,Low,Mid-Value Occasional Shoppers,3985.096614354
C100405,Central,Direct,0.00082080293,Low,752221.0,Very High,High-Value Loyalists,617.42520080753
C100406,Central,Organic Search,0.0015252663,Low,290091.7,Very High,Mid-Value Occasional Shoppers,442.46709391971
C100407,Central,Organic Search,0.7709804,High,28159.28,Medium,Mid-Value Occasional Shoppers,21710.252958112
C100408,North,Organic Search,0.029165044,Low,102220.89,High,Mid-Value Occasional Shoppers,2981.27675456916
C100409,East,Email Marketing,0.0012887709,Low,512940.83,Very High,Mid-Value Occasional Shoppers,661.063215125847
C100410,Central,Organic Search,0.03886895,Low,125156.7,High,Mid-Value Occasional Shoppers,4864.709514465
C100411,West,Organic Search,0.7322768,High,18403.35,Medium,Mid-Value Occasional Shoppers,13476.346247279998
C100412,South,Direct,0.32501885,Medium,98832.17,High,Mid-Value Occasional Shoppers,32122.318236404502
C100413,East,Social Media,0.4330813,Medium,27815.63,Medium,Mid-Value Occasional Shoppers,12046.429200719
C100414,North,Paid Ads,0.0013534803,Low,513749.04,Very High,High-Value Loyalists,695.349204783912
C100415,East,Social Media,0.87066215,High,4274.88,Low,Mid-Value Occasional Shoppers,3721.976211792
C100416,Central,Organic Search,0.0005358186,Low,714982.78,Very High,High-Value Loyalists,383.101072203708
C100417,North,Paid Ads,0.61474514,High,35907.86,Medium,Mid-Value Occasional Shoppers,22074.1824228004
C100418,North,Paid Ads,0.6008002,High,24926.38,Medium,Mid-Value Occasional Shoppers,14975.774089276
C100419,East,Social Media,0.76441014,High,23844.09,Medium,Mid-Value Occasional Shoppers,18226.6641750726
C100420,East,Referral,0.7366161,High,4693.26,Low,Mid-Value Occasional Shoppers,3457.130877486
C100421,South,Paid Ads,0.6119548,High,25267.21,Medium,Mid-Value Occasional Shoppers,15462.390442108
C100422,North,Organic Search,0.0011464183,Low,598553.42,Very High,High-Value Loyalists,686.192594215586
C100423,West,Paid Ads,0.5997051,Medium,26166.84,Medium,Low-Engagement / Dormant,15692.387398884
C100424,South,Referral,0.79552853,High,25251.73,Medium,Mid-Value Occasional Shoppers,20088.4716468569
C100425,East,Referral,0.0033080836,Low,479726.22,Very High,Mid-Value Occasional Shoppers,1586.974440871992
C100426,East,Referral,0.943418,High,1807.63,Low,Mid-Value Occasional Shoppers,1705.3506793400002
C100427,South,Direct,0.40761492,Medium,63383.91,High,Mid-Value Occasional Shoppers,25836.2274039372
C100428,East,Email Marketing,0.017239295,Low,218323.79,High,Mid-Value Occasional Shoppers,3763.7482213280505
C100429,West,Direct,0.9842374,High,338.53,Low,Low-Engagement / Dormant,333.193887022
C100430,East,Social Media,0.10370496,Low,152720.9,High,Mid-Value Occasional Shoppers,15837.914825664
C100431,East,Organic Search,0.6436061,High,25383.61,Medium,Mid-Value Occasional Shoppers,16337.046236021
C100432,South,Social Media,0.002807406,Low,392933.8,Very High,Mid-Value Occasional Shoppers,1103.1247077228
C100433,South,Organic Search,0.8690126,High,3739.74,Low,Low-Engagement / Dormant,3249.881180724
C100434,East,Organic Search,0.08193939,Low,140986.11,High,Mid-Value Occasional Shoppers,11552.3158518729
C100435,South,Paid Ads,0.9824354,High,346.32,Low,Low-Engagement / Dormant,340.237027728
C100436,South,Paid Ads,0.9493905,High,2143.23,Low,Low-Engagement / Dormant,2034.762201315
C100437,North,Referral,0.94478947,High,3614.73,Low,Mid-Value Occasional Shoppers,3415.1588408931
C100439,North,Organic Search,0.24207647,Low,102533.62,High,Low-Engagement / Dormant,24820.9767859214
C100440,Central,Email Marketing,0.902214,High,912.78,Low,Low-Engagement / Dormant,823.5228949199999
C100441,East,Social Media,0.07327746,Low,224353.71,Very High,Mid-Value Occasional Shoppers,16440.0700103766
C100442,North,Organic Search,0.7731286,High,7995.01,Low,Mid-Value Occasional Shoppers,6181.170888286
C100443,East,Organic Search,0.046521515,Low,260539.55,Very High,High-Value Loyalists,12120.69458341825
C100444,South,Organic Search,0.9616815,High,488.8,Low,Low-Engagement / Dormant,470.0699172
C100445,Central,Email Marketing,0.8945399,High,9583.7,Medium,Mid-Value Occasional Shoppers,8573.00203963
C100446,Central,Organic Search,0.23248053,Low,65408.07,High,Mid-Value Occasional Shoppers,15206.1027798771
C100447,West,Direct,0.031134438,Low,305814.05,Very High,Mid-Value Occasional Shoppers,9521.3485792539
C100448,East,Organic Search,0.8333982,High,8947.67,Low,Mid-Value Occasional Shoppers,7456.972072194
C100449,Central,Referral,0.9948378,High,416.21,Low,Low-Engagement / Dormant,414.061440738
C100450,East,Organic Search,0.38774124,Medium,40608.51,Medium,Mid-Value Occasional Shoppers,15745.5940219524
C100451,Central,Paid Ads,0.35877025,Medium,67535.77,High,Low-Engagement / Dormant,24229.825086842506
C100452,North,Paid Ads,0.8417508,High,6430.05,Low,Mid-Value Occasional Shoppers,5412.4997315400005
C100453,Central,Paid Ads,0.92835057,High,3689.93,Low,Low-Engagement / Dormant,3425.5486187601
C100454,West,Direct,0.00071064156,Low,1004943.67,Very High,High-Value Loyalists,714.1547373609252
C100455,South,Referral,0.9564648,High,521.02,Low,Low-Engagement / Dormant,498.337290096
C100456,Central,Organic Search,0.93669516,High,1337.02,Low,Low-Engagement / Dormant,1252.3801628232
C100457,West,Referral,0.033700764,Low,376661.44,Very High,Mid-Value Occasional Shoppers,12693.77829734016
C100458,Central,Organic Search,0.122341156,Low,84198.89,High,Mid-Value Occasional Shoppers,10300.98953651684
C100459,North,Direct,0.6802535,High,70999.2,High,High-Value Loyalists,48297.4542972
C100460,East,Paid Ads,0.39400023,Medium,53873.99,High,Mid-Value Occasional Shoppers,21226.3644510177
C100461,West,Organic Search,0.86203957,High,5876.1,Low,Mid-Value Occasional Shoppers,5065.430717277
C100462,North,Organic Search,0.8759178,High,5279.51,Low,Mid-Value Occasional Shoppers,4624.416784278
C100463,West,Organic Search,0.69637334,High,14548.03,Medium,Mid-Value Occasional Shoppers,10130.8602415202
C100464,East,Direct,0.70049876,High,8281.46,Low,Mid-Value Occasional Shoppers,5801.1524609896
C100465,South,Paid Ads,0.6215934,High,6842.04,Low,Mid-Value Occasional Shoppers,4252.966906535999
C100466,West,Organic Search,0.7191306,High,29122.27,Medium,Mid-Value Occasional Shoppers,20942.715498462
C100468,West,Organic Search,0.05075708,Low,290739.64,Very High,Mid-Value Occasional Shoppers,14757.0951666512
C100469,Central,Organic Search,0.91389227,High,923.05,Low,Low-Engagement / Dormant,843.5682598235
C100470,East,Social Media,0.58705515,Medium,25553.93,Medium,Mid-Value Occasional Shoppers,15001.5662092395
C100471,East,Organic Search,0.7915427,High,5776.19,Low,Mid-Value Occasional Shoppers,4572.101028313
C100473,South,Social Media,0.18627596,Low,105690.07,High,Mid-Value Occasional Shoppers,19687.5192517172
C100474,Central,Organic Search,0.76700765,High,27174.76,Medium,Mid-Value Occasional Shoppers,20843.248806914
C100475,South,Paid Ads,0.1622343,Low,83187.44,High,Mid-Value Occasional Shoppers,13495.856097192
C100476,South,Organic Search,0.6026835,High,18933.64,Medium,Mid-Value Occasional Shoppers,11410.99242294
C100477,South,Social Media,0.0064189024,Low,485511.35,Very High,Mid-Value Occasional Shoppers,3116.44996974224
C100478,East,Social Media,0.0012205068,Low,645832.44,Very High,High-Value Loyalists,788.2428846805919
C100480,North,Paid Ads,0.7445514,High,19977.27,Medium,Mid-Value Occasional Shoppers,14874.104346678
C100481,South,Referral,0.49998242,Medium,27556.48,Medium,Mid-Value Occasional Shoppers,13777.755557081598
C100482,North,Organic Search,0.059311524,Low,133320.04,High,Mid-Value Occasional Shoppers,7907.41475214096
C100483,North,Direct,0.27862906,Low,34712.6,Medium,Low-Engagement / Dormant,9671.939108156
C100484,South,Organic Search,0.97456914,High,667.55,Low,Low-Engagement / Dormant,650.5736294069999
C100485,West,Email Marketing,0.00063175685,Low,875684.85,Very High,High-Value Loyalists,553.2199024287224
C100486,East,Paid Ads,0.37057883,Medium,76429.08,High,Mid-Value Occasional Shoppers,28322.999044376404
C100487,North,Organic Search,0.10251744,Low,90352.32,High,Mid-Value Occasional Shoppers,9262.6885444608
C100488,East,Paid Ads,0.007025015,Low,434047.15,Very High,Mid-Value Occasional Shoppers,3049.1877394572502
C100489,West,Email Marketing,0.98555815,High,391.08,Low,Low-Engagement / Dormant,385.432081302
C100490,South,Email Marketing,0.01583347,Low,239407.31,Very High,Mid-Value Occasional Shoppers,3790.6484606657
C100491,South,Referral,0.3846856,Medium,57331.35,High,Mid-Value Occasional Shoppers,22054.54477356
C100493,North,Social Media,0.71584696,High,8093.03,Low,Mid-Value Occasional Shoppers,5793.3709226888
C100494,West,Organic Search,0.38653424,Medium,15157.25,Medium,Mid-Value Occasional Shoppers,5858.796109239999
C100496,Central,Organic Search,0.79237914,High,8191.87,Low,Mid-Value Occasional Shoppers,6491.0669055918
C100498,North,Referral,0.5803411,Medium,19218.73,Medium,Mid-Value Occasional Shoppers,11153.418908803002
C100499,Central,Paid Ads,0.9586838,High,957.06,Low,Low-Engagement / Dormant,917.517917628
C100500,East,Social Media,0.24483922,Low,64544.36,High,Mid-Value Occasional Shoppers,15802.9907577992
C100501,South,Paid Ads,0.49276102,Medium,118631.55,High,Mid-Value Occasional Shoppers,58457.003582181
C100503,North,Organic Search,0.3358021,Medium,39450.0,Medium,Mid-Value Occasional Shoppers,13247.392845
C100504,East,Organic Search,0.00039327666,Low,851544.34,Very High,Mid-Value Occasional Shoppers,334.8925138771044
C100505,Central,Organic Search,0.9676156,High,489.39,Low,Low-Engagement / Dormant,473.541398484
C100506,West,Social Media,0.9789874,High,541.21,Low,Low-Engagement / Dormant,529.837770754
C100507,East,Referral,0.005092007,Low,553865.7,Very High,High-Value Loyalists,2820.2880214599
C100508,Central,Paid Ads,0.9469011,High,383.7,Low,Low-Engagement / Dormant,363.32595207
C100509,West,Direct,0.0008543855,Low,997275.07,Very High,High-Value Loyalists,852.0573593194849
C100510,North,Email Marketing,0.0005391725,Low,707905.22,Very High,High-Value Loyalists,381.68302723045
C100511,West,Organic Search,0.105464146,Low,91342.55,High,Mid-Value Occasional Shoppers,9633.3640292123
C100513,South,Email Marketing,0.40742177,Medium,45372.06,Medium,Mid-Value Occasional Shoppers,18485.5649937462
C100514,East,Organic Search,0.021570167,Low,435624.75,Very High,Mid-Value Occasional Shoppers,9396.498606833253
C100516,North,Direct,0.79532224,High,16441.33,Medium,Low-Engagement / Dormant,13076.1554041792
C100517,East,Referral,0.08754693,Low,214596.17,High,Mid-Value Occasional Shoppers,18787.2358732581
C100518,South,Email Marketing,0.25850332,Low,178378.66,High,High-Value Loyalists,46111.4758271512
C100520,South,Organic Search,0.5777936,Medium,12126.72,Medium,Mid-Value Occasional Shoppers,7006.741204991999
C100521,West,Referral,0.00057796587,Low,762389.16,Very High,High-Value Loyalists,440.6349141379693
C100522,Central,Email Marketing,0.0011568603,Low,618959.59,Very High,High-Value Loyalists,716.0497769752769
C100523,North,Organic Search,0.14065999,Low,210904.6,High,Mid-Value Occasional Shoppers,29665.838926954
C100524,West,Organic Search,0.7797838,High,4889.44,Low,Mid-Value Occasional Shoppers,3812.706103072
C100525,North,Organic Search,0.00065508013,Low,845398.68,Very High,High-Value Loyalists,553.8038771962284
C100526,South,Referral,0.93618906,High,14579.88,Medium,Mid-Value Occasional Shoppers,13649.5241521128
C100527,South,Referral,0.27152795,Low,58823.8,High,Mid-Value Occasional Shoppers,15972.305825210002
C100528,North,Email Marketing,0.64067334,High,19719.68,Medium,Mid-Value Occasional Shoppers,12633.8732493312
C100529,North,Paid Ads,0.31093836,Medium,38342.57,Medium,Mid-Value Occasional Shoppers,11922.1758339852
C100530,West,Social Media,0.7967242,High,3397.07,Low,Low-Engagement / Dormant,2706.527878094
C100531,West,Organic Search,0.10031927,Low,149294.61,High,Mid-Value Occasional Shoppers,14977.126290134698
C100532,Central,Direct,0.0049564,Low,329241.41,Very High,Mid-Value Occasional Shoppers,1631.8521245239997
C100533,Central,Social Media,0.51564234,Medium,57463.9,High,Mid-Value Occasional Shoppers,29630.819861526
C100534,South,Referral,0.95986503,High,366.85,Low,Low-Engagement / Dormant,352.1264862555
C100535,North,Paid Ads,0.9132003,High,797.51,Low,Low-Engagement / Dormant,728.286371253
C100536,North,Organic Search,0.0011717505,Low,642586.09,Very High,High-Value Loyalists,752.950572250545
C100537,East,Organic Search,0.8059655,High,6883.32,Low,Mid-Value Occasional Shoppers,5547.71844546
C100538,Central,Email Marketing,0.23771073,Low,67732.62,High,Low-Engagement / Dormant,16100.7705450126
C100539,South,Organic Search,0.58140105,Medium,12057.36,Medium,Mid-Value Occasional Shoppers,7010.161764228
C100540,North,Email Marketing,0.9385731,High,1631.03,Low,Low-Engagement / Dormant,1530.8408832930002
C100541,South,Organic Search,0.9733402,High,578.0,Low,Low-Engagement / Dormant,562.5906356
C100542,Central,Social Media,0.553835,Medium,49950.11,High,Low-Engagement / Dormant,27664.11917185
C100543,South,Organic Search,0.620147,High,30352.13,Medium,Low-Engagement / Dormant,18822.78236311
C100544,West,Organic Search,0.4052621,Medium,30785.49,Medium,Mid-Value Occasional Shoppers,12476.192326929002
C100545,East,Social Media,0.1419317,Low,109754.69,High,Mid-Value Occasional Shoppers,15577.669734673
C100546,South,Paid Ads,0.0011089859,Low,535467.14,Very High,High-Value Loyalists,593.8255081733259
C100547,South,Paid Ads,0.0016991419,Low,597560.29,Very High,Mid-Value Occasional Shoppers,1015.339726515151
C100548,West,Social Media,0.029202804,Low,256328.68,Very High,High-Value Loyalists,7485.51620161872
C100549,West,Paid Ads,0.1285587,Low,186255.3,High,Mid-Value Occasional Shoppers,23944.73923611
C100550,South,Social Media,0.23922087,Low,87154.1,High,Mid-Value Occasional Shoppers,20849.079626067003
C100551,South,Social Media,0.8857557,High,11977.38,Medium,Mid-Value Occasional Shoppers,10609.032606066
C100552,North,Organic Search,0.8177613,High,19213.65,Medium,Mid-Value Occasional Shoppers,15712.179401745
C100553,North,Paid Ads,0.5390618,Medium,36072.23,Medium,Low-Engagement / Dormant,19445.161233814004
C100554,North,Organic Search,0.0012505929,Low,429224.81,Very High,High-Value Loyalists,536.785499889849
C100555,North,Organic Search,0.90292466,High,3658.44,Low,Low-Engagement / Dormant,3303.2956931304
C100556,West,Organic Search,0.2467971,Low,111384.27,High,Mid-Value Occasional Shoppers,27489.314821617
C100557,West,Social Media,0.062886074,Low,143146.36,High,Mid-Value Occasional Shoppers,9001.912587790639
C100558,West,Organic Search,0.009316793,Low,294906.8,Very High,Mid-Value Occasional Shoppers,2747.5856098924
C100559,West,Email Marketing,0.5809472,Medium,31672.03,Medium,Mid-Value Occasional Shoppers,18399.777146816
C100560,Central,Referral,0.9595465,High,4280.56,Low,Mid-Value Occasional Shoppers,4107.39636604
C100561,Central,Organic Search,0.028597439,Low,452980.62,Very High,Mid-Value Occasional Shoppers,12954.08564863218
C100562,South,Social Media,0.7759451,High,11421.62,Medium,Mid-Value Occasional Shoppers,8862.550073062
C100563,North,Organic Search,0.97605366,High,1611.25,Low,Low-Engagement / Dormant,1572.6664596750002
C100564,North,Organic Search,0.08781004,Low,107011.12,High,Low-Engagement / Dormant,9396.6507276448
C100565,Central,Direct,0.5753483,Medium,20128.57,Medium,Mid-Value Occasional Shoppers,11580.938530931
C100566,North,Paid Ads,0.98118114,High,293.11,Low,Low-Engagement / Dormant,287.5940039454
C100567,South,Organic Search,0.39342782,Medium,37881.29,Medium,Mid-Value Occasional Shoppers,14903.5533434878
C100568,East,Email Marketing,0.42817524,Medium,24576.65,Medium,Mid-Value Occasional Shoppers,10523.113012146
C100569,East,Email Marketing,0.0009566484,Low,958805.01,Very High,High-Value Loyalists,917.239278728484
C100570,East,Social Media,0.12783024,Low,229795.25,Very High,Mid-Value Occasional Shoppers,29374.781958360003
C100571,West,Referral,0.9679092,High,584.93,Low,Low-Engagement / Dormant,566.159128356
C100572,East,Referral,0.14406414,Low,141396.32,High,Mid-Value Occasional Shoppers,20370.139239964803
C100573,Central,Referral,0.048652664,Low,181430.19,High,Mid-Value Occasional Shoppers,8827.06207352616
C100574,North,Paid Ads,0.78995395,High,5501.36,Low,Mid-Value Occasional Shoppers,4345.821062372
C100575,Central,Email Marketing,0.41218567,Medium,63553.41,High,Mid-Value Occasional Shoppers,26195.8048816347
C100576,East,Social Media,0.12710029,Low,116057.96,High,Mid-Value Occasional Shoppers,14751.0003728084
C100577,North,Organic Search,0.7295799,High,10231.3,Medium,Mid-Value Occasional Shoppers,7464.550830869999
C100578,Central,Organic Search,0.2628688,Low,72082.5,High,Mid-Value Occasional Shoppers,18948.240276
C100579,Central,Paid Ads,0.52048355,Medium,32242.72,Medium,Mid-Value Occasional Shoppers,16781.805367256
C100580,West,Organic Search,0.7758725,High,8030.01,Low,Mid-Value Occasional Shoppers,6230.263933725
C100581,Central,Organic Search,0.0014323395,Low,372711.32,Very High,High-Value Loyalists,533.8491457331401
C100582,South,Paid Ads,0.010871114,Low,265928.68,Very High,Mid-Value Occasional Shoppers,2890.94099614952
C100583,North,Direct,0.077344395,Low,255207.81,Very High,Mid-Value Occasional Shoppers,19738.89366372495
C100584,North,Organic Search,0.07476482,Low,212148.02,High,Mid-Value Occasional Shoppers,15861.208528656398
C100585,Central,Organic Search,0.87776953,High,6063.18,Low,Low-Engagement / Dormant,5322.074658905401
C100586,West,Email Marketing,0.62589353,High,18667.5,Medium,Mid-Value Occasional Shoppers,11683.867471275
C100587,Central,Paid Ads,0.00075751886,Low,651124.18,Very High,Mid-Value Occasional Shoppers,493.2388465520348
C100588,West,Referral,0.31092772,Medium,72185.07,High,Mid-Value Occasional Shoppers,22444.339233140403
C100589,East,Social Media,0.67632616,High,11682.01,Medium,Mid-Value Occasional Shoppers,7900.8489643816
C100590,North,Social Media,0.00038112784,Low,696756.42,Very High,High-Value Loyalists,265.5532693607328
C100591,North,Organic Search,0.37145796,Medium,85145.17,High,Mid-Value Occasional Shoppers,31627.8511520532
C100592,East,Paid Ads,0.0073814862,Low,723144.82,Very High,Mid-Value Occasional Shoppers,5337.883509431484
C100593,West,Social Media,0.178459,Low,228092.41,Very High,Mid-Value Occasional Shoppers,40705.14339619
C100594,North,Organic Search,0.28524658,Low,47045.65,High,Mid-Value Occasional Shoppers,13419.610766377002
C100595,Central,Organic Search,0.0008306891,Low,569132.85,Very High,High-Value Loyalists,472.772454946935
C100596,West,Paid Ads,0.39567453,Medium,42971.73,Medium,Mid-Value Occasional Shoppers,17002.8190710369
C100597,South,Social Media,0.9481262,High,388.4,Low,Low-Engagement / Dormant,368.25221608
C100598,Central,Social Media,0.47586668,Medium,38664.56,Medium,Mid-Value Occasional Shoppers,18399.1758008608
C100599,East,Referral,0.59808624,Medium,27379.16,Medium,Mid-Value Occasional Shoppers,16375.0988587584
C100600,West,Referral,0.0048585837,Low,395600.49,Very High,High-Value Loyalists,1922.058092426013
C100601,South,Organic Search,0.001133739,Low,523349.17,Very High,Mid-Value Occasional Shoppers,593.3413646466299
C100602,South,Email Marketing,0.20419921,Low,79486.49,High,Mid-Value Occasional Shoppers,16231.0784636729
C100603,North,Email Marketing,0.6365118,High,21810.05,Medium,Mid-Value Occasional Shoppers,13882.35418359
C100604,East,Organic Search,0.007649439,Low,252604.44,Very High,Mid-Value Occasional Shoppers,1932.28225490916
C100606,Central,Paid Ads,0.63367635,High,14053.89,Medium,Mid-Value Occasional Shoppers,8905.6177185015
C100607,Central,Email Marketing,0.11716184,Low,160690.82,High,Mid-Value Occasional Shoppers,18826.8321423088
C100608,North,Paid Ads,0.027816871,Low,98884.73,High,Low-Engagement / Dormant,2750.66377827983
C100609,Central,Paid Ads,0.9019156,High,5344.11,Low,Mid-Value Occasional Shoppers,4819.936177116
C100610,North,Email Marketing,0.81607443,High,2885.79,Low,Low-Engagement / Dormant,2355.0194293497
C100611,North,Social Media,0.00039912367,Low,684188.33,Very High,High-Value Loyalists,273.0757572407711
C100612,West,Organic Search,0.7038348,High,7568.89,Low,Mid-Value Occasional Shoppers,5327.248179372
C100613,Central,Social Media,0.58733916,Medium,38028.71,Medium,Mid-Value Occasional Shoppers,22335.7505872836
C100614,Central,Referral,0.2627821,Low,74491.75,High,Mid-Value Occasional Shoppers,19575.098497675
C100616,North,Social Media,0.2997443,Low,43253.78,Medium,Mid-Value Occasional Shoppers,12965.074008454
C100617,North,Social Media,0.46867922,Medium,40393.12,Medium,Mid-Value Occasional Shoppers,18931.415974966403
C100618,North,Social Media,0.5656014,Medium,27476.41,Medium,Mid-Value Occasional Shoppers,15540.695962974
C100619,East,Direct,0.00061753724,Low,655316.36,Very High,Mid-Value Occasional Shoppers,404.68225628124645
C100620,East,Social Media,0.5343079,Medium,32330.75,Medium,Mid-Value Occasional Shoppers,17274.575137925
C100621,North,Social Media,0.12171183,Low,217868.26,High,Mid-Value Occasional Shoppers,26517.1446235158
C100622,East,Referral,0.6477623,High,30781.36,Medium,Mid-Value Occasional Shoppers,19939.004550728
C100623,East,Organic Search,0.09118279,Low,394209.24,Very High,Mid-Value Occasional Shoppers,35945.0983469796
C100624,West,Organic Search,0.0021460953,Low,634792.47,Very High,High-Value Loyalists,1362.3251363423908
C100625,South,Direct,0.0009308707,Low,637318.88,Very High,Mid-Value Occasional Shoppers,593.261471948816
C100626,South,Referral,0.9802024,High,424.38,Low,Low-Engagement / Dormant,415.978294512
C100627,West,Paid Ads,0.40088215,Medium,39654.82,Medium,Mid-Value Occasional Shoppers,15896.909499463
C100628,West,Organic Search,0.97881705,High,371.4,Low,Low-Engagement / Dormant,363.53265237
C100629,South,Organic Search,0.52253276,Medium,28830.85,Medium,Mid-Value Occasional Shoppers,15065.063623646
C100630,North,Organic Search,0.03814976,Low,188121.17,High,Mid-Value Occasional Shoppers,7176.7774864192
C100631,Central,Paid Ads,0.8994778,High,2052.99,Low,Low-Engagement / Dormant,1846.618928622
C100632,West,Social Media,0.68931955,High,20725.08,Medium,Mid-Value Occasional Shoppers,14286.202819314
C100633,North,Organic Search,0.9548118,High,4818.2,Low,Low-Engagement / Dormant,4600.47421476
C100634,East,Social Media,0.76783174,High,29258.97,Medium,Mid-Value Occasional Shoppers,22465.9658457078
C100635,East,Direct,0.00094380445,Low,676238.77,Very High,High-Value Loyalists,638.2371603885265
C100636,North,Direct,0.016425041,Low,177941.02,High,Mid-Value Occasional Shoppers,2922.68854908182
C100637,North,Email Marketing,0.00055341073,Low,693776.85,Very High,High-Value Loyalists,383.94355301560046
C100639,East,Social Media,0.0025588388,Low,450884.49,Very High,Mid-Value Occasional Shoppers,1153.7407273302122
C100640,North,Social Media,0.07359396,Low,121018.12,High,Mid-Value Occasional Shoppers,8906.2026825552
C100641,West,Organic Search,0.9721718,High,511.25,Low,Low-Engagement / Dormant,497.02283275
C100642,East,Email Marketing,0.0012476958,Low,721127.6,Very High,High-Value Loyalists,899.74787778408
C100643,East,Social Media,0.6148322,High,14804.79,Medium,Mid-Value Occasional Shoppers,9102.461606238
C100644,South,Social Media,0.007814144,Low,348447.38,Very High,Mid-Value Occasional Shoppers,2722.81800374272
C100647,Central,Email Marketing,0.005126941,Low,446715.96,Very High,Mid-Value Occasional Shoppers,2290.28637067836
C100648,East,Organic Search,0.8909932,High,4662.08,Low,Low-Engagement / Dormant,4153.881577856
C100649,West,Organic Search,0.64047426,High,18401.35,Medium,Mid-Value Occasional Shoppers,11785.591024250998
C100651,West,Referral,0.975522,High,365.89,Low,Low-Engagement / Dormant,356.93374458
C100652,East,Organic Search,0.98167384,High,303.62,Low,Low-Engagement / Dormant,298.05581130080003
C100653,West,Organic Search,0.06870306,Low,128909.75,High,Mid-Value Occasional Shoppers,8856.494288835
C100654,South,Referral,0.012967897,Low,471591.47,Very High,High-Value Loyalists,6115.549609038591
C100655,East,Direct,0.409733,Medium,27679.35,Medium,Mid-Value Occasional Shoppers,11341.14311355
C100656,North,Paid Ads,0.00097741,Low,636254.74,Very High,High-Value Loyalists,621.8817454233999
C100657,North,Referral,0.6319438,High,29467.97,Medium,Mid-Value Occasional Shoppers,18622.100940086
C100658,West,Paid Ads,0.5674997,Medium,74344.66,High,Mid-Value Occasional Shoppers,42190.57224660201
C100659,North,Referral,0.32671607,Medium,49319.64,High,Low-Engagement / Dormant,16113.5189546148
C100660,North,Social Media,0.96778405,High,922.99,Low,Low-Engagement / Dormant,893.2550003095
C100661,Central,Email Marketing,0.032706063,Low,234043.23,Very High,Mid-Value Occasional Shoppers,7654.632625103491
C100663,East,Paid Ads,0.7468499,High,17012.38,Medium,Mid-Value Occasional Shoppers,12705.694301762
C100664,West,Organic Search,0.84087914,High,17396.11,Medium,Mid-Value Occasional Shoppers,14628.0260161454
C100665,West,Email Marketing,0.6786516,High,11870.97,Medium,Mid-Value Occasional Shoppers,8056.252784052
C100666,North,Organic Search,0.116649166,Low,212071.49,High,Mid-Value Occasional Shoppers,24737.962440877334
C100667,East,Social Media,0.60498714,High,23911.45,Medium,Mid-Value Occasional Shoppers,14466.119748753
C100668,East,Paid Ads,0.7889796,High,28625.1,Medium,Mid-Value Occasional Shoppers,22584.61994796
C100669,South,Organic Search,0.9499313,High,2505.11,Low,Mid-Value Occasional Shoppers,2379.6823989430004
C100670,West,Referral,0.65655506,High,19109.21,Medium,Low-Engagement / Dormant,12546.2485181026
C100671,Central,Paid Ads,0.9682389,High,889.81,Low,Low-Engagement / Dormant,861.548655609
C100672,North,Email Marketing,0.95308393,High,737.52,Low,Low-Engagement / Dormant,702.9184600536
C100673,North,Organic Search,0.12460364,Low,146088.64,High,Mid-Value Occasional Shoppers,18203.1763066496
C100674,West,Organic Search,0.7633133,High,22502.19,Medium,Mid-Value Occasional Shoppers,17176.220906126997
C100675,South,Organic Search,0.8864302,High,3442.47,Low,Mid-Value Occasional Shoppers,3051.509370594
C100676,West,Organic Search,0.19060165,Low,48954.99,High,Mid-Value Occasional Shoppers,9330.9018697335
C100677,North,Social Media,0.05388808,Low,161520.67,High,Mid-Value Occasional Shoppers,8704.0387866136
C100678,North,Paid Ads,0.9761787,High,3721.22,Low,Mid-Value Occasional Shoppers,3632.575702014
C100679,West,Organic Search,0.9722244,High,692.79,Low,Low-Engagement / Dormant,673.547342076
C100680,Central,Direct,0.93352056,High,880.82,Low,Low-Engagement / Dormant,822.2635796592001
C100681,North,Organic Search,0.21488045,Low,80759.01,High,Mid-Value Occasional Shoppers,17353.5324103545
C100682,Central,Paid Ads,0.7170736,High,15571.41,Medium,Mid-Value Occasional Shoppers,11165.847025776
C100683,South,Email Marketing,0.30894113,Medium,52430.63,High,Mid-Value Occasional Shoppers,16197.9780788119
C100684,North,Social Media,0.59685093,Medium,23014.34,Medium,Mid-Value Occasional Shoppers,13736.1302323362
C100685,East,Paid Ads,0.6891473,High,6047.95,Low,Low-Engagement / Dormant,4167.928413035
C100686,South,Direct,0.8936979,High,3752.2,Low,Mid-Value Occasional Shoppers,3353.33326038
C100687,West,Social Media,0.0013014216,Low,721867.85,Very High,High-Value Loyalists,939.45441233556
C100688,South,Organic Search,0.613463,High,28013.47,Medium,Mid-Value Occasional Shoppers,17185.22734661
C100689,East,Organic Search,0.6689018,High,9129.68,Low,Mid-Value Occasional Shoppers,6106.859385424
C100690,North,Direct,0.11772819,Low,96691.47,High,Low-Engagement / Dormant,11383.3117515393
C100692,Central,Email Marketing,0.44826072,Medium,38148.48,Medium,Mid-Value Occasional Shoppers,17100.465111705602
C100693,South,Organic Search,0.3877805,Medium,37438.97,Medium,Mid-Value Occasional Shoppers,14518.102506085
C100694,South,Organic Search,0.8764422,High,3912.22,Low,Mid-Value Occasional Shoppers,3428.834703684
C100695,Central,Email Marketing,0.70288724,High,7812.29,Low,Low-Engagement / Dormant,5491.1589561796
C100696,North,Direct,0.00045345965,Low,636248.02,Very High,Mid-Value Occasional Shoppers,288.512804462393
C100697,West,Organic Search,0.099724814,Low,93940.74,High,Mid-Value Occasional Shoppers,9368.22282352236
C100698,East,Organic Search,0.98351157,High,299.2,Low,Low-Engagement / Dormant,294.266661744
C100699,Central,Referral,0.01605455,Low,534439.59,Very High,Mid-Value Occasional Shoppers,8580.1871196345
C100700,South,Social Media,0.0025960242,Low,713857.86,Very High,High-Value Loyalists,1853.192279920212
C100701,South,Paid Ads,0.0010910773,Low,566191.43,Very High,High-Value Loyalists,617.7586167275391
C100702,South,Organic Search,0.8716081,High,950.16,Low,Low-Engagement / Dormant,828.1671522959999
C100703,North,Direct,0.64545923,High,38942.36,Medium,Mid-Value Occasional Shoppers,25135.7056999828
C100704,North,Organic Search,0.013952593,Low,220206.54,Very High,Mid-Value Occasional Shoppers,3072.45222855822
C100705,Central,Organic Search,0.9465867,High,1457.12,Low,Low-Engagement / Dormant,1379.2904123039998
C100706,South,Paid Ads,0.8940693,High,8681.77,Low,Mid-Value Occasional Shoppers,7762.104026661
C100707,North,Organic Search,0.0019339425,Low,491287.79,Very High,Mid-Value Occasional Shoppers,950.122336812075
C100708,South,Social Media,0.93412083,High,662.62,Low,Low-Engagement / Dormant,618.9671443746
C100710,East,Social Media,0.6687301,High,23608.58,Medium,Mid-Value Occasional Shoppers,15787.768064258002
C100711,North,Paid Ads,0.38430345,Medium,33056.64,Medium,Mid-Value Occasional Shoppers,12703.780797408
C100712,West,Organic Search,0.20272437,Low,99715.79,High,Low-Engagement / Dormant,20214.820706802297
C100713,West,Email Marketing,0.6600999,High,14364.5,Medium,Mid-Value Occasional Shoppers,9482.00501355
C100714,North,Social Media,0.9726838,High,305.64,Low,Low-Engagement / Dormant,297.291076632
C100715,West,Paid Ads,0.0006027785,Low,808327.08,Very High,High-Value Loyalists,487.24218479178
C100716,South,Organic Search,0.26251882,Low,72036.92,High,Low-Engagement / Dormant,18911.0472348344
C100718,Central,Referral,0.9144533,High,2916.15,Low,Low-Engagement / Dormant,2666.682990795
C100719,Central,Social Media,0.24967088,Low,143137.33,High,Mid-Value Occasional Shoppers,35737.223141950395
C100720,South,Referral,0.022935407,Low,236190.3,Very High,High-Value Loyalists,5417.1206599521
C100721,East,Organic Search,0.08462652,Low,153276.31,High,High-Value Loyalists,12971.2407137412
C100722,South,Direct,0.0065027787,Low,495564.11,Very High,High-Value Loyalists,3222.543738992457
C100723,East,Organic Search,0.8866199,High,1198.01,Low,Low-Engagement / Dormant,1062.179506399
C100724,West,Organic Search,0.88042736,High,1375.93,Low,Low-Engagement / Dormant,1211.4064174448
C100725,North,Social Media,0.00032298692,Low,868816.81,Very High,High-Value Loyalists,280.6164655061252
C100727,West,Paid Ads,0.00074959424,Low,811177.03,Very High,High-Value Loyalists,608.0536293083072
C100728,North,Organic Search,0.97795653,High,396.89,Low,Low-Engagement / Dormant,388.1411671917
C100729,Central,Referral,0.9327379,High,2581.55,Low,Low-Engagement / Dormant,2407.9095257450003
C100730,West,Referral,0.485324,Medium,16599.89,Medium,Mid-Value Occasional Shoppers,8056.325014359999
C100731,South,Social Media,0.89873815,High,628.43,Low,Low-Engagement / Dormant,564.7940156044999
C100732,East,Paid Ads,0.9273461,High,676.56,Low,Low-Engagement / Dormant,627.4052774159999
C100733,Central,Paid Ads,0.9010521,High,9454.63,Medium,Mid-Value Occasional Shoppers,8519.114216222999
C100734,Central,Email Marketing,0.55140233,Medium,66856.67,High,Mid-Value Occasional Shoppers,36864.9236140411
C100735,South,Social Media,0.0115603395,Low,344494.65,Very High,High-Value Loyalists,3982.4751099336754
C100736,East,Paid Ads,0.82910454,High,17504.02,Medium,Mid-Value Occasional Shoppers,14512.6624502508
C100737,Central,Organic Search,0.0028211249,Low,639621.28,Very High,High-Value Loyalists,1804.451519577872
C100738,Central,Organic Search,0.047057655,Low,169995.8,High,Mid-Value Occasional Shoppers,7999.603707848999
C100739,North,Paid Ads,0.9772907,High,2801.32,Low,Low-Engagement / Dormant,2737.703983724
C100740,East,Referral,0.23338431,Low,79527.5,High,Low-Engagement / Dormant,18560.470713525
C100741,Central,Email Marketing,0.44524565,Medium,35769.68,Medium,Mid-Value Occasional Shoppers,15926.294421892
C100742,North,Direct,0.955478,High,371.07,Low,Low-Engagement / Dormant,354.54922146
C100743,South,Paid Ads,0.5566792,Medium,16580.34,Medium,Mid-Value Occasional Shoppers,9229.930406928
C100745,East,Referral,0.0004276388,Low,725594.31,Very High,High-Value Loyalists,310.292280015228
C100746,West,Paid Ads,0.7616801,High,23850.58,Medium,Mid-Value Occasional Shoppers,18166.512159458
C100747,North,Social Media,0.22074522,Low,131139.81,High,Mid-Value Occasional Shoppers,28948.4862092082
C100748,West,Social Media,0.006878668,Low,310202.88,Very High,High-Value Loyalists,2133.78262416384
C100749,South,Organic Search,0.70638007,High,12817.52,Medium,Mid-Value Occasional Shoppers,9054.0406748264
C100750,West,Organic Search,0.782721,High,8169.2,Low,Mid-Value Occasional Shoppers,6394.2043932
C100751,South,Paid Ads,0.037781943,Low,247520.34,Very High,High-Value Loyalists,9351.79937722062
C100752,North,Social Media,0.8597045,High,7069.35,Low,Mid-Value Occasional Shoppers,6077.552007075
C100753,Central,Organic Search,0.98698133,High,601.07,Low,Low-Engagement / Dormant,593.2448680231
C100754,West,Organic Search,0.0058010714,Low,396329.84,Very High,High-Value Loyalists,2299.137699790576
C100755,South,Organic Search,0.33561832,Medium,37277.04,Medium,Mid-Value Occasional Shoppers,12510.8575393728
C100756,South,Email Marketing,0.89958215,High,3906.29,Low,Low-Engagement / Dormant,3514.0287567235
C100757,East,Email Marketing,0.94062823,High,1479.58,Low,Low-Engagement / Dormant,1391.7347165433998
C100758,Central,Email Marketing,0.0017212917,Low,551931.3,Very High,High-Value Loyalists,950.03476566021
C100759,South,Email Marketing,0.19436131,Low,78643.16,High,Mid-Value Occasional Shoppers,15285.1876001396
C100760,Central,Organic Search,0.60354733,High,12872.2,Medium,Mid-Value Occasional Shoppers,7768.981941226001
C100761,South,Organic Search,0.07192562,Low,120148.5,High,Mid-Value Occasional Shoppers,8641.75535457
C100762,West,Paid Ads,0.01704376,Low,411862.08,Very High,High-Value Loyalists,7019.678444620801
C100763,South,Social Media,0.8731915,High,2125.98,Low,Low-Engagement / Dormant,1856.38766517
C100764,North,Referral,0.0017077846,Low,666097.85,Very High,Mid-Value Occasional Shoppers,1137.55165032311
C100765,Central,Organic Search,0.8727414,High,8120.39,Low,Mid-Value Occasional Shoppers,7087.000537146
C100766,North,Direct,0.0004932713,Low,572407.82,Very High,High-Value Loyalists,282.352349501566
C100767,Central,Paid Ads,0.78811115,High,5039.24,Low,Low-Engagement / Dormant,3971.481231526
C100768,North,Social Media,0.28510174,Low,59759.69,High,Mid-Value Occasional Shoppers,17037.5916008606
C100769,South,Email Marketing,0.53078896,Medium,29878.97,Medium,Mid-Value Occasional Shoppers,15859.4274121712
C100770,Central,Social Media,0.6411979,High,8507.36,Low,Low-Engagement / Dormant,5454.901366544001
C100771,East,Referral,0.001755683,Low,326722.17,Very High,High-Value Loyalists,573.62055959211
C100772,North,Referral,0.095659055,Low,301926.56,Very High,High-Value Loyalists,28882.0094090008
C100773,East,Referral,0.93515396,High,535.21,Low,Low-Engagement / Dormant,500.5037509316
C100774,North,Email Marketing,0.0020042488,Low,803070.04,Very High,High-Value Loyalists,1609.552163985952
C100775,Central,Paid Ads,0.9582824,High,1763.67,Low,Low-Engagement / Dormant,1690.093920408
C100776,North,Paid Ads,0.20210801,Low,104783.89,High,Mid-Value Occasional Shoppers,21177.6634879589
C100777,East,Email Marketing,0.86924195,High,515.34,Low,Low-Engagement / Dormant,447.9551465130001
C100778,North,Social Media,0.24738565,Low,156378.4,High,Mid-Value Occasional Shoppers,38685.77212996
C100779,West,Social Media,0.70600694,High,14917.52,Medium,Mid-Value Occasional Shoppers,10531.8726475888
C100780,Central,Paid Ads,0.62864673,High,19059.36,Medium,Mid-Value Occasional Shoppers,11981.6043398928
C100781,West,Organic Search,0.88069826,High,849.22,Low,Low-Engagement / Dormant,747.9065763572
C100782,South,Paid Ads,0.16590208,Low,90100.2,High,Mid-Value Occasional Shoppers,14947.810588416
C100783,North,Direct,0.9472087,High,1057.99,Low,Low-Engagement / Dormant,1002.137332513
C100784,North,Paid Ads,0.53220683,Medium,10647.24,Medium,Mid-Value Occasional Shoppers,5666.5338486492
C100785,Central,Organic Search,0.13272332,Low,107389.42,High,Low-Engagement / Dormant,14253.0803552744
C100786,North,Organic Search,0.17236744,Low,72431.98,High,Mid-Value Occasional Shoppers,12484.9149667312
C100787,East,Paid Ads,0.8543736,High,6810.07,Low,Low-Engagement / Dormant,5818.344022152
C100788,South,Paid Ads,0.84430796,High,17025.79,Medium,Mid-Value Occasional Shoppers,14375.0100222884
C100789,Central,Referral,0.21251744,Low,126541.66,High,Mid-Value Occasional Shoppers,26892.309636550403
C100790,East,Organic Search,0.01165691,Low,301598.57,Very High,Mid-Value Occasional Shoppers,3515.7073866187
C100791,East,Organic Search,0.25347704,Low,57429.66,High,Mid-Value Occasional Shoppers,14557.1002250064
C100792,Central,Organic Search,0.29656675,Low,104950.78,High,Mid-Value Occasional Shoppers,31124.911734565
C100793,Central,Organic Search,0.76932395,High,4727.97,Low,Mid-Value Occasional Shoppers,3637.3405558815
C100794,East,Email Marketing,0.010182644,Low,495960.37,Very High,Mid-Value Occasional Shoppers,5050.18788581828
C100795,West,Email Marketing,0.9524963,High,778.19,Low,Low-Engagement / Dormant,741.2230956970001
C100796,East,Referral,0.00063163316,Low,755609.69,Very High,High-Value Loyalists,477.2681362213204
C100797,South,Email Marketing,0.0010482661,Low,695956.61,Very High,High-Value Loyalists,729.547721333921
C100798,North,Organic Search,0.2736809,Low,108189.45,High,Mid-Value Occasional Shoppers,29609.386046505
C100799,West,Email Marketing,0.049838036,Low,245442.4,Very High,Mid-Value Occasional Shoppers,12232.3671671264
C100800,West,Paid Ads,0.95948297,High,456.22,Low,Low-Engagement / Dormant,437.7353205734
C100801,North,Referral,0.9738555,High,343.99,Low,Low-Engagement / Dormant,334.996553445
C100802,North,Social Media,0.10373657,Low,182464.9,High,Mid-Value Occasional Shoppers,18928.282871393
C100803,West,Paid Ads,0.0010138274,Low,653790.35,Very High,High-Value Loyalists,662.83057068559
C100804,North,Organic Search,0.66191804,High,20037.37,Medium,Mid-Value Occasional Shoppers,13263.0966771548
C100805,West,Organic Search,0.0010860814,Low,764900.56,Very High,High-Value Loyalists,830.744271065584
C100806,West,Paid Ads,0.001615502,Low,598801.36,Very High,High-Value Loyalists,967.36479468272
C100807,South,Paid Ads,0.8706299,High,9317.54,Medium,Mid-Value Occasional Shoppers,8112.128918446
C100808,South,Direct,0.53149235,Medium,46657.94,High,Mid-Value Occasional Shoppers,24798.338176759
C100809,South,Organic Search,0.27076247,Low,61179.79,High,Mid-Value Occasional Shoppers,16565.1910544813
C100810,South,Social Media,0.6410173,High,36982.07,Medium,Mid-Value Occasional Shoppers,23706.146659811
C100811,East,Social Media,0.94215375,High,1404.99,Low,Low-Engagement / Dormant,1323.7165972125
C100812,West,Organic Search,0.9317722,High,1658.11,Low,Low-Engagement / Dormant,1544.980802542
C100813,Central,Paid Ads,0.65401965,High,13250.6,Medium,Low-Engagement / Dormant,8666.15277429
C100814,North,Paid Ads,0.96236086,High,438.87,Low,Low-Engagement / Dormant,422.3513106282
C100815,West,Paid Ads,0.14034075,Low,78823.74,High,Mid-Value Occasional Shoppers,11062.182789405
C100816,South,Organic Search,0.006383789,Low,500210.68,Very High,Mid-Value Occasional Shoppers,3193.23943666652
C100817,West,Organic Search,0.27809957,Low,72972.39,High,Low-Engagement / Dormant,20293.5902808723
C100818,North,Paid Ads,0.0076015373,Low,476039.11,Very High,Mid-Value Occasional Shoppers,3618.629050923803
C100819,East,Email Marketing,0.9115176,High,9519.18,Medium,Mid-Value Occasional Shoppers,8676.900107568
C100820,East,Email Marketing,0.94217837,High,2880.85,Low,Low-Engagement / Dormant,2714.2745572145
C100821,South,Organic Search,0.24178019,Low,133345.97,High,Low-Engagement / Dormant,32240.4139623343
C100822,Central,Social Media,0.004426318,Low,543683.89,Very High,Mid-Value Occasional Shoppers,2406.5177886170204
C100823,North,Direct,0.066601865,Low,166980.85,High,Mid-Value Occasional Shoppers,11121.23602928525
C100824,North,Organic Search,0.0010834783,Low,420583.84,Very High,High-Value Loyalists,455.693463970672
C100825,East,Organic Search,0.9373473,High,653.49,Low,Low-Engagement / Dormant,612.547087077
C100826,East,Organic Search,0.14094582,Low,132515.5,High,Mid-Value Occasional Shoppers,18677.50581021
C100827,South,Organic Search,0.7047798,High,15021.47,Medium,Mid-Value Occasional Shoppers,10586.828622306
C100829,North,Email Marketing,0.09120494,Low,71168.8,High,Low-Engagement / Dormant,6490.946133872
C100830,Central,Social Media,0.41783002,Medium,47580.24,High,Mid-Value Occasional Shoppers,19880.4526308048
C100831,East,Paid Ads,0.0035589933,Low,539640.71,Very High,High-Value Loyalists,1920.577671297243
C100832,South,Email Marketing,0.008969105,Low,244947.81,Very High,Mid-Value Occasional Shoppers,2196.96262741005
C100833,South,Organic Search,0.3685679,Medium,45701.29,High,Low-Engagement / Dormant,16844.028482591002
C100834,Central,Organic Search,0.940736,High,5330.99,Low,Low-Engagement / Dormant,5015.05420864
C100835,Central,Organic Search,0.4820184,Medium,13484.4,Medium,Mid-Value Occasional Shoppers,6499.72891296
C100837,East,Referral,0.0007644497,Low,590690.61,Very High,Mid-Value Occasional Shoppers,451.553259607317
C100838,North,Social Media,0.3620244,Medium,48020.68,High,Low-Engagement / Dormant,17384.657864592
C100840,Central,Organic Search,0.88559264,High,4187.73,Low,Low-Engagement / Dormant,3708.6228663072
C100841,Central,Paid Ads,0.7687526,High,10679.42,Medium,Mid-Value Occasional Shoppers,8209.831891492
C100842,North,Email Marketing,0.8187051,High,25525.15,Medium,Mid-Value Occasional Shoppers,20897.570483265
C100843,Central,Email Marketing,0.43154952,Medium,31539.89,Medium,Mid-Value Occasional Shoppers,13611.0243903528
C100844,West,Social Media,0.97518694,High,934.0,Low,Low-Engagement / Dormant,910.82460196
C100845,West,Organic Search,0.0009546635,Low,548923.0,Very High,High-Value Loyalists,524.0367524105
C100846,West,Direct,0.00086159405,Low,528460.65,Very High,High-Value Loyalists,455.31855169913257
C100847,East,Paid Ads,0.031326067,Low,225566.77,Very High,Mid-Value Occasional Shoppers,7066.11974999359
C100848,Central,Paid Ads,0.70992494,High,19877.56,Medium,High-Value Loyalists,14111.5755903464
C100849,North,Organic Search,0.00096396793,Low,413378.87,Very High,Mid-Value Occasional Shoppers,398.4839736196391
C100850,East,Organic Search,0.956718,High,1263.43,Low,Low-Engagement / Dormant,1208.74622274
C100851,South,Social Media,0.9641922,High,420.5,Low,Low-Engagement / Dormant,405.4428201
C100852,West,Social Media,0.82388973,High,6192.62,Low,Mid-Value Occasional Shoppers,5102.0360197926
C100853,North,Organic Search,0.94992596,High,1257.62,Low,Low-Engagement / Dormant,1194.6458858151998
C100854,South,Organic Search,0.0069413455,Low,213087.44,High,Mid-Value Occasional Shoppers,1479.11354275052
C100855,West,Social Media,0.8903554,High,3447.7,Low,Mid-Value Occasional Shoppers,3069.67831258
C100856,South,Paid Ads,0.045291625,Low,388551.94,Very High,Mid-Value Occasional Shoppers,17598.1487595025
C100857,South,Paid Ads,0.0007043556,Low,697957.01,Very High,High-Value Loyalists,491.609928552756
C100858,South,Organic Search,0.32282695,Medium,41585.74,Medium,Mid-Value Occasional Shoppers,13424.997607693
C100859,West,Email Marketing,0.97947115,High,549.28,Low,Low-Engagement / Dormant,538.003913272
C100860,South,Direct,0.0075837774,Low,416033.19,Very High,Mid-Value Occasional Shoppers,3155.103103971906
C100861,South,Paid Ads,0.8173736,High,11188.27,Medium,Mid-Value Occasional Shoppers,9144.996527672
C100862,East,Referral,0.757162,High,12384.06,Medium,Mid-Value Occasional Shoppers,9376.73963772
C100863,Central,Email Marketing,0.15883906,Low,126293.18,High,High-Value Loyalists,20060.2899956108
C100864,West,Organic Search,0.8909682,High,6017.74,Low,Mid-Value Occasional Shoppers,5361.614975867999
C100865,North,Email Marketing,0.99050015,High,358.19,Low,Low-Engagement / Dormant,354.7872487285
C100866,Central,Paid Ads,0.6114106,High,34985.42,Medium,Mid-Value Occasional Shoppers,21390.456633452
C100867,West,Social Media,0.8728524,High,4841.83,Low,Mid-Value Occasional Shoppers,4226.202935892
C100868,West,Social Media,0.7371019,High,7474.83,Low,Low-Engagement / Dormant,5509.711395177
C100869,East,Organic Search,0.5683059,Medium,64782.08,High,Mid-Value Occasional Shoppers,36816.038278272
C100870,North,Referral,0.9757912,High,572.27,Low,Low-Engagement / Dormant,558.416030024
C100871,West,Referral,0.8021386,High,18812.62,Medium,Mid-Value Occasional Shoppers,15090.328669132
C100872,East,Organic Search,0.5513891,Medium,27478.52,Medium,Mid-Value Occasional Shoppers,15151.356412132
C100873,South,Social Media,0.81876713,High,6646.42,Low,Mid-Value Occasional Shoppers,5441.8702281746
C100874,North,Direct,0.7693803,High,11437.81,Medium,Mid-Value Occasional Shoppers,8800.025689143
C100875,North,Email Marketing,0.73643845,High,31711.34,Medium,Mid-Value Occasional Shoppers,23353.450077023
C100876,East,Social Media,0.02861198,Low,236839.34,Very High,High-Value Loyalists,6776.442459293199
C100877,North,Organic Search,0.46080872,Medium,14740.9,Medium,Mid-Value Occasional Shoppers,6792.735260648
C100878,East,Paid Ads,0.00081850745,Low,655734.49,Very High,High-Value Loyalists,536.7235652869505
C100879,West,Organic Search,0.039533965,Low,152526.61,High,High-Value Loyalists,6029.981661308649
C100880,South,Email Marketing,0.3674416,Medium,48408.45,High,Mid-Value Occasional Shoppers,17787.27832152
C100881,North,Referral,0.9221319,High,4390.33,Low,Low-Engagement / Dormant,4048.463344527
C100882,North,Email Marketing,0.4240369,Medium,33201.87,Medium,Mid-Value Occasional Shoppers,14078.818029003
C100883,South,Organic Search,0.022037156,Low,224044.7,Very High,Mid-Value Occasional Shoppers,4937.3080048732
C100884,West,Direct,0.9490534,High,934.5,Low,Low-Engagement / Dormant,886.8904023
C100885,East,Direct,0.915859,High,699.29,Low,Low-Engagement / Dormant,640.45104011
C100886,Central,Social Media,0.0012792082,Low,715568.99,Very High,Mid-Value Occasional Shoppers,915.361719673718
C100887,Central,Email Marketing,0.8919205,High,4548.23,Low,Mid-Value Occasional Shoppers,4056.659575715
C100888,North,Paid Ads,0.9654705,High,7951.54,Low,Mid-Value Occasional Shoppers,7676.97729957
C100890,East,Organic Search,0.8772881,High,1509.59,Low,Low-Engagement / Dormant,1324.345342879
C100891,East,Organic Search,0.8611725,High,10775.71,Medium,Mid-Value Occasional Shoppers,9279.745119975
C100892,South,Organic Search,0.31427032,Medium,105617.2,High,Mid-Value Occasional Shoppers,33192.351241503995
C100893,South,Referral,0.0053037438,Low,300108.69,Very High,Mid-Value Occasional Shoppers,1591.699603913622
C100894,West,Paid Ads,0.8247303,High,3751.89,Low,Mid-Value Occasional Shoppers,3094.297365267
C100896,South,Organic Search,0.8354014,High,2064.53,Low,Low-Engagement / Dormant,1724.711252342
C100897,North,Social Media,0.6714199,High,8732.68,Low,Mid-Value Occasional Shoppers,5863.295132331999
C100898,East,Direct,0.69685805,High,16789.1,Medium,Mid-Value Occasional Shoppers,11699.619487255
C100899,West,Paid Ads,0.0005797985,Low,779046.04,Very High,High-Value Loyalists,451.68972542294006
C100900,East,Referral,0.9156151,High,7150.6,Low,Mid-Value Occasional Shoppers,6547.197334060001
C100901,North,Direct,0.3975295,Medium,68390.56,High,Mid-Value Occasional Shoppers,27187.26512152
C100902,South,Referral,0.0038876792,Low,336401.02,Very High,High-Value Loyalists,1307.819248312784
C100903,West,Referral,0.17904316,Low,126397.88,High,Mid-Value Occasional Shoppers,22630.6758525008
C100904,West,Social Media,0.30728987,Medium,32172.27,Medium,Mid-Value Occasional Shoppers,9886.2126659049
C100905,North,Direct,0.82960755,High,3988.29,Low,Mid-Value Occasional Shoppers,3308.7154955895
C100906,East,Paid Ads,0.9074308,High,2968.65,Low,Low-Engagement / Dormant,2693.84444442
C100907,South,Referral,0.8401328,High,3783.25,Low,Mid-Value Occasional Shoppers,3178.4324156
C100908,East,Paid Ads,0.00060076365,Low,732386.03,Very High,High-Value Loyalists,439.9909045918096
C100909,North,Organic Search,0.97642636,High,297.64,Low,Low-Engagement / Dormant,290.6235417904
C100910,East,Referral,0.7562314,High,15127.19,Medium,Mid-Value Occasional Shoppers,11439.656071766
C100911,Central,Email Marketing,0.8805207,High,1054.36,Low,Low-Engagement / Dormant,928.385805252
C100912,South,Email Marketing,0.7516434,High,18904.48,Medium,Mid-Value Occasional Shoppers,14209.427622431998
C100913,South,Direct,0.5585952,Medium,74446.98,High,Mid-Value Occasional Shoppers,41585.72568249599
C100914,North,Referral,0.072963335,Low,148319.2,High,High-Value Loyalists,10821.863476532002
C100915,North,Social Media,0.0038911467,Low,745873.58,Very High,High-Value Loyalists,2902.303519434186
C100916,Central,Direct,0.13274783,Low,182037.16,High,Mid-Value Occasional Shoppers,24165.0379693628
C100917,Central,Organic Search,0.46710697,Medium,38490.72,Medium,Mid-Value Occasional Shoppers,17979.2835923184
C100919,Central,Paid Ads,0.028306179,Low,324662.83,Very High,Mid-Value Occasional Shoppers,9189.96418062657
C100920,North,Social Media,0.77484083,High,796.54,Low,Low-Engagement / Dormant,617.1917147282
C100921,East,Social Media,0.9918686,High,294.29,Low,Low-Engagement / Dormant,291.89701029400004
C100922,West,Email Marketing,0.02384626,Low,476125.2,Very High,High-Value Loyalists,11353.805311752
C100923,South,Organic Search,0.007729959,Low,331043.63,Very High,Mid-Value Occasional Shoppers,2558.95368711117
C100924,East,Email Marketing,0.94953233,High,773.65,Low,Low-Engagement / Dormant,734.6056871045
C100925,East,Social Media,0.15496947,Low,163009.21,High,Mid-Value Occasional Shoppers,25261.450878818698
C100926,North,Direct,0.12430031,Low,227708.6,Very High,Mid-Value Occasional Shoppers,28304.249569666
C100927,Central,Paid Ads,0.111059904,Low,131074.96,High,Mid-Value Occasional Shoppers,14557.172474403838
C100928,North,Social Media,0.25218302,Low,63712.31,High,Mid-Value Occasional Shoppers,16067.1627469762
C100929,North,Referral,0.72977114,High,11621.34,Medium,Mid-Value Occasional Shoppers,8480.918540127599
C100930,Central,Social Media,0.69512045,High,33440.43,Medium,Mid-Value Occasional Shoppers,23245.1267497935
C100931,South,Organic Search,0.0053327214,Low,262598.44,Very High,Mid-Value Occasional Shoppers,1400.364320594616
C100932,South,Organic Search,0.8581494,High,10682.45,Medium,Mid-Value Occasional Shoppers,9167.13805803
C100933,South,Organic Search,0.14144415,Low,187028.02,High,Mid-Value Occasional Shoppers,26454.019315083
C100934,North,Paid Ads,0.61011565,High,15168.18,Medium,Mid-Value Occasional Shoppers,9254.344000017
C100935,South,Social Media,0.41327792,Medium,40459.78,Medium,Mid-Value Occasional Shoppers,16721.1337220576
C100936,South,Social Media,0.019928547,Low,210384.42,High,Mid-Value Occasional Shoppers,4192.655802037741
C100937,East,Referral,0.42287028,Medium,41657.46,Medium,Mid-Value Occasional Shoppers,17615.7017742888
C100938,South,Organic Search,0.9465395,High,1898.78,Low,Low-Engagement / Dormant,1797.27027181
C100939,Central,Organic Search,0.49869236,Medium,25067.19,Medium,Mid-Value Occasional Shoppers,12500.8161396684
C100940,Central,Referral,0.071492076,Low,66775.88,High,Low-Engagement / Dormant,4773.94628792688
C100941,South,Referral,0.8742445,High,11843.02,Medium,Mid-Value Occasional Shoppers,10353.69509839
C100942,Central,Referral,0.7233325,High,8894.32,Low,Low-Engagement / Dormant,6433.5507214
C100943,Central,Referral,0.18480723,Low,82833.87,High,Mid-Value Occasional Shoppers,15308.2980648801
C100944,Central,Direct,0.7285771,High,17210.35,Medium,Mid-Value Occasional Shoppers,12539.066892984998
C100946,North,Social Media,0.0005612011,Low,801966.23,Very High,High-Value Loyalists,450.064330438853
C100947,North,Paid Ads,0.04466776,Low,189184.68,High,Mid-Value Occasional Shoppers,8450.4558819168
C100948,Central,Organic Search,0.10266462,Low,134394.78,High,Mid-Value Occasional Shoppers,13797.5890186836
C100949,East,Social Media,0.00026177394,Low,703208.13,Very High,High-Value Loyalists,184.0815628301322
C100950,Central,Paid Ads,0.2833596,Low,128060.63,High,Mid-Value Occasional Shoppers,36287.208892548
C100951,West,Organic Search,0.96907604,High,2214.65,Low,Low-Engagement / Dormant,2146.164251986
C100952,North,Organic Search,0.020602329,Low,286425.42,Very High,High-Value Loyalists,5901.030736803179
C100953,South,Direct,0.011373403,Low,315983.89,Very High,Mid-Value Occasional Shoppers,3593.8121224776705
C100954,Central,Organic Search,0.035959072,Low,207974.05,High,High-Value Loyalists,7478.5538380816
C100955,North,Referral,0.00095790974,Low,586778.04,Very High,High-Value Loyalists,562.0803997341096
C100956,West,Email Marketing,0.504687,Medium,27223.69,Medium,Mid-Value Occasional Shoppers,13739.44243503
C100957,Central,Referral,0.2418423,Low,55421.18,High,Mid-Value Occasional Shoppers,13403.185639914002
C100958,North,Organic Search,0.12481208,Low,110488.72,High,Low-Engagement / Dormant,13790.3269597376
C100959,South,Email Marketing,0.6720636,High,20907.16,Medium,High-Value Loyalists,14050.941215376
C100960,East,Social Media,0.17761844,Low,141645.75,High,Mid-Value Occasional Shoppers,25158.89714763
C100961,West,Organic Search,0.16076207,Low,137516.42,High,Mid-Value Occasional Shoppers,22107.424338189405
C100962,East,Social Media,0.0413642,Low,188535.07,High,Mid-Value Occasional Shoppers,7798.602342493999
C100963,North,Organic Search,0.7069863,High,18382.73,Medium,Mid-Value Occasional Shoppers,12996.338266599
C100964,North,Referral,0.04998775,Low,308475.47,Very High,Mid-Value Occasional Shoppers,15419.9946754925
C100965,South,Email Marketing,0.8216477,High,18847.49,Medium,Mid-Value Occasional Shoppers,15485.996809273
C100966,South,Social Media,0.7721515,High,1263.07,Low,Low-Engagement / Dormant,975.281395105
C100967,North,Direct,0.8896836,High,4168.63,Low,Low-Engagement / Dormant,3708.761745468
C100968,West,Paid Ads,0.5258184,Medium,32074.64,Medium,Mid-Value Occasional Shoppers,16865.435885376
C100970,West,Referral,0.8797763,High,2450.69,Low,Low-Engagement / Dormant,2156.058980647
C100971,Central,Organic Search,0.003296097,Low,588058.83,Very High,Mid-Value Occasional Shoppers,1938.2989453865096
C100972,East,Email Marketing,0.2995851,Low,68809.84,High,Mid-Value Occasional Shoppers,20614.402797384
C100973,East,Email Marketing,0.88610137,High,3820.82,Low,Mid-Value Occasional Shoppers,3385.6338365234
C100974,North,Paid Ads,0.39422166,Medium,37306.2,Medium,Low-Engagement / Dormant,14706.912092291996
C100975,East,Referral,0.10538807,Low,408964.35,Very High,Mid-Value Occasional Shoppers,43099.9635453045
C100977,North,Organic Search,0.079167664,Low,369136.16,Very High,Mid-Value Occasional Shoppers,29223.64748513024
C100978,East,Organic Search,0.9436808,High,658.45,Low,Low-Engagement / Dormant,621.36662276
C100979,North,Paid Ads,0.96305746,High,360.46,Low,Low-Engagement / Dormant,347.1436920316
C100980,South,Organic Search,0.9425723,High,2711.88,Low,Low-Engagement / Dormant,2556.1429689240003
C100981,East,Organic Search,0.90677655,High,1452.41,Low,Low-Engagement / Dormant,1317.0113289855
C100982,South,Direct,0.17875327,Low,189620.71,High,Mid-Value Occasional Shoppers,33895.321972221696
C100983,North,Paid Ads,0.21725872,Low,98175.92,High,Mid-Value Occasional Shoppers,21329.5747140224
C100984,North,Email Marketing,0.83969563,High,4964.2,Low,Mid-Value Occasional Shoppers,4168.417046446
C100985,South,Organic Search,0.12404505,Low,134716.09,High,Mid-Value Occasional Shoppers,16710.8641198545
C100986,East,Organic Search,0.82611376,High,12213.2,Medium,Mid-Value Occasional Shoppers,10089.492573632
C100987,East,Referral,0.42581046,Medium,78216.52,High,Mid-Value Occasional Shoppers,33305.4123607992
C100988,North,Paid Ads,0.07940518,Low,174946.6,High,Mid-Value Occasional Shoppers,13891.666263388002
C100989,East,Paid Ads,0.003584803,Low,414174.69,Very High,Mid-Value Occasional Shoppers,1484.73467123607
C100990,Central,Direct,0.8746182,High,2391.26,Low,Low-Engagement / Dormant,2091.439516932
C100991,East,Paid Ads,0.18427496,Low,153366.78,High,Mid-Value Occasional Shoppers,28261.6572498288
C100992,East,Paid Ads,0.0014904034,Low,741638.81,Very High,Mid-Value Occasional Shoppers,1105.3410039959542
C100993,East,Social Media,0.0114370845,Low,284192.24,Very High,Mid-Value Occasional Shoppers,3250.33066312428
C100994,Central,Organic Search,0.0073969825,Low,480710.77,Very High,Mid-Value Occasional Shoppers,3555.809153251525
C100995,Central,Referral,0.013755796,Low,245093.57,Very High,Mid-Value Occasional Shoppers,3371.4571498317205
C100996,North,Paid Ads,0.21032168,Low,64917.95,High,Low-Engagement / Dormant,13653.652306156
C100997,North,Organic Search,0.3410579,Medium,70408.36,High,Mid-Value Occasional Shoppers,24013.327404044
C100998,North,Paid Ads,0.7389941,High,26019.86,Medium,Mid-Value Occasional Shoppers,19228.523022826
C100999,West,Paid Ads,0.9823552,High,406.69,Low,Low-Engagement / Dormant,399.514036288
C101000,North,Social Media,0.5670449,Medium,15086.62,Medium,Mid-Value Occasional Shoppers,8554.790929237999
C101001,Central,Direct,0.10614312,Low,176435.67,High,Mid-Value Occasional Shoppers,18727.4324930904
C101002,North,Referral,0.58727425,Medium,28650.85,Medium,Mid-Value Occasional Shoppers,16825.906445612498
C101003,East,Paid Ads,0.028603433,Low,231386.54,Very High,Mid-Value Occasional Shoppers,6618.44939399182
C101004,South,Direct,0.71840155,High,22665.89,Medium,Low-Engagement / Dormant,16283.2105081295
C101005,East,Referral,0.013755874,Low,327690.42,Very High,Mid-Value Occasional Shoppers,4507.66812852708
C101006,South,Organic Search,0.8736546,High,9721.72,Medium,Mid-Value Occasional Shoppers,8493.425397911999
C101007,West,Organic Search,0.94468415,High,1888.2,Low,Mid-Value Occasional Shoppers,1783.75261203
C101008,East,Organic Search,0.9830882,High,834.64,Low,Low-Engagement / Dormant,820.524735248
C101009,South,Organic Search,0.9363056,High,1995.14,Low,Low-Engagement / Dormant,1868.060754784
C101010,West,Paid Ads,0.00037937428,Low,653011.74,Very High,High-Value Loyalists,247.7358586940472
C101011,Central,Paid Ads,0.04582492,Low,218268.3,High,Mid-Value Occasional Shoppers,10002.127386036
C101012,West,Direct,0.002623726,Low,530728.63,Very High,High-Value Loyalists,1392.48650547538
C101013,West,Paid Ads,0.0036896928,Low,739327.95,Very High,High-Value Loyalists,2727.89301395376
C101014,East,Organic Search,0.0011580526,Low,583764.48,Very High,High-Value Loyalists,676.0299738516479
C101017,Central,Organic Search,0.5773307,Medium,15804.23,Medium,Mid-Value Occasional Shoppers,9124.267168861
C101018,West,Organic Search,0.015247261,Low,305652.95,Very High,Mid-Value Occasional Shoppers,4660.37030406995
C101019,North,Social Media,0.5395169,Medium,25639.58,Medium,Mid-Value Occasional Shoppers,13832.986718902
C101020,North,Paid Ads,0.14296487,Low,127850.44,High,Low-Engagement / Dormant,18278.1215340428
C101021,West,Social Media,0.31661415,Medium,68062.68,High,Mid-Value Occasional Shoppers,21549.607574922
C101022,West,Email Marketing,0.0008956122,Low,925773.7,Very High,High-Value Loyalists,829.13422015914
C101023,East,Referral,0.6083973,High,25102.55,Medium,Mid-Value Occasional Shoppers,15272.323643115
C101024,Central,Email Marketing,0.3393051,Medium,28385.14,Medium,Mid-Value Occasional Shoppers,9631.222766214
C101025,East,Referral,0.59610003,Medium,17891.17,Medium,Mid-Value Occasional Shoppers,10664.9269737351
C101026,South,Social Media,0.9688274,High,460.12,Low,Low-Engagement / Dormant,445.776863288
C101027,East,Organic Search,0.06286923,Low,90568.77,High,Mid-Value Occasional Shoppers,5693.9888319471
C101028,North,Paid Ads,0.10220913,Low,215603.79,High,Mid-Value Occasional Shoppers,22036.6758006027
C101029,East,Paid Ads,0.6751116,High,27183.44,Medium,Mid-Value Occasional Shoppers,18351.855671904
C101030,Central,Social Media,0.17418255,Low,100390.31,High,Mid-Value Occasional Shoppers,17486.2401910905
C101031,North,Paid Ads,0.63539755,High,37340.42,Medium,Mid-Value Occasional Shoppers,23726.011383971
C101032,West,Social Media,0.9928247,High,381.97,Low,Low-Engagement / Dormant,379.229250659
C101033,West,Paid Ads,0.74122804,High,23111.64,Medium,Mid-Value Occasional Shoppers,17130.995618385597
C101034,North,Social Media,0.032882463,Low,144129.71,High,Mid-Value Occasional Shoppers,4739.33985627573
C101035,West,Paid Ads,0.21352936,Low,140124.09,High,Mid-Value Occasional Shoppers,29920.6072582824
C101036,West,Email Marketing,0.00055890303,Low,926524.69,Very High,High-Value Loyalists,517.8374566108107
C101037,East,Paid Ads,0.5287685,Medium,30176.33,Medium,Mid-Value Occasional Shoppers,15956.292749605
C101038,South,Referral,0.9624767,High,474.37,Low,Low-Engagement / Dormant,456.570072179
C101039,South,Social Media,0.97428215,High,315.75,Low,Low-Engagement / Dormant,307.6295888625
C101040,East,Paid Ads,0.9437015,High,8722.75,Low,Mid-Value Occasional Shoppers,8231.672259125
C101041,South,Email Marketing,0.0032482182,Low,629145.85,Very High,Mid-Value Occasional Shoppers,2043.6030004244697
C101042,South,Direct,0.6138597,High,34536.71,Medium,Mid-Value Occasional Shoppers,21200.694439587
C101043,Central,Referral,0.7828848,High,16481.33,Medium,Mid-Value Occasional Shoppers,12902.982740784002
C101044,West,Direct,0.40982053,Medium,31292.03,Medium,Mid-Value Occasional Shoppers,12824.1163193759
C101045,West,Paid Ads,0.00088610116,Low,643730.9,Very High,High-Value Loyalists,570.410697217844
C101046,Central,Email Marketing,0.1592447,Low,108256.07,High,Mid-Value Occasional Shoppers,17239.205390329
C101047,North,Email Marketing,0.9533195,High,2491.46,Low,Mid-Value Occasional Shoppers,2375.15740147
C101048,South,Referral,0.5984445,Medium,26493.11,Medium,Mid-Value Occasional Shoppers,15854.655967395
C101049,East,Email Marketing,0.0054138484,Low,237179.41,Very High,Mid-Value Occasional Shoppers,1284.053369341444
C101050,South,Referral,0.7498362,High,18160.14,Medium,Mid-Value Occasional Shoppers,13617.130369067998
C101051,North,Social Media,0.9071611,High,3282.57,Low,Mid-Value Occasional Shoppers,2977.8198120270004
C101052,West,Social Media,0.0020101767,Low,849881.83,Very High,High-Value Loyalists,1708.412652419361
C101054,East,Social Media,0.5278838,Medium,10737.43,Medium,Low-Engagement / Dormant,5668.115350634001
C101055,East,Paid Ads,0.7889307,High,16767.16,Medium,Mid-Value Occasional Shoppers,13228.127275812
C101056,East,Referral,0.8997599,High,4253.47,Low,Low-Engagement / Dormant,3827.101741853
C101057,South,Social Media,0.33081084,Medium,37203.39,Medium,Mid-Value Occasional Shoppers,12307.2846967476
C101058,North,Paid Ads,0.00028267503,Low,588078.53,Very High,High-Value Loyalists,166.2351161101059
C101059,Central,Organic Search,0.75038767,High,11534.49,Medium,Mid-Value Occasional Shoppers,8655.339075738299
C101060,Central,Organic Search,0.000803172,Low,599428.55,Very High,High-Value Loyalists,481.44422736060005
C101061,East,Social Media,0.3783491,Medium,35772.41,Medium,Mid-Value Occasional Shoppers,13534.459128331002
C101062,North,Paid Ads,0.0006841906,Low,553030.19,Very High,High-Value Loyalists,378.37805751421394
C101063,East,Organic Search,0.18963806,Low,121616.72,High,High-Value Loyalists,23063.1588443632
C101064,South,Paid Ads,0.0036065422,Low,578864.25,Very High,Mid-Value Occasional Shoppers,2087.69834569635
C101065,North,Paid Ads,0.97731006,High,296.19,Low,Low-Engagement / Dormant,289.4694666714
C101067,North,Paid Ads,0.97207314,High,1257.39,Low,Low-Engagement / Dormant,1222.2750455046
C101068,South,Referral,0.30679497,Medium,138839.91,High,Mid-Value Occasional Shoppers,42595.3860232527
C101069,South,Referral,0.9618325,High,2261.25,Low,Low-Engagement / Dormant,2174.943740625
C101070,West,Direct,0.0010243625,Low,528996.29,Very High,High-Value Loyalists,541.883962115125
C101071,East,Organic Search,0.0014195383,Low,539225.16,Very High,High-Value Loyalists,765.4507669436281
C101072,South,Paid Ads,0.8436671,High,4650.99,Low,Mid-Value Occasional Shoppers,3923.887245429
C101073,North,Organic Search,0.08252899,Low,213121.5,High,Mid-Value Occasional Shoppers,17588.702142284998
C101074,Central,Social Media,0.0017779149,Low,674723.85,Very High,High-Value Loyalists,1199.601586300365
C101075,North,Organic Search,0.0008029906,Low,700333.8,Very High,High-Value Loyalists,562.36145826228
C101076,North,Organic Search,0.08858681,Low,154214.59,High,High-Value Loyalists,13661.3785835579
C101077,East,Social Media,0.9660574,High,443.37,Low,Low-Engagement / Dormant,428.320869438
C101078,West,Paid Ads,0.007852519,Low,287682.9,Very High,High-Value Loyalists,2259.0354382251003
C101080,South,Social Media,0.0019836342,Low,685770.0,Very High,High-Value Loyalists,1360.3168253339998
C101081,South,Email Marketing,0.7068558,High,30056.22,Medium,Mid-Value Occasional Shoppers,21245.413433076003
C101082,South,Paid Ads,0.0014942624,Low,479916.5,Very High,Mid-Value Occasional Shoppers,717.1211810896
C101083,East,Organic Search,0.38880652,Medium,32748.2,Medium,Mid-Value Occasional Shoppers,12732.713678264
C101084,South,Social Media,0.040153522,Low,163458.49,High,Mid-Value Occasional Shoppers,6563.434074301779
C101085,South,Organic Search,0.98461413,High,381.95,Low,Low-Engagement / Dormant,376.0733669535
C101086,North,Organic Search,0.0006665473,Low,804301.2,Very High,High-Value Loyalists,536.10479324676
C101087,Central,Paid Ads,0.0020846296,Low,719158.52,Very High,High-Value Loyalists,1499.179137884192
C101088,North,Organic Search,0.67055804,High,22847.91,Medium,Mid-Value Occasional Shoppers,15320.849747696398
C101089,South,Organic Search,0.880545,High,4643.02,Low,Mid-Value Occasional Shoppers,4088.3880459000006
C101090,Central,Social Media,0.8893477,High,4490.75,Low,Mid-Value Occasional Shoppers,3993.838183775
C101091,West,Email Marketing,0.0017537968,Low,815909.09,Very High,Mid-Value Occasional Shoppers,1430.938751132912
C101092,East,Organic Search,0.8261326,High,8238.8,Low,Mid-Value Occasional Shoppers,6806.34126488
C101093,West,Social Media,0.18461931,Low,144737.17,High,Mid-Value Occasional Shoppers,26721.276456752705
C101094,North,Direct,0.02980007,Low,227372.61,Very High,Mid-Value Occasional Shoppers,6775.7196940827
C101095,West,Organic Search,0.35000208,Medium,68660.17,High,Low-Engagement / Dormant,24031.2023131536
C101096,South,Referral,0.80090183,High,4507.32,Low,Mid-Value Occasional Shoppers,3609.9208363956
C101098,North,Direct,0.6960743,High,20057.63,Medium,Mid-Value Occasional Shoppers,13961.600761909
C101100,East,Paid Ads,0.0011489256,Low,640983.61,Very High,High-Value Loyalists,736.442478709416
C101101,North,Direct,0.13086137,Low,85210.8,High,Low-Engagement / Dormant,11150.802026796
C101102,South,Social Media,0.32408455,Medium,56514.71,High,Mid-Value Occasional Shoppers,18315.5443587305
C101103,West,Organic Search,0.9629109,High,2157.76,Low,Low-Engagement / Dormant,2077.730623584
C101104,North,Referral,0.26178616,Low,49851.93,High,Mid-Value Occasional Shoppers,13050.5453232888
C101105,Central,Email Marketing,0.6223121,High,32487.98,Medium,Mid-Value Occasional Shoppers,20217.663058558
C101106,South,Paid Ads,0.14670336,Low,85170.49,High,Low-Engagement / Dormant,12494.7970558464
C101107,East,Organic Search,0.019128269,Low,351360.65,Very High,High-Value Loyalists,6720.92102921485
C101108,East,Organic Search,0.0010069185,Low,589633.13,Very High,High-Value Loyalists,593.712506809905
C101109,East,Direct,0.8682854,High,4432.77,Low,Mid-Value Occasional Shoppers,3848.909472558
C101110,East,Organic Search,0.94218814,High,4039.67,Low,Mid-Value Occasional Shoppers,3806.1291635138
C101111,West,Paid Ads,0.03031273,Low,222217.88,Very High,High-Value Loyalists,6736.0305976124
C101112,East,Organic Search,0.16058107,Low,124993.51,High,Mid-Value Occasional Shoppers,20071.5915788557
C101113,East,Organic Search,0.2125023,Low,118331.73,High,Mid-Value Occasional Shoppers,25145.764787979
C101114,East,Social Media,0.8120735,High,4489.2,Low,Mid-Value Occasional Shoppers,3645.5603562
C101115,South,Paid Ads,0.05050779,Low,176250.2,High,Mid-Value Occasional Shoppers,8902.008089058
C101116,North,Organic Search,0.0019987528,Low,686989.66,Very High,High-Value Loyalists,1373.122506496048
C101117,North,Organic Search,0.053146932,Low,108133.07,High,Mid-Value Occasional Shoppers,5746.94091824124
C101118,East,Organic Search,0.77334046,High,16847.95,Medium,Mid-Value Occasional Shoppers,13029.201403057
C101119,Central,Organic Search,0.37138012,Medium,57640.08,High,Mid-Value Occasional Shoppers,21406.3798272096
C101120,North,Organic Search,0.9421389,High,1046.65,Low,Low-Engagement / Dormant,986.089679685
C101121,East,Referral,0.0018284782,Low,586303.8,Very High,High-Value Loyalists,1072.04371687716
C101122,South,Organic Search,0.0017835983,Low,478160.23,Very High,High-Value Loyalists,852.845773355609
C101123,East,Paid Ads,0.17780635,Low,122041.42,High,Mid-Value Occasional Shoppers,21699.739439017
C101124,West,Social Media,0.8866188,High,6563.38,Low,Mid-Value Occasional Shoppers,5819.216099544
C101125,West,Referral,0.002435114,Low,599867.06,Very High,Mid-Value Occasional Shoppers,1460.74467594484
C101126,West,Social Media,0.06214703,Low,312555.85,Very High,Mid-Value Occasional Shoppers,19424.417786625498
C101127,West,Direct,0.012297507,Low,415502.25,Very High,Mid-Value Occasional Shoppers,5109.6418278907495
C101128,North,Organic Search,0.9570135,High,3739.55,Low,Low-Engagement / Dormant,3578.799833925
C101129,East,Organic Search,0.06255091,Low,126064.22,High,Mid-Value Occasional Shoppers,7885.4316794402
C101130,South,Organic Search,0.0052177813,Low,567050.62,Very High,Mid-Value Occasional Shoppers,2958.746121189406
C101131,Central,Organic Search,0.9419945,High,764.27,Low,Low-Engagement / Dormant,719.938136515
C101132,West,Direct,0.014919337,Low,320621.83,Very High,Mid-Value Occasional Shoppers,4783.46513132671
C101133,North,Social Media,0.15108384,Low,140057.6,High,Mid-Value Occasional Shoppers,21160.440029184
C101134,South,Referral,0.59484255,Medium,21702.42,Medium,Mid-Value Occasional Shoppers,12909.522853971
C101135,South,Direct,0.9880328,High,311.85,Low,Low-Engagement / Dormant,308.11802868
C101136,Central,Email Marketing,0.781147,High,12393.56,Medium,Mid-Value Occasional Shoppers,9681.19221332
C101137,North,Paid Ads,0.73727673,High,15544.15,Medium,Mid-Value Occasional Shoppers,11460.3400826295
C101138,East,Email Marketing,0.022531364,Low,444003.39,Very High,High-Value Loyalists,10004.00199732396
C101139,South,Paid Ads,0.8571688,High,29081.63,Medium,Mid-Value Occasional Shoppers,24927.865889144
C101140,East,Organic Search,0.00061880215,Low,747257.28,Very High,High-Value Loyalists,462.404411467152
C101141,East,Social Media,0.98552334,High,304.04,Low,Low-Engagement / Dormant,299.6385162936
C101142,South,Email Marketing,0.39950034,Medium,24129.3,Medium,Mid-Value Occasional Shoppers,9639.663553962
C101143,West,Referral,0.104880266,Low,162551.72,High,Low-Engagement / Dormant,17048.46763235752
C101144,North,Paid Ads,0.92624456,High,3270.96,Low,Mid-Value Occasional Shoppers,3029.7089059776
C101145,West,Email Marketing,0.95423746,High,2471.0,Low,Low-Engagement / Dormant,2357.92076366
C101146,North,Paid Ads,0.0075009335,Low,181046.8,High,Mid-Value Occasional Shoppers,1358.0200071878
C101147,East,Referral,0.4959704,Medium,36077.25,Medium,Mid-Value Occasional Shoppers,17893.2481134
C101148,South,Paid Ads,0.0106591005,Low,302590.69,Very High,Mid-Value Occasional Shoppers,3225.344575074345
C101149,East,Organic Search,0.66880304,High,5361.87,Low,Low-Engagement / Dormant,3586.0349560848
C101150,South,Paid Ads,0.09669773,Low,177505.3,High,Mid-Value Occasional Shoppers,17164.359572969
C101151,East,Email Marketing,0.21149549,Low,91130.38,High,Mid-Value Occasional Shoppers,19273.6643719862
C101152,North,Direct,0.006268569,Low,379781.28,Very High,Mid-Value Occasional Shoppers,2380.68515858832
C101153,South,Organic Search,0.14634015,Low,61908.92,High,Mid-Value Occasional Shoppers,9059.760639138
C101154,West,Organic Search,0.0020440337,Low,455189.53,Very High,Mid-Value Occasional Shoppers,930.422739207161
C101155,East,Organic Search,0.96711093,High,343.72,Low,Low-Engagement / Dormant,332.41536885960005
C101156,East,Referral,0.07049694,Low,133129.68,High,Mid-Value Occasional Shoppers,9385.235063179198
C101157,East,Social Media,0.74684846,High,7944.43,Low,Mid-Value Occasional Shoppers,5933.2853110778005
C101158,South,Social Media,0.4383942,Medium,30022.2,Medium,Mid-Value Occasional Shoppers,13161.55835124
C101159,Central,Organic Search,0.30483705,Medium,54266.53,High,Mid-Value Occasional Shoppers,16542.4489189365
C101160,South,Organic Search,0.90145487,High,3908.9,Low,Mid-Value Occasional Shoppers,3523.696941343
C101161,Central,Email Marketing,0.9832124,High,512.32,Low,Low-Engagement / Dormant,503.719376768
C101162,Central,Social Media,0.031884715,Low,161431.64,High,Mid-Value Occasional Shoppers,5147.201833382601
C101163,South,Organic Search,0.47389904,Medium,50971.09,High,Mid-Value Occasional Shoppers,24155.1506187536
C101164,South,Organic Search,0.0006672013,Low,520831.33,Very High,High-Value Loyalists,347.499340456729
C101165,West,Organic Search,0.13280603,Low,99226.9,High,Mid-Value Occasional Shoppers,13177.930658206998
C101166,West,Organic Search,0.41203737,Medium,54695.24,High,Mid-Value Occasional Shoppers,22536.4828411188
C101167,North,Organic Search,0.27411845,Low,50997.7,High,Mid-Value Occasional Shoppers,13979.410477565
C101168,South,Referral,0.0026343677,Low,709090.34,Very High,Mid-Value Occasional Shoppers,1868.004688078018
C101169,North,Organic Search,0.7976601,High,21584.27,Medium,Mid-Value Occasional Shoppers,17216.910966627
C101170,West,Paid Ads,0.61963797,High,7750.66,Low,Low-Engagement / Dormant,4802.6032285602
C101171,West,Social Media,0.07466804,Low,199639.76,High,Mid-Value Occasional Shoppers,14906.709585270402
C101172,North,Paid Ads,0.10662774,Low,172063.65,High,Mid-Value Occasional Shoppers,18346.758135651
C101173,East,Paid Ads,0.9793147,High,307.53,Low,Low-Engagement / Dormant,301.168649691
C101174,West,Email Marketing,0.5562993,Medium,8977.51,Low,Mid-Value Occasional Shoppers,4994.182528743
C101175,Central,Organic Search,0.8189617,High,10132.71,Medium,Mid-Value Occasional Shoppers,8298.301407207
C101176,North,Referral,0.83100474,High,17226.8,Medium,Mid-Value Occasional Shoppers,14315.552455032
C101177,South,Organic Search,0.0019210194,Low,549143.92,Very High,High-Value Loyalists,1054.916123712048
C101178,South,Organic Search,0.4508552,Medium,23519.35,Medium,Mid-Value Occasional Shoppers,10603.82124812
C101179,East,Organic Search,0.26387438,Low,75304.24,High,Low-Engagement / Dormant,19870.859641371204
C101180,North,Referral,0.9650727,High,1183.93,Low,Low-Engagement / Dormant,1142.578521711
C101181,North,Paid Ads,0.33328098,Medium,79311.35,High,Low-Engagement / Dormant,26432.964453123
C101182,West,Referral,0.000636675,Low,728712.73,Very High,High-Value Loyalists,463.95317737275
C101183,East,Organic Search,0.004176628,Low,540700.06,Very High,Mid-Value Occasional Shoppers,2258.30301019768
C101184,North,Social Media,0.9350789,High,1808.5,Low,Low-Engagement / Dormant,1691.09019065
C101185,South,Organic Search,0.758263,High,6042.13,Low,Mid-Value Occasional Shoppers,4581.523620190001
C101186,North,Organic Search,0.9354222,High,758.15,Low,Low-Engagement / Dormant,709.1903409299999
C101187,South,Social Media,0.15274201,Low,132834.83,High,Mid-Value Occasional Shoppers,20289.4589322083
C101188,South,Organic Search,0.37005246,Medium,29877.77,Medium,Mid-Value Occasional Shoppers,11056.3422878142
C101189,North,Paid Ads,0.5653269,Medium,10164.91,Medium,Mid-Value Occasional Shoppers,5746.497059079
C101190,North,Social Media,0.96239245,High,383.4,Low,Low-Engagement / Dormant,368.98126533
C101191,Central,Referral,0.004727851,Low,324228.67,Very High,Mid-Value Occasional Shoppers,1532.90484168817
C101192,Central,Referral,0.5860039,Medium,49529.72,High,Mid-Value Occasional Shoppers,29024.609085908003
C101193,North,Organic Search,0.0399586,Low,166114.13,High,Mid-Value Occasional Shoppers,6637.688075018
C101194,East,Organic Search,0.9826172,High,341.91,Low,Low-Engagement / Dormant,335.966646852
C101195,North,Paid Ads,0.0006738064,Low,818669.94,Very High,High-Value Loyalists,551.625045059616
C101196,West,Organic Search,0.0057113688,Low,349489.89,Very High,High-Value Loyalists,1996.065653661432
C101197,Central,Paid Ads,0.9752501,High,324.44,Low,Low-Engagement / Dormant,316.410142444
C101198,East,Paid Ads,0.9529714,High,423.46,Low,Low-Engagement / Dormant,403.545269044
C101199,East,Paid Ads,0.19550557,Low,83944.0,High,Low-Engagement / Dormant,16411.51956808
C101200,South,Social Media,0.5962694,Medium,19512.56,Medium,Mid-Value Occasional Shoppers,11634.742443664
C101201,South,Organic Search,0.0016027931,Low,314883.04,Very High,Mid-Value Occasional Shoppers,504.692363819024
C101202,East,Paid Ads,0.0061307745,Low,274478.98,Very High,Mid-Value Occasional Shoppers,1682.7687313700098
C101203,North,Organic Search,0.035015214,Low,320817.45,Very High,Mid-Value Occasional Shoppers,11233.491666684302
C101204,West,Organic Search,0.0011977946,Low,552349.23,Very High,High-Value Loyalists,661.600925008158
C101205,East,Referral,0.30852684,Medium,47827.07,High,Mid-Value Occasional Shoppers,14755.934773558802
C101206,North,Organic Search,0.20330262,Low,67565.93,High,Mid-Value Occasional Shoppers,13736.330591736598
C101207,East,Organic Search,0.3686168,Medium,40745.78,Medium,Mid-Value Occasional Shoppers,15019.579037104
C101209,East,Paid Ads,0.001531186,Low,705960.61,Very High,High-Value Loyalists,1080.9570025834598
C101210,East,Organic Search,0.004647423,Low,389910.6,Very High,High-Value Loyalists,1812.0794903838
C101211,West,Referral,0.6863071,High,15058.82,Medium,Mid-Value Occasional Shoppers,10334.975083622
C101212,North,Social Media,0.04023914,Low,259367.15,Very High,Mid-Value Occasional Shoppers,10436.711060251
C101213,East,Direct,0.75534034,High,23227.98,Medium,Mid-Value Occasional Shoppers,17545.030310713202
C101214,South,Email Marketing,0.9549132,High,360.82,Low,Low-Engagement / Dormant,344.551780824
C101215,North,Referral,0.972874,High,1260.56,Low,Low-Engagement / Dormant,1226.36604944
C101216,Central,Organic Search,0.92007864,High,468.78,Low,Low-Engagement / Dormant,431.3144648592
C101217,South,Paid Ads,0.02768728,Low,246183.53,Very High,Mid-Value Occasional Shoppers,6816.152326498401
C101218,South,Organic Search,0.020421622,Low,351574.5,Very High,Mid-Value Occasional Shoppers,7179.721543839
C101219,North,Social Media,0.96780217,High,2564.05,Low,Low-Engagement / Dormant,2481.4931539885
C101220,Central,Email Marketing,0.11592643,Low,135843.36,High,Mid-Value Occasional Shoppers,15747.835764004798
C101221,Central,Organic Search,0.20097665,Low,108221.28,High,Mid-Value Occasional Shoppers,21749.950313112
C101222,North,Email Marketing,0.0009732382,Low,681973.7,Very High,High-Value Loyalists,663.72285623534
C101223,East,Social Media,0.6327455,High,17823.38,Medium,Mid-Value Occasional Shoppers,11277.66348979
C101225,West,Email Marketing,0.00051826175,Low,804175.17,Very High,High-Value Loyalists,416.77323091074754
C101226,East,Social Media,0.002644612,Low,808328.15,Very High,High-Value Loyalists,2137.7143254278003
C101227,North,Paid Ads,0.291477,Low,56697.21,High,Mid-Value Occasional Shoppers,16525.93267917
C101228,East,Paid Ads,0.51885355,Medium,17454.93,Medium,Mid-Value Occasional Shoppers,9056.5523955015
C101229,Central,Organic Search,0.97519624,High,2745.26,Low,Low-Engagement / Dormant,2677.1672298224003
C101230,South,Organic Search,0.5887307,Medium,26349.82,Medium,Low-Engagement / Dormant,15512.947973474002
C101232,Central,Email Marketing,0.96736574,High,1146.38,Low,Low-Engagement / Dormant,1108.9687370212
C101233,North,Referral,0.09627481,Low,256006.38,Very High,Mid-Value Occasional Shoppers,24646.9655932878
C101234,East,Email Marketing,0.085821636,Low,172255.69,High,Mid-Value Occasional Shoppers,14783.26512610884
C101235,East,Email Marketing,0.0034542044,Low,696315.19,Very High,Mid-Value Occasional Shoppers,2405.214993084836
C101236,North,Organic Search,0.77268,High,11071.64,Medium,Mid-Value Occasional Shoppers,8554.8347952
C101237,North,Referral,0.50280356,Medium,15237.08,Medium,Mid-Value Occasional Shoppers,7661.2580680048
C101238,North,Referral,0.46943152,Medium,28226.86,Medium,Mid-Value Occasional Shoppers,13250.5777946272
C101239,North,Paid Ads,0.000921874,Low,489227.56,Very High,High-Value Loyalists,451.00616764744
C101240,East,Paid Ads,0.38035545,Medium,68295.2,High,Mid-Value Occasional Shoppers,25976.45152884
C101241,West,Referral,0.06401127,Low,199378.64,High,Mid-Value Occasional Shoppers,12762.4799572728
C101242,North,Direct,0.7331523,High,20461.68,Medium,Mid-Value Occasional Shoppers,15001.527753864
C101243,West,Direct,0.9138254,High,10347.57,Medium,Mid-Value Occasional Shoppers,9455.872294278
C101244,South,Paid Ads,0.5155673,Medium,27090.69,Medium,Mid-Value Occasional Shoppers,13967.073898436998
C101245,North,Referral,0.88555527,High,19696.37,Medium,Mid-Value Occasional Shoppers,17442.2242533699
C101246,East,Paid Ads,0.2011125,Low,113719.46,High,Mid-Value Occasional Shoppers,22870.404899250003
C101247,South,Email Marketing,0.672817,High,22676.62,Medium,Mid-Value Occasional Shoppers,15257.21543854
C101248,East,Social Media,0.00058830617,Low,609113.86,Very High,High-Value Loyalists,358.3454420705162
C101249,South,Direct,0.034518067,Low,331935.25,Very High,Mid-Value Occasional Shoppers,11457.763199161747
C101250,West,Direct,0.0014241121,Low,561677.23,Very High,Mid-Value Occasional Shoppers,799.891339537483
C101251,Central,Paid Ads,0.03317001,Low,157612.68,High,Mid-Value Occasional Shoppers,5228.0141717268
C101252,South,Direct,0.0029719763,Low,633553.06,Very High,High-Value Loyalists,1882.904679112478
C101253,Central,Referral,0.3256776,Medium,71736.48,High,Mid-Value Occasional Shoppers,23362.964638848
C101254,North,Organic Search,0.7105093,High,15307.1,Medium,Mid-Value Occasional Shoppers,10875.83690603
C101255,North,Organic Search,0.57890797,Medium,8863.41,Low,Low-Engagement / Dormant,5131.0986903777
C101256,North,Referral,0.54048365,Medium,11147.74,Medium,Low-Engagement / Dormant,6025.171204451
C101257,West,Organic Search,0.95238566,High,3588.1,Low,Low-Engagement / Dormant,3417.254986646
C101258,West,Organic Search,0.0006024948,Low,679169.67,Very High,High-Value Loyalists,409.196194492716
C101259,Central,Social Media,0.21308973,Low,106770.16,High,Low-Engagement / Dormant,22751.6245664568
C101260,West,Organic Search,0.44309017,Medium,60689.83,High,Mid-Value Occasional Shoppers,26891.0670919711
C101261,South,Paid Ads,0.9236509,High,690.24,Low,Low-Engagement / Dormant,637.5407972160001
C101262,Central,Referral,0.853066,High,8339.32,Low,Mid-Value Occasional Shoppers,7113.99035512
C101263,Central,Organic Search,0.7351408,High,5673.29,Low,Mid-Value Occasional Shoppers,4170.666949232
C101264,West,Social Media,0.3709632,Medium,49818.69,High,Mid-Value Occasional Shoppers,18480.900662208
C101265,East,Organic Search,0.9906446,High,313.03,Low,Low-Engagement / Dormant,310.10147913799995
C101266,West,Email Marketing,0.3668997,Medium,36266.61,Medium,Mid-Value Occasional Shoppers,13306.208329017
C101268,Central,Email Marketing,0.0022008785,Low,625731.68,Very High,High-Value Loyalists,1377.15940128088
C101269,Central,Referral,0.6277956,High,35633.71,Medium,Mid-Value Occasional Shoppers,22370.686349676
C101270,West,Email Marketing,0.08396043,Low,146574.67,High,Mid-Value Occasional Shoppers,12306.4723203081
C101271,North,Social Media,0.0011422373,Low,893902.14,Very High,High-Value Loyalists,1021.048366857822
C101272,North,Paid Ads,0.9577526,High,2656.44,Low,Mid-Value Occasional Shoppers,2544.212316744
C101273,Central,Organic Search,0.07824549,Low,156875.02,High,Mid-Value Occasional Shoppers,12274.7628086598
C101274,Central,Social Media,0.022571253,Low,227289.92,Very High,Mid-Value Occasional Shoppers,5130.21828866976
C101275,West,Social Media,0.7486467,High,9333.33,Medium,Mid-Value Occasional Shoppers,6987.366704511
C101276,Central,Social Media,0.93849355,High,931.9,Low,Low-Engagement / Dormant,874.582139245
C101277,East,Organic Search,0.8612838,High,3664.2,Low,Mid-Value Occasional Shoppers,3155.91609996
C101278,Central,Social Media,0.6573325,High,24258.82,Medium,Mid-Value Occasional Shoppers,15946.11079765
C101279,North,Paid Ads,0.0010428384,Low,650190.89,Very High,Mid-Value Occasional Shoppers,678.0440274221761
C101280,North,Social Media,0.0005545092,Low,606339.34,Very High,High-Value Loyalists,336.220742351928
C101281,East,Social Media,0.0005862461,Low,713724.43,Very High,High-Value Loyalists,418.4181635622231
C101282,South,Paid Ads,0.92876136,High,6521.59,Low,Mid-Value Occasional Shoppers,6057.0007977624
C101283,South,Social Media,0.098079704,Low,238585.56,Very High,Mid-Value Occasional Shoppers,23400.40110347424
C101284,West,Paid Ads,0.733551,High,15325.1,Medium,Mid-Value Occasional Shoppers,11241.7424301
C101285,North,Referral,0.8500445,High,5181.64,Low,Mid-Value Occasional Shoppers,4404.62458298
C101286,West,Referral,0.4556479,Medium,43015.47,Medium,Mid-Value Occasional Shoppers,19599.908573013
C101287,North,Paid Ads,0.5197067,Medium,25937.61,Medium,Mid-Value Occasional Shoppers,13479.949698987
C101288,West,Organic Search,0.2857203,Low,65483.88,High,Mid-Value Occasional Shoppers,18710.073838764
C101289,North,Social Media,0.68159103,High,10812.71,Medium,Mid-Value Occasional Shoppers,7369.8461459913
C101290,West,Referral,0.89216936,High,1577.94,Low,Low-Engagement / Dormant,1407.7897199184
C101291,East,Organic Search,0.9055729,High,1175.0,Low,Low-Engagement / Dormant,1064.0481575
C101292,South,Paid Ads,0.033352334,Low,226906.98,Very High,Mid-Value Occasional Shoppers,7567.877383891319
C101293,South,Paid Ads,0.013132624,Low,548278.23,Very High,Mid-Value Occasional Shoppers,7200.331841975521
C101294,North,Referral,0.9679233,High,739.58,Low,Low-Engagement / Dormant,715.856714214
C101295,South,Organic Search,0.8212374,High,5904.07,Low,Mid-Value Occasional Shoppers,4848.643096218
C101296,North,Referral,0.20802128,Low,63184.83,High,Mid-Value Occasional Shoppers,13143.7892131824
C101297,North,Social Media,0.10454561,Low,131417.66,High,Mid-Value Occasional Shoppers,13739.1394294726
C101298,West,Email Marketing,0.0013454593,Low,452760.83,Very High,Mid-Value Occasional Shoppers,609.171269399219
C101299,North,Direct,0.08070737,Low,179310.66,High,Mid-Value Occasional Shoppers,14471.6917815642
C101300,North,Paid Ads,0.7959097,High,21636.65,Medium,Mid-Value Occasional Shoppers,17220.819610505
C101301,South,Referral,0.2309354,Low,80717.76,High,Mid-Value Occasional Shoppers,18640.588192704
C101302,East,Referral,0.0006353399,Low,545281.66,Very High,High-Value Loyalists,346.43919533623404
C101303,East,Email Marketing,0.625508,High,31211.98,Medium,Mid-Value Occasional Shoppers,19523.34318584
C101305,East,Organic Search,0.0093696145,Low,480109.2,Very High,Mid-Value Occasional Shoppers,4498.4381219034
C101306,East,Direct,0.7747984,High,15077.52,Medium,Mid-Value Occasional Shoppers,11682.038371968
C101307,South,Organic Search,0.01936577,Low,358750.39,Very High,High-Value Loyalists,6947.4775401503
C101309,West,Organic Search,0.009014936,Low,212082.02,High,Mid-Value Occasional Shoppers,1911.90583705072
C101310,South,Paid Ads,0.6295097,High,22678.84,Medium,Mid-Value Occasional Shoppers,14276.549764748
C101311,West,Direct,0.6795636,High,35451.37,Medium,Mid-Value Occasional Shoppers,24091.460622132003
C101312,East,Social Media,0.19349313,Low,136650.22,High,Mid-Value Occasional Shoppers,26440.8787829886
C101313,East,Social Media,0.44066167,Medium,29335.74,Medium,Mid-Value Occasional Shoppers,12927.1361790858
C101314,East,Paid Ads,0.0017115419,Low,662062.69,Very High,High-Value Loyalists,1133.1480343617109
C101316,South,Organic Search,0.98007274,High,705.54,Low,Low-Engagement / Dormant,691.4805209796
C101317,South,Social Media,0.6595584,High,28847.47,Medium,Mid-Value Occasional Shoppers,19026.591157248
C101318,Central,Paid Ads,0.028250307,Low,168926.97,High,Mid-Value Occasional Shoppers,4772.23876307979
C101319,East,Organic Search,0.01709022,Low,198372.32,High,Mid-Value Occasional Shoppers,3390.2265907104
C101320,South,Paid Ads,0.92833257,High,745.2,Low,Low-Engagement / Dormant,691.793431164
C101321,South,Direct,0.0018750938,Low,764523.28,Very High,High-Value Loyalists,1433.552862283664
C101322,South,Email Marketing,0.116707794,Low,214994.72,High,Mid-Value Occasional Shoppers,25091.55949284768
C101323,West,Paid Ads,0.2648222,Low,69156.13,High,Low-Engagement / Dormant,18314.078490086
C101324,South,Direct,0.55342054,Medium,41795.74,Medium,Mid-Value Occasional Shoppers,23130.6210004996
C101325,North,Paid Ads,0.96052325,High,308.55,Low,Low-Engagement / Dormant,296.3694487875
C101326,North,Paid Ads,0.31291956,Medium,60866.64,High,Mid-Value Occasional Shoppers,19046.3622074784
C101327,Central,Paid Ads,0.64096874,High,31543.11,Medium,Mid-Value Occasional Shoppers,20218.147472381403
C101328,East,Email Marketing,0.0050777216,Low,549121.23,Very High,Mid-Value Occasional Shoppers,2788.2847305895675
C101329,East,Organic Search,0.04186413,Low,284284.09,Very High,Mid-Value Occasional Shoppers,11901.3061006917
C101330,Central,Organic Search,0.023221614,Low,241333.5,Very High,Mid-Value Occasional Shoppers,5604.153382269001
C101331,South,Direct,0.58749676,Medium,73039.87,High,Mid-Value Occasional Shoppers,42910.68697582119
C101332,West,Referral,0.3368282,Medium,73462.92,High,High-Value Loyalists,24744.383110344
C101333,West,Referral,0.003842657,Low,470552.81,Very High,Mid-Value Occasional Shoppers,1808.17304921617
C101334,East,Referral,0.7823342,High,15127.79,Medium,Mid-Value Occasional Shoppers,11834.987487418
C101335,West,Referral,0.076643415,Low,134802.89,High,Mid-Value Occasional Shoppers,10331.753841469352
C101336,Central,Organic Search,0.46178636,Medium,26310.98,Medium,Mid-Value Occasional Shoppers,12150.0516822328
C101337,North,Referral,0.12932889,Low,210161.67,High,Low-Engagement / Dormant,27179.975501646302
C101338,North,Organic Search,0.56819,Medium,28324.29,Medium,Mid-Value Occasional Shoppers,16093.5783351
C101339,West,Organic Search,0.012033711,Low,737036.51,Very High,Mid-Value Occasional Shoppers,8869.28435778861
C101340,South,Direct,0.0004505414,Low,672213.85,Very High,High-Value Loyalists,302.86016907839
C101341,East,Organic Search,0.42268106,Medium,109815.24,High,Mid-Value Occasional Shoppers,46416.8220473544
C101342,North,Organic Search,0.9242916,High,4776.5,Low,Mid-Value Occasional Shoppers,4414.8788274
C101343,West,Paid Ads,0.89329857,High,3656.28,Low,Mid-Value Occasional Shoppers,3266.1496955196003
C101344,West,Email Marketing,0.575804,Medium,28008.54,Medium,Mid-Value Occasional Shoppers,16127.42936616
C101345,Central,Direct,0.5384914,Medium,26356.58,Medium,Mid-Value Occasional Shoppers,14192.791663412
C101346,East,Organic Search,0.96624005,High,432.17,Low,Low-Engagement / Dormant,417.5799624085
C101347,Central,Paid Ads,0.66955835,High,32788.04,Medium,Mid-Value Occasional Shoppers,21953.505962134
C101348,East,Referral,0.12179503,Low,107601.55,High,Mid-Value Occasional Shoppers,13105.3340102965
C101349,East,Social Media,0.9288324,High,374.48,Low,Low-Engagement / Dormant,347.829157152
C101350,West,Organic Search,0.3047345,Medium,30418.93,Medium,Mid-Value Occasional Shoppers,9269.697424085
C101351,East,Paid Ads,0.18887553,Low,97029.94,High,Mid-Value Occasional Shoppers,18326.5813433682
C101352,East,Social Media,0.010532033,Low,331912.11,Very High,High-Value Loyalists,3495.7092956196298
C101353,North,Organic Search,0.17846407,Low,62308.97,High,Mid-Value Occasional Shoppers,11119.9123837079
C101354,South,Referral,0.08916519,Low,106506.48,High,Mid-Value Occasional Shoppers,9496.6705254312
C101355,West,Organic Search,0.10927173,Low,71078.12,High,Mid-Value Occasional Shoppers,7766.829137547599
C101356,North,Email Marketing,0.7429123,High,15754.61,Medium,Mid-Value Occasional Shoppers,11704.293550703
C101357,West,Referral,0.53355265,Medium,32313.53,Medium,Mid-Value Occasional Shoppers,17240.969562354498
C101358,South,Social Media,0.85858953,High,3751.58,Low,Mid-Value Occasional Shoppers,3221.0673089574
C101359,South,Referral,0.9474195,High,6088.84,Low,Mid-Value Occasional Shoppers,5768.68574838
C101360,West,Organic Search,0.018621871,Low,354563.18,Very High,Mid-Value Occasional Shoppers,6602.6297993097805
C101361,North,Organic Search,0.003935493,Low,453694.93,Very High,High-Value Loyalists,1785.51322115049
C101362,Central,Social Media,0.01102072,Low,368949.41,Very High,Mid-Value Occasional Shoppers,4066.0881417751993
C101363,Central,Referral,0.0010139782,Low,818110.94,Very High,High-Value Loyalists,829.546658341508
C101364,South,Email Marketing,0.9332552,High,4328.64,Low,Low-Engagement / Dormant,4039.725788928
C101365,South,Paid Ads,0.13347551,Low,258089.26,Very High,Mid-Value Occasional Shoppers,34448.5956040226
C101366,North,Referral,0.24448854,Low,62914.02,High,Low-Engagement / Dormant,15381.7568953308
C101367,West,Organic Search,0.08843777,Low,190677.7,High,Mid-Value Occasional Shoppers,16863.110576729
C101368,North,Organic Search,0.18135257,Low,175882.38,High,Mid-Value Occasional Shoppers,31896.7216307166
C101369,Central,Organic Search,0.0010556404,Low,566755.55,Very High,High-Value Loyalists,598.29005550422
C101370,Central,Email Marketing,0.13263245,Low,118245.88,High,Mid-Value Occasional Shoppers,15683.240766806002
C101371,North,Social Media,0.4993846,Medium,82802.72,High,Mid-Value Occasional Shoppers,41350.403206112
C101372,West,Paid Ads,0.9514137,High,1884.82,Low,Low-Engagement / Dormant,1793.243570034
C101373,East,Referral,0.50348544,Medium,24607.28,Medium,Mid-Value Occasional Shoppers,12389.4071980032
C101374,East,Organic Search,0.66725993,High,18930.33,Medium,Low-Engagement / Dormant,12631.4506706769
C101375,North,Organic Search,0.86717546,High,12513.33,Medium,Mid-Value Occasional Shoppers,10851.2526988818
C101376,West,Organic Search,0.10232146,Low,146100.08,High,Mid-Value Occasional Shoppers,14949.1734917168
C101377,North,Organic Search,0.85720855,High,6088.01,Low,Low-Engagement / Dormant,5218.6942244855
C101378,Central,Paid Ads,0.9592045,High,3474.33,Low,Mid-Value Occasional Shoppers,3332.592970485
C101379,South,Paid Ads,0.90775466,High,1083.38,Low,Low-Engagement / Dormant,983.4432435508002
C101380,East,Referral,0.98292875,High,345.81,Low,Low-Engagement / Dormant,339.9065910375
C101381,Central,Email Marketing,0.8065558,High,9032.84,Low,Mid-Value Occasional Shoppers,7285.489492472
C101382,West,Direct,0.551855,Medium,61086.39,High,Mid-Value Occasional Shoppers,33710.82975345
C101383,East,Organic Search,0.15983723,Low,195303.46,High,Mid-Value Occasional Shoppers,31216.7640558158
C101384,South,Social Media,0.46702158,Medium,78980.44,High,Mid-Value Occasional Shoppers,36885.5698778952
C101385,East,Organic Search,0.9316469,High,1140.37,Low,Low-Engagement / Dormant,1062.4221753529998
C101387,Central,Social Media,0.48706663,Medium,19241.64,Medium,Mid-Value Occasional Shoppers,9371.9607504732
C101388,South,Paid Ads,0.77617764,High,28345.26,Medium,Mid-Value Occasional Shoppers,22000.9570119864
C101389,South,Referral,0.39506984,Medium,38877.19,Medium,Mid-Value Occasional Shoppers,15359.205232949602
C101390,West,Email Marketing,0.0019664003,Low,857444.09,Very High,Mid-Value Occasional Shoppers,1686.0783158092272
C101391,South,Organic Search,0.16382147,Low,106303.62,High,Low-Engagement / Dormant,17414.8152947214
C101392,Central,Direct,0.21403988,Low,65804.95,High,Mid-Value Occasional Shoppers,14084.883601405998
C101393,South,Organic Search,0.21985605,Low,69756.6,High,Mid-Value Occasional Shoppers,15336.410537430002
C101394,North,Direct,0.8962293,High,4347.65,Low,Low-Engagement / Dormant,3896.491316145
C101395,East,Social Media,0.69107974,High,24903.62,Medium,Mid-Value Occasional Shoppers,17210.3872346588
C101396,East,Organic Search,0.0008697133,Low,697985.07,Very High,High-Value Loyalists,607.0468985804309
C101397,Central,Paid Ads,0.81216264,High,13705.91,Medium,Mid-Value Occasional Shoppers,11131.4280492024
C101398,South,Organic Search,0.92007077,High,3773.39,Low,Low-Engagement / Dormant,3471.7858428103
C101399,North,Referral,0.75073856,High,13126.17,Medium,Mid-Value Occasional Shoppers,9854.3219641152
C101400,South,Organic Search,0.25175494,Low,69642.55,High,Mid-Value Occasional Shoppers,17532.855996697
C101402,East,Paid Ads,0.78261995,High,27463.31,Medium,Mid-Value Occasional Shoppers,21493.3342990345
C101403,South,Direct,0.51858974,Medium,20769.56,Medium,Mid-Value Occasional Shoppers,10770.8807203144
C101404,East,Organic Search,0.0005294908,Low,546227.43,Very High,High-Value Loyalists,289.22239889264404
C101405,Central,Referral,0.0049511255,Low,317919.18,Very High,Mid-Value Occasional Shoppers,1574.05775903709
C101406,South,Email Marketing,0.36078662,Medium,45350.35,Medium,Mid-Value Occasional Shoppers,16361.799492317
C101407,East,Organic Search,0.98960054,High,402.53,Low,Low-Engagement / Dormant,398.3439053662
C101408,North,Organic Search,0.0248193,Low,345807.51,Very High,Mid-Value Occasional Shoppers,8582.700332942999
C101409,West,Social Media,0.7688381,High,12904.83,Medium,Mid-Value Occasional Shoppers,9921.724978023
C101410,South,Social Media,0.4690311,Medium,34802.2,Medium,Mid-Value Occasional Shoppers,16323.31414842
C101411,East,Email Marketing,0.01113698,Low,252780.99,Very High,Mid-Value Occasional Shoppers,2815.2168300102
C101413,North,Email Marketing,0.86288464,High,2670.62,Low,Low-Engagement / Dormant,2304.4369772768
C101414,South,Email Marketing,0.0024999885,Low,557289.54,Very High,High-Value Loyalists,1393.2174411702902
C101415,North,Referral,0.003249954,Low,573441.77,Very High,Mid-Value Occasional Shoppers,1863.6593741785805
C101416,Central,Organic Search,0.9604518,High,1639.58,Low,Low-Engagement / Dormant,1574.737562244
C101417,South,Organic Search,0.1010925,Low,138981.52,High,Mid-Value Occasional Shoppers,14049.9893106
C101418,Central,Direct,0.0064111343,Low,262299.83,Very High,Mid-Value Occasional Shoppers,1681.6394369971692
C101419,East,Referral,0.37539312,Medium,80540.54,High,Mid-Value Occasional Shoppers,30234.3645970848
C101420,North,Social Media,0.0008943506,Low,659777.12,Very High,High-Value Loyalists,590.072063138272
C101421,South,Email Marketing,0.00052345404,Low,673788.24,Very High,High-Value Loyalists,352.6971763324896
C101422,North,Organic Search,0.021846483,Low,344936.89,Very High,Mid-Value Occasional Shoppers,7535.65790345787
C101423,West,Referral,0.92973065,High,5684.03,Low,Mid-Value Occasional Shoppers,5284.6169065195
C101424,North,Social Media,0.8616237,High,17964.98,Medium,Mid-Value Occasional Shoppers,15479.052538026
C101425,Central,Email Marketing,0.0022066643,Low,577102.74,Very High,High-Value Loyalists,1273.472013790182
C101426,North,Referral,0.90634793,High,4145.29,Low,Mid-Value Occasional Shoppers,3757.0750107497
C101427,South,Paid Ads,0.19149505,Low,93506.45,High,Mid-Value Occasional Shoppers,17906.0223180725
C101428,North,Organic Search,0.20849994,Low,133382.61,High,Mid-Value Occasional Shoppers,27810.2661820434
C101429,West,Email Marketing,0.8863432,High,11984.05,Medium,Mid-Value Occasional Shoppers,10621.981225959998
C101430,East,Referral,0.00093208614,Low,579117.76,Very High,Mid-Value Occasional Shoppers,539.7876375238465
C101431,Central,Paid Ads,0.949322,High,757.87,Low,Low-Engagement / Dormant,719.46266414
C101432,South,Direct,0.0006024876,Low,667346.2,Very High,High-Value Loyalists,402.06781040712
C101433,North,Paid Ads,0.30998954,Medium,43107.74,Medium,Low-Engagement / Dormant,13362.9484930396
C101435,East,Direct,0.046770282,Low,61684.1,High,Low-Engagement / Dormant,2884.9827519162
C101436,West,Social Media,0.84293073,High,9100.0,Low,Mid-Value Occasional Shoppers,7670.669642999999
C101437,South,Email Marketing,0.13709114,Low,55482.82,High,Mid-Value Occasional Shoppers,7606.2030442148
C101438,West,Email Marketing,0.4483177,Medium,45994.76,High,Low-Engagement / Dormant,20620.265015252
C101440,Central,Organic Search,0.0025854548,Low,511217.7,Very High,High-Value Loyalists,1321.73025630996
C101441,North,Email Marketing,0.38764647,Medium,54982.77,High,Mid-Value Occasional Shoppers,21313.8767013219
C101443,North,Social Media,0.6417123,High,47280.17,High,Mid-Value Occasional Shoppers,30340.266635091
C101444,West,Social Media,0.5756088,Medium,23924.35,Medium,Mid-Value Occasional Shoppers,13771.06639428
C101445,Central,Organic Search,0.6383667,High,40655.55,Medium,Mid-Value Occasional Shoppers,25953.149290185
C101446,Central,Organic Search,0.5249972,Medium,53834.79,High,Mid-Value Occasional Shoppers,28263.114012588005
C101447,East,Social Media,0.00044179562,Low,626570.64,Very High,High-Value Loyalists,276.8161643725968
C101448,South,Referral,0.03726182,Low,137685.5,High,Mid-Value Occasional Shoppers,5130.41231761
C101449,West,Paid Ads,0.077182814,Low,257596.8,Very High,Mid-Value Occasional Shoppers,19882.0459013952
C101450,East,Organic Search,0.25977907,Low,112904.73,High,Mid-Value Occasional Shoppers,29330.2857580011
C101451,East,Paid Ads,0.9004512,High,1574.92,Low,Low-Engagement / Dormant,1418.138603904
C101452,North,Referral,0.57129365,Medium,20449.31,Medium,Mid-Value Occasional Shoppers,11682.5609498815
C101453,South,Organic Search,0.2630872,Low,73703.6,High,Mid-Value Occasional Shoppers,19390.473753920003
C101454,South,Social Media,0.79797184,High,16386.5,Medium,Mid-Value Occasional Shoppers,13075.96555616
C101455,West,Referral,0.14024264,Low,139587.37,High,Mid-Value Occasional Shoppers,19576.1012794568
C101456,North,Paid Ads,0.9763532,High,391.9,Low,Low-Engagement / Dormant,382.63281908
C101457,South,Social Media,0.8547191,High,7310.28,Low,Mid-Value Occasional Shoppers,6248.235942347999
C101458,West,Email Marketing,0.44642177,Medium,16669.14,Medium,Mid-Value Occasional Shoppers,7441.4669831778
C101459,East,Organic Search,0.1908114,Low,60987.49,High,Mid-Value Occasional Shoppers,11637.108349386
C101460,Central,Organic Search,0.010331014,Low,444342.69,Very High,Mid-Value Occasional Shoppers,4590.51055118766
C101461,North,Organic Search,0.95224816,High,1477.78,Low,Low-Engagement / Dormant,1407.2132858848
C101462,South,Referral,0.83387125,High,11807.97,Medium,Mid-Value Occasional Shoppers,9846.326703862498
C101463,East,Email Marketing,0.84802,High,13468.76,Medium,Mid-Value Occasional Shoppers,11421.7778552
C101464,South,Referral,0.29050228,Low,47311.92,High,Mid-Value Occasional Shoppers,13744.2206311776
C101465,West,Direct,0.80332,High,6936.1,Low,Low-Engagement / Dormant,5571.907852
C101466,North,Referral,0.9808076,High,558.08,Low,Low-Engagement / Dormant,547.369105408
C101467,East,Paid Ads,0.22314833,Low,42547.67,Medium,Mid-Value Occasional Shoppers,9494.4415058911
C101468,North,Organic Search,0.5297537,Medium,26800.8,Medium,Mid-Value Occasional Shoppers,14197.82296296
C101469,East,Social Media,0.00071428495,Low,685084.96,Very High,High-Value Loyalists,489.345876399352
C101470,West,Social Media,0.09757874,Low,355398.3,Very High,Mid-Value Occasional Shoppers,34679.318312142
C101471,North,Social Media,0.016851692,Low,302302.5,Very High,High-Value Loyalists,5094.30862083
C101472,South,Social Media,0.0023496936,Low,601901.71,Very High,High-Value Loyalists,1414.284595816056
C101473,East,Paid Ads,0.75906926,High,1054.69,Low,Low-Engagement / Dormant,800.5827578294
C101474,West,Paid Ads,0.00088535517,Low,718770.28,Very High,High-Value Loyalists,636.3669834403476
C101475,North,Social Media,0.018918077,Low,321328.17,Very High,Mid-Value Occasional Shoppers,6078.911062329089
C101476,South,Referral,0.9542597,High,1449.12,Low,Low-Engagement / Dormant,1382.836816464
C101477,West,Email Marketing,0.013405438,Low,344981.06,Very High,Mid-Value Occasional Shoppers,4624.62221100428
C101478,East,Paid Ads,0.633549,High,29379.44,Medium,Mid-Value Occasional Shoppers,18613.31483256
C101479,West,Email Marketing,0.0010152042,Low,618137.96,Very High,High-Value Loyalists,627.536253171432
C101480,South,Paid Ads,0.0011163236,Low,321108.11,Very High,Mid-Value Occasional Shoppers,358.460561344396
C101481,Central,Paid Ads,0.7063665,High,35579.6,Medium,Mid-Value Occasional Shoppers,25132.2375234
C101482,North,Email Marketing,0.4056391,Medium,32633.2,Medium,Mid-Value Occasional Shoppers,13237.30187812
C101483,North,Direct,0.0030441324,Low,737868.09,Very High,High-Value Loyalists,2246.168159695116
C101484,East,Direct,0.7010429,High,24468.94,Medium,High-Value Loyalists,17153.776657526
C101485,East,Organic Search,0.6369024,High,22212.79,Medium,Mid-Value Occasional Shoppers,14147.379261696
C101486,East,Paid Ads,0.0037177096,Low,637186.44,Very High,High-Value Loyalists,2368.874144977824
C101488,North,Email Marketing,0.0018719665,Low,540911.28,Very High,High-Value Loyalists,1012.56779563212
C101489,West,Social Media,0.8220485,High,13190.39,Medium,Mid-Value Occasional Shoppers,10843.140313915
C101490,South,Organic Search,0.16416346,Low,97733.28,High,Low-Engagement / Dormant,16044.2334019488
C101491,West,Social Media,0.9514515,High,5879.11,Low,Mid-Value Occasional Shoppers,5593.688028165
C101492,East,Organic Search,0.8182498,High,19536.27,Medium,Mid-Value Occasional Shoppers,15985.549020246
C101493,North,Paid Ads,0.00047513726,Low,631173.75,Very High,High-Value Loyalists,299.894166158925
C101494,West,Social Media,0.15379214,Low,126123.31,High,Mid-Value Occasional Shoppers,19396.7737487834
C101495,Central,Organic Search,0.9376015,High,831.93,Low,Low-Engagement / Dormant,780.018815895
C101496,West,Referral,0.37925765,Medium,38367.46,Medium,Mid-Value Occasional Shoppers,14551.152716069
C101497,North,Social Media,0.12063902,Low,357566.29,Very High,Mid-Value Occasional Shoppers,43136.4468106358
C101498,East,Paid Ads,0.8827959,High,9603.84,Medium,Mid-Value Occasional Shoppers,8478.230576255999
C101500,East,Email Marketing,0.0032020132,Low,382532.27,Very High,Mid-Value Occasional Shoppers,1224.8733779659642
C101501,South,Social Media,0.0010674864,Low,586451.13,Very High,High-Value Loyalists,626.028605539632
C101502,North,Email Marketing,0.30832472,Medium,67161.7,High,Low-Engagement / Dormant,20707.612347224
C101503,West,Paid Ads,0.9354814,High,1756.75,Low,Low-Engagement / Dormant,1643.40694945
C101504,West,Social Media,0.062536605,Low,173635.06,High,Mid-Value Occasional Shoppers,10858.5471613713
C101505,Central,Direct,0.0293204,Low,297572.47,Very High,Mid-Value Occasional Shoppers,8724.943849387999
C101506,Central,Organic Search,0.046745658,Low,262992.02,Very High,Mid-Value Occasional Shoppers,12293.735023649162
C101507,South,Organic Search,0.0010031224,Low,528927.79,Very High,High-Value Loyalists,530.5793141314961
C101508,East,Email Marketing,0.70338094,High,14564.11,Medium,Mid-Value Occasional Shoppers,10244.1173820634
C101509,North,Paid Ads,0.36625072,Medium,38540.42,Medium,Low-Engagement / Dormant,14115.456574102398
C101510,North,Organic Search,0.9454194,High,355.41,Low,Low-Engagement / Dormant,336.011508954
C101511,North,Direct,0.741701,High,37011.06,Medium,Mid-Value Occasional Shoppers,27451.14021306
C101512,Central,Organic Search,0.80431026,High,2558.73,Low,Low-Engagement / Dormant,2058.0127915698004
C101513,North,Social Media,0.98897517,High,309.26,Low,Low-Engagement / Dormant,305.8504610742
C101514,East,Referral,0.034314774,Low,260372.6,Very High,Mid-Value Occasional Shoppers,8934.6269247924
C101515,South,Referral,0.41034824,Medium,29492.06,Medium,Mid-Value Occasional Shoppers,12102.0149149744
C101516,South,Paid Ads,0.39335248,Medium,55314.78,High,Mid-Value Occasional Shoppers,21758.2058936544
C101517,East,Organic Search,0.0020157527,Low,391383.79,Very High,High-Value Loyalists,788.9329314287329
C101518,North,Email Marketing,0.94320375,High,1630.64,Low,Mid-Value Occasional Shoppers,1538.0257629
C101519,South,Email Marketing,0.038867142,Low,177237.58,High,Mid-Value Occasional Shoppers,6888.71818959636
C101520,East,Organic Search,0.83486515,High,8000.7,Low,Mid-Value Occasional Shoppers,6679.505605605
C101521,West,Paid Ads,0.3434347,Medium,171981.88,High,Mid-Value Occasional Shoppers,59064.545363236
C101522,West,Social Media,0.00065862807,Low,695453.99,Very High,High-Value Loyalists,458.0455192074993
C101523,West,Organic Search,0.005319015,Low,565647.56,Very High,High-Value Loyalists,3008.6878563534
C101524,South,Email Marketing,0.9618783,High,308.37,Low,Low-Engagement / Dormant,296.614411371
C101525,North,Direct,0.30696484,Medium,66027.93,High,Mid-Value Occasional Shoppers,20268.2529679812
C101526,South,Paid Ads,0.0015659089,Low,341959.27,Very High,Mid-Value Occasional Shoppers,535.477064330503
C101527,Central,Direct,0.17078209,Low,68444.33,High,Mid-Value Occasional Shoppers,11689.0657260497
C101528,North,Email Marketing,0.94303674,High,2294.53,Low,Low-Engagement / Dormant,2163.8260910322
C101530,Central,Direct,0.0012757495,Low,571013.57,Very High,High-Value Loyalists,728.470276420715
C101532,North,Email Marketing,0.9641432,High,497.76,Low,Low-Engagement / Dormant,479.911919232
C101533,West,Organic Search,0.0051117428,Low,348764.57,Very High,High-Value Loyalists,1782.794779592596
C101534,South,Paid Ads,0.5082779,Medium,23335.08,Medium,Mid-Value Occasional Shoppers,11860.705458732
C101535,East,Social Media,0.64039993,High,29307.72,Medium,Mid-Value Occasional Shoppers,18768.6618364596
C101536,East,Organic Search,0.52936673,Medium,37266.73,Medium,Mid-Value Occasional Shoppers,19727.7669978929
C101537,Central,Referral,0.119260944,Low,142982.99,High,Mid-Value Occasional Shoppers,17052.28636334256
C101538,North,Paid Ads,0.83116215,High,12554.82,Medium,Mid-Value Occasional Shoppers,10435.091184063
C101540,North,Social Media,0.92760175,High,2052.92,Low,Low-Engagement / Dormant,1904.29218461
C101541,East,Organic Search,0.00083368615,Low,626334.55,Very High,High-Value Loyalists,522.1664396014826
C101542,East,Organic Search,0.10638454,Low,143523.04,High,Mid-Value Occasional Shoppers,15268.6325898016
C101543,West,Organic Search,0.046271045,Low,221987.88,Very High,Mid-Value Occasional Shoppers,10271.6111849346
C101544,Central,Direct,0.96419406,High,573.16,Low,Low-Engagement / Dormant,552.6374674296
C101545,West,Referral,0.6195541,High,35011.77,Medium,Mid-Value Occasional Shoppers,21691.685651757
C101546,West,Social Media,0.7864987,High,9750.83,Medium,Low-Engagement / Dormant,7669.015118921
C101547,South,Social Media,0.86173266,High,9487.72,Medium,Mid-Value Occasional Shoppers,8175.8781929352
C101548,Central,Social Media,0.94746697,High,340.51,Low,Low-Engagement / Dormant,322.6219779547
C101549,East,Organic Search,0.9486595,High,2144.04,Low,Low-Engagement / Dormant,2033.96391438
C101550,South,Organic Search,0.0019188549,Low,600981.68,Very High,Mid-Value Occasional Shoppers,1153.196641478232
C101551,East,Social Media,0.90251034,High,1995.81,Low,Mid-Value Occasional Shoppers,1801.2391616753998
C101552,South,Organic Search,0.0071675754,Low,584294.14,Very High,High-Value Loyalists,4187.972304228156
C101553,East,Email Marketing,0.11281734,Low,130811.28,High,Mid-Value Occasional Shoppers,14757.7806515952
C101554,South,Organic Search,0.64676976,High,29192.16,Medium,Mid-Value Occasional Shoppers,18880.6063170816
C101555,North,Social Media,0.2576077,Low,98625.66,High,Mid-Value Occasional Shoppers,25406.729433582
C101556,Central,Paid Ads,0.64130884,High,30713.55,Medium,Low-Engagement / Dormant,19696.871122782
C101557,Central,Referral,0.59858507,Medium,18138.06,Medium,Mid-Value Occasional Shoppers,10857.171914764202
C101558,East,Direct,0.049496997,Low,497714.47,Very High,Mid-Value Occasional Shoppers,24635.371628446588
C101559,Central,Paid Ads,0.0011414939,Low,688406.01,Very High,High-Value Loyalists,785.811261138339
C101560,South,Organic Search,0.52845454,Medium,17566.88,Medium,Mid-Value Occasional Shoppers,9283.2974896352
C101561,South,Social Media,0.28905055,Low,86291.98,High,Mid-Value Occasional Shoppers,24942.744279589
C101562,Central,Organic Search,0.8348879,High,10588.08,Medium,Mid-Value Occasional Shoppers,8839.859876232
C101563,East,Organic Search,0.10262178,Low,214940.93,High,Mid-Value Occasional Shoppers,22057.6208314554
C101564,West,Social Media,0.27909556,Low,65384.64,High,Mid-Value Occasional Shoppers,18248.5627161984
C101565,South,Organic Search,0.2684184,Low,21987.38,Medium,Mid-Value Occasional Shoppers,5901.817359792
C101566,South,Organic Search,0.960489,High,470.16,Low,Low-Engagement / Dormant,451.58350824
C101567,North,Paid Ads,0.63397014,High,12421.88,Medium,Mid-Value Occasional Shoppers,7875.101002663199
C101568,Central,Paid Ads,0.8934515,High,4003.48,Low,Mid-Value Occasional Shoppers,3576.91521122
C101569,North,Email Marketing,0.10016678,Low,224581.4,Very High,Mid-Value Occasional Shoppers,22495.595685892
C101570,East,Organic Search,0.041206,Low,187923.86,High,Mid-Value Occasional Shoppers,7743.590575159999
C101571,North,Paid Ads,0.7559712,High,21143.67,Medium,Mid-Value Occasional Shoppers,15984.005582303998
C101572,East,Referral,0.8242197,High,2061.8,Low,Low-Engagement / Dormant,1699.3761774600002
C101573,South,Email Marketing,0.012776401,Low,351045.21,Very High,Mid-Value Occasional Shoppers,4485.09437208921
C101574,West,Paid Ads,0.10538464,Low,250421.53,Very High,Mid-Value Occasional Shoppers,26390.5827872992
C101575,East,Social Media,0.0009679202,Low,747395.35,Very High,High-Value Loyalists,723.41905665107
C101576,North,Social Media,0.93466353,High,324.27,Low,Low-Engagement / Dormant,303.0833428731
C101577,North,Paid Ads,0.96334124,High,512.73,Low,Low-Engagement / Dormant,493.9339539852
C101578,North,Organic Search,0.5119469,Medium,31325.14,Medium,Mid-Value Occasional Shoppers,16036.808315066
C101579,West,Referral,0.49815112,Medium,18956.27,Medium,Mid-Value Occasional Shoppers,9443.0871315224
C101580,West,Organic Search,0.9491745,High,962.28,Low,Low-Engagement / Dormant,913.37163786
C101581,South,Paid Ads,0.6019684,High,36603.51,Medium,Mid-Value Occasional Shoppers,22034.156349084
C101582,East,Social Media,0.0009447046,Low,631539.71,Very High,High-Value Loyalists,596.618469119666
C101583,South,Organic Search,0.0005471483,Low,684784.89,Very High,High-Value Loyalists,374.678888429187
C101584,Central,Organic Search,0.72456694,High,9820.67,Medium,Mid-Value Occasional Shoppers,7115.7328106498
C101585,Central,Paid Ads,0.00091912405,Low,785601.69,Very High,High-Value Loyalists,722.0654069996444
C101586,West,Email Marketing,0.94973075,High,907.28,Low,Low-Engagement / Dormant,861.67171486
C101587,North,Referral,0.933462,High,2965.6,Low,Mid-Value Occasional Shoppers,2768.2749072
C101588,South,Paid Ads,0.038171954,Low,278946.59,Very High,Mid-Value Occasional Shoppers,10647.93640193686
C101589,Central,Paid Ads,0.7477524,High,6522.19,Low,Low-Engagement / Dormant,4876.983225755999
C101590,North,Direct,0.001281753,Low,721166.55,Very High,High-Value Loyalists,924.35738896215
C101591,West,Social Media,0.013465545,Low,522928.29,Very High,High-Value Loyalists,7041.51442076805
C101592,Central,Referral,0.0053421385,Low,570703.57,Very High,Mid-Value Occasional Shoppers,3048.777513384445
C101593,West,Organic Search,0.13867904,Low,134664.91,High,Mid-Value Occasional Shoppers,18675.2004404864
C101594,East,Organic Search,0.03767902,Low,363622.47,Very High,Mid-Value Occasional Shoppers,13700.9383195794
C101595,East,Paid Ads,0.16937703,Low,132435.84,High,Mid-Value Occasional Shoppers,22431.5892447552
C101596,Central,Email Marketing,0.0019422254,Low,703319.98,Very High,Mid-Value Occasional Shoppers,1366.005929483492
C101597,South,Email Marketing,0.96839976,High,695.2,Low,Low-Engagement / Dormant,673.231513152
C101598,Central,Organic Search,0.9816488,High,2452.92,Low,Low-Engagement / Dormant,2407.905974496
C101599,South,Referral,0.8974221,High,4185.9,Low,Mid-Value Occasional Shoppers,3756.51916839
C101600,West,Email Marketing,0.6107641,High,22320.01,Medium,Mid-Value Occasional Shoppers,13632.260819641
C101601,Central,Email Marketing,0.22420287,Low,34441.56,Medium,Low-Engagement / Dormant,7721.896599277199
C101602,East,Paid Ads,0.0006824278,Low,660977.69,Very High,High-Value Loyalists,451.069550835782
C101603,South,Organic Search,0.2021782,Low,82255.38,High,Low-Engagement / Dormant,16630.244668716
C101604,North,Direct,0.7653165,High,37022.21,Medium,Mid-Value Occasional Shoppers,28333.708179465
C101605,West,Organic Search,0.07452795,Low,210201.45,High,Mid-Value Occasional Shoppers,15665.8831555275
C101606,East,Organic Search,0.516753,Medium,37915.97,Medium,Mid-Value Occasional Shoppers,19593.19124541
C101607,South,Organic Search,0.014641472,Low,578739.24,Very High,Mid-Value Occasional Shoppers,8473.594377761281
C101608,Central,Social Media,0.9583152,High,443.87,Low,Low-Engagement / Dormant,425.367367824
C101609,Central,Organic Search,0.9561271,High,1213.49,Low,Low-Engagement / Dormant,1160.250674579
C101610,Central,Social Media,0.5912281,Medium,24929.86,Medium,Mid-Value Occasional Shoppers,14739.233761066002
C101611,East,Direct,0.8839931,High,9144.17,Medium,Mid-Value Occasional Shoppers,8083.383185227
C101612,Central,Social Media,0.47871777,Medium,56172.22,High,Mid-Value Occasional Shoppers,26890.6398943494
C101613,Central,Direct,0.0028620032,Low,467288.98,Very High,Mid-Value Occasional Shoppers,1337.382556084736
C101614,North,Email Marketing,0.5685437,Medium,16902.99,Medium,Mid-Value Occasional Shoppers,9610.088475663
C101615,Central,Referral,0.9566387,High,495.25,Low,Low-Engagement / Dormant,473.775316175
C101616,East,Social Media,0.7570822,High,14767.54,Medium,Mid-Value Occasional Shoppers,11180.241671788
C101617,Central,Email Marketing,0.38752085,Medium,37390.6,Medium,Mid-Value Occasional Shoppers,14489.63709401
C101618,West,Social Media,0.8870148,High,541.04,Low,Low-Engagement / Dormant,479.910487392
C101619,East,Organic Search,0.9313501,High,5039.06,Low,Low-Engagement / Dormant,4693.129034906
C101620,South,Direct,0.73253804,High,21517.99,Medium,Mid-Value Occasional Shoppers,15762.7462193396
C101621,North,Social Media,0.57825935,Medium,37372.32,Medium,Mid-Value Occasional Shoppers,21610.893471192
C101622,South,Email Marketing,0.35764197,Medium,56740.96,High,Mid-Value Occasional Shoppers,20292.9487140912
C101623,West,Paid Ads,0.5063137,Medium,24568.92,Medium,Mid-Value Occasional Shoppers,12439.580790203998
C101624,Central,Paid Ads,0.49764448,Medium,30724.13,Medium,Mid-Value Occasional Shoppers,15289.6936973024
C101625,North,Referral,0.0013218933,Low,957199.67,Very High,High-Value Loyalists,1265.315830535211
C101626,North,Social Media,0.59832007,Medium,31919.79,Medium,Mid-Value Occasional Shoppers,19098.2509871853
C101627,West,Paid Ads,0.00046642663,Low,783637.38,Very High,High-Value Loyalists,365.5093422954294
C101628,South,Email Marketing,0.69393337,High,7169.44,Low,Mid-Value Occasional Shoppers,4975.1136602128
C101629,North,Social Media,0.8020165,High,5592.86,Low,Mid-Value Occasional Shoppers,4485.56600219
C101630,North,Organic Search,0.0025796352,Low,572925.43,Very High,Mid-Value Occasional Shoppers,1477.938606203136
C101631,East,Referral,0.161766,Low,114222.31,High,Mid-Value Occasional Shoppers,18477.28619946
C101633,Central,Paid Ads,0.9745973,High,328.66,Low,Low-Engagement / Dormant,320.311148618
C101634,South,Organic Search,0.290084,Low,56754.12,High,Mid-Value Occasional Shoppers,16463.46214608
C101635,North,Organic Search,0.9758915,High,2477.99,Low,Low-Engagement / Dormant,2418.249378085
C101636,West,Direct,0.03294878,Low,360934.54,Very High,Mid-Value Occasional Shoppers,11892.352752861198
C101637,Central,Organic Search,0.0062110242,Low,255471.72,Very High,Mid-Value Occasional Shoppers,1586.741035335624
C101638,South,Referral,0.08501753,Low,215755.22,High,High-Value Loyalists,18342.9758890066
C101639,Central,Social Media,0.36581692,Medium,14915.65,Medium,Low-Engagement / Dormant,5456.397142798
C101640,West,Organic Search,0.70966744,High,14721.0,Medium,Low-Engagement / Dormant,10447.01438424
C101641,Central,Direct,0.8135845,High,6579.59,Low,Low-Engagement / Dormant,5353.052440355001
C101642,South,Organic Search,0.47889516,Medium,42310.25,Medium,Mid-Value Occasional Shoppers,20262.17394339
C101643,North,Social Media,0.83449423,High,982.31,Low,Low-Engagement / Dormant,819.7320270713
C101644,North,Referral,0.0016494563,Low,537364.01,Very High,Mid-Value Occasional Shoppers,886.358451687763
C101646,Central,Paid Ads,0.6768078,High,17381.76,Medium,Low-Engagement / Dormant,11764.110745727998
C101647,South,Email Marketing,0.004214395,Low,355582.92,Very High,Mid-Value Occasional Shoppers,1498.5668801334
C101649,North,Paid Ads,0.705538,High,17823.51,Medium,Mid-Value Occasional Shoppers,12575.16359838
C101650,East,Social Media,0.41384417,Medium,63315.69,High,Mid-Value Occasional Shoppers,26202.829176027302
C101651,Central,Paid Ads,0.92466104,High,550.11,Low,Low-Engagement / Dormant,508.66528471440006
C101652,South,Paid Ads,0.16048457,Low,114142.89,High,Mid-Value Occasional Shoppers,18318.1726202073
C101653,East,Paid Ads,0.013415431,Low,397312.63,Very High,Mid-Value Occasional Shoppers,5330.12017319353
C101654,East,Organic Search,0.23779917,Low,75603.7,High,Mid-Value Occasional Shoppers,17978.497108929
C101655,Central,Referral,0.22590639,Low,119847.36,High,Low-Engagement / Dormant,27074.2844486304
C101656,West,Organic Search,0.12116608,Low,108986.99,High,Low-Engagement / Dormant,13205.5263492992
C101659,West,Organic Search,0.65069264,High,19303.9,Medium,Low-Engagement / Dormant,12560.905653296002
C101660,Central,Social Media,0.029248042,Low,200727.55,High,Mid-Value Occasional Shoppers,5870.887812957099
C101661,East,Social Media,0.65100956,High,23669.8,Medium,Mid-Value Occasional Shoppers,15409.266083288
C101662,North,Organic Search,0.5876326,Medium,27000.97,Medium,Mid-Value Occasional Shoppers,15866.650203622
C101663,East,Organic Search,0.0005959234,Low,594095.4,Very High,High-Value Loyalists,354.03535069236
C101664,West,Organic Search,0.13014582,Low,131510.8,High,Mid-Value Occasional Shoppers,17115.580904855997
C101665,South,Social Media,0.8314056,High,5799.51,Low,Mid-Value Occasional Shoppers,4821.745091256
C101666,Central,Paid Ads,0.33802313,Medium,71495.08,High,Low-Engagement / Dormant,24166.9907212004
C101667,North,Referral,0.00952706,Low,814212.92,Very High,High-Value Loyalists,7757.055341615201
C101668,Central,Social Media,0.8959438,High,1628.68,Low,Low-Engagement / Dormant,1459.205748184
C101669,South,Paid Ads,0.05157709,Low,215015.8,High,Mid-Value Occasional Shoppers,11089.889268022
C101670,North,Organic Search,0.88654184,High,7836.28,Low,Mid-Value Occasional Shoppers,6947.1900899552
C101671,East,Paid Ads,0.88408494,High,5449.32,Low,Mid-Value Occasional Shoppers,4817.6617452408
C101672,East,Paid Ads,0.6493732,High,29965.4,Medium,Mid-Value Occasional Shoppers,19458.72768728
C101673,Central,Paid Ads,0.19493023,Low,95383.17,High,Mid-Value Occasional Shoppers,18593.0632662291
C101674,East,Direct,0.5842817,Medium,14527.45,Medium,Mid-Value Occasional Shoppers,8488.123182665
C101675,North,Organic Search,0.4409667,Medium,45460.28,Medium,Mid-Value Occasional Shoppers,20046.469652676
C101676,Central,Organic Search,0.97978276,High,337.58,Low,Low-Engagement / Dormant,330.7550641208
C101677,East,Email Marketing,0.0070117684,Low,545575.16,Very High,Mid-Value Occasional Shoppers,3825.446666712944
C101678,South,Direct,0.86663777,High,1935.13,Low,Low-Engagement / Dormant,1677.0567478601
C101679,Central,Paid Ads,0.9933215,High,284.85,Low,Low-Engagement / Dormant,282.947629275
C101680,North,Social Media,0.7032073,High,11893.61,Medium,Mid-Value Occasional Shoppers,8363.673375353
C101681,North,Organic Search,0.9856786,High,1329.41,Low,Low-Engagement / Dormant,1310.370987626
C101682,East,Email Marketing,0.06310594,Low,263127.6,Very High,Mid-Value Occasional Shoppers,16604.914537943998
C101683,East,Social Media,0.0010510375,Low,439369.51,Very High,Mid-Value Occasional Shoppers,461.79383136662506
C101684,East,Paid Ads,0.083419435,Low,115246.39,High,Mid-Value Occasional Shoppers,9613.78873958965
C101685,Central,Paid Ads,0.97755617,High,2284.43,Low,Low-Engagement / Dormant,2233.1586414330995
C101686,South,Paid Ads,0.08267324,Low,231844.84,Very High,Mid-Value Occasional Shoppers,19167.3641000816
C101687,Central,Referral,0.02871683,Low,267579.1,Very High,High-Value Loyalists,7684.023526252999
C101688,North,Organic Search,0.084761485,Low,363696.7,Very High,Mid-Value Occasional Shoppers,30827.4723815995
C101689,North,Social Media,0.54136264,Medium,81487.92,High,Mid-Value Occasional Shoppers,44114.5154993088
C101690,North,Organic Search,0.95922226,High,401.72,Low,Low-Engagement / Dormant,385.3387662872
C101691,North,Referral,0.0006626128,Low,784961.9,Very High,Mid-Value Occasional Shoppers,520.12580245232
C101692,South,Organic Search,0.8860697,High,1125.09,Low,Low-Engagement / Dormant,996.908158773
C101693,Central,Email Marketing,0.31335986,Medium,48871.56,High,Mid-Value Occasional Shoppers,15314.385199581598
C101694,West,Paid Ads,0.919415,High,4313.75,Low,Mid-Value Occasional Shoppers,3966.12645625
C101695,West,Paid Ads,0.47286403,Medium,85789.58,High,Mid-Value Occasional Shoppers,40566.8065308074
C101696,North,Paid Ads,0.9316784,High,2370.78,Low,Low-Engagement / Dormant,2208.804517152
C101697,Central,Social Media,0.9802153,High,346.76,Low,Low-Engagement / Dormant,339.899457428
C101698,South,Paid Ads,0.0025988657,Low,422133.06,Very High,Mid-Value Occasional Shoppers,1097.067130470042
C101699,West,Paid Ads,0.026077216,Low,271836.18,Very High,High-Value Loyalists,7088.73078247488
C101700,West,Organic Search,0.9683021,High,692.64,Low,Low-Engagement / Dormant,670.684766544
C101701,North,Paid Ads,0.5346141,Medium,18793.9,Medium,Mid-Value Occasional Shoppers,10047.48393399
C101702,East,Email Marketing,0.0004489849,Low,724586.18,Very High,High-Value Loyalists,325.32825356868204
C101703,Central,Organic Search,0.21804826,Low,75968.0,High,Mid-Value Occasional Shoppers,16564.69021568
C101704,South,Email Marketing,0.025733603,Low,198905.08,High,Mid-Value Occasional Shoppers,5118.54436340324
C101705,West,Email Marketing,0.028610332,Low,481278.44,Very High,Mid-Value Occasional Shoppers,13769.53595284208
C101706,Central,Social Media,0.0050129043,Low,279461.59,Very High,Mid-Value Occasional Shoppers,1400.914206195837
C101707,South,Organic Search,0.81388557,High,18067.8,Medium,Mid-Value Occasional Shoppers,14705.121701645998
C101708,South,Social Media,0.2519104,Low,74843.49,High,Mid-Value Occasional Shoppers,18853.853503296
C101709,South,Email Marketing,0.00078677555,Low,688170.12,Very High,High-Value Loyalists,541.435424656566
C101710,West,Paid Ads,0.8046214,High,6866.04,Low,Mid-Value Occasional Shoppers,5524.562717256
C101711,South,Paid Ads,0.98613006,High,602.16,Low,Low-Engagement / Dormant,593.8080769296
C101712,East,Paid Ads,0.96639735,High,888.02,Low,Low-Engagement / Dormant,858.180174747
C101713,North,Paid Ads,0.7129268,High,15911.73,Medium,Mid-Value Occasional Shoppers,11343.898751364
C101714,Central,Organic Search,0.31411156,Medium,37632.39,Medium,Mid-Value Occasional Shoppers,11820.7687294284
C101715,Central,Organic Search,0.36921528,Medium,71332.71,High,Low-Engagement / Dormant,26337.1264958088
C101716,East,Social Media,0.48046163,Medium,51094.25,High,Mid-Value Occasional Shoppers,24548.8266386275
C101717,Central,Paid Ads,0.92461544,High,1218.41,Low,Low-Engagement / Dormant,1126.5606982504
C101718,West,Organic Search,0.0016444643,Low,542739.37,Very High,Mid-Value Occasional Shoppers,892.5155181694911
C101719,Central,Direct,0.9902395,High,313.95,Low,Low-Engagement / Dormant,310.885691025
C101720,North,Paid Ads,0.10130535,Low,160668.66,High,Mid-Value Occasional Shoppers,16276.594835331
C101721,North,Organic Search,0.0465738,Low,234579.87,Very High,Mid-Value Occasional Shoppers,10925.275949406
C101722,Central,Organic Search,0.93797827,High,843.5,Low,Low-Engagement / Dormant,791.184670745
C101723,South,Paid Ads,0.80616,High,4282.23,Low,Mid-Value Occasional Shoppers,3452.1625367999995
C101724,South,Social Media,0.07161352,Low,263277.37,Very High,Mid-Value Occasional Shoppers,18854.2192020424
C101725,West,Organic Search,0.334784,Medium,46990.18,High,Mid-Value Occasional Shoppers,15731.56042112
C101726,East,Email Marketing,0.01173493,Low,561839.7,Very High,Mid-Value Occasional Shoppers,6593.149550720999
C101727,South,Email Marketing,0.26979062,Low,70195.73,High,Low-Engagement / Dormant,18938.1495180526
C101728,South,Paid Ads,0.6071448,High,31213.04,Medium,Mid-Value Occasional Shoppers,18950.834928192
C101729,South,Referral,0.00073037425,Low,532485.13,Very High,High-Value Loyalists,388.9134274599025
C101730,North,Social Media,0.53975946,Medium,17957.48,Medium,Mid-Value Occasional Shoppers,9692.7197077608
C101731,North,Email Marketing,0.9631777,High,377.05,Low,Low-Engagement / Dormant,363.166151785
C101732,East,Organic Search,0.0027657314,Low,461682.77,Very High,Mid-Value Occasional Shoppers,1276.890533827978
C101733,West,Social Media,0.22496496,Low,41444.77,Medium,Mid-Value Occasional Shoppers,9323.6210252592
C101734,South,Organic Search,0.70528084,High,7293.39,Low,Mid-Value Occasional Shoppers,5143.8882256476
C101735,South,Organic Search,0.9540964,High,346.91,Low,Low-Engagement / Dormant,330.985582124
C101736,East,Email Marketing,0.17621654,Low,123393.78,High,Mid-Value Occasional Shoppers,21744.0249691212
C101737,North,Paid Ads,0.03138916,Low,188610.07,High,Mid-Value Occasional Shoppers,5920.3116648412
C101738,South,Paid Ads,0.9532934,High,4277.8,Low,Mid-Value Occasional Shoppers,4077.99850652
C101739,North,Organic Search,0.00091666344,Low,379960.23,Very High,High-Value Loyalists,348.2956514949912
C101740,East,Email Marketing,0.24671163,Low,53782.27,High,Low-Engagement / Dormant,13268.7114968001
C101741,North,Paid Ads,0.883783,High,7412.46,Low,Mid-Value Occasional Shoppers,6551.00613618
C101742,South,Organic Search,0.07129957,Low,166713.13,High,Mid-Value Occasional Shoppers,11886.5744823541
C101743,East,Social Media,0.9520536,High,420.46,Low,Low-Engagement / Dormant,400.300456656
C101744,West,Organic Search,0.8872799,High,3566.95,Low,Mid-Value Occasional Shoppers,3164.883039305
C101745,West,Organic Search,0.094322965,Low,283691.39,Very High,High-Value Loyalists,26758.61304977135
C101746,Central,Social Media,0.79925305,High,9591.82,Medium,Mid-Value Occasional Shoppers,7666.291390051
C101747,West,Direct,0.026086796,Low,207794.45,High,Mid-Value Occasional Shoppers,5420.6914270822
C101748,South,Referral,0.85152245,High,7112.67,Low,Low-Engagement / Dormant,6056.5981844415
C101749,North,Organic Search,0.4553335,Medium,21047.71,Medium,Mid-Value Occasional Shoppers,9583.727461285
C101750,North,Paid Ads,0.21376182,Low,55452.36,High,Mid-Value Occasional Shoppers,11853.5973968952
C101751,South,Referral,0.24615477,Low,48361.67,High,Mid-Value Occasional Shoppers,11904.4557556659
C101752,North,Organic Search,0.33374596,Medium,29497.34,Medium,Mid-Value Occasional Shoppers,9844.6180557464
C101753,South,Referral,0.9475192,High,982.53,Low,Low-Engagement / Dormant,930.966039576
C101754,West,Paid Ads,0.002299571,Low,896632.8,Very High,Mid-Value Occasional Shoppers,2061.8707845288
C101755,West,Email Marketing,0.9673707,High,856.41,Low,Low-Engagement / Dormant,828.465941187
C101756,South,Paid Ads,0.00086200057,Low,564343.94,Very High,High-Value Loyalists,486.46479795604574
C101757,East,Direct,0.091391645,Low,214831.31,High,High-Value Loyalists,19633.786818404948
C101758,North,Paid Ads,0.90750396,High,7296.21,Low,Mid-Value Occasional Shoppers,6621.3394679916
C101759,East,Referral,0.641342,High,24986.35,Medium,Mid-Value Occasional Shoppers,16024.795681699998
C101760,East,Organic Search,0.09195557,Low,117448.05,High,Mid-Value Occasional Shoppers,10800.0023831385
C101761,South,Social Media,0.00077916635,Low,1000074.09,Very High,High-Value Loyalists,779.2240784348714
C101762,South,Paid Ads,0.1480943,Low,257725.66,Very High,Mid-Value Occasional Shoppers,38167.70120973801
C101763,Central,Organic Search,0.002078091,Low,466242.04,Very High,Mid-Value Occasional Shoppers,968.8933871456398
C101764,East,Paid Ads,0.0023116309,Low,584219.36,Very High,Mid-Value Occasional Shoppers,1350.4995249542242
C101765,East,Organic Search,0.9132789,High,8276.3,Low,Mid-Value Occasional Shoppers,7558.570160069999
C101766,North,Direct,0.651532,High,14676.53,Medium,Mid-Value Occasional Shoppers,9562.22894396
C101767,North,Email Marketing,0.013405476,Low,181896.22,High,Mid-Value Occasional Shoppers,2438.40541170072
C101768,South,Referral,0.94507736,High,3142.35,Low,Low-Engagement / Dormant,2969.763842196
C101769,Central,Paid Ads,0.14555107,Low,161432.66,High,Mid-Value Occasional Shoppers,23496.6963959462
C101770,North,Organic Search,0.6621099,High,13000.11,Medium,Mid-Value Occasional Shoppers,8607.501532089002
C101771,South,Paid Ads,0.9472229,High,390.87,Low,Low-Engagement / Dormant,370.241014923
C101772,Central,Organic Search,0.10194346,Low,103741.71,High,Mid-Value Occasional Shoppers,10575.7888637166
C101773,East,Social Media,0.12734091,Low,113601.65,High,Mid-Value Occasional Shoppers,14466.1374885015
C101774,South,Email Marketing,0.026203252,Low,335597.85,Very High,High-Value Loyalists,8793.7550342082
C101775,East,Organic Search,0.3405148,Medium,67427.99,High,Mid-Value Occasional Shoppers,22960.228529252003
C101776,East,Organic Search,0.5907404,Medium,10653.91,Medium,Mid-Value Occasional Shoppers,6293.6950549640005
C101777,Central,Organic Search,0.76218665,High,21243.52,Medium,Mid-Value Occasional Shoppers,16191.527343008
C101778,North,Paid Ads,0.025105832,Low,247559.25,Very High,Mid-Value Occasional Shoppers,6215.180940546001
C101779,West,Organic Search,0.0009806859,Low,319731.95,Very High,High-Value Loyalists,313.556615144505
C101780,South,Paid Ads,0.89382,High,672.45,Low,Low-Engagement / Dormant,601.049259
C101781,West,Organic Search,0.05514094,Low,213343.92,High,Mid-Value Occasional Shoppers,11763.9842920848
C101783,West,Referral,0.84655124,High,17700.19,Medium,Low-Engagement / Dormant,14984.1177927356
C101784,Central,Direct,0.0014977262,Low,634265.55,Very High,High-Value Loyalists,949.95613199241
C101785,West,Organic Search,0.32135588,Medium,46262.99,High,Mid-Value Occasional Shoppers,14866.8838628812
C101786,North,Organic Search,0.0006655044,Low,447585.61,Very High,Mid-Value Occasional Shoppers,297.870192831684
C101787,North,Paid Ads,0.00067044,Low,431824.99,Very High,Mid-Value Occasional Shoppers,289.5127462956
C101788,South,Referral,0.07806758,Low,149818.35,High,High-Value Loyalists,11695.956024093
C101790,South,Social Media,0.8966315,High,3641.94,Low,Mid-Value Occasional Shoppers,3265.4781251100003
C101791,West,Social Media,0.5690697,Medium,23638.54,Medium,Mid-Value Occasional Shoppers,13451.976866238
C101792,West,Direct,0.0005344684,Low,663034.55,Very High,High-Value Loyalists,354.37101508322
C101793,Central,Organic Search,0.0024979883,Low,536518.3,Very High,High-Value Loyalists,1340.2164361358905
C101794,South,Organic Search,0.9882734,High,429.56,Low,Low-Engagement / Dormant,424.522721704
C101795,West,Paid Ads,0.8876599,High,3219.64,Low,Mid-Value Occasional Shoppers,2857.945320436
C101796,West,Paid Ads,0.27892253,Low,62962.8,High,Mid-Value Occasional Shoppers,17561.743471884
C101797,Central,Organic Search,0.17074597,Low,93360.51,High,Low-Engagement / Dormant,15940.9308396447
C101798,West,Email Marketing,0.78271455,High,13571.72,Medium,Mid-Value Occasional Shoppers,10622.782712526
C101799,South,Social Media,0.55043095,Medium,71207.03,High,Mid-Value Occasional Shoppers,39194.553169578496
C101800,North,Direct,0.074380785,Low,219016.67,Very High,Mid-Value Occasional Shoppers,16290.631842685953
C101801,Central,Direct,0.42179847,Medium,40280.58,Medium,Mid-Value Occasional Shoppers,16990.2870147126
C101802,West,Social Media,0.5749441,Medium,52470.19,High,Low-Engagement / Dormant,30167.426166379
C101803,West,Email Marketing,0.63917357,High,17812.76,Medium,Mid-Value Occasional Shoppers,11385.4454007532
C101804,West,Referral,0.80203974,High,10150.08,Medium,Low-Engagement / Dormant,8140.7675241792
C101806,West,Social Media,0.79205143,High,36451.83,Medium,Mid-Value Occasional Shoppers,28871.724077616906
C101807,Central,Direct,0.8282988,High,20316.42,Medium,Mid-Value Occasional Shoppers,16828.066306295997
C101808,Central,Referral,0.68394107,High,12992.82,Medium,Mid-Value Occasional Shoppers,8886.3232131174
C101809,South,Referral,0.20461716,Low,89766.86,High,Mid-Value Occasional Shoppers,18367.8399553176
C101810,North,Organic Search,0.9660405,High,380.91,Low,Low-Engagement / Dormant,367.974486855
C101813,West,Social Media,0.94644684,High,4018.59,Low,Mid-Value Occasional Shoppers,3803.3818067556
C101814,West,Social Media,0.050880544,Low,338404.1,Very High,Mid-Value Occasional Shoppers,17218.1846998304
C101815,South,Social Media,0.14270464,Low,92423.29,High,Mid-Value Occasional Shoppers,13189.232327065598
C101816,South,Organic Search,0.5995441,Medium,42454.2,Medium,Mid-Value Occasional Shoppers,25453.16513022
C101817,East,Referral,0.66582096,High,27404.88,Medium,Mid-Value Occasional Shoppers,18246.7435102848
C101818,West,Organic Search,0.60703444,High,18420.39,Medium,Mid-Value Occasional Shoppers,11181.8111282316
C101819,East,Organic Search,0.12793405,Low,110725.98,High,Mid-Value Occasional Shoppers,14165.623061619
C101820,North,Organic Search,0.68474823,High,18589.57,Medium,Mid-Value Occasional Shoppers,12729.1751539611
C101821,South,Social Media,0.0014437538,Low,652124.08,Very High,High-Value Loyalists,941.506618571504
C101822,East,Organic Search,0.7582325,High,12312.46,Medium,Mid-Value Occasional Shoppers,9335.70732695
C101823,East,Paid Ads,0.96839696,High,887.03,Low,Low-Engagement / Dormant,858.9971554287999
C101825,Central,Paid Ads,0.9796872,High,461.02,Low,Low-Engagement / Dormant,451.655392944
C101826,North,Email Marketing,0.42574316,Medium,49150.13,High,Mid-Value Occasional Shoppers,20925.3316606108
C101827,North,Paid Ads,0.124583,Low,170005.93,High,Mid-Value Occasional Shoppers,21179.84877719
C101828,South,Organic Search,0.9397576,High,7311.41,Low,Mid-Value Occasional Shoppers,6870.953114215999
C101829,South,Referral,0.12854685,Low,116992.76,High,Mid-Value Occasional Shoppers,15039.050770805998
C101830,South,Paid Ads,0.010471354,Low,158923.73,High,Mid-Value Occasional Shoppers,1664.14663583042
C101831,North,Direct,0.9833313,High,1163.81,Low,Low-Engagement / Dormant,1144.410800253
C101832,North,Organic Search,0.7573459,High,4494.74,Low,Low-Engagement / Dormant,3404.072910566
C101833,West,Email Marketing,0.98045325,High,318.9,Low,Low-Engagement / Dormant,312.666541425
C101834,North,Paid Ads,0.73747,High,9293.43,Medium,Mid-Value Occasional Shoppers,6853.6258221
C101835,West,Email Marketing,0.6326665,High,25290.55,Medium,Mid-Value Occasional Shoppers,16000.483751575
C101836,South,Organic Search,0.0011035627,Low,382590.63,Very High,Mid-Value Occasional Shoppers,422.212748637501
C101837,South,Social Media,0.20502794,Low,219495.8,Very High,Mid-Value Occasional Shoppers,45002.77171265199
C101838,North,Organic Search,0.99119663,High,1559.81,Low,Low-Engagement / Dormant,1546.0784154403
C101839,North,Email Marketing,0.35263184,Medium,50363.72,High,Low-Engagement / Dormant,17759.8512528448
C101840,South,Organic Search,0.6641694,High,7670.44,Low,Low-Engagement / Dormant,5094.471532536
C101841,West,Paid Ads,0.45308438,Medium,66326.92,High,Mid-Value Occasional Shoppers,30051.6914255096
C101842,Central,Social Media,0.40535972,Medium,50268.72,High,Mid-Value Occasional Shoppers,20376.9142639584
C101843,North,Paid Ads,0.0006195499,Low,760281.12,Very High,High-Value Loyalists,471.032091867888
C101844,North,Referral,0.037298307,Low,484308.92,Very High,Mid-Value Occasional Shoppers,18063.90278099844
C101845,North,Referral,0.8928835,High,4392.51,Low,Mid-Value Occasional Shoppers,3921.999702585
C101846,West,Organic Search,0.90453833,High,3095.04,Low,Mid-Value Occasional Shoppers,2799.5823128832
C101847,North,Referral,0.0010790044,Low,370226.0,Very High,Mid-Value Occasional Shoppers,399.4754829944
C101849,Central,Social Media,0.0008723584,Low,443671.72,Very High,Mid-Value Occasional Shoppers,387.040751784448
C101850,Central,Organic Search,0.32553604,Medium,99369.63,High,Mid-Value Occasional Shoppers,32348.3958464652
C101851,West,Paid Ads,0.00027483015,Low,675307.81,Very High,High-Value Loyalists,185.5949467184715
C101852,North,Email Marketing,0.9753039,High,296.14,Low,Low-Engagement / Dormant,288.826496946
C101853,South,Direct,0.0007677254,Low,597664.45,Very High,Mid-Value Occasional Shoppers,458.84217894202993
C101854,North,Direct,0.088674895,Low,186043.91,High,Mid-Value Occasional Shoppers,16497.42418463945
C101855,West,Referral,0.69128215,High,24664.98,Medium,Mid-Value Occasional Shoppers,17050.460404107
C101856,West,Organic Search,0.9094085,High,2061.78,Low,Low-Engagement / Dormant,1875.00025713
C101857,North,Paid Ads,0.65255594,High,13516.24,Medium,Mid-Value Occasional Shoppers,8820.102698465598
C101859,East,Referral,0.7475233,High,11566.65,Medium,Mid-Value Occasional Shoppers,8646.340377945
C101860,West,Organic Search,0.009245745,Low,341372.21,Very High,High-Value Loyalists,3156.2404037464503
C101861,North,Direct,0.0033318202,Low,475825.96,Very High,High-Value Loyalists,1585.366545212392
C101862,South,Organic Search,0.8199676,High,6910.55,Low,Mid-Value Occasional Shoppers,5666.42709818
C101863,North,Organic Search,0.042535737,Low,376852.8,Very High,High-Value Loyalists,16029.7115885136
C101864,West,Email Marketing,0.8981913,High,4387.63,Low,Mid-Value Occasional Shoppers,3940.931093619
C101865,North,Organic Search,0.92221856,High,1053.13,Low,Low-Engagement / Dormant,971.2160320928
C101866,South,Organic Search,0.90951335,High,1781.55,Low,Low-Engagement / Dormant,1620.3435086925
C101867,West,Social Media,0.00091747433,Low,565112.38,Very High,Mid-Value Occasional Shoppers,518.4761022152054
C101869,East,Organic Search,0.9607384,High,621.09,Low,Low-Engagement / Dormant,596.705012856
C101870,West,Paid Ads,0.19781373,Low,324765.22,Very High,Mid-Value Occasional Shoppers,64243.01954247059
C101871,East,Organic Search,0.01936944,Low,243651.28,Very High,High-Value Loyalists,4719.388848883201
C101872,East,Social Media,0.62951887,High,44198.18,Medium,Mid-Value Occasional Shoppers,27823.5883296566
C101873,South,Paid Ads,0.0025730869,Low,476791.16,Very High,Mid-Value Occasional Shoppers,1226.8250878318038
C101874,North,Social Media,0.7274682,High,6744.43,Low,Mid-Value Occasional Shoppers,4906.358352126001
C101875,South,Paid Ads,0.0090306,Low,193577.1,High,Mid-Value Occasional Shoppers,1748.11735926
C101876,North,Direct,0.00089812675,Low,555234.26,Very High,High-Value Loyalists,498.670741422455
C101877,East,Social Media,0.44228867,Medium,29430.98,Medium,Mid-Value Occasional Shoppers,13016.9890009966
C101878,East,Referral,0.001622672,Low,404665.97,Very High,Mid-Value Occasional Shoppers,656.6401388718399
C101879,North,Paid Ads,0.7190214,High,26437.11,Medium,Mid-Value Occasional Shoppers,19008.847844154003
C101881,West,Paid Ads,0.1409557,Low,113537.99,High,Mid-Value Occasional Shoppers,16003.826857043
C101882,East,Social Media,0.0012970016,Low,751573.18,Very High,High-Value Loyalists,974.791616977088
C101883,Central,Organic Search,0.33051342,Medium,23578.52,Medium,Mid-Value Occasional Shoppers,7793.0172837384
C101884,South,Organic Search,0.98399377,High,291.9,Low,Low-Engagement / Dormant,287.227781463
C101885,South,Paid Ads,0.010398614,Low,475385.66,Very High,Mid-Value Occasional Shoppers,4943.35197947524
C101887,East,Organic Search,0.88792825,High,1890.07,Low,Low-Engagement / Dormant,1678.2465474775
C101888,North,Social Media,0.6620646,High,22647.33,Medium,Mid-Value Occasional Shoppers,14993.995477518
C101889,Central,Referral,0.19153535,Low,107997.16,High,Low-Engagement / Dormant,20685.273839606
C101890,South,Organic Search,0.18447287,Low,118300.07,High,Mid-Value Occasional Shoppers,21823.153434100903
C101891,East,Referral,0.025898676,Low,167939.69,High,Mid-Value Occasional Shoppers,4349.41561885044
C101892,East,Organic Search,0.005101834,Low,431861.48,Very High,Mid-Value Occasional Shoppers,2203.28558195432
C101893,South,Direct,0.06921772,Low,269535.83,Very High,Mid-Value Occasional Shoppers,18656.6556109076
C101894,West,Social Media,0.4862324,Medium,56377.83,High,Low-Engagement / Dormant,27412.727587692003
C101895,West,Paid Ads,0.0038114765,Low,523316.95,Very High,Mid-Value Occasional Shoppers,1994.6102569766751
C101897,East,Paid Ads,0.04471244,Low,142969.17,High,High-Value Loyalists,6392.500435474801
C101898,East,Paid Ads,0.5513892,Medium,25451.56,Medium,Mid-Value Occasional Shoppers,14033.715307152
C101899,South,Paid Ads,0.0015466978,Low,588366.65,Very High,High-Value Loyalists,910.02540314837
C101900,West,Direct,0.286945,Low,60777.01,High,Low-Engagement / Dormant,17439.65913445
C101901,South,Email Marketing,0.0004257618,Low,616419.78,Very High,Mid-Value Occasional Shoppers,262.447995088404
C101902,South,Social Media,0.19311474,Low,92644.81,High,Mid-Value Occasional Shoppers,17891.0783954994
C101903,North,Email Marketing,0.002598182,Low,877779.46,Very High,Mid-Value Occasional Shoppers,2280.63079294172
C101904,West,Organic Search,0.7929777,High,10943.82,Medium,Mid-Value Occasional Shoppers,8678.205212814
C101905,North,Social Media,0.8045456,High,8871.75,Low,Mid-Value Occasional Shoppers,7137.7274268
C101906,Central,Paid Ads,0.5720153,Medium,34409.35,Medium,Mid-Value Occasional Shoppers,19682.674663055
C101907,North,Paid Ads,0.027002398,Low,186612.1,High,Mid-Value Occasional Shoppers,5038.9741958158
C101908,South,Email Marketing,0.98512113,High,596.03,Low,Low-Engagement / Dormant,587.1617471139
C101909,North,Email Marketing,0.5466568,Medium,36325.82,Medium,Low-Engagement / Dormant,19857.756518576003
C101910,South,Email Marketing,0.88974684,High,9160.5,Medium,Mid-Value Occasional Shoppers,8150.52592782
C101911,South,Social Media,0.7053822,High,22438.8,Medium,Low-Engagement / Dormant,15827.93010936
C101912,West,Paid Ads,0.8768601,High,5828.86,Low,Mid-Value Occasional Shoppers,5111.094762486
C101913,North,Referral,0.4141563,Medium,12587.03,Medium,Mid-Value Occasional Shoppers,5212.997772789
C101914,South,Organic Search,0.12301054,Low,199906.36,High,Mid-Value Occasional Shoppers,24590.5892930344
C101915,North,Email Marketing,0.9944383,High,300.33,Low,Low-Engagement / Dormant,298.659654639
C101916,South,Organic Search,0.50243616,Medium,40369.35,Medium,Mid-Value Occasional Shoppers,20283.021195696
C101917,Central,Email Marketing,0.2686217,Low,67273.93,High,Mid-Value Occasional Shoppers,18071.237442281
C101918,South,Referral,0.1233012,Low,217917.71,High,Mid-Value Occasional Shoppers,26869.515144252
C101919,West,Organic Search,0.0037085158,Low,512933.73,Very High,High-Value Loyalists,1902.222842057934
C101920,East,Organic Search,0.037069682,Low,316804.74,Very High,Mid-Value Occasional Shoppers,11743.85096789268
C101921,South,Paid Ads,0.7111734,High,21250.95,Medium,Low-Engagement / Dormant,15113.11036473
C101923,North,Email Marketing,0.18118253,Low,165018.81,High,Mid-Value Occasional Shoppers,29898.5254933893
C101924,Central,Organic Search,0.14491205,Low,131785.78,High,Mid-Value Occasional Shoppers,19097.347540649
C101925,East,Paid Ads,0.56151575,Medium,25463.79,Medium,Mid-Value Occasional Shoppers,14298.3191396925
C101926,South,Organic Search,0.0008623,Low,950867.9,Very High,High-Value Loyalists,819.93339017
C101927,Central,Organic Search,0.013330102,Low,200788.79,High,High-Value Loyalists,2676.5350511565803
C101928,South,Organic Search,0.03492096,Low,190086.26,High,Mid-Value Occasional Shoppers,6637.9946820096
C101929,Central,Email Marketing,0.9728387,High,305.06,Low,Low-Engagement / Dormant,296.774173822
C101930,Central,Referral,0.8161673,High,7256.79,Low,Mid-Value Occasional Shoppers,5922.754700967001
C101931,South,Email Marketing,0.31204304,Medium,97578.88,High,Mid-Value Occasional Shoppers,30448.8103549952
C101932,South,Paid Ads,0.68323934,High,14835.74,Medium,Mid-Value Occasional Shoppers,10136.3612060116
C101933,West,Organic Search,0.52813923,Medium,25210.9,Medium,Mid-Value Occasional Shoppers,13314.865313607
C101934,North,Organic Search,0.07841506,Low,171453.51,High,Mid-Value Occasional Shoppers,13444.5372738606
C101935,West,Paid Ads,0.35159987,Medium,21960.1,Medium,Mid-Value Occasional Shoppers,7721.168305186999
C101936,North,Organic Search,0.0022590796,Low,349986.1,Very High,Mid-Value Occasional Shoppers,790.64645879356
C101938,East,Social Media,0.6244338,High,10289.87,Medium,Mid-Value Occasional Shoppers,6425.342625606001
C101940,West,Social Media,0.0068266923,Low,315508.24,Very High,Mid-Value Occasional Shoppers,2153.877672594552
C101941,East,Social Media,0.20725639,Low,174890.79,High,Mid-Value Occasional Shoppers,36247.2337796481
C101942,South,Referral,0.580372,Medium,89295.27,High,Mid-Value Occasional Shoppers,51824.47444044
C101943,South,Paid Ads,0.15344779,Low,212408.32,High,Mid-Value Occasional Shoppers,32593.5872816128
C101944,South,Referral,0.060405087,Low,320043.31,Very High,Mid-Value Occasional Shoppers,19332.24398431797
C101945,South,Paid Ads,0.12180371,Low,137117.18,High,Mid-Value Occasional Shoppers,16701.3812287378
C101947,East,Paid Ads,0.11166784,Low,139727.47,High,Mid-Value Occasional Shoppers,15603.0647635648
C101948,North,Organic Search,0.83712494,High,22936.56,Medium,Mid-Value Occasional Shoppers,19200.766413806403
C101949,North,Paid Ads,0.0394499,Low,311133.9,Very High,High-Value Loyalists,12274.201241610002
C101950,West,Referral,0.0006985452,Low,969896.88,Very High,High-Value Loyalists,677.516810018976
C101951,North,Referral,0.2279415,Low,60730.56,High,Mid-Value Occasional Shoppers,13843.01494224
C101952,Central,Organic Search,0.9585254,High,678.08,Low,Low-Engagement / Dormant,649.9569032320001
C101953,South,Organic Search,0.3870896,Medium,35180.07,Medium,Mid-Value Occasional Shoppers,13617.839224271998
C101954,North,Organic Search,0.0004792036,Low,541552.83,Very High,High-Value Loyalists,259.514065726188
C101955,Central,Direct,0.10002585,Low,170344.91,High,Mid-Value Occasional Shoppers,17038.8944159235
C101956,East,Paid Ads,0.0009683587,Low,926913.62,Very High,High-Value Loyalists,897.584868075494
C101957,West,Paid Ads,0.37174332,Medium,38295.64,Medium,Mid-Value Occasional Shoppers,14236.1483551248
C101958,South,Organic Search,0.8917728,High,3188.94,Low,Mid-Value Occasional Shoppers,2843.8099528320004
C101960,East,Paid Ads,0.034243267,Low,177072.73,High,Mid-Value Occasional Shoppers,6063.548771808911
C101961,South,Organic Search,0.66452336,High,23057.43,Medium,Mid-Value Occasional Shoppers,15322.2008565648
C101962,East,Paid Ads,0.6035669,High,31974.6,Medium,Low-Engagement / Dormant,19298.81020074
C101963,South,Referral,0.0006567183,Low,642546.9,Very High,High-Value Loyalists,421.97230783827
C101964,South,Paid Ads,0.09031873,Low,279441.17,Very High,Mid-Value Occasional Shoppers,25238.7715841141
C101965,North,Direct,0.5070991,Medium,49420.74,High,Mid-Value Occasional Shoppers,25061.212775334
C101966,West,Email Marketing,0.9175131,High,969.24,Low,Low-Engagement / Dormant,889.290397044
C101967,South,Social Media,0.9381562,High,460.4,Low,Low-Engagement / Dormant,431.92711448
C101968,Central,Direct,0.9301194,High,597.76,Low,Low-Engagement / Dormant,555.988172544
C101969,South,Email Marketing,0.119755246,Low,146117.3,High,Mid-Value Occasional Shoppers,17498.313206355797
C101970,East,Paid Ads,0.12457159,Low,139958.51,High,Mid-Value Occasional Shoppers,17434.8541247309
C101971,South,Referral,0.17531325,Low,133494.24,High,Mid-Value Occasional Shoppers,23403.30907068
C101972,West,Social Media,0.00043716765,Low,714878.02,Very High,High-Value Loyalists,312.521544040053
C101973,West,Social Media,0.015642967,Low,274282.01,Very High,Mid-Value Occasional Shoppers,4290.584431123671
C101974,East,Social Media,0.0006757984,Low,725991.79,Very High,High-Value Loyalists,490.62409009513607
C101975,South,Email Marketing,0.07640605,Low,145282.34,High,Mid-Value Occasional Shoppers,11100.449734157
C101976,West,Email Marketing,0.01630244,Low,152346.72,High,Mid-Value Occasional Shoppers,2483.6232619968
C101977,North,Paid Ads,0.5852387,Medium,27457.45,Medium,Mid-Value Occasional Shoppers,16069.162343315
C101978,East,Social Media,0.0007963455,Low,569448.84,Very High,Mid-Value Occasional Shoppers,453.47802121422
C101979,West,Social Media,0.76093686,High,17018.18,Medium,Low-Engagement / Dormant,12949.7604521148
C101980,South,Email Marketing,0.9676339,High,399.58,Low,Low-Engagement / Dormant,386.647153762
C101981,East,Paid Ads,0.010320435,Low,379904.91,Very High,High-Value Loyalists,3920.7839298358494
C101982,West,Organic Search,0.26176554,Low,82511.5,High,Low-Engagement / Dormant,21598.667353710003
C101983,North,Organic Search,0.13188404,Low,79704.43,High,Mid-Value Occasional Shoppers,10511.7422342972
C101984,South,Organic Search,0.007388529,Low,499198.19,Very High,High-Value Loyalists,3688.3403035625097
C101985,South,Organic Search,0.0007547753,Low,549954.49,Very High,High-Value Loyalists,415.092065176097
C101986,West,Paid Ads,0.02143107,Low,300016.94,Very High,Mid-Value Occasional Shoppers,6429.6840423258
C101987,East,Organic Search,0.0018321616,Low,445314.0,Very High,Mid-Value Occasional Shoppers,815.8872107424
C101988,South,Email Marketing,0.7573989,High,12024.43,Medium,Mid-Value Occasional Shoppers,9107.290055127
C101989,South,Paid Ads,0.99056983,High,5917.13,Low,Low-Engagement / Dormant,5861.3304581879
C101990,North,Paid Ads,0.899117,High,13634.05,Medium,Mid-Value Occasional Shoppers,12258.60613385
C101991,North,Referral,0.7987589,High,24515.38,Medium,Mid-Value Occasional Shoppers,19581.877961882
C101992,South,Paid Ads,0.21736263,Low,131766.45,High,High-Value Loyalists,28641.1021177635
C101993,North,Referral,0.9010825,High,711.12,Low,Low-Engagement / Dormant,640.7777874
C101994,North,Email Marketing,0.0013548912,Low,561061.68,Very High,Mid-Value Occasional Shoppers,760.1775328892161
C101995,East,Paid Ads,0.35062572,Medium,77580.85,High,Mid-Value Occasional Shoppers,27201.841389462
C101996,East,Paid Ads,0.80018276,High,16106.88,Medium,Mid-Value Occasional Shoppers,12888.4476933888
C101997,North,Paid Ads,0.0028513668,Low,530346.33,Very High,High-Value Loyalists,1512.2119178638438
C101998,East,Paid Ads,0.004259197,Low,565989.87,Very High,Mid-Value Occasional Shoppers,2410.66235633439
C101999,North,Social Media,0.008799918,Low,227155.65,Very High,Mid-Value Occasional Shoppers,1998.9510932367
C102001,Central,Paid Ads,0.7946396,High,7995.52,Low,Mid-Value Occasional Shoppers,6353.556814592001
C102002,East,Paid Ads,0.2830487,Low,71113.67,High,Low-Engagement / Dormant,20128.631845729
C102003,North,Organic Search,0.63450253,High,35965.22,Medium,Mid-Value Occasional Shoppers,22820.023082006603
C102004,South,Organic Search,0.5679002,Medium,22087.16,Medium,Mid-Value Occasional Shoppers,12543.302581432
C102005,West,Social Media,0.01844844,Low,217579.82,High,Mid-Value Occasional Shoppers,4014.0082544808
C102006,North,Organic Search,0.90742373,High,11252.05,Medium,Mid-Value Occasional Shoppers,10210.3771811465
C102007,Central,Referral,0.0897037,Low,166283.62,High,Mid-Value Occasional Shoppers,14916.255963394
C102008,South,Email Marketing,0.8786696,High,11685.36,Medium,Mid-Value Occasional Shoppers,10267.570597056
C102009,North,Referral,0.96000135,High,4481.37,Low,Mid-Value Occasional Shoppers,4302.1212498495
C102010,East,Paid Ads,0.0010046771,Low,578428.1,Very High,High-Value Loyalists,581.13346606651
C102011,West,Paid Ads,0.98785317,High,333.52,Low,Low-Engagement / Dormant,329.4687892584
C102012,South,Social Media,0.7799933,High,36261.52,Medium,Mid-Value Occasional Shoppers,28283.742647816
C102013,Central,Referral,0.3922259,Medium,57297.04,High,Low-Engagement / Dormant,22473.383081336
C102014,Central,Direct,0.02186143,Low,250317.6,Very High,Mid-Value Occasional Shoppers,5472.300690168
C102015,North,Paid Ads,0.0012954564,Low,599570.46,Very High,High-Value Loyalists,776.717389657944
C102016,North,Organic Search,0.0012147983,Low,663394.82,Very High,High-Value Loyalists,805.8908995648059
C102017,South,Paid Ads,0.06793098,Low,111611.6,High,Mid-Value Occasional Shoppers,7581.885367368
C102018,East,Direct,0.93285197,High,823.81,Low,Low-Engagement / Dormant,768.4927814056999
C102020,South,Email Marketing,0.93189865,High,684.67,Low,Low-Engagement / Dormant,638.0430486955
C102021,Central,Referral,0.0019731477,Low,676895.2,Very High,High-Value Loyalists,1335.61420702104
C102022,South,Direct,0.0044010216,Low,635143.95,Very High,Mid-Value Occasional Shoppers,2795.28224305932
C102023,West,Social Media,0.78238934,High,4874.97,Low,Mid-Value Occasional Shoppers,3814.124560819801
C102025,North,Email Marketing,0.025771152,Low,324487.66,Very High,Mid-Value Occasional Shoppers,8362.42080798432
C102026,North,Email Marketing,0.014214465,Low,327358.95,Very High,Mid-Value Occasional Shoppers,4653.232337211751
C102027,North,Direct,0.08061779,Low,150756.33,High,Mid-Value Occasional Shoppers,12153.6421531107
C102028,Central,Social Media,0.92467904,High,1105.77,Low,Low-Engagement / Dormant,1022.4823420608
C102029,South,Referral,0.31240833,Medium,35344.14,Medium,Mid-Value Occasional Shoppers,11041.8037526862
C102030,West,Social Media,0.98172337,High,810.33,Low,Low-Engagement / Dormant,795.5198984121
C102031,East,Referral,0.66965336,High,14246.23,Medium,Mid-Value Occasional Shoppers,9540.0357868328
C102032,South,Referral,0.7567704,High,11399.44,Medium,Mid-Value Occasional Shoppers,8626.758768575999
C102033,Central,Referral,0.027624052,Low,161243.09,High,Mid-Value Occasional Shoppers,4454.18750280068
C102034,South,Paid Ads,0.9718005,High,817.74,Low,Low-Engagement / Dormant,794.68014087
C102035,West,Referral,0.86792994,High,7449.0,Low,Mid-Value Occasional Shoppers,6465.21012306
C102036,South,Email Marketing,0.90514636,High,5463.48,Low,Mid-Value Occasional Shoppers,4945.2490349328
C102038,North,Paid Ads,0.94381344,High,560.53,Low,Low-Engagement / Dormant,529.0357475232
C102040,West,Referral,0.78510314,High,8425.34,Low,Mid-Value Occasional Shoppers,6614.7608895676
C102041,South,Paid Ads,0.0012499487,Low,754358.65,Very High,High-Value Loyalists,942.909613901255
C102042,South,Social Media,0.8945896,High,721.72,Low,Low-Engagement / Dormant,645.643206112
C102043,North,Referral,0.40583348,Medium,45472.54,Medium,Mid-Value Occasional Shoppers,18454.279152639203
C102044,East,Referral,0.11424195,Low,175957.55,High,Mid-Value Occasional Shoppers,20101.733629222497
C102045,West,Paid Ads,0.38256833,Medium,41865.16,Medium,Mid-Value Occasional Shoppers,16016.2843463828
C102046,East,Paid Ads,0.7549042,High,10478.7,Medium,Mid-Value Occasional Shoppers,7910.414640540001
C102047,Central,Email Marketing,0.11367173,Low,72155.67,High,Mid-Value Occasional Shoppers,8202.0598382091
C102048,North,Direct,0.6081392,High,19354.73,Medium,Mid-Value Occasional Shoppers,11770.370018416
C102049,North,Paid Ads,0.013758468,Low,344862.02,Very High,High-Value Loyalists,4744.77306658536
C102050,East,Email Marketing,0.0010783842,Low,899883.36,Very High,High-Value Loyalists,970.419997266912
C102051,South,Paid Ads,0.1945791,Low,115460.65,High,Mid-Value Occasional Shoppers,22466.229362415
C102052,West,Organic Search,0.7073702,High,23011.6,Medium,Mid-Value Occasional Shoppers,16277.72009432
C102053,West,Referral,0.0019949735,Low,606722.1,Very High,Mid-Value Occasional Shoppers,1210.39451136435
C102054,North,Organic Search,0.048769254,Low,202385.66,High,Mid-Value Occasional Shoppers,9870.19765849764
C102055,Central,Organic Search,0.11680794,Low,213652.0,High,Mid-Value Occasional Shoppers,24956.24999688
C102056,North,Direct,0.9019448,High,1589.48,Low,Low-Engagement / Dormant,1433.623220704
C102057,West,Social Media,0.9368487,High,786.59,Low,Low-Engagement / Dormant,736.915818933
C102058,South,Organic Search,0.49772704,Medium,44303.2,Medium,Mid-Value Occasional Shoppers,22050.900598528
C102059,West,Paid Ads,0.0013425709,Low,632737.41,Very High,Mid-Value Occasional Shoppers,849.494834007369
C102060,North,Social Media,0.06954728,Low,162745.43,High,Mid-Value Occasional Shoppers,11318.5019889304
C102061,Central,Social Media,0.96946836,High,430.98,Low,Low-Engagement / Dormant,417.8214737928
C102062,Central,Paid Ads,0.0060463557,Low,369879.72,Very High,Mid-Value Occasional Shoppers,2236.424353336404
C102063,East,Paid Ads,0.00065069925,Low,636751.99,Very High,High-Value Loyalists,414.3340423290075
C102064,East,Social Media,0.86943173,High,11349.4,Medium,Mid-Value Occasional Shoppers,9867.528476462
C102065,East,Social Media,0.44111758,Medium,42278.28,Medium,Low-Engagement / Dormant,18649.6925601624
C102066,East,Direct,0.27507135,Low,123220.95,High,Mid-Value Occasional Shoppers,33894.5530647825
C102067,East,Paid Ads,0.6745401,High,19893.69,Medium,Mid-Value Occasional Shoppers,13419.091641968998
C102068,East,Email Marketing,0.42083633,Medium,39837.39,Medium,Mid-Value Occasional Shoppers,16765.021004378697
C102069,Central,Direct,0.0008542483,Low,674720.7,Very High,High-Value Loyalists,576.37901094981
C102070,East,Paid Ads,0.46942502,Medium,37366.7,Medium,Mid-Value Occasional Shoppers,17540.863894834
C102071,North,Organic Search,0.09613592,Low,76069.67,High,Mid-Value Occasional Shoppers,7313.0277095464
C102073,North,Email Marketing,0.9762512,High,523.22,Low,Low-Engagement / Dormant,510.794152864
C102074,North,Organic Search,0.96395683,High,480.02,Low,Low-Engagement / Dormant,462.7185575366
C102076,North,Social Media,0.02335058,Low,202185.24,High,Mid-Value Occasional Shoppers,4721.1426214392
C102077,North,Email Marketing,0.19876735,Low,99487.77,High,Mid-Value Occasional Shoppers,19774.9204003095
C102078,East,Organic Search,0.59715503,Medium,24912.28,Medium,Mid-Value Occasional Shoppers,14876.4933107684
C102079,West,Paid Ads,0.00049277314,Low,634485.37,Very High,High-Value Loyalists,312.6573480589618
C102080,North,Organic Search,0.0030132327,Low,461416.87,Very High,Mid-Value Occasional Shoppers,1390.356401015649
C102081,East,Direct,0.0014120155,Low,636914.57,Very High,High-Value Loyalists,899.3332450158349
C102082,North,Referral,0.5868718,Medium,35507.22,Medium,Mid-Value Occasional Shoppers,20838.186114396
C102084,South,Email Marketing,0.9379824,High,913.41,Low,Low-Engagement / Dormant,856.762503984
C102085,North,Social Media,0.98095727,High,312.5,Low,Low-Engagement / Dormant,306.549146875
C102086,Central,Email Marketing,0.0008840232,Low,784984.15,Very High,Mid-Value Occasional Shoppers,693.9442002322801
C102087,East,Organic Search,0.10205467,Low,252056.06,Very High,Mid-Value Occasional Shoppers,25723.4980248002
C102088,West,Organic Search,0.99382704,High,298.35,Low,Low-Engagement / Dormant,296.508297384
C102089,Central,Paid Ads,0.0013892547,Low,386662.51,Very High,Mid-Value Occasional Shoppers,537.172709331297
C102090,Central,Organic Search,0.0033702417,Low,509023.33,Very High,Mid-Value Occasional Shoppers,1715.5316530388611
C102091,West,Email Marketing,0.001986472,Low,454234.49,Very High,Mid-Value Occasional Shoppers,902.32409581928
C102092,South,Social Media,0.954192,High,434.96,Low,Low-Engagement / Dormant,415.03535232
C102094,East,Referral,0.8461814,High,13079.43,Medium,Mid-Value Occasional Shoppers,11067.570388602
C102095,South,Social Media,0.005071005,Low,502945.48,Very High,Mid-Value Occasional Shoppers,2550.4390438074
C102096,South,Social Media,0.4563128,Medium,33669.49,Medium,Mid-Value Occasional Shoppers,15363.819256472
C102097,South,Organic Search,0.07049297,Low,358480.73,Very High,Mid-Value Occasional Shoppers,25270.3713454681
C102098,East,Direct,0.8327981,High,5683.84,Low,Mid-Value Occasional Shoppers,4733.491152704
C102099,West,Social Media,0.0009898796,Low,640968.99,Very High,High-Value Loyalists,634.482127433604
C102100,East,Email Marketing,0.15176395,Low,178287.95,High,Mid-Value Occasional Shoppers,27057.683529402504
C102101,South,Referral,0.1083052,Low,156297.66,High,Mid-Value Occasional Shoppers,16927.849325832
C102102,North,Social Media,0.45631537,Medium,9615.51,Medium,Mid-Value Occasional Shoppers,4387.7050033887
C102103,Central,Organic Search,0.0010439114,Low,597892.63,Very High,High-Value Loyalists,624.146932432982
C102104,South,Social Media,0.71600956,High,6142.1,Low,Low-Engagement / Dormant,4397.802318476
C102105,South,Organic Search,0.4984126,Medium,29304.8,Medium,Mid-Value Occasional Shoppers,14605.881560479998
C102107,West,Organic Search,0.043500744,Low,166352.84,High,Mid-Value Occasional Shoppers,7236.47230651296
C102108,East,Paid Ads,0.28539875,Low,45975.55,High,Mid-Value Occasional Shoppers,13121.3645005625
C102110,North,Social Media,0.0011297141,Low,608573.07,Very High,High-Value Loyalists,687.5135780592869
C102111,Central,Social Media,0.88854146,High,4145.37,Low,Low-Engagement / Dormant,3683.3331120402
C102112,East,Referral,0.6666657,High,8755.88,Low,Mid-Value Occasional Shoppers,5837.244869316
C102113,West,Referral,0.36706448,Medium,122025.09,High,Mid-Value Occasional Shoppers,44791.0762078032
C102114,North,Email Marketing,0.6199971,High,23001.37,Medium,Mid-Value Occasional Shoppers,14260.782696027
C102115,East,Paid Ads,0.0005426666,Low,655284.12,Very High,High-Value Loyalists,355.600805434392
C102116,South,Social Media,0.40754616,Medium,59067.21,High,Low-Engagement / Dormant,24072.6146174136
C102117,South,Email Marketing,0.04176117,Low,194013.9,High,Mid-Value Occasional Shoppers,8102.247460263
C102118,West,Paid Ads,0.0012177089,Low,679880.15,Very High,High-Value Loyalists,827.896109588335
C102119,West,Organic Search,0.42294234,Medium,14089.76,Medium,Mid-Value Occasional Shoppers,5959.156064438401
C102120,South,Organic Search,0.0012206115,Low,712730.65,Very High,High-Value Loyalists,869.9672277924751
C102121,Central,Referral,0.42600697,Medium,40434.87,Medium,Mid-Value Occasional Shoppers,17225.5364510439
C102122,North,Referral,0.9639741,High,528.85,Low,Low-Engagement / Dormant,509.797702785
C102123,East,Organic Search,0.16705464,Low,90999.64,High,Mid-Value Occasional Shoppers,15201.9121003296
C102124,North,Organic Search,0.77932143,High,8605.74,Low,Mid-Value Occasional Shoppers,6706.637603008199
C102125,South,Organic Search,0.5761077,Medium,16739.18,Medium,Mid-Value Occasional Shoppers,9643.570489686
C102126,Central,Paid Ads,0.8108833,High,7585.85,Low,Low-Engagement / Dormant,6151.239081305
C102127,North,Organic Search,0.027239742,Low,92898.01,High,Low-Engagement / Dormant,2530.51782471342
C102128,Central,Referral,0.63162273,High,15533.54,Medium,Low-Engagement / Dormant,9811.3369413642
C102129,South,Direct,0.22232442,Low,77708.77,High,Mid-Value Occasional Shoppers,17276.557219163402
C102130,West,Referral,0.5884548,Medium,40382.99,Medium,Mid-Value Occasional Shoppers,23763.564303852
C102131,North,Email Marketing,0.08116824,Low,298406.57,Very High,Mid-Value Occasional Shoppers,24221.1360913368
C102132,East,Direct,0.0056654685,Low,318088.39,Very High,Mid-Value Occasional Shoppers,1802.119753760715
C102133,Central,Referral,0.57462215,Medium,12152.26,Medium,Mid-Value Occasional Shoppers,6982.957768559001
C102134,East,Social Media,0.98539114,High,532.15,Low,Low-Engagement / Dormant,524.375895151
C102135,South,Email Marketing,0.9836596,High,585.65,Low,Low-Engagement / Dormant,576.08024474
C102136,West,Social Media,0.18910019,Low,91912.71,High,Mid-Value Occasional Shoppers,17380.7109244149
C102137,West,Paid Ads,0.95652854,High,361.28,Low,Low-Engagement / Dormant,345.5746309312
C102138,North,Organic Search,0.41708738,Medium,133738.34,High,Mid-Value Occasional Shoppers,55780.5738361492
C102139,West,Social Media,0.95898193,High,320.14,Low,Low-Engagement / Dormant,307.0084750702
C102140,West,Email Marketing,0.9345658,High,7889.19,Low,Mid-Value Occasional Shoppers,7372.967163701999
C102142,South,Paid Ads,0.0015524279,Low,572476.01,Very High,Mid-Value Occasional Shoppers,888.727730004679
C102143,South,Social Media,0.8369857,High,8254.93,Low,Mid-Value Occasional Shoppers,6909.258364501001
C102144,Central,Email Marketing,0.55020434,Medium,23474.98,Medium,Mid-Value Occasional Shoppers,12916.035877413198
C102145,East,Referral,0.23314548,Low,89831.19,High,Mid-Value Occasional Shoppers,20943.7359115212
C102146,East,Paid Ads,0.7684029,High,27530.68,Medium,Mid-Value Occasional Shoppers,21154.654350972
C102147,Central,Paid Ads,0.57861346,Medium,30215.51,Medium,Low-Engagement / Dormant,17483.1007867646
C102148,North,Paid Ads,0.38278311,Medium,68526.56,High,Mid-Value Occasional Shoppers,26230.8097544016
C102150,West,Organic Search,0.84030485,High,7233.75,Low,Mid-Value Occasional Shoppers,6078.5552086875
C102151,West,Email Marketing,0.89982766,High,841.06,Low,Low-Engagement / Dormant,756.8090517196
C102152,Central,Organic Search,0.006312007,Low,528712.45,Very High,Mid-Value Occasional Shoppers,3337.236685387149
C102153,East,Direct,0.5445801,Medium,37473.29,Medium,Mid-Value Occasional Shoppers,20407.208015529
C102154,South,Paid Ads,0.88171774,High,5430.25,Low,Mid-Value Occasional Shoppers,4787.947757635
C102155,South,Referral,0.0054739397,Low,533459.89,Very High,High-Value Loyalists,2920.1272702286333
C102156,North,Referral,0.46427545,Medium,45215.99,Medium,Low-Engagement / Dormant,20992.674104445498
C102157,Central,Referral,0.4317048,Medium,26645.56,Medium,Mid-Value Occasional Shoppers,11503.016150688
C102158,North,Referral,0.31327975,Medium,29369.59,Medium,Mid-Value Occasional Shoppers,9200.8978128025
C102159,East,Organic Search,0.9702543,High,1593.84,Low,Low-Engagement / Dormant,1546.430113512
C102160,South,Organic Search,0.9158214,High,3323.37,Low,Mid-Value Occasional Shoppers,3043.613366118
C102161,North,Organic Search,0.0023416001,Low,358449.48,Very High,Mid-Value Occasional Shoppers,839.345338212948
C102162,South,Referral,0.029924039,Low,341163.12,Very High,Mid-Value Occasional Shoppers,10208.97850824168
C102163,East,Referral,0.50185007,Medium,28990.87,Medium,Low-Engagement / Dormant,14549.0701388609
C102164,North,Paid Ads,0.9799178,High,296.19,Low,Low-Engagement / Dormant,290.241853182
C102165,Central,Referral,0.5407236,Medium,24309.22,Medium,Mid-Value Occasional Shoppers,13144.568951592
C102166,Central,Paid Ads,0.65288174,High,25975.72,Medium,Mid-Value Occasional Shoppers,16959.0732713528
C102167,North,Paid Ads,0.052797984,Low,189071.59,High,Mid-Value Occasional Shoppers,9982.59878367456
C102168,Central,Paid Ads,0.6804319,High,19345.82,Medium,Mid-Value Occasional Shoppers,13163.513059658
C102169,South,Referral,0.97434026,High,948.48,Low,Low-Engagement / Dormant,924.1422498048
C102170,North,Organic Search,0.6913139,High,12435.41,Medium,Mid-Value Occasional Shoppers,8596.771785199
C102171,South,Email Marketing,0.7196405,High,17864.18,Medium,Mid-Value Occasional Shoppers,12855.78742729
C102172,West,Referral,0.19679148,Low,116176.2,High,Mid-Value Occasional Shoppers,22862.486338776
C102173,West,Social Media,0.009570507,Low,430334.54,Very High,Mid-Value Occasional Shoppers,4118.51972741178
C102174,North,Organic Search,0.626011,High,27127.29,Medium,Mid-Value Occasional Shoppers,16981.98194019
C102175,West,Referral,0.82081234,High,13594.04,Medium,Low-Engagement / Dormant,11158.1557824536
C102176,West,Email Marketing,0.80930847,High,17966.75,Medium,Mid-Value Occasional Shoppers,14540.6429533725
C102177,West,Social Media,0.37226576,Medium,65107.55,High,Low-Engagement / Dormant,24237.311582488
C102178,East,Paid Ads,0.9841595,High,772.59,Low,Low-Engagement / Dormant,760.351788105
C102179,West,Paid Ads,0.97354865,High,638.72,Low,Low-Engagement / Dormant,621.824993728
C102180,East,Paid Ads,0.8986009,High,380.96,Low,Low-Engagement / Dormant,342.330998864
C102181,North,Paid Ads,0.95418817,High,1190.66,Low,Low-Engagement / Dormant,1136.1136864922
C102182,West,Referral,0.8755293,High,2766.62,Low,Mid-Value Occasional Shoppers,2422.256871966
C102183,South,Paid Ads,0.0007588989,Low,606593.45,Very High,High-Value Loyalists,460.34310195220496
C102184,West,Email Marketing,0.0016018694,Low,465806.38,Very High,High-Value Loyalists,746.160986446772
C102185,West,Paid Ads,0.2537524,Low,85640.31,High,Mid-Value Occasional Shoppers,21731.434199244
C102186,South,Social Media,0.53027785,Medium,30208.66,Medium,Mid-Value Occasional Shoppers,16018.983276181
C102187,North,Direct,0.33313033,Medium,58053.45,High,Low-Engagement / Dormant,19339.3649561385
C102188,West,Paid Ads,0.5289066,Medium,27627.29,Medium,Mid-Value Occasional Shoppers,14612.256021114
C102189,West,Organic Search,0.25610048,Low,77252.51,High,Mid-Value Occasional Shoppers,19784.4048922048
C102190,West,Social Media,0.91965145,High,8822.22,Low,Mid-Value Occasional Shoppers,8113.367415219
C102191,East,Paid Ads,0.0014443706,Low,466207.08,Very High,Mid-Value Occasional Shoppers,673.375799863848
C102192,North,Referral,0.005005333,Low,208261.58,High,Mid-Value Occasional Shoppers,1042.41855900614
C102193,South,Email Marketing,0.034722414,Low,163098.1,High,Mid-Value Occasional Shoppers,5663.1597508134
C102194,West,Referral,0.4534383,Medium,34170.89,Medium,Mid-Value Occasional Shoppers,15494.390271087
C102195,South,Direct,0.008516129,Low,303487.55,Very High,High-Value Loyalists,2584.53912569395
C102196,West,Organic Search,0.90471596,High,6774.33,Low,Low-Engagement / Dormant,6128.8444693068
C102197,South,Organic Search,0.21752883,Low,103266.03,High,Mid-Value Occasional Shoppers,22463.3386846449
C102198,North,Paid Ads,0.6610735,High,21119.67,Medium,Mid-Value Occasional Shoppers,13961.654165744998
C102199,East,Social Media,0.44006228,Medium,37240.21,Medium,Mid-Value Occasional Shoppers,16388.0117202788
C102200,East,Organic Search,0.78994733,High,4736.51,Low,Mid-Value Occasional Shoppers,3741.5934280183
C102201,East,Organic Search,0.2383629,Low,61058.52,High,Mid-Value Occasional Shoppers,14554.085896907998
C102202,South,Direct,0.956732,High,355.35,Low,Low-Engagement / Dormant,339.97471620000005
C102203,West,Paid Ads,0.10188989,Low,151256.0,High,Mid-Value Occasional Shoppers,15411.45720184
C102204,East,Organic Search,0.123271056,Low,182667.46,High,Mid-Value Occasional Shoppers,22517.61069103776
C102205,West,Paid Ads,0.047336016,Low,298363.73,Very High,Mid-Value Occasional Shoppers,14123.35029709968
C102206,East,Organic Search,0.64432484,High,20578.09,Medium,Mid-Value Occasional Shoppers,13258.9745467556
C102207,South,Organic Search,0.32805234,Medium,58650.91,High,Mid-Value Occasional Shoppers,19240.5682686294
C102208,West,Paid Ads,0.34040034,Medium,47458.16,High,Low-Engagement / Dormant,16154.773799774404
C102209,East,Paid Ads,0.0007578969,Low,612297.88,Very High,High-Value Loyalists,464.058665128572
C102210,East,Email Marketing,0.56182665,Medium,34599.74,Medium,Mid-Value Occasional Shoppers,19439.056015071
C102211,East,Paid Ads,0.41061586,Medium,68927.99,High,Low-Engagement / Dormant,28302.9258919214
C102212,North,Referral,0.13004413,Low,237712.73,Very High,Mid-Value Occasional Shoppers,30913.145162774905
C102213,Central,Referral,0.68060756,High,14953.77,Medium,Mid-Value Occasional Shoppers,10177.6489125012
C102214,South,Referral,0.41316792,Medium,30407.73,Medium,Mid-Value Occasional Shoppers,12563.4985560216
C102215,North,Email Marketing,0.777088,High,21131.59,Medium,Mid-Value Occasional Shoppers,16421.10500992
C102216,West,Paid Ads,0.0308883,Low,241802.31,Very High,Mid-Value Occasional Shoppers,7468.862291973
C102217,North,Organic Search,0.82067025,High,4203.82,Low,Mid-Value Occasional Shoppers,3449.950010355
C102218,Central,Organic Search,0.1493422,Low,120527.87,High,Mid-Value Occasional Shoppers,17999.897267114
C102219,South,Organic Search,0.64949423,High,14312.67,Medium,Mid-Value Occasional Shoppers,9295.9965808941
C102220,South,Email Marketing,0.22046587,Low,156716.5,High,Mid-Value Occasional Shoppers,34550.639515855
C102221,North,Social Media,0.80293864,High,12428.7,Medium,Mid-Value Occasional Shoppers,9979.483474968
C102222,North,Organic Search,0.19845074,Low,125562.37,High,Low-Engagement / Dormant,24917.9452426538
C102223,North,Organic Search,0.08133169,Low,159220.75,High,Mid-Value Occasional Shoppers,12949.6926805675
C102224,North,Email Marketing,0.1315591,Low,155600.48,High,Mid-Value Occasional Shoppers,20470.659108368003
C102226,South,Organic Search,0.0012792015,Low,620694.65,Very High,High-Value Loyalists,793.993527321975
C102227,South,Email Marketing,0.7871458,High,7214.35,Low,Mid-Value Occasional Shoppers,5678.745302230001
C102228,North,Referral,0.24824405,Low,62425.01,High,Mid-Value Occasional Shoppers,15496.6373036905
C102229,North,Paid Ads,0.6713505,High,17468.59,Medium,Mid-Value Occasional Shoppers,11727.546630795
C102230,North,Paid Ads,0.34307286,Medium,39499.88,Medium,Low-Engagement / Dormant,13551.3368012568
C102231,North,Social Media,0.85272473,High,10095.49,Medium,Mid-Value Occasional Shoppers,8608.6739844677
C102233,North,Direct,0.0033635963,Low,390893.27,Very High,High-Value Loyalists,1314.8071566669012
C102234,South,Referral,0.0022036615,Low,666762.02,Very High,Mid-Value Occasional Shoppers,1469.3177931362302
C102235,Central,Social Media,0.008900513,Low,244098.82,Very High,Mid-Value Occasional Shoppers,2172.60472069466
C102236,South,Referral,0.9482949,High,925.16,Low,Low-Engagement / Dormant,877.324509684
C102237,North,Direct,0.98840594,High,290.64,Low,Low-Engagement / Dormant,287.2703024016
C102238,West,Organic Search,0.79039854,High,18112.19,Medium,Mid-Value Occasional Shoppers,14315.8485322026
C102239,East,Organic Search,0.3051187,Medium,191255.84,High,Mid-Value Occasional Shoppers,58355.733268208
C102240,North,Referral,0.7529495,High,3335.45,Low,Mid-Value Occasional Shoppers,2511.425409775
C102241,West,Organic Search,0.8763391,High,3103.84,Low,Low-Engagement / Dormant,2720.0163521440004
C102242,West,Referral,0.8992004,High,3631.01,Low,Mid-Value Occasional Shoppers,3265.005644404
C102244,Central,Paid Ads,0.9639261,High,903.74,Low,Low-Engagement / Dormant,871.138573614
C102245,East,Organic Search,0.75698537,High,7272.06,Low,Mid-Value Occasional Shoppers,5504.8430297622
C102246,West,Referral,0.93977445,High,1237.63,Low,Low-Engagement / Dormant,1163.0930525535002
C102247,South,Organic Search,0.3086547,Medium,101825.45,High,Low-Engagement / Dormant,31428.903722115
C102248,Central,Organic Search,0.012382292,Low,358402.6,Very High,Mid-Value Occasional Shoppers,4437.8456467592
C102249,East,Paid Ads,0.905867,High,451.3,Low,Low-Engagement / Dormant,408.8177771
C102250,South,Organic Search,0.0021064437,Low,417434.2,Very High,Mid-Value Occasional Shoppers,879.3016407545401
C102251,North,Social Media,0.68536144,High,21923.8,Medium,High-Value Loyalists,15025.727138272
C102252,East,Direct,0.7716496,High,26418.26,Medium,Low-Engagement / Dormant,20385.639761696
C102253,East,Referral,0.41850564,Medium,22647.5,Medium,Mid-Value Occasional Shoppers,9478.1064819
C102254,West,Social Media,0.056727484,Low,99862.13,High,Mid-Value Occasional Shoppers,5664.927381780921
C102255,North,Paid Ads,0.34498549,Medium,46315.89,High,Mid-Value Occasional Shoppers,15978.3100064361
C102256,West,Direct,0.26573345,Low,220049.98,Very High,Mid-Value Occasional Shoppers,58474.640357831
C102257,North,Email Marketing,0.047333878,Low,208395.19,High,Mid-Value Occasional Shoppers,9864.15249924682
C102258,East,Email Marketing,0.11391981,Low,87594.28,High,Mid-Value Occasional Shoppers,9978.7237346868
C102259,South,Organic Search,0.00053009833,Low,447143.64,Very High,Mid-Value Occasional Shoppers,237.0300968341212
C102260,South,Organic Search,0.0016670664,Low,613874.7,Very High,Mid-Value Occasional Shoppers,1023.36988618008
C102261,South,Organic Search,0.0033472816,Low,496952.96,Very High,Mid-Value Occasional Shoppers,1663.441499073536
C102262,North,Organic Search,0.5953797,Medium,19502.98,Medium,Mid-Value Occasional Shoppers,11611.678381506
C102263,North,Organic Search,0.6309989,High,27329.5,Medium,Low-Engagement / Dormant,17244.88443755
C102264,West,Email Marketing,0.0027148938,Low,557131.35,Very High,Mid-Value Occasional Shoppers,1512.55244790063
C102265,North,Organic Search,0.015380175,Low,182794.6,High,Mid-Value Occasional Shoppers,2811.412937055
C102266,West,Organic Search,0.219147,Low,53381.63,High,Mid-Value Occasional Shoppers,11698.42406961
C102267,West,Email Marketing,0.94254756,High,6719.88,Low,Mid-Value Occasional Shoppers,6333.8064974928
C102268,North,Direct,0.6706388,High,18798.72,Medium,Mid-Value Occasional Shoppers,12607.151022336
C102269,Central,Organic Search,0.71153736,High,20371.75,Medium,Mid-Value Occasional Shoppers,14495.26121358
C102270,West,Paid Ads,0.05551885,Low,205872.02,High,Mid-Value Occasional Shoppers,11429.777797577
C102271,West,Email Marketing,0.0034554931,Low,550854.07,Very High,Mid-Value Occasional Shoppers,1903.4724379919169
C102272,West,Direct,0.11542772,Low,161973.11,High,Mid-Value Occasional Shoppers,18696.1867886092
C102274,Central,Paid Ads,0.23826507,Low,81937.77,High,Mid-Value Occasional Shoppers,19522.9085046939
C102275,North,Social Media,0.89680815,High,1890.81,Low,Low-Engagement / Dormant,1695.6938181015
C102276,North,Referral,0.4459385,Medium,19576.68,Medium,Mid-Value Occasional Shoppers,8729.99531418
C102277,West,Organic Search,0.00059217185,Low,893744.83,Very High,High-Value Loyalists,529.2505294090355
C102278,South,Paid Ads,0.46467096,Medium,37758.16,Medium,Mid-Value Occasional Shoppers,17545.120455033604
C102279,East,Email Marketing,0.20395038,Low,83427.83,High,Mid-Value Occasional Shoppers,17015.1376310754
C102280,South,Referral,0.00239098,Low,725351.03,Very High,High-Value Loyalists,1734.2998057094
C102281,South,Organic Search,0.7930089,High,17689.8,Medium,Mid-Value Occasional Shoppers,14028.16883922
C102282,Central,Referral,0.00073059805,Low,706360.59,Very High,High-Value Loyalists,516.0656696508495
C102283,North,Social Media,0.4899026,Medium,43098.31,Medium,Mid-Value Occasional Shoppers,21113.974124606
C102284,North,Organic Search,0.009795686,Low,393535.1,Very High,Mid-Value Occasional Shoppers,3854.9462695786
C102285,West,Paid Ads,0.6853051,High,19647.38,Medium,Mid-Value Occasional Shoppers,13464.449715638
C102286,West,Paid Ads,0.011703908,Low,142042.46,High,Mid-Value Occasional Shoppers,1662.45188393368
C102287,West,Direct,0.26508552,Low,85240.45,High,Mid-Value Occasional Shoppers,22596.009013284
C102288,North,Organic Search,0.0068550524,Low,378993.58,Very High,Mid-Value Occasional Shoppers,2598.020850163592
C102289,Central,Email Marketing,0.01754285,Low,389389.51,Very High,Mid-Value Occasional Shoppers,6831.0017655035
C102290,East,Social Media,0.79062337,High,6501.72,Low,Mid-Value Occasional Shoppers,5140.4117771964
C102291,West,Email Marketing,0.7969894,High,12548.13,Medium,Mid-Value Occasional Shoppers,10000.726599822
C102292,North,Direct,0.6176419,High,48234.39,High,Mid-Value Occasional Shoppers,29791.580284941
C102293,South,Direct,0.9162101,High,4326.46,Low,Low-Engagement / Dormant,3963.946349246
C102294,East,Email Marketing,0.9763581,High,326.01,Low,Low-Engagement / Dormant,318.302504181
C102295,East,Paid Ads,0.444489,Medium,37558.78,Medium,Mid-Value Occasional Shoppers,16694.46456342
C102296,North,Organic Search,0.90335685,High,3558.15,Low,Mid-Value Occasional Shoppers,3214.2791758275
C102297,East,Paid Ads,0.83493376,High,15205.57,Medium,Mid-Value Occasional Shoppers,12695.6437330432
C102298,West,Social Media,0.9830276,High,320.03,Low,Low-Engagement / Dormant,314.598322828
C102299,South,Paid Ads,0.050378617,Low,233611.31,Very High,Mid-Value Occasional Shoppers,11769.01471335827
C102300,East,Paid Ads,0.0063539837,Low,191475.52,High,Mid-Value Occasional Shoppers,1216.632333029024
C102301,South,Organic Search,0.6116888,High,8038.21,Low,Mid-Value Occasional Shoppers,4916.883029048
C102302,Central,Referral,0.8403063,High,3776.19,Low,Mid-Value Occasional Shoppers,3173.156246997
C102303,East,Organic Search,0.042325802,Low,226704.57,Very High,High-Value Loyalists,9595.45274231514
C102304,East,Paid Ads,0.002010258,Low,726620.95,Very High,High-Value Loyalists,1460.6955777050998
C102306,West,Social Media,0.05161876,Low,235125.38,Very High,Mid-Value Occasional Shoppers,12136.8805601288
C102307,South,Email Marketing,0.9427703,High,6482.74,Low,Mid-Value Occasional Shoppers,6111.734734621999
C102308,East,Social Media,0.0040595843,Low,708149.7,Very High,High-Value Loyalists,2874.79340416971
C102309,Central,Referral,0.8061802,High,5492.13,Low,Mid-Value Occasional Shoppers,4427.646461826
C102310,North,Paid Ads,0.0014699957,Low,505994.97,Very High,High-Value Loyalists,743.810430121629
C102311,East,Organic Search,0.97867125,High,398.75,Low,Low-Engagement / Dormant,390.2451609375
C102312,North,Referral,0.6565906,High,40416.86,Medium,Mid-Value Occasional Shoppers,26537.330357516003
C102313,West,Organic Search,0.33260933,Medium,94968.83,High,Mid-Value Occasional Shoppers,31587.518917183897
C102314,East,Email Marketing,0.036860857,Low,417404.87,Very High,High-Value Loyalists,15385.901224173587
C102315,Central,Direct,0.058698986,Low,161973.96,High,Mid-Value Occasional Shoppers,9507.70721040456
C102316,West,Paid Ads,0.098483905,Low,155636.76,High,Mid-Value Occasional Shoppers,15327.7158863478
C102317,North,Referral,0.4561531,Medium,41386.49,Medium,Mid-Value Occasional Shoppers,18878.575711619
C102318,East,Paid Ads,0.79607743,High,21232.2,Medium,Mid-Value Occasional Shoppers,16902.475209246
C102319,Central,Paid Ads,0.82142204,High,10593.4,Medium,Low-Engagement / Dormant,8701.652238535999
C102320,North,Paid Ads,0.074879184,Low,340411.77,Very High,Mid-Value Occasional Shoppers,25489.75556159568
C102321,North,Social Media,0.94332975,High,1839.69,Low,Mid-Value Occasional Shoppers,1735.4343077775
C102322,West,Direct,0.64628434,High,11672.15,Medium,Mid-Value Occasional Shoppers,7543.527759131
C102323,East,Paid Ads,0.3723078,Medium,39541.89,Medium,Mid-Value Occasional Shoppers,14721.754073742
C102324,North,Referral,0.082921304,Low,189968.97,High,Mid-Value Occasional Shoppers,15752.47471193688
C102325,South,Paid Ads,0.0065605254,Low,286893.47,Very High,High-Value Loyalists,1882.1718970291377
C102326,South,Organic Search,0.2916287,Low,47976.78,High,Mid-Value Occasional Shoppers,13991.405981586
C102327,West,Social Media,0.5320779,Medium,36575.87,Medium,Mid-Value Occasional Shoppers,19461.212100273
C102328,East,Referral,0.6077787,High,11683.91,Medium,Mid-Value Occasional Shoppers,7101.231630717
C102329,East,Referral,0.85569334,High,9222.34,Medium,Mid-Value Occasional Shoppers,7891.4949172156
C102330,West,Direct,0.93889385,High,5093.45,Low,Mid-Value Occasional Shoppers,4782.2088802825
C102331,South,Organic Search,0.29298607,Low,43080.95,Medium,Mid-Value Occasional Shoppers,12622.118232366498
C102332,West,Social Media,0.6731435,High,15372.69,Medium,Mid-Value Occasional Shoppers,10348.026351015
C102333,South,Paid Ads,0.8277051,High,11990.04,Medium,Mid-Value Occasional Shoppers,9924.217257204
C102334,South,Email Marketing,0.6985684,High,29313.11,Medium,Mid-Value Occasional Shoppers,20477.212351724
C102335,East,Organic Search,0.08611006,Low,164757.85,High,Mid-Value Occasional Shoppers,14187.308348971
C102336,West,Organic Search,0.2908906,Low,99073.8,High,Mid-Value Occasional Shoppers,28819.63712628
C102337,Central,Referral,0.0016273492,Low,617876.94,Very High,Mid-Value Occasional Shoppers,1005.501544007448
C102338,South,Paid Ads,0.0011780289,Low,755075.24,Very High,High-Value Loyalists,889.500454394436
C102339,North,Referral,0.7428801,High,54900.46,High,Mid-Value Occasional Shoppers,40784.459214846
C102340,South,Direct,0.9586784,High,2576.04,Low,Mid-Value Occasional Shoppers,2469.593905536
C102341,East,Paid Ads,0.82963085,High,11421.33,Medium,Mid-Value Occasional Shoppers,9475.4877160305
C102342,North,Social Media,0.9774774,High,464.67,Low,Low-Engagement / Dormant,454.20442345800006
C102343,Central,Direct,0.24256265,Low,21781.81,Medium,Mid-Value Occasional Shoppers,5283.4535553965
C102344,West,Referral,0.0012368272,Low,697791.55,Very High,Mid-Value Occasional Shoppers,863.0475689701601
C102345,East,Organic Search,0.0006562471,Low,761191.29,Very High,Mid-Value Occasional Shoppers,499.5295766077591
C102346,South,Email Marketing,0.00071786693,Low,706183.73,Very High,High-Value Loyalists,506.9459462710489
C102347,North,Social Media,0.1341581,Low,172852.66,High,Mid-Value Occasional Shoppers,23189.584445546
C102348,East,Referral,0.80336744,High,16639.71,Medium,Mid-Value Occasional Shoppers,13367.8012250424
C102349,East,Social Media,0.9269119,High,7487.28,Low,Mid-Value Occasional Shoppers,6940.048930632
C102350,Central,Organic Search,0.36208436,Medium,75841.24,High,Mid-Value Occasional Shoppers,27460.9268470064
C102351,East,Email Marketing,0.006763684,Low,566641.89,Very High,Mid-Value Occasional Shoppers,3832.58668512276
C102352,North,Organic Search,0.0009516186,Low,573347.38,Very High,High-Value Loyalists,545.608031069268
C102353,North,Email Marketing,0.90950733,High,3256.65,Low,Mid-Value Occasional Shoppers,2961.9470462445
C102354,North,Email Marketing,0.9383437,High,1570.55,Low,Low-Engagement / Dormant,1473.715698035
C102355,Central,Direct,0.0007368673,Low,500561.65,Very High,High-Value Loyalists,368.847511519045
C102356,West,Organic Search,0.9634124,High,423.37,Low,Low-Engagement / Dormant,407.879907788
C102357,West,Paid Ads,0.00048209942,Low,570761.98,Very High,High-Value Loyalists,275.1640195160516
C102358,West,Organic Search,0.21743104,Low,91320.32,High,Mid-Value Occasional Shoppers,19855.8721507328
C102359,North,Paid Ads,0.00045701678,Low,576921.18,Very High,High-Value Loyalists,263.66265999740045
C102360,West,Paid Ads,0.9666654,High,361.31,Low,Low-Engagement / Dormant,349.26587567400003
C102361,West,Social Media,0.49157026,Medium,22156.34,Medium,Mid-Value Occasional Shoppers,10891.3978144484
C102362,North,Paid Ads,0.015746951,Low,168167.84,High,Mid-Value Occasional Shoppers,2648.13073625584
C102363,East,Direct,0.0014117789,Low,552812.47,Very High,High-Value Loyalists,780.4489808028829
C102364,West,Organic Search,0.33558825,Medium,59632.98,High,Low-Engagement / Dormant,20012.127400485
C102365,Central,Paid Ads,0.82383674,High,14980.72,Medium,Mid-Value Occasional Shoppers,12341.6675276528
C102366,North,Referral,0.025361774,Low,167076.32,High,High-Value Loyalists,4237.351868591681
C102367,Central,Organic Search,0.97672266,High,452.73,Low,Low-Engagement / Dormant,442.1916498618
C102368,Central,Referral,0.9735989,High,1533.03,Low,Low-Engagement / Dormant,1492.556321667
C102369,Central,Referral,0.0010259134,Low,825742.99,Very High,High-Value Loyalists,847.140798397066
C102370,North,Referral,0.15896362,Low,163988.73,High,Mid-Value Occasional Shoppers,26068.242160002603
C102371,North,Social Media,0.61896735,High,14128.78,Medium,Mid-Value Occasional Shoppers,8745.253515333
C102372,West,Email Marketing,0.9887432,High,941.28,Low,Low-Engagement / Dormant,930.684199296
C102373,South,Direct,0.96339315,High,602.3,Low,Low-Engagement / Dormant,580.251694245
C102374,North,Organic Search,0.0009982977,Low,748533.02,Very High,Mid-Value Occasional Shoppers,747.258792240054
C102375,West,Paid Ads,0.0005964382,Low,637913.44,Very High,High-Value Loyalists,380.47594390940793
C102376,North,Email Marketing,0.1190193,Low,95655.92,High,Mid-Value Occasional Shoppers,11384.900639256
C102377,South,Organic Search,0.0019865828,Low,552764.59,Very High,Mid-Value Occasional Shoppers,1098.112626943052
C102378,Central,Social Media,0.021867229,Low,585236.36,Very High,Mid-Value Occasional Shoppers,12797.49750324644
C102379,South,Social Media,0.62567425,High,17887.63,Medium,Mid-Value Occasional Shoppers,11191.8294845275
C102380,Central,Organic Search,0.0010623469,Low,618228.73,Very High,High-Value Loyalists,656.7733748064369
C102381,South,Paid Ads,0.85438573,High,15480.81,Medium,Mid-Value Occasional Shoppers,13226.583152841298
C102382,South,Referral,0.981121,High,1140.05,Low,Low-Engagement / Dormant,1118.52699605
C102383,North,Organic Search,0.08749502,Low,111393.4,High,Low-Engagement / Dormant,9746.367760868
C102384,South,Organic Search,0.20040652,Low,129636.55,High,Mid-Value Occasional Shoppers,25980.009850306
C102385,South,Email Marketing,0.80493444,High,15456.79,Medium,Mid-Value Occasional Shoppers,12441.7026028476
C102386,West,Email Marketing,0.5557077,Medium,34540.7,Medium,Mid-Value Occasional Shoppers,19194.53295339
C102387,Central,Social Media,0.44782305,Medium,25592.16,Medium,Mid-Value Occasional Shoppers,11460.759147288
C102388,North,Paid Ads,0.8296335,High,14406.3,Medium,Mid-Value Occasional Shoppers,11951.94909105
C102389,North,Organic Search,0.61236864,High,24812.05,Medium,Low-Engagement / Dormant,15194.121314112
C102390,East,Email Marketing,0.53450525,Medium,28414.24,Medium,Mid-Value Occasional Shoppers,15187.56045476
C102392,South,Email Marketing,0.15911767,Low,135426.09,High,Mid-Value Occasional Shoppers,21548.6838980103
C102393,South,Referral,0.42447373,Medium,34333.19,Medium,Mid-Value Occasional Shoppers,14573.5372220987
C102394,North,Organic Search,0.017109405,Low,242290.74,Very High,High-Value Loyalists,4145.4503984097
C102395,East,Social Media,0.36794484,Medium,89659.5,High,Mid-Value Occasional Shoppers,32989.75038198
C102396,North,Direct,0.15300347,Low,142442.12,High,Mid-Value Occasional Shoppers,21794.1386341564
C102397,West,Email Marketing,0.13244978,Low,173111.01,High,Mid-Value Occasional Shoppers,22928.5151900778
C102398,South,Social Media,0.0065109255,Low,166270.06,High,Mid-Value Occasional Shoppers,1082.5719735405298
C102399,South,Organic Search,0.25040254,Low,69972.69,High,Mid-Value Occasional Shoppers,17521.339306632603
C102400,East,Referral,0.0016137618,Low,407054.56,Very High,Mid-Value Occasional Shoppers,656.889099443808
C102401,North,Social Media,0.0024831365,Low,523692.13,Very High,High-Value Loyalists,1300.399042765745
C102402,Central,Social Media,0.008673251,Low,509182.03,Very High,Mid-Value Occasional Shoppers,4416.26355087953
C102403,West,Organic Search,0.00041284456,Low,959963.85,Very High,High-Value Loyalists,396.315853269156
C102404,Central,Email Marketing,0.5680595,Medium,39244.66,Medium,Mid-Value Occasional Shoppers,22293.301937270004
C102405,East,Social Media,0.9160235,High,23250.25,Medium,High-Value Loyalists,21297.775380875
C102406,South,Paid Ads,0.6362874,High,7802.35,Low,Mid-Value Occasional Shoppers,4964.53699539
C102407,North,Organic Search,0.12716027,Low,164133.28,High,Mid-Value Occasional Shoppers,20871.2322007856
C102408,East,Paid Ads,0.92876345,High,6091.29,Low,Mid-Value Occasional Shoppers,5657.3675153505
C102409,East,Paid Ads,0.0017160729,Low,712797.88,Very High,Mid-Value Occasional Shoppers,1223.213125045452
C102410,South,Organic Search,0.000634026,Low,651142.25,Very High,Mid-Value Occasional Shoppers,412.8411161985
C102411,North,Social Media,0.76803124,High,10385.64,Medium,Mid-Value Occasional Shoppers,7976.4959673936
C102412,South,Organic Search,0.6932209,High,16711.04,Medium,Mid-Value Occasional Shoppers,11584.442188736
C102413,North,Organic Search,0.6566782,High,14905.39,Medium,Mid-Value Occasional Shoppers,9788.044675498
C102414,South,Organic Search,0.7343047,High,26848.3,Medium,Mid-Value Occasional Shoppers,19714.83287701
C102415,East,Paid Ads,0.052723996,Low,439936.69,Very High,Mid-Value Occasional Shoppers,23195.22028381324
C102416,Central,Paid Ads,0.49561518,Medium,44721.89,Medium,Mid-Value Occasional Shoppers,22164.8475622902
C102417,North,Paid Ads,0.2137274,Low,78524.0,High,Mid-Value Occasional Shoppers,16782.7303576
C102419,South,Paid Ads,0.040842652,Low,216239.22,High,High-Value Loyalists,8831.78321121144
C102420,North,Referral,0.479891,Medium,39242.3,Medium,Mid-Value Occasional Shoppers,18832.026589300003
C102421,West,Organic Search,0.86273295,High,7590.28,Low,Mid-Value Occasional Shoppers,6548.384655726
C102422,North,Paid Ads,0.79904914,High,21855.78,Medium,Mid-Value Occasional Shoppers,17463.8422130292
C102423,Central,Organic Search,0.7411033,High,7171.14,Low,Low-Engagement / Dormant,5314.555518762
C102424,Central,Paid Ads,0.78394645,High,10331.46,Medium,Mid-Value Occasional Shoppers,8099.311390316999
C102425,East,Social Media,0.14956447,Low,94256.09,High,Mid-Value Occasional Shoppers,14097.3621451223
C102426,Central,Referral,0.45514688,Medium,42072.65,Medium,Mid-Value Occasional Shoppers,19149.235380832
C102428,Central,Paid Ads,0.3395129,Medium,32956.63,Medium,Mid-Value Occasional Shoppers,11189.201025527
C102429,South,Organic Search,0.00826976,Low,489402.31,Very High,Mid-Value Occasional Shoppers,4047.2396471456
C102430,Central,Direct,0.00035422287,Low,722518.37,Very High,High-Value Loyalists,255.9325306491219
C102431,North,Organic Search,0.343894,Medium,46134.98,High,Low-Engagement / Dormant,15865.54281212
C102432,South,Organic Search,0.93560475,High,1883.79,Low,Low-Engagement / Dormant,1762.4828720025
C102433,Central,Organic Search,0.9679176,High,505.38,Low,Low-Engagement / Dormant,489.166196688
C102434,South,Direct,0.04341323,Low,203457.63,High,High-Value Loyalists,8832.7528864449
C102435,North,Email Marketing,0.7156572,High,11506.02,Medium,Mid-Value Occasional Shoppers,8234.366056344
C102436,North,Paid Ads,0.0016755458,Low,525639.45,Very High,Mid-Value Occasional Shoppers,880.7329727618098
C102437,North,Organic Search,0.9422292,High,751.19,Low,Low-Engagement / Dormant,707.793152748
C102438,South,Referral,0.0039450903,Low,405534.27,Very High,Mid-Value Occasional Shoppers,1599.869314894581
C102439,South,Paid Ads,0.7577902,High,6094.77,Low,Mid-Value Occasional Shoppers,4618.556977254
C102440,East,Organic Search,0.034560505,Low,291391.92,Very High,Mid-Value Occasional Shoppers,10070.651908119598
C102441,West,Paid Ads,0.04229732,Low,255508.09,Very High,Mid-Value Occasional Shoppers,10807.3074453188
C102442,North,Paid Ads,0.9193832,High,3034.88,Low,Mid-Value Occasional Shoppers,2790.217686016
C102443,West,Paid Ads,0.004322748,Low,562495.8,Very High,Mid-Value Occasional Shoppers,2431.5275944584005
C102445,West,Referral,0.07454687,Low,143776.54,High,Mid-Value Occasional Shoppers,10718.091036429802
C102446,West,Social Media,0.88796234,High,12400.66,Medium,Mid-Value Occasional Shoppers,11011.3190711444
C102447,Central,Organic Search,0.00083245727,Low,684620.49,Very High,High-Value Loyalists,569.9173040914623
C102448,North,Organic Search,0.0009883139,Low,790843.58,Very High,High-Value Loyalists,781.601702839762
C102449,East,Email Marketing,0.64524984,High,22272.93,Medium,Mid-Value Occasional Shoppers,14371.6045188312
C102450,Central,Organic Search,0.47958833,Medium,47875.69,High,Mid-Value Occasional Shoppers,22960.6222146977
C102451,West,Paid Ads,0.7922809,High,9465.37,Medium,Mid-Value Occasional Shoppers,7499.231862433
C102452,North,Organic Search,0.124410115,Low,135102.12,High,Mid-Value Occasional Shoppers,16808.0702859438
C102453,East,Organic Search,0.5333491,Medium,16024.74,Medium,Mid-Value Occasional Shoppers,8546.780656734
C102454,West,Paid Ads,0.0010162867,Low,759230.97,Very High,Mid-Value Occasional Shoppers,771.5963370390989
C102455,South,Organic Search,0.14072257,Low,114978.97,High,Low-Engagement / Dormant,16180.136154352898
C102456,East,Social Media,0.058789324,Low,180855.11,High,Mid-Value Occasional Shoppers,10632.349658845638
C102457,West,Paid Ads,0.8495453,High,20273.32,Medium,Mid-Value Occasional Shoppers,17223.103721395997
C102458,East,Referral,0.0011431669,Low,576558.5,Very High,High-Value Loyalists,659.10259311365
C102459,North,Social Media,0.008278512,Low,682051.13,Very High,Mid-Value Occasional Shoppers,5646.36846431856
C102460,East,Organic Search,0.0017220646,Low,841433.16,Very High,High-Value Loyalists,1449.002258102136
C102461,East,Email Marketing,0.011037327,Low,428498.88,Very High,Mid-Value Occasional Shoppers,4729.48225769376
C102462,South,Direct,0.0013326057,Low,627000.61,Very High,Mid-Value Occasional Shoppers,835.544586789477
C102463,West,Organic Search,0.9140505,High,895.09,Low,Low-Engagement / Dormant,818.157462045
C102464,South,Social Media,0.674217,High,15449.95,Medium,Mid-Value Occasional Shoppers,10416.61893915
C102465,Central,Social Media,0.8483126,High,14483.53,Medium,Mid-Value Occasional Shoppers,12286.560991478
C102466,West,Social Media,0.19372821,Low,96935.76,High,Mid-Value Occasional Shoppers,18779.1912697896
C102467,West,Organic Search,0.5771139,Medium,8825.88,Low,Low-Engagement / Dormant,5093.538027731999
C102469,North,Paid Ads,0.025154626,Low,281466.09,Very High,Mid-Value Occasional Shoppers,7080.1742256323405
C102470,West,Organic Search,0.27086318,Low,93363.12,High,Mid-Value Occasional Shoppers,25288.6315779216
C102471,North,Paid Ads,0.27954352,Low,42863.88,Medium,Low-Engagement / Dormant,11982.3198960576
C102472,East,Email Marketing,0.8857363,High,14964.04,Medium,Mid-Value Occasional Shoppers,13254.193422652
C102473,North,Paid Ads,0.817386,High,16131.82,Medium,Mid-Value Occasional Shoppers,13185.92382252
C102474,East,Paid Ads,0.7688873,High,6169.99,Low,Mid-Value Occasional Shoppers,4744.026952127
C102475,West,Organic Search,0.042635452,Low,319133.21,Very High,Mid-Value Occasional Shoppers,13606.38865656092
C102477,South,Referral,0.24372129,Low,109353.51,High,Mid-Value Occasional Shoppers,26651.7785232279
C102478,North,Email Marketing,0.70202476,High,15572.62,Medium,Mid-Value Occasional Shoppers,10932.3648180712
C102479,South,Paid Ads,0.07386296,Low,129990.05,High,High-Value Loyalists,9601.449863548
C102481,Central,Organic Search,0.6765098,High,19928.14,Medium,Mid-Value Occasional Shoppers,13481.582005772
C102482,Central,Direct,0.92812455,High,5478.51,Low,Mid-Value Occasional Shoppers,5084.739628420501
C102484,North,Paid Ads,0.003695173,Low,512783.05,Very High,Mid-Value Occasional Shoppers,1894.8220812176496
C102485,South,Paid Ads,0.0070959684,Low,198752.29,High,Mid-Value Occasional Shoppers,1410.3399692676362
C102486,East,Organic Search,0.88964945,High,23150.86,Medium,Mid-Value Occasional Shoppers,20596.149866027
C102487,East,Paid Ads,0.021737467,Low,279264.98,Very High,Mid-Value Occasional Shoppers,6070.51328700566
C102489,West,Organic Search,0.08355994,Low,131660.18,High,Mid-Value Occasional Shoppers,11001.5167411892
C102490,East,Organic Search,0.51783866,Medium,24309.65,Medium,Mid-Value Occasional Shoppers,12588.476581069
C102491,East,Organic Search,0.9618065,High,393.84,Low,Low-Engagement / Dormant,378.79787196
C102492,Central,Organic Search,0.20152326,Low,63151.53,High,Mid-Value Occasional Shoppers,12726.5021995878
C102493,South,Direct,0.024017714,Low,689399.83,Very High,Mid-Value Occasional Shoppers,16557.80794858862
C102494,West,Referral,0.8849434,High,19739.4,Medium,Mid-Value Occasional Shoppers,17468.251749960004
C102495,West,Email Marketing,0.01156778,Low,250877.84,Very High,Mid-Value Occasional Shoppers,2902.0996599952
C102496,North,Email Marketing,0.32781628,Medium,64345.06,High,Mid-Value Occasional Shoppers,21093.3582055768
C102497,Central,Social Media,0.5194221,Medium,30012.74,Medium,Mid-Value Occasional Shoppers,15589.280437554
C102498,Central,Social Media,0.10517725,Low,122410.9,High,Mid-Value Occasional Shoppers,12874.841832025
C102499,West,Social Media,0.25689408,Low,78128.83,High,Mid-Value Occasional Shoppers,20070.8339043264
C102500,North,Referral,0.05392608,Low,175355.12,High,Mid-Value Occasional Shoppers,9456.2142295296
C102501,North,Referral,0.0017212318,Low,770468.86,Very High,High-Value Loyalists,1326.155502741748
C102502,West,Social Media,0.80996984,High,4512.25,Low,Low-Engagement / Dormant,3654.78641054
C102503,North,Paid Ads,0.99116474,High,409.93,Low,Low-Engagement / Dormant,406.3081618682
C102504,North,Social Media,0.00097104494,Low,545355.38,Very High,Mid-Value Occasional Shoppers,529.5645822507772
C102505,South,Organic Search,0.022916362,Low,220742.17,Very High,Mid-Value Occasional Shoppers,5058.60747638554
C102506,North,Social Media,0.7955089,High,3859.87,Low,Mid-Value Occasional Shoppers,3070.560937843
C102508,East,Social Media,0.741396,High,20258.17,Medium,Mid-Value Occasional Shoppers,15019.32620532
C102509,North,Social Media,0.00082698464,Low,663643.46,Very High,High-Value Loyalists,548.8229478564544
C102510,East,Referral,0.9485854,High,1741.38,Low,Low-Engagement / Dormant,1651.847643852
C102511,North,Referral,0.9739304,High,534.87,Low,Low-Engagement / Dormant,520.926153048
C102512,North,Paid Ads,0.125214,Low,99436.77,High,Mid-Value Occasional Shoppers,12450.87571878
C102513,East,Paid Ads,0.33882517,Medium,73666.11,High,Mid-Value Occasional Shoppers,24959.9322439887
C102514,East,Organic Search,0.26483753,Low,80581.99,High,Mid-Value Occasional Shoppers,21341.1351940847
C102515,South,Organic Search,0.22610179,Low,82299.89,High,Mid-Value Occasional Shoppers,18608.152445803094
C102516,East,Organic Search,0.8444222,High,20089.37,Medium,Mid-Value Occasional Shoppers,16963.910012014
C102517,South,Referral,0.8277237,High,6097.18,Low,Low-Engagement / Dormant,5046.780389166
C102518,East,Referral,0.9198245,High,1247.14,Low,Low-Engagement / Dormant,1147.1499269300002
C102519,South,Organic Search,0.23746094,Low,113554.62,High,Mid-Value Occasional Shoppers,26964.7868065428
C102520,West,Email Marketing,0.8555247,High,5855.84,Low,Mid-Value Occasional Shoppers,5009.815759248
C102521,East,Paid Ads,0.58624744,Medium,19843.6,Medium,Mid-Value Occasional Shoppers,11633.259700383998
C102522,North,Referral,0.94542336,High,586.67,Low,Low-Engagement / Dormant,554.6515226112
C102523,West,Paid Ads,0.0009623647,Low,647299.63,Very High,High-Value Loyalists,622.938314235061
C102524,West,Referral,0.38347185,Medium,48431.77,High,Mid-Value Occasional Shoppers,18572.2204406745
C102525,North,Paid Ads,0.89742005,High,2904.92,Low,Mid-Value Occasional Shoppers,2606.9334516460003
C102526,East,Organic Search,0.0009961866,Low,568085.9,Very High,High-Value Loyalists,565.91956122894
C102527,West,Organic Search,0.8425459,High,17485.73,Medium,Mid-Value Occasional Shoppers,14732.530120007
C102528,North,Referral,0.44843376,Medium,53820.76,High,Mid-Value Occasional Shoppers,24135.0457728576
C102529,Central,Email Marketing,0.0006967726,Low,661231.44,Very High,High-Value Loyalists,460.727949650544
C102530,South,Social Media,0.0011932947,Low,455360.25,Very High,High-Value Loyalists,543.3789729156749
C102531,West,Referral,0.9236978,High,966.84,Low,Low-Engagement / Dormant,893.0679809520001
C102532,Central,Organic Search,0.187471,Low,120489.37,High,Mid-Value Occasional Shoppers,22588.26268327
C102533,Central,Referral,0.14160067,Low,179810.82,High,Mid-Value Occasional Shoppers,25461.3325852494
C102534,East,Email Marketing,0.003180533,Low,487253.51,Very High,Mid-Value Occasional Shoppers,1549.72586792083
C102535,West,Paid Ads,0.22725944,Low,56769.78,High,Mid-Value Occasional Shoppers,12901.4684117232
C102536,South,Paid Ads,0.13492996,Low,98188.57,High,Mid-Value Occasional Shoppers,13248.5798225572
C102537,South,Organic Search,0.3618436,Medium,51820.35,High,Mid-Value Occasional Shoppers,18750.86199726
C102538,Central,Organic Search,0.3816137,Medium,32408.93,Medium,Mid-Value Occasional Shoppers,12367.691690341
C102540,West,Referral,0.00082560437,Low,721777.29,Very High,High-Value Loyalists,595.9024847907573
C102541,North,Referral,0.5895339,Medium,20933.49,Medium,Mid-Value Occasional Shoppers,12341.002000311002
C102542,North,Organic Search,0.29915148,Low,35927.19,Medium,Mid-Value Occasional Shoppers,10747.6720607412
C102543,North,Direct,0.0029057015,Low,299248.3,Very High,High-Value Loyalists,869.5262341824499
C102544,East,Email Marketing,0.9246974,High,745.9,Low,Low-Engagement / Dormant,689.73179066
C102545,North,Social Media,0.058696758,Low,222891.11,Very High,Mid-Value Occasional Shoppers,13082.98554402138
C102546,South,Direct,0.0034505152,Low,417383.58,Very High,High-Value Loyalists,1440.188387020416
C102547,Central,Email Marketing,0.04183807,Low,190405.57,High,High-Value Loyalists,7966.2015660499
C102549,West,Direct,0.041816227,Low,157427.67,High,Mid-Value Occasional Shoppers,6583.03118480109
C102550,North,Paid Ads,0.70235014,High,8513.58,Low,Mid-Value Occasional Shoppers,5979.5141049012
C102551,South,Organic Search,0.43312916,Medium,28432.14,Medium,Mid-Value Occasional Shoppers,12314.7889152024
C102553,North,Referral,0.988713,High,331.03,Low,Low-Engagement / Dormant,327.29366438999995
C102554,South,Direct,0.9761987,High,310.02,Low,Low-Engagement / Dormant,302.641120974
C102555,Central,Paid Ads,0.59285617,Medium,25066.24,Medium,Mid-Value Occasional Shoppers,14860.6750427008
C102556,North,Social Media,0.0082079815,Low,295923.87,Very High,High-Value Loyalists,2428.937650368405
C102557,Central,Paid Ads,0.62295455,High,19971.18,Medium,Mid-Value Occasional Shoppers,12441.137449869
C102558,North,Email Marketing,0.48755708,Medium,33029.54,Medium,Mid-Value Occasional Shoppers,16103.7860761432
C102559,North,Organic Search,0.871093,High,10986.62,Medium,Mid-Value Occasional Shoppers,9570.36777566
C102560,North,Social Media,0.00082347903,Low,704576.48,Very High,High-Value Loyalists,580.2039563112144
C102561,Central,Social Media,0.9598321,High,436.68,Low,Low-Engagement / Dormant,419.139481428
C102562,East,Organic Search,0.0679678,Low,154271.83,High,High-Value Loyalists,10485.516887073998
C102563,West,Direct,0.9872874,High,301.76,Low,Low-Engagement / Dormant,297.923845824
C102564,South,Direct,0.955198,High,1665.64,Low,Low-Engagement / Dormant,1591.01599672
C102565,Central,Paid Ads,0.6130788,High,50598.14,High,Mid-Value Occasional Shoppers,31020.646953432
C102566,East,Referral,0.4479987,Medium,21812.57,Medium,Mid-Value Occasional Shoppers,9772.003003659
C102567,East,Email Marketing,0.058429837,Low,264805.45,Very High,Low-Engagement / Dormant,15472.53928021165
C102568,West,Organic Search,0.0019067962,Low,1018101.7,Very High,High-Value Loyalists,1941.31245277354
C102569,West,Organic Search,0.48390776,Medium,31422.52,Medium,Mid-Value Occasional Shoppers,15205.6012667552
C102570,West,Referral,0.04872241,Low,334882.37,Very High,Mid-Value Occasional Shoppers,16316.2761329117
C102571,North,Social Media,0.843758,High,10671.85,Medium,Mid-Value Occasional Shoppers,9004.458812300001
C102572,Central,Social Media,0.87055457,High,16315.22,Medium,Mid-Value Occasional Shoppers,14203.2893315554
C102573,South,Social Media,0.9126917,High,333.04,Low,Low-Engagement / Dormant,303.962843768
C102574,Central,Referral,0.5788924,Medium,74671.8,High,Mid-Value Occasional Shoppers,43226.93751432
C102575,South,Organic Search,0.8826814,High,423.71,Low,Low-Engagement / Dormant,374.000935994
C102576,North,Organic Search,0.0005909768,Low,632748.21,Very High,High-Value Loyalists,373.9395123515279
C102577,South,Organic Search,0.5567169,Medium,89990.13,High,Mid-Value Occasional Shoppers,50099.026204197
C102578,East,Paid Ads,0.8208617,High,55554.9,High,Mid-Value Occasional Shoppers,45602.88965733
C102579,South,Referral,0.061873592,Low,374953.92,Very High,Mid-Value Occasional Shoppers,23199.74586488064
C102580,West,Email Marketing,0.25873452,Low,88030.17,High,Mid-Value Occasional Shoppers,22776.4437804684
C102581,West,Paid Ads,0.97772866,High,348.99,Low,Low-Engagement / Dormant,341.21752505340004
C102582,North,Social Media,0.040819176,Low,458801.66,Very High,Mid-Value Occasional Shoppers,18727.90570863216
C102583,East,Paid Ads,0.7388621,High,11654.17,Medium,Mid-Value Occasional Shoppers,8610.824519957
C102584,West,Paid Ads,0.7918342,High,7592.19,Low,Mid-Value Occasional Shoppers,6011.755694898
C102585,Central,Direct,0.266665,Low,45108.34,Medium,Mid-Value Occasional Shoppers,12028.815486099998
C102586,South,Organic Search,0.42683834,Medium,53734.62,High,Mid-Value Occasional Shoppers,22935.9960013308
C102587,Central,Referral,0.67037576,High,19029.22,Medium,Mid-Value Occasional Shoppers,12756.7278197072
C102588,North,Organic Search,0.961804,High,485.58,Low,Low-Engagement / Dormant,467.03278632
C102589,West,Paid Ads,0.10328192,Low,144044.09,High,Mid-Value Occasional Shoppers,14877.1501798528
C102590,West,Social Media,0.21789719,Low,61304.01,High,Mid-Value Occasional Shoppers,13357.9715147319
C102591,South,Referral,0.9910116,High,389.67,Low,Low-Engagement / Dormant,386.167490172
C102592,North,Social Media,0.09020705,Low,138473.72,High,Mid-Value Occasional Shoppers,12491.305783726
C102593,West,Email Marketing,0.5111316,Medium,34152.86,Medium,Mid-Value Occasional Shoppers,17456.605976376002
C102594,South,Email Marketing,0.9189101,High,4716.81,Low,Mid-Value Occasional Shoppers,4334.3243487810005
C102595,North,Social Media,0.21317302,Low,75104.42,High,Low-Engagement / Dormant,16010.236026748398
C102596,North,Paid Ads,0.8513228,High,10451.14,Medium,Mid-Value Occasional Shoppers,8897.293767992
C102597,West,Paid Ads,0.87014574,High,14211.62,Medium,Mid-Value Occasional Shoppers,12366.1806014988
C102598,North,Social Media,0.8282207,High,5911.45,Low,Mid-Value Occasional Shoppers,4895.985257015
C102599,East,Social Media,0.62364185,High,31584.98,Medium,Low-Engagement / Dormant,19697.715359413003
C102600,Central,Paid Ads,0.13916682,Low,143560.82,High,Mid-Value Occasional Shoppers,19978.9027959924
C102601,West,Paid Ads,0.15089874,Low,104262.66,High,Mid-Value Occasional Shoppers,15733.1040230484
C102602,East,Organic Search,0.9240912,High,1076.59,Low,Low-Engagement / Dormant,994.867345008
C102603,East,Organic Search,0.14594518,Low,152550.31,High,Mid-Value Occasional Shoppers,22263.9824520058
C102604,North,Paid Ads,0.83222306,High,2488.13,Low,Low-Engagement / Dormant,2070.6791622778
C102605,South,Email Marketing,0.8339792,High,15924.57,Medium,Mid-Value Occasional Shoppers,13280.760148944
C102606,North,Referral,0.60009116,High,25106.74,Medium,Mid-Value Occasional Shoppers,15066.3327304184
C102607,North,Direct,0.1919374,Low,55572.14,High,Mid-Value Occasional Shoppers,10666.372064036
C102608,North,Social Media,0.4164028,Medium,37885.55,Medium,Mid-Value Occasional Shoppers,15775.649099540002
C102609,East,Organic Search,0.013631121,Low,471160.88,Very High,Mid-Value Occasional Shoppers,6422.45096574648
C102610,North,Social Media,0.0031480226,Low,477807.11,Very High,High-Value Loyalists,1504.147580720686
C102611,North,Email Marketing,0.015368847,Low,506130.63,Very High,High-Value Loyalists,7778.64421448361
C102612,Central,Social Media,0.6701079,High,7398.79,Low,Mid-Value Occasional Shoppers,4957.987629441
C102613,North,Paid Ads,0.10967593,Low,242537.33,Very High,Mid-Value Occasional Shoppers,26600.5072274669
C102614,West,Social Media,0.5189662,Medium,16668.25,Medium,Mid-Value Occasional Shoppers,8650.25836315
C102615,South,Organic Search,0.10754919,Low,187815.53,High,Mid-Value Occasional Shoppers,20199.4081209207
C102616,East,Organic Search,0.00072086276,Low,738011.82,Very High,Mid-Value Occasional Shoppers,532.0052374778231
C102617,North,Organic Search,0.8098272,High,3372.11,Low,Low-Engagement / Dormant,2730.826399392
C102618,North,Paid Ads,0.7684212,High,9424.26,Medium,Mid-Value Occasional Shoppers,7241.801178312
C102619,West,Email Marketing,0.28956714,Low,42570.72,Medium,Mid-Value Occasional Shoppers,12327.0816381408
C102620,East,Organic Search,0.92516196,High,572.15,Low,Low-Engagement / Dormant,529.3314154139999
C102621,North,Organic Search,0.15766206,Low,90911.38,High,Low-Engagement / Dormant,14333.2754482428
C102622,South,Referral,0.9643886,High,452.94,Low,Low-Engagement / Dormant,436.810172484
C102623,East,Email Marketing,0.13284817,Low,134295.35,High,Mid-Value Occasional Shoppers,17840.8914870095
C102625,East,Paid Ads,0.5157543,Medium,40067.68,Medium,Mid-Value Occasional Shoppers,20665.078251024
C102626,East,Paid Ads,0.45316505,Medium,20132.0,Medium,Mid-Value Occasional Shoppers,9123.1187866
C102627,East,Social Media,0.47799018,Medium,126415.41,High,Mid-Value Occasional Shoppers,60425.3245806738
C102628,West,Email Marketing,0.035198107,Low,234802.95,Very High,High-Value Loyalists,8264.61935801565
C102629,South,Organic Search,0.94063497,High,2586.44,Low,Low-Engagement / Dormant,2432.8959118068
C102631,East,Social Media,0.58021873,Medium,22966.16,Medium,Mid-Value Occasional Shoppers,13325.3961881768
C102632,South,Referral,0.9802725,High,307.96,Low,Low-Engagement / Dormant,301.8847191
C102633,East,Organic Search,0.0037664657,Low,299232.76,Very High,Mid-Value Occasional Shoppers,1127.049926856332
C102634,East,Email Marketing,0.9313714,High,5686.84,Low,Mid-Value Occasional Shoppers,5296.560132376
C102635,North,Social Media,0.030942647,Low,470412.14,Very High,Mid-Value Occasional Shoppers,14555.79679253458
C102636,Central,Paid Ads,0.8917388,High,1218.94,Low,Low-Engagement / Dormant,1086.9760928720002
C102637,Central,Paid Ads,0.0056302994,Low,366882.88,Very High,High-Value Loyalists,2065.660459134272
C102638,South,Paid Ads,0.98258245,High,344.91,Low,Low-Engagement / Dormant,338.90251282950004
C102639,East,Organic Search,0.00093253294,Low,725657.07,Very High,High-Value Loyalists,676.6991209188857
C102641,Central,Organic Search,0.20675851,Low,73529.12,High,Mid-Value Occasional Shoppers,15202.7712928112
C102642,East,Paid Ads,0.98259777,High,544.54,Low,Low-Engagement / Dormant,535.0637896758
C102643,North,Social Media,0.72219795,High,10482.66,Medium,Mid-Value Occasional Shoppers,7570.555562547
C102644,West,Referral,0.012866049,Low,284965.7,Very High,Mid-Value Occasional Shoppers,3666.3826595193
C102645,North,Social Media,0.37711546,Medium,28785.27,Medium,Mid-Value Occasional Shoppers,10855.3703372742
C102646,West,Organic Search,0.0032447204,Low,837382.46,Very High,Mid-Value Occasional Shoppers,2717.071950564184
C102647,East,Paid Ads,0.69832134,High,34571.05,Medium,Mid-Value Occasional Shoppers,24141.701961207003
C102648,East,Social Media,0.7224724,High,20201.32,Medium,Low-Engagement / Dormant,14594.896143568
C102649,North,Referral,0.3356499,Medium,37228.71,Medium,Mid-Value Occasional Shoppers,12495.812788629
C102650,East,Paid Ads,0.18763345,Low,134403.53,High,Mid-Value Occasional Shoppers,25218.5980260785
C102651,East,Direct,0.49794272,Medium,55949.56,High,Mid-Value Occasional Shoppers,27859.6760892032
C102653,North,Email Marketing,0.62643176,High,38818.94,Medium,Low-Engagement / Dormant,24317.416905534403
C102654,North,Social Media,0.39299512,Medium,75629.55,High,Mid-Value Occasional Shoppers,29722.044077796
C102655,Central,Paid Ads,0.72882026,High,20537.81,Medium,Mid-Value Occasional Shoppers,14968.3720240306
C102656,East,Direct,0.07282097,Low,139325.2,High,Mid-Value Occasional Shoppers,10145.796209444
C102657,West,Email Marketing,0.15171398,Low,79912.48,High,Mid-Value Occasional Shoppers,12123.8403924704
C102658,East,Email Marketing,0.9422676,High,3142.7,Low,Mid-Value Occasional Shoppers,2961.26438652
C102659,West,Email Marketing,0.26420072,Low,53091.67,High,Mid-Value Occasional Shoppers,14026.8574400024
C102660,East,Email Marketing,0.97353935,High,2437.33,Low,Low-Engagement / Dormant,2372.8366639355
C102661,North,Referral,0.0006204933,Low,575981.37,Very High,High-Value Loyalists,357.39258100982096
C102662,North,Organic Search,0.58187455,Medium,30994.29,Medium,Mid-Value Occasional Shoppers,18034.7885463195
C102663,North,Social Media,0.0005716869,Low,836800.21,Very High,High-Value Loyalists,478.387717974249
C102664,West,Social Media,0.8837732,High,13425.92,Medium,Mid-Value Occasional Shoppers,11865.468281344
C102665,West,Referral,0.0022632903,Low,483646.1,Very High,Mid-Value Occasional Shoppers,1094.63152676283
C102666,West,Paid Ads,0.053117063,Low,143805.7,High,Mid-Value Occasional Shoppers,7638.5364266591005
C102668,West,Direct,0.0017976023,Low,951773.27,Very High,High-Value Loyalists,1710.909819230521
C102669,Central,Paid Ads,0.48348963,Medium,37423.84,Medium,Mid-Value Occasional Shoppers,18094.0385547792
C102670,East,Organic Search,0.0058376663,Low,373398.58,Very High,Mid-Value Occasional Shoppers,2179.776306933854
C102671,South,Referral,0.48515025,Medium,49053.64,High,Low-Engagement / Dormant,23798.38570941
C102672,North,Paid Ads,0.78485894,High,38399.83,Medium,Mid-Value Occasional Shoppers,30138.4498699802
C102674,West,Social Media,0.8529774,High,15299.42,Medium,Mid-Value Occasional Shoppers,13050.059493108
C102675,East,Direct,0.057100885,Low,187626.64,High,High-Value Loyalists,10713.6471935764
C102676,South,Paid Ads,0.13996932,Low,103449.6,High,Mid-Value Occasional Shoppers,14479.770166272
C102677,West,Paid Ads,0.95314956,High,914.77,Low,Low-Engagement / Dormant,871.9126230011999
C102678,South,Paid Ads,0.0076673618,Low,408419.54,Very High,Mid-Value Occasional Shoppers,3131.500379369572
C102679,South,Referral,0.7236467,High,19905.63,Medium,Mid-Value Occasional Shoppers,14404.643460921
C102680,West,Paid Ads,0.87738997,High,10203.12,Medium,Low-Engagement / Dormant,8952.1151507064
C102682,South,Referral,0.0005793298,Low,692640.16,Very High,High-Value Loyalists,401.267085364768
C102683,South,Direct,0.7675977,High,15630.76,Medium,Mid-Value Occasional Shoppers,11998.135425252
C102684,East,Paid Ads,0.8907411,High,1494.22,Low,Low-Engagement / Dormant,1330.963166442
C102685,South,Social Media,0.001943951,Low,592677.87,Very High,High-Value Loyalists,1152.13673806437
C102686,North,Referral,0.20676228,Low,58345.78,High,Mid-Value Occasional Shoppers,12063.7065011784
C102687,East,Organic Search,0.137172,Low,193500.07,High,Mid-Value Occasional Shoppers,26542.79160204
C102688,West,Email Marketing,0.8832033,High,7435.74,Low,Mid-Value Occasional Shoppers,6567.270105942
C102689,North,Paid Ads,0.94074667,High,3547.2,Low,Mid-Value Occasional Shoppers,3337.016587824
C102690,East,Organic Search,0.3100119,Medium,115051.61,High,Mid-Value Occasional Shoppers,35667.368214159
C102691,East,Organic Search,0.2214509,Low,79870.05,High,Mid-Value Occasional Shoppers,17687.294455545
C102692,South,Organic Search,0.78609383,High,3986.88,Low,Low-Engagement / Dormant,3134.0617689504
C102693,South,Referral,0.4463614,Medium,33522.56,Medium,Mid-Value Occasional Shoppers,14963.176813184
C102694,South,Social Media,0.020224934,Low,240265.87,Very High,Mid-Value Occasional Shoppers,4859.36136320258
C102696,West,Referral,0.09128479,Low,176710.89,High,High-Value Loyalists,16131.016484363105
C102697,East,Paid Ads,0.57391644,Medium,22223.43,Medium,Low-Engagement / Dormant,12754.3918301892
C102698,Central,Direct,0.64687026,High,26079.67,Medium,Mid-Value Occasional Shoppers,16870.1629136142
C102699,South,Email Marketing,0.8316149,High,13075.85,Medium,Mid-Value Occasional Shoppers,10874.071690165
C102700,West,Paid Ads,0.00069447025,Low,908394.95,Very High,High-Value Loyalists,630.8532680252374
C102701,East,Referral,0.0011576854,Low,733938.08,Very High,Mid-Value Occasional Shoppers,849.669399720032
C102702,West,Email Marketing,0.5721502,Medium,30354.65,Medium,Mid-Value Occasional Shoppers,17367.41906843
C102703,Central,Paid Ads,0.27784428,Low,171675.9,High,Mid-Value Occasional Shoppers,47699.166828852
C102704,East,Organic Search,0.33434725,Medium,32819.41,Medium,Mid-Value Occasional Shoppers,10973.0794801225
C102705,East,Paid Ads,0.46176198,Medium,29350.33,Medium,Mid-Value Occasional Shoppers,13552.8664944534
C102706,Central,Direct,0.08879405,Low,212753.88,High,Mid-Value Occasional Shoppers,18891.278658414
C102707,Central,Referral,0.76511854,High,10480.98,Medium,Mid-Value Occasional Shoppers,8019.1921153692
C102708,Central,Referral,0.21451348,Low,157616.44,High,Mid-Value Occasional Shoppers,33810.8510496112
C102709,North,Email Marketing,0.83646333,High,35393.0,Medium,Mid-Value Occasional Shoppers,29604.94663869
C102710,North,Organic Search,0.10153303,Low,110018.85,High,Low-Engagement / Dormant,11170.5471976155
C102711,South,Direct,0.9367951,High,6709.66,Low,Mid-Value Occasional Shoppers,6285.576610665999
C102712,West,Social Media,0.0061703897,Low,245344.12,Very High,Mid-Value Occasional Shoppers,1513.868831003564
C102713,North,Referral,0.18996769,Low,109581.95,High,Mid-Value Occasional Shoppers,20817.029907195498
C102714,South,Paid Ads,0.09897594,Low,198534.67,High,Mid-Value Occasional Shoppers,19650.1555858398
C102715,East,Paid Ads,0.35276833,Medium,49927.53,High,Mid-Value Occasional Shoppers,17612.8513791249
C102716,North,Paid Ads,0.30150875,Medium,129047.86,High,Mid-Value Occasional Shoppers,38909.058958775
C102717,West,Paid Ads,0.792184,High,4978.18,Low,Mid-Value Occasional Shoppers,3943.63454512
C102718,North,Organic Search,0.09732846,Low,195528.2,High,Mid-Value Occasional Shoppers,19030.458592572
C102719,West,Paid Ads,0.4747322,Medium,16801.11,Medium,Mid-Value Occasional Shoppers,7976.027912742
C102720,South,Social Media,0.5864517,Medium,14683.7,Medium,Mid-Value Occasional Shoppers,8611.28082729
C102721,East,Email Marketing,0.0009924726,Low,713627.65,Very High,High-Value Loyalists,708.2558892273901
C102722,East,Organic Search,0.0006929032,Low,794453.91,Very High,High-Value Loyalists,550.4796564915121
C102723,South,Organic Search,0.7611318,High,8591.63,Low,Mid-Value Occasional Shoppers,6539.362806834
C102724,South,Social Media,0.35466528,Medium,35503.06,Medium,Mid-Value Occasional Shoppers,12591.7027157568
C102725,West,Referral,0.075898536,Low,196052.41,High,Mid-Value Occasional Shoppers,14880.09089827176
C102726,East,Social Media,0.48238474,Medium,32305.24,Medium,Low-Engagement / Dormant,15583.5547980376
C102727,North,Direct,0.0011836924,Low,767232.05,Very High,High-Value Loyalists,908.16674662142
C102728,West,Organic Search,0.12236685,Low,264374.95,Very High,Mid-Value Occasional Shoppers,32350.7298504075
C102729,North,Paid Ads,0.91227645,High,3954.39,Low,Mid-Value Occasional Shoppers,3607.4968711155
C102730,East,Email Marketing,0.759923,High,19099.2,Medium,Mid-Value Occasional Shoppers,14513.921361600002
C102731,East,Social Media,0.07658924,Low,213187.25,High,Low-Engagement / Dormant,16327.84945519
C102732,East,Social Media,0.33373445,Medium,34835.55,Medium,Mid-Value Occasional Shoppers,11625.8231196975
C102733,North,Direct,0.66374767,High,38885.93,Medium,Mid-Value Occasional Shoppers,25810.4454332831
C102734,South,Paid Ads,0.025334172,Low,364331.39,Very High,Mid-Value Occasional Shoppers,9230.03409925908
C102735,North,Organic Search,0.0013205997,Low,556520.01,Very High,Mid-Value Occasional Shoppers,734.940158249997
C102736,South,Organic Search,0.002246715,Low,394106.27,Very High,Mid-Value Occasional Shoppers,885.44446840305
C102737,East,Email Marketing,0.8286493,High,9740.73,Medium,Mid-Value Occasional Shoppers,8071.649095989
C102738,East,Email Marketing,0.042534843,Low,183253.01,High,Mid-Value Occasional Shoppers,7794.638009627431
C102739,North,Organic Search,0.0057788133,Low,450293.32,Very High,Mid-Value Occasional Shoppers,2602.161026517156
C102740,North,Paid Ads,0.7311445,High,17536.27,Medium,Mid-Value Occasional Shoppers,12821.547361015
C102741,West,Social Media,0.13288106,Low,134327.26,High,Mid-Value Occasional Shoppers,17849.5486956956
C102742,East,Organic Search,0.7014738,High,34795.38,Medium,Mid-Value Occasional Shoppers,24408.047431044
C102743,West,Email Marketing,0.09728283,Low,215382.82,High,Mid-Value Occasional Shoppers,20953.0502629806
C102744,North,Paid Ads,0.0013416576,Low,617851.58,Very High,High-Value Loyalists,828.9452679790079
C102745,North,Email Marketing,0.9378157,High,1826.13,Low,Mid-Value Occasional Shoppers,1712.5733842410002
C102746,South,Referral,0.887273,High,10051.63,Medium,Mid-Value Occasional Shoppers,8918.539904989999
C102747,East,Paid Ads,0.00064952084,Low,690699.09,Very High,High-Value Loyalists,448.6234531240356
C102748,East,Referral,0.6182455,High,24762.2,Medium,Mid-Value Occasional Shoppers,15309.1187201
C102749,North,Referral,0.22204876,Low,57402.89,High,Mid-Value Occasional Shoppers,12746.2405449164
C102750,North,Paid Ads,0.35716665,Medium,51395.95,High,Mid-Value Occasional Shoppers,18356.9192850675
C102751,West,Organic Search,0.00060290523,Low,742149.95,Very High,High-Value Loyalists,447.44608629923846
C102752,South,Email Marketing,0.62494665,High,30379.39,Medium,Mid-Value Occasional Shoppers,18985.498009543506
C102753,West,Social Media,0.000519467,Low,815000.08,Very High,High-Value Loyalists,423.36564655736
C102754,South,Referral,0.6833931,High,17653.81,Medium,Mid-Value Occasional Shoppers,12064.491942711
C102755,South,Paid Ads,0.9425825,High,1535.05,Low,Low-Engagement / Dormant,1446.911266625
C102756,North,Referral,0.20129198,Low,72897.65,High,Mid-Value Occasional Shoppers,14673.712305847
C102758,North,Paid Ads,0.88728404,High,3677.17,Low,Mid-Value Occasional Shoppers,3262.6942533668
C102759,North,Organic Search,0.12963101,Low,58415.28,High,Mid-Value Occasional Shoppers,7572.4317458328
C102760,West,Paid Ads,0.9135127,High,3734.91,Low,Low-Engagement / Dormant,3411.887718357
C102761,North,Referral,0.054196052,Low,225184.59,Very High,Mid-Value Occasional Shoppers,12204.11574923868
C102762,South,Organic Search,0.5647425,Medium,21741.01,Medium,Mid-Value Occasional Shoppers,12278.072339925
C102763,South,Email Marketing,0.24682796,Low,69349.52,High,Mid-Value Occasional Shoppers,17117.4005485792
C102764,West,Organic Search,0.098001085,Low,126092.64,High,Mid-Value Occasional Shoppers,12357.2155305144
C102765,South,Email Marketing,0.39395717,Medium,45587.48,High,Mid-Value Occasional Shoppers,17959.514608231602
C102766,West,Organic Search,0.93655115,High,589.41,Low,Low-Engagement / Dormant,552.0126133215
C102767,West,Referral,0.012267572,Low,199545.68,High,Mid-Value Occasional Shoppers,2447.94099668896
C102768,East,Social Media,0.95434135,High,1667.33,Low,Low-Engagement / Dormant,1591.2019630955
C102769,South,Social Media,0.9117434,High,10613.55,Medium,Mid-Value Occasional Shoppers,9676.83416307
C102770,West,Direct,0.78650904,High,5614.89,Low,Mid-Value Occasional Shoppers,4416.1617436056
C102771,Central,Organic Search,0.0025627082,Low,390080.48,Very High,Mid-Value Occasional Shoppers,999.662444755936
C102772,West,Organic Search,0.96956706,High,482.32,Low,Low-Engagement / Dormant,467.6415843792
C102773,North,Organic Search,0.88725096,High,700.69,Low,Low-Engagement / Dormant,621.6878751624
C102774,West,Social Media,0.9812339,High,444.27,Low,Low-Engagement / Dormant,435.932784753
C102775,West,Email Marketing,0.14048193,Low,111607.45,High,Mid-Value Occasional Shoppers,15678.8299783785
C102776,Central,Organic Search,0.22509117,Low,61386.71,High,Mid-Value Occasional Shoppers,13817.6063763507
C102777,South,Referral,0.6350487,High,15761.53,Medium,Low-Engagement / Dormant,10009.339136511
C102778,West,Paid Ads,0.90993834,High,2598.79,Low,Low-Engagement / Dormant,2364.7386586086
C102779,West,Direct,0.0060962937,Low,220589.49,Very High,Mid-Value Occasional Shoppers,1344.778318173213
C102781,West,Direct,0.8912813,High,15479.6,Medium,Mid-Value Occasional Shoppers,13796.67801148
C102782,Central,Social Media,0.2811352,Low,210702.77,High,High-Value Loyalists,59235.965384504
C102783,South,Direct,0.86367923,High,7202.65,Low,Mid-Value Occasional Shoppers,6220.779205959499
C102784,North,Social Media,0.8659304,High,7243.8,Low,Mid-Value Occasional Shoppers,6272.62663152
C102786,West,Email Marketing,0.84406245,High,8198.81,Low,Low-Engagement / Dormant,6920.3076556845
C102787,North,Paid Ads,0.0063207583,Low,374392.72,Very High,Mid-Value Occasional Shoppers,2366.445892399576
C102788,East,Paid Ads,0.26312327,Low,71176.59,High,Mid-Value Occasional Shoppers,18728.2171082493
C102789,Central,Paid Ads,0.43740806,Medium,35162.25,Medium,Low-Engagement / Dormant,15380.251557735
C102790,Central,Email Marketing,0.87886757,High,15037.42,Medium,Mid-Value Occasional Shoppers,13215.9007744694
C102791,West,Referral,0.8440525,High,2937.28,Low,Low-Engagement / Dormant,2479.2185272
C102792,West,Organic Search,0.002069879,Low,473037.31,Very High,Mid-Value Occasional Shoppers,979.12999418549
C102793,North,Email Marketing,0.55885136,Medium,28002.01,Medium,Mid-Value Occasional Shoppers,15648.9613712336
C102794,East,Paid Ads,0.0018456666,Low,771907.31,Very High,High-Value Loyalists,1424.683540362846
C102795,East,Organic Search,0.8589964,High,6307.19,Low,Mid-Value Occasional Shoppers,5417.853504115999
C102796,West,Organic Search,0.9383051,High,1541.24,Low,Low-Engagement / Dormant,1446.153352324
C102797,South,Organic Search,0.0014866189,Low,563610.5,Very High,High-Value Loyalists,837.8740215384499
C102798,North,Social Media,0.0006559226,Low,490220.14,Very High,High-Value Loyalists,321.546468801164
C102799,West,Organic Search,0.81946194,High,6909.73,Low,Mid-Value Occasional Shoppers,5662.2607506762
C102800,East,Organic Search,0.64375234,High,12942.0,Medium,Mid-Value Occasional Shoppers,8331.44278428
C102801,West,Paid Ads,0.88752985,High,6809.28,Low,Low-Engagement / Dormant,6043.439257007999
C102802,East,Email Marketing,0.9708355,High,2945.61,Low,Low-Engagement / Dormant,2859.702757155
C102804,East,Paid Ads,0.1914861,Low,80946.64,High,Mid-Value Occasional Shoppers,15500.156401704
C102805,West,Referral,0.65888846,High,20226.03,Medium,Mid-Value Occasional Shoppers,13326.6977586138
C102806,West,Organic Search,0.012145488,Low,553266.03,Very High,High-Value Loyalists,6719.68592817264
C102807,South,Email Marketing,0.0010841995,Low,688222.7,Very High,High-Value Loyalists,746.17070722865
C102808,South,Organic Search,0.0016694377,Low,521395.73,Very High,Mid-Value Occasional Shoppers,870.437688281021
C102809,Central,Organic Search,0.1182695,Low,127634.49,High,Mid-Value Occasional Shoppers,15095.267315055
C102810,North,Paid Ads,0.10500729,Low,76067.75,High,Low-Engagement / Dormant,7987.6682838975
C102811,West,Organic Search,0.000954708,Low,460574.98,Very High,Mid-Value Occasional Shoppers,439.71461800584
C102812,North,Organic Search,0.77661365,High,18774.59,Medium,Mid-Value Occasional Shoppers,14580.6028671535
C102813,West,Referral,0.0928789,Low,129769.81,High,Mid-Value Occasional Shoppers,12052.877206009
C102814,North,Paid Ads,0.48564994,Medium,9958.64,Medium,Mid-Value Occasional Shoppers,4836.4129184816
C102815,East,Organic Search,0.03294684,Low,173115.14,High,Mid-Value Occasional Shoppers,5703.5968191576
C102816,East,Social Media,0.007967756,Low,280451.31,Very High,Mid-Value Occasional Shoppers,2234.56760796036
C102817,North,Referral,0.052789994,Low,329624.31,Very High,Mid-Value Occasional Shoppers,17400.86534715414
C102818,East,Email Marketing,0.9623593,High,360.67,Low,Low-Engagement / Dormant,347.094128731
C102819,Central,Organic Search,0.09632517,Low,184789.86,High,Mid-Value Occasional Shoppers,17799.9146787762
C102820,West,Email Marketing,0.9775752,High,319.95,Low,Low-Engagement / Dormant,312.77518524
C102821,Central,Referral,0.23543935,Low,41468.35,Medium,Mid-Value Occasional Shoppers,9763.2813695725
C102822,West,Social Media,0.46825966,Medium,52904.75,High,Low-Engagement / Dormant,24773.160247385
C102823,East,Organic Search,0.7542411,High,9338.79,Medium,Low-Engagement / Dormant,7043.699242269001
C102824,East,Paid Ads,0.0011660457,Low,734356.62,Very High,High-Value Loyalists,856.2933790175339
C102825,Central,Organic Search,0.9055588,High,5514.58,Low,Mid-Value Occasional Shoppers,4993.776447304
C102826,East,Referral,0.0011824995,Low,440068.65,Very High,Mid-Value Occasional Shoppers,520.380958590675
C102827,South,Referral,0.19856817,Low,85002.14,High,Mid-Value Occasional Shoppers,16878.7193858838
C102828,West,Organic Search,0.0005731477,Low,768664.33,Very High,High-Value Loyalists,440.558192811541
C102829,Central,Organic Search,0.9391157,High,1059.42,Low,Low-Engagement / Dormant,994.917954894
C102830,East,Email Marketing,0.98886275,High,343.82,Low,Low-Engagement / Dormant,339.990790705
C102831,North,Paid Ads,0.33162746,Medium,27451.37,Medium,Mid-Value Occasional Shoppers,9103.6281066202
C102832,East,Social Media,0.54940045,Medium,28462.01,Medium,Mid-Value Occasional Shoppers,15637.0411019045
C102833,West,Direct,0.0017657393,Low,557921.79,Very High,Mid-Value Occasional Shoppers,985.1444309293472
C102834,South,Organic Search,0.54350394,Medium,25901.69,Medium,Mid-Value Occasional Shoppers,14077.6705676586
C102835,West,Social Media,0.8428042,High,12059.03,Medium,Mid-Value Occasional Shoppers,10163.401131926
C102836,East,Referral,0.1282178,Low,60160.79,High,Mid-Value Occasional Shoppers,7713.684140062
C102837,South,Paid Ads,0.9366496,High,3087.02,Low,Low-Engagement / Dormant,2891.456048192
C102838,East,Paid Ads,0.63923025,High,9336.21,Medium,Mid-Value Occasional Shoppers,5967.987852352499
C102839,South,Email Marketing,0.0014853892,Low,392205.98,Very High,Mid-Value Occasional Shoppers,582.578526867416
C102840,West,Organic Search,0.336897,Medium,57273.38,High,Mid-Value Occasional Shoppers,19295.22990186
C102841,North,Organic Search,0.17045736,Low,123429.46,High,Mid-Value Occasional Shoppers,21039.4598978256
C102842,West,Paid Ads,0.17025016,Low,86561.18,High,Mid-Value Occasional Shoppers,14737.0547447888
C102843,South,Referral,0.93980384,High,4500.48,Low,Mid-Value Occasional Shoppers,4229.568385843199
C102844,Central,Paid Ads,0.43358648,Medium,45225.16,Medium,Low-Engagement / Dormant,19609.017931836803
C102845,West,Organic Search,0.2248566,Low,70779.79,High,Mid-Value Occasional Shoppers,15915.302928113995
C102846,South,Paid Ads,0.095605694,Low,256496.37,Very High,Mid-Value Occasional Shoppers,24522.513462330782
C102847,Central,Paid Ads,0.011864503,Low,362185.91,Very High,Mid-Value Occasional Shoppers,4297.15581575273
C102848,East,Referral,0.32838115,Medium,104726.86,High,Mid-Value Occasional Shoppers,34390.326722689
C102849,East,Email Marketing,0.23633511,Low,114177.8,High,Mid-Value Occasional Shoppers,26984.222922558
C102850,Central,Paid Ads,0.024087308,Low,201102.2,High,Mid-Value Occasional Shoppers,4844.0106308776
C102851,Central,Referral,0.24600832,Low,69882.12,High,Mid-Value Occasional Shoppers,17191.5829392384
C102852,West,Referral,0.9372601,High,5876.89,Low,Low-Engagement / Dormant,5508.174509089001
C102853,Central,Referral,0.9426201,High,506.94,Low,Low-Engagement / Dormant,477.851833494
C102854,South,Social Media,0.75774854,High,18768.23,Medium,Mid-Value Occasional Shoppers,14221.5988808842
C102855,North,Organic Search,0.92250234,High,7027.7,Low,Low-Engagement / Dormant,6483.069694817999
C102856,North,Social Media,0.7741336,High,6294.74,Low,Mid-Value Occasional Shoppers,4872.969737263999
C102857,South,Social Media,0.19232614,Low,81905.81,High,Mid-Value Occasional Shoppers,15752.6282808734
C102858,East,Social Media,0.0019821215,Low,356068.39,Very High,Mid-Value Occasional Shoppers,705.770811289385
C102859,South,Paid Ads,0.07901023,Low,68522.33,High,Low-Engagement / Dormant,5413.9650534359
C102860,East,Organic Search,0.7992845,High,7778.15,Low,Mid-Value Occasional Shoppers,6216.954733674999
C102861,North,Organic Search,0.03779739,Low,203544.37,High,High-Value Loyalists,7693.4459351943
C102863,West,Organic Search,0.8507602,High,13666.29,Medium,Mid-Value Occasional Shoppers,11626.735613658
C102864,North,Organic Search,0.61671174,High,18137.43,Medium,Mid-Value Occasional Shoppers,11185.5660144282
C102865,West,Organic Search,0.9803783,High,448.03,Low,Low-Engagement / Dormant,439.238889749
C102866,West,Organic Search,0.67383146,High,14722.56,Medium,Mid-Value Occasional Shoppers,9920.5240997376
C102867,East,Direct,0.7986412,High,13818.8,Medium,Mid-Value Occasional Shoppers,11036.26301456
C102868,Central,Social Media,0.005791086,Low,253010.05,Very High,High-Value Loyalists,1465.2029584143
C102869,Central,Paid Ads,0.7754896,High,12037.5,Medium,Mid-Value Occasional Shoppers,9334.95606
C102870,North,Referral,0.0006784678,Low,460162.15,Very High,High-Value Loyalists,312.20520155377005
C102871,West,Paid Ads,0.32917687,Medium,108661.17,High,Mid-Value Occasional Shoppers,35768.7438311379
C102872,North,Organic Search,0.9884694,High,288.4,Low,Low-Engagement / Dormant,285.07457496
C102873,South,Social Media,0.875081,High,5433.54,Low,Mid-Value Occasional Shoppers,4754.78761674
C102874,East,Paid Ads,0.39672384,Medium,37740.38,Medium,Low-Engagement / Dormant,14972.5084766592
C102875,West,Social Media,0.92584044,High,406.0,Low,Low-Engagement / Dormant,375.89121864
C102876,West,Organic Search,0.90544975,High,4146.83,Low,Mid-Value Occasional Shoppers,3754.7461867925
C102877,West,Paid Ads,0.75264156,High,13157.97,Medium,Mid-Value Occasional Shoppers,9903.2350672332
C102878,West,Organic Search,0.5561195,Medium,31948.14,Medium,Mid-Value Occasional Shoppers,17766.98364273
C102879,East,Paid Ads,0.74919575,High,18504.36,Medium,Mid-Value Occasional Shoppers,13863.38786847
C102880,North,Referral,0.0005679552,Low,589225.89,Very High,High-Value Loyalists,334.65390820012806
C102881,North,Organic Search,0.66958845,High,17703.24,Medium,Mid-Value Occasional Shoppers,11853.885031578002
C102882,East,Paid Ads,0.62002087,High,29076.35,Medium,Mid-Value Occasional Shoppers,18027.9438234245
C102883,West,Organic Search,0.004080573,Low,726049.34,Very High,High-Value Loyalists,2962.6973334718195
C102884,North,Referral,0.6166027,High,21083.07,Medium,Mid-Value Occasional Shoppers,12999.877886289
C102885,South,Social Media,0.0009075211,Low,577345.36,Very High,High-Value Loyalists,523.953096187096
C102886,South,Email Marketing,0.0023853364,Low,553023.6,Very High,High-Value Loyalists,1319.14732313904
C102887,East,Social Media,0.96302176,High,328.43,Low,Low-Engagement / Dormant,316.2852366368
C102888,South,Direct,0.9745848,High,2274.75,Low,Mid-Value Occasional Shoppers,2216.9367738
C102889,North,Organic Search,0.9878775,High,538.82,Low,Low-Engagement / Dormant,532.2881545500001
C102891,South,Paid Ads,0.0010332391,Low,692976.94,Very High,High-Value Loyalists,716.010869806354
C102892,East,Paid Ads,0.8666341,High,4420.17,Low,Mid-Value Occasional Shoppers,3830.670049797
C102893,Central,Referral,0.8562129,High,3329.4,Low,Low-Engagement / Dormant,2850.6752292600004
C102894,North,Direct,0.040450193,Low,74294.58,High,Low-Engagement / Dormant,3005.2300998539404
C102895,East,Referral,0.022118941,Low,251163.21,Very High,Mid-Value Occasional Shoppers,5555.46422336061
C102896,East,Paid Ads,0.001825022,Low,381414.53,Very High,Mid-Value Occasional Shoppers,696.0899083696601
C102897,East,Social Media,0.0014111485,Low,559439.3,Very High,High-Value Loyalists,789.45192903605
C102898,South,Organic Search,0.097113535,Low,141697.85,High,Mid-Value Occasional Shoppers,13760.779115399751
C102899,North,Social Media,0.0135553125,Low,393514.47,Very High,Mid-Value Occasional Shoppers,5334.211614121875
C102900,Central,Paid Ads,0.7141369,High,8285.83,Low,Mid-Value Occasional Shoppers,5917.216950127
C102901,Central,Organic Search,0.81660473,High,7714.48,Low,Mid-Value Occasional Shoppers,6299.6808574904
C102902,South,Organic Search,0.41181648,Medium,70242.76,High,Mid-Value Occasional Shoppers,28927.1261686848
C102903,East,Direct,0.8465077,High,4283.77,Low,Low-Engagement / Dormant,3626.244290029
C102905,North,Paid Ads,0.8143418,High,4013.6,Low,Mid-Value Occasional Shoppers,3268.44224848
C102906,North,Organic Search,0.76803225,High,8481.42,Low,Low-Engagement / Dormant,6514.004085795
C102907,West,Paid Ads,0.66731036,High,11728.52,Medium,Low-Engagement / Dormant,7826.5629034672
C102908,North,Organic Search,0.047531992,Low,232258.46,Very High,High-Value Loyalists,11039.70726265232
C102909,North,Referral,0.7356522,High,9760.44,Medium,Mid-Value Occasional Shoppers,7180.289158968
C102910,North,Organic Search,0.18905427,Low,123827.45,High,Mid-Value Occasional Shoppers,23410.1081657115
C102911,North,Organic Search,0.0631043,Low,158919.84,High,Mid-Value Occasional Shoppers,10028.525259312
C102912,South,Organic Search,0.1092579,Low,193524.28,High,Low-Engagement / Dormant,21144.056431812
C102913,East,Paid Ads,0.7443499,High,9768.81,Medium,Mid-Value Occasional Shoppers,7271.412746618999
C102915,South,Organic Search,0.2286108,Low,72996.23,High,Mid-Value Occasional Shoppers,16687.726537284
C102916,South,Referral,0.023356713,Low,165672.75,High,Mid-Value Occasional Shoppers,3869.57087367075
C102917,West,Paid Ads,0.15831016,Low,130886.66,High,Mid-Value Occasional Shoppers,20720.6880864656
C102919,North,Organic Search,0.74836385,High,8537.81,Low,Low-Engagement / Dormant,6389.3883621685
C102920,Central,Social Media,0.14899187,Low,78350.94,High,Mid-Value Occasional Shoppers,11673.6530668578
C102921,West,Paid Ads,0.8264715,High,6635.09,Low,Mid-Value Occasional Shoppers,5483.712784935
C102922,East,Social Media,0.8547956,High,4303.01,Low,Low-Engagement / Dormant,3678.194014756
C102923,South,Email Marketing,0.64924276,High,18492.02,Medium,Mid-Value Occasional Shoppers,12005.8101027752
C102924,North,Organic Search,0.116666436,Low,140038.1,High,Mid-Value Occasional Shoppers,16337.7460312116
C102925,North,Paid Ads,0.70514834,High,8736.45,Low,Low-Engagement / Dormant,6160.493214993001
C102926,Central,Paid Ads,0.43536898,Medium,22073.63,Medium,Mid-Value Occasional Shoppers,9610.1737779974
C102927,East,Organic Search,0.24309789,Low,41864.05,Medium,Low-Engagement / Dormant,10177.0622218545
C102928,North,Paid Ads,0.51170766,Medium,96272.64,High,Mid-Value Occasional Shoppers,49263.4473364224
C102929,North,Social Media,0.2456266,Low,86497.15,High,Mid-Value Occasional Shoppers,21246.00086419
C102930,South,Social Media,0.5868621,Medium,40236.13,Medium,Mid-Value Occasional Shoppers,23613.059747673
C102931,South,Social Media,0.9403413,High,1051.38,Low,Low-Engagement / Dormant,988.656035994
C102934,Central,Referral,0.6098833,High,21330.91,Medium,Mid-Value Occasional Shoppers,13009.365782803
C102935,West,Paid Ads,0.13734616,Low,122412.08,High,Mid-Value Occasional Shoppers,16812.8291256128
C102936,Central,Social Media,0.0016161174,Low,508939.19,Very High,Mid-Value Occasional Shoppers,822.505480500906
C102937,Central,Social Media,0.8786821,High,2806.21,Low,Low-Engagement / Dormant,2465.766495841
C102938,Central,Paid Ads,0.97539335,High,315.42,Low,Low-Engagement / Dormant,307.65857045700005
C102939,Central,Organic Search,0.00524563,Low,613581.1,Very High,High-Value Loyalists,3218.619425593
C102940,South,Social Media,0.9861247,High,443.6,Low,Low-Engagement / Dormant,437.44491692
C102941,North,Social Media,0.91787213,High,8556.67,Low,Mid-Value Occasional Shoppers,7853.9289186071
C102942,North,Organic Search,0.23557031,Low,319257.16,Very High,Mid-Value Occasional Shoppers,75207.5081509196
C102943,East,Organic Search,0.7866741,High,10270.28,Medium,Mid-Value Occasional Shoppers,8079.363275748001
C102944,West,Organic Search,0.4209737,Medium,39285.83,Medium,Mid-Value Occasional Shoppers,16538.301212671002
C102945,North,Social Media,0.515127,Medium,29489.27,Medium,Mid-Value Occasional Shoppers,15190.71918729
C102946,West,Organic Search,0.9393075,High,953.87,Low,Low-Engagement / Dormant,895.977245025
C102947,West,Email Marketing,0.0039939624,Low,834207.15,Very High,Mid-Value Occasional Shoppers,3331.79199091116
C102948,East,Direct,0.757817,High,22621.12,Medium,Mid-Value Occasional Shoppers,17142.66929504
C102949,South,Direct,0.4070085,Medium,54583.23,High,Mid-Value Occasional Shoppers,22215.838567455
C102950,North,Organic Search,0.0006599425,Low,379685.68,Very High,Mid-Value Occasional Shoppers,250.5707168734
C102951,East,Paid Ads,0.0012808315,Low,620844.99,Very High,High-Value Loyalists,795.197819809185
C102952,North,Email Marketing,0.07478749,Low,183446.17,High,High-Value Loyalists,13719.4786044133
C102953,East,Referral,0.9320391,High,1660.45,Low,Low-Engagement / Dormant,1547.604323595
C102955,South,Email Marketing,0.0008278783,Low,536402.45,Very High,High-Value Loyalists,444.0759484218349
C102956,South,Social Media,0.00077406917,Low,765459.32,Very High,High-Value Loyalists,592.5184605011643
C102957,East,Referral,0.042154696,Low,224600.76,Very High,Mid-Value Occasional Shoppers,9467.97675916896
C102959,Central,Direct,0.96095395,High,426.2,Low,Low-Engagement / Dormant,409.55857349
C102960,North,Social Media,0.0038398434,Low,490362.56,Very High,High-Value Loyalists,1882.915439623104
C102961,Central,Organic Search,0.0057502734,Low,391787.46,Very High,Mid-Value Occasional Shoppers,2252.8850096915644
C102962,North,Social Media,0.53829235,Medium,28476.74,Medium,Mid-Value Occasional Shoppers,15328.811294939
C102963,North,Social Media,0.94986796,High,1126.41,Low,Low-Engagement / Dormant,1069.9407688236
C102964,Central,Social Media,0.40130973,Medium,21666.72,Medium,Mid-Value Occasional Shoppers,8695.0655531856
C102965,West,Paid Ads,0.68002814,High,19314.29,Medium,Mid-Value Occasional Shoppers,13134.2607041206
C102966,East,Social Media,0.0010583446,Low,835572.98,Very High,High-Value Loyalists,884.3241512889078
C102967,West,Social Media,0.22989756,Low,57731.19,High,Mid-Value Occasional Shoppers,13272.2597168964
C102968,South,Direct,0.8775375,High,4225.22,Low,Mid-Value Occasional Shoppers,3707.78899575
C102969,West,Email Marketing,0.500265,Medium,48450.01,High,Mid-Value Occasional Shoppers,24237.84425265
C102970,North,Paid Ads,0.7672163,High,41195.43,Medium,High-Value Loyalists,31605.805381509
C102971,West,Social Media,0.9044197,High,1796.02,Low,Low-Engagement / Dormant,1624.355869594
C102972,Central,Social Media,0.6935142,High,30674.83,Medium,Mid-Value Occasional Shoppers,21273.430187586
C102973,Central,Social Media,0.19858505,Low,93236.31,High,Mid-Value Occasional Shoppers,18515.3372831655
C102974,West,Organic Search,0.16440526,Low,119026.47,High,Low-Engagement / Dormant,19568.5777472322
C102975,East,Referral,0.51384306,Medium,34110.45,Medium,Mid-Value Occasional Shoppers,17527.418005977
C102976,East,Referral,0.7432377,High,5212.29,Low,Mid-Value Occasional Shoppers,3873.970431333
C102977,South,Paid Ads,0.0052485866,Low,305986.32,Very High,Mid-Value Occasional Shoppers,1605.995698935312
C102978,Central,Email Marketing,0.74375653,High,15579.33,Medium,Mid-Value Occasional Shoppers,11587.2284205249
C102979,East,Direct,0.3001685,Medium,111704.04,High,Mid-Value Occasional Shoppers,33530.03413074
C102980,South,Email Marketing,0.9656465,High,314.99,Low,Low-Engagement / Dormant,304.168991035
C102982,North,Paid Ads,0.04446182,Low,511241.63,Very High,Mid-Value Occasional Shoppers,22730.7333295666
C102983,West,Email Marketing,0.11096548,Low,104536.2,High,Mid-Value Occasional Shoppers,11599.909610376
C102984,West,Direct,0.0048279343,Low,402796.27,Very High,Mid-Value Occasional Shoppers,1944.6739278450607
C102985,North,Social Media,0.8884995,High,911.8,Low,Low-Engagement / Dormant,810.1338440999999
C102986,North,Organic Search,0.9243851,High,431.41,Low,Low-Engagement / Dormant,398.788975991
C102987,West,Organic Search,0.0008933949,Low,643169.64,Very High,High-Value Loyalists,574.6044762108361
C102988,North,Paid Ads,0.34514704,Medium,46648.01,High,Mid-Value Occasional Shoppers,16100.422573390402
C102989,Central,Referral,0.00045357228,Low,667581.87,Very High,High-Value Loyalists,302.7966308625636
C102990,North,Social Media,0.0005033027,Low,601445.24,Very High,Mid-Value Occasional Shoppers,302.709013194148
C102991,North,Referral,0.8758055,High,2918.98,Low,Mid-Value Occasional Shoppers,2556.45873839
C102992,North,Referral,0.0038319502,Low,265466.03,Very High,Mid-Value Occasional Shoppers,1017.252606751706
C102994,East,Organic Search,0.04191749,Low,211672.19,High,High-Value Loyalists,8872.7669076031
C102996,Central,Paid Ads,0.01149172,Low,360587.49,Very High,Mid-Value Occasional Shoppers,4143.7704705828
C102997,East,Direct,0.84540117,High,11867.74,Medium,Mid-Value Occasional Shoppers,10033.0012812558
C102998,North,Email Marketing,0.002273773,Low,651448.19,Very High,Mid-Value Occasional Shoppers,1481.24530532087
C102999,North,Paid Ads,0.0013906731,Low,625851.1,Very High,High-Value Loyalists,870.35428937541
C103000,Central,Social Media,0.015912782,Low,250529.09,Very High,Mid-Value Occasional Shoppers,3986.61479382838
C103001,South,Email Marketing,0.10046196,Low,59912.35,High,Mid-Value Occasional Shoppers,6018.912109206
C103002,Central,Email Marketing,0.00058508833,Low,626239.56,Very High,High-Value Loyalists,366.4054583403348
C103003,Central,Social Media,0.5747653,Medium,48747.15,High,Low-Engagement / Dormant,28018.170293895004
C103004,East,Direct,0.91533935,High,509.7,Low,Low-Engagement / Dormant,466.548466695
C103005,East,Social Media,0.7159642,High,563.81,Low,Low-Engagement / Dormant,403.667775602
C103006,Central,Organic Search,0.80371773,High,6043.79,Low,Mid-Value Occasional Shoppers,4857.5011793967005
C103007,West,Social Media,0.34083572,Medium,28334.81,Medium,Mid-Value Occasional Shoppers,9657.5153674132
C103008,West,Referral,0.2378896,Low,66636.65,High,Mid-Value Occasional Shoppers,15852.166013839998
C103009,South,Direct,0.5208701,Medium,48786.4,High,Mid-Value Occasional Shoppers,25411.37704664
C103010,East,Organic Search,0.35702488,Medium,74462.77,High,Mid-Value Occasional Shoppers,26585.0615237176
C103011,South,Paid Ads,0.015141227,Low,245016.59,Very High,Mid-Value Occasional Shoppers,3709.85180795593
C103012,Central,Social Media,0.4188153,Medium,50694.42,High,Low-Engagement / Dormant,21231.598720626
C103013,East,Email Marketing,0.09937348,Low,114304.14,High,Mid-Value Occasional Shoppers,11358.8001702072
C103014,West,Referral,0.0008866894,Low,1089030.56,Very High,High-Value Loyalists,965.631853828064
C103016,Central,Email Marketing,0.9704479,High,311.95,Low,Low-Engagement / Dormant,302.731222405
C103018,West,Email Marketing,0.13503218,Low,182820.24,High,Mid-Value Occasional Shoppers,24686.6155553232
C103019,North,Email Marketing,0.062279217,Low,333345.18,Very High,Mid-Value Occasional Shoppers,20760.47680112406
C103020,Central,Organic Search,0.122081324,Low,159067.15,High,Mid-Value Occasional Shoppers,19419.1282769066
C103021,East,Direct,0.71086687,High,21687.47,Medium,Mid-Value Occasional Shoppers,15416.903917118902
C103023,South,Direct,0.47446018,Medium,13603.88,Medium,Mid-Value Occasional Shoppers,6454.4993534984
C103024,South,Organic Search,0.89764255,High,5886.06,Low,Mid-Value Occasional Shoppers,5283.577907853
C103025,South,Referral,0.0016479425,Low,661495.36,Very High,High-Value Loyalists,1090.1063172968
C103026,North,Paid Ads,0.7401793,High,27292.09,Medium,Mid-Value Occasional Shoppers,20201.040071737
C103027,East,Organic Search,0.8372256,High,18029.22,Medium,Mid-Value Occasional Shoppers,15094.524532032
C103028,South,Direct,0.0014502053,Low,917916.96,Very High,High-Value Loyalists,1331.168040351888
C103029,South,Paid Ads,0.032065537,Low,166553.41,High,Mid-Value Occasional Shoppers,5340.62453083117
C103030,West,Organic Search,0.7621683,High,9597.17,Medium,Mid-Value Occasional Shoppers,7314.658743711
C103031,South,Email Marketing,0.12478846,Low,108592.08,High,Mid-Value Occasional Shoppers,13551.0384313968
C103032,North,Paid Ads,0.05036034,Low,463147.28,Very High,Mid-Value Occasional Shoppers,23324.2544908752
C103033,Central,Social Media,0.00095489365,Low,768075.46,Very High,Mid-Value Occasional Shoppers,733.4303794748289
C103034,South,Direct,0.16390188,Low,78045.55,High,Mid-Value Occasional Shoppers,12791.812370634
C103035,East,Paid Ads,0.827072,High,7311.29,Low,Mid-Value Occasional Shoppers,6046.9632428800005
C103036,Central,Organic Search,0.32525235,Medium,46575.69,High,Mid-Value Occasional Shoppers,15148.852625371504
C103037,West,Referral,0.35415575,Medium,61335.09,High,Mid-Value Occasional Shoppers,21722.174800267498
C103038,East,Referral,0.0010165389,Low,459170.28,Very High,Mid-Value Occasional Shoppers,466.76445134389206
C103039,East,Organic Search,0.006781666,Low,285274.76,Very High,Mid-Value Occasional Shoppers,1934.63814055016
C103040,West,Social Media,0.26417378,Low,63034.55,High,Mid-Value Occasional Shoppers,16652.075344099
C103041,West,Paid Ads,0.9750265,High,361.19,Low,Low-Engagement / Dormant,352.169821535
C103042,North,Organic Search,0.76521784,High,12589.4,Medium,Mid-Value Occasional Shoppers,9633.633474896
C103043,East,Paid Ads,0.000569149,Low,603153.89,Very High,High-Value Loyalists,343.28443333961
C103044,Central,Email Marketing,0.0045870002,Low,539526.32,Very High,High-Value Loyalists,2474.807337745264
C103045,West,Paid Ads,0.8729484,High,3669.81,Low,Low-Engagement / Dormant,3203.554767804
C103046,North,Organic Search,0.80257386,High,20102.76,Medium,Mid-Value Occasional Shoppers,16133.949689853598
C103047,South,Direct,0.7213394,High,20421.13,Medium,Mid-Value Occasional Shoppers,14730.565661522
C103049,South,Direct,0.9312101,High,8534.27,Low,Mid-Value Occasional Shoppers,7947.198420127001
C103050,West,Email Marketing,0.93483824,High,7900.45,Low,Mid-Value Occasional Shoppers,7385.642773208
C103051,East,Paid Ads,0.9044094,High,12815.22,Medium,Low-Engagement / Dormant,11590.205431068
C103052,South,Paid Ads,0.01665971,Low,334642.31,Very High,Mid-Value Occasional Shoppers,5575.043838330101
C103053,South,Organic Search,0.6030206,High,44615.96,Medium,Mid-Value Occasional Shoppers,26904.342968776
C103055,Central,Organic Search,0.9250948,High,2729.75,Low,Low-Engagement / Dormant,2525.2775303
C103056,West,Paid Ads,0.004543667,Low,309251.2,Very High,High-Value Loyalists,1405.1344721504
C103057,Central,Paid Ads,0.0015554271,Low,716473.28,Very High,High-Value Loyalists,1114.4219561378882
C103059,East,Paid Ads,0.0009643625,Low,664487.2,Very High,High-Value Loyalists,640.8065374099999
C103060,North,Paid Ads,0.9539477,High,663.83,Low,Low-Engagement / Dormant,633.259101691
C103061,West,Organic Search,0.3014814,Medium,55738.09,High,Mid-Value Occasional Shoppers,16803.997406526
C103062,East,Organic Search,0.971066,High,784.28,Low,Low-Engagement / Dormant,761.58764248
C103063,South,Referral,0.6500543,High,13678.22,Medium,Mid-Value Occasional Shoppers,8891.585727345999
C103064,Central,Referral,0.24896799,Low,115198.49,High,Mid-Value Occasional Shoppers,28680.736506335103
C103065,South,Paid Ads,0.046761982,Low,210098.04,High,Mid-Value Occasional Shoppers,9824.60076471528
C103066,Central,Social Media,0.73940694,High,11278.39,Medium,Mid-Value Occasional Shoppers,8339.319838026599
C103067,East,Paid Ads,0.16854498,Low,138286.77,High,High-Value Loyalists,23307.5408839146
C103068,North,Email Marketing,0.9904033,High,380.37,Low,Low-Engagement / Dormant,376.719703221
C103069,Central,Paid Ads,0.97428685,High,326.27,Low,Low-Engagement / Dormant,317.8805705495
C103070,West,Referral,0.049197406,Low,166952.12,High,Mid-Value Occasional Shoppers,8213.61123020072
C103071,East,Organic Search,0.32212484,Medium,38463.45,Medium,Mid-Value Occasional Shoppers,12390.032677098
C103072,East,Paid Ads,0.010914541,Low,471774.59,Very High,Mid-Value Occasional Shoppers,5149.203105313191
C103073,North,Social Media,0.0020855414,Low,812427.15,Very High,High-Value Loyalists,1694.35045580901
C103074,North,Organic Search,0.07475972,Low,229932.14,Very High,High-Value Loyalists,17189.662405400803
C103075,North,Social Media,0.5565367,Medium,28824.78,Medium,Mid-Value Occasional Shoppers,16042.047939426
C103076,North,Social Media,0.97152877,High,406.28,Low,Low-Engagement / Dormant,394.7127086756
C103077,South,Organic Search,0.94520825,High,3582.67,Low,Low-Engagement / Dormant,3386.3692410275
C103078,East,Direct,0.6204478,High,7610.39,Low,Mid-Value Occasional Shoppers,4721.849732642
C103079,North,Organic Search,0.79997194,High,2227.38,Low,Low-Engagement / Dormant,1781.8414997172
C103080,East,Email Marketing,0.9864391,High,292.32,Low,Low-Engagement / Dormant,288.355877712
C103081,South,Paid Ads,0.8821501,High,1512.18,Low,Low-Engagement / Dormant,1333.9697382180002
C103082,South,Organic Search,0.006360463,Low,165541.65,High,Mid-Value Occasional Shoppers,1052.92153978395
C103083,Central,Organic Search,0.85812074,High,2385.73,Low,Low-Engagement / Dormant,2047.2443930402
C103084,Central,Referral,0.0003201035,Low,650306.35,Very High,High-Value Loyalists,208.16533870722495
C103085,West,Referral,0.8488884,High,5127.0,Low,Low-Engagement / Dormant,4352.2508268
C103086,North,Social Media,0.00035628385,Low,706132.33,Very High,High-Value Loyalists,251.5835451418705
C103087,West,Paid Ads,0.19969942,Low,123508.01,High,Mid-Value Occasional Shoppers,24664.4779623542
C103088,North,Organic Search,0.31088677,Medium,57241.1,High,Mid-Value Occasional Shoppers,17795.500690246998
C103089,East,Referral,0.0073081064,Low,541350.67,Very High,Mid-Value Occasional Shoppers,3956.248296071288
C103090,Central,Email Marketing,0.84366655,High,13633.33,Medium,Mid-Value Occasional Shoppers,11501.9844861115
C103091,South,Paid Ads,0.091359325,Low,102664.06,High,Mid-Value Occasional Shoppers,9379.3192233595
C103092,Central,Email Marketing,0.84080255,High,6001.14,Low,Low-Engagement / Dormant,5045.773814907
C103093,West,Social Media,0.25010216,Low,42757.91,Medium,Mid-Value Occasional Shoppers,10693.845648085602
C103094,South,Social Media,0.6948127,High,26838.69,Medium,Mid-Value Occasional Shoppers,18647.862663363
C103095,North,Social Media,0.06293193,Low,166361.57,High,Mid-Value Occasional Shoppers,10469.4546779301
C103096,West,Organic Search,0.19752099,Low,79002.07,High,Mid-Value Occasional Shoppers,15604.5670784493
C103097,South,Organic Search,0.9148678,High,4917.24,Low,Low-Engagement / Dormant,4498.624540872
C103098,North,Referral,0.2643015,Low,53700.2,High,Mid-Value Occasional Shoppers,14193.0434103
C103099,North,Direct,0.000835612,Low,607217.56,Very High,High-Value Loyalists,507.3982797467201
C103100,Central,Social Media,0.5452012,Medium,50774.66,High,Low-Engagement / Dormant,27682.405561592004
C103101,South,Organic Search,0.54710996,Medium,17294.6,Medium,Mid-Value Occasional Shoppers,9462.047914216
C103102,Central,Organic Search,0.024252594,Low,311611.44,Very High,Mid-Value Occasional Shoppers,7557.385740075359
C103103,West,Paid Ads,0.00054684014,Low,722719.78,Very High,Mid-Value Occasional Shoppers,395.2121856759693
C103104,South,Social Media,0.41566768,Medium,117500.31,High,High-Value Loyalists,48841.0812569808
C103105,South,Organic Search,0.900927,High,3246.56,Low,Low-Engagement / Dormant,2924.91356112
C103106,West,Organic Search,0.093954965,Low,189570.21,High,Mid-Value Occasional Shoppers,17811.062445592648
C103107,South,Referral,0.03228224,Low,213943.3,High,Mid-Value Occasional Shoppers,6906.568956991999
C103109,North,Paid Ads,0.11312881,Low,94317.32,High,Low-Engagement / Dormant,10670.0061739892
C103110,Central,Referral,0.0032488515,Low,452367.6,Very High,Mid-Value Occasional Shoppers,1469.6751558114
C103111,West,Organic Search,0.23871146,Low,142301.73,High,Mid-Value Occasional Shoppers,33969.0537288258
C103112,East,Paid Ads,0.795718,High,4494.18,Low,Low-Engagement / Dormant,3576.09992124
C103113,South,Organic Search,0.8078519,High,8666.13,Low,Mid-Value Occasional Shoppers,7000.949586146999
C103114,East,Paid Ads,0.107457414,Low,309148.2,Very High,Mid-Value Occasional Shoppers,33220.2661147548
C103115,West,Email Marketing,0.021323593,Low,265862.39,Very High,Mid-Value Occasional Shoppers,5669.14139836727
C103116,North,Referral,0.15128687,Low,99380.24,High,Mid-Value Occasional Shoppers,15034.9254494488
C103117,Central,Organic Search,0.034915168,Low,542244.63,Very High,Mid-Value Occasional Shoppers,18932.56235354784
C103118,Central,Organic Search,0.60342616,High,8893.01,Low,Mid-Value Occasional Shoppers,5366.2748751416
C103119,South,Paid Ads,0.62016994,High,8162.02,Low,Mid-Value Occasional Shoppers,5061.839453678801
C103120,Central,Email Marketing,0.0018426189,Low,973684.31,Very High,Mid-Value Occasional Shoppers,1794.1291122394591
C103121,West,Referral,0.98819375,High,636.68,Low,Low-Engagement / Dormant,629.1631967499999
C103122,West,Social Media,0.988794,High,359.48,Low,Low-Engagement / Dormant,355.45166712
C103123,North,Organic Search,0.0030963465,Low,448045.82,Very High,High-Value Loyalists,1387.30510659663
C103124,Central,Direct,0.72990626,High,5741.86,Low,Mid-Value Occasional Shoppers,4191.0195580436
C103125,South,Email Marketing,0.5508293,Medium,21785.81,Medium,Mid-Value Occasional Shoppers,12000.262472233
C103126,West,Organic Search,0.91079366,High,5219.86,Low,Mid-Value Occasional Shoppers,4754.2153940876
C103127,South,Paid Ads,0.94338745,High,1105.74,Low,Low-Engagement / Dormant,1043.141238963
C103128,South,Paid Ads,0.00080939877,Low,626168.9,Very High,High-Value Loyalists,506.820337472253
C103129,Central,Social Media,0.8812637,High,706.76,Low,Low-Engagement / Dormant,622.8419326119999
C103130,East,Paid Ads,0.29279155,Low,51956.75,High,Mid-Value Occasional Shoppers,15212.4973654625
C103131,North,Organic Search,0.0008148387,Low,509956.21,Very High,Mid-Value Occasional Shoppers,415.5320552133271
C103132,West,Social Media,0.9005435,High,6739.46,Low,Mid-Value Occasional Shoppers,6069.17689651
C103133,North,Social Media,0.015760155,Low,343848.21,Very High,Mid-Value Occasional Shoppers,5419.101086072551
C103134,Central,Paid Ads,0.015801342,Low,224635.45,Very High,Mid-Value Occasional Shoppers,3549.5415707739003
C103135,Central,Paid Ads,0.62763745,High,9337.84,Medium,Mid-Value Occasional Shoppers,5860.778086108
C103136,North,Organic Search,0.010629836,Low,245598.69,Very High,Mid-Value Occasional Shoppers,2610.67379651484
C103137,East,Paid Ads,0.27079192,Low,77534.81,High,Mid-Value Occasional Shoppers,20995.800066735203
C103138,Central,Email Marketing,0.50699407,Medium,32414.89,Medium,Mid-Value Occasional Shoppers,16434.1570097023
C103139,Central,Social Media,0.4531691,Medium,58406.16,High,Mid-Value Occasional Shoppers,26467.866961656
C103140,East,Direct,0.6791907,High,49437.36,High,Mid-Value Occasional Shoppers,33577.395144552
C103141,West,Referral,0.0009796993,Low,522725.81,Very High,High-Value Loyalists,512.114110148933
C103142,East,Referral,0.08231647,Low,148649.22,High,Mid-Value Occasional Shoppers,12236.2790586534
C103143,North,Paid Ads,0.9526489,High,418.17,Low,Low-Engagement / Dormant,398.369190513
C103144,East,Organic Search,0.0055983495,Low,340371.01,Very High,Mid-Value Occasional Shoppers,1905.515873647995
C103145,South,Email Marketing,0.20312281,Low,66034.73,High,Mid-Value Occasional Shoppers,13413.159915191298
C103146,South,Social Media,0.21656942,Low,100221.71,High,Mid-Value Occasional Shoppers,21704.957606108204
C103147,South,Email Marketing,0.9376232,High,2783.43,Low,Mid-Value Occasional Shoppers,2609.808543576
C103148,Central,Social Media,0.38181964,Medium,71293.46,High,Mid-Value Occasional Shoppers,27221.243231554403
C103149,North,Paid Ads,0.8111439,High,8809.01,Low,Mid-Value Occasional Shoppers,7145.374726539
C103150,South,Organic Search,0.13890752,Low,169271.88,High,Mid-Value Occasional Shoppers,23513.1370565376
C103151,North,Paid Ads,0.00089420483,Low,618064.39,Very High,High-Value Loyalists,552.6761627890038
C103152,North,Social Media,0.58240867,Medium,24673.79,Medium,Mid-Value Occasional Shoppers,14370.2292177593
C103153,Central,Direct,0.2026169,Low,43093.64,Medium,Mid-Value Occasional Shoppers,8731.499746516
C103154,South,Email Marketing,0.95747787,High,434.92,Low,Low-Engagement / Dormant,416.4262752204
C103155,North,Social Media,0.87200546,High,3880.77,Low,Mid-Value Occasional Shoppers,3384.0526290042
C103156,Central,Paid Ads,0.0024039883,Low,580325.52,Very High,High-Value Loyalists,1395.095760271416
C103157,North,Organic Search,0.8766058,High,4617.92,Low,Mid-Value Occasional Shoppers,4048.095455936
C103158,East,Paid Ads,0.0010798229,Low,706331.78,Very High,High-Value Loyalists,762.713231041762
C103159,West,Direct,0.6861283,High,16832.81,Medium,Mid-Value Occasional Shoppers,11549.467309523
C103160,West,Referral,0.68559396,High,20204.24,Medium,Mid-Value Occasional Shoppers,13851.9049103904
C103161,North,Social Media,0.0893269,Low,161674.84,High,Mid-Value Occasional Shoppers,14441.912265196
C103162,West,Email Marketing,0.0020977946,Low,450919.58,Very High,Mid-Value Occasional Shoppers,945.936659958268
C103163,East,Organic Search,0.9574585,High,5344.29,Low,Low-Engagement / Dormant,5116.935886965
C103164,West,Direct,0.6576675,High,25701.94,Medium,Mid-Value Occasional Shoppers,16903.33062495
C103165,South,Referral,0.0879983,Low,244908.02,Very High,Mid-Value Occasional Shoppers,21551.489416366
C103166,West,Organic Search,0.50768524,Medium,37858.93,Medium,Mid-Value Occasional Shoppers,19220.4199631932
C103167,East,Referral,0.9792541,High,3926.25,Low,Low-Engagement / Dormant,3844.796410125
C103168,West,Organic Search,0.0059614074,Low,434910.73,Very High,Mid-Value Occasional Shoppers,2592.680044161402
C103169,Central,Social Media,0.059276585,Low,516985.3,Very High,Mid-Value Occasional Shoppers,30645.1230792005
C103170,Central,Paid Ads,0.06424998,Low,220479.24,Very High,Mid-Value Occasional Shoppers,14165.7867604152
C103171,West,Organic Search,0.15357465,Low,103269.42,High,Low-Engagement / Dormant,15859.565032203
C103172,South,Social Media,0.0008342051,Low,645105.27,Very High,High-Value Loyalists,538.150106270877
C103173,North,Paid Ads,0.9846966,High,334.78,Low,Low-Engagement / Dormant,329.656727748
C103174,East,Organic Search,0.66725993,High,19087.08,Medium,Low-Engagement / Dormant,12736.0436647044
C103175,North,Email Marketing,0.8879774,High,7843.98,Low,Mid-Value Occasional Shoppers,6965.276966052
C103176,West,Organic Search,0.33149844,Medium,58581.79,High,Mid-Value Occasional Shoppers,19419.7719974076
C103178,East,Social Media,0.8142722,High,11528.15,Medium,Mid-Value Occasional Shoppers,9387.05206243
C103179,North,Organic Search,0.04485444,Low,414282.6,Very High,Mid-Value Occasional Shoppers,18582.414024744
C103180,Central,Direct,0.6940279,High,17791.13,Medium,Mid-Value Occasional Shoppers,12347.540592527
C103182,East,Organic Search,0.022434406,Low,279212.91,Very High,Mid-Value Occasional Shoppers,6263.975783381459
C103183,East,Paid Ads,0.009394241,Low,587055.23,Very High,Mid-Value Occasional Shoppers,5514.938310930429
C103184,North,Social Media,0.60086375,High,17510.0,Medium,Low-Engagement / Dormant,10521.1242625
C103185,West,Organic Search,0.9037438,High,3679.22,Low,Low-Engagement / Dormant,3325.072263836
C103186,North,Paid Ads,0.20980407,Low,92175.57,High,Mid-Value Occasional Shoppers,19338.8097405699
C103187,East,Social Media,0.2723135,Low,43308.88,Medium,Mid-Value Occasional Shoppers,11793.592693879998
C103188,North,Referral,0.90363383,High,6006.45,Low,Mid-Value Occasional Shoppers,5427.631418203499
C103189,North,Paid Ads,0.6279266,High,5821.69,Low,Low-Engagement / Dormant,3655.594007954
C103190,North,Paid Ads,0.2812025,Low,67626.41,High,Low-Engagement / Dormant,19016.715558025004
C103191,North,Organic Search,0.8794877,High,4669.02,Low,Low-Engagement / Dormant,4106.345661054001
C103192,Central,Paid Ads,0.00048851373,Low,569707.64,Very High,High-Value Loyalists,278.3100042258972
C103193,West,Referral,0.92364156,High,4735.7,Low,Mid-Value Occasional Shoppers,4374.089335692
C103194,North,Paid Ads,0.011018501,Low,344173.01,Very High,Mid-Value Occasional Shoppers,3792.27065485801
C103195,North,Organic Search,0.6317347,High,28522.27,Medium,Mid-Value Occasional Shoppers,18018.507681769
C103196,West,Paid Ads,0.9706077,High,2252.32,Low,Low-Engagement / Dormant,2186.119134864
C103197,North,Social Media,0.8863317,High,4463.86,Low,Mid-Value Occasional Shoppers,3956.460622362
C103198,East,Social Media,0.1473022,Low,219014.6,Very High,Mid-Value Occasional Shoppers,32261.33241212
C103199,North,Paid Ads,0.62497324,High,25184.39,Medium,Mid-Value Occasional Shoppers,15739.569815723598
C103200,East,Social Media,0.72114486,High,14220.86,Medium,Mid-Value Occasional Shoppers,10255.3000937796
C103201,Central,Social Media,0.94989765,High,380.11,Low,Low-Engagement / Dormant,361.0655957415
C103202,North,Organic Search,0.036173195,Low,309889.33,Very High,Mid-Value Occasional Shoppers,11209.68716250935
C103203,Central,Paid Ads,0.30668736,Medium,69356.95,High,Mid-Value Occasional Shoppers,21270.899893152
C103204,Central,Organic Search,0.044448007,Low,188835.58,High,Mid-Value Occasional Shoppers,8393.36518168906
C103205,Central,Email Marketing,0.26299995,Low,49359.93,High,Mid-Value Occasional Shoppers,12981.6591220035
C103206,West,Organic Search,0.5402117,Medium,29927.32,Medium,Mid-Value Occasional Shoppers,16167.088413643998
C103207,Central,Paid Ads,0.29552087,Low,101997.7,High,Mid-Value Occasional Shoppers,30142.449041999
C103208,East,Social Media,0.21354365,Low,69809.42,High,Mid-Value Occasional Shoppers,14907.358351183
C103209,Central,Social Media,0.8073048,High,3319.18,Low,Low-Engagement / Dormant,2679.589946064
C103210,North,Email Marketing,0.71409136,High,13189.58,Medium,Mid-Value Occasional Shoppers,9418.5651200288
C103211,West,Paid Ads,0.95311445,High,348.5,Low,Low-Engagement / Dormant,332.160385825
C103212,East,Paid Ads,0.37148264,Medium,60382.96,High,Low-Engagement / Dormant,22431.2213918144
C103214,South,Referral,0.9222767,High,2562.31,Low,Low-Engagement / Dormant,2363.158811177
C103215,North,Direct,0.21872497,Low,74561.61,High,Mid-Value Occasional Shoppers,16308.4859104017
C103216,South,Social Media,0.9205442,High,3731.26,Low,Low-Engagement / Dormant,3434.789751692
C103217,North,Paid Ads,0.7072025,High,13803.95,Medium,Mid-Value Occasional Shoppers,9762.187949875
C103219,South,Direct,0.9386638,High,3690.28,Low,Low-Engagement / Dormant,3463.932247864
C103220,East,Referral,0.7723601,High,7241.55,Low,Mid-Value Occasional Shoppers,5593.084282155
C103221,North,Organic Search,0.94975525,High,683.21,Low,Low-Engagement / Dormant,648.8822843525
C103222,South,Paid Ads,0.22373313,Low,94528.3,High,Mid-Value Occasional Shoppers,21149.112432579
C103223,South,Social Media,0.039889038,Low,241473.02,Very High,Mid-Value Occasional Shoppers,9632.12647075476
C103224,South,Organic Search,0.8466089,High,7405.78,Low,Mid-Value Occasional Shoppers,6269.799259442
C103225,North,Referral,0.025445696,Low,107934.19,High,Low-Engagement / Dormant,2746.46058674624
C103226,Central,Social Media,0.3974098,Medium,20342.81,Medium,Mid-Value Occasional Shoppers,8084.432053538
C103227,South,Organic Search,0.04746724,Low,85204.7,High,Mid-Value Occasional Shoppers,4044.431944028
C103228,South,Direct,0.061532177,Low,172071.21,High,High-Value Loyalists,10587.91615032417
C103229,East,Direct,0.0012018741,Low,869671.29,Very High,High-Value Loyalists,1045.235398964589
C103230,Central,Organic Search,0.1933849,Low,87978.65,High,Low-Engagement / Dormant,17013.742432385
C103231,South,Paid Ads,0.07823899,Low,159960.11,High,Mid-Value Occasional Shoppers,12515.1174466889
C103232,South,Email Marketing,0.0010242556,Low,622715.17,Very High,Mid-Value Occasional Shoppers,637.8195000774521
C103233,East,Paid Ads,0.85277915,High,5058.54,Low,Mid-Value Occasional Shoppers,4313.8174414410005
C103234,East,Direct,0.99081975,High,336.64,Low,Low-Engagement / Dormant,333.54956064
C103235,South,Organic Search,0.040104672,Low,432610.32,Very High,Mid-Value Occasional Shoppers,17349.69498741504
C103236,Central,Referral,0.70806974,High,6296.27,Low,Low-Engagement / Dormant,4458.1982618698
C103237,Central,Social Media,0.98652494,High,777.07,Low,Low-Engagement / Dormant,766.5989351258
C103238,East,Paid Ads,0.0009434233,Low,670193.38,Very High,High-Value Loyalists,632.276050197754
C103239,North,Referral,0.0015919078,Low,630534.89,Very High,Mid-Value Occasional Shoppers,1003.753409563142
C103240,East,Organic Search,0.87020296,High,5444.1,Low,Mid-Value Occasional Shoppers,4737.471934536
C103241,Central,Organic Search,0.09936824,Low,89846.95,High,Low-Engagement / Dormant,8927.933290867999
C103242,Central,Organic Search,0.33280206,Medium,259610.82,Very High,High-Value Loyalists,86399.0156942892
C103243,North,Organic Search,0.00095511385,Low,603794.25,Very High,High-Value Loyalists,576.6922507253626
C103244,North,Organic Search,0.9178071,High,1538.23,Low,Low-Engagement / Dormant,1411.798415433
C103245,North,Paid Ads,0.71968323,High,8081.02,Low,Mid-Value Occasional Shoppers,5815.7745752946
C103246,West,Organic Search,0.0009016319,Low,725699.55,Very High,Mid-Value Occasional Shoppers,654.313864095645
C103248,South,Organic Search,0.88076514,High,5580.38,Low,Mid-Value Occasional Shoppers,4915.0041719532
C103249,South,Email Marketing,0.0011077573,Low,622726.56,Very High,High-Value Loyalists,689.829892743888
C103250,South,Organic Search,0.8489791,High,6046.13,Low,Mid-Value Occasional Shoppers,5133.038005883
C103251,Central,Referral,0.93129665,High,4740.68,Low,Mid-Value Occasional Shoppers,4414.979402722
C103252,South,Organic Search,0.5106926,Medium,34260.3,Medium,Mid-Value Occasional Shoppers,17496.481683780003
C103253,South,Organic Search,0.003306537,Low,451069.94,Very High,Mid-Value Occasional Shoppers,1491.47944619778
C103254,West,Paid Ads,0.01672014,Low,408824.83,Very High,Mid-Value Occasional Shoppers,6835.608393076201
C103255,East,Paid Ads,0.05457387,Low,253278.77,Very High,High-Value Loyalists,13822.402667739898
C103256,West,Social Media,0.24177796,Low,124696.81,High,Mid-Value Occasional Shoppers,30148.9403403076
C103257,West,Referral,0.8141262,High,9681.99,Medium,Low-Engagement / Dormant,7882.361727138
C103258,North,Paid Ads,0.59794694,Medium,26972.26,Medium,Mid-Value Occasional Shoppers,16127.9803318844
C103259,North,Organic Search,0.33958513,Medium,41394.8,Medium,Mid-Value Occasional Shoppers,14057.058539324002
C103260,North,Email Marketing,0.05663757,Low,71329.14,High,Low-Engagement / Dormant,4039.9091597898
C103261,West,Organic Search,0.5230107,Medium,11033.16,Medium,Mid-Value Occasional Shoppers,5770.460734812001
C103262,Central,Referral,0.9776808,High,512.11,Low,Low-Engagement / Dormant,500.680114488
C103263,South,Social Media,0.93283725,High,549.41,Low,Low-Engagement / Dormant,512.5101135225
C103264,West,Paid Ads,0.87717795,High,6460.31,Low,Mid-Value Occasional Shoppers,5666.8414821645
C103265,West,Paid Ads,0.0044948235,Low,298702.42,Very High,High-Value Loyalists,1342.61465692287
C103266,Central,Paid Ads,0.5044889,Medium,25592.52,Medium,Mid-Value Occasional Shoppers,12911.142263028
C103267,East,Social Media,0.034989804,Low,429478.11,Very High,Mid-Value Occasional Shoppers,15027.35489119044
C103268,North,Direct,0.14721343,Low,81403.58,High,Mid-Value Occasional Shoppers,11983.700226079402
C103269,West,Paid Ads,0.00095073,Low,536588.22,Very High,Mid-Value Occasional Shoppers,510.1505184006
C103270,West,Direct,0.6730066,High,20436.83,Medium,Mid-Value Occasional Shoppers,13754.121473078
C103271,West,Organic Search,0.019983906,Low,293158.69,Very High,Mid-Value Occasional Shoppers,5858.45570404314
C103272,Central,Organic Search,0.7149834,High,17734.17,Medium,Mid-Value Occasional Shoppers,12679.637162778
C103273,South,Social Media,0.001860395,Low,471373.24,Very High,Mid-Value Occasional Shoppers,876.9404188297999
C103274,West,Direct,0.025805967,Low,372398.3,Very High,Mid-Value Occasional Shoppers,9610.0982406561
C103275,South,Paid Ads,0.21726838,Low,87192.02,High,Low-Engagement / Dormant,18944.068934327603
C103276,South,Referral,0.95069045,High,402.21,Low,Low-Engagement / Dormant,382.3772058945
C103277,South,Paid Ads,0.7613934,High,8297.94,Low,Mid-Value Occasional Shoppers,6317.996749596
C103278,North,Email Marketing,0.35758355,Medium,34098.25,Medium,Mid-Value Occasional Shoppers,12192.9732837875
C103279,North,Email Marketing,0.9465534,High,8442.24,Low,Low-Engagement / Dormant,7991.030975615999
C103280,West,Referral,0.9448044,High,700.96,Low,Low-Engagement / Dormant,662.270092224
C103281,Central,Social Media,0.41350666,Medium,54155.21,High,Mid-Value Occasional Shoppers,22393.5400086986
C103282,South,Social Media,0.0013947111,Low,506344.12,Very High,Mid-Value Occasional Shoppers,706.203764583732
C103283,South,Direct,0.6771143,High,13452.06,Medium,Mid-Value Occasional Shoppers,9108.582190458
C103284,North,Social Media,0.9837397,High,1173.96,Low,Low-Engagement / Dormant,1154.871058212
C103285,South,Paid Ads,0.94647425,High,725.97,Low,Low-Engagement / Dormant,687.1119112725
C103286,South,Email Marketing,0.36355254,Medium,62914.58,High,Mid-Value Occasional Shoppers,22872.7553620332
C103287,East,Social Media,0.106471375,Low,121944.14,High,Mid-Value Occasional Shoppers,12983.560258992498
C103288,Central,Social Media,0.96526194,High,549.13,Low,Low-Engagement / Dormant,530.0542891122
C103289,East,Referral,0.00319401,Low,439149.44,Very High,Mid-Value Occasional Shoppers,1402.6477028544
C103290,West,Paid Ads,0.0049894373,Low,783670.43,Very High,High-Value Loyalists,3910.074474349039
C103291,West,Paid Ads,0.7736944,High,2950.67,Low,Low-Engagement / Dormant,2282.916855248
C103292,North,Organic Search,0.02782236,Low,375189.09,Very High,Mid-Value Occasional Shoppers,10438.6459300524
C103293,South,Email Marketing,0.8479928,High,9540.15,Medium,Mid-Value Occasional Shoppers,8089.978510919999
C103294,North,Social Media,0.21351972,Low,46166.16,High,Mid-Value Occasional Shoppers,9857.3855566752
C103295,South,Email Marketing,0.8701682,High,9227.69,Medium,Low-Engagement / Dormant,8029.642397458
C103296,Central,Paid Ads,0.56882995,Medium,25489.35,Medium,Mid-Value Occasional Shoppers,14499.1056860325
C103297,East,Direct,0.00852739,Low,245142.26,Very High,Mid-Value Occasional Shoppers,2090.4236565014
C103298,South,Paid Ads,0.14765702,Low,147547.1,High,Mid-Value Occasional Shoppers,21786.365095642
C103299,North,Paid Ads,0.22060603,Low,106372.59,High,Mid-Value Occasional Shoppers,23466.4347807177
C103300,South,Direct,0.48859417,Medium,15615.33,Medium,Mid-Value Occasional Shoppers,7629.5592006260995
C103301,Central,Social Media,0.8612075,High,8559.72,Low,Mid-Value Occasional Shoppers,7371.6950619
C103302,South,Direct,0.30183223,Medium,64965.85,High,Mid-Value Occasional Shoppers,19608.787379345496
C103303,West,Social Media,0.8760177,High,4711.9,Low,Mid-Value Occasional Shoppers,4127.70780063
C103304,North,Organic Search,0.7076306,High,6399.76,Low,Mid-Value Occasional Shoppers,4528.6660086560005
C103305,North,Paid Ads,0.99403834,High,290.43,Low,Low-Engagement / Dormant,288.69855508620003
C103306,South,Email Marketing,0.5433844,Medium,35967.65,Medium,Mid-Value Occasional Shoppers,19544.25991466
C103307,Central,Paid Ads,0.17417705,Low,98145.89,High,Mid-Value Occasional Shoppers,17094.7615898245
C103308,North,Referral,0.0014066542,Low,504002.36,Very High,High-Value Loyalists,708.957036503912
C103309,West,Organic Search,0.8532868,High,8150.52,Low,Mid-Value Occasional Shoppers,6954.731129136
C103310,North,Paid Ads,0.004663082,Low,800146.14,Very High,High-Value Loyalists,3731.14706280348
C103311,East,Email Marketing,0.65747863,High,10910.99,Medium,Mid-Value Occasional Shoppers,7173.742757143699
C103312,East,Direct,0.15547164,Low,109333.96,High,Mid-Value Occasional Shoppers,16998.3300688944
C103313,East,Paid Ads,0.0010833838,Low,739795.8,Very High,High-Value Loyalists,801.4827850280401
C103314,South,Organic Search,0.54281515,Medium,13410.7,Medium,Mid-Value Occasional Shoppers,7279.531132105
C103315,North,Organic Search,0.100324795,Low,115694.73,High,Mid-Value Occasional Shoppers,11607.05006983035
C103316,Central,Organic Search,0.62269056,High,35649.66,Medium,Mid-Value Occasional Shoppers,22198.706749209603
C103317,East,Email Marketing,0.898631,High,19650.5,Medium,Mid-Value Occasional Shoppers,17658.5484655
C103318,North,Paid Ads,0.9748989,High,400.05,Low,Low-Engagement / Dormant,390.008304945
C103319,South,Paid Ads,0.9718222,High,755.03,Low,Low-Engagement / Dormant,733.754915666
C103320,North,Referral,0.00049312954,Low,647303.79,Very High,High-Value Loyalists,319.2046202029566
C103321,East,Referral,0.7700792,High,17260.16,Medium,Mid-Value Occasional Shoppers,13291.690204672
C103322,South,Paid Ads,0.01544991,Low,489894.02,Very High,Mid-Value Occasional Shoppers,7568.818518538201
C103323,North,Email Marketing,0.5185636,Medium,33237.48,Medium,Mid-Value Occasional Shoppers,17235.747283728004
C103324,South,Paid Ads,0.8583439,High,14392.91,Medium,Mid-Value Occasional Shoppers,12354.066501749
C103325,East,Organic Search,0.81882626,High,16425.11,Medium,Mid-Value Occasional Shoppers,13449.3113913886
C103326,Central,Email Marketing,0.6302262,High,21703.73,Medium,Low-Engagement / Dormant,13678.259283725998
C103327,West,Organic Search,0.28463393,Low,45122.41,Medium,Mid-Value Occasional Shoppers,12843.3688893713
C103328,East,Direct,0.8046179,High,9386.27,Medium,Mid-Value Occasional Shoppers,7552.360856233
C103329,West,Social Media,0.2397087,Low,63477.72,High,Mid-Value Occasional Shoppers,15216.161740164
C103330,South,Email Marketing,0.72520125,High,5072.91,Low,Low-Engagement / Dormant,3678.8806731375
C103331,West,Organic Search,0.2609729,Low,47429.93,High,Mid-Value Occasional Shoppers,12377.926378897
C103332,North,Paid Ads,0.60198826,High,71011.94,High,Mid-Value Occasional Shoppers,42748.3541998244
C103333,North,Email Marketing,0.87767446,High,8591.66,Low,Mid-Value Occasional Shoppers,7540.6805510036
C103334,East,Email Marketing,0.43607822,Medium,81282.67,High,Mid-Value Occasional Shoppers,35445.6020504474
C103335,North,Email Marketing,0.8858776,High,5831.12,Low,Mid-Value Occasional Shoppers,5165.658590912
C103336,West,Paid Ads,0.16099063,Low,107754.0,High,Mid-Value Occasional Shoppers,17347.38434502
C103337,East,Social Media,0.6364407,High,29266.75,Medium,Mid-Value Occasional Shoppers,18626.550856725
C103338,North,Paid Ads,0.006874923,Low,273335.86,Very High,Mid-Value Occasional Shoppers,1879.16299063878
C103339,South,Paid Ads,0.2899374,Low,39603.23,Medium,Mid-Value Occasional Shoppers,11482.457537802002
C103340,East,Social Media,0.9664729,High,572.72,Low,Low-Engagement / Dormant,553.518359288
C103341,West,Referral,0.71160406,High,14738.91,Medium,Mid-Value Occasional Shoppers,10488.2681959746
C103342,West,Social Media,0.04089208,Low,417757.29,Very High,Mid-Value Occasional Shoppers,17082.9645232632
C103343,South,Organic Search,0.061866235,Low,157085.08,High,Mid-Value Occasional Shoppers,9718.2624742738
C103344,West,Email Marketing,0.90720075,High,7098.06,Low,Mid-Value Occasional Shoppers,6439.365355545
C103345,South,Direct,0.0008166591,Low,619503.97,Very High,High-Value Loyalists,505.92355458662695
C103347,East,Email Marketing,0.65912527,High,23218.18,Medium,Mid-Value Occasional Shoppers,15303.6891614086
C103348,South,Email Marketing,0.8286394,High,9819.84,Medium,Mid-Value Occasional Shoppers,8137.106325696001
C103349,North,Organic Search,0.15676647,Low,80753.02,High,Mid-Value Occasional Shoppers,12659.3658872394
C103350,South,Referral,0.09579036,Low,219720.7,Very High,Mid-Value Occasional Shoppers,21047.124952452003
C103351,West,Direct,0.5730109,Medium,20517.63,Medium,Mid-Value Occasional Shoppers,11756.825632167
C103352,Central,Referral,0.0012272852,Low,925290.97,Very High,Mid-Value Occasional Shoppers,1135.5959131746438
C103353,Central,Organic Search,0.31630808,Medium,62254.22,High,Mid-Value Occasional Shoppers,19691.5128000976
C103354,South,Social Media,0.028199619,Low,362047.93,Very High,Mid-Value Occasional Shoppers,10209.61368573867
C103355,South,Referral,0.7071817,High,10486.29,Medium,Mid-Value Occasional Shoppers,7415.712388893001
C103356,West,Social Media,0.82865655,High,4344.67,Low,Mid-Value Occasional Shoppers,3600.2392530885004
C103357,South,Organic Search,0.32543182,Medium,88997.75,High,Low-Engagement / Dormant,28962.699758405
C103360,East,Paid Ads,0.66119236,High,12410.45,Medium,Mid-Value Occasional Shoppers,8205.694724162
C103361,East,Direct,0.0008418919,Low,622009.29,Very High,High-Value Loyalists,523.664582975751
C103362,South,Paid Ads,0.5501994,Medium,15936.64,Medium,Mid-Value Occasional Shoppers,8768.329766016
C103363,North,Email Marketing,0.0012966408,Low,765297.34,Very High,High-Value Loyalists,992.315755175472
C103365,East,Email Marketing,0.902267,High,5111.6,Low,Low-Engagement / Dormant,4612.027997200001
C103366,North,Email Marketing,0.03057965,Low,386084.61,Very High,Mid-Value Occasional Shoppers,11806.3322441865
C103367,South,Paid Ads,0.9825577,High,498.29,Low,Low-Engagement / Dormant,489.598676333
C103368,Central,Paid Ads,0.6939712,High,6505.75,Low,Low-Engagement / Dormant,4514.8031344
C103369,East,Email Marketing,0.6545376,High,32067.33,Medium,Mid-Value Occasional Shoppers,20989.273216608
C103370,East,Referral,0.19735472,Low,66822.87,High,Mid-Value Occasional Shoppers,13187.8087984464
C103372,Central,Paid Ads,0.00086163555,Low,573515.92,Very High,High-Value Loyalists,494.161705162956
C103373,South,Email Marketing,0.3890443,Medium,55151.31,High,Mid-Value Occasional Shoppers,21456.302793033
C103374,South,Referral,0.9260256,High,1156.17,Low,Low-Engagement / Dormant,1070.643017952
C103375,South,Paid Ads,0.6255148,High,12607.5,Medium,Mid-Value Occasional Shoppers,7886.177841000001
C103376,West,Paid Ads,0.28136083,Low,106157.81,High,Mid-Value Occasional Shoppers,29868.6495325823
C103377,North,Organic Search,0.016334917,Low,304770.78,Very High,Mid-Value Occasional Shoppers,4978.4053953252605
C103378,North,Email Marketing,0.008507135,Low,412782.7,Very High,Mid-Value Occasional Shoppers,3511.5981545645004
C103379,North,Email Marketing,0.0015517954,Low,560103.59,Very High,High-Value Loyalists,869.166174485486
C103380,East,Paid Ads,0.9877374,High,435.55,Low,Low-Engagement / Dormant,430.20902457
C103381,East,Paid Ads,0.7503697,High,9511.21,Medium,Mid-Value Occasional Shoppers,7136.923794337
C103382,South,Organic Search,0.004473134,Low,322323.82,Very High,Mid-Value Occasional Shoppers,1441.79763825188
C103384,West,Direct,0.9830859,High,2745.31,Low,Low-Engagement / Dormant,2698.875552129
C103385,North,Referral,0.17769094,Low,63204.44,High,Mid-Value Occasional Shoppers,11230.8563557736
C103386,West,Paid Ads,0.96949804,High,581.94,Low,Low-Engagement / Dormant,564.1896893976
C103387,North,Organic Search,0.76797616,High,10749.85,Medium,Mid-Value Occasional Shoppers,8255.628523576
C103388,Central,Organic Search,0.15119281,Low,108156.55,High,Mid-Value Occasional Shoppers,16352.492714405502
C103389,South,Referral,0.21251991,Low,163237.7,High,Mid-Value Occasional Shoppers,34691.26131260701
C103390,East,Organic Search,0.33035803,Medium,46078.8,High,Mid-Value Occasional Shoppers,15222.501592764002
C103391,North,Paid Ads,0.21543668,Low,87232.92,High,Low-Engagement / Dormant,18793.1706715056
C103393,West,Social Media,0.6225053,High,23546.5,Medium,Mid-Value Occasional Shoppers,14657.82104645
C103394,East,Email Marketing,0.005289823,Low,623089.38,Very High,Mid-Value Occasional Shoppers,3296.03253337974
C103395,West,Organic Search,0.00077426946,Low,507166.84,Very High,Mid-Value Occasional Shoppers,392.6837953367064
C103396,East,Paid Ads,0.32880336,Medium,51760.28,High,Mid-Value Occasional Shoppers,17018.953978540798
C103397,East,Email Marketing,0.9641392,High,756.41,Low,Low-Engagement / Dormant,729.284532272
C103398,Central,Email Marketing,0.031251974,Low,336927.8,Very High,Mid-Value Occasional Shoppers,10529.6588454772
C103399,South,Referral,0.54803103,Medium,23206.33,Medium,Mid-Value Occasional Shoppers,12717.7889324199
C103400,Central,Social Media,0.5478197,Medium,23333.92,Medium,Mid-Value Occasional Shoppers,12782.781054224
C103401,South,Organic Search,0.3101573,Medium,86598.22,High,Low-Engagement / Dormant,26859.070100006003
C103402,South,Social Media,0.8414178,High,15600.78,Medium,Mid-Value Occasional Shoppers,13126.773985884
C103403,West,Organic Search,0.4111697,Medium,27953.74,Medium,Mid-Value Occasional Shoppers,11493.730889678
C103407,East,Organic Search,0.93758756,High,943.88,Low,Low-Engagement / Dormant,884.9701461328
C103408,East,Organic Search,0.24760489,Low,41503.5,Medium,Low-Engagement / Dormant,10276.469552115
C103409,North,Paid Ads,0.0005009333,Low,860516.37,Very High,Mid-Value Occasional Shoppers,431.0613049281209
C103410,North,Email Marketing,0.7571468,High,5603.39,Low,Mid-Value Occasional Shoppers,4242.5888076520005
C103411,South,Direct,0.13488069,Low,127696.01,High,Mid-Value Occasional Shoppers,17223.7259390469
C103412,South,Organic Search,0.8967958,High,1093.39,Low,Low-Engagement / Dormant,980.547559762
C103413,North,Organic Search,0.033488367,Low,252869.95,Very High,Mid-Value Occasional Shoppers,8468.20168887165
C103414,North,Email Marketing,0.9837996,High,466.12,Low,Low-Engagement / Dormant,458.568669552
C103415,West,Organic Search,0.40520346,Medium,35300.27,Medium,Low-Engagement / Dormant,14303.7915429342
C103416,West,Referral,0.817715,High,4466.02,Low,Low-Engagement / Dormant,3651.9315443
C103417,South,Organic Search,0.21769543,Low,100842.83,High,Mid-Value Occasional Shoppers,21953.0232392669
C103418,South,Social Media,0.7708818,High,17130.63,Medium,Low-Engagement / Dormant,13205.690889534
C103419,North,Organic Search,0.0016391504,Low,460815.05,Very High,Mid-Value Occasional Shoppers,755.34517353352
C103420,South,Referral,0.9372279,High,5923.2,Low,Low-Engagement / Dormant,5551.38829728
C103421,South,Social Media,0.80713904,High,6806.15,Low,Mid-Value Occasional Shoppers,5493.509377096
C103422,Central,Organic Search,0.0674278,Low,264550.54,Very High,Mid-Value Occasional Shoppers,17838.060901012
C103424,East,Social Media,0.0013950086,Low,710293.04,Very High,High-Value Loyalists,990.864899320144
C103425,North,Direct,0.29622838,Low,199007.47,High,High-Value Loyalists,58951.660445998605
C103426,East,Paid Ads,0.7559676,High,16931.94,Medium,Mid-Value Occasional Shoppers,12799.998045144
C103427,Central,Organic Search,0.0026620012,Low,555769.67,Very High,High-Value Loyalists,1479.459528463604
C103428,North,Social Media,0.022405075,Low,555968.79,Very High,High-Value Loyalists,12456.52243760925
C103429,West,Organic Search,0.0007485631,Low,767939.96,Very High,High-Value Loyalists,574.851517071476
C103430,North,Email Marketing,0.008185266,Low,321503.68,Very High,Mid-Value Occasional Shoppers,2631.59314077888
C103431,West,Email Marketing,0.27705377,Low,142502.25,High,Mid-Value Occasional Shoppers,39480.785595982496
C103432,North,Organic Search,0.0011553542,Low,460768.39,Very High,High-Value Loyalists,532.350694613738
C103433,East,Social Media,0.0025826884,Low,590985.82,Very High,High-Value Loyalists,1526.3322218784876
C103434,North,Referral,0.78219694,High,7589.6,Low,Mid-Value Occasional Shoppers,5936.561895824
C103435,East,Organic Search,0.41180953,Medium,61251.2,High,Mid-Value Occasional Shoppers,25223.827883936
C103436,East,Social Media,0.60327744,High,21337.8,Medium,Mid-Value Occasional Shoppers,12872.613359232
C103437,East,Paid Ads,0.96421236,High,389.55,Low,Low-Engagement / Dormant,375.608924838
C103438,West,Paid Ads,0.9145883,High,3200.62,Low,Mid-Value Occasional Shoppers,2927.249604746
C103439,North,Social Media,0.13369082,Low,89464.98,High,Mid-Value Occasional Shoppers,11960.6465374836
C103440,West,Social Media,0.92894524,High,2623.01,Low,Mid-Value Occasional Shoppers,2436.6326539724
C103441,North,Referral,0.10976149,Low,221373.66,Very High,Mid-Value Occasional Shoppers,24298.3027683534
C103442,West,Paid Ads,0.6098181,High,17575.58,Medium,Mid-Value Occasional Shoppers,10717.906801998002
C103443,North,Referral,0.0023057384,Low,659005.77,Very High,High-Value Loyalists,1519.494909710568
C103444,East,Paid Ads,0.586192,Medium,29793.17,Medium,Mid-Value Occasional Shoppers,17464.517908640002
C103445,South,Social Media,0.44234493,Medium,45627.28,High,Mid-Value Occasional Shoppers,20182.9959776904
C103446,Central,Organic Search,0.006046734,Low,374094.91,Very High,High-Value Loyalists,2262.05241152394
C103447,East,Social Media,0.446583,Medium,38887.9,Medium,Mid-Value Occasional Shoppers,17366.6750457
C103448,North,Paid Ads,0.5309569,Medium,25527.49,Medium,Mid-Value Occasional Shoppers,13553.996955181
C103449,West,Paid Ads,0.89639074,High,5592.42,Low,Low-Engagement / Dormant,5012.9935021908
C103450,North,Organic Search,0.87623125,High,8443.01,Low,Low-Engagement / Dormant,7398.029206062501
C103451,South,Social Media,0.86469287,High,10542.32,Medium,Mid-Value Occasional Shoppers,9115.8689372584
C103452,South,Organic Search,0.76845217,High,14001.12,Medium,Mid-Value Occasional Shoppers,10759.1910464304
C103453,West,Paid Ads,0.6928685,High,16925.8,Medium,Mid-Value Occasional Shoppers,11727.3536573
C103454,Central,Paid Ads,0.06572446,Low,133318.86,High,Mid-Value Occasional Shoppers,8762.3100813156
C103455,Central,Social Media,0.009168085,Low,203286.25,High,Mid-Value Occasional Shoppers,1863.7456193312496
C103456,North,Direct,0.6200959,High,37119.35,Medium,Mid-Value Occasional Shoppers,23017.556745665
C103457,North,Email Marketing,0.0007717524,Low,683986.49,Very High,High-Value Loyalists,527.868215225076
C103458,West,Direct,0.99249345,High,812.08,Low,Low-Engagement / Dormant,805.984080876
C103459,South,Direct,0.007659765,Low,527317.37,Very High,Mid-Value Occasional Shoppers,4039.1271346180497
C103460,East,Organic Search,0.10134562,Low,190263.35,High,Mid-Value Occasional Shoppers,19282.357169027
C103461,Central,Paid Ads,0.79376525,High,10159.52,Medium,Mid-Value Occasional Shoppers,8064.27393268
C103462,North,Paid Ads,0.089406475,Low,105838.49,High,Mid-Value Occasional Shoppers,9462.64631022275
C103463,South,Organic Search,0.98768324,High,296.94,Low,Low-Engagement / Dormant,293.2826612856
C103464,Central,Email Marketing,0.76333255,High,26569.63,Medium,Mid-Value Occasional Shoppers,20281.4634204565
C103465,East,Email Marketing,0.0007486041,Low,774694.73,Very High,High-Value Loyalists,579.939651126393
C103466,Central,Social Media,0.8120647,High,11936.22,Medium,Mid-Value Occasional Shoppers,9692.982913434
C103467,East,Email Marketing,0.0024260576,Low,590054.68,Very High,High-Value Loyalists,1431.506640829568
C103468,South,Referral,0.124829225,Low,93463.37,High,Low-Engagement / Dormant,11666.96004298825
C103469,West,Paid Ads,0.9251851,High,6257.9,Low,Mid-Value Occasional Shoppers,5789.715837289999
C103470,West,Organic Search,0.7570003,High,6036.2,Low,Mid-Value Occasional Shoppers,4569.40521086
C103471,Central,Direct,0.53179467,Medium,50899.22,High,Mid-Value Occasional Shoppers,27067.9339031574
C103472,East,Referral,0.13488685,Low,152782.53,High,Mid-Value Occasional Shoppers,20608.3542067305
C103473,East,Paid Ads,0.080776915,Low,97945.92,High,Mid-Value Occasional Shoppers,7911.7692544368
C103474,South,Organic Search,0.37360984,Medium,62877.59,High,Mid-Value Occasional Shoppers,23491.6863394856
C103475,South,Referral,0.0062013245,Low,496435.76,Very High,Mid-Value Occasional Shoppers,3078.55924116412
C103476,Central,Email Marketing,0.010025807,Low,251265.74,Very High,Mid-Value Occasional Shoppers,2519.14181495218
C103477,Central,Social Media,0.55766803,Medium,59739.05,High,Low-Engagement / Dormant,33314.5583275715
C103478,East,Direct,0.67496043,High,18431.25,Medium,Mid-Value Occasional Shoppers,12440.3644254375
C103479,Central,Paid Ads,0.013174051,Low,558472.13,Very High,Mid-Value Occasional Shoppers,7357.34032269863
C103480,South,Direct,0.8735993,High,7862.08,Low,Mid-Value Occasional Shoppers,6868.307584544
C103481,West,Social Media,0.78732514,High,21252.42,Medium,Mid-Value Occasional Shoppers,16732.564551838797
C103482,East,Referral,0.7300962,High,10435.51,Medium,Mid-Value Occasional Shoppers,7618.926196062
C103483,West,Email Marketing,0.47445676,Medium,52465.11,High,Mid-Value Occasional Shoppers,24892.4261036436
C103484,West,Email Marketing,0.0066302344,Low,184248.09,High,Mid-Value Occasional Shoppers,1221.608024452296
C103486,Central,Email Marketing,0.0018327555,Low,522396.48,Very High,Mid-Value Occasional Shoppers,957.42502190064
C103487,South,Social Media,0.4000631,Medium,65188.25,High,Mid-Value Occasional Shoppers,26079.413378575
C103488,West,Organic Search,0.63749933,High,8476.35,Low,Mid-Value Occasional Shoppers,5403.667445845501
C103489,North,Social Media,0.769773,High,9022.31,Low,Mid-Value Occasional Shoppers,6945.13063563
C103490,North,Paid Ads,0.07458845,Low,172036.29,High,High-Value Loyalists,12831.9202148505
C103491,West,Social Media,0.0014690637,Low,601123.31,Very High,Mid-Value Occasional Shoppers,883.0884339448471
C103492,West,Paid Ads,0.0195753,Low,438961.32,Very High,Mid-Value Occasional Shoppers,8592.799527396
C103493,Central,Organic Search,0.0011045919,Low,363761.2,Very High,Mid-Value Occasional Shoppers,401.80767505428
C103494,South,Organic Search,0.33971098,Medium,36736.74,Medium,Mid-Value Occasional Shoppers,12479.8739474052
C103495,North,Referral,0.0006787119,Low,513790.62,Very High,High-Value Loyalists,348.715807902378
C103496,East,Organic Search,0.979321,High,368.48,Low,Low-Engagement / Dormant,360.86020208
C103497,Central,Social Media,0.07231653,Low,177237.55,High,Mid-Value Occasional Shoppers,12817.2046017015
C103498,Central,Social Media,0.4667931,Medium,13331.47,Medium,Mid-Value Occasional Shoppers,6223.038208857
C103499,Central,Organic Search,0.0005656244,Low,877277.16,Very High,High-Value Loyalists,496.209367258704
C103500,East,Paid Ads,0.8528668,High,12302.47,Medium,Mid-Value Occasional Shoppers,10492.368220996
C103501,Central,Paid Ads,0.50771934,Medium,47462.96,High,Low-Engagement / Dormant,24097.8627256464
C103502,North,Email Marketing,0.0008559961,Low,718461.65,Very High,High-Value Loyalists,615.000370399565
C103503,Central,Direct,0.39036936,Medium,67385.06,High,Mid-Value Occasional Shoppers,26305.0627457616
C103504,East,Paid Ads,0.024156785,Low,250020.08,Very High,High-Value Loyalists,6039.6813182428
C103505,South,Organic Search,0.028849265,Low,209373.11,High,High-Value Loyalists,6040.26033426415
C103506,East,Social Media,0.31808984,Medium,77893.83,High,Low-Engagement / Dormant,24777.235921687203
C103507,West,Paid Ads,0.29971418,Low,65938.61,High,Mid-Value Occasional Shoppers,19762.7364264898
C103508,South,Paid Ads,0.36578873,Medium,52823.13,High,Mid-Value Occasional Shoppers,19322.1056373249
C103509,North,Paid Ads,0.0010118242,Low,527266.27,Very High,High-Value Loyalists,533.500771829734
C103510,West,Social Media,0.4354769,Medium,94149.18,High,Mid-Value Occasional Shoppers,40999.793043942
C103511,Central,Paid Ads,0.97954226,High,354.46,Low,Low-Engagement / Dormant,347.2085494796
C103512,East,Email Marketing,0.037951313,Low,428759.56,Very High,Mid-Value Occasional Shoppers,16271.98826330228
C103513,North,Paid Ads,0.0014158936,Low,514722.35,Very High,High-Value Loyalists,728.79208114196
C103514,East,Paid Ads,0.88402057,High,5867.46,Low,Mid-Value Occasional Shoppers,5186.9553336522
C103515,North,Direct,0.7658716,High,12470.42,Medium,Mid-Value Occasional Shoppers,9550.740518072
C103516,South,Paid Ads,0.88966817,High,3530.17,Low,Mid-Value Occasional Shoppers,3140.6798836889
C103517,North,Organic Search,0.0019548752,Low,663348.66,Very High,High-Value Loyalists,1296.7638443872322
C103518,East,Organic Search,0.32597288,Medium,86721.4,High,Mid-Value Occasional Shoppers,28268.824515632
C103519,South,Referral,0.19367757,Low,128695.14,High,Mid-Value Occasional Shoppers,24925.3619860098
C103520,North,Social Media,0.58168715,Medium,18081.48,Medium,Mid-Value Occasional Shoppers,10517.764568982
C103521,South,Social Media,0.760786,High,11910.45,Medium,Mid-Value Occasional Shoppers,9061.3036137
C103523,South,Organic Search,0.020714346,Low,204699.17,High,Mid-Value Occasional Shoppers,4240.209433292821
C103524,North,Paid Ads,0.8490428,High,3641.28,Low,Mid-Value Occasional Shoppers,3091.602566784
C103525,East,Paid Ads,0.91017205,High,11424.45,Medium,Mid-Value Occasional Shoppers,10398.2150766225
C103526,West,Paid Ads,0.716716,High,28811.05,Medium,Mid-Value Occasional Shoppers,20649.3405118
C103527,West,Social Media,0.0007357642,Low,773692.5,Very High,High-Value Loyalists,569.2552433085
C103528,East,Referral,0.5692597,Medium,29954.41,Medium,Mid-Value Occasional Shoppers,17051.838450277002
C103529,West,Social Media,0.8947927,High,20025.13,Medium,Mid-Value Occasional Shoppers,17918.340140551
C103530,West,Social Media,0.00090534263,Low,641119.98,Very High,High-Value Loyalists,580.4332488387474
C103531,West,Social Media,0.000742923,Low,814516.9,Very High,High-Value Loyalists,605.1233388987
C103532,East,Organic Search,0.0543511,Low,167051.37,High,High-Value Loyalists,9079.425716007
C103533,North,Social Media,0.8048092,High,4618.89,Low,Low-Engagement / Dormant,3717.325165788
C103534,South,Organic Search,0.009408487,Low,295468.51,Very High,Mid-Value Occasional Shoppers,2779.9116352443702
C103536,South,Paid Ads,0.0006033102,Low,663020.92,Very High,High-Value Loyalists,400.007283849384
C103537,Central,Social Media,0.3356541,Medium,78434.47,High,Low-Engagement / Dormant,26326.851436827
C103538,North,Email Marketing,0.919114,High,1905.48,Low,Low-Engagement / Dormant,1751.35334472
C103539,East,Paid Ads,0.8352308,High,6934.52,Low,Mid-Value Occasional Shoppers,5791.924687216001
C103540,Central,Organic Search,0.0062353592,Low,282307.5,Very High,Mid-Value Occasional Shoppers,1760.2886673540002
C103541,East,Email Marketing,0.36699313,Medium,43035.08,Medium,Mid-Value Occasional Shoppers,15793.5787090004
C103542,North,Paid Ads,0.26827767,Low,78758.74,High,Low-Engagement / Dormant,21129.211259335803
C103543,Central,Paid Ads,0.3377545,Medium,53279.27,High,Mid-Value Occasional Shoppers,17995.313199215
C103544,South,Paid Ads,0.99121,High,289.32,Low,Low-Engagement / Dormant,286.7768772
C103545,North,Paid Ads,0.079802215,Low,108514.22,High,Mid-Value Occasional Shoppers,8659.675114997299
C103546,South,Social Media,0.029894223,Low,281144.61,Very High,High-Value Loyalists,8404.59966658803
C103547,South,Email Marketing,0.31446207,Medium,87259.4,High,Mid-Value Occasional Shoppers,27439.771550958
C103548,West,Referral,0.0116152605,Low,283240.57,Very High,Mid-Value Occasional Shoppers,3289.9130047184854
C103549,North,Social Media,0.49313924,Medium,11991.42,Medium,Low-Engagement / Dormant,5913.439745320799
C103550,West,Referral,0.0010611513,Low,670186.53,Very High,High-Value Loyalists,711.169307551989
C103551,North,Email Marketing,0.30292165,Medium,71842.69,High,Mid-Value Occasional Shoppers,21762.7061952385
C103552,Central,Organic Search,0.95108074,High,740.15,Low,Low-Engagement / Dormant,703.942409711
C103553,North,Social Media,0.0010252926,Low,701676.82,Very High,High-Value Loyalists,719.4240511375319
C103554,Central,Organic Search,0.9697981,High,377.31,Low,Low-Engagement / Dormant,365.914521111
C103555,North,Paid Ads,0.003242334,Low,654514.85,Very High,Mid-Value Occasional Shoppers,2122.1557516599
C103556,Central,Referral,0.018742615,Low,377850.07,Very High,Mid-Value Occasional Shoppers,7081.89838973305
C103557,West,Referral,0.7769515,High,10136.24,Medium,Low-Engagement / Dormant,7875.36687236
C103558,East,Email Marketing,0.20333956,Low,116339.25,High,Mid-Value Occasional Shoppers,23656.37190573
C103559,North,Paid Ads,0.0048268256,Low,518053.34,Very High,High-Value Loyalists,2500.553123677504
C103560,East,Organic Search,0.029586712,Low,173174.13,High,High-Value Loyalists,5123.653110160561
C103561,East,Organic Search,0.26694283,Low,76801.39,High,Low-Engagement / Dormant,20501.580394533703
C103562,East,Organic Search,0.121765465,Low,92570.91,High,Mid-Value Occasional Shoppers,11271.939901623153
C103563,East,Paid Ads,0.14265771,Low,120501.02,High,Mid-Value Occasional Shoppers,17190.399565864198
C103564,Central,Social Media,0.5852962,Medium,69241.85,High,Low-Engagement / Dormant,40526.99168597001
C103566,East,Organic Search,0.65425986,High,9922.96,Medium,Mid-Value Occasional Shoppers,6492.1944203856
C103567,North,Organic Search,0.5993183,Medium,22836.99,Medium,Mid-Value Occasional Shoppers,13686.626023917
C103568,North,Organic Search,0.0019941356,Low,643352.44,Very High,High-Value Loyalists,1282.932003950864
C103569,West,Referral,0.047301244,Low,399959.22,Very High,High-Value Loyalists,18918.56865526968
C103570,Central,Paid Ads,0.94629437,High,3094.81,Low,Low-Engagement / Dormant,2928.6012792197
C103571,South,Organic Search,0.11542997,Low,113170.37,High,Mid-Value Occasional Shoppers,13063.2524139889
C103572,North,Paid Ads,0.9356813,High,643.72,Low,Low-Engagement / Dormant,602.3167664360001
C103573,South,Organic Search,0.96838063,High,440.28,Low,Low-Engagement / Dormant,426.3586237764
C103574,South,Paid Ads,0.0020496382,Low,487936.16,Very High,Mid-Value Occasional Shoppers,1000.092592697312
C103575,Central,Email Marketing,0.15672852,Low,84822.23,High,Mid-Value Occasional Shoppers,13294.0625709996
C103576,West,Paid Ads,0.92841786,High,2910.86,Low,Low-Engagement / Dormant,2702.4944119596003
C103577,North,Organic Search,0.011595159,Low,310782.72,Very High,Mid-Value Occasional Shoppers,3603.57505285248
C103578,South,Organic Search,0.59731555,Medium,22393.64,Medium,Mid-Value Occasional Shoppers,13376.069393102
C103579,North,Organic Search,0.8962757,High,5240.92,Low,Mid-Value Occasional Shoppers,4697.309241644
C103580,East,Email Marketing,0.011547629,Low,603163.86,Very High,Mid-Value Occasional Shoppers,6965.11248148794
C103581,West,Referral,0.090145424,Low,161742.73,High,Mid-Value Occasional Shoppers,14580.36697476752
C103582,North,Paid Ads,0.8227603,High,1368.63,Low,Low-Engagement / Dormant,1126.054429389
C103583,South,Social Media,0.680774,High,41679.16,Medium,Mid-Value Occasional Shoppers,28374.08846984
C103584,Central,Organic Search,0.010645337,Low,293258.15,Very High,Mid-Value Occasional Shoppers,3121.83183474655
C103585,West,Paid Ads,0.54031116,Medium,26489.49,Medium,Mid-Value Occasional Shoppers,14312.5670697084
C103587,East,Email Marketing,0.68646693,High,41320.47,Medium,Mid-Value Occasional Shoppers,28365.1361870571
C103588,Central,Referral,0.10183639,Low,204732.32,High,Mid-Value Occasional Shoppers,20849.2003851248
C103589,West,Paid Ads,0.0023898738,Low,739674.52,Very High,High-Value Loyalists,1767.728755875576
C103590,Central,Referral,0.073035374,Low,354797.5,Very High,Mid-Value Occasional Shoppers,25912.768106765
C103591,North,Organic Search,0.2777071,Low,68748.05,High,Mid-Value Occasional Shoppers,19091.821596155
C103592,North,Organic Search,0.71293616,High,13357.85,Medium,Mid-Value Occasional Shoppers,9523.294284856
C103593,North,Organic Search,0.007877302,Low,423732.13,Very High,Mid-Value Occasional Shoppers,3337.86595511326
C103595,West,Organic Search,0.2077496,Low,86143.28,High,Mid-Value Occasional Shoppers,17896.231962688
C103596,North,Email Marketing,0.35560104,Medium,41065.94,Medium,Mid-Value Occasional Shoppers,14603.0909725776
C103597,Central,Paid Ads,0.8234605,High,7011.97,Low,Mid-Value Occasional Shoppers,5774.080322185
C103598,Central,Paid Ads,0.681318,High,42863.04,Medium,Mid-Value Occasional Shoppers,29203.36068672
C103599,North,Organic Search,0.11681013,Low,90853.34,High,Mid-Value Occasional Shoppers,10612.5904563342
C103600,East,Organic Search,0.9196821,High,2153.83,Low,Low-Engagement / Dormant,1980.838897443
C103601,West,Organic Search,0.67579466,High,8276.98,Low,Mid-Value Occasional Shoppers,5593.538884926799
C103602,North,Organic Search,0.15252408,Low,185351.38,High,Mid-Value Occasional Shoppers,28270.548711230404
C103603,West,Paid Ads,0.3240947,Medium,67683.73,High,Mid-Value Occasional Shoppers,21935.938169231
C103604,North,Organic Search,0.052587837,Low,316632.93,Very High,Mid-Value Occasional Shoppers,16651.040911672408
C103605,Central,Organic Search,0.0101048285,Low,421820.87,Very High,Mid-Value Occasional Shoppers,4262.427549070795
C103606,West,Social Media,0.59988344,Medium,9482.84,Medium,Low-Engagement / Dormant,5688.598680169601
C103607,Central,Direct,0.0021925934,Low,531575.88,Very High,High-Value Loyalists,1165.529766087192
C103608,West,Organic Search,0.10599656,Low,116919.51,High,Mid-Value Occasional Shoppers,12393.0658568856
C103609,North,Referral,0.5823454,Medium,14615.73,Medium,Low-Engagement / Dormant,8511.403133142
C103610,South,Social Media,0.88586396,High,1383.0,Low,Low-Engagement / Dormant,1225.14985668
C103611,West,Social Media,0.89572656,High,7151.34,Low,Low-Engagement / Dormant,6405.6451775904
C103612,South,Referral,0.0013285833,Low,432282.98,Very High,High-Value Loyalists,574.323948102234
C103613,West,Social Media,0.27716455,Low,108110.04,High,Mid-Value Occasional Shoppers,29964.270587082
C103614,South,Direct,0.020817323,Low,482283.85,Very High,Mid-Value Occasional Shoppers,10039.858683133549
C103615,North,Organic Search,0.000931948,Low,522740.96,Very High,High-Value Loyalists,487.16739219008
C103616,East,Paid Ads,0.2194151,Low,54732.93,High,Mid-Value Occasional Shoppers,12009.231309243
C103617,West,Social Media,0.7792728,High,24750.29,Medium,Mid-Value Occasional Shoppers,19287.227789112
C103618,East,Email Marketing,0.22073042,Low,80128.27,High,Mid-Value Occasional Shoppers,17686.746690973403
C103619,East,Paid Ads,0.9686095,High,3032.33,Low,Mid-Value Occasional Shoppers,2937.143645135
C103620,South,Direct,0.094006464,Low,151733.86,High,Mid-Value Occasional Shoppers,14263.963647671038
C103621,West,Social Media,0.49044302,Medium,43325.25,Medium,Mid-Value Occasional Shoppers,21248.566452255
C103622,East,Referral,0.75321805,High,7596.7,Low,Mid-Value Occasional Shoppers,5721.971560434999
C103623,East,Email Marketing,0.08053642,Low,133234.74,High,Mid-Value Occasional Shoppers,10730.2489792308
C103624,South,Referral,0.48210213,Medium,5289.9,Low,Mid-Value Occasional Shoppers,2550.272057487
C103625,East,Social Media,0.15822954,Low,114451.35,High,Mid-Value Occasional Shoppers,18109.584462879
C103627,West,Organic Search,0.2842525,Low,19750.44,Medium,Mid-Value Occasional Shoppers,5614.1119461
C103628,North,Direct,0.10124062,Low,145999.37,High,Mid-Value Occasional Shoppers,14781.0667384094
C103630,West,Social Media,0.9870293,High,1713.06,Low,Low-Engagement / Dormant,1690.840412658
C103631,East,Organic Search,0.23137055,Low,100038.1,High,Mid-Value Occasional Shoppers,23145.870217955
C103632,West,Paid Ads,0.028122611,Low,445026.44,Very High,Mid-Value Occasional Shoppers,12515.30545683484
C103634,North,Organic Search,0.012362964,Low,197788.54,High,Mid-Value Occasional Shoppers,2445.2525996325603
C103635,West,Social Media,0.0039001114,Low,503090.86,Very High,Mid-Value Occasional Shoppers,1962.110398321804
C103636,Central,Email Marketing,0.76845336,High,9982.78,Medium,Mid-Value Occasional Shoppers,7671.3008331408
C103637,North,Referral,0.69841146,High,14407.45,Medium,Mid-Value Occasional Shoppers,10062.328189377
C103638,South,Paid Ads,0.10250412,Low,255441.56,Very High,Mid-Value Occasional Shoppers,26183.8123192272
C103639,East,Direct,0.75193095,High,11794.34,Medium,Mid-Value Occasional Shoppers,8868.529280823
C103640,South,Email Marketing,0.0024024106,Low,671394.13,Very High,Mid-Value Occasional Shoppers,1612.964374689778
C103641,East,Referral,0.0068533584,Low,629468.71,Very High,High-Value Loyalists,4313.974671215664
C103642,East,Paid Ads,0.9442724,High,2052.19,Low,Low-Engagement / Dormant,1937.826376556
C103643,West,Referral,0.025768837,Low,309668.12,Very High,Mid-Value Occasional Shoppers,7979.78730837644
C103644,North,Paid Ads,0.00092796783,Low,677294.38,Very High,High-Value Loyalists,628.5073960797954
C103645,South,Organic Search,0.00041624025,Low,656759.2,Very High,High-Value Loyalists,273.3696135978
C103646,Central,Social Media,0.10985459,Low,202901.29,High,Mid-Value Occasional Shoppers,22289.638023421103
C103647,South,Referral,0.9431813,High,354.69,Low,Low-Engagement / Dormant,334.536975297
C103648,East,Paid Ads,0.26728392,Low,46628.11,High,Mid-Value Occasional Shoppers,12462.9440229912
C103649,North,Direct,0.182183,Low,84953.26,High,Low-Engagement / Dormant,15477.03976658
C103650,North,Email Marketing,0.5693966,Medium,56143.78,High,Mid-Value Occasional Shoppers,31968.077443148
C103651,East,Social Media,0.0032684016,Low,687653.13,Very High,High-Value Loyalists,2247.526590337008
C103652,South,Organic Search,0.006690439,Low,264640.08,Very High,Mid-Value Occasional Shoppers,1770.5583121951202
C103653,West,Organic Search,0.81573343,High,7959.39,Low,Mid-Value Occasional Shoppers,6492.7405054077
C103654,East,Social Media,0.18866688,Low,120968.49,High,Mid-Value Occasional Shoppers,22822.747586611204
C103655,Central,Email Marketing,0.65135914,High,20301.4,Medium,Mid-Value Occasional Shoppers,13223.502444796
C103656,Central,Social Media,0.8209164,High,1849.54,Low,Low-Engagement / Dormant,1518.317718456
C103657,South,Organic Search,0.0016007471,Low,850861.83,Very High,High-Value Loyalists,1362.014606873193
C103658,North,Organic Search,0.2035298,Low,161806.63,High,Mid-Value Occasional Shoppers,32932.471042574005
C103659,Central,Organic Search,0.69995576,High,23066.32,Medium,Mid-Value Occasional Shoppers,16145.4035460032
C103660,South,Social Media,0.96620286,High,504.49,Low,Low-Engagement / Dormant,487.4396808414
C103661,South,Paid Ads,0.0017720964,Low,413232.3,Very High,Mid-Value Occasional Shoppers,732.28747119372
C103662,North,Organic Search,0.8745319,High,9696.95,Medium,Mid-Value Occasional Shoppers,8480.292107705001
C103663,West,Social Media,0.91060334,High,3976.2,Low,Low-Engagement / Dormant,3620.741000508
C103664,South,Email Marketing,0.8453996,High,13123.37,Medium,Mid-Value Occasional Shoppers,11094.491748652
C103665,North,Paid Ads,0.52059716,Medium,10596.43,Medium,Mid-Value Occasional Shoppers,5516.4713641388
C103666,East,Organic Search,0.8695237,High,3962.71,Low,Mid-Value Occasional Shoppers,3445.670261227
C103667,West,Social Media,0.11100432,Low,240952.53,Very High,High-Value Loyalists,26746.7717449296
C103668,South,Direct,0.0009826808,Low,522693.81,Very High,High-Value Loyalists,513.641171365848
C103669,West,Organic Search,0.50776595,Medium,13166.86,Medium,Mid-Value Occasional Shoppers,6685.683176417
C103670,East,Organic Search,0.7976612,High,7148.93,Low,Mid-Value Occasional Shoppers,5702.424082516
C103671,South,Social Media,0.26918846,Low,119975.68,High,Mid-Value Occasional Shoppers,32296.0685366528
C103672,South,Paid Ads,0.46770754,Medium,33220.1,Medium,Mid-Value Occasional Shoppers,15537.291249554
C103673,North,Email Marketing,0.10762295,Low,99121.38,High,Mid-Value Occasional Shoppers,10667.735323671
C103674,South,Referral,0.637861,High,8595.31,Low,Mid-Value Occasional Shoppers,5482.613031909999
C103675,Central,Organic Search,0.28882533,Low,58096.06,High,Low-Engagement / Dormant,16779.6137011998
C103676,North,Email Marketing,0.51816523,Medium,64506.22,High,Mid-Value Occasional Shoppers,33424.880322730605
C103677,Central,Social Media,0.68233806,High,23485.17,Medium,Mid-Value Occasional Shoppers,16024.825336570198
C103678,North,Paid Ads,0.95587933,High,511.19,Low,Low-Engagement / Dormant,488.6359547027
C103679,South,Organic Search,0.00069562945,Low,574626.26,Very High,High-Value Loyalists,399.72694919935697
C103680,East,Social Media,0.8031264,High,10974.22,Medium,Mid-Value Occasional Shoppers,8813.685801407999
C103681,West,Email Marketing,0.03602492,Low,282761.71,Very High,Mid-Value Occasional Shoppers,10186.4679818132
C103682,North,Organic Search,0.9649814,High,384.84,Low,Low-Engagement / Dormant,371.363441976
C103683,North,Paid Ads,0.61838543,High,23983.44,Medium,Mid-Value Occasional Shoppers,14831.0098572792
C103684,East,Direct,0.8879384,High,7147.68,Low,Mid-Value Occasional Shoppers,6346.699542912001
C103685,South,Paid Ads,0.9514637,High,720.62,Low,Low-Engagement / Dormant,685.643771494
C103686,East,Organic Search,0.0006291035,Low,689566.04,Very High,High-Value Loyalists,433.80840924514
C103687,West,Organic Search,0.92310643,High,2305.41,Low,Low-Engagement / Dormant,2128.1387947863
C103688,North,Referral,0.0038007316,Low,287099.27,Very High,Mid-Value Occasional Shoppers,1091.1872678259322
C103689,West,Referral,0.00067047065,Low,847327.4,Very High,High-Value Loyalists,568.10815264081
C103690,North,Organic Search,0.32333925,Medium,49834.14,High,Mid-Value Occasional Shoppers,16113.333451995
C103692,Central,Social Media,0.075178,Low,199702.53,High,Mid-Value Occasional Shoppers,15013.23680034
C103693,West,Referral,0.9687008,High,539.27,Low,Low-Engagement / Dormant,522.391280416
C103694,Central,Organic Search,0.758561,High,15853.02,Medium,Mid-Value Occasional Shoppers,12025.48270422
C103695,West,Paid Ads,0.057400938,Low,58774.01,High,Low-Engagement / Dormant,3373.68330402138
C103696,North,Social Media,0.80031,High,17324.41,Medium,Mid-Value Occasional Shoppers,13864.8985671
C103697,North,Organic Search,0.9514912,High,478.52,Low,Low-Engagement / Dormant,455.307569024
C103698,North,Organic Search,0.43540317,Medium,31682.11,Medium,Mid-Value Occasional Shoppers,13794.4911262887
C103699,South,Email Marketing,0.042232744,Low,179703.54,High,Mid-Value Occasional Shoppers,7589.37360071376
C103700,East,Email Marketing,0.16273604,Low,57879.3,High,Low-Engagement / Dormant,9419.048079972
C103701,East,Paid Ads,0.67730325,High,19670.9,Medium,Mid-Value Occasional Shoppers,13323.164500425002
C103702,West,Email Marketing,0.03283603,Low,239153.92,Very High,Mid-Value Occasional Shoppers,7852.865291737601
C103703,South,Social Media,0.12421661,Low,233351.61,Very High,Mid-Value Occasional Shoppers,28986.1459322421
C103704,North,Direct,0.9376909,High,2077.8,Low,Low-Engagement / Dormant,1948.33415202
C103705,North,Direct,0.31202132,Medium,82425.46,High,Low-Engagement / Dormant,25718.500830807203
C103706,Central,Social Media,0.8802063,High,5063.18,Low,Low-Engagement / Dormant,4456.642934034
C103707,South,Paid Ads,0.12474194,Low,89141.6,High,Low-Engagement / Dormant,11119.696118704
C103708,South,Organic Search,0.009822145,Low,469591.64,Very High,Mid-Value Occasional Shoppers,4612.3971788678
C103709,North,Social Media,0.0009878108,Low,860757.3,Very High,High-Value Loyalists,850.26535711884
C103710,Central,Paid Ads,0.88403714,High,3870.98,Low,Mid-Value Occasional Shoppers,3422.0900881972
C103711,North,Social Media,0.9193304,High,482.59,Low,Low-Engagement / Dormant,443.659657736
C103712,East,Organic Search,0.017058264,Low,290963.23,Very High,Mid-Value Occasional Shoppers,4963.327591632719
C103713,North,Email Marketing,0.77986944,High,6170.7,Low,Mid-Value Occasional Shoppers,4812.340353408
C103714,North,Direct,0.34290338,Medium,35826.28,Medium,Mid-Value Occasional Shoppers,12284.9525048264
C103715,West,Organic Search,0.65344805,High,13780.94,Medium,Mid-Value Occasional Shoppers,9005.128370167
C103716,East,Social Media,0.00039736705,Low,790038.75,Very High,High-Value Loyalists,313.9353674731875
C103717,West,Email Marketing,0.0005974538,Low,521126.54,Very High,High-Value Loyalists,311.349031603852
C103718,North,Social Media,0.42816654,Medium,19693.19,Medium,Mid-Value Occasional Shoppers,8431.9650238626
C103719,Central,Direct,0.19219965,Low,103624.35,High,Mid-Value Occasional Shoppers,19916.5638014775
C103720,East,Social Media,0.082825534,Low,160329.44,High,Mid-Value Occasional Shoppers,13279.37148392096
C103721,Central,Organic Search,0.54904634,Medium,48602.22,High,Mid-Value Occasional Shoppers,26684.8710068748
C103722,North,Paid Ads,0.0041575725,Low,365888.75,Very High,Mid-Value Occasional Shoppers,1521.209005059375
C103723,South,Paid Ads,0.83934975,High,17539.07,Medium,Mid-Value Occasional Shoppers,14721.4140197325
C103724,South,Organic Search,0.866865,High,10918.2,Medium,Mid-Value Occasional Shoppers,9464.605443
C103725,West,Referral,0.00048273674,Low,637637.22,Very High,High-Value Loyalists,307.8109128854628
C103726,West,Social Media,0.00412428,Low,432142.76,Very High,High-Value Loyalists,1782.2777422128
C103727,East,Paid Ads,0.0083706835,Low,554384.02,Very High,High-Value Loyalists,4640.573168877671
C103728,North,Paid Ads,0.9630818,High,1302.26,Low,Low-Engagement / Dormant,1254.182904868
C103729,North,Paid Ads,0.87066525,High,5945.25,Low,Mid-Value Occasional Shoppers,5176.3225775625
C103730,North,Paid Ads,0.9574168,High,3118.37,Low,Low-Engagement / Dormant,2985.5798266159995
C103731,West,Social Media,0.85003656,High,8245.22,Low,Mid-Value Occasional Shoppers,7008.7384452432
C103732,South,Paid Ads,0.001582351,Low,645479.67,Very High,High-Value Loyalists,1021.3754013041702
C103733,North,Email Marketing,0.036612827,Low,232975.55,Very High,Mid-Value Occasional Shoppers,8529.89350737985
C103734,South,Direct,0.27827957,Low,75466.43,High,Mid-Value Occasional Shoppers,21000.765689835094
C103735,North,Social Media,0.9519327,High,371.12,Low,Low-Engagement / Dormant,353.281263624
C103736,Central,Referral,0.595018,Medium,28233.25,Medium,Low-Engagement / Dormant,16799.291948500002
C103737,South,Direct,0.13418905,Low,98792.13,High,Low-Engagement / Dormant,13256.8220721765
C103738,Central,Organic Search,0.30314484,Medium,101642.63,High,Mid-Value Occasional Shoppers,30812.438808529205
C103739,West,Organic Search,0.55914783,Medium,20536.49,Medium,Mid-Value Occasional Shoppers,11482.9338193167
C103740,East,Organic Search,0.0016006839,Low,634642.93,Very High,High-Value Loyalists,1015.8627202998272
C103741,East,Paid Ads,0.062495857,Low,222845.97,Very High,Mid-Value Occasional Shoppers,13926.94987414629
C103742,West,Paid Ads,0.1356141,Low,95324.38,High,Mid-Value Occasional Shoppers,12927.330001758
C103743,West,Social Media,0.60512286,High,41824.14,Medium,Mid-Value Occasional Shoppers,25308.7432138404
C103744,North,Paid Ads,0.41186258,Medium,46448.09,High,Low-Engagement / Dormant,19130.2301834722
C103745,Central,Organic Search,0.0042837984,Low,395743.77,Very High,High-Value Loyalists,1695.2865287359682
C103746,South,Paid Ads,0.18868542,Low,312746.44,Very High,Mid-Value Occasional Shoppers,59010.6933849048
C103747,South,Organic Search,0.89159876,High,3080.69,Low,Low-Engagement / Dormant,2746.7393839444003
C103748,South,Social Media,0.676098,High,18834.28,Medium,Low-Engagement / Dormant,12733.81903944
C103749,West,Organic Search,0.08345749,Low,198850.93,High,Mid-Value Occasional Shoppers,16595.5995019657
C103750,South,Organic Search,0.97348815,High,1670.59,Low,Low-Engagement / Dormant,1626.2995685085
C103751,South,Organic Search,0.9247173,High,9237.07,Medium,Mid-Value Occasional Shoppers,8541.678430311
C103752,North,Referral,0.7766032,High,20145.17,Medium,Mid-Value Occasional Shoppers,15644.803486544
C103753,South,Organic Search,0.8506899,High,5174.83,Low,Mid-Value Occasional Shoppers,4402.175615217
C103754,North,Social Media,0.9171495,High,658.89,Low,Low-Engagement / Dormant,604.3006340549999
C103755,Central,Email Marketing,0.15776217,Low,88696.61,High,Mid-Value Occasional Shoppers,13992.9696652437
C103756,South,Paid Ads,0.18351474,Low,53385.29,High,Mid-Value Occasional Shoppers,9796.9876141746
C103757,Central,Organic Search,0.69821954,High,14145.43,Medium,Mid-Value Occasional Shoppers,9876.6156277022
C103758,West,Social Media,0.0020778636,Low,639324.58,Very High,Mid-Value Occasional Shoppers,1328.4292733672878
C103759,West,Organic Search,0.37805983,Medium,44461.52,Medium,Mid-Value Occasional Shoppers,16809.114692741598
C103760,Central,Email Marketing,0.9434265,High,1302.24,Low,Low-Engagement / Dormant,1228.56772536
C103761,North,Referral,0.7483049,High,11335.5,Medium,Mid-Value Occasional Shoppers,8482.41019395
C103762,East,Paid Ads,0.0008110247,Low,510876.17,Very High,Mid-Value Occasional Shoppers,414.333192511399
C103763,North,Organic Search,0.8209841,High,3836.31,Low,Low-Engagement / Dormant,3149.549512671
C103764,North,Referral,0.47638997,Medium,39072.47,Medium,Mid-Value Occasional Shoppers,18613.7328111259
C103765,South,Social Media,0.4439972,Medium,27390.66,Medium,Mid-Value Occasional Shoppers,12161.376346152
C103766,West,Organic Search,0.91286623,High,910.06,Low,Low-Engagement / Dormant,830.7630412737999
C103767,West,Referral,0.97174376,High,443.52,Low,Low-Engagement / Dormant,430.9877924352
C103768,South,Paid Ads,0.8451904,High,4887.97,Low,Mid-Value Occasional Shoppers,4131.265319488
C103769,West,Email Marketing,0.8009356,High,9823.29,Medium,Mid-Value Occasional Shoppers,7867.822670124
C103770,North,Email Marketing,0.85054475,High,7807.76,Low,Mid-Value Occasional Shoppers,6640.84927726
C103771,North,Organic Search,0.26092416,Low,110455.06,High,Mid-Value Occasional Shoppers,28820.3937482496
C103773,East,Paid Ads,0.17785625,Low,126080.33,High,Mid-Value Occasional Shoppers,22424.1746925625
C103774,East,Email Marketing,0.994136,High,286.83,Low,Low-Engagement / Dormant,285.14802888
C103775,South,Organic Search,0.6829177,High,8655.34,Low,Mid-Value Occasional Shoppers,5910.884885518
C103776,North,Paid Ads,0.9635961,High,562.74,Low,Low-Engagement / Dormant,542.2540693139999
C103777,East,Social Media,0.061989028,Low,139290.47,High,Mid-Value Occasional Shoppers,8634.48084496316
C103778,West,Organic Search,0.9146397,High,1105.28,Low,Low-Engagement / Dormant,1010.932967616
C103780,West,Referral,0.72086865,High,18331.65,Medium,Mid-Value Occasional Shoppers,13214.7117877725
C103781,East,Social Media,0.0022199706,Low,548839.45,Very High,High-Value Loyalists,1218.40744312017
C103782,East,Social Media,0.85370415,High,4783.0,Low,Mid-Value Occasional Shoppers,4083.26694945
C103783,North,Organic Search,0.21777342,Low,56325.53,High,Low-Engagement / Dormant,12266.2033014126
C103784,Central,Social Media,0.20055306,Low,128478.66,High,Mid-Value Occasional Shoppers,25766.7884076996
C103785,East,Social Media,0.8007387,High,16415.55,Medium,Mid-Value Occasional Shoppers,13144.566166785
C103786,South,Paid Ads,0.82378453,High,6147.53,Low,Mid-Value Occasional Shoppers,5064.240111710899
C103787,Central,Direct,0.98564595,High,287.46,Low,Low-Engagement / Dormant,283.333784787
C103788,West,Organic Search,0.24343239,Low,55730.66,High,Mid-Value Occasional Shoppers,13566.6477600774
C103789,West,Paid Ads,0.9506569,High,402.29,Low,Low-Engagement / Dormant,382.439764301
C103791,North,Organic Search,0.33788198,Medium,90558.76,High,Mid-Value Occasional Shoppers,30598.1731351448
C103792,West,Direct,0.16569231,Low,116299.57,High,Mid-Value Occasional Shoppers,19269.9444053067
C103794,Central,Organic Search,0.7344577,High,37566.5,Medium,Mid-Value Occasional Shoppers,27591.00518705
C103795,South,Organic Search,0.69825965,High,9901.91,Medium,Mid-Value Occasional Shoppers,6914.1042109315
C103796,North,Paid Ads,0.70623755,High,31652.27,Medium,Mid-Value Occasional Shoppers,22354.0216167385
C103797,South,Email Marketing,0.00059258175,Low,803615.12,Very High,High-Value Loyalists,476.20765413606006
C103798,West,Direct,0.60307914,High,35318.07,Medium,Mid-Value Occasional Shoppers,21299.5912820598
C103799,East,Social Media,0.36822683,Medium,46898.62,High,Mid-Value Occasional Shoppers,17269.330173974602
C103800,West,Organic Search,0.8002099,High,15615.0,Medium,Mid-Value Occasional Shoppers,12495.2775885
C103801,North,Paid Ads,0.4309953,Medium,29814.84,Medium,Mid-Value Occasional Shoppers,12850.055910252
C103802,North,Paid Ads,0.44357657,Medium,30149.6,Medium,Mid-Value Occasional Shoppers,13373.656154872
C103803,East,Organic Search,0.51168764,Medium,27056.19,Medium,Mid-Value Occasional Shoppers,13844.318008491598
C103804,South,Organic Search,0.99015945,High,1151.79,Low,Low-Engagement / Dormant,1140.4557529155
C103805,West,Paid Ads,0.8057279,High,6686.08,Low,Mid-Value Occasional Shoppers,5387.161197632
C103806,Central,Paid Ads,0.96496624,High,1842.4,Low,Low-Engagement / Dormant,1777.853800576
C103807,East,Referral,0.66409725,High,11915.79,Medium,Mid-Value Occasional Shoppers,7913.2433705775
C103808,South,Paid Ads,0.6582847,High,52137.83,High,Mid-Value Occasional Shoppers,34321.535780201
C103809,East,Organic Search,0.19568965,Low,190974.32,High,Mid-Value Occasional Shoppers,37371.697839788
C103810,Central,Organic Search,0.5806987,Medium,7013.33,Low,Mid-Value Occasional Shoppers,4072.631613671
C103811,West,Referral,0.69303477,High,23193.49,Medium,Mid-Value Occasional Shoppers,16073.8950076473
C103812,West,Social Media,0.49107465,Medium,51010.75,High,Low-Engagement / Dormant,25050.0862024875
C103813,South,Organic Search,0.0007685083,Low,635686.99,Very High,High-Value Loyalists,488.530728017017
C103814,West,Email Marketing,0.000842251,Low,849620.46,Very High,High-Value Loyalists,715.59368205546
C103815,North,Social Media,0.81614566,High,12396.25,Medium,Mid-Value Occasional Shoppers,10117.145637775
C103816,West,Organic Search,0.3089289,Medium,83965.72,High,Mid-Value Occasional Shoppers,25939.437517308
C103817,Central,Paid Ads,0.33268327,Medium,144850.6,High,Mid-Value Occasional Shoppers,48189.371269462
C103818,Central,Direct,0.009207238,Low,280960.75,Very High,Mid-Value Occasional Shoppers,2586.8724939085
C103819,North,Paid Ads,0.7438053,High,22851.46,Medium,Low-Engagement / Dormant,16997.037060738
C103820,West,Organic Search,0.042636026,Low,647591.04,Very High,High-Value Loyalists,27610.70841880704
C103821,North,Social Media,0.9771871,High,693.81,Low,Low-Engagement / Dormant,677.982181851
C103822,East,Organic Search,0.86946654,High,4334.54,Low,Low-Engagement / Dormant,3768.7374962916
C103823,West,Referral,0.11920536,Low,113379.66,High,Mid-Value Occasional Shoppers,13515.4631869776
C103824,East,Referral,0.0029386922,Low,557904.21,Very High,Mid-Value Occasional Shoppers,1639.508750274162
C103825,South,Email Marketing,0.9908969,High,292.26,Low,Low-Engagement / Dormant,289.599527994
C103826,West,Social Media,0.009205108,Low,314449.37,Very High,High-Value Loyalists,2894.54041138196
C103827,West,Referral,0.11821966,Low,107793.9,High,Mid-Value Occasional Shoppers,12743.358208074
C103828,East,Paid Ads,0.87922955,High,3660.42,Low,Low-Engagement / Dormant,3218.349429411
C103829,East,Email Marketing,0.0053154794,Low,998292.0,Very High,Mid-Value Occasional Shoppers,5306.4005611848
C103830,West,Organic Search,0.44777206,Medium,21346.16,Medium,Mid-Value Occasional Shoppers,9558.2140362896
C103831,South,Organic Search,0.9864087,High,344.77,Low,Low-Engagement / Dormant,340.084127499
C103832,North,Direct,0.9915153,High,3061.96,Low,Low-Engagement / Dormant,3035.980187988
C103833,East,Direct,0.82092243,High,1502.31,Low,Low-Engagement / Dormant,1233.2799758133
C103834,West,Social Media,0.15978439,Low,101028.91,High,Mid-Value Occasional Shoppers,16142.8427567149
C103835,South,Paid Ads,0.772908,High,26883.99,Medium,Mid-Value Occasional Shoppers,20778.85094292
C103836,North,Organic Search,0.02505318,Low,226719.85,Very High,Mid-Value Occasional Shoppers,5680.053211623001
C103837,Central,Social Media,0.70932996,High,29153.02,Medium,Mid-Value Occasional Shoppers,20679.1105104792
C103838,Central,Organic Search,0.9039111,High,2667.72,Low,Low-Engagement / Dormant,2411.381719692
C103839,East,Paid Ads,0.0028517598,Low,724753.27,Very High,High-Value Loyalists,2066.822240304546
C103840,West,Paid Ads,0.841216,High,6498.14,Low,Mid-Value Occasional Shoppers,5466.33933824
C103841,Central,Email Marketing,0.7418158,High,17323.26,Medium,Mid-Value Occasional Shoppers,12850.667975508
C103842,East,Direct,0.0038822244,Low,506884.69,Very High,High-Value Loyalists,1967.840111504436
C103843,South,Direct,0.03734789,Low,64360.27,High,Low-Engagement / Dormant,2403.7202843303
C103844,East,Referral,0.6461746,High,34175.09,Medium,Mid-Value Occasional Shoppers,22083.075110714
C103845,Central,Paid Ads,0.5538104,Medium,22995.64,Medium,Mid-Value Occasional Shoppers,12735.224586656
C103846,West,Organic Search,0.43373075,Medium,36546.18,Medium,Mid-Value Occasional Shoppers,15851.202061035
C103847,North,Paid Ads,0.1496311,Low,231076.21,Very High,Mid-Value Occasional Shoppers,34576.187486131
C103848,Central,Paid Ads,0.7635989,High,14901.88,Medium,Mid-Value Occasional Shoppers,11379.059175932
C103849,West,Social Media,0.98191005,High,335.62,Low,Low-Engagement / Dormant,329.548650981
C103850,South,Paid Ads,0.81346697,High,3651.07,Low,Mid-Value Occasional Shoppers,2970.0248501579003
C103852,West,Paid Ads,0.963507,High,1841.54,Low,Low-Engagement / Dormant,1774.33668078
C103853,West,Paid Ads,0.685641,High,28617.92,Medium,Mid-Value Occasional Shoppers,19621.61928672
C103854,Central,Referral,0.45633742,Medium,46042.4,High,Mid-Value Occasional Shoppers,21010.870026608
C103855,North,Social Media,0.2581363,Low,47953.96,High,Mid-Value Occasional Shoppers,12378.657804748
C103856,West,Organic Search,0.022801043,Low,297624.66,Very High,High-Value Loyalists,6786.15267052038
C103857,South,Social Media,0.9811211,High,1457.06,Low,Low-Engagement / Dormant,1429.552309966
C103858,Central,Social Media,0.720088,High,16949.66,Medium,Mid-Value Occasional Shoppers,12205.24677008
C103859,Central,Organic Search,0.91733474,High,1000.87,Low,Low-Engagement / Dormant,918.1328212238
C103860,West,Paid Ads,0.5621868,Medium,26036.8,Medium,Mid-Value Occasional Shoppers,14637.54527424
C103861,West,Email Marketing,0.0009202658,Low,1052093.25,Very High,High-Value Loyalists,968.20543638585
C103862,West,Organic Search,0.98410517,High,378.43,Low,Low-Engagement / Dormant,372.4149194831
C103863,South,Paid Ads,0.0045122146,Low,823779.26,Very High,Mid-Value Occasional Shoppers,3717.068804149196
C103864,South,Organic Search,0.57072014,Medium,23935.2,Medium,Mid-Value Occasional Shoppers,13660.300694928
C103865,North,Social Media,0.0004987619,Low,698825.92,Very High,High-Value Loyalists,348.547743628448
C103866,West,Direct,0.17880084,Low,131971.89,High,Low-Engagement / Dormant,23596.6847883876
C103867,East,Paid Ads,0.0007895413,Low,757507.87,Very High,High-Value Loyalists,598.0837484400311
C103869,South,Email Marketing,0.2851985,Low,79065.46,High,Mid-Value Occasional Shoppers,22549.35059381
C103871,South,Referral,0.20094667,Low,89351.08,High,Low-Engagement / Dormant,17954.8019869036
C103872,Central,Direct,0.9910245,High,327.04,Low,Low-Engagement / Dormant,324.10465248
C103873,Central,Direct,0.62353665,High,25712.94,Medium,Mid-Value Occasional Shoppers,16032.960469251
C103874,East,Social Media,0.3709897,Medium,45758.73,High,Mid-Value Occasional Shoppers,16976.017515081
C103875,West,Organic Search,0.8757469,High,4350.59,Low,Mid-Value Occasional Shoppers,3810.015705671
C103876,North,Organic Search,0.95815307,High,701.27,Low,Low-Engagement / Dormant,671.9240033989
C103877,North,Organic Search,0.8650039,High,5398.09,Low,Mid-Value Occasional Shoppers,4669.368902551
C103878,East,Social Media,0.18482664,Low,127165.58,High,Mid-Value Occasional Shoppers,23503.5868750512
C103879,West,Paid Ads,0.0013578151,Low,633351.52,Very High,Mid-Value Occasional Shoppers,859.9742574639521
C103880,North,Referral,0.96847767,High,2052.97,Low,Low-Engagement / Dormant,1988.2556021799
C103881,North,Referral,0.00071893807,Low,596722.42,Very High,High-Value Loyalists,429.0064649605294
C103882,East,Organic Search,0.08158635,Low,186817.31,High,Mid-Value Occasional Shoppers,15241.7424397185
C103883,North,Email Marketing,0.78291595,High,4475.46,Low,Mid-Value Occasional Shoppers,3503.909017587
C103884,South,Organic Search,0.7963475,High,19312.71,Medium,Mid-Value Occasional Shoppers,15379.628326724998
C103885,East,Organic Search,0.24612316,Low,118130.35,High,Mid-Value Occasional Shoppers,29074.615033906004
C103886,Central,Email Marketing,0.8476959,High,20065.99,Medium,Mid-Value Occasional Shoppers,17009.857452441
C103887,South,Organic Search,0.020775823,Low,527443.44,Very High,Mid-Value Occasional Shoppers,10958.071551951118
C103888,North,Organic Search,0.00091453915,Low,679554.72,Very High,Mid-Value Occasional Shoppers,621.479396007288
C103889,North,Direct,0.012354059,Low,331170.49,Very High,Mid-Value Occasional Shoppers,4091.2997725189102
C103890,North,Email Marketing,0.22384334,Low,57688.61,High,Mid-Value Occasional Shoppers,12913.2111423574
C103892,South,Organic Search,0.330229,Medium,36760.49,Medium,Mid-Value Occasional Shoppers,12139.37985221
C103893,North,Organic Search,0.034803614,Low,618905.72,Very High,High-Value Loyalists,21540.15578127208
C103894,Central,Organic Search,0.28705335,Low,45246.08,Medium,Mid-Value Occasional Shoppers,12988.038838368
C103895,West,Organic Search,0.31629267,Medium,47006.06,High,Mid-Value Occasional Shoppers,14867.6722235802
C103896,North,Direct,0.63436955,High,20924.51,Medium,Mid-Value Occasional Shoppers,13273.871992670498
C103897,South,Organic Search,0.922228,High,332.29,Low,Low-Engagement / Dormant,306.44714212
C103898,West,Referral,0.05200139,Low,288485.67,Very High,Mid-Value Occasional Shoppers,15001.6558350813
C103899,West,Organic Search,0.12037229,Low,173024.11,High,Mid-Value Occasional Shoppers,20827.3083459119
C103900,Central,Social Media,0.00087743776,Low,655043.28,Very High,High-Value Loyalists,574.7597083062528
C103901,North,Organic Search,0.58304006,Medium,6603.61,Low,Mid-Value Occasional Shoppers,3850.1691706166
C103902,West,Organic Search,0.00092247763,Low,747503.59,Very High,High-Value Loyalists,689.5553401196917
C103903,North,Organic Search,0.40475717,Medium,25404.23,Medium,Mid-Value Occasional Shoppers,10282.5442408291
C103904,South,Direct,0.9894695,High,319.12,Low,Low-Engagement / Dormant,315.75950684000003
C103905,West,Social Media,0.62974256,High,34122.63,Medium,Mid-Value Occasional Shoppers,21488.4723701328
C103906,West,Social Media,0.010330897,Low,252293.53,Very High,Mid-Value Occasional Shoppers,2606.41847219641
C103907,North,Paid Ads,0.76972884,High,8688.7,Low,Mid-Value Occasional Shoppers,6687.9429721080005
C103908,North,Referral,0.48498246,Medium,91942.25,High,Mid-Value Occasional Shoppers,44590.378582935
C103909,West,Referral,0.0918342,Low,163220.78,High,Mid-Value Occasional Shoppers,14989.249754676
C103910,North,Paid Ads,0.037296493,Low,166205.35,High,Mid-Value Occasional Shoppers,6198.87667283755
C103911,South,Referral,0.001770196,Low,623256.8,Very High,High-Value Loyalists,1103.2866943328
C103912,North,Email Marketing,0.1631641,Low,83379.51,High,Low-Engagement / Dormant,13604.542707591
C103913,North,Direct,0.00039812445,Low,688020.41,Very High,High-Value Loyalists,273.91774732002455
C103914,West,Direct,0.58384454,Medium,22077.64,Medium,Mid-Value Occasional Shoppers,12889.9095700856
C103915,North,Paid Ads,0.9495653,High,665.61,Low,Low-Engagement / Dormant,632.040159333
C103916,East,Organic Search,0.66048646,High,19876.25,Medium,Mid-Value Occasional Shoppers,13127.994000575
C103917,West,Organic Search,0.00629976,Low,404525.98,Very High,High-Value Loyalists,2548.4165877648
C103918,North,Organic Search,0.4517915,Medium,19245.45,Medium,Mid-Value Occasional Shoppers,8694.930723675001
C103919,East,Paid Ads,0.9617678,High,352.69,Low,Low-Engagement / Dormant,339.205885382
C103920,South,Paid Ads,0.0021296497,Low,546686.03,Very High,High-Value Loyalists,1164.2497397836912
C103922,West,Social Media,0.0021371036,Low,651550.74,Very High,High-Value Loyalists,1392.431432036664
C103923,West,Social Media,0.4482801,Medium,24417.93,Medium,Mid-Value Occasional Shoppers,10946.072102193
C103924,South,Direct,0.00092704216,Low,813301.48,Very High,High-Value Loyalists,753.9647607503967
C103925,West,Organic Search,0.3009833,Medium,92627.53,High,Mid-Value Occasional Shoppers,27879.339650249
C103926,East,Organic Search,0.00078819494,Low,637623.3,Very High,High-Value Loyalists,502.57145868610206
C103927,South,Social Media,0.38139197,Medium,34806.08,Medium,Mid-Value Occasional Shoppers,13274.7594191776
C103928,North,Social Media,0.78064495,High,7157.42,Low,Mid-Value Occasional Shoppers,5587.403778029
C103929,North,Paid Ads,0.003183959,Low,468607.6,Very High,High-Value Loyalists,1492.0273854884
C103930,South,Email Marketing,0.04625947,Low,318634.97,Very High,Mid-Value Occasional Shoppers,14739.884835665898
C103931,South,Organic Search,0.89279985,High,1308.68,Low,Low-Engagement / Dormant,1168.389307698
C103932,Central,Social Media,0.0010508187,Low,858442.67,Very High,High-Value Loyalists,902.067610513929
C103933,Central,Direct,0.9719927,High,659.95,Low,Low-Engagement / Dormant,641.466582365
C103934,North,Paid Ads,0.9448235,High,499.48,Low,Low-Engagement / Dormant,471.92044178
C103935,Central,Social Media,0.15518485,Low,130346.15,High,Mid-Value Occasional Shoppers,20227.7477358275
C103936,West,Organic Search,0.881674,High,3868.79,Low,Mid-Value Occasional Shoppers,3411.01155446
C103937,East,Paid Ads,0.000786533,Low,627785.04,Very High,High-Value Loyalists,493.77365086632
C103938,Central,Organic Search,0.08975026,Low,72195.35,High,Mid-Value Occasional Shoppers,6479.551433291001
C103939,West,Social Media,0.5914478,Medium,30081.98,Medium,Mid-Value Occasional Shoppers,17791.920890644
C103940,East,Social Media,0.0012909527,Low,778373.01,Very High,High-Value Loyalists,1004.842738866627
C103941,North,Direct,0.49523014,Medium,62406.09,High,Mid-Value Occasional Shoppers,30905.3766875526
C103942,South,Social Media,0.95332956,High,350.89,Low,Low-Engagement / Dormant,334.5138093084
C103943,Central,Organic Search,0.61036044,High,22478.32,Medium,Low-Engagement / Dormant,13719.8772856608
C103944,North,Email Marketing,0.14306828,Low,162958.01,High,Mid-Value Occasional Shoppers,23314.1222029228
C103945,North,Paid Ads,0.9307711,High,486.71,Low,Low-Engagement / Dormant,453.015602081
C103946,South,Referral,0.7844805,High,12030.16,Medium,Mid-Value Occasional Shoppers,9437.42593188
C103947,East,Organic Search,0.035919175,Low,309881.54,Very High,Mid-Value Occasional Shoppers,11130.6892645295
C103948,South,Referral,0.00054073654,Low,617333.67,Very High,High-Value Loyalists,333.8148727413018
C103949,Central,Direct,0.03012923,Low,147146.06,High,High-Value Loyalists,4433.3974853338
C103950,South,Organic Search,0.5206377,Medium,113609.93,High,Mid-Value Occasional Shoppers,59149.61265236099
C103951,Central,Social Media,0.87724113,High,5457.62,Low,Mid-Value Occasional Shoppers,4787.6487359106
C103952,East,Social Media,0.024880039,Low,536896.73,Very High,Mid-Value Occasional Shoppers,13358.01158137247
C103953,East,Paid Ads,0.9334579,High,5397.09,Low,Mid-Value Occasional Shoppers,5037.956297511
C103954,North,Paid Ads,0.8224854,High,7215.7,Low,Mid-Value Occasional Shoppers,5934.80790078
C103955,South,Social Media,0.024059745,Low,213304.49,High,Mid-Value Occasional Shoppers,5132.05163675505
C103956,Central,Paid Ads,0.2531954,Low,68787.15,High,Low-Engagement / Dormant,17416.58995911
C103957,West,Organic Search,0.0045139883,Low,407610.84,Very High,High-Value Loyalists,1839.950562713172
C103958,South,Referral,0.029200358,Low,258971.1,Very High,High-Value Loyalists,7562.0488316538
C103959,Central,Social Media,0.69914657,High,5398.54,Low,Low-Engagement / Dormant,3774.3707240078
C103960,West,Organic Search,0.9936242,High,292.71,Low,Low-Engagement / Dormant,290.843739582
C103961,North,Direct,0.83461386,High,9365.15,Medium,Mid-Value Occasional Shoppers,7816.283990979
C103963,West,Direct,0.7144963,High,25573.6,Medium,Low-Engagement / Dormant,18272.24257768
C103964,West,Social Media,0.05817866,Low,195611.8,High,Mid-Value Occasional Shoppers,11380.432404188
C103965,North,Organic Search,0.48842633,Medium,33806.65,Medium,Low-Engagement / Dormant,16512.0579890945
C103966,North,Organic Search,0.92094654,High,6159.49,Low,Mid-Value Occasional Shoppers,5672.561003664599
C103967,South,Direct,0.9938446,High,314.3,Low,Low-Engagement / Dormant,312.36535778
C103968,South,Email Marketing,0.0026905905,Low,655797.72,Very High,High-Value Loyalists,1764.4831153536595
C103969,North,Referral,0.014868775,Low,489450.71,Very High,High-Value Loyalists,7277.532480580251
C103970,East,Social Media,0.7282272,High,21122.91,Medium,Low-Engagement / Dormant,15382.277605152
C103971,East,Paid Ads,0.89125794,High,3768.99,Low,Low-Engagement / Dormant,3359.1422632806
C103972,North,Referral,0.011970772,Low,261376.88,Very High,Mid-Value Occasional Shoppers,3128.88303655136
C103973,East,Organic Search,0.4990536,Medium,27875.63,Medium,Mid-Value Occasional Shoppers,13911.433503768
C103974,North,Social Media,0.0077025727,Low,629460.0,Very High,Mid-Value Occasional Shoppers,4848.461411742001
C103975,South,Social Media,0.8236064,High,9457.0,Medium,Mid-Value Occasional Shoppers,7788.845724799999
C103976,West,Referral,0.82874024,High,5459.93,Low,Mid-Value Occasional Shoppers,4524.8636985832
C103977,Central,Paid Ads,0.70821047,High,14516.65,Medium,Mid-Value Occasional Shoppers,10280.8435193255
C103978,South,Referral,0.45099524,Medium,33856.15,Medium,Mid-Value Occasional Shoppers,15268.962494726002
C103979,Central,Organic Search,0.0024338667,Low,492650.61,Very High,High-Value Loyalists,1199.045914413687
C103980,Central,Organic Search,0.94281393,High,4198.2,Low,Mid-Value Occasional Shoppers,3958.121440926
C103981,East,Organic Search,0.07310811,Low,185672.15,High,Mid-Value Occasional Shoppers,13574.1399661365
C103982,Central,Paid Ads,0.008957875,Low,336830.07,Very High,Mid-Value Occasional Shoppers,3017.2816633012503
C103983,South,Paid Ads,0.9825965,High,859.97,Low,Low-Engagement / Dormant,845.003512105
C103984,North,Paid Ads,0.9683349,High,2665.15,Low,Low-Engagement / Dormant,2580.757758735
C103985,West,Paid Ads,0.3662626,Medium,66731.91,High,Mid-Value Occasional Shoppers,24441.402859566
C103986,East,Paid Ads,0.41527548,Medium,44191.99,Medium,Mid-Value Occasional Shoppers,18351.8498594052
C103988,North,Referral,0.0010706175,Low,698880.2,Very High,High-Value Loyalists,748.2333725235
C103989,North,Organic Search,0.2591231,Low,59501.02,High,Mid-Value Occasional Shoppers,15418.088755562
C103990,North,Paid Ads,0.00068317936,Low,581182.21,Very High,High-Value Loyalists,397.0516902711856
C103991,North,Organic Search,0.0154396435,Low,350003.18,Very High,Mid-Value Occasional Shoppers,5403.92432306633
C103992,Central,Organic Search,0.08034212,Low,314041.24,Very High,Mid-Value Occasional Shoppers,25230.7389890288
C103993,South,Social Media,0.87960553,High,425.43,Low,Low-Engagement / Dormant,374.2105806279
C103994,West,Email Marketing,0.9531235,High,1038.61,Low,Low-Engagement / Dormant,989.923598335
C103995,North,Paid Ads,0.7571808,High,6975.45,Low,Mid-Value Occasional Shoppers,5281.67681136
C103996,South,Paid Ads,0.8356212,High,13952.96,Medium,Mid-Value Occasional Shoppers,11659.389178752
C103997,Central,Organic Search,0.11773799,Low,198026.17,High,Mid-Value Occasional Shoppers,23315.203223198303
C103998,North,Organic Search,0.91198635,High,3392.09,Low,Mid-Value Occasional Shoppers,3093.5397779715
C103999,South,Email Marketing,0.1719886,Low,84126.34,High,Mid-Value Occasional Shoppers,14468.771439723998
C104000,West,Social Media,0.7208356,High,43914.63,Medium,Mid-Value Occasional Shoppers,31655.228664828
C104001,North,Referral,0.0005056134,Low,788777.34,Very High,Mid-Value Occasional Shoppers,398.816392720356
C104002,North,Email Marketing,0.2044726,Low,174169.51,High,Mid-Value Occasional Shoppers,35612.892550426004
C104003,Central,Social Media,0.4550946,Medium,20772.52,Medium,Mid-Value Occasional Shoppers,9453.461680392
C104004,South,Organic Search,0.25428233,Low,68492.14,High,Mid-Value Occasional Shoppers,17416.3409458862
C104005,East,Referral,0.92658114,High,889.2,Low,Low-Engagement / Dormant,823.9159496880001
C104006,North,Referral,0.27929512,Low,70741.02,High,Mid-Value Occasional Shoppers,19757.6216698224
C104007,North,Paid Ads,0.028808644,Low,158742.54,High,Mid-Value Occasional Shoppers,4573.157322515761
C104008,South,Social Media,0.8706404,High,6570.76,Low,Mid-Value Occasional Shoppers,5720.7691147040005
C104009,West,Paid Ads,0.0011754206,Low,823044.58,Very High,High-Value Loyalists,967.423554050348
C104010,South,Paid Ads,0.21069998,Low,99392.36,High,Mid-Value Occasional Shoppers,20941.9682641528
C104011,Central,Social Media,0.81304,High,7601.46,Low,Mid-Value Occasional Shoppers,6180.2910384
C104012,West,Organic Search,0.37975985,Medium,49012.16,High,Mid-Value Occasional Shoppers,18612.850529776
C104013,East,Paid Ads,0.9297875,High,2449.8,Low,Low-Engagement / Dormant,2277.7934175
C104014,South,Paid Ads,0.64538884,High,25898.26,Medium,Mid-Value Occasional Shoppers,16714.447979418397
C104015,East,Social Media,0.77606404,High,2182.93,Low,Low-Engagement / Dormant,1694.0934748371997
C104016,West,Email Marketing,0.0028803577,Low,703589.12,Very High,Mid-Value Occasional Shoppers,2026.588339428224
C104017,North,Social Media,0.8256866,High,3638.96,Low,Mid-Value Occasional Shoppers,3004.6405099360004
C104018,Central,Referral,0.11993563,Low,187969.67,High,Mid-Value Occasional Shoppers,22544.260792342106
C104019,East,Paid Ads,0.61659116,High,22108.25,Medium,Mid-Value Occasional Shoppers,13631.75151307
C104020,Central,Social Media,0.93481797,High,1759.38,Low,Low-Engagement / Dormant,1644.7000400586
C104021,Central,Organic Search,0.0013029098,Low,614370.99,Very High,High-Value Loyalists,800.4699837067019
C104022,North,Paid Ads,0.59381956,Medium,35781.22,Medium,Low-Engagement / Dormant,21247.5883166632
C104023,South,Referral,0.2547913,Low,93210.22,High,Mid-Value Occasional Shoppers,23749.153127086
C104024,East,Organic Search,0.20071867,Low,100345.55,High,Mid-Value Occasional Shoppers,20141.225336418494
C104025,East,Email Marketing,0.3910607,Medium,40210.64,Medium,Mid-Value Occasional Shoppers,15724.801025848
C104026,West,Paid Ads,0.91994625,High,4046.72,Low,Mid-Value Occasional Shoppers,3722.7648888
C104027,North,Social Media,0.84714067,High,6905.69,Low,Mid-Value Occasional Shoppers,5850.0908534123
C104028,East,Paid Ads,0.0034759883,Low,578818.83,Very High,Mid-Value Occasional Shoppers,2011.9674808996888
C104029,Central,Referral,0.07433933,Low,204424.83,High,Mid-Value Occasional Shoppers,15196.804897563898
C104031,North,Organic Search,0.023570942,Low,318249.18,Very High,Mid-Value Occasional Shoppers,7501.43296332756
C104032,Central,Direct,0.33862123,Medium,81912.72,High,Mid-Value Occasional Shoppers,27737.3859990456
C104033,North,Social Media,0.7530115,High,8607.57,Low,Mid-Value Occasional Shoppers,6481.599197054999
C104034,East,Paid Ads,0.9501247,High,548.78,Low,Low-Engagement / Dormant,521.409432866
C104035,South,Social Media,0.06979929,Low,198800.27,High,Mid-Value Occasional Shoppers,13876.1176978083
C104036,East,Organic Search,0.5932909,Medium,29289.22,Medium,Mid-Value Occasional Shoppers,17377.027694098
C104037,North,Referral,0.9438169,High,4655.33,Low,Mid-Value Occasional Shoppers,4393.779129077
C104038,North,Paid Ads,0.0020976707,Low,675892.79,Very High,High-Value Loyalists,1417.800501924253
C104039,South,Email Marketing,0.7614583,High,15691.28,Medium,Mid-Value Occasional Shoppers,11948.255393624
C104040,Central,Organic Search,0.635535,High,30250.32,Medium,Mid-Value Occasional Shoppers,19225.1371212
C104041,East,Referral,0.81505984,High,13666.41,Medium,Mid-Value Occasional Shoppers,11138.9419479744
C104042,West,Email Marketing,0.89626735,High,407.19,Low,Low-Engagement / Dormant,364.9511022465
C104044,South,Referral,0.93048364,High,615.17,Low,Low-Engagement / Dormant,572.4056208187999
C104045,North,Referral,0.3499796,Medium,8883.3,Low,Low-Engagement / Dormant,3108.97378068
C104046,North,Social Media,0.005031182,Low,360639.25,Very High,High-Value Loyalists,1814.4417030935
C104047,South,Organic Search,0.001288029,Low,931864.68,Very High,Mid-Value Occasional Shoppers,1200.26873191572
C104048,Central,Social Media,0.009850554,Low,264561.93,Very High,High-Value Loyalists,2606.08157780922
C104049,South,Social Media,0.9264458,High,6266.32,Low,Mid-Value Occasional Shoppers,5805.405845456
C104050,West,Organic Search,0.07197896,Low,166527.7,High,Mid-Value Occasional Shoppers,11986.490657192
C104051,West,Referral,0.5510354,Medium,30716.68,Medium,Mid-Value Occasional Shoppers,16925.978050472
C104052,Central,Organic Search,0.55192333,Medium,41915.79,Medium,Mid-Value Occasional Shoppers,23134.302396380703
C104053,South,Social Media,0.45903075,Medium,47344.19,High,Mid-Value Occasional Shoppers,21732.4390438425
C104054,Central,Paid Ads,0.46676198,Medium,28389.54,Medium,Mid-Value Occasional Shoppers,13251.1579016892
C104055,East,Email Marketing,0.9651101,High,3683.45,Low,Low-Engagement / Dormant,3554.934797845
C104056,East,Organic Search,0.0013042234,Low,550520.17,Very High,Mid-Value Occasional Shoppers,718.0012878859781
C104057,West,Organic Search,0.9748318,High,5279.19,Low,Mid-Value Occasional Shoppers,5146.322290241999
C104058,North,Social Media,0.03809802,Low,200311.99,High,Mid-Value Occasional Shoppers,7631.4902012598
C104059,West,Paid Ads,0.0011716372,Low,400154.44,Very High,Mid-Value Occasional Shoppers,468.835827649168
C104060,East,Organic Search,0.54137915,Medium,7135.87,Low,Mid-Value Occasional Shoppers,3863.2112351105
C104063,East,Referral,0.834387,High,17861.58,Medium,Mid-Value Occasional Shoppers,14903.470151460002
C104064,North,Organic Search,0.9437891,High,5484.46,Low,Low-Engagement / Dormant,5176.173567386
C104065,South,Organic Search,0.05759311,Low,266824.02,Very High,High-Value Loyalists,15367.2251345022
C104066,Central,Social Media,0.035553537,Low,319486.74,Very High,Mid-Value Occasional Shoppers,11358.88363159938
C104067,East,Social Media,0.86634547,High,3348.77,Low,Low-Engagement / Dormant,2901.1917195719
C104068,Central,Direct,0.8502218,High,4295.71,Low,Mid-Value Occasional Shoppers,3652.306288478
C104069,South,Organic Search,0.24956559,Low,52399.33,High,Mid-Value Occasional Shoppers,13077.0697070547
C104070,East,Social Media,0.016515128,Low,350105.36,Very High,Mid-Value Occasional Shoppers,5782.03483388608
C104071,Central,Direct,0.66614056,High,19588.91,Medium,Mid-Value Occasional Shoppers,13048.9674771896
C104072,West,Organic Search,0.94475436,High,320.19,Low,Low-Engagement / Dormant,302.5008985284
C104073,South,Direct,0.7000239,High,16415.27,Medium,Mid-Value Occasional Shoppers,11491.081324953
C104074,North,Paid Ads,0.0008795191,Low,433784.19,Very High,Mid-Value Occasional Shoppers,381.521480383029
C104075,Central,Referral,0.8511116,High,19335.97,Medium,Mid-Value Occasional Shoppers,16457.068364252
C104076,West,Paid Ads,0.37991405,Medium,27023.01,Medium,Mid-Value Occasional Shoppers,10266.4211722905
C104077,South,Email Marketing,0.32186627,Medium,49804.81,High,Low-Engagement / Dormant,16030.4884227587
C104078,East,Email Marketing,0.9254411,High,2972.94,Low,Low-Engagement / Dormant,2751.280863834
C104079,North,Organic Search,0.5629569,Medium,54068.52,High,Mid-Value Occasional Shoppers,30438.246406788
C104080,South,Referral,0.60651386,High,46562.74,High,Mid-Value Occasional Shoppers,28240.9471695764
C104081,North,Organic Search,0.9663884,High,505.71,Low,Low-Engagement / Dormant,488.712277764
C104082,North,Organic Search,0.50496376,Medium,36876.72,Medium,Mid-Value Occasional Shoppers,18621.4071876672
C104083,West,Social Media,0.9292755,High,5256.06,Low,Low-Engagement / Dormant,4884.327784530001
C104084,South,Social Media,0.6772055,High,60902.89,High,Mid-Value Occasional Shoppers,41243.772073895
C104085,West,Paid Ads,0.0989997,Low,173693.42,High,Mid-Value Occasional Shoppers,17195.596471974
C104086,East,Organic Search,0.015301512,Low,429439.21,Very High,Mid-Value Occasional Shoppers,6571.06922508552
C104087,North,Organic Search,0.29258856,Low,133516.34,High,Mid-Value Occasional Shoppers,39065.3536570704
C104088,South,Organic Search,0.6004391,High,9831.96,Medium,Mid-Value Occasional Shoppers,5903.493213635999
C104089,North,Organic Search,0.1002444,Low,135117.84,High,Mid-Value Occasional Shoppers,13544.806800096
C104090,West,Organic Search,0.44411033,Medium,36866.32,Medium,Mid-Value Occasional Shoppers,16372.7135410856
C104091,Central,Email Marketing,0.85269475,High,14554.88,Medium,Mid-Value Occasional Shoppers,12410.869762879998
C104092,West,Paid Ads,0.034274552,Low,335335.41,Very High,Mid-Value Occasional Shoppers,11493.47094748632
C104094,Central,Organic Search,0.010880511,Low,241918.89,Very High,Mid-Value Occasional Shoppers,2632.2011437527904
C104095,West,Paid Ads,0.9427301,High,1521.05,Low,Low-Engagement / Dormant,1433.939618605
C104096,East,Organic Search,0.7521873,High,8419.94,Low,Mid-Value Occasional Shoppers,6333.371934762001
C104097,West,Organic Search,0.019382227,Low,174792.04,High,Mid-Value Occasional Shoppers,3387.85899707308
C104098,South,Social Media,0.07186895,Low,78201.3,High,Low-Engagement / Dormant,5620.245319635001
C104099,North,Paid Ads,0.8828122,High,845.31,Low,Low-Engagement / Dormant,746.249980782
C104100,West,Paid Ads,0.8969617,High,3892.34,Low,Mid-Value Occasional Shoppers,3491.279903378
C104101,West,Paid Ads,0.82634073,High,20237.47,Medium,Mid-Value Occasional Shoppers,16723.0457331531
C104102,North,Referral,0.4014119,Medium,16117.31,Medium,Mid-Value Occasional Shoppers,6469.680029988999
C104103,Central,Paid Ads,0.90728223,High,5494.16,Low,Mid-Value Occasional Shoppers,4984.7537367768
C104105,West,Organic Search,0.0015627393,Low,567180.46,Very High,Mid-Value Occasional Shoppers,886.355195034078
C104106,Central,Social Media,0.88674754,High,22089.29,Medium,Mid-Value Occasional Shoppers,19587.6235678466
C104107,South,Direct,0.3070363,Medium,45077.81,Medium,Mid-Value Occasional Shoppers,13840.523994503
C104108,Central,Organic Search,0.59523183,Medium,13996.66,Medium,Low-Engagement / Dormant,8331.2575456878
C104109,West,Paid Ads,0.13026935,Low,82263.13,High,Low-Engagement / Dormant,10716.364474065502
C104110,West,Paid Ads,0.5074047,Medium,33662.07,Medium,Mid-Value Occasional Shoppers,17080.292529729002
C104111,Central,Direct,0.095867984,Low,166104.3,High,Mid-Value Occasional Shoppers,15924.0843747312
C104112,East,Organic Search,0.9485799,High,1844.87,Low,Low-Engagement / Dormant,1750.006600113
C104113,East,Referral,0.93315387,High,12203.34,Medium,Mid-Value Occasional Shoppers,11387.5939479258
C104114,West,Referral,0.18350965,Low,100695.33,High,Mid-Value Occasional Shoppers,18478.5647649345
C104115,South,Paid Ads,0.07367893,Low,285508.88,Very High,Mid-Value Occasional Shoppers,21035.9887838984
C104116,South,Referral,0.52489364,Medium,48299.71,High,Mid-Value Occasional Shoppers,25352.210592844403
C104117,North,Social Media,0.0010967337,Low,727952.9,Very High,High-Value Loyalists,798.37047744273
C104118,South,Organic Search,0.64911425,High,10230.57,Medium,Mid-Value Occasional Shoppers,6640.808772622499
C104119,West,Paid Ads,0.41161343,Medium,74848.72,High,Mid-Value Occasional Shoppers,30808.7383703096
C104120,Central,Paid Ads,0.13200954,Low,212403.0,High,Mid-Value Occasional Shoppers,28039.22232462
C104121,Central,Paid Ads,0.6936827,High,28064.96,Medium,Mid-Value Occasional Shoppers,19468.177228192
C104122,North,Referral,0.81110215,High,6825.77,Low,Mid-Value Occasional Shoppers,5536.3967224055
C104123,East,Social Media,0.9665982,High,1044.16,Low,Low-Engagement / Dormant,1009.283176512
C104124,East,Email Marketing,0.9808357,High,365.56,Low,Low-Engagement / Dormant,358.554298492
C104125,North,Social Media,0.80831057,High,4994.36,Low,Low-Engagement / Dormant,4036.9939783852
C104126,East,Paid Ads,0.13942952,Low,139945.51,High,Mid-Value Occasional Shoppers,19512.5352854552
C104127,South,Organic Search,0.20986404,Low,55476.9,High,Mid-Value Occasional Shoppers,11642.606360676
C104128,Central,Referral,0.48882157,Medium,26589.16,Medium,Mid-Value Occasional Shoppers,12997.3549361812
C104129,South,Organic Search,0.06783784,Low,209286.24,High,Mid-Value Occasional Shoppers,14197.5264633216
C104130,West,Paid Ads,0.0033718722,Low,530420.62,Very High,High-Value Loyalists,1788.510542884764
C104131,Central,Social Media,0.04184634,Low,104044.38,High,Low-Engagement / Dormant,4353.8765005692
C104132,West,Referral,0.16463012,Low,86751.88,High,Mid-Value Occasional Shoppers,14281.9724146256
C104133,North,Organic Search,0.511599,Medium,34631.31,Medium,Mid-Value Occasional Shoppers,17717.34356469
C104134,South,Social Media,0.1069469,Low,105216.29,High,Mid-Value Occasional Shoppers,11252.556045001
C104135,Central,Organic Search,0.37829095,Medium,44656.41,Medium,Mid-Value Occasional Shoppers,16893.115762489502
C104136,North,Referral,0.21143131,Low,52450.25,High,Mid-Value Occasional Shoppers,11089.6250673275
C104137,North,Referral,0.56129515,Medium,39914.51,Medium,Mid-Value Occasional Shoppers,22403.8208776265
C104138,Central,Referral,0.19524871,Low,59755.36,High,Low-Engagement / Dormant,11667.1569555856
C104139,West,Organic Search,0.919079,High,3966.32,Low,Low-Engagement / Dormant,3645.36141928
C104140,West,Social Media,0.012403354,Low,267727.97,Very High,High-Value Loyalists,3320.72478761138
C104142,East,Paid Ads,0.7949624,High,16043.72,Medium,Mid-Value Occasional Shoppers,12754.154156128
C104143,West,Direct,0.0010631395,Low,679394.88,Very High,High-Value Loyalists,722.29153302576
C104144,South,Organic Search,0.9256308,High,6397.03,Low,Mid-Value Occasional Shoppers,5921.287996524
C104145,North,Social Media,0.42546105,Medium,48409.62,High,Mid-Value Occasional Shoppers,20596.407755301003
C104146,North,Organic Search,0.6399152,High,8150.27,Low,Mid-Value Occasional Shoppers,5215.481657104
C104147,East,Social Media,0.89785343,High,2151.13,Low,Mid-Value Occasional Shoppers,1931.3994488759
C104148,South,Social Media,0.29640248,Low,79672.42,High,Mid-Value Occasional Shoppers,23615.1028756016
C104149,Central,Paid Ads,0.08608412,Low,167820.35,High,Mid-Value Occasional Shoppers,14446.667147842
C104150,South,Social Media,0.96339405,High,956.83,Low,Low-Engagement / Dormant,921.8043288615
C104152,Central,Email Marketing,0.69829875,High,11752.15,Medium,Mid-Value Occasional Shoppers,8206.511654812499
C104153,Central,Direct,0.9739314,High,451.89,Low,Low-Engagement / Dormant,440.109860346
C104154,West,Organic Search,0.0047040596,Low,438946.74,Very High,High-Value Loyalists,2064.831626185704
C104155,Central,Direct,0.9787662,High,462.72,Low,Low-Engagement / Dormant,452.894696064
C104156,North,Paid Ads,0.43875575,Medium,55752.05,High,Mid-Value Occasional Shoppers,24461.5325117875
C104157,East,Organic Search,0.021825528,Low,223319.7,Very High,Mid-Value Occasional Shoppers,4874.070365301601
C104158,North,Paid Ads,0.00057460926,Low,813162.03,Very High,High-Value Loyalists,467.25043231839777
C104159,East,Organic Search,0.79653454,High,5384.26,Low,Mid-Value Occasional Shoppers,4288.7490623404
C104160,West,Referral,0.5841897,Medium,21245.98,Medium,Low-Engagement / Dormant,12411.682682406
C104161,West,Organic Search,0.0058641788,Low,790671.32,Very High,Mid-Value Occasional Shoppers,4636.637992512015
C104162,North,Social Media,0.9124215,High,782.4,Low,Low-Engagement / Dormant,713.8785816
C104163,South,Paid Ads,0.0054613305,Low,510706.72,Very High,High-Value Loyalists,2789.13818649096
C104164,Central,Organic Search,0.0011332283,Low,518430.8,Very High,Mid-Value Occasional Shoppers,587.5004541516399
C104165,East,Email Marketing,0.12594286,Low,276231.05,Very High,Mid-Value Occasional Shoppers,34789.32845780299
C104166,South,Social Media,0.0562568,Low,87768.85,High,Low-Engagement / Dormant,4937.59464068
C104167,South,Paid Ads,0.8303389,High,15231.71,Medium,Mid-Value Occasional Shoppers,12647.481326519
C104168,South,Referral,0.74471706,High,10402.47,Medium,Mid-Value Occasional Shoppers,7746.8968751382
C104169,South,Email Marketing,0.9403971,High,815.83,Low,Low-Engagement / Dormant,767.204166093
C104170,South,Paid Ads,0.22690785,Low,142287.47,High,Mid-Value Occasional Shoppers,32286.1438996395
C104171,East,Organic Search,0.120184705,Low,67791.65,High,Mid-Value Occasional Shoppers,8147.519456713249
C104172,East,Direct,0.7981956,High,12582.23,Medium,Mid-Value Occasional Shoppers,10043.080624188
C104173,East,Paid Ads,0.6407041,High,26604.81,Medium,Mid-Value Occasional Shoppers,17045.810846721
C104174,North,Organic Search,0.91812843,High,7137.61,Low,Mid-Value Occasional Shoppers,6553.242663252299
C104175,North,Organic Search,0.0010464445,Low,564157.57,Very High,Mid-Value Occasional Shoppers,590.359586259865
C104176,South,Organic Search,0.9743858,High,1057.65,Low,Low-Engagement / Dormant,1030.55914137
C104177,Central,Direct,0.1884179,Low,56468.64,High,Mid-Value Occasional Shoppers,10639.702564656
C104178,West,Direct,0.032370497,Low,242551.35,Very High,Mid-Value Occasional Shoppers,7851.50774752095
C104179,North,Social Media,0.2027328,Low,78835.78,High,Mid-Value Occasional Shoppers,15982.598419584
C104180,East,Referral,0.2013065,Low,141037.9,High,Mid-Value Occasional Shoppers,28391.84601635
C104181,East,Email Marketing,0.88122463,High,6966.1,Low,Mid-Value Occasional Shoppers,6138.698895043
C104182,East,Social Media,0.6364976,High,51584.19,High,Mid-Value Occasional Shoppers,32833.213132944
C104183,West,Social Media,0.49803743,Medium,27796.97,Medium,Mid-Value Occasional Shoppers,13843.9315005871
C104184,Central,Direct,0.72182125,High,16909.13,Medium,Low-Engagement / Dormant,12205.3693530125
C104185,North,Organic Search,0.966081,High,385.31,Low,Low-Engagement / Dormant,372.24067011
C104186,East,Organic Search,0.8510529,High,694.88,Low,Low-Engagement / Dormant,591.379639152
C104187,East,Referral,0.8955763,High,3930.29,Low,Low-Engagement / Dormant,3519.874576127
C104188,East,Referral,0.7185748,High,16666.78,Medium,Low-Engagement / Dormant,11976.328105144
C104189,North,Organic Search,0.024620388,Low,185819.88,High,Mid-Value Occasional Shoppers,4574.95754371344
C104191,North,Referral,0.10014678,Low,148324.97,High,Mid-Value Occasional Shoppers,14854.2681390966
C104192,West,Paid Ads,0.6725361,High,9420.13,Medium,Mid-Value Occasional Shoppers,6335.377491692999
C104193,West,Email Marketing,0.5085721,Medium,72344.6,High,Mid-Value Occasional Shoppers,36792.44514566
C104194,South,Email Marketing,0.9563942,High,394.15,Low,Low-Engagement / Dormant,376.96277393
C104195,Central,Paid Ads,0.0005263226,Low,723811.17,Very High,High-Value Loyalists,380.958176903442
C104196,West,Social Media,0.9596946,High,350.87,Low,Low-Engagement / Dormant,336.728044302
C104197,East,Social Media,0.77875173,High,6240.67,Low,Mid-Value Occasional Shoppers,4859.9325588591
C104198,Central,Organic Search,0.0077394266,Low,421060.3,Very High,High-Value Loyalists,3258.76528602398
C104199,West,Paid Ads,0.024140917,Low,300516.86,Very High,High-Value Loyalists,7254.75257436062
C104200,North,Paid Ads,0.99000484,High,534.27,Low,Low-Engagement / Dormant,528.9298858668
C104201,East,Email Marketing,0.0032373646,Low,666020.22,Very High,Mid-Value Occasional Shoppers,2156.150283112212
C104202,East,Email Marketing,0.4513964,Medium,45579.11,Medium,Low-Engagement / Dormant,20574.246169204
C104203,East,Organic Search,0.02225569,Low,92148.33,High,Low-Engagement / Dormant,2050.8246664977
C104204,Central,Email Marketing,0.7226632,High,14731.37,Medium,Mid-Value Occasional Shoppers,10645.818984584
C104205,East,Social Media,0.0010605515,Low,657834.08,Very High,High-Value Loyalists,697.66692029512
C104207,East,Paid Ads,0.7733668,High,49031.18,High,Mid-Value Occasional Shoppers,37919.086776824
C104208,West,Email Marketing,0.74899995,High,10565.44,Medium,Mid-Value Occasional Shoppers,7913.514031728
C104209,South,Paid Ads,0.8828979,High,8411.9,Low,Mid-Value Occasional Shoppers,7426.848845009999
C104210,North,Social Media,0.5426579,Medium,9537.86,Medium,Mid-Value Occasional Shoppers,5175.795078094001
C104211,South,Social Media,0.0008872654,Low,547300.3,Very High,High-Value Loyalists,485.60061959962
C104212,West,Social Media,0.106917426,Low,161755.12,High,Mid-Value Occasional Shoppers,17294.441072721118
C104213,North,Paid Ads,0.027989088,Low,216487.99,High,Mid-Value Occasional Shoppers,6059.301403053119
C104214,South,Paid Ads,0.0014901678,Low,926767.81,Very High,High-Value Loyalists,1381.039548538518
C104215,North,Email Marketing,0.020524519,Low,216906.19,High,Mid-Value Occasional Shoppers,4451.89521787261
C104216,East,Paid Ads,0.8123041,High,18037.48,Medium,Mid-Value Occasional Shoppers,14651.918957667998
C104217,North,Organic Search,0.0011275606,Low,361594.38,Very High,Mid-Value Occasional Shoppers,407.71957606942806
C104218,North,Paid Ads,0.7770263,High,5819.34,Low,Mid-Value Occasional Shoppers,4521.780228642
C104219,West,Referral,0.61087877,High,8306.85,Low,Mid-Value Occasional Shoppers,5074.4783105745
C104220,North,Paid Ads,0.9621127,High,10438.3,Medium,Mid-Value Occasional Shoppers,10042.82099641
C104221,North,Referral,0.9427415,High,1906.65,Low,Low-Engagement / Dormant,1797.478080975
C104222,East,Organic Search,0.802126,High,5908.76,Low,Low-Engagement / Dormant,4739.57002376
C104223,North,Social Media,0.9416817,High,2943.89,Low,Low-Engagement / Dormant,2772.207339813
C104224,North,Email Marketing,0.6721557,High,18422.87,Medium,Mid-Value Occasional Shoppers,12383.037080859
C104225,South,Social Media,0.94103616,High,477.8,Low,Low-Engagement / Dormant,449.627077248
C104226,South,Social Media,0.6922228,High,10134.73,Medium,Mid-Value Occasional Shoppers,7015.491177844
C104227,East,Social Media,0.56953686,Medium,12913.03,Medium,Mid-Value Occasional Shoppers,7354.4465592858
C104228,Central,Referral,0.375096,Medium,37224.46,Medium,Low-Engagement / Dormant,13962.74604816
C104229,South,Paid Ads,0.27449906,Low,92778.1,High,Low-Engagement / Dormant,25467.501238586003
C104230,East,Social Media,0.004106728,Low,338890.74,Very High,High-Value Loyalists,1391.73209089872
C104231,Central,Paid Ads,0.2567218,Low,124707.25,High,Mid-Value Occasional Shoppers,32015.06969305
C104233,West,Paid Ads,0.90185183,High,3692.36,Low,Mid-Value Occasional Shoppers,3329.9616230188003
C104234,East,Paid Ads,0.39415106,Medium,59171.55,High,Low-Engagement / Dormant,23322.529154343
C104235,East,Organic Search,0.80909485,High,4601.22,Low,Low-Engagement / Dormant,3722.823405717
C104236,Central,Referral,0.82532775,High,5841.78,Low,Mid-Value Occasional Shoppers,4821.383143395
C104237,North,Social Media,0.6000435,High,16336.36,Medium,Mid-Value Occasional Shoppers,9802.52663166
C104238,Central,Organic Search,0.0014130628,Low,530445.44,Very High,High-Value Loyalists,749.5527186936318
C104239,East,Organic Search,0.6628028,High,26295.44,Medium,Mid-Value Occasional Shoppers,17428.691259232
C104240,East,Social Media,0.7895109,High,14386.3,Medium,Low-Engagement / Dormant,11358.14066067
C104241,South,Social Media,0.86868036,High,5042.13,Low,Mid-Value Occasional Shoppers,4379.9993035668
C104242,South,Referral,0.6759367,High,18853.2,Medium,Mid-Value Occasional Shoppers,12743.56979244
C104243,North,Paid Ads,0.25019756,Low,78249.69,High,Mid-Value Occasional Shoppers,19577.8815087564
C104244,Central,Email Marketing,0.03379577,Low,366613.58,Very High,Mid-Value Occasional Shoppers,12389.988228556602
C104245,East,Organic Search,0.23726504,Low,76035.08,High,Mid-Value Occasional Shoppers,18040.4662976032
C104246,Central,Social Media,0.4537365,Medium,45529.86,Medium,Mid-Value Occasional Shoppers,20658.55932189
C104247,South,Paid Ads,0.6899106,High,47314.3,High,High-Value Loyalists,32642.637101580003
C104248,South,Paid Ads,0.1447147,Low,131199.72,High,Mid-Value Occasional Shoppers,18986.528119884
C104249,South,Direct,0.29924428,Low,81035.56,High,Mid-Value Occasional Shoppers,24249.4278065968
C104250,North,Email Marketing,0.4139892,Medium,56109.91,High,Low-Engagement / Dormant,23228.896752972003
C104252,Central,Organic Search,0.94430566,High,816.25,Low,Low-Engagement / Dormant,770.789494975
C104253,Central,Email Marketing,0.00063848426,Low,766502.09,Very High,High-Value Loyalists,489.3995197221034
C104254,East,Organic Search,0.5241775,Medium,13224.46,Medium,Mid-Value Occasional Shoppers,6931.964381649999
C104255,South,Direct,0.97028404,High,2583.94,Low,Low-Engagement / Dormant,2507.1557423176
C104257,East,Paid Ads,0.4722567,Medium,33237.18,Medium,Low-Engagement / Dormant,15696.480944106
C104258,West,Organic Search,0.081591815,Low,147553.54,High,Low-Engagement / Dormant,12039.1611382751
C104259,East,Social Media,0.41510674,Medium,79066.0,High,Mid-Value Occasional Shoppers,32820.82950484
C104260,North,Organic Search,0.9000772,High,1834.13,Low,Low-Engagement / Dormant,1650.858594836
C104261,North,Paid Ads,0.0966907,Low,166960.85,High,Mid-Value Occasional Shoppers,16143.561459095
C104263,West,Organic Search,0.71013045,High,24517.78,Medium,Mid-Value Occasional Shoppers,17410.822144400998
C104264,Central,Social Media,0.0018020133,Low,591027.29,Very High,Mid-Value Occasional Shoppers,1065.039037242957
C104265,South,Organic Search,0.25010982,Low,80914.45,High,Mid-Value Occasional Shoppers,20237.498524899
C104266,East,Social Media,0.6239234,High,35642.0,Medium,Mid-Value Occasional Shoppers,22237.8778228
C104267,South,Paid Ads,0.6177555,High,45106.06,Medium,Mid-Value Occasional Shoppers,27864.51664833
C104268,Central,Referral,0.22135824,Low,69467.01,High,Mid-Value Occasional Shoppers,15377.0950716624
C104269,South,Referral,0.5150878,Medium,28577.91,Medium,Mid-Value Occasional Shoppers,14720.132790498
C104270,West,Email Marketing,0.07761265,Low,142926.34,High,High-Value Loyalists,11092.892002201
C104271,North,Email Marketing,0.9283377,High,1038.52,Low,Low-Engagement / Dormant,964.097268204
C104272,North,Organic Search,0.32031405,Medium,44163.56,Medium,Mid-Value Occasional Shoppers,14146.208766018
C104273,North,Organic Search,0.76049364,High,14198.28,Medium,Mid-Value Occasional Shoppers,10797.7016389392
C104274,East,Organic Search,0.73635036,High,32958.36,Medium,Mid-Value Occasional Shoppers,24268.9002510096
C104275,West,Referral,0.17124425,Low,97117.67,High,Low-Engagement / Dormant,16630.842560897498
C104276,Central,Organic Search,0.067329034,Low,195569.64,High,Mid-Value Occasional Shoppers,13167.51494092776
C104277,East,Email Marketing,0.50506073,Medium,16912.12,Medium,Mid-Value Occasional Shoppers,8541.647673047599
C104278,East,Direct,0.6254396,High,26630.58,Medium,Mid-Value Occasional Shoppers,16655.819302968
C104279,West,Organic Search,0.010493368,Low,284541.16,Very High,High-Value Loyalists,2985.79510302688
C104280,North,Paid Ads,0.0025766701,Low,426636.79,Very High,Mid-Value Occasional Shoppers,1099.302260352979
C104281,West,Social Media,0.0009228222,Low,853808.36,Very High,High-Value Loyalists,787.913309153592
C104282,West,Paid Ads,0.6677826,High,19695.3,Medium,Mid-Value Occasional Shoppers,13152.17864178
C104283,East,Paid Ads,0.12919182,Low,176089.34,High,Mid-Value Occasional Shoppers,22749.3023171988
C104284,North,Organic Search,0.0014057986,Low,433021.46,Very High,Mid-Value Occasional Shoppers,608.7409622379561
C104285,North,Email Marketing,0.26578844,Low,103141.79,High,Mid-Value Occasional Shoppers,27413.8954629076
C104286,South,Referral,0.097467616,Low,168643.41,High,Mid-Value Occasional Shoppers,16437.271126810563
C104287,Central,Organic Search,0.71776104,High,10480.24,Medium,Mid-Value Occasional Shoppers,7522.307961849599
C104288,East,Organic Search,0.105974644,Low,138279.26,High,Mid-Value Occasional Shoppers,14654.095351083442
C104289,East,Referral,0.0015944488,Low,707438.38,Very High,Mid-Value Occasional Shoppers,1127.974276064944
C104290,East,Organic Search,0.6782823,High,18428.01,Medium,Low-Engagement / Dormant,12499.393007223
C104291,West,Email Marketing,0.87566674,High,6377.93,Low,Mid-Value Occasional Shoppers,5584.9411710482
C104292,South,Social Media,0.87464213,High,6959.97,Low,Low-Engagement / Dormant,6087.4829855361
C104293,North,Direct,0.30429736,Medium,72160.28,High,Mid-Value Occasional Shoppers,21958.1827008608
C104294,West,Referral,0.012537457,Low,342709.0,Very High,Mid-Value Occasional Shoppers,4296.699351013
C104295,South,Email Marketing,0.96765345,High,913.5,Low,Low-Engagement / Dormant,883.951426575
C104296,South,Referral,0.7273095,High,12215.0,Medium,Low-Engagement / Dormant,8884.0855425
C104297,South,Social Media,0.9342463,High,2111.44,Low,Low-Engagement / Dormant,1972.605007672
C104298,South,Organic Search,0.056855895,Low,127658.49,High,Mid-Value Occasional Shoppers,7258.13770329855
C104299,Central,Referral,0.011185913,Low,422398.51,Very High,High-Value Loyalists,4724.91298418963
C104300,West,Social Media,0.6176748,High,32169.9,Medium,Mid-Value Occasional Shoppers,19870.53654852
C104301,Central,Paid Ads,0.1594169,Low,154866.4,High,Mid-Value Occasional Shoppers,24688.32140216
C104302,Central,Social Media,0.96669954,High,328.21,Low,Low-Engagement / Dormant,317.2804560234
C104303,South,Organic Search,0.027799258,Low,322385.2,Very High,High-Value Loyalists,8962.0693501816
C104304,South,Paid Ads,0.6423684,High,38795.4,Medium,High-Value Loyalists,24920.93902536
C104305,West,Organic Search,0.78276926,High,18071.4,Medium,Mid-Value Occasional Shoppers,14145.736405164002
C104306,North,Paid Ads,0.07653951,Low,196073.9,High,Mid-Value Occasional Shoppers,15007.400229789
C104307,Central,Paid Ads,0.32124516,Medium,54623.23,High,Mid-Value Occasional Shoppers,17547.4482610668
C104309,East,Social Media,0.9006064,High,3482.39,Low,Low-Engagement / Dormant,3136.262721296
C104310,West,Email Marketing,0.0009138023,Low,761420.59,Very High,High-Value Loyalists,695.7878864093569
C104311,Central,Direct,0.0010736642,Low,769343.02,Very High,High-Value Loyalists,826.0160580938841
C104312,East,Organic Search,0.9425953,High,627.37,Low,Low-Engagement / Dormant,591.356013361
C104313,East,Social Media,0.79408026,High,2015.57,Low,Low-Engagement / Dormant,1600.5243496482
C104314,South,Paid Ads,0.49029753,Medium,65263.79,High,Mid-Value Occasional Shoppers,31998.6750354387
C104315,East,Email Marketing,0.76363766,High,15666.45,Medium,Mid-Value Occasional Shoppers,11963.491218507
C104316,West,Paid Ads,0.90411705,High,4163.95,Low,Low-Engagement / Dormant,3764.6981903475
C104317,East,Organic Search,0.0009043222,Low,454583.42,Very High,Mid-Value Occasional Shoppers,411.089878457924
C104318,West,Organic Search,0.0037000757,Low,804409.5,Very High,High-Value Loyalists,2976.37604379915
C104319,North,Social Media,0.059547246,Low,76052.74,High,Low-Engagement / Dormant,4528.73121775404
C104320,South,Organic Search,0.597289,Medium,10488.38,Medium,Mid-Value Occasional Shoppers,6264.594001819999
C104321,Central,Paid Ads,0.9079722,High,5866.38,Low,Mid-Value Occasional Shoppers,5326.509954636
C104323,East,Organic Search,0.13055944,Low,210765.3,High,Mid-Value Occasional Shoppers,27517.399539432
C104324,East,Referral,0.74696165,High,18951.84,Medium,Mid-Value Occasional Shoppers,14156.297676936
C104325,Central,Social Media,0.08662624,Low,118434.8,High,Low-Engagement / Dormant,10259.561409152
C104326,North,Paid Ads,0.4773683,Medium,51148.95,High,Low-Engagement / Dormant,24416.887308285
C104327,South,Organic Search,0.12656726,Low,148689.1,High,Mid-Value Occasional Shoppers,18819.171978866
C104328,Central,Organic Search,0.70898134,High,21640.36,Medium,Mid-Value Occasional Shoppers,15342.6114308824
C104329,West,Direct,0.0007019566,Low,889824.51,Very High,Mid-Value Occasional Shoppers,624.618187636266
C104330,East,Social Media,0.34286696,Medium,19885.85,Medium,Low-Engagement / Dormant,6818.200936515999
C104331,South,Paid Ads,0.25058696,Low,130572.89,High,Mid-Value Occasional Shoppers,32719.8635635144
C104332,South,Email Marketing,0.4391977,Medium,35574.12,Medium,Mid-Value Occasional Shoppers,15624.071683524002
C104333,Central,Organic Search,0.06730309,Low,158914.28,High,Mid-Value Occasional Shoppers,10695.4220891252
C104334,West,Organic Search,0.93354154,High,2234.68,Low,Low-Engagement / Dormant,2086.1666086072
C104335,Central,Organic Search,0.83739537,High,20373.7,Medium,Mid-Value Occasional Shoppers,17060.842049769
C104336,Central,Referral,0.5505945,Medium,30679.88,Medium,Mid-Value Occasional Shoppers,16892.17318866
C104337,East,Paid Ads,0.8649359,High,17230.09,Medium,Mid-Value Occasional Shoppers,14902.923401231
C104338,East,Social Media,0.7735765,High,15327.11,Medium,Mid-Value Occasional Shoppers,11856.692108915
C104340,West,Referral,0.2347717,Low,95473.95,High,Mid-Value Occasional Shoppers,22414.581547215
C104341,East,Email Marketing,0.0011559183,Low,578355.37,Very High,High-Value Loyalists,668.531556086271
C104342,North,Paid Ads,0.9716466,High,287.81,Low,Low-Engagement / Dormant,279.649607946
C104343,Central,Organic Search,0.004182119,Low,307999.21,Very High,Mid-Value Occasional Shoppers,1288.08934812599
C104344,West,Social Media,0.89878476,High,7506.02,Low,Mid-Value Occasional Shoppers,6746.2963842552
C104345,Central,Organic Search,0.00054161734,Low,484670.96,Very High,High-Value Loyalists,262.5061961304464
C104346,South,Organic Search,0.042139318,Low,175777.53,High,Mid-Value Occasional Shoppers,7407.145233924541
C104347,East,Social Media,0.8767277,High,9996.13,Medium,Mid-Value Occasional Shoppers,8763.884063800999
C104348,West,Social Media,0.2756693,Low,114910.61,High,Mid-Value Occasional Shoppers,31677.327421273
C104349,West,Referral,0.012090938,Low,462900.58,Very High,Mid-Value Occasional Shoppers,5596.902212944041
C104350,North,Paid Ads,0.72464067,High,14956.83,Medium,Mid-Value Occasional Shoppers,10838.3273122761
C104351,South,Organic Search,0.77485186,High,10813.55,Medium,Mid-Value Occasional Shoppers,8378.899330703
C104352,West,Social Media,0.6990883,High,15700.43,Medium,Mid-Value Occasional Shoppers,10975.986917969
C104353,Central,Referral,0.117051855,Low,150737.27,High,Mid-Value Occasional Shoppers,17644.07707113585
C104354,North,Paid Ads,0.85819113,High,5538.72,Low,Mid-Value Occasional Shoppers,4753.280375553601
C104355,South,Paid Ads,0.9029974,High,2512.85,Low,Low-Engagement / Dormant,2269.09701659
C104356,East,Organic Search,0.1305844,Low,107906.68,High,Mid-Value Occasional Shoppers,14090.929063791998
C104357,North,Paid Ads,0.0016237777,Low,598328.61,Very High,High-Value Loyalists,971.552654189997
C104358,North,Direct,0.7871774,High,14544.09,Medium,Mid-Value Occasional Shoppers,11448.778951566
C104359,East,Organic Search,0.0011483266,Low,356356.82,Very High,Mid-Value Occasional Shoppers,409.2140154974121
C104360,East,Social Media,0.012265733,Low,202872.94,High,Mid-Value Occasional Shoppers,2488.38531496502
C104361,South,Organic Search,0.8246871,High,6875.75,Low,Mid-Value Occasional Shoppers,5670.342327825
C104362,South,Paid Ads,0.94366497,High,945.92,Low,Low-Engagement / Dormant,892.6315684224
C104364,East,Social Media,0.17561989,Low,107202.71,High,Mid-Value Occasional Shoppers,18826.9281379019
C104365,West,Organic Search,0.00091330137,Low,510008.96,Very High,High-Value Loyalists,465.7918818802752
C104366,South,Paid Ads,0.22176278,Low,74201.14,High,Mid-Value Occasional Shoppers,16455.0510855692
C104367,West,Organic Search,0.34559888,Medium,49771.04,High,Mid-Value Occasional Shoppers,17200.8156804352
C104368,West,Paid Ads,0.27446735,Low,120586.45,High,Mid-Value Occasional Shoppers,33097.0433774075
C104369,South,Referral,0.6782969,High,11310.18,Medium,Mid-Value Occasional Shoppers,7671.660032442
C104370,East,Organic Search,0.31959388,Medium,17589.41,Medium,Mid-Value Occasional Shoppers,5621.4677888108
C104371,West,Paid Ads,0.94505376,High,4269.46,Low,Low-Engagement / Dormant,4034.8692261696
C104372,South,Social Media,0.6456459,High,39844.94,Medium,Mid-Value Occasional Shoppers,25725.722146746
C104373,West,Email Marketing,0.6083379,High,17643.44,Medium,Mid-Value Occasional Shoppers,10733.173238376
C104374,South,Organic Search,0.03576584,Low,163166.94,High,High-Value Loyalists,5835.8026693296
C104375,East,Social Media,0.3264299,Medium,45992.84,High,Mid-Value Occasional Shoppers,15013.438161916
C104376,Central,Organic Search,0.71497166,High,18855.36,Medium,Mid-Value Occasional Shoppers,13481.0480390976
C104377,North,Organic Search,0.10575662,Low,102893.24,High,Low-Engagement / Dormant,10881.6412832488
C104378,North,Organic Search,0.88663405,High,4819.13,Low,Mid-Value Occasional Shoppers,4272.8047493765
C104379,North,Referral,0.92713773,High,3016.46,Low,Low-Engagement / Dormant,2796.6738770358
C104380,Central,Organic Search,0.0019459169,Low,572433.98,Very High,Mid-Value Occasional Shoppers,1113.908955816262
C104381,North,Direct,0.13461521,Low,166943.3,High,Mid-Value Occasional Shoppers,22473.107387593
C104383,West,Email Marketing,0.5009394,Medium,56367.56,High,Mid-Value Occasional Shoppers,28236.731685864
C104384,West,Organic Search,0.8197227,High,13955.89,Medium,Mid-Value Occasional Shoppers,11439.959831703
C104385,East,Paid Ads,0.97440195,High,373.07,Low,Low-Engagement / Dormant,363.5201354865
C104386,Central,Referral,0.0007430317,Low,759464.43,Very High,High-Value Loyalists,564.306146512431
C104387,North,Paid Ads,0.12112962,Low,100521.02,High,Mid-Value Occasional Shoppers,12176.0729546124
C104388,East,Social Media,0.28524032,Low,39563.76,Medium,Mid-Value Occasional Shoppers,11285.1795628032
C104389,East,Email Marketing,0.8368368,High,28474.55,Medium,Mid-Value Occasional Shoppers,23828.55130344
C104390,South,Social Media,0.05371045,Low,139965.83,High,Low-Engagement / Dormant,7517.627713923499
C104391,Central,Email Marketing,0.3775336,Medium,40486.63,Medium,Mid-Value Occasional Shoppers,15285.063175768
C104392,East,Organic Search,0.92201364,High,2749.9,Low,Mid-Value Occasional Shoppers,2535.445308636
C104393,South,Social Media,0.4687409,Medium,20636.12,Medium,Low-Engagement / Dormant,9672.993461308
C104394,North,Social Media,0.40221727,Medium,62247.7,High,Mid-Value Occasional Shoppers,25037.099957779
C104395,North,Social Media,0.72911066,High,19425.78,Medium,Mid-Value Occasional Shoppers,14163.5432768148
C104396,Central,Social Media,0.72365654,High,8465.15,Low,Mid-Value Occasional Shoppers,6125.861159581
C104397,South,Referral,0.94534224,High,2861.65,Low,Mid-Value Occasional Shoppers,2705.238621096
C104398,Central,Email Marketing,0.767013,High,25908.72,Medium,Mid-Value Occasional Shoppers,19872.32505336
C104399,North,Organic Search,0.029373644,Low,124860.23,High,Mid-Value Occasional Shoppers,3667.59994577812
C104400,Central,Organic Search,0.0016258144,Low,649674.18,Very High,High-Value Loyalists,1056.2496371521922
C104401,West,Organic Search,0.9263914,High,573.35,Low,Low-Engagement / Dormant,531.14650919
C104402,North,Organic Search,0.27469414,Low,40666.95,Medium,Mid-Value Occasional Shoppers,11170.972856673
C104403,North,Social Media,0.005952508,Low,468612.37,Very High,High-Value Loyalists,2789.41888132396
C104404,West,Paid Ads,0.1964572,Low,56049.6,High,Mid-Value Occasional Shoppers,11011.34747712
C104405,North,Paid Ads,0.26805958,Low,122055.05,High,Mid-Value Occasional Shoppers,32718.025439879
C104406,South,Email Marketing,0.0032019506,Low,364881.16,Very High,Mid-Value Occasional Shoppers,1168.331449190696
C104407,West,Email Marketing,0.12922448,Low,97374.38,High,Mid-Value Occasional Shoppers,12583.1536208224
C104408,Central,Social Media,0.98512846,High,597.61,Low,Low-Engagement / Dormant,588.7226189806
C104410,Central,Organic Search,0.00070427713,Low,799394.27,Very High,High-Value Loyalists,562.9951022140451
C104411,East,Paid Ads,0.009192786,Low,392255.09,Very High,High-Value Loyalists,3605.91709978074
C104412,West,Paid Ads,0.30251852,Medium,66576.37,High,Mid-Value Occasional Shoppers,20140.5849193724
C104413,South,Organic Search,0.004236875,Low,422105.59,Very High,Mid-Value Occasional Shoppers,1788.4086216312503
C104414,West,Referral,0.30484724,Medium,76521.29,High,Mid-Value Occasional Shoppers,23327.3040577396
C104415,West,Paid Ads,0.8908747,High,3629.23,Low,Low-Engagement / Dormant,3233.189187481
C104416,East,Organic Search,0.2904988,Low,44920.71,Medium,Mid-Value Occasional Shoppers,13049.412350148
C104417,Central,Social Media,0.41876072,Medium,36951.96,Medium,Low-Engagement / Dormant,15474.0293750112
C104418,East,Paid Ads,0.0007228233,Low,626324.51,Very High,High-Value Loyalists,452.72194918908303
C104419,East,Paid Ads,0.0038035852,Low,232916.9,Very High,Mid-Value Occasional Shoppers,885.91927366988
C104420,East,Organic Search,0.9631372,High,2298.44,Low,Low-Engagement / Dormant,2213.713065968
C104421,South,Organic Search,0.8821184,High,3804.06,Low,Mid-Value Occasional Shoppers,3355.631320704
C104422,South,Social Media,0.8713507,High,11609.56,Medium,Mid-Value Occasional Shoppers,10115.998232692
C104423,Central,Paid Ads,0.66280454,High,19075.37,Medium,Mid-Value Occasional Shoppers,12643.2418381798
C104424,South,Organic Search,0.6173651,High,25927.73,Medium,Mid-Value Occasional Shoppers,16006.875624223
C104425,West,Email Marketing,0.27538708,Low,33108.41,Medium,Low-Engagement / Dormant,9117.6283533428
C104426,East,Email Marketing,0.054806646,Low,443986.01,Very High,Mid-Value Occasional Shoppers,24333.38407902246
C104427,Central,Paid Ads,0.97218496,High,1293.34,Low,Low-Engagement / Dormant,1257.3656961664
C104428,West,Email Marketing,0.0048679626,Low,379076.29,Very High,High-Value Loyalists,1845.329202266754
C104429,North,Paid Ads,0.3956986,Medium,37872.99,Medium,Low-Engagement / Dormant,14986.289120814
C104430,South,Organic Search,0.00045688607,Low,582787.68,Very High,High-Value Loyalists,266.2675727596176
C104431,West,Social Media,0.97415686,High,570.39,Low,Low-Engagement / Dormant,555.6493313754
C104432,North,Paid Ads,0.0013553798,Low,742162.49,Very High,High-Value Loyalists,1005.912047263702
C104433,East,Paid Ads,0.3378582,Medium,32957.17,Medium,Mid-Value Occasional Shoppers,11134.850133294
C104434,South,Direct,0.45433614,Medium,23189.67,Medium,Mid-Value Occasional Shoppers,10535.9051556738
C104435,North,Paid Ads,0.053267382,Low,139057.52,High,High-Value Loyalists,7407.23003781264
C104436,Central,Organic Search,0.854665,High,4582.4,Low,Low-Engagement / Dormant,3916.416896
C104437,Central,Organic Search,0.78596884,High,11094.24,Medium,Low-Engagement / Dormant,8719.7269434816
C104438,West,Email Marketing,0.13524641,Low,100373.71,High,Mid-Value Occasional Shoppers,13575.1839358811
C104439,North,Organic Search,0.1259734,Low,88410.92,High,Mid-Value Occasional Shoppers,11137.424189528
C104440,Central,Email Marketing,0.00074444315,Low,541461.5,Very High,Mid-Value Occasional Shoppers,403.087304663725
C104441,East,Organic Search,0.63234407,High,28317.97,Medium,Mid-Value Occasional Shoppers,17906.700403937903
C104442,Central,Referral,0.4444598,Medium,34826.16,Medium,Mid-Value Occasional Shoppers,15478.828108368
C104443,North,Paid Ads,0.05491186,Low,272580.45,Very High,Mid-Value Occasional Shoppers,14967.899509137
C104444,North,Organic Search,0.9255658,High,6242.75,Low,Low-Engagement / Dormant,5778.07589795
C104445,West,Organic Search,0.0035784692,Low,622620.32,Very High,High-Value Loyalists,2228.027638414144
C104446,Central,Organic Search,0.18007223,Low,67142.33,High,Mid-Value Occasional Shoppers,12090.4690904959
C104447,North,Organic Search,0.0008560621,Low,490443.66,Very High,High-Value Loyalists,419.850229511286
C104448,South,Organic Search,0.0036542884,Low,529985.37,Very High,High-Value Loyalists,1936.719389760708
C104449,East,Social Media,0.9428188,High,808.92,Low,Low-Engagement / Dormant,762.6649836959999
C104450,Central,Social Media,0.0051188166,Low,450572.12,Very High,Mid-Value Occasional Shoppers,2306.396047353192
C104451,West,Paid Ads,0.022667704,Low,350795.08,Very High,Mid-Value Occasional Shoppers,7951.71903809632
C104452,Central,Social Media,0.09087987,Low,334289.14,Very High,Mid-Value Occasional Shoppers,30380.153585611803
C104453,West,Referral,0.5006676,Medium,34259.45,Medium,Low-Engagement / Dormant,17152.596608819997
C104454,Central,Direct,0.051907312,Low,195357.39,High,Mid-Value Occasional Shoppers,10140.47699423568
C104455,East,Paid Ads,0.74020386,High,16446.18,Medium,Mid-Value Occasional Shoppers,12173.525918254802
C104456,North,Paid Ads,0.46602312,Medium,27273.74,Medium,Low-Engagement / Dormant,12710.1934088688
C104457,West,Direct,0.83226436,High,12452.13,Medium,Mid-Value Occasional Shoppers,10363.4640050868
C104458,East,Direct,0.8579308,High,7303.88,Low,Low-Engagement / Dormant,6266.2236115040005
C104459,East,Direct,0.90099806,High,5336.08,Low,Mid-Value Occasional Shoppers,4807.7977280048
C104460,South,Social Media,0.876785,High,3948.71,Low,Low-Engagement / Dormant,3462.16969735
C104461,West,Social Media,0.12186808,Low,326504.65,Very High,Low-Engagement / Dormant,39790.494806572
C104462,West,Direct,0.54606444,Medium,19919.05,Medium,Mid-Value Occasional Shoppers,10877.084883582
C104463,South,Paid Ads,0.48063344,Medium,68528.72,High,Mid-Value Occasional Shoppers,32937.194432396805
C104464,Central,Organic Search,0.50449497,Medium,20528.84,Medium,Mid-Value Occasional Shoppers,10356.6965199348
C104465,South,Direct,0.018460363,Low,302469.24,Very High,Mid-Value Occasional Shoppers,5583.69196673412
C104466,North,Email Marketing,0.47856134,Medium,107730.08,High,Mid-Value Occasional Shoppers,51555.4514431072
C104467,North,Organic Search,0.11638503,Low,105030.38,High,Low-Engagement / Dormant,12223.9639272114
C104468,East,Organic Search,0.19215234,Low,79961.1,High,Mid-Value Occasional Shoppers,15364.712473974
C104469,North,Email Marketing,0.12779357,Low,81926.06,High,Low-Engagement / Dormant,10469.6236834342
C104470,West,Paid Ads,0.65275395,High,14323.52,Medium,Mid-Value Occasional Shoppers,9349.734257904
C104471,West,Referral,0.4195628,Medium,33869.46,Medium,Mid-Value Occasional Shoppers,14210.365472088
C104472,East,Organic Search,0.009871845,Low,386680.36,Very High,Mid-Value Occasional Shoppers,3817.2485784642
C104473,Central,Organic Search,0.5096207,Medium,35607.86,Medium,Mid-Value Occasional Shoppers,18146.502538702003
C104474,Central,Referral,0.008938462,Low,403770.34,Very High,Mid-Value Occasional Shoppers,3609.08584081708
C104475,South,Direct,0.97376823,High,329.86,Low,Low-Engagement / Dormant,321.2071883478
C104476,North,Social Media,0.56990314,Medium,42828.64,Medium,Mid-Value Occasional Shoppers,24408.1764179296
C104477,North,Organic Search,0.0014660668,Low,351055.18,Very High,Mid-Value Occasional Shoppers,514.670344366024
C104478,East,Organic Search,0.9438981,High,776.98,Low,Low-Engagement / Dormant,733.3899457379999
C104479,South,Organic Search,0.8909909,High,10951.77,Medium,Mid-Value Occasional Shoppers,9757.927408893
C104480,West,Direct,0.9864283,High,843.96,Low,Low-Engagement / Dormant,832.5060280680001
C104481,West,Paid Ads,0.0147857955,Low,521742.32,Very High,High-Value Loyalists,7714.37524721556
C104482,East,Direct,0.9018573,High,876.44,Low,Low-Engagement / Dormant,790.423812012
C104483,North,Email Marketing,0.0029432576,Low,705164.41,Very High,Mid-Value Occasional Shoppers,2075.480508982016
C104484,South,Paid Ads,0.6523129,High,19942.44,Medium,Mid-Value Occasional Shoppers,13008.710869476
C104485,South,Organic Search,0.95994985,High,546.19,Low,Low-Engagement / Dormant,524.3150085715
C104486,West,Direct,0.046460565,Low,83360.09,High,Low-Engagement / Dormant,3872.95687985085
C104487,West,Organic Search,0.009246243,Low,340882.25,Very High,Mid-Value Occasional Shoppers,3151.8801178867498
C104488,East,Email Marketing,0.48564216,Medium,20302.65,Medium,Mid-Value Occasional Shoppers,9859.822799724
C104489,West,Paid Ads,0.90746516,High,3263.11,Low,Low-Engagement / Dormant,2961.1586382476003
C104490,East,Paid Ads,0.6459566,High,25687.82,Medium,Mid-Value Occasional Shoppers,16593.216868612
C104491,North,Paid Ads,0.35347232,Medium,79600.43,High,Mid-Value Occasional Shoppers,28136.5486650976
C104492,North,Paid Ads,0.0477282,Low,193590.04,High,Mid-Value Occasional Shoppers,9239.704147128
C104493,North,Referral,0.6116907,High,25404.33,Medium,Mid-Value Occasional Shoppers,15539.592400731002
C104494,North,Social Media,0.46158084,Medium,24683.68,Medium,Mid-Value Occasional Shoppers,11393.5137486912
C104495,South,Organic Search,0.91480607,High,802.72,Low,Low-Engagement / Dormant,734.3331285104
C104496,West,Social Media,0.76733536,High,14064.26,Medium,Mid-Value Occasional Shoppers,10792.0040102336
C104497,North,Paid Ads,0.0048779952,Low,522078.15,Very High,Mid-Value Occasional Shoppers,2546.69470972488
C104498,North,Direct,0.0014291111,Low,652103.23,Very High,High-Value Loyalists,931.927964338853
C104499,North,Email Marketing,0.0054305275,Low,630245.13,Very High,High-Value Loyalists,3422.563510206075
C104500,South,Social Media,0.11589843,Low,152210.96,High,Mid-Value Occasional Shoppers,17641.0112927928
C104501,North,Direct,0.003872061,Low,709473.62,Very High,Mid-Value Occasional Shoppers,2747.12513453082
C104502,North,Paid Ads,0.8111938,High,8281.99,Low,Mid-Value Occasional Shoppers,6718.298939662
C104503,South,Organic Search,0.9577036,High,6013.72,Low,Low-Engagement / Dormant,5759.361293392
C104504,Central,Organic Search,0.00039144652,Low,580813.04,Very High,High-Value Loyalists,227.3572432786208
C104505,South,Email Marketing,0.33399314,Medium,118324.03,High,Mid-Value Occasional Shoppers,39519.4143171542
C104506,North,Paid Ads,0.63466024,High,24723.94,Medium,Mid-Value Occasional Shoppers,15691.3016941456
C104507,East,Email Marketing,0.6400726,High,17144.72,Medium,Mid-Value Occasional Shoppers,10973.865506672
C104508,North,Paid Ads,0.57020193,Medium,36607.22,Medium,Low-Engagement / Dormant,20873.5074959346
C104509,East,Organic Search,0.06741952,Low,218970.74,High,Mid-Value Occasional Shoppers,14762.9021848448
C104510,South,Social Media,0.049943987,Low,292919.93,Very High,High-Value Loyalists,14629.58917596091
C104511,Central,Social Media,0.4603228,Medium,30873.25,Medium,Mid-Value Occasional Shoppers,14211.6608851
C104512,Central,Paid Ads,0.03854005,Low,262770.09,Very High,Mid-Value Occasional Shoppers,10127.1724071045
C104514,North,Social Media,0.0010007656,Low,591214.0,Very High,High-Value Loyalists,591.6666334384
C104515,East,Paid Ads,0.0011941891,Low,847716.83,Very High,High-Value Loyalists,1012.334198272553
C104516,South,Referral,0.36822644,Medium,70444.44,High,Mid-Value Occasional Shoppers,25939.5053589936
C104517,West,Paid Ads,0.31794864,Medium,56029.58,High,Low-Engagement / Dormant,17814.5287607712
C104518,North,Email Marketing,0.3356189,Medium,69492.56,High,Low-Engagement / Dormant,23323.016545384
C104519,West,Paid Ads,0.8388394,High,22713.31,Medium,Mid-Value Occasional Shoppers,19052.819332414
C104520,South,Social Media,0.9620672,High,432.17,Low,Low-Engagement / Dormant,415.776581824
C104521,East,Paid Ads,0.94519293,High,1913.39,Low,Mid-Value Occasional Shoppers,1808.5227003327
C104522,South,Organic Search,0.153413,Low,75982.83,High,Mid-Value Occasional Shoppers,11656.75389879
C104523,South,Social Media,0.7521057,High,4953.75,Low,Mid-Value Occasional Shoppers,3725.743611375
C104524,West,Paid Ads,0.7706893,High,6787.18,Low,Mid-Value Occasional Shoppers,5230.807003174001
C104525,East,Social Media,0.00065890746,Low,778516.5,Very High,High-Value Loyalists,512.97032958309
C104526,South,Social Media,0.67718023,High,7812.83,Low,Mid-Value Occasional Shoppers,5290.694016350901
C104527,North,Organic Search,0.9132255,High,3016.01,Low,Low-Engagement / Dormant,2754.2972402550004
C104528,Central,Organic Search,0.73126954,High,6102.41,Low,Mid-Value Occasional Shoppers,4462.5065535914
C104529,East,Referral,0.7746532,High,16267.0,Medium,Mid-Value Occasional Shoppers,12601.2836044
C104531,East,Paid Ads,0.123543054,Low,162652.87,High,Mid-Value Occasional Shoppers,20094.63230166498
C104532,East,Organic Search,0.907937,High,1942.7,Low,Low-Engagement / Dormant,1763.8492099
C104533,East,Paid Ads,0.30784327,Medium,40955.18,Medium,Mid-Value Occasional Shoppers,12607.7765346386
C104534,North,Social Media,0.390778,Medium,99529.93,High,Mid-Value Occasional Shoppers,38894.10698554
C104535,East,Email Marketing,0.18556422,Low,207630.21,High,Mid-Value Occasional Shoppers,38528.7379670862
C104536,East,Social Media,0.0015887794,Low,458661.02,Very High,High-Value Loyalists,728.711180158988
C104537,North,Social Media,0.16852511,Low,102326.66,High,Mid-Value Occasional Shoppers,17244.6116324326
C104538,West,Paid Ads,0.12536874,Low,98148.16,High,Mid-Value Occasional Shoppers,12304.7111525184
C104539,North,Social Media,0.32416743,Medium,39869.22,Medium,Mid-Value Occasional Shoppers,12924.3025835046
C104540,North,Referral,0.34299868,Medium,51257.99,High,Mid-Value Occasional Shoppers,17581.4229094532
C104541,West,Organic Search,0.90277296,High,815.23,Low,Low-Engagement / Dormant,735.9676001808
C104542,Central,Referral,0.00091342925,Low,617433.84,Very High,High-Value Loyalists,563.9821293958199
C104543,South,Organic Search,0.0009194691,Low,599527.57,Very High,High-Value Loyalists,551.247075213087
C104544,West,Organic Search,0.021519162,Low,549613.74,Very High,Mid-Value Occasional Shoppers,11827.22710848588
C104545,North,Organic Search,0.012290074,Low,398343.64,Very High,High-Value Loyalists,4895.67281302936
C104546,West,Organic Search,0.54396707,Medium,136784.46,High,High-Value Loyalists,74406.24192773219
C104547,East,Paid Ads,0.29884452,Low,115772.45,High,Mid-Value Occasional Shoppers,34597.962249474
C104548,West,Organic Search,0.21759728,Low,76152.3,High,Mid-Value Occasional Shoppers,16570.533345744
C104549,South,Organic Search,0.9197047,High,1819.11,Low,Low-Engagement / Dormant,1673.044016817
C104550,South,Organic Search,0.32817698,Medium,66109.44,High,Mid-Value Occasional Shoppers,21695.5963686912
C104551,West,Organic Search,0.16315304,Low,80059.49,High,Mid-Value Occasional Shoppers,13061.9491743496
C104552,North,Paid Ads,0.7879441,High,18823.7,Medium,Mid-Value Occasional Shoppers,14832.023355170002
C104553,North,Email Marketing,0.18689463,Low,91988.18,High,Mid-Value Occasional Shoppers,17192.0968654734
C104555,East,Organic Search,0.9535992,High,3794.97,Low,Mid-Value Occasional Shoppers,3618.880356024
C104556,North,Paid Ads,0.9848728,High,1030.28,Low,Low-Engagement / Dormant,1014.694748384
C104557,East,Paid Ads,0.24217844,Low,45935.23,High,Mid-Value Occasional Shoppers,11124.5223424412
C104558,South,Organic Search,0.5848412,Medium,7712.3,Low,Mid-Value Occasional Shoppers,4510.47078676
C104559,East,Paid Ads,0.76087934,High,29478.26,Medium,Mid-Value Occasional Shoppers,22429.3990131484
C104560,Central,Paid Ads,0.6929514,High,16699.05,Medium,Low-Engagement / Dormant,11571.63007617
C104561,South,Paid Ads,0.112350866,Low,127754.25,High,Mid-Value Occasional Shoppers,14353.3006226805
C104562,East,Referral,0.8142669,High,19678.79,Medium,Mid-Value Occasional Shoppers,16023.787329051002
C104563,East,Paid Ads,0.11936732,Low,89443.49,High,Mid-Value Occasional Shoppers,10676.6296927468
C104564,North,Organic Search,0.040353037,Low,86707.77,High,Low-Engagement / Dormant,3498.9218509974903
C104565,West,Organic Search,0.017925603,Low,220837.21,Very High,Mid-Value Occasional Shoppers,3958.6401540876295
C104566,Central,Email Marketing,0.905939,High,2079.66,Low,Low-Engagement / Dormant,1884.04510074
C104567,West,Referral,0.12208612,Low,108427.6,High,Mid-Value Occasional Shoppers,13237.504984912
C104568,Central,Social Media,0.77146244,High,13888.31,Medium,Mid-Value Occasional Shoppers,10714.3095200764
C104569,East,Email Marketing,0.28875834,Low,43187.12,Medium,Mid-Value Occasional Shoppers,12470.6410805808
C104570,East,Social Media,0.71402144,High,3239.42,Low,Low-Engagement / Dormant,2313.0153331648003
C104572,Central,Referral,0.9203147,High,7189.48,Low,Mid-Value Occasional Shoppers,6616.584129356
C104573,East,Organic Search,0.19115165,Low,28655.95,Medium,Mid-Value Occasional Shoppers,5477.6321248175
C104574,South,Social Media,0.9256533,High,457.61,Low,Low-Engagement / Dormant,423.588206613
C104575,West,Paid Ads,0.5290966,Medium,9811.51,Medium,Mid-Value Occasional Shoppers,5191.236581866
C104576,East,Organic Search,0.77051985,High,6171.6,Low,Mid-Value Occasional Shoppers,4755.34030626
C104577,Central,Organic Search,0.15315904,Low,112990.11,High,Mid-Value Occasional Shoppers,17305.4567770944
C104578,West,Paid Ads,0.46874914,Medium,38485.94,Medium,Mid-Value Occasional Shoppers,18040.2512770916
C104579,Central,Social Media,0.00094574294,Low,954296.22,Very High,High-Value Loyalists,902.5189127336868
C104580,East,Organic Search,0.5616922,Medium,26968.64,Medium,Low-Engagement / Dormant,15148.074732607998
C104581,East,Organic Search,0.05215753,Low,417592.67,Very High,Mid-Value Occasional Shoppers,21780.6022133051
C104582,West,Paid Ads,0.001269075,Low,855890.06,Very High,High-Value Loyalists,1086.1886778945
C104583,North,Email Marketing,0.0011676586,Low,642976.67,Very High,High-Value Loyalists,750.7772383248621
C104584,North,Referral,0.0029672338,Low,304252.07,Very High,Mid-Value Occasional Shoppers,902.787025823966
C104585,Central,Referral,0.06740767,Low,168994.46,High,Mid-Value Occasional Shoppers,11391.5227915082
C104586,Central,Paid Ads,0.55701965,Medium,25245.93,Medium,Mid-Value Occasional Shoppers,14062.4790925245
C104587,Central,Paid Ads,0.9593783,High,2595.07,Low,Low-Engagement / Dormant,2489.653844981
C104588,North,Organic Search,0.7538091,High,8266.44,Low,Low-Engagement / Dormant,6231.317696604
C104589,South,Organic Search,0.003938517,Low,676463.85,Very High,High-Value Loyalists,2664.26437311045
C104590,Central,Organic Search,0.002254066,Low,686881.42,Very High,High-Value Loyalists,1548.27605485372
C104591,North,Email Marketing,0.017982058,Low,279781.38,Very High,Mid-Value Occasional Shoppers,5031.045002480039
C104592,South,Paid Ads,0.0032569636,Low,342785.04,Very High,Mid-Value Occasional Shoppers,1116.438397904544
C104593,South,Organic Search,0.0014685721,Low,608081.81,Very High,High-Value Loyalists,893.0119806835011
C104594,Central,Social Media,0.16083328,Low,198455.58,High,Low-Engagement / Dormant,31918.2618657024
C104595,East,Organic Search,0.9768927,High,309.88,Low,Low-Engagement / Dormant,302.719509876
C104596,South,Paid Ads,0.69606227,High,20447.06,Medium,Mid-Value Occasional Shoppers,14232.4269984262
C104597,East,Social Media,0.9090094,High,4922.19,Low,Mid-Value Occasional Shoppers,4474.316978585999
C104598,North,Email Marketing,0.32391265,Medium,30332.36,Medium,Mid-Value Occasional Shoppers,9825.035108354
C104599,West,Referral,0.89525676,High,5353.19,Low,Mid-Value Occasional Shoppers,4792.4795350644
C104600,East,Email Marketing,0.45010728,Medium,38017.83,Medium,Mid-Value Occasional Shoppers,17112.102052802402
C104601,East,Organic Search,0.21438795,Low,90339.9,High,Mid-Value Occasional Shoppers,19367.785964205
C104602,South,Social Media,0.49469882,Medium,22235.03,Medium,Mid-Value Occasional Shoppers,10999.6431036646
C104603,South,Email Marketing,0.050164215,Low,150639.16,High,Mid-Value Occasional Shoppers,7556.6952096594
C104604,North,Paid Ads,0.020848915,Low,273220.3,Very High,Mid-Value Occasional Shoppers,5696.3468109745
C104605,Central,Referral,0.8648684,High,3914.68,Low,Low-Engagement / Dormant,3385.683028112
C104606,South,Direct,0.52687865,Medium,25027.19,Medium,Mid-Value Occasional Shoppers,13186.2920804935
C104607,East,Social Media,0.0018216451,Low,467017.24,Very High,High-Value Loyalists,850.739666861524
C104608,South,Organic Search,0.0009042546,Low,662693.22,Very High,High-Value Loyalists,599.243392573812
C104609,Central,Organic Search,0.46167454,Medium,15931.36,Medium,Mid-Value Occasional Shoppers,7355.103299574401
C104610,West,Social Media,0.3661738,Medium,61350.46,High,Mid-Value Occasional Shoppers,22464.931069948
C104611,North,Email Marketing,0.6354059,High,25752.51,Medium,Mid-Value Occasional Shoppers,16363.296793809
C104612,East,Organic Search,0.2337157,Low,67754.36,High,Mid-Value Occasional Shoppers,15835.257675452
C104613,East,Paid Ads,0.5191144,Medium,25082.45,Medium,Mid-Value Occasional Shoppers,13020.66098228
C104614,West,Organic Search,0.0082359845,Low,260737.54,Very High,Mid-Value Occasional Shoppers,2147.43033800813
C104615,Central,Paid Ads,0.0059031895,Low,543187.23,Very High,High-Value Loyalists,3206.537152670085
C104616,West,Referral,0.0008591457,Low,431348.96,Very High,Mid-Value Occasional Shoppers,370.591604183472
C104617,Central,Social Media,0.1477481,Low,209893.42,High,Mid-Value Occasional Shoppers,31011.354007502
C104618,East,Social Media,0.7790395,High,5900.61,Low,Mid-Value Occasional Shoppers,4596.808264095
C104619,South,Social Media,0.002538911,Low,384738.85,Very High,Mid-Value Occasional Shoppers,976.81769839235
C104620,East,Social Media,0.9832812,High,422.87,Low,Low-Engagement / Dormant,415.800121044
C104621,West,Referral,0.8682847,High,3946.15,Low,Mid-Value Occasional Shoppers,3426.381668905
C104622,North,Organic Search,0.8342396,High,2849.41,Low,Low-Engagement / Dormant,2377.090658636
C104623,East,Organic Search,0.005066698,Low,339392.06,Very High,High-Value Loyalists,1719.59707161788
C104624,North,Email Marketing,0.030518562,Low,278849.69,Very High,Mid-Value Occasional Shoppers,8510.09155294578
C104625,North,Paid Ads,0.15607038,Low,108191.2,High,Mid-Value Occasional Shoppers,16885.441696656002
C104626,Central,Paid Ads,0.822277,High,19283.17,Medium,Mid-Value Occasional Shoppers,15856.107178089998
C104627,North,Paid Ads,0.68823415,High,31743.3,Medium,Mid-Value Occasional Shoppers,21846.823093695
C104628,West,Social Media,0.83429205,High,9700.13,Medium,Mid-Value Occasional Shoppers,8092.741342966498
C104629,South,Organic Search,0.92586786,High,4593.65,Low,Low-Engagement / Dormant,4253.112895089
C104630,West,Social Media,0.89083475,High,960.98,Low,Low-Engagement / Dormant,856.074378055
C104631,Central,Organic Search,0.24995668,Low,65014.68,High,Mid-Value Occasional Shoppers,16250.8535640624
C104632,West,Email Marketing,0.7887668,High,10751.17,Medium,Mid-Value Occasional Shoppers,8480.165957156
C104633,West,Social Media,0.76039296,High,16330.88,Medium,Mid-Value Occasional Shoppers,12417.8861826048
C104634,South,Email Marketing,0.80927014,High,4276.55,Low,Low-Engagement / Dormant,3460.884217217
C104635,South,Referral,0.5218484,Medium,9226.48,Medium,Mid-Value Occasional Shoppers,4814.823825632
C104636,West,Email Marketing,0.084072255,Low,190469.61,High,High-Value Loyalists,16013.209621670549
C104637,West,Paid Ads,0.55175203,Medium,29458.93,Medium,Mid-Value Occasional Shoppers,16254.024429127898
C104638,West,Organic Search,0.7424392,High,14162.23,Medium,Mid-Value Occasional Shoppers,10514.594711416
C104639,West,Email Marketing,0.0035851933,Low,492463.0,Very High,High-Value Loyalists,1765.5750480979
C104640,North,Email Marketing,0.33491436,Medium,88727.8,High,Mid-Value Occasional Shoppers,29716.214351208004
C104641,South,Email Marketing,0.79855776,High,19420.71,Medium,Mid-Value Occasional Shoppers,15508.5586752096
C104642,Central,Direct,0.09738093,Low,122210.97,High,Mid-Value Occasional Shoppers,11901.0179148021
C104643,East,Social Media,0.75156146,High,12988.38,Medium,Mid-Value Occasional Shoppers,9761.5658358348
C104644,West,Social Media,0.17571303,Low,150867.42,High,Mid-Value Occasional Shoppers,26509.3714964826
C104645,East,Referral,0.4871749,Medium,23487.82,Medium,Mid-Value Occasional Shoppers,11442.676359718
C104646,Central,Organic Search,0.9461998,High,661.2,Low,Low-Engagement / Dormant,625.6273077600001
C104647,Central,Referral,0.0009872594,Low,624929.08,Very High,High-Value Loyalists,616.967108563352
C104648,South,Email Marketing,0.40276945,Medium,77516.59,High,Mid-Value Occasional Shoppers,31221.314320175497
C104649,Central,Social Media,0.5275444,Medium,33676.16,Medium,Mid-Value Occasional Shoppers,17765.669621504003
C104650,South,Paid Ads,0.13771097,Low,103309.77,High,Mid-Value Occasional Shoppers,14226.8886371769
C104651,South,Social Media,0.2352368,Low,98302.58,High,Low-Engagement / Dormant,23124.384350944
C104652,Central,Email Marketing,0.89719707,High,12160.19,Medium,Mid-Value Occasional Shoppers,10910.0868386433
C104653,South,Organic Search,0.0010629811,Low,386918.95,Very High,High-Value Loyalists,411.287531081845
C104654,South,Paid Ads,0.01966712,Low,197375.81,High,Mid-Value Occasional Shoppers,3881.8137403672
C104655,West,Social Media,0.02047673,Low,409902.86,Very High,Mid-Value Occasional Shoppers,8393.470190447799
C104656,Central,Email Marketing,0.9140203,High,4177.1,Low,Mid-Value Occasional Shoppers,3817.95419513
C104658,West,Social Media,0.85063684,High,19304.17,Medium,Mid-Value Occasional Shoppers,16420.8381676228
C104659,East,Organic Search,0.16849524,Low,58134.94,High,Mid-Value Occasional Shoppers,9795.4606676856
C104660,South,Paid Ads,0.22539227,Low,26834.82,Medium,Mid-Value Occasional Shoppers,6048.3609948414005
C104661,West,Email Marketing,0.0015770663,Low,578300.34,Very High,High-Value Loyalists,912.017977492542
C104662,East,Paid Ads,0.2072251,Low,112949.09,High,Mid-Value Occasional Shoppers,23405.886470159
C104663,West,Paid Ads,0.0009831004,Low,806685.34,Very High,Mid-Value Occasional Shoppers,793.0526804281359
C104664,West,Paid Ads,0.76811326,High,6572.67,Low,Low-Engagement / Dormant,5048.5549806042
C104665,Central,Paid Ads,0.9166515,High,16031.41,Medium,Low-Engagement / Dormant,14695.216023615
C104666,West,Paid Ads,0.10372234,Low,156924.0,High,Mid-Value Occasional Shoppers,16276.52448216
C104667,North,Referral,0.9086646,High,924.58,Low,Low-Engagement / Dormant,840.1331158680001
C104668,West,Paid Ads,0.46042085,Medium,45916.24,High,Low-Engagement / Dormant,21140.794249604
C104669,East,Social Media,0.11454064,Low,141228.85,High,Mid-Value Occasional Shoppers,16176.442865464
C104670,North,Paid Ads,0.28600973,Low,82195.89,High,Mid-Value Occasional Shoppers,23508.8243060097
C104671,East,Email Marketing,0.19209626,Low,87937.9,High,Mid-Value Occasional Shoppers,16892.541702254
C104672,West,Organic Search,0.34582517,Medium,53870.3,High,Mid-Value Occasional Shoppers,18629.705655451
C104673,North,Organic Search,0.40264663,Medium,20955.86,Medium,Mid-Value Occasional Shoppers,8437.806407751801
C104674,South,Paid Ads,0.99048924,High,533.85,Low,Low-Engagement / Dormant,528.772680774
C104675,East,Direct,0.9071866,High,6731.5,Low,Mid-Value Occasional Shoppers,6106.726597899999
C104676,South,Referral,0.70722467,High,18487.59,Medium,Mid-Value Occasional Shoppers,13074.8797368453
C104677,Central,Social Media,0.47413775,Medium,22134.27,Medium,Mid-Value Occasional Shoppers,10494.6929756925
C104678,North,Paid Ads,0.6208898,High,16994.57,Medium,Mid-Value Occasional Shoppers,10551.755168386
C104679,West,Paid Ads,0.27477127,Low,58717.28,High,Mid-Value Occasional Shoppers,16133.8215965456
C104680,West,Direct,0.96840054,High,2371.56,Low,Low-Engagement / Dormant,2296.6199846424
C104681,South,Paid Ads,0.001371057,Low,524531.59,Very High,High-Value Loyalists,719.1627081906299
C104682,East,Referral,0.005902856,Low,231125.0,Very High,Mid-Value Occasional Shoppers,1364.297593
C104683,North,Email Marketing,0.22812591,Low,133677.55,High,Low-Engagement / Dormant,30495.312740320496
C104684,North,Social Media,0.8900618,High,2314.4,Low,Low-Engagement / Dormant,2059.95902992
C104685,East,Organic Search,0.3688731,Medium,24315.69,Medium,Mid-Value Occasional Shoppers,8969.403948939
C104686,North,Paid Ads,0.79763824,High,13007.53,Medium,Mid-Value Occasional Shoppers,10375.3033359472
C104687,West,Organic Search,0.91938335,High,2283.14,Low,Mid-Value Occasional Shoppers,2099.080901719
C104688,East,Direct,0.0041524265,Low,521222.62,Very High,Mid-Value Occasional Shoppers,2164.33861968743
C104689,North,Email Marketing,0.8923179,High,15439.6,Medium,Low-Engagement / Dormant,13777.03144884
C104690,South,Paid Ads,0.69795513,High,22180.64,Medium,Mid-Value Occasional Shoppers,15481.0914746832
C104692,South,Organic Search,0.1413672,Low,276986.25,Very High,High-Value Loyalists,39156.770601
C104693,West,Organic Search,0.9575716,High,362.1,Low,Low-Engagement / Dormant,346.73667636
C104694,North,Organic Search,0.98674417,High,307.98,Low,Low-Engagement / Dormant,303.8974694766
C104695,Central,Email Marketing,0.95691895,High,368.12,Low,Low-Engagement / Dormant,352.26100387400004
C104696,South,Organic Search,0.08247057,Low,236503.24,Very High,Mid-Value Occasional Shoppers,19504.5570096468
C104697,East,Organic Search,0.97376335,High,311.71,Low,Low-Engagement / Dormant,303.5317738285
C104698,East,Organic Search,0.0015938311,Low,634452.97,Very High,High-Value Loyalists,1011.210875073367
C104699,South,Paid Ads,0.11165866,Low,101602.21,High,Mid-Value Occasional Shoppers,11344.7666216386
C104701,North,Organic Search,0.98527294,High,565.31,Low,Low-Engagement / Dormant,556.9846457113999
C104702,North,Email Marketing,0.82758224,High,52581.9,High,Mid-Value Occasional Shoppers,43515.846585456005
C104703,North,Direct,0.8584269,High,5133.64,Low,Mid-Value Occasional Shoppers,4406.854670916
C104704,East,Paid Ads,0.860039,High,6422.89,Low,Mid-Value Occasional Shoppers,5523.93589271
C104706,North,Email Marketing,0.51879555,Medium,43608.48,Medium,Mid-Value Occasional Shoppers,22623.885366264003
C104707,Central,Email Marketing,0.0018872513,Low,737620.64,Very High,High-Value Loyalists,1392.075511746832
C104708,West,Organic Search,0.0007477653,Low,780283.47,Very High,High-Value Loyalists,583.4689030295909
C104709,North,Email Marketing,0.04288539,Low,156982.83,High,Mid-Value Occasional Shoppers,6732.269887853699
C104710,North,Social Media,0.0004581714,Low,717695.52,Very High,High-Value Loyalists,328.827561172128
C104711,South,Organic Search,0.5588691,Medium,15559.57,Medium,Mid-Value Occasional Shoppers,8695.762882287
C104712,North,Referral,0.3398803,Medium,166362.11,High,Mid-Value Occasional Shoppers,56543.203855433
C104713,West,Organic Search,0.41177696,Medium,36318.2,Medium,Mid-Value Occasional Shoppers,14954.997988672
C104714,East,Referral,0.94501436,High,1151.04,Low,Low-Engagement / Dormant,1087.7493289344
C104715,South,Social Media,0.0018304399,Low,577659.55,Very High,High-Value Loyalists,1057.371088936045
C104716,West,Paid Ads,0.67455924,High,23146.06,Medium,Mid-Value Occasional Shoppers,15613.3886425944
C104717,South,Organic Search,0.5647072,Medium,22001.67,Medium,Mid-Value Occasional Shoppers,12424.501461023998
C104718,Central,Email Marketing,0.0007570653,Low,576678.79,Very High,High-Value Loyalists,436.5835011549871
C104719,East,Organic Search,0.00055744237,Low,768057.41,Very High,High-Value Loyalists,428.1477429264618
C104720,South,Email Marketing,0.0018873267,Low,313444.91,Very High,Mid-Value Occasional Shoppers,591.572947622097
C104721,East,Referral,0.9024511,High,3145.77,Low,Low-Engagement / Dormant,2838.903596847
C104722,South,Organic Search,0.07592991,Low,151302.77,High,Mid-Value Occasional Shoppers,11488.4057088507
C104723,Central,Social Media,0.21790263,Low,121034.75,High,Mid-Value Occasional Shoppers,26373.790346392503
C104724,South,Direct,0.96889484,High,533.57,Low,Low-Engagement / Dormant,516.9732197788001
C104725,Central,Direct,0.84575856,High,5356.48,Low,Mid-Value Occasional Shoppers,4530.2888114688
C104726,Central,Organic Search,0.010964535,Low,604319.6,Very High,High-Value Loyalists,6626.083405385999
C104727,East,Organic Search,0.020088444,Low,368822.83,Very High,Mid-Value Occasional Shoppers,7409.076766376521
C104728,West,Organic Search,0.3236769,Medium,54626.07,High,Mid-Value Occasional Shoppers,17681.196996783
C104729,East,Referral,0.39433116,Medium,38866.6,Medium,Low-Engagement / Dormant,15326.311463256
C104730,North,Organic Search,0.054191284,Low,233816.61,Very High,Mid-Value Occasional Shoppers,12670.82231642724
C104731,Central,Organic Search,0.71115136,High,83552.58,High,High-Value Loyalists,59418.530898508805
C104732,South,Paid Ads,0.07485158,Low,73954.9,High,Mid-Value Occasional Shoppers,5535.641113742
C104733,Central,Direct,0.0018815008,Low,713476.69,Very High,High-Value Loyalists,1342.406963016352
C104734,East,Paid Ads,0.96281075,High,510.37,Low,Low-Engagement / Dormant,491.3897224775
C104735,North,Referral,0.020530745,Low,173021.59,High,Mid-Value Occasional Shoppers,3552.26214378455
C104736,South,Organic Search,0.91063535,High,11828.41,Medium,Mid-Value Occasional Shoppers,10771.3682802935
C104737,North,Social Media,0.64514804,High,8474.65,Low,Mid-Value Occasional Shoppers,5467.403837186
C104738,North,Social Media,0.6898988,High,13441.2,Medium,Mid-Value Occasional Shoppers,9273.067750560002
C104739,West,Email Marketing,0.0007566376,Low,643567.45,Very High,High-Value Loyalists,486.94733080612
C104740,North,Referral,0.01678372,Low,306195.27,Very High,Mid-Value Occasional Shoppers,5139.0956770044
C104741,Central,Organic Search,0.978459,High,403.05,Low,Low-Engagement / Dormant,394.36789995
C104742,South,Paid Ads,0.170257,Low,121943.21,High,Mid-Value Occasional Shoppers,20761.68510497
C104743,East,Organic Search,0.8903194,High,2568.31,Low,Low-Engagement / Dormant,2286.616218214
C104744,South,Organic Search,0.00078648544,Low,873355.42,Very High,High-Value Loyalists,686.8813217750849
C104745,North,Direct,0.46629572,Medium,53322.34,High,Mid-Value Occasional Shoppers,24863.9789223848
C104746,East,Paid Ads,0.7951621,High,5007.94,Low,Mid-Value Occasional Shoppers,3982.124087074
C104747,South,Email Marketing,0.04853212,Low,197422.51,High,Mid-Value Occasional Shoppers,9581.3329460212
C104748,East,Organic Search,0.6729031,High,15396.26,Medium,Mid-Value Occasional Shoppers,10360.191082406
C104749,East,Email Marketing,0.8955182,High,1412.76,Low,Low-Engagement / Dormant,1265.152292232
C104751,East,Social Media,0.021245647,Low,160536.68,High,Mid-Value Occasional Shoppers,3410.70563383196
C104752,South,Organic Search,0.97097486,High,755.57,Low,Low-Engagement / Dormant,733.6394749702
C104753,North,Email Marketing,0.6412262,High,22821.06,Medium,Low-Engagement / Dormant,14633.461583772
C104754,West,Email Marketing,0.09998171,Low,133526.68,High,Mid-Value Occasional Shoppers,13350.2257970228
C104755,North,Organic Search,0.7161852,High,7432.52,Low,Mid-Value Occasional Shoppers,5323.060822704
C104756,South,Direct,0.87224376,High,4789.1,Low,Mid-Value Occasional Shoppers,4177.262591016
C104757,East,Email Marketing,0.6454988,High,39741.35,Medium,Mid-Value Occasional Shoppers,25652.99373538
C104758,East,Organic Search,0.83042914,High,13637.39,Medium,Low-Engagement / Dormant,11324.8860495446
C104759,Central,Paid Ads,0.0009025112,Low,870412.39,Very High,High-Value Loyalists,785.556930593768
C104760,West,Paid Ads,0.8133152,High,11138.25,Medium,Mid-Value Occasional Shoppers,9058.9080264
C104761,West,Paid Ads,0.48031566,Medium,28795.01,Medium,Mid-Value Occasional Shoppers,13830.694232856598
C104762,East,Email Marketing,0.8067398,High,11618.84,Medium,Mid-Value Occasional Shoppers,9373.380657832
C104763,South,Email Marketing,0.2556631,Low,55604.19,High,Mid-Value Occasional Shoppers,14215.939588389
C104764,North,Organic Search,0.10843799,Low,77012.7,High,Mid-Value Occasional Shoppers,8351.102392473
C104765,West,Social Media,0.8239834,High,5914.56,Low,Mid-Value Occasional Shoppers,4873.499258304
C104766,South,Social Media,0.5012906,Medium,29598.84,Medium,Mid-Value Occasional Shoppers,14837.620262904002
C104767,South,Paid Ads,0.2511674,Low,90174.42,High,Mid-Value Occasional Shoppers,22648.874617908
C104769,West,Social Media,0.92596227,High,18890.36,Medium,Mid-Value Occasional Shoppers,17491.7606267172
C104770,East,Organic Search,0.3418031,Medium,59836.34,High,Low-Engagement / Dormant,20452.246504654
C104771,North,Paid Ads,0.252586,Low,201241.85,High,Mid-Value Occasional Shoppers,50830.8739241
C104772,Central,Email Marketing,0.8429181,High,11102.93,Medium,Mid-Value Occasional Shoppers,9358.860660033
C104773,North,Paid Ads,0.08092607,Low,147382.73,High,Mid-Value Occasional Shoppers,11927.105124771102
C104774,Central,Paid Ads,0.0041266955,Low,786780.53,Very High,High-Value Loyalists,3246.803672638616
C104775,South,Direct,0.0014721958,Low,621408.22,Very High,Mid-Value Occasional Shoppers,914.834571569476
C104776,Central,Email Marketing,0.9454418,High,1329.43,Low,Low-Engagement / Dormant,1256.898692174
C104777,Central,Referral,0.8819511,High,14796.91,Medium,Mid-Value Occasional Shoppers,13050.151051101
C104778,South,Paid Ads,0.8390438,High,9568.71,Medium,Mid-Value Occasional Shoppers,8028.566799497999
C104779,West,Social Media,0.2771184,Low,52991.89,High,Mid-Value Occasional Shoppers,14685.027769776
C104780,North,Social Media,0.0009514115,Low,541090.06,Very High,High-Value Loyalists,514.7993056196901
C104781,North,Paid Ads,0.20656885,Low,52674.74,High,Mid-Value Occasional Shoppers,10880.960465849
C104782,South,Organic Search,0.09918404,Low,106331.24,High,Mid-Value Occasional Shoppers,10546.3619614096
C104783,East,Paid Ads,0.09139214,Low,45441.05,Medium,Low-Engagement / Dormant,4152.954803347
C104784,North,Social Media,0.0023296312,Low,599931.79,Very High,High-Value Loyalists,1397.6198158558482
C104785,East,Direct,0.031789325,Low,221879.41,Very High,Mid-Value Occasional Shoppers,7053.396675298251
C104786,Central,Referral,0.0065799956,Low,674372.25,Very High,High-Value Loyalists,4437.3664377621
C104787,Central,Organic Search,0.026925549,Low,301999.18,Very High,Mid-Value Occasional Shoppers,8131.493719049819
C104788,North,Paid Ads,0.77832067,High,21577.95,Medium,Mid-Value Occasional Shoppers,16794.5645012265
C104789,East,Social Media,0.0059501156,Low,234906.95,Very High,Mid-Value Occasional Shoppers,1397.72350774342
C104790,North,Paid Ads,0.48684207,Medium,13941.03,Medium,Mid-Value Occasional Shoppers,6787.0799031321
C104791,South,Organic Search,0.06353269,Low,225903.98,Very High,Mid-Value Occasional Shoppers,14352.287531106202
C104792,Central,Direct,0.24664965,Low,87839.71,High,Mid-Value Occasional Shoppers,21665.6337276015
C104793,Central,Email Marketing,0.0846946,Low,166150.32,High,Mid-Value Occasional Shoppers,14072.034892272
C104794,South,Direct,0.12254888,Low,77140.56,High,Mid-Value Occasional Shoppers,9453.4892305728
C104795,North,Paid Ads,0.8947166,High,4821.2,Low,Mid-Value Occasional Shoppers,4313.60767192
C104796,South,Email Marketing,0.9233742,High,4615.55,Low,Mid-Value Occasional Shoppers,4261.879788810001
C104797,South,Referral,0.86854243,High,6063.45,Low,Mid-Value Occasional Shoppers,5266.3635971835
C104798,North,Social Media,0.87389314,High,11991.66,Medium,Mid-Value Occasional Shoppers,10479.4294112124
C104799,North,Organic Search,0.57043135,Medium,15023.43,Medium,Mid-Value Occasional Shoppers,8569.8354565305
C104800,South,Organic Search,0.66936207,High,32472.08,Medium,Mid-Value Occasional Shoppers,21735.578686005603
C104801,North,Organic Search,0.1059631,Low,113819.93,High,Low-Engagement / Dormant,12060.712624583
C104802,West,Email Marketing,0.9045227,High,3402.72,Low,Low-Engagement / Dormant,3077.837481744
C104803,West,Social Media,0.91996855,High,1104.86,Low,Low-Engagement / Dormant,1016.436452153
C104804,East,Direct,0.1131364,Low,192096.3,High,High-Value Loyalists,21733.08383532
C104805,South,Social Media,0.45512316,Medium,33368.04,Medium,Mid-Value Occasional Shoppers,15186.5678078064
C104806,West,Organic Search,0.34851754,Medium,25059.67,Medium,Mid-Value Occasional Shoppers,8733.7345416118
C104807,North,Paid Ads,0.7672443,High,7137.47,Low,Low-Engagement / Dormant,5476.183173921
C104808,Central,Organic Search,0.002197025,Low,425396.52,Very High,Mid-Value Occasional Shoppers,934.606789353
C104810,Central,Organic Search,0.00095830095,Low,478340.34,Very High,High-Value Loyalists,458.3940022453231
C104811,North,Organic Search,0.0054575247,Low,334704.11,Very High,High-Value Loyalists,1826.6559475165168
C104812,West,Social Media,0.90876144,High,5174.94,Low,Mid-Value Occasional Shoppers,4702.7859263136
C104813,North,Email Marketing,0.34247023,Medium,64736.89,High,Mid-Value Occasional Shoppers,22170.457607784698
C104814,West,Social Media,0.95050126,High,1501.41,Low,Low-Engagement / Dormant,1427.0920967766
C104815,East,Organic Search,0.12640944,Low,167024.85,High,Mid-Value Occasional Shoppers,21113.517754584
C104816,North,Referral,0.00042432177,Low,619464.78,Very High,High-Value Loyalists,262.8523919022606
C104817,West,Organic Search,0.85528475,High,15708.59,Medium,Mid-Value Occasional Shoppers,13435.3174710025
C104818,North,Social Media,0.0011481025,Low,483187.21,Very High,High-Value Loyalists,554.748443769025
C104819,East,Social Media,0.53454673,Medium,20776.79,Medium,Mid-Value Occasional Shoppers,11106.1651543967
C104820,South,Organic Search,0.4785049,Medium,41846.99,Medium,Mid-Value Occasional Shoppers,20023.989765251
C104821,West,Paid Ads,0.001011483,Low,483627.0,Very High,High-Value Loyalists,489.18048884100006
C104822,Central,Organic Search,0.4887344,Medium,9621.15,Medium,Mid-Value Occasional Shoppers,4702.18697256
C104823,East,Paid Ads,0.26982614,Low,101851.94,High,Mid-Value Occasional Shoppers,27482.3158217116
C104824,West,Social Media,0.80181,High,16419.27,Medium,Mid-Value Occasional Shoppers,13165.1348787
C104825,Central,Paid Ads,0.21408087,Low,95044.86,High,Mid-Value Occasional Shoppers,20347.2863178282
C104826,West,Organic Search,0.9687982,High,438.97,Low,Low-Engagement / Dormant,425.27334585400007
C104827,South,Social Media,0.22590081,Low,82698.25,High,Mid-Value Occasional Shoppers,18681.6016605825
C104828,East,Referral,0.2801671,Low,50359.72,High,Mid-Value Occasional Shoppers,14109.136709212
C104829,North,Email Marketing,0.7866884,High,14962.33,Medium,Mid-Value Occasional Shoppers,11770.691447972
C104830,South,Email Marketing,0.86072016,High,3136.0,Low,Mid-Value Occasional Shoppers,2699.21842176
C104831,South,Paid Ads,0.0006895304,Low,709971.83,Very High,High-Value Loyalists,489.547159928632
C104832,West,Paid Ads,0.15137243,Low,157491.56,High,Mid-Value Occasional Shoppers,23839.8801416908
C104833,East,Social Media,0.7551202,High,15677.84,Medium,Mid-Value Occasional Shoppers,11838.653676368
C104834,East,Referral,0.9463627,High,393.28,Low,Low-Engagement / Dormant,372.185522656
C104835,North,Paid Ads,0.6645956,High,21421.87,Medium,Mid-Value Occasional Shoppers,14236.880545772
C104836,North,Direct,0.95747215,High,7353.3,Low,Mid-Value Occasional Shoppers,7040.579960595
C104837,West,Social Media,0.90802103,High,4111.13,Low,Mid-Value Occasional Shoppers,3732.9924970639
C104838,East,Paid Ads,0.8951686,High,2656.02,Low,Mid-Value Occasional Shoppers,2377.585704972
C104839,Central,Referral,0.0005761374,Low,644808.62,Very High,High-Value Loyalists,371.498361824388
C104840,East,Organic Search,0.67053324,High,26928.65,Medium,Mid-Value Occasional Shoppers,18056.554933326
C104841,North,Direct,0.0075582247,Low,247092.27,Very High,Mid-Value Occasional Shoppers,1867.578898293069
C104842,West,Paid Ads,0.017007314,Low,373391.11,Very High,High-Value Loyalists,6350.37985257854
C104843,West,Referral,0.7071922,High,16747.71,Medium,Mid-Value Occasional Shoppers,11843.849879862
C104844,North,Social Media,0.58909196,Medium,34882.25,Medium,Mid-Value Occasional Shoppers,20548.85302171
C104845,West,Organic Search,0.8342263,High,5653.34,Low,Mid-Value Occasional Shoppers,4716.164910842
C104846,North,Referral,0.72519755,High,15511.37,Medium,Mid-Value Occasional Shoppers,11248.8075211435
C104847,South,Paid Ads,0.1301504,Low,186666.84,High,Mid-Value Occasional Shoppers,24294.763892736
C104848,North,Paid Ads,0.3382685,Medium,29930.29,Medium,Mid-Value Occasional Shoppers,10124.474302865
C104849,East,Organic Search,0.14309482,Low,135524.64,High,Mid-Value Occasional Shoppers,19392.873966364805
C104850,West,Email Marketing,0.65840125,High,38413.32,Medium,Mid-Value Occasional Shoppers,25291.37790465
C104851,North,Email Marketing,0.68149924,High,17469.77,Medium,Mid-Value Occasional Shoppers,11905.6349779748
C104852,West,Organic Search,0.0009719567,Low,552666.49,Very High,Mid-Value Occasional Shoppers,537.167897820983
C104853,West,Email Marketing,0.98122954,High,387.19,Low,Low-Engagement / Dormant,379.9222655926
C104854,South,Email Marketing,0.6611154,High,9093.2,Low,Mid-Value Occasional Shoppers,6011.654555280001
C104855,North,Organic Search,0.049636833,Low,158396.64,High,Mid-Value Occasional Shoppers,7862.30756744112
C104856,South,Direct,0.15475245,Low,182348.44,High,Mid-Value Occasional Shoppers,28218.867843678003
C104858,Central,Email Marketing,0.36591196,Medium,83557.72,High,Mid-Value Occasional Shoppers,30574.7690983312
C104859,West,Social Media,0.06301018,Low,83704.56,High,Low-Engagement / Dormant,5274.2393924208
C104860,North,Direct,0.43716994,Medium,28440.4,Medium,Mid-Value Occasional Shoppers,12433.287961576
C104861,East,Paid Ads,0.51814544,Medium,28461.31,Medium,Mid-Value Occasional Shoppers,14747.0979929264
C104862,South,Paid Ads,0.646088,High,9732.53,Medium,Mid-Value Occasional Shoppers,6288.070842640001
C104863,North,Email Marketing,0.0055355714,Low,389517.33,Very High,Mid-Value Occasional Shoppers,2156.200991752362
C104864,South,Referral,0.6317663,High,22312.35,Medium,Mid-Value Occasional Shoppers,14096.190803805
C104865,North,Social Media,0.00035289652,Low,866119.86,Very High,High-Value Loyalists,305.6506844968872
C104866,North,Social Media,0.033260915,Low,217771.88,High,Mid-Value Occasional Shoppers,7243.291990070201
C104867,South,Referral,0.5718588,Medium,27596.93,Medium,Mid-Value Occasional Shoppers,15781.547273484
C104868,South,Organic Search,0.5693754,Medium,45776.51,High,Mid-Value Occasional Shoppers,26064.018691854
C104869,East,Organic Search,0.024424981,Low,189537.27,High,Mid-Value Occasional Shoppers,4629.444218541869
C104870,East,Organic Search,0.00067628035,Low,673247.57,Very High,High-Value Loyalists,455.3041022762495
C104872,East,Email Marketing,0.00091463025,Low,800667.82,Very High,High-Value Loyalists,732.315008373555
C104873,South,Paid Ads,0.8348,High,3336.62,Low,Mid-Value Occasional Shoppers,2785.410376
C104874,Central,Paid Ads,0.008420638,Low,504446.17,Very High,Mid-Value Occasional Shoppers,4247.758588056459
C104875,North,Organic Search,0.048930336,Low,152028.13,High,Mid-Value Occasional Shoppers,7438.787482351679
C104876,East,Email Marketing,0.8143056,High,7758.57,Low,Mid-Value Occasional Shoppers,6317.846998992
C104877,North,Organic Search,0.112394676,Low,79553.32,High,Mid-Value Occasional Shoppers,8941.36962612432
C104878,South,Organic Search,0.6865381,High,13452.73,Medium,Mid-Value Occasional Shoppers,9235.811694013
C104879,East,Email Marketing,0.7603715,High,33105.04,Medium,Mid-Value Occasional Shoppers,25172.12892236
C104880,West,Organic Search,0.9449709,High,377.82,Low,Low-Engagement / Dormant,357.028905438
C104881,Central,Referral,0.0017453565,Low,659509.84,Very High,High-Value Loyalists,1151.0797860579598
C104882,East,Paid Ads,0.6033589,High,25737.82,Medium,Mid-Value Occasional Shoppers,15529.142763598
C104883,South,Referral,0.96242106,High,509.48,Low,Low-Engagement / Dormant,490.3342816488
C104884,West,Organic Search,0.45890495,Medium,66252.17,High,Mid-Value Occasional Shoppers,30403.448761241496
C104885,North,Paid Ads,0.004232719,Low,492456.52,Very High,Mid-Value Occasional Shoppers,2084.4300688778803
C104886,East,Paid Ads,0.16616845,Low,132909.48,High,Mid-Value Occasional Shoppers,22085.362281906
C104887,West,Social Media,0.8714665,High,498.89,Low,Low-Engagement / Dormant,434.765922185
C104888,South,Email Marketing,0.078093424,Low,210838.15,High,Low-Engagement / Dormant,16465.0730433256
C104889,East,Organic Search,0.14287981,Low,102654.97,High,Mid-Value Occasional Shoppers,14667.3226091557
C104890,North,Social Media,0.0012489461,Low,539969.3,Very High,High-Value Loyalists,674.39255135473
C104891,North,Organic Search,0.8944245,High,6732.45,Low,Mid-Value Occasional Shoppers,6021.668225025
C104892,Central,Referral,0.95510966,High,541.24,Low,Low-Engagement / Dormant,516.9435523784
C104893,North,Direct,0.32177687,Medium,47219.74,High,Low-Engagement / Dormant,15194.2201394138
C104894,South,Organic Search,0.0017194853,Low,670224.27,Very High,High-Value Loyalists,1152.440779968231
C104895,East,Organic Search,0.40809077,Medium,74483.2,High,Mid-Value Occasional Shoppers,30395.906440064
C104896,South,Referral,0.17408928,Low,88747.36,High,Mid-Value Occasional Shoppers,15449.964004300802
C104897,North,Email Marketing,0.36037347,Medium,31432.42,Medium,Mid-Value Occasional Shoppers,11327.4102658974
C104898,North,Social Media,0.44757408,Medium,22780.8,Medium,Mid-Value Occasional Shoppers,10196.095601664
C104899,East,Paid Ads,0.83791435,High,16342.56,Medium,Mid-Value Occasional Shoppers,13693.665539736
C104900,South,Referral,0.24810436,Low,155787.59,High,Mid-Value Occasional Shoppers,38651.5803128924
C104901,West,Paid Ads,0.005641721,Low,458006.89,Very High,Mid-Value Occasional Shoppers,2583.94708945769
C104902,South,Direct,0.89870715,High,4080.41,Low,Low-Engagement / Dormant,3667.0936419315
C104903,Central,Email Marketing,0.8598929,High,4449.79,Low,Mid-Value Occasional Shoppers,3826.342827491
C104904,South,Email Marketing,0.67113405,High,17773.52,Medium,Mid-Value Occasional Shoppers,11928.414460356002
C104905,South,Email Marketing,0.90474164,High,2239.42,Low,Low-Engagement / Dormant,2026.0965234488
C104906,Central,Direct,0.97641015,High,921.27,Low,Low-Engagement / Dormant,899.5373788905
C104907,West,Organic Search,0.61698157,High,15628.82,Medium,Mid-Value Occasional Shoppers,9642.6939008474
C104908,South,Email Marketing,0.0011279038,Low,439345.97,Very High,High-Value Loyalists,495.539989077686
C104909,South,Organic Search,0.049391024,Low,358759.99,Very High,Mid-Value Occasional Shoppers,17719.52327632976
C104910,West,Paid Ads,0.8239391,High,8797.69,Low,Mid-Value Occasional Shoppers,7248.760780679001
C104911,North,Paid Ads,0.9762353,High,653.19,Low,Low-Engagement / Dormant,637.6671356070001
C104912,South,Organic Search,0.20487094,Low,62677.67,High,Mid-Value Occasional Shoppers,12840.8331699098
C104913,East,Paid Ads,0.10744774,Low,93423.54,High,Mid-Value Occasional Shoppers,10038.1482357996
C104914,West,Social Media,0.7804913,High,14714.73,Medium,Mid-Value Occasional Shoppers,11484.718746849
C104915,East,Organic Search,0.0014310994,Low,730756.35,Very High,High-Value Loyalists,1045.78497403119
C104916,East,Paid Ads,0.008108455,Low,388387.2,Very High,Mid-Value Occasional Shoppers,3149.220133776
C104920,North,Referral,0.20453227,Low,81254.7,High,Low-Engagement / Dormant,16619.208239169
C104921,West,Referral,0.72941005,High,15896.5,Medium,Mid-Value Occasional Shoppers,11595.066859825
C104922,East,Social Media,0.9233062,High,414.76,Low,Low-Engagement / Dormant,382.950479512
C104923,South,Organic Search,0.0016945484,Low,511416.3,Very High,High-Value Loyalists,866.61967289892
C104924,East,Social Media,0.0005313911,Low,615088.21,Very High,High-Value Loyalists,326.852400508931
C104925,Central,Paid Ads,0.18545935,Low,95122.41,High,Mid-Value Occasional Shoppers,17641.3403290335
C104926,East,Organic Search,0.08932952,Low,293827.5,Very High,Mid-Value Occasional Shoppers,26247.4695378
C104927,North,Email Marketing,0.009256991,Low,269385.73,Very High,Mid-Value Occasional Shoppers,2493.7012781384296
C104928,North,Organic Search,0.014977326,Low,354262.47,Very High,Mid-Value Occasional Shoppers,5305.904502755219
C104929,East,Direct,0.14103019,Low,101553.06,High,Mid-Value Occasional Shoppers,14322.0473468814
C104930,West,Organic Search,0.006039717,Low,415712.65,Very High,High-Value Loyalists,2510.7867593200504
C104931,South,Referral,0.073012,Low,342240.57,Very High,Mid-Value Occasional Shoppers,24987.66849684
C104932,South,Paid Ads,0.060246702,Low,55387.35,High,Low-Engagement / Dormant,3336.9051700197
C104933,West,Email Marketing,0.37420443,Medium,60683.23,High,Mid-Value Occasional Shoppers,22707.9334927089
C104934,South,Email Marketing,0.93178904,High,3482.01,Low,Low-Engagement / Dormant,3244.4987551704003
C104935,North,Organic Search,0.5271009,Medium,30661.39,Medium,Mid-Value Occasional Shoppers,16161.646264251
C104936,South,Organic Search,0.06929092,Low,194576.12,High,High-Value Loyalists,13482.3583648304
C104937,East,Social Media,0.11518211,Low,260371.02,Very High,Mid-Value Occasional Shoppers,29990.0834664522
C104938,Central,Organic Search,0.39463195,Medium,37886.21,Medium,Mid-Value Occasional Shoppers,14951.1089304095
C104939,East,Organic Search,0.012843859,Low,211559.18,High,Mid-Value Occasional Shoppers,2717.23627807562
C104940,North,Direct,0.95792997,High,2278.48,Low,Low-Engagement / Dormant,2182.6242780456
C104941,West,Social Media,0.8602908,High,6388.19,Low,Mid-Value Occasional Shoppers,5495.701085652
C104942,South,Organic Search,0.053151023,Low,191439.63,High,Mid-Value Occasional Shoppers,10175.21217724149
C104943,Central,Paid Ads,0.0122245485,Low,240695.41,Very High,Mid-Value Occasional Shoppers,2942.392713272385
C104944,South,Organic Search,0.89688975,High,2169.48,Low,Low-Engagement / Dormant,1945.78437483
C104945,Central,Email Marketing,0.018737428,Low,364024.95,Very High,High-Value Loyalists,6820.8912908286
C104946,Central,Organic Search,0.16920239,Low,64569.36,High,Mid-Value Occasional Shoppers,10925.2900327704
C104947,Central,Paid Ads,0.92736447,High,3799.4,Low,Low-Engagement / Dormant,3523.428567318
C104948,North,Organic Search,0.86462986,High,13194.81,Medium,Mid-Value Occasional Shoppers,11408.626723026598
C104949,West,Direct,0.9824025,High,346.56,Low,Low-Engagement / Dormant,340.4614104
C104950,West,Organic Search,0.6083852,High,18862.13,Medium,Mid-Value Occasional Shoppers,11475.440732476
C104951,South,Referral,0.7360137,High,8171.99,Low,Low-Engagement / Dormant,6014.696596263
C104952,East,Paid Ads,0.5786834,Medium,18601.88,Medium,Mid-Value Occasional Shoppers,10764.599164792
C104953,East,Email Marketing,0.6557637,High,22133.26,Medium,Mid-Value Occasional Shoppers,14514.188470662
C104954,Central,Organic Search,0.0061883167,Low,367661.17,Very High,Mid-Value Occasional Shoppers,2275.203758252539
C104955,West,Email Marketing,0.4330291,Medium,51409.11,High,Mid-Value Occasional Shoppers,22261.640635101
C104956,South,Direct,0.47458908,Medium,33008.88,Medium,Mid-Value Occasional Shoppers,15665.653991030398
C104957,East,Organic Search,0.8389065,High,7757.08,Low,Mid-Value Occasional Shoppers,6507.46483302
C104958,North,Organic Search,0.023080736,Low,351120.84,Very High,Mid-Value Occasional Shoppers,8104.127412138241
C104959,South,Direct,0.8503625,High,1883.44,Low,Low-Engagement / Dormant,1601.606747
C104960,West,Paid Ads,0.8184831,High,9990.24,Medium,Mid-Value Occasional Shoppers,8176.842604944
C104961,East,Email Marketing,0.09764736,Low,174732.23,High,Mid-Value Occasional Shoppers,17062.1409664128
C104962,West,Email Marketing,0.5443165,Medium,61932.69,High,Low-Engagement / Dormant,33710.985056385
C104963,East,Paid Ads,0.95659715,High,390.97,Low,Low-Engagement / Dormant,374.0007877355
C104964,South,Organic Search,0.06626274,Low,93428.48,High,Mid-Value Occasional Shoppers,6190.8270788352
C104965,West,Paid Ads,0.8604036,High,3993.54,Low,Mid-Value Occasional Shoppers,3436.0561927440003
C104966,North,Social Media,0.13693258,Low,96331.43,High,Mid-Value Occasional Shoppers,13190.911244989398
C104967,Central,Paid Ads,0.6360049,High,33615.37,Medium,Mid-Value Occasional Shoppers,21379.540035313003
C104968,Central,Referral,0.85598624,High,15314.45,Medium,Mid-Value Occasional Shoppers,13108.958473168
C104969,Central,Social Media,0.6915768,High,21890.59,Medium,Mid-Value Occasional Shoppers,15139.024182312
C104970,Central,Email Marketing,0.14735287,Low,94541.57,High,Mid-Value Occasional Shoppers,13930.9716738059
C104971,East,Organic Search,0.0012382423,Low,718504.65,Very High,High-Value Loyalists,889.682850376695
C104972,East,Paid Ads,0.0012957649,Low,982441.2,Very High,High-Value Loyalists,1273.0128232738798
C104973,West,Organic Search,0.009648513,Low,254950.03,Very High,Mid-Value Occasional Shoppers,2459.8886788053896
C104974,South,Organic Search,0.5291877,Medium,24591.0,Medium,Mid-Value Occasional Shoppers,13013.2547307
C104975,West,Paid Ads,0.08513029,Low,388242.13,Very High,Mid-Value Occasional Shoppers,33051.1651171177
C104976,North,Email Marketing,0.032470297,Low,227877.5,Very High,Mid-Value Occasional Shoppers,7399.2501046175
C104977,Central,Paid Ads,0.69454443,High,19874.59,Medium,Mid-Value Occasional Shoppers,13803.7857830337
C104978,East,Organic Search,0.0003314827,Low,528159.19,Very High,High-Value Loyalists,175.07563433101296
C104979,West,Social Media,0.76644605,High,13943.51,Medium,Mid-Value Occasional Shoppers,10686.9481626355
C104980,East,Referral,0.59071195,Medium,39045.01,Medium,Mid-Value Occasional Shoppers,23064.3539948695
C104981,East,Paid Ads,0.08294921,Low,296318.36,Very High,Mid-Value Occasional Shoppers,24579.3738704956
C104982,Central,Paid Ads,0.67657846,High,11695.48,Medium,Mid-Value Occasional Shoppers,7912.909847360799
C104983,South,Paid Ads,0.5712783,Medium,32179.05,Medium,Mid-Value Occasional Shoppers,18383.192979615
C104985,North,Paid Ads,0.9161896,High,3745.64,Low,Mid-Value Occasional Shoppers,3431.716413344
C104986,East,Organic Search,0.3962659,Medium,91459.55,High,Mid-Value Occasional Shoppers,36242.30089434501
C104987,East,Social Media,0.20662683,Low,103743.92,High,Mid-Value Occasional Shoppers,21436.2773213736
C104988,East,Email Marketing,0.00070908054,Low,649238.71,Very High,High-Value Loyalists,460.36253507570336
C104989,North,Organic Search,0.95125973,High,349.34,Low,Low-Engagement / Dormant,332.3130740782
C104991,Central,Email Marketing,0.22406507,Low,86700.61,High,Mid-Value Occasional Shoppers,19426.578248692706
C104992,West,Social Media,0.02182193,Low,506274.53,Very High,Mid-Value Occasional Shoppers,11047.8873544429
C104993,North,Referral,0.1322584,Low,223477.75,Very High,Mid-Value Occasional Shoppers,29556.8096506
C104994,North,Email Marketing,0.14939137,Low,126446.96,High,Mid-Value Occasional Shoppers,18890.0845867352
C104995,North,Social Media,0.7030209,High,11700.33,Medium,Mid-Value Occasional Shoppers,8225.576526896999
C104996,West,Referral,0.674835,High,28395.49,Medium,Mid-Value Occasional Shoppers,19162.27049415
C104997,West,Paid Ads,0.9586678,High,1037.86,Low,Low-Engagement / Dormant,994.962962908
C104998,East,Direct,0.8413709,High,9372.52,Medium,Mid-Value Occasional Shoppers,7885.765587668001
C104999,East,Referral,0.49533632,Medium,29911.81,Medium,Mid-Value Occasional Shoppers,14816.4058899392
C105000,Central,Organic Search,0.45634794,Medium,135443.92,High,Mid-Value Occasional Shoppers,61809.553877524806
C105001,South,Social Media,0.09343505,Low,293615.29,Very High,Mid-Value Occasional Shoppers,27433.9593019145
C105002,South,Organic Search,0.18743503,Low,123787.36,High,Low-Engagement / Dormant,23202.0875352208
C105003,South,Social Media,0.5761164,Medium,21792.94,Medium,Mid-Value Occasional Shoppers,12555.270138216
C105004,Central,Organic Search,0.71367794,High,8570.58,Low,Mid-Value Occasional Shoppers,6116.6338790052
C105005,East,Social Media,0.6507176,High,16298.55,Medium,Mid-Value Occasional Shoppers,10605.75333948
C105006,East,Paid Ads,0.85477245,High,5588.73,Low,Mid-Value Occasional Shoppers,4777.0924344885
C105007,West,Social Media,0.45681426,Medium,48647.35,High,Low-Engagement / Dormant,22222.803191211
C105008,North,Social Media,0.019173007,Low,224781.7,Very High,High-Value Loyalists,4309.7411075719
C105009,South,Organic Search,0.9356942,High,935.12,Low,Low-Engagement / Dormant,874.9863603040001
C105010,East,Paid Ads,0.32826754,Medium,72365.89,High,Mid-Value Occasional Shoppers,23755.372690210603
C105011,Central,Paid Ads,0.90775585,High,908.75,Low,Low-Engagement / Dormant,824.9231286875
C105012,North,Social Media,0.07927687,Low,185614.41,High,Mid-Value Occasional Shoppers,14714.9294516967
C105013,South,Direct,0.5623013,Medium,45449.13,Medium,Mid-Value Occasional Shoppers,25556.104882869
C105014,Central,Paid Ads,0.9780465,High,2879.54,Low,Mid-Value Occasional Shoppers,2816.32401861
C105015,West,Social Media,0.024994692,Low,332371.95,Very High,Mid-Value Occasional Shoppers,8307.5345196894
C105016,East,Direct,0.0015771631,Low,724526.28,Very High,High-Value Loyalists,1142.696113796268
C105017,South,Referral,0.079192884,Low,193511.82,High,Mid-Value Occasional Shoppers,15324.759113888882
C105018,North,Paid Ads,0.12058261,Low,53707.83,High,Low-Engagement / Dormant,6476.2303188363
C105019,South,Paid Ads,0.061577782,Low,215311.55,High,High-Value Loyalists,13258.4076879821
C105020,South,Email Marketing,0.03581668,Low,259225.21,Very High,Mid-Value Occasional Shoppers,9284.5863945028
C105021,West,Paid Ads,0.9607357,High,468.39,Low,Low-Engagement / Dormant,449.998994523
C105022,West,Organic Search,0.000712053,Low,1000363.35,Very High,High-Value Loyalists,712.31172445755
C105023,West,Social Media,0.8444878,High,2311.66,Low,Low-Engagement / Dormant,1952.168667748
C105024,North,Organic Search,0.0008261639,Low,743061.63,Very High,High-Value Loyalists,613.890694181157
C105025,South,Social Media,0.0008385589,Low,610252.69,Very High,Mid-Value Occasional Shoppers,511.7328244484409
C105026,West,Direct,0.9343618,High,17689.67,Medium,Mid-Value Occasional Shoppers,16528.551902606
C105027,North,Direct,0.569301,Medium,25088.89,Medium,Mid-Value Occasional Shoppers,14283.130165889996
C105028,North,Social Media,0.8429122,High,8880.11,Low,Mid-Value Occasional Shoppers,7485.153056342
C105029,South,Email Marketing,0.98422724,High,2882.02,Low,Low-Engagement / Dormant,2836.5625902248
C105030,North,Email Marketing,0.96955854,High,800.12,Low,Low-Engagement / Dormant,775.7631790248
C105031,North,Direct,0.9399121,High,7791.9,Low,Mid-Value Occasional Shoppers,7323.701091989999
C105032,South,Email Marketing,0.60212094,High,8228.11,Low,Mid-Value Occasional Shoppers,4954.317327623401
C105033,Central,Email Marketing,0.04951295,Low,153836.6,High,High-Value Loyalists,7616.903883970001
C105034,North,Organic Search,0.93742156,High,318.1,Low,Low-Engagement / Dormant,298.193798236
C105035,East,Organic Search,0.8416076,High,3839.79,Low,Mid-Value Occasional Shoppers,3231.596446404
C105036,East,Organic Search,0.011656164,Low,459561.45,Very High,High-Value Loyalists,5356.7236292778
C105037,East,Social Media,0.17239954,Low,79836.57,High,Mid-Value Occasional Shoppers,13763.7879431778
C105038,East,Direct,0.23813602,Low,170052.57,High,Mid-Value Occasional Shoppers,40495.6422105714
C105039,North,Direct,0.6976332,High,15274.05,Medium,Mid-Value Occasional Shoppers,10655.68437846
C105040,North,Email Marketing,0.9305993,High,770.48,Low,Low-Engagement / Dormant,717.008148664
C105041,East,Email Marketing,0.58568305,Medium,43231.14,Medium,Mid-Value Occasional Shoppers,25319.745930177
C105042,Central,Social Media,0.0039154673,Low,638977.98,Very High,Mid-Value Occasional Shoppers,2501.897386110054
C105043,South,Paid Ads,0.08368523,Low,223311.2,Very High,High-Value Loyalists,18687.849133576
C105044,East,Social Media,0.5959114,Medium,21518.03,Medium,Mid-Value Occasional Shoppers,12822.839382542
C105045,Central,Organic Search,0.1452282,Low,114241.54,High,Low-Engagement / Dormant,16591.093219428
C105046,West,Referral,0.83300734,High,6742.2,Low,Mid-Value Occasional Shoppers,5616.302087747999
C105047,West,Social Media,0.049137183,Low,247557.86,Very High,High-Value Loyalists,12164.29586990838
C105048,East,Organic Search,0.3035108,Medium,51707.15,High,Mid-Value Occasional Shoppers,15693.67846222
C105049,Central,Social Media,0.8517683,High,7959.64,Low,Mid-Value Occasional Shoppers,6779.769031412001
C105050,East,Social Media,0.0005896737,Low,630837.92,Very High,High-Value Loyalists,371.988530386704
C105051,East,Referral,0.0016693836,Low,602740.36,Very High,High-Value Loyalists,1006.204872042096
C105052,West,Email Marketing,0.40766928,Medium,32300.85,Medium,Low-Engagement / Dormant,13168.064262888
C105054,Central,Email Marketing,0.5572358,Medium,75838.85,High,Mid-Value Occasional Shoppers,42260.12225083
C105055,Central,Organic Search,0.83992547,High,10261.14,Medium,Mid-Value Occasional Shoppers,8618.5928372358
C105056,East,Paid Ads,0.3319079,Medium,19252.62,Medium,Mid-Value Occasional Shoppers,6390.096673697999
C105057,North,Paid Ads,0.0008589206,Low,578990.45,Very High,High-Value Loyalists,497.30682470827
C105058,West,Email Marketing,0.13805746,Low,144778.05,High,Mid-Value Occasional Shoppers,19987.689846753
C105060,East,Organic Search,0.18446241,Low,88015.46,High,Mid-Value Occasional Shoppers,16235.5438688586
C105061,North,Referral,0.00042355797,Low,625376.3,Very High,High-Value Loyalists,264.88311611411103
C105062,West,Email Marketing,0.67549443,High,10541.15,Medium,Mid-Value Occasional Shoppers,7120.488110794499
C105064,North,Organic Search,0.1886918,Low,73144.56,High,Mid-Value Occasional Shoppers,13801.778686608
C105065,West,Organic Search,0.61199117,High,23254.88,Medium,Mid-Value Occasional Shoppers,14231.7812194096
C105066,Central,Paid Ads,0.083279856,Low,145550.71,High,Mid-Value Occasional Shoppers,12121.44216949776
C105067,North,Email Marketing,0.0025090291,Low,418025.69,Very High,Mid-Value Occasional Shoppers,1048.838620757579
C105068,South,Paid Ads,0.015032092,Low,239535.4,Very High,Mid-Value Occasional Shoppers,3600.7181700568
C105069,South,Social Media,0.0034939523,Low,439947.2,Very High,Mid-Value Occasional Shoppers,1537.15453131856
C105070,West,Direct,0.06356596,Low,158465.68,High,Mid-Value Occasional Shoppers,10073.0230762528
C105071,East,Paid Ads,0.13674286,Low,192850.63,High,Mid-Value Occasional Shoppers,26370.9466990018
C105072,North,Social Media,0.002208496,Low,440734.4,Very High,Mid-Value Occasional Shoppers,973.3601594624
C105073,South,Direct,0.1956932,Low,65429.41,High,Low-Engagement / Dormant,12804.090617012002
C105074,East,Paid Ads,0.95198965,High,704.9,Low,Low-Engagement / Dormant,671.0575042849999
C105075,North,Organic Search,0.0005064247,Low,634767.5,Very High,High-Value Loyalists,321.46194075725003
C105076,East,Paid Ads,0.92526156,High,2164.73,Low,Mid-Value Occasional Shoppers,2002.9414567788
C105078,West,Organic Search,0.4442057,Medium,31378.57,Medium,Mid-Value Occasional Shoppers,13938.539651849
C105079,West,Organic Search,0.0016963256,Low,648884.29,Very High,High-Value Loyalists,1100.719032564824
C105080,Central,Organic Search,0.8106651,High,8757.31,Low,Mid-Value Occasional Shoppers,7099.245586881
C105081,North,Social Media,0.24918139,Low,95563.76,High,Mid-Value Occasional Shoppers,23812.7105504264
C105082,East,Email Marketing,0.00066141057,Low,747365.01,Very High,High-Value Loyalists,494.3151172621557
C105084,East,Referral,0.8515923,High,4501.25,Low,Mid-Value Occasional Shoppers,3833.229840375
C105085,North,Direct,0.46000233,Medium,8446.6,Low,Mid-Value Occasional Shoppers,3885.455680578
C105086,North,Referral,0.00056057103,Low,760623.15,Very High,High-Value Loyalists,426.38330263734457
C105087,East,Social Media,0.080727614,Low,346584.85,Very High,Mid-Value Occasional Shoppers,27978.9679890479
C105088,East,Organic Search,0.79322594,High,3673.91,Low,Low-Engagement / Dormant,2914.2407132254
C105089,Central,Paid Ads,0.68996674,High,3356.05,Low,Low-Engagement / Dormant,2315.5628777770003
C105090,West,Organic Search,0.7569109,High,25391.24,Medium,Mid-Value Occasional Shoppers,19218.906320516
C105091,West,Social Media,0.0030214782,Low,292676.23,Very High,Mid-Value Occasional Shoppers,884.3148486031859
C105092,Central,Direct,0.12982582,Low,277892.21,Very High,Mid-Value Occasional Shoppers,36077.58403486221
C105093,West,Paid Ads,0.9127978,High,787.03,Low,Low-Engagement / Dormant,718.399252534
C105094,North,Organic Search,0.13177009,Low,153859.93,High,Mid-Value Occasional Shoppers,20274.1368234937
C105095,North,Email Marketing,0.0017322272,Low,432957.11,Very High,Mid-Value Occasional Shoppers,749.980082375392
C105096,West,Direct,0.014894955,Low,415472.94,Very High,High-Value Loyalists,6188.4507450177
C105097,South,Referral,0.17948648,Low,110658.45,High,Mid-Value Occasional Shoppers,19861.695672756
C105098,Central,Organic Search,0.048269305,Low,246536.38,Very High,High-Value Loyalists,11900.1397198159
C105099,North,Social Media,0.74973154,High,2120.91,Low,Low-Engagement / Dormant,1590.1131205014
C105100,North,Paid Ads,0.91263115,High,3717.98,Low,Mid-Value Occasional Shoppers,3393.144363077
C105101,West,Social Media,0.87026185,High,5779.77,Low,Low-Engagement / Dormant,5029.9133327745
C105102,West,Social Media,0.35676596,Medium,32739.64,Medium,Mid-Value Occasional Shoppers,11680.3890946544
C105103,Central,Email Marketing,0.11378916,Low,271663.01,Very High,Mid-Value Occasional Shoppers,30912.305710971603
C105104,North,Organic Search,0.001157976,Low,552230.33,Very High,High-Value Loyalists,639.4694686120799
C105105,South,Direct,0.20072936,Low,98995.43,High,Mid-Value Occasional Shoppers,19871.2893068248
C105106,East,Organic Search,0.0591274,Low,295746.27,Very High,Mid-Value Occasional Shoppers,17486.708004798
C105107,Central,Organic Search,0.98564595,High,362.77,Low,Low-Engagement / Dormant,357.56278128149995
C105108,North,Email Marketing,0.97273076,High,436.71,Low,Low-Engagement / Dormant,424.8012501996
C105109,East,Paid Ads,0.062206373,Low,123665.69,High,Mid-Value Occasional Shoppers,7692.79403944237
C105110,North,Paid Ads,0.02307914,Low,473176.78,Very High,Mid-Value Occasional Shoppers,10920.5131503692
C105112,North,Organic Search,0.0016134407,Low,548657.38,Very High,Mid-Value Occasional Shoppers,885.226147247366
C105113,Central,Organic Search,0.0007872424,Low,1038860.9,Very High,High-Value Loyalists,817.83534818216
C105114,North,Referral,0.008741008,Low,431430.63,Very High,Mid-Value Occasional Shoppers,3771.13858827504
C105115,West,Organic Search,0.90651697,High,600.2,Low,Low-Engagement / Dormant,544.0914853940001
C105116,West,Direct,0.902626,High,940.02,Low,Low-Engagement / Dormant,848.4864925200001
C105117,South,Referral,0.60335255,High,17928.91,Medium,Mid-Value Occasional Shoppers,10817.4535672205
C105118,South,Email Marketing,0.0013494343,Low,604816.47,Very High,Mid-Value Occasional Shoppers,816.1600898229209
C105119,East,Email Marketing,0.9857348,High,358.6,Low,Low-Engagement / Dormant,353.48449928
C105120,East,Referral,0.90884346,High,2132.09,Low,Low-Engagement / Dormant,1937.7360526314003
C105121,West,Paid Ads,0.56219363,Medium,17770.99,Medium,Mid-Value Occasional Shoppers,9990.7373767937
C105122,East,Email Marketing,0.9158757,High,2373.96,Low,Low-Engagement / Dormant,2174.252276772
C105123,North,Paid Ads,0.12046125,Low,110405.89,High,Mid-Value Occasional Shoppers,13299.6315167625
C105124,Central,Organic Search,0.7872408,High,7150.42,Low,Mid-Value Occasional Shoppers,5629.102361136
C105125,North,Social Media,0.49858922,Medium,5974.19,Low,Mid-Value Occasional Shoppers,2978.6667322318
C105126,East,Organic Search,0.37273398,Medium,48942.61,High,Mid-Value Occasional Shoppers,18242.5738168878
C105127,Central,Social Media,0.8487764,High,7850.21,Low,Mid-Value Occasional Shoppers,6663.072983044
C105128,Central,Direct,0.9736251,High,1109.37,Low,Low-Engagement / Dormant,1080.110477187
C105129,North,Social Media,0.006760558,Low,367611.06,Very High,Mid-Value Occasional Shoppers,2485.25589257148
C105130,North,Organic Search,0.5917915,Medium,10822.11,Medium,Mid-Value Occasional Shoppers,6404.432710065001
C105131,East,Organic Search,0.64438385,High,40714.94,Medium,Mid-Value Occasional Shoppers,26236.049789719
C105132,South,Paid Ads,0.15617219,Low,68522.19,High,Mid-Value Occasional Shoppers,10701.2604758961
C105133,West,Organic Search,0.96438974,High,327.55,Low,Low-Engagement / Dormant,315.885859337
C105134,East,Social Media,0.2608069,Low,72878.15,High,Low-Engagement / Dormant,19007.124379235
C105135,South,Referral,0.8117283,High,6641.65,Low,Mid-Value Occasional Shoppers,5391.215263695
C105136,South,Social Media,0.1437499,Low,105853.77,High,Mid-Value Occasional Shoppers,15216.468852123002
C105137,West,Social Media,0.03407402,Low,397264.46,Very High,Mid-Value Occasional Shoppers,13536.3971553292
C105138,West,Paid Ads,0.37916017,Medium,36493.84,Medium,Low-Engagement / Dormant,13837.0105783528
C105139,South,Organic Search,0.042446584,Low,515393.8,Very High,Mid-Value Occasional Shoppers,21876.7062247792
C105140,North,Social Media,0.5404745,Medium,37927.3,Medium,Mid-Value Occasional Shoppers,20498.73850385
C105141,South,Paid Ads,0.51069874,Medium,5000.18,Low,Low-Engagement / Dormant,2553.5856257732003
C105142,East,Paid Ads,0.26240215,Low,66479.31,High,Mid-Value Occasional Shoppers,17444.313874516498
C105143,West,Social Media,0.0018697451,Low,621642.47,Very High,High-Value Loyalists,1162.312962234397
C105144,Central,Paid Ads,0.5821875,Medium,23531.36,Medium,Mid-Value Occasional Shoppers,13699.66365
C105145,Central,Organic Search,0.38197833,Medium,26517.13,Medium,Mid-Value Occasional Shoppers,10128.9690337929
C105146,East,Paid Ads,0.5834764,Medium,49311.29,High,Mid-Value Occasional Shoppers,28771.973968556
C105147,Central,Paid Ads,0.020689482,Low,346198.9,Very High,Mid-Value Occasional Shoppers,7162.6759099698
C105148,South,Referral,0.411592,Medium,57178.46,High,Mid-Value Occasional Shoppers,23534.19670832
C105149,East,Organic Search,0.9805644,High,1035.76,Low,Low-Engagement / Dormant,1015.629382944
C105150,East,Email Marketing,0.9208628,High,1089.37,Low,Low-Engagement / Dormant,1003.160308436
C105152,West,Organic Search,0.20671147,Low,99499.91,High,Mid-Value Occasional Shoppers,20567.7726609677
C105153,South,Organic Search,0.70460504,High,12975.51,Medium,Mid-Value Occasional Shoppers,9142.6097425704
C105154,Central,Direct,0.94075984,High,1941.08,Low,Low-Engagement / Dormant,1826.0901102272
C105155,Central,Social Media,0.11728686,Low,129571.21,High,Mid-Value Occasional Shoppers,15197.0003673006
C105157,South,Email Marketing,0.98868585,High,319.2,Low,Low-Engagement / Dormant,315.58852332
C105158,Central,Paid Ads,0.63560504,High,26072.58,Medium,Mid-Value Occasional Shoppers,16571.8632538032
C105159,West,Social Media,0.79992926,High,4885.88,Low,Mid-Value Occasional Shoppers,3908.3583728488
C105160,East,Social Media,0.0025869824,Low,393363.58,Very High,Mid-Value Occasional Shoppers,1017.624658260992
C105161,South,Email Marketing,0.3019058,Medium,59406.19,High,Mid-Value Occasional Shoppers,17935.073316902002
C105162,West,Paid Ads,0.96497136,High,396.96,Low,Low-Engagement / Dormant,383.0550310656
C105163,West,Direct,0.8697635,High,11971.8,Medium,Mid-Value Occasional Shoppers,10412.6346693
C105164,East,Social Media,0.44635442,Medium,28347.29,Medium,Mid-Value Occasional Shoppers,12652.9381865218
C105165,Central,Email Marketing,0.44139338,Medium,35931.47,Medium,Mid-Value Occasional Shoppers,15859.9129916686
C105166,South,Organic Search,0.953946,High,1500.78,Low,Low-Engagement / Dormant,1431.66307788
C105168,South,Organic Search,0.95855606,High,976.64,Low,Low-Engagement / Dormant,936.1641904384
C105169,South,Email Marketing,0.0922981,Low,182534.85,High,Mid-Value Occasional Shoppers,16847.619838784998
C105170,South,Organic Search,0.16977243,Low,120293.91,High,Low-Engagement / Dormant,20422.5894149013
C105171,South,Referral,0.7490405,High,12147.28,Medium,Mid-Value Occasional Shoppers,9098.80468484
C105172,South,Organic Search,0.043083925,Low,205320.21,High,High-Value Loyalists,8846.00052862425
C105173,North,Organic Search,0.37728882,Medium,52953.16,High,Low-Engagement / Dormant,19978.635251671203
C105174,North,Paid Ads,0.777619,High,13655.74,Medium,Mid-Value Occasional Shoppers,10618.96288306
C105175,West,Referral,0.96209913,High,3312.01,Low,Low-Engagement / Dormant,3186.4819395513005
C105176,South,Organic Search,0.0009223559,Low,561090.91,Very High,Mid-Value Occasional Shoppers,517.525511274869
C105177,North,Email Marketing,0.03970223,Low,301967.83,Very High,Mid-Value Occasional Shoppers,11988.7962392609
C105178,North,Referral,0.083089136,Low,178427.68,High,Mid-Value Occasional Shoppers,14825.401769684478
C105179,North,Direct,0.8586615,High,3508.09,Low,Mid-Value Occasional Shoppers,3012.261821535
C105180,North,Social Media,0.50948226,Medium,37795.86,Medium,Mid-Value Occasional Shoppers,19256.3201714436
C105181,Central,Social Media,0.76786774,High,27326.65,Medium,Mid-Value Occasional Shoppers,20983.252977271
C105182,East,Social Media,0.12649956,Low,109556.18,High,Mid-Value Occasional Shoppers,13858.8085652808
C105183,South,Organic Search,0.0021061813,Low,731759.98,Very High,High-Value Loyalists,1541.219185964374
C105184,East,Social Media,0.42103326,Medium,12957.5,Medium,Low-Engagement / Dormant,5455.538466450001
C105185,North,Email Marketing,0.58755976,Medium,13846.09,Medium,Mid-Value Occasional Shoppers,8135.4053173384
C105186,West,Organic Search,0.00086306775,Low,639025.86,Very High,High-Value Loyalists,551.522611182015
C105187,Central,Organic Search,0.9511561,High,372.67,Low,Low-Engagement / Dormant,354.467343787
C105188,North,Social Media,0.18713187,Low,61593.11,High,Mid-Value Occasional Shoppers,11526.0338534157
C105189,North,Email Marketing,0.112932816,Low,133756.97,High,Mid-Value Occasional Shoppers,15105.55128172752
C105190,East,Paid Ads,0.90134925,High,2759.91,Low,Low-Engagement / Dormant,2487.6428085675
C105191,North,Email Marketing,0.057249818,Low,196172.19,High,Mid-Value Occasional Shoppers,11230.82217416142
C105192,North,Paid Ads,0.060100522,Low,112991.36,High,Mid-Value Occasional Shoppers,6790.83971748992
C105194,East,Direct,0.18926321,Low,50921.43,High,Low-Engagement / Dormant,9637.5532995903
C105195,North,Paid Ads,0.57991135,Medium,18381.57,Medium,Mid-Value Occasional Shoppers,10659.6810738195
C105196,West,Social Media,0.000638732,Low,901769.3,Very High,Mid-Value Occasional Shoppers,575.9889085276001
C105197,North,Direct,0.908959,High,4777.03,Low,Mid-Value Occasional Shoppers,4342.12441177
C105198,South,Organic Search,0.8891759,High,7334.84,Low,Mid-Value Occasional Shoppers,6521.962958356
C105199,West,Organic Search,0.92638355,High,2798.85,Low,Mid-Value Occasional Shoppers,2592.8085989175
C105200,East,Direct,0.19001622,Low,153994.15,High,Mid-Value Occasional Shoppers,29261.386285113
C105201,East,Social Media,0.06124904,Low,357325.84,Very High,Mid-Value Occasional Shoppers,21885.8646671936
C105202,West,Direct,0.8353142,High,7071.13,Low,Mid-Value Occasional Shoppers,5906.6152990460005
C105203,East,Email Marketing,0.0053540957,Low,435464.75,Very High,High-Value Loyalists,2331.5199454765752
C105204,Central,Social Media,0.21592067,Low,222835.94,Very High,Mid-Value Occasional Shoppers,48114.8854648798
C105205,East,Paid Ads,0.14021818,Low,132993.68,High,Mid-Value Occasional Shoppers,18648.1317611024
C105206,South,Paid Ads,0.82287145,High,9563.28,Medium,Mid-Value Occasional Shoppers,7869.350080356
C105207,West,Organic Search,0.27424306,Low,56703.12,High,Mid-Value Occasional Shoppers,15550.4371403472
C105209,West,Email Marketing,0.73320234,High,909.83,Low,Low-Engagement / Dormant,667.0894850022
C105210,South,Direct,0.0009963494,Low,463694.31,Very High,High-Value Loyalists,462.001547551914
C105211,East,Direct,0.7276611,High,14788.88,Medium,Mid-Value Occasional Shoppers,10761.292688568
C105212,West,Direct,0.9681148,High,2647.63,Low,Low-Engagement / Dormant,2563.2097879240005
C105213,East,Organic Search,0.8678907,High,5869.38,Low,Mid-Value Occasional Shoppers,5093.980316766
C105214,North,Social Media,0.31604183,Medium,54716.63,High,Mid-Value Occasional Shoppers,17292.7438766329
C105215,South,Organic Search,0.0016100837,Low,591214.91,Very High,High-Value Loyalists,951.9054897879672
C105216,West,Social Media,0.00057554845,Low,757682.0,Very High,High-Value Loyalists,436.0827006929
C105217,Central,Direct,0.12059831,Low,114960.28,High,Mid-Value Occasional Shoppers,13864.0154851268
C105218,East,Email Marketing,0.5899121,Medium,60032.86,High,Mid-Value Occasional Shoppers,35414.110511606006
C105219,North,Email Marketing,0.7426907,High,5751.27,Low,Low-Engagement / Dormant,4271.414742189
C105220,South,Paid Ads,0.96405977,High,547.76,Low,Low-Engagement / Dormant,528.0733796152
C105221,East,Social Media,0.47461772,Medium,31849.41,Medium,Mid-Value Occasional Shoppers,15116.2943575452
C105222,North,Paid Ads,0.9693746,High,644.96,Low,Low-Engagement / Dormant,625.207842016
C105223,Central,Social Media,0.0006626469,Low,692447.59,Very High,High-Value Loyalists,458.848248925971
C105224,East,Paid Ads,0.07939136,Low,184865.08,High,Mid-Value Occasional Shoppers,14676.690117708798
C105225,South,Email Marketing,0.60101604,High,13064.6,Medium,Mid-Value Occasional Shoppers,7852.034156184
C105226,South,Paid Ads,0.9464322,High,1815.35,Low,Low-Engagement / Dormant,1718.1056942699995
C105227,North,Referral,0.3509148,Medium,49143.47,High,Mid-Value Occasional Shoppers,17245.170946356
C105228,East,Email Marketing,0.38174006,Medium,57250.43,High,Mid-Value Occasional Shoppers,21854.7825832258
C105229,East,Paid Ads,0.7844913,High,17012.69,Medium,Low-Engagement / Dormant,13346.307294597
C105230,South,Social Media,0.9367229,High,394.48,Low,Low-Engagement / Dormant,369.518449592
C105231,East,Email Marketing,0.5438546,Medium,12926.43,Medium,Mid-Value Occasional Shoppers,7030.098417077999
C105232,South,Direct,0.6803181,High,18330.92,Medium,Mid-Value Occasional Shoppers,12470.856665652
C105233,East,Organic Search,0.96015066,High,807.87,Low,Low-Engagement / Dormant,775.6769136942
C105234,Central,Referral,0.03423636,Low,153015.82,High,Mid-Value Occasional Shoppers,5238.7046992152
C105235,South,Paid Ads,0.9212608,High,711.93,Low,Low-Engagement / Dormant,655.873201344
C105236,South,Paid Ads,0.44194493,Medium,69988.57,High,Mid-Value Occasional Shoppers,30931.093669450103
C105237,Central,Organic Search,0.9278141,High,959.18,Low,Low-Engagement / Dormant,889.940728438
C105238,South,Social Media,0.85308313,High,5530.92,Low,Mid-Value Occasional Shoppers,4718.3345453796
C105239,South,Paid Ads,0.3179094,Medium,69621.58,High,Mid-Value Occasional Shoppers,22133.354724852
C105240,West,Social Media,0.43529895,Medium,146323.26,High,Mid-Value Occasional Shoppers,63694.361438577005
C105241,East,Paid Ads,0.4803059,Medium,30600.17,Medium,Mid-Value Occasional Shoppers,14697.442192003
C105242,Central,Organic Search,0.0008060203,Low,511960.04,Very High,Mid-Value Occasional Shoppers,412.650185028812
C105243,East,Referral,0.9843885,High,2676.96,Low,Low-Engagement / Dormant,2635.16863896
C105245,North,Organic Search,0.030095166,Low,191965.69,High,Mid-Value Occasional Shoppers,5777.23930685454
C105246,North,Organic Search,0.19216569,Low,81362.32,High,Low-Engagement / Dormant,15635.046362800802
C105247,East,Paid Ads,0.99448085,High,2543.2,Low,Low-Engagement / Dormant,2529.16369772
C105248,North,Paid Ads,0.8282291,High,9400.53,Medium,Low-Engagement / Dormant,7785.792501423001
C105249,South,Email Marketing,0.76692766,High,12035.67,Medium,Mid-Value Occasional Shoppers,9230.4882296322
C105250,South,Social Media,0.5656491,Medium,25898.56,Medium,Mid-Value Occasional Shoppers,14649.497155296
C105251,North,Organic Search,0.13435256,Low,147271.12,High,Mid-Value Occasional Shoppers,19786.2519860672
C105252,East,Organic Search,0.10524522,Low,189295.95,High,Mid-Value Occasional Shoppers,19922.493902859
C105253,East,Email Marketing,0.046811618,Low,227022.32,Very High,Mid-Value Occasional Shoppers,10627.28212131376
C105254,South,Organic Search,0.0008356275,Low,793379.77,Very High,High-Value Loyalists,662.969953755675
C105255,West,Organic Search,0.006888953,Low,265275.61,Very High,High-Value Loyalists,1827.4712093363296
C105256,North,Organic Search,0.1270349,Low,94743.58,High,Low-Engagement / Dormant,12035.741210942
C105257,North,Referral,0.3556369,Medium,43765.58,Medium,Mid-Value Occasional Shoppers,15564.655197902
C105258,Central,Referral,0.078264385,Low,157657.3,High,Mid-Value Occasional Shoppers,12338.9516252605
C105259,Central,Paid Ads,0.23967078,Low,70405.29,High,Mid-Value Occasional Shoppers,16874.0907704262
C105260,South,Organic Search,0.98587,High,429.4,Low,Low-Engagement / Dormant,423.332578
C105261,South,Referral,0.9238093,High,974.87,Low,Low-Engagement / Dormant,900.5939722910001
C105262,Central,Organic Search,0.737536,High,6664.8,Low,Low-Engagement / Dormant,4915.5299328
C105263,East,Paid Ads,0.70762265,High,8733.27,Low,Mid-Value Occasional Shoppers,6179.8596605655
C105264,North,Email Marketing,0.8411315,High,5483.37,Low,Mid-Value Occasional Shoppers,4612.235233155
C105265,North,Organic Search,0.3155053,Medium,112746.69,High,Mid-Value Occasional Shoppers,35572.178252457
C105266,North,Paid Ads,0.15118076,Low,112627.56,High,Mid-Value Occasional Shoppers,17027.1201177456
C105268,East,Social Media,0.62962794,High,30468.84,Medium,Mid-Value Occasional Shoppers,19184.0329633896
C105269,South,Paid Ads,0.0084011275,Low,287868.33,Very High,High-Value Loyalists,2418.418543542075
C105270,North,Paid Ads,0.7706135,High,15109.71,Medium,Mid-Value Occasional Shoppers,11643.746507085
C105271,North,Paid Ads,0.7728302,High,32132.41,Medium,Mid-Value Occasional Shoppers,24832.896846782
C105272,West,Paid Ads,0.026377765,Low,393984.86,Very High,Mid-Value Occasional Shoppers,10392.4400506379
C105273,Central,Paid Ads,0.009887714,Low,613304.24,Very High,Mid-Value Occasional Shoppers,6064.17692010736
C105274,East,Organic Search,0.2803196,Low,85738.57,High,Mid-Value Occasional Shoppers,24034.201646972004
C105275,West,Paid Ads,0.8136541,High,6408.44,Low,Mid-Value Occasional Shoppers,5214.253480604
C105276,South,Paid Ads,0.9614022,High,543.96,Low,Low-Engagement / Dormant,522.9643407120001
C105277,East,Paid Ads,0.1763446,Low,113082.33,High,Mid-Value Occasional Shoppers,19941.458250918
C105278,South,Social Media,0.913954,High,3506.52,Low,Low-Engagement / Dormant,3204.7979800800003
C105279,North,Social Media,0.020428654,Low,196970.71,High,Mid-Value Occasional Shoppers,4023.84648272434
C105280,East,Direct,0.000830473,Low,743023.13,Very High,High-Value Loyalists,617.06064784049
C105281,West,Social Media,0.011516218,Low,208785.96,High,Mid-Value Occasional Shoppers,2404.42463069928
C105282,North,Referral,0.79915637,High,6456.1,Low,Mid-Value Occasional Shoppers,5159.433440357
C105283,East,Organic Search,0.04297667,Low,280014.11,Very High,Mid-Value Occasional Shoppers,12034.0740008137
C105284,Central,Referral,0.7233036,High,12055.3,Medium,Mid-Value Occasional Shoppers,8719.64188908
C105285,West,Social Media,0.8963935,High,6246.93,Low,Mid-Value Occasional Shoppers,5599.707446955
C105286,East,Email Marketing,0.0018680656,Low,541231.59,Very High,High-Value Loyalists,1011.056114912304
C105287,North,Direct,0.97220355,High,1913.52,Low,Low-Engagement / Dormant,1860.330936996
C105288,West,Organic Search,0.5980004,Medium,36986.9,Medium,Mid-Value Occasional Shoppers,22118.18099476
C105289,North,Direct,0.006043402,Low,498575.89,Very High,Mid-Value Occasional Shoppers,3013.09453077778
C105290,South,Social Media,0.41532597,Medium,26154.31,Medium,Mid-Value Occasional Shoppers,10862.5641704307
C105291,North,Referral,0.0025701271,Low,719534.51,Very High,High-Value Loyalists,1849.295143536221
C105292,South,Paid Ads,0.6466866,High,12062.31,Medium,Mid-Value Occasional Shoppers,7800.534242045999
C105293,East,Paid Ads,0.12372718,Low,112232.87,High,Mid-Value Occasional Shoppers,13886.2565084066
C105294,West,Email Marketing,0.87787145,High,4220.56,Low,Mid-Value Occasional Shoppers,3705.109127012001
C105295,East,Organic Search,0.019508377,Low,293811.87,Very High,Mid-Value Occasional Shoppers,5731.79272703499
C105296,Central,Social Media,0.89174426,High,4713.73,Low,Mid-Value Occasional Shoppers,4203.441670689799
C105297,East,Organic Search,0.00079894194,Low,500928.24,Very High,Mid-Value Occasional Shoppers,400.2125798663856
C105298,East,Organic Search,0.45044354,Medium,19684.34,Medium,Mid-Value Occasional Shoppers,8866.6837921636
C105299,North,Referral,0.003266971,Low,393099.96,Very High,High-Value Loyalists,1284.2461694211602
C105300,North,Referral,0.011557479,Low,494722.28,Very High,Mid-Value Occasional Shoppers,5717.742361932121
C105301,East,Email Marketing,0.76424986,High,17186.21,Medium,Mid-Value Occasional Shoppers,13134.558586430598
C105302,West,Referral,0.7515193,High,13647.26,Medium,Mid-Value Occasional Shoppers,10256.179282118
C105303,North,Social Media,0.2027393,Low,86643.9,High,Low-Engagement / Dormant,17566.12363527
C105304,East,Direct,0.6443469,High,7577.45,Low,Low-Engagement / Dormant,4882.506417404999
C105305,South,Social Media,0.3911765,Medium,28176.64,Medium,Mid-Value Occasional Shoppers,11022.03941696
C105306,South,Social Media,0.8806927,High,1213.94,Low,Low-Engagement / Dormant,1069.108096238
C105307,North,Email Marketing,0.86364114,High,30643.85,Medium,Mid-Value Occasional Shoppers,26465.289547989
C105308,North,Referral,0.45704463,Medium,39902.36,Medium,Mid-Value Occasional Shoppers,18237.1593623268
C105309,South,Referral,0.024828916,Low,312334.39,Very High,High-Value Loyalists,7754.92433322124
C105310,Central,Social Media,0.0004942236,Low,703092.72,Very High,High-Value Loyalists,347.485015212192
C105311,West,Social Media,0.9578346,High,2650.85,Low,Low-Engagement / Dormant,2539.07584941
C105312,North,Social Media,0.89294845,High,1046.85,Low,Low-Engagement / Dormant,934.7830848825
C105313,North,Referral,0.0042163427,Low,526243.74,Very High,Mid-Value Occasional Shoppers,2218.8239515696982
C105314,East,Social Media,0.09450081,Low,172475.98,High,Mid-Value Occasional Shoppers,16299.1198155438
C105315,South,Organic Search,0.8992199,High,946.31,Low,Low-Engagement / Dormant,850.9407835689999
C105316,West,Organic Search,0.94073033,High,1252.82,Low,Low-Engagement / Dormant,1178.5657720306
C105317,East,Paid Ads,0.7580316,High,23398.45,Medium,Mid-Value Occasional Shoppers,17736.76449102
C105318,Central,Organic Search,0.84688675,High,4203.38,Low,Mid-Value Occasional Shoppers,3559.7868272150004
C105319,North,Paid Ads,0.89133835,High,10157.58,Medium,Low-Engagement / Dormant,9053.840597193
C105320,Central,Organic Search,0.00045217728,Low,696890.31,Very High,High-Value Loyalists,315.11796483415685
C105321,West,Organic Search,0.61628926,High,22947.28,Medium,Mid-Value Occasional Shoppers,14142.1622102128
C105322,West,Email Marketing,0.91960204,High,3724.71,Low,Low-Engagement / Dormant,3425.2509144084
C105323,Central,Social Media,0.3581186,Medium,30413.31,Medium,Mid-Value Occasional Shoppers,10891.571998566002
C105324,East,Referral,0.5521682,Medium,20870.63,Medium,Mid-Value Occasional Shoppers,11524.098199966
C105325,North,Organic Search,0.19076411,Low,49379.21,High,Mid-Value Occasional Shoppers,9419.7810481531
C105326,East,Paid Ads,0.0009544525,Low,733729.77,Very High,High-Value Loyalists,700.310213300925
C105327,West,Organic Search,0.6040125,High,28107.22,Medium,Mid-Value Occasional Shoppers,16977.11222025
C105328,Central,Organic Search,0.56741834,Medium,16619.8,Medium,Mid-Value Occasional Shoppers,9430.379327132
C105329,East,Organic Search,0.9658611,High,336.33,Low,Low-Engagement / Dormant,324.848063763
C105330,West,Social Media,0.74835575,High,6156.8,Low,Mid-Value Occasional Shoppers,4607.4766816
C105331,South,Organic Search,0.029150095,Low,294473.62,Very High,Mid-Value Occasional Shoppers,8583.9339979939
C105332,North,Referral,0.79127234,High,7370.03,Low,Mid-Value Occasional Shoppers,5831.7008839702
C105333,East,Social Media,0.890441,High,5298.95,Low,Mid-Value Occasional Shoppers,4718.40233695
C105334,South,Organic Search,0.016891934,Low,231343.13,Very High,High-Value Loyalists,3907.83288331342
C105335,North,Email Marketing,0.076649845,Low,167309.39,High,Mid-Value Occasional Shoppers,12824.23881054455
C105336,West,Social Media,0.7119871,High,13217.82,Medium,Mid-Value Occasional Shoppers,9410.917330122
C105337,East,Paid Ads,0.0011789752,Low,403899.39,Very High,High-Value Loyalists,476.187364105128
C105338,East,Social Media,0.2243081,Low,210916.65,High,Mid-Value Occasional Shoppers,47310.313019865
C105340,South,Social Media,0.79846925,High,19523.38,Medium,Mid-Value Occasional Shoppers,15588.818586065
C105341,West,Direct,0.14192605,Low,68050.99,High,Mid-Value Occasional Shoppers,9658.2082092895
C105342,Central,Paid Ads,0.8809962,High,9766.27,Medium,Low-Engagement / Dormant,8604.046758174001
C105343,North,Paid Ads,0.64849365,High,11886.41,Medium,Mid-Value Occasional Shoppers,7708.2614062965
C105344,West,Email Marketing,0.29484448,Low,90513.77,High,Low-Engagement / Dormant,26687.4854484896
C105345,West,Social Media,0.0007950107,Low,696585.84,Very High,High-Value Loyalists,553.7931962684879
C105346,West,Direct,0.9609957,High,450.43,Low,Low-Engagement / Dormant,432.861293151
C105347,East,Referral,0.9396582,High,656.72,Low,Low-Engagement / Dormant,617.092333104
C105348,South,Social Media,0.8772763,High,5316.6,Low,Low-Engagement / Dormant,4664.12717658
C105349,West,Social Media,0.75519276,High,11946.16,Medium,Mid-Value Occasional Shoppers,9021.6535418016
C105350,East,Paid Ads,0.16787055,Low,82815.95,High,Low-Engagement / Dormant,13902.3590752725
C105351,North,Organic Search,0.87983966,High,1576.8,Low,Low-Engagement / Dormant,1387.331175888
C105352,South,Paid Ads,0.92095953,High,2227.0,Low,Low-Engagement / Dormant,2050.97687331
C105353,South,Paid Ads,0.33191952,Medium,130703.59,High,Mid-Value Occasional Shoppers,43383.0728550768
C105354,East,Social Media,0.4246324,Medium,35307.03,Medium,Mid-Value Occasional Shoppers,14992.508885772
C105355,Central,Social Media,0.8230739,High,12113.54,Medium,Mid-Value Occasional Shoppers,9970.338610606
C105356,South,Direct,0.32912797,Medium,50275.37,High,Mid-Value Occasional Shoppers,16547.0304690989
C105357,South,Organic Search,0.6595676,High,53565.66,High,Mid-Value Occasional Shoppers,35330.173808616004
C105358,Central,Paid Ads,0.8062,High,9227.58,Medium,Mid-Value Occasional Shoppers,7439.274996
C105359,South,Paid Ads,0.100431584,Low,194811.94,High,Mid-Value Occasional Shoppers,19565.27171631296
C105360,North,Social Media,0.6856785,High,15356.86,Medium,Mid-Value Occasional Shoppers,10529.86872951
C105362,Central,Paid Ads,0.90744877,High,3241.16,Low,Low-Engagement / Dormant,2941.1866553732
C105363,West,Social Media,0.9488754,High,353.87,Low,Low-Engagement / Dormant,335.778537798
C105364,South,Paid Ads,0.0029079127,Low,537046.91,Very High,High-Value Loyalists,1561.6855300847571
C105365,East,Social Media,0.0027596583,Low,441708.67,Very High,Mid-Value Occasional Shoppers,1218.964997347461
C105366,West,Organic Search,0.053587813,Low,282816.52,Very High,Mid-Value Occasional Shoppers,15155.51878707076
C105367,Central,Paid Ads,0.20167118,Low,100700.08,High,Mid-Value Occasional Shoppers,20308.3039596944
C105368,North,Email Marketing,0.3041624,Medium,58496.26,High,Low-Engagement / Dormant,17792.362832624
C105369,Central,Organic Search,0.9542878,High,12172.54,Medium,Mid-Value Occasional Shoppers,11616.106417012
C105370,East,Organic Search,0.968367,High,558.55,Low,Low-Engagement / Dormant,540.8813878499999
C105371,North,Direct,0.006401582,Low,258771.95,Very High,Mid-Value Occasional Shoppers,1656.5498572249
C105372,North,Organic Search,0.40394697,Medium,25967.93,Medium,Mid-Value Occasional Shoppers,10489.6666406721
C105373,North,Paid Ads,0.0005517619,Low,719017.2,Very High,High-Value Loyalists,396.72629640468
C105374,Central,Paid Ads,0.05045862,Low,302532.67,Very High,Mid-Value Occasional Shoppers,15265.3810331154
C105375,South,Social Media,0.28978008,Low,57431.41,High,Mid-Value Occasional Shoppers,16642.4785843128
C105376,West,Social Media,0.64900786,High,2470.95,Low,Low-Engagement / Dormant,1603.665971667
C105377,North,Social Media,0.008805726,Low,249384.46,Very High,Mid-Value Occasional Shoppers,2196.01122341796
C105378,West,Direct,0.5141691,Medium,43562.47,Medium,Mid-Value Occasional Shoppers,22398.475993677
C105379,East,Paid Ads,0.114449576,Low,100046.59,High,Mid-Value Occasional Shoppers,11450.28980574584
C105380,Central,Paid Ads,0.7423983,High,18425.14,Medium,Low-Engagement / Dormant,13678.792613262
C105381,East,Direct,0.19507346,Low,143801.02,High,Mid-Value Occasional Shoppers,28051.7625229292
C105382,West,Organic Search,0.7386025,High,15829.57,Medium,Mid-Value Occasional Shoppers,11691.759975925
C105383,East,Direct,0.52680737,Medium,36046.68,Medium,Mid-Value Occasional Shoppers,18989.6566880316
C105384,East,Direct,0.84217095,High,9319.45,Medium,Mid-Value Occasional Shoppers,7848.5700599775
C105385,Central,Direct,0.9440934,High,2586.23,Low,Mid-Value Occasional Shoppers,2441.642673882
C105386,East,Organic Search,0.8203559,High,7044.01,Low,Low-Engagement / Dormant,5778.595163159001
C105387,Central,Social Media,0.8378032,High,4178.83,Low,Mid-Value Occasional Shoppers,3501.037146256
C105388,North,Email Marketing,0.3047277,Medium,50286.99,High,Mid-Value Occasional Shoppers,15323.838802623
C105389,East,Paid Ads,0.8371316,High,6515.97,Low,Mid-Value Occasional Shoppers,5454.724391652
C105390,Central,Social Media,0.7879711,High,27529.79,Medium,Mid-Value Occasional Shoppers,21692.678909069
C105391,Central,Organic Search,0.17651705,Low,74932.57,High,Mid-Value Occasional Shoppers,13226.876205318502
C105392,East,Organic Search,0.013008675,Low,325704.7,Very High,Mid-Value Occasional Shoppers,4236.986588272501
C105393,East,Email Marketing,0.0005776657,Low,775938.32,Very High,High-Value Loyalists,448.232952779624
C105394,West,Direct,0.9030409,High,16175.29,Medium,Mid-Value Occasional Shoppers,14606.948439361002
C105395,South,Organic Search,0.9475199,High,378.69,Low,Low-Engagement / Dormant,358.816310931
C105396,Central,Organic Search,0.9915183,High,322.68,Low,Low-Engagement / Dormant,319.943125044
C105397,South,Social Media,0.30290058,Medium,109240.28,High,Mid-Value Occasional Shoppers,33088.9441713624
C105398,North,Organic Search,0.8424163,High,11277.04,Medium,Mid-Value Occasional Shoppers,9499.962311752
C105399,West,Social Media,0.7324353,High,9902.78,Medium,Mid-Value Occasional Shoppers,7253.145640134001
C105400,South,Referral,0.8318861,High,14394.64,Medium,Mid-Value Occasional Shoppers,11974.700930504
C105401,South,Paid Ads,0.9458936,High,881.02,Low,Low-Engagement / Dormant,833.351179472
C105402,South,Referral,0.0668292,Low,110638.64,High,Mid-Value Occasional Shoppers,7393.891800288001
C105403,Central,Organic Search,0.9103889,High,2079.59,Low,Mid-Value Occasional Shoppers,1893.235652551
C105404,East,Paid Ads,0.6370673,High,11035.32,Medium,Mid-Value Occasional Shoppers,7030.241517036
C105405,Central,Email Marketing,0.004479613,Low,703979.93,Very High,High-Value Loyalists,3153.5576461670903
C105406,South,Organic Search,0.9848549,High,282.35,Low,Low-Engagement / Dormant,278.073781015
C105407,South,Paid Ads,0.52551687,Medium,33843.79,Medium,Mid-Value Occasional Shoppers,17785.4825897373
C105408,North,Social Media,0.15281226,Low,307382.55,Very High,Mid-Value Occasional Shoppers,46971.822150063
C105409,South,Organic Search,0.010871559,Low,219760.38,Very High,Mid-Value Occasional Shoppers,2389.13793703242
C105410,North,Paid Ads,0.64626306,High,9040.68,Low,Mid-Value Occasional Shoppers,5842.6575212808
C105411,North,Email Marketing,0.9902788,High,316.4,Low,Low-Engagement / Dormant,313.32421232
C105412,South,Organic Search,0.9610234,High,2857.81,Low,Low-Engagement / Dormant,2746.422282754
C105414,South,Organic Search,0.7214628,High,5816.02,Low,Mid-Value Occasional Shoppers,4196.042074056
C105415,East,Referral,0.083299145,Low,275927.81,Very High,Mid-Value Occasional Shoppers,22984.55065472245
C105416,South,Paid Ads,0.23201428,Low,100696.85,High,Mid-Value Occasional Shoppers,23363.107151018
C105417,East,Email Marketing,0.5938374,Medium,14156.84,Medium,Mid-Value Occasional Shoppers,8406.861057815999
C105418,West,Organic Search,0.8557078,High,2809.17,Low,Low-Engagement / Dormant,2403.828680526
C105419,West,Referral,0.0320838,Low,277174.57,Very High,Mid-Value Occasional Shoppers,8892.813468966
C105420,West,Email Marketing,0.905739,High,20871.23,Medium,Mid-Value Occasional Shoppers,18903.88698897
C105421,North,Referral,0.044743378,Low,199349.46,High,Mid-Value Occasional Shoppers,8919.56824287588
C105422,South,Referral,0.7018183,High,17210.37,Medium,Mid-Value Occasional Shoppers,12078.552615771
C105423,West,Organic Search,0.00302491,Low,527054.37,Very High,High-Value Loyalists,1594.2920343567
C105424,Central,Paid Ads,0.96474165,High,736.04,Low,Low-Engagement / Dormant,710.088444066
C105425,East,Paid Ads,0.8157595,High,7751.15,Low,Mid-Value Occasional Shoppers,6323.074248425
C105426,East,Organic Search,0.00057831383,Low,586616.24,Very High,High-Value Loyalists,339.2482844945992
C105427,West,Paid Ads,0.00082563784,Low,632661.71,Very High,Mid-Value Occasional Shoppers,522.3494476951064
C105428,Central,Referral,0.8035183,High,11804.75,Medium,Low-Engagement / Dormant,9485.332651925
C105429,South,Paid Ads,0.98827285,High,353.53,Low,Low-Engagement / Dormant,349.38410066049994
C105430,North,Direct,0.8915367,High,4519.81,Low,Mid-Value Occasional Shoppers,4029.576492027
C105431,West,Referral,0.761371,High,8454.63,Low,Mid-Value Occasional Shoppers,6437.110097729999
C105432,West,Paid Ads,0.6625184,High,17990.11,Medium,Mid-Value Occasional Shoppers,11918.778893024
C105433,North,Paid Ads,0.94018805,High,547.42,Low,Low-Engagement / Dormant,514.677742331
C105434,South,Social Media,0.9301351,High,666.82,Low,Low-Engagement / Dormant,620.232687382
C105435,East,Paid Ads,0.015363755,Low,362639.88,Very High,Mid-Value Occasional Shoppers,5571.5102695494
C105436,West,Organic Search,0.0007775309,Low,428789.74,Very High,High-Value Loyalists,333.397272452966
C105437,West,Social Media,0.007507148,Low,341586.55,Very High,Mid-Value Occasional Shoppers,2564.3407856594
C105438,North,Social Media,0.10818607,Low,180350.42,High,Mid-Value Occasional Shoppers,19511.4031626494
C105439,North,Paid Ads,0.004833051,Low,471956.27,Very High,Mid-Value Occasional Shoppers,2280.98872267977
C105440,West,Paid Ads,0.6780854,High,16256.21,Medium,Mid-Value Occasional Shoppers,11023.098660334
C105441,North,Organic Search,0.7411907,High,21005.76,Medium,Mid-Value Occasional Shoppers,15569.273958432
C105442,East,Paid Ads,0.41760027,Medium,51383.77,High,Low-Engagement / Dormant,21457.8762256179
C105443,East,Organic Search,0.9792773,High,759.16,Low,Low-Engagement / Dormant,743.428155068
C105444,South,Referral,0.39171383,Medium,19508.95,Medium,Mid-Value Occasional Shoppers,7641.9255237785
C105445,West,Social Media,0.41849643,Medium,26115.36,Medium,Mid-Value Occasional Shoppers,10929.1849281648
C105446,North,Paid Ads,0.34940532,Medium,55400.6,High,Mid-Value Occasional Shoppers,19357.264371192
C105447,West,Direct,0.5325799,Medium,22706.65,Medium,Mid-Value Occasional Shoppers,12093.105386335
C105448,East,Social Media,0.12246112,Low,251661.57,Very High,Mid-Value Occasional Shoppers,30818.757723158404
C105449,East,Organic Search,0.052605975,Low,264935.61,Very High,Mid-Value Occasional Shoppers,13937.196076269747
C105450,Central,Email Marketing,0.00775068,Low,316838.36,Very High,Mid-Value Occasional Shoppers,2455.7127400848
C105451,North,Referral,0.50736266,Medium,31868.38,Medium,Low-Engagement / Dormant,16168.8260466908
C105452,West,Social Media,0.727891,High,14884.65,Medium,Mid-Value Occasional Shoppers,10834.40277315
C105453,North,Organic Search,0.07522442,Low,243687.66,Very High,Mid-Value Occasional Shoppers,18331.2628846572
C105454,Central,Email Marketing,0.55433893,Medium,29072.68,Medium,Mid-Value Occasional Shoppers,16116.1183234324
C105455,North,Organic Search,0.12518167,Low,191159.52,High,Mid-Value Occasional Shoppers,23929.6679499984
C105456,East,Paid Ads,0.0012647344,Low,498197.39,Very High,High-Value Loyalists,630.087377123216
C105458,South,Email Marketing,0.80084676,High,13074.74,Medium,Mid-Value Occasional Shoppers,10470.8631668424
C105459,North,Social Media,0.001352796,Low,495812.5,Very High,Mid-Value Occasional Shoppers,670.73316675
C105460,North,Organic Search,0.34334067,Medium,74369.39,High,Mid-Value Occasional Shoppers,25534.0361900913
C105461,North,Paid Ads,0.49255055,Medium,21379.88,Medium,Mid-Value Occasional Shoppers,10530.671652934
C105462,North,Email Marketing,0.034851514,Low,171126.59,High,High-Value Loyalists,5964.02074715726
C105463,West,Referral,0.81264544,High,5099.13,Low,Mid-Value Occasional Shoppers,4143.7847424672
C105464,South,Email Marketing,0.97152597,High,378.55,Low,Low-Engagement / Dormant,367.7711559435
C105465,North,Organic Search,0.00089709024,Low,527293.81,Very High,High-Value Loyalists,473.0301305634145
C105466,Central,Direct,0.78703034,High,19198.04,Medium,Mid-Value Occasional Shoppers,15109.439948533602
C105467,West,Organic Search,0.86352277,High,4455.13,Low,Mid-Value Occasional Shoppers,3847.1061983101
C105468,South,Paid Ads,0.94904697,High,4427.91,Low,Mid-Value Occasional Shoppers,4202.2945689327
C105469,South,Email Marketing,0.07089732,Low,140513.24,High,Mid-Value Occasional Shoppers,9962.0121405168
C105470,East,Paid Ads,0.15152617,Low,130041.22,High,Mid-Value Occasional Shoppers,19704.6480087274
C105471,East,Social Media,0.24368554,Low,79547.84,High,Low-Engagement / Dormant,19384.6583462336
C105472,Central,Social Media,0.0016689323,Low,639710.31,Very High,High-Value Loyalists,1067.633199002013
C105473,East,Email Marketing,0.7536687,High,16280.19,Medium,Mid-Value Occasional Shoppers,12269.869633053
C105474,Central,Organic Search,0.076173946,Low,85506.33,High,Mid-Value Occasional Shoppers,6513.35456407818
C105476,Central,Social Media,0.35120794,Medium,116928.33,High,Mid-Value Occasional Shoppers,41066.1579069402
C105477,East,Email Marketing,0.63077664,High,22547.58,Medium,Mid-Value Occasional Shoppers,14222.486752531202
C105478,West,Direct,0.0009536017,Low,673532.99,Very High,High-Value Loyalists,642.282204270083
C105479,West,Paid Ads,0.15132664,Low,91854.73,High,Mid-Value Occasional Shoppers,13900.0676590072
C105480,West,Referral,0.63085246,High,837.07,Low,Low-Engagement / Dormant,528.0676686922
C105481,North,Paid Ads,0.00075945596,Low,687444.48,Very High,High-Value Loyalists,522.0838075051008
C105482,North,Paid Ads,0.6122571,High,23498.08,Medium,Mid-Value Occasional Shoppers,14386.866316368
C105483,North,Organic Search,0.9710665,High,302.86,Low,Low-Engagement / Dormant,294.09720019
C105484,South,Organic Search,0.11487179,Low,74150.83,High,Mid-Value Occasional Shoppers,8517.8385720857
C105485,Central,Organic Search,0.0009051977,Low,419501.34,Very High,Mid-Value Occasional Shoppers,379.731648114918
C105486,West,Organic Search,0.8791232,High,21061.97,Medium,Mid-Value Occasional Shoppers,18516.066464704
C105487,North,Paid Ads,0.3988965,Medium,26765.91,Medium,Mid-Value Occasional Shoppers,10676.827818315
C105488,South,Email Marketing,0.68938947,High,24487.04,Medium,Mid-Value Occasional Shoppers,16881.1075274688
C105489,South,Organic Search,0.2017373,Low,86140.99,High,Low-Engagement / Dormant,17377.850741927003
C105490,West,Email Marketing,0.8754604,High,8392.98,Low,Mid-Value Occasional Shoppers,7347.721627991999
C105491,Central,Email Marketing,0.10036011,Low,114366.05,High,Mid-Value Occasional Shoppers,11477.7893582655
C105492,North,Paid Ads,0.35294902,Medium,47979.53,High,Mid-Value Occasional Shoppers,16934.328093560598
C105493,South,Referral,0.901796,High,3474.13,Low,Mid-Value Occasional Shoppers,3132.9565374800004
C105494,Central,Paid Ads,0.0015059422,Low,602469.98,Very High,High-Value Loyalists,907.284967115156
C105495,East,Organic Search,0.45141795,Medium,39034.37,Medium,Mid-Value Occasional Shoppers,17620.815284941502
C105496,Central,Referral,0.009793489,Low,542814.21,Very High,Mid-Value Occasional Shoppers,5316.04499467869
C105497,South,Social Media,0.0035606949,Low,468427.87,Very High,Mid-Value Occasional Shoppers,1667.928727726863
C105498,North,Paid Ads,0.9797192,High,368.78,Low,Low-Engagement / Dormant,361.300846576
C105499,West,Email Marketing,0.5082532,Medium,26222.8,Medium,Mid-Value Occasional Shoppers,13327.82201296
C105500,North,Referral,0.73828834,High,6760.75,Low,Mid-Value Occasional Shoppers,4991.382894655
C105501,West,Paid Ads,0.0022344282,Low,735866.85,Very High,High-Value Loyalists,1644.2416410851702
C105502,West,Organic Search,0.0006900599,Low,593866.24,Very High,High-Value Loyalists,409.803278187776
C105503,South,Email Marketing,0.7418155,High,13936.71,Medium,Mid-Value Occasional Shoppers,10338.467497004998
C105504,East,Direct,0.5365272,Medium,31068.5,Medium,Mid-Value Occasional Shoppers,16669.0953132
C105505,West,Social Media,0.5823472,Medium,29917.33,Medium,Mid-Value Occasional Shoppers,17422.273356976
C105506,Central,Referral,0.73368615,High,8249.63,Low,Mid-Value Occasional Shoppers,6052.6392736245
C105507,South,Social Media,0.0011257752,Low,703966.96,Very High,High-Value Loyalists,792.5085451873919
C105509,North,Email Marketing,0.038088996,Low,163817.51,High,Mid-Value Occasional Shoppers,6239.644483119961
C105510,Central,Referral,0.9053431,High,11220.36,Medium,Mid-Value Occasional Shoppers,10158.275505516
C105511,West,Social Media,0.009412892,Low,558062.1,Very High,High-Value Loyalists,5252.9782765932005
C105512,North,Referral,0.29078612,Low,42594.16,Medium,Low-Engagement / Dormant,12385.7905210592
C105513,West,Social Media,0.54162306,Medium,75045.67,High,Mid-Value Occasional Shoppers,40646.4654251502
C105514,West,Organic Search,0.0018449929,Low,474190.28,Very High,Mid-Value Occasional Shoppers,874.8776998490121
C105515,West,Social Media,0.7383116,High,16493.7,Medium,Mid-Value Occasional Shoppers,12177.49003692
C105516,South,Organic Search,0.40666395,Medium,53284.09,High,Mid-Value Occasional Shoppers,21668.718511555497
C105517,West,Organic Search,0.0039173327,Low,367139.81,Very High,High-Value Loyalists,1438.2087831847869
C105518,West,Organic Search,0.9415707,High,813.08,Low,Low-Engagement / Dormant,765.572304756
C105519,South,Paid Ads,0.644939,High,22972.46,Medium,Mid-Value Occasional Shoppers,14815.83537994
C105520,North,Email Marketing,0.37018493,Medium,38901.92,Medium,Mid-Value Occasional Shoppers,14400.9045320656
C105521,Central,Organic Search,0.0016623827,Low,556441.03,Very High,High-Value Loyalists,925.017941842181
C105522,East,Paid Ads,0.34384182,Medium,90320.22,High,Mid-Value Occasional Shoppers,31055.868827600403
C105523,East,Referral,0.013080513,Low,301954.67,Very High,Mid-Value Occasional Shoppers,3949.72198634571
C105524,Central,Email Marketing,0.8820482,High,2255.1,Low,Low-Engagement / Dormant,1989.10689582
C105525,North,Referral,0.9027251,High,11652.07,Medium,Mid-Value Occasional Shoppers,10518.616055957
C105526,West,Direct,0.94590384,High,2811.56,Low,Low-Engagement / Dormant,2659.4654003904
C105527,East,Referral,0.21370913,Low,64963.81,High,Mid-Value Occasional Shoppers,13883.3593165853
C105528,North,Referral,0.0035200214,Low,508469.83,Very High,Mid-Value Occasional Shoppers,1789.824682854362
C105529,Central,Paid Ads,0.14070824,Low,129502.56,High,Low-Engagement / Dormant,18222.0772930944
C105530,West,Paid Ads,0.9677652,High,475.85,Low,Low-Engagement / Dormant,460.51107042
C105531,North,Paid Ads,0.45874503,Medium,27233.63,Medium,Mid-Value Occasional Shoppers,12493.2924113589
C105532,Central,Referral,0.91855097,High,2214.56,Low,Low-Engagement / Dormant,2034.1862361232
C105533,Central,Social Media,0.49036813,Medium,48158.67,High,Low-Engagement / Dormant,23615.476951187095
C105534,West,Referral,0.0019460004,Low,589844.21,Very High,Mid-Value Occasional Shoppers,1147.8370685976838
C105535,North,Social Media,0.45926312,Medium,17123.4,Medium,Mid-Value Occasional Shoppers,7864.146109008001
C105536,North,Referral,0.0035574397,Low,485218.96,Very High,Mid-Value Occasional Shoppers,1726.137191496712
C105537,West,Organic Search,0.0012667816,Low,556467.26,Very High,High-Value Loyalists,704.922485970416
C105538,Central,Paid Ads,0.7264584,High,20165.53,Medium,Low-Engagement / Dormant,14649.418658951998
C105539,North,Social Media,0.015743677,Low,229700.1,Very High,Mid-Value Occasional Shoppers,3616.3241812677
C105540,East,Organic Search,0.46474436,Medium,19454.33,Medium,Mid-Value Occasional Shoppers,9041.2901450788
C105541,North,Email Marketing,0.5668422,Medium,12078.33,Medium,Mid-Value Occasional Shoppers,6846.507149526
C105542,East,Organic Search,0.87529045,High,3751.08,Low,Mid-Value Occasional Shoppers,3283.284501186
C105543,East,Organic Search,0.01034359,Low,615642.01,Very High,Mid-Value Occasional Shoppers,6367.9485382159
C105544,North,Social Media,0.8314683,High,6243.02,Low,Low-Engagement / Dormant,5190.8732262660005
C105545,East,Organic Search,0.9859789,High,706.02,Low,Low-Engagement / Dormant,696.120822978
C105546,East,Social Media,0.59604454,Medium,47282.31,High,Mid-Value Occasional Shoppers,28182.3627140874
C105547,South,Organic Search,0.6588646,High,19415.66,Medium,Mid-Value Occasional Shoppers,12792.291059636
C105548,Central,Organic Search,0.8684198,High,10020.07,Medium,Mid-Value Occasional Shoppers,8701.627185386
C105549,North,Referral,0.58146113,Medium,36969.75,Medium,Mid-Value Occasional Shoppers,21496.4726108175
C105550,North,Paid Ads,0.9498926,High,1272.2,Low,Low-Engagement / Dormant,1208.45336572
C105551,East,Social Media,0.5258074,Medium,21779.61,Medium,Mid-Value Occasional Shoppers,11451.880107114
C105552,East,Organic Search,0.0331364,Low,161408.81,High,Mid-Value Occasional Shoppers,5348.506891684
C105553,South,Social Media,0.90879136,High,379.17,Low,Low-Engagement / Dormant,344.58641997120003
C105554,Central,Paid Ads,0.0025536462,Low,726524.51,Very High,Mid-Value Occasional Shoppers,1855.2865541683625
C105556,South,Referral,0.957163,High,5579.65,Low,Mid-Value Occasional Shoppers,5340.63453295
C105557,West,Social Media,0.0008659678,Low,807669.8,Very High,High-Value Loyalists,699.41603983244
C105558,Central,Direct,0.8819388,High,1010.49,Low,Low-Engagement / Dormant,891.190338012
C105559,East,Email Marketing,0.5745699,Medium,25704.25,Medium,Mid-Value Occasional Shoppers,14768.888352075
C105560,North,Social Media,0.8896425,High,1300.4,Low,Mid-Value Occasional Shoppers,1156.891107
C105561,South,Organic Search,0.5240127,Medium,42337.26,Medium,Mid-Value Occasional Shoppers,22185.261923202
C105562,North,Referral,0.8550052,High,23234.78,Medium,Mid-Value Occasional Shoppers,19865.857720856
C105563,East,Social Media,0.2830576,Low,92711.15,High,Mid-Value Occasional Shoppers,26242.59561224
C105564,West,Email Marketing,0.55191135,Medium,77552.1,High,Mid-Value Occasional Shoppers,42801.884206335
C105565,South,Social Media,0.0026849958,Low,672116.88,Very High,Mid-Value Occasional Shoppers,1804.630999909104
C105566,East,Organic Search,0.10501574,Low,137706.12,High,High-Value Loyalists,14461.3100943288
C105567,West,Email Marketing,0.16373274,Low,170314.15,High,Mid-Value Occasional Shoppers,27886.002440271
C105568,South,Referral,0.0011013661,Low,547695.51,Very High,High-Value Loyalists,603.213267836211
C105569,North,Organic Search,0.78127533,High,10147.03,Medium,Mid-Value Occasional Shoppers,7927.624211769901
C105570,West,Referral,0.00032170172,Low,642731.1,Very High,High-Value Loyalists,206.767700367492
C105571,North,Social Media,0.58391386,Medium,10911.58,Medium,Mid-Value Occasional Shoppers,6371.4227964988
C105572,North,Social Media,0.0008010101,Low,474200.6,Very High,High-Value Loyalists,379.83947002606
C105573,North,Email Marketing,0.87994534,High,1802.94,Low,Low-Engagement / Dormant,1586.4886512996002
C105574,East,Organic Search,0.8804035,High,1826.65,Low,Low-Engagement / Dormant,1608.189053275
C105575,East,Organic Search,0.069448255,Low,168507.31,High,Mid-Value Occasional Shoppers,11702.53863424405
C105576,East,Organic Search,0.042162072,Low,212353.95,High,Mid-Value Occasional Shoppers,8953.282529384402
C105577,South,Email Marketing,0.93775064,High,3553.86,Low,Mid-Value Occasional Shoppers,3332.6344894704
C105578,East,Organic Search,0.9553384,High,4616.84,Low,Low-Engagement / Dormant,4410.644538656
C105579,North,Social Media,0.03499148,Low,366439.26,Very High,High-Value Loyalists,12822.2520375048
C105580,West,Referral,0.6675023,High,21902.5,Medium,Mid-Value Occasional Shoppers,14619.96912575
C105581,Central,Email Marketing,0.8065112,High,11263.41,Medium,Mid-Value Occasional Shoppers,9084.066315192
C105582,East,Organic Search,0.42121357,Medium,25908.68,Medium,Mid-Value Occasional Shoppers,10913.0875967876
C105583,South,Organic Search,0.17886154,Low,67317.07,High,Mid-Value Occasional Shoppers,12040.434808487802
C105584,West,Direct,0.7597219,High,19753.73,Medium,Mid-Value Occasional Shoppers,15007.341287687
C105585,North,Social Media,0.0010120769,Low,593339.41,Very High,High-Value Loyalists,600.5051107206291
C105586,South,Organic Search,0.23635747,Low,100771.69,High,Mid-Value Occasional Shoppers,23818.1416960243
C105587,Central,Organic Search,0.42899457,Medium,44954.17,Medium,Low-Engagement / Dormant,19285.0948288569
C105588,North,Email Marketing,0.74988097,High,35233.53,Medium,Mid-Value Occasional Shoppers,26420.953652924098
C105589,North,Email Marketing,0.0022315937,Low,476155.59,Very High,High-Value Loyalists,1062.585814863783
C105590,East,Social Media,0.31581455,Medium,50652.53,High,Mid-Value Occasional Shoppers,15996.8059683115
C105592,East,Referral,0.99202406,High,626.35,Low,Low-Engagement / Dormant,621.354269981
C105594,West,Email Marketing,0.12175526,Low,194748.75,High,Mid-Value Occasional Shoppers,23711.684690925
C105595,South,Organic Search,0.7784903,High,10514.73,Medium,Mid-Value Occasional Shoppers,8185.615312118999
C105596,Central,Organic Search,0.35768107,Medium,27115.08,Medium,Mid-Value Occasional Shoppers,9698.5508275356
C105597,North,Paid Ads,0.56023073,Medium,26184.74,Medium,Mid-Value Occasional Shoppers,14669.4960050602
C105598,North,Organic Search,0.015191809,Low,422488.98,Very High,High-Value Loyalists,6418.37188876482
C105599,East,Paid Ads,0.78254014,High,15868.8,Medium,Mid-Value Occasional Shoppers,12417.972973632
C105600,North,Referral,0.5160239,Medium,113408.41,High,High-Value Loyalists,58521.450020999
C105601,East,Paid Ads,0.0012114333,Low,568939.84,Very High,Mid-Value Occasional Shoppers,689.2326678726719
C105602,North,Social Media,0.6127138,High,28627.92,Medium,Mid-Value Occasional Shoppers,17540.721649296
C105603,South,Organic Search,0.41341415,Medium,66969.29,High,Mid-Value Occasional Shoppers,27686.052101453497
C105604,North,Paid Ads,0.0028282094,Low,807851.16,Very High,High-Value Loyalists,2284.7722445129043
C105605,South,Social Media,0.9457567,High,475.0,Low,Low-Engagement / Dormant,449.2344325
C105606,North,Social Media,0.49792746,Medium,14446.09,Medium,Mid-Value Occasional Shoppers,7193.1049006314
C105607,South,Organic Search,0.0012896715,Low,552301.06,Very High,High-Value Loyalists,712.28693650179
C105608,North,Email Marketing,0.2347486,Low,130106.46,High,Mid-Value Occasional Shoppers,30542.309335956
C105609,West,Organic Search,0.034703504,Low,187810.43,High,Mid-Value Occasional Shoppers,6517.68000874672
C105610,West,Organic Search,0.00059593335,Low,551703.97,Very High,High-Value Loyalists,328.7787950503995
C105612,North,Social Media,0.0138318315,Low,405069.95,Very High,Mid-Value Occasional Shoppers,5602.859294113426
C105613,North,Organic Search,0.5115052,Medium,30858.48,Medium,Mid-Value Occasional Shoppers,15784.272984096
C105614,North,Organic Search,0.07312106,Low,221442.15,Very High,Mid-Value Occasional Shoppers,16192.084736679
C105615,East,Paid Ads,0.26039633,Low,85648.94,High,Mid-Value Occasional Shoppers,22302.6696443902
C105616,South,Paid Ads,0.67502946,High,18328.69,Medium,Mid-Value Occasional Shoppers,12372.4057132074
C105618,West,Social Media,0.0018847622,Low,845881.73,Very High,High-Value Loyalists,1594.285910374606
C105619,North,Social Media,0.830769,High,8040.97,Low,Mid-Value Occasional Shoppers,6680.18860593
C105620,North,Organic Search,0.7792215,High,17647.05,Medium,Mid-Value Occasional Shoppers,13750.960771575
C105621,North,Organic Search,0.0010216113,Low,677657.98,Very High,High-Value Loyalists,692.303049903174
C105622,North,Paid Ads,0.93645257,High,2796.24,Low,Low-Engagement / Dormant,2618.5461343368
C105623,East,Direct,0.123953156,Low,166103.65,High,Mid-Value Occasional Shoppers,20589.0716406194
C105624,North,Referral,0.024250653,Low,152817.67,High,Mid-Value Occasional Shoppers,3705.9282874385103
C105625,North,Paid Ads,0.64695704,High,36073.31,Medium,Mid-Value Occasional Shoppers,23337.8818606024
C105626,North,Direct,0.14105465,Low,64439.23,High,Mid-Value Occasional Shoppers,9089.4530339195
C105627,West,Paid Ads,0.960514,High,631.11,Low,Low-Engagement / Dormant,606.18999054
C105628,North,Paid Ads,0.15491778,Low,94870.09,High,High-Value Loyalists,14697.0637312002
C105629,Central,Direct,0.9149618,High,2032.32,Low,Low-Engagement / Dormant,1859.495165376
C105630,South,Referral,0.7244707,High,15021.64,Medium,Mid-Value Occasional Shoppers,10882.738045948
C105631,South,Social Media,0.12850417,Low,157333.53,High,Low-Engagement / Dormant,20218.0146858201
C105632,East,Social Media,0.7616038,High,25786.03,Medium,Mid-Value Occasional Shoppers,19638.738434914
C105633,East,Direct,0.44233778,Medium,34269.66,Medium,Mid-Value Occasional Shoppers,15158.765325754805
C105634,South,Organic Search,0.026378814,Low,310017.33,Very High,Mid-Value Occasional Shoppers,8177.889484846621
C105635,East,Paid Ads,0.7092518,High,7568.52,Low,Mid-Value Occasional Shoppers,5367.986433336
C105636,South,Paid Ads,0.7665444,High,6782.81,Low,Low-Engagement / Dormant,5199.325021764001
C105637,South,Direct,0.76236975,High,43019.37,Medium,Mid-Value Occasional Shoppers,32796.6663520575
C105638,North,Organic Search,0.97593486,High,450.44,Low,Low-Engagement / Dormant,439.6000983384
C105639,West,Organic Search,0.0010569693,Low,373665.41,Very High,High-Value Loyalists,394.95286684191296
C105641,West,Organic Search,0.9758528,High,692.52,Low,Low-Engagement / Dormant,675.797581056
C105642,Central,Referral,0.12902911,Low,153278.56,High,Mid-Value Occasional Shoppers,19777.3961788816
C105643,East,Paid Ads,0.007641855,Low,454534.39,Very High,Mid-Value Occasional Shoppers,3473.4859008934504
C105644,Central,Email Marketing,0.54645044,Medium,35453.74,Medium,Mid-Value Occasional Shoppers,19373.7118226456
C105645,South,Referral,0.73415774,High,16788.8,Medium,Low-Engagement / Dormant,12325.627465312
C105646,East,Paid Ads,0.9262505,High,1049.03,Low,Low-Engagement / Dormant,971.664562015
C105647,East,Email Marketing,0.94869727,High,1126.72,Low,Low-Engagement / Dormant,1068.9161880544
C105648,North,Organic Search,0.03576202,Low,225170.38,Very High,Mid-Value Occasional Shoppers,8052.547632967599
C105649,North,Social Media,0.00051605457,Low,598063.44,Very High,High-Value Loyalists,308.63337136192075
C105650,East,Social Media,0.68552935,High,21346.58,Medium,Mid-Value Occasional Shoppers,14633.707112123002
C105651,North,Organic Search,0.00046503416,Low,709537.08,Very High,High-Value Loyalists,329.9589799866528
C105652,North,Organic Search,0.2704862,Low,64023.59,High,Mid-Value Occasional Shoppers,17317.497569458
C105653,West,Social Media,0.0011327465,Low,674993.51,Very High,High-Value Loyalists,764.596535975215
C105654,East,Social Media,0.0035159911,Low,704085.65,Very High,High-Value Loyalists,2475.558879037715
C105655,North,Social Media,0.75424355,High,4534.68,Low,Low-Engagement / Dormant,3420.253141314
C105656,North,Organic Search,0.049087357,Low,108165.16,High,Mid-Value Occasional Shoppers,5309.54182388212
C105657,Central,Organic Search,0.7302658,High,13458.76,Medium,Mid-Value Occasional Shoppers,9828.472138408
C105658,Central,Direct,0.9906759,High,289.82,Low,Low-Engagement / Dormant,287.117689338
C105659,East,Organic Search,0.63249195,High,20810.21,Medium,Mid-Value Occasional Shoppers,13162.2903028095
C105660,North,Direct,0.15258363,Low,148851.27,High,Mid-Value Occasional Shoppers,22712.267106710096
C105661,South,Referral,0.3818562,Medium,106174.3,High,Mid-Value Occasional Shoppers,40543.31473566
C105662,South,Social Media,0.0099664675,Low,280538.77,Very High,High-Value Loyalists,2795.980533694975
C105663,West,Paid Ads,0.65611595,High,29888.89,Medium,Mid-Value Occasional Shoppers,19610.5774567955
C105664,East,Email Marketing,0.25182122,Low,50471.04,High,Mid-Value Occasional Shoppers,12709.6788674688
C105665,West,Email Marketing,0.97213644,High,596.76,Low,Low-Engagement / Dormant,580.1321419344
C105666,South,Referral,0.12310835,Low,151139.2,High,Mid-Value Occasional Shoppers,18606.49753232
C105667,Central,Referral,0.0008279703,Low,493248.01,Very High,High-Value Loyalists,408.394702814103
C105668,South,Paid Ads,0.85385954,High,6130.47,Low,Mid-Value Occasional Shoppers,5234.5602941838
C105669,South,Organic Search,0.084177695,Low,283598.82,Very High,Mid-Value Occasional Shoppers,23872.6949723199
C105670,East,Direct,0.00053280947,Low,449299.13,Very High,Mid-Value Occasional Shoppers,239.39083132676112
C105671,East,Organic Search,0.5946893,Medium,11908.99,Medium,Mid-Value Occasional Shoppers,7082.148926807
C105672,Central,Paid Ads,0.88658714,High,14826.45,Medium,Mid-Value Occasional Shoppers,13144.939901853002
C105673,South,Paid Ads,0.3381678,Medium,114569.14,High,Low-Engagement / Dormant,38743.594021692
C105674,Central,Referral,0.79451585,High,15545.2,Medium,Mid-Value Occasional Shoppers,12350.90779142
C105675,South,Referral,0.4474433,Medium,59824.5,High,Low-Engagement / Dormant,26768.07170085
C105676,South,Social Media,0.54869884,Medium,36142.03,Medium,Mid-Value Occasional Shoppers,19831.0899362452
C105677,South,Organic Search,0.73115396,High,31867.04,Medium,Mid-Value Occasional Shoppers,23299.7124894784
C105678,North,Organic Search,0.20470001,Low,149556.03,High,Mid-Value Occasional Shoppers,30614.120836560294
C105679,West,Organic Search,0.029686,Low,338328.97,Very High,Mid-Value Occasional Shoppers,10043.63380342
C105680,North,Direct,0.11794527,Low,158546.46,High,Mid-Value Occasional Shoppers,18699.8050322442
C105681,South,Organic Search,0.16756767,Low,60285.38,High,Mid-Value Occasional Shoppers,10101.8806616646
C105682,South,Direct,0.014077777,Low,510447.72,Very High,High-Value Loyalists,7185.96917231844
C105683,West,Organic Search,0.93872994,High,6039.53,Low,Low-Engagement / Dormant,5669.4876345282
C105684,Central,Email Marketing,0.9421471,High,3236.29,Low,Low-Engagement / Dormant,3049.061238259
C105685,West,Social Media,0.8782884,High,1088.76,Low,Low-Engagement / Dormant,956.245278384
C105686,South,Email Marketing,0.9339554,High,3051.99,Low,Mid-Value Occasional Shoppers,2850.422541246
C105687,South,Social Media,0.856517,High,2278.79,Low,Low-Engagement / Dormant,1951.82237443
C105689,Central,Referral,0.64711833,High,20454.77,Medium,Mid-Value Occasional Shoppers,13236.6566029341
C105690,North,Organic Search,0.010050845,Low,175304.1,High,Mid-Value Occasional Shoppers,1761.9543369644998
C105691,Central,Direct,0.001661321,Low,522208.61,Very High,High-Value Loyalists,867.5561301738101
C105692,West,Social Media,0.0009329479,Low,550595.84,Very High,High-Value Loyalists,513.677232676736
C105693,West,Organic Search,0.7991031,High,34916.48,Medium,Mid-Value Occasional Shoppers,27901.867409088
C105695,South,Social Media,0.4402835,Medium,89760.02,High,Mid-Value Occasional Shoppers,39519.85576567
C105697,South,Referral,0.29380757,Low,46687.58,High,Mid-Value Occasional Shoppers,13717.1644289806
C105698,North,Paid Ads,0.26341102,Low,64109.48,High,Mid-Value Occasional Shoppers,16887.143518469602
C105699,West,Referral,0.0007670183,Low,527777.18,Very High,High-Value Loyalists,404.814755382394
C105700,East,Organic Search,0.11462205,Low,140381.63,High,Mid-Value Occasional Shoppers,16090.8302129415
C105701,Central,Paid Ads,0.76131785,High,25223.16,Medium,Mid-Value Occasional Shoppers,19202.841941406
C105702,Central,Email Marketing,0.97055423,High,2351.12,Low,Low-Engagement / Dormant,2281.8894612376
C105703,North,Organic Search,0.91455567,High,814.35,Low,Low-Engagement / Dormant,744.7684098645001
C105704,North,Paid Ads,0.0056648296,Low,208385.81,High,Mid-Value Occasional Shoppers,1180.470104707976
C105705,South,Organic Search,0.9859644,High,438.4,Low,Low-Engagement / Dormant,432.24679296
C105706,North,Organic Search,0.0022209731,Low,336297.09,Very High,Mid-Value Occasional Shoppers,746.906790498279
C105707,West,Organic Search,0.45963293,Medium,24060.11,Medium,Mid-Value Occasional Shoppers,11058.8188554223
C105708,West,Organic Search,0.80868584,High,12671.76,Medium,Mid-Value Occasional Shoppers,10247.4728798784
C105709,West,Paid Ads,0.47383446,Medium,16946.93,Medium,Mid-Value Occasional Shoppers,8030.0394252078
C105710,East,Email Marketing,0.61926943,High,31398.56,Medium,Mid-Value Occasional Shoppers,19444.1683540208
C105711,West,Organic Search,0.24862207,Low,104530.44,High,Mid-Value Occasional Shoppers,25988.5743708108
C105712,East,Email Marketing,0.11959589,Low,180617.03,High,Mid-Value Occasional Shoppers,21601.054452006694
C105713,Central,Social Media,0.026563242,Low,96456.16,High,Low-Engagement / Dormant,2562.18832047072
C105714,West,Organic Search,0.9590713,High,1698.14,Low,Low-Engagement / Dormant,1628.637337382
C105715,West,Paid Ads,0.3538079,Medium,52571.03,High,Mid-Value Occasional Shoppers,18600.045725137
C105716,North,Organic Search,0.0015040948,Low,696156.24,Very High,High-Value Loyalists,1047.084980571552
C105717,West,Referral,0.0030486495,Low,583314.02,Very High,Mid-Value Occasional Shoppers,1778.31999541599
C105718,South,Referral,0.6068422,High,20008.71,Medium,Mid-Value Occasional Shoppers,12142.129595562
C105719,South,Paid Ads,0.24213757,Low,113724.59,High,Mid-Value Occasional Shoppers,27536.9958718463
C105720,East,Organic Search,0.050728988,Low,222824.56,Very High,Mid-Value Occasional Shoppers,11303.66443034528
C105721,South,Organic Search,0.19074643,Low,174912.57,High,Mid-Value Occasional Shoppers,33363.9482896251
C105723,North,Organic Search,0.07569668,Low,188427.86,High,Mid-Value Occasional Shoppers,14263.3634215048
C105724,West,Social Media,0.012673914,Low,310523.32,Very High,Mid-Value Occasional Shoppers,3935.54585267448
C105725,East,Social Media,0.97873163,High,309.88,Low,Low-Engagement / Dormant,303.2893575044
C105726,Central,Referral,0.93409777,High,1378.55,Low,Low-Engagement / Dormant,1287.7004808335
C105727,West,Organic Search,0.0007559079,Low,405652.39,Very High,Mid-Value Occasional Shoppers,306.635846254881
C105728,South,Paid Ads,0.13537697,Low,197635.04,High,Mid-Value Occasional Shoppers,26755.232881028805
C105729,West,Paid Ads,0.20089231,Low,83177.02,High,Mid-Value Occasional Shoppers,16709.6236867162
C105730,East,Email Marketing,0.7710207,High,17258.11,Medium,Mid-Value Occasional Shoppers,13306.360052877
C105731,South,Paid Ads,0.0011084186,Low,550002.14,Very High,High-Value Loyalists,609.6326020158041
C105732,Central,Paid Ads,0.92676276,High,4903.41,Low,Low-Engagement / Dormant,4544.2977850116
C105733,Central,Organic Search,0.60077786,High,16608.9,Medium,Mid-Value Occasional Shoppers,9978.259398954
C105734,North,Referral,0.25716674,Low,135240.84,High,Mid-Value Occasional Shoppers,34779.4459376616
C105735,West,Social Media,0.00689248,Low,286300.67,Very High,Mid-Value Occasional Shoppers,1973.3216419616
C105736,North,Referral,0.48441368,Medium,33055.31,Medium,Mid-Value Occasional Shoppers,16012.4443606408
C105737,Central,Social Media,0.0006192219,Low,686120.15,Very High,High-Value Loyalists,424.860622911285
C105738,East,Email Marketing,0.92683524,High,2248.47,Low,Low-Engagement / Dormant,2083.9612320828
C105739,North,Email Marketing,0.1707516,Low,154737.05,High,Mid-Value Occasional Shoppers,26421.59886678
C105740,West,Paid Ads,0.0042415247,Low,613660.53,Very High,High-Value Loyalists,2602.856295410091
C105741,East,Organic Search,0.33981395,Medium,37631.67,Medium,Mid-Value Occasional Shoppers,12787.766427796498
C105742,North,Direct,0.7418703,High,8017.07,Low,Mid-Value Occasional Shoppers,5947.626126020999
C105744,West,Direct,0.95253617,High,872.72,Low,Low-Engagement / Dormant,831.2973662824
C105745,East,Paid Ads,0.009221147,Low,636089.92,Very High,High-Value Loyalists,5865.47865753824
C105746,West,Direct,0.00058221456,Low,820969.35,Very High,High-Value Loyalists,477.980308883736
C105747,North,Organic Search,0.9165251,High,3627.82,Low,Mid-Value Occasional Shoppers,3324.9880882820003
C105748,South,Social Media,0.85943043,High,11815.57,Medium,Mid-Value Occasional Shoppers,10154.6604057951
C105749,West,Paid Ads,0.82521623,High,4878.41,Low,Mid-Value Occasional Shoppers,4025.7431085943
C105750,North,Organic Search,0.22852933,Low,60422.14,High,Mid-Value Occasional Shoppers,13808.2311713662
C105751,South,Organic Search,0.12830652,Low,133361.45,High,Mid-Value Occasional Shoppers,17111.143551654004
C105752,Central,Organic Search,0.20860659,Low,85406.79,High,Low-Engagement / Dormant,17816.4192247461
C105753,West,Organic Search,0.92549497,High,4637.31,Low,Mid-Value Occasional Shoppers,4291.807079330701
C105754,East,Direct,0.75346434,High,14401.35,Medium,Mid-Value Occasional Shoppers,10850.903672859
C105755,East,Direct,0.5154108,Medium,31607.06,Medium,Low-Engagement / Dormant,16290.620080248
C105756,Central,Email Marketing,0.7689416,High,26694.7,Medium,Mid-Value Occasional Shoppers,20526.66532952
C105757,Central,Direct,0.86028355,High,6472.04,Low,Mid-Value Occasional Shoppers,5567.789546942
C105758,North,Email Marketing,0.00055630784,Low,784882.91,Very High,High-Value Loyalists,436.6365163150144
C105759,East,Direct,0.9414309,High,341.32,Low,Low-Engagement / Dormant,321.329194788
C105760,North,Organic Search,0.28445375,Low,61913.34,High,Mid-Value Occasional Shoppers,17611.481738025
C105761,North,Organic Search,0.7036868,High,19714.19,Medium,Mid-Value Occasional Shoppers,13872.615275691998
C105762,South,Email Marketing,0.67094934,High,10057.8,Medium,Mid-Value Occasional Shoppers,6748.274271851999
C105763,East,Paid Ads,0.97002465,High,647.63,Low,Low-Engagement / Dormant,628.2170640795
C105764,West,Referral,0.95977277,High,1557.24,Low,Low-Engagement / Dormant,1494.5965483548
C105765,Central,Social Media,0.338301,Medium,37846.83,Medium,Mid-Value Occasional Shoppers,12803.620435830002
C105766,South,Paid Ads,0.9174362,High,7547.54,Low,Mid-Value Occasional Shoppers,6924.386416948
C105767,South,Paid Ads,0.041628726,Low,269598.84,Very High,Mid-Value Occasional Shoppers,11223.05624027784
C105768,North,Referral,0.0009161195,Low,641853.48,Very High,High-Value Loyalists,588.01448917086
C105769,North,Social Media,0.6550074,High,28582.56,Medium,Mid-Value Occasional Shoppers,18721.788310944
C105770,North,Paid Ads,0.9289887,High,788.43,Low,Low-Engagement / Dormant,732.442560741
C105772,North,Paid Ads,0.85232514,High,11987.28,Medium,Mid-Value Occasional Shoppers,10217.0601042192
C105773,West,Paid Ads,0.009329592,Low,314563.63,Very High,Mid-Value Occasional Shoppers,2934.75032593896
C105774,South,Social Media,0.07067277,Low,107108.29,High,Mid-Value Occasional Shoppers,7569.639544263299
C105775,East,Paid Ads,0.7602835,High,9618.93,Medium,Mid-Value Occasional Shoppers,7313.113766655
C105776,Central,Direct,0.03983407,Low,100340.65,High,Low-Engagement / Dormant,3996.9764759455
C105777,Central,Paid Ads,0.11762824,Low,170124.45,High,Mid-Value Occasional Shoppers,20011.439634468
C105778,South,Direct,0.47267997,Medium,40712.01,Medium,Mid-Value Occasional Shoppers,19243.7516654397
C105779,Central,Email Marketing,0.9673761,High,376.61,Low,Low-Engagement / Dormant,364.323513021
C105780,South,Email Marketing,0.006956953,Low,520144.32,Very High,High-Value Loyalists,3618.61958745696
C105781,West,Referral,0.053386413,Low,204453.51,High,Mid-Value Occasional Shoppers,10915.03952415963
C105782,North,Social Media,0.0022383204,Low,554336.58,Very High,High-Value Loyalists,1240.782875480232
C105783,East,Social Media,0.93385977,High,1475.42,Low,Low-Engagement / Dormant,1377.8353818534
C105784,West,Social Media,0.73735297,High,7074.23,Low,Low-Engagement / Dormant,5216.204500963099
C105785,West,Organic Search,0.3533613,Medium,53430.86,High,Mid-Value Occasional Shoppers,18880.398149718
C105786,West,Organic Search,0.9574876,High,510.13,Low,Low-Engagement / Dormant,488.443149388
C105787,South,Organic Search,0.0007598788,Low,578882.23,Very High,High-Value Loyalists,439.880334273724
C105788,Central,Referral,0.43755433,Medium,41294.23,Medium,Mid-Value Occasional Shoppers,18068.469140515903
C105789,South,Organic Search,0.97057897,High,1488.42,Low,Low-Engagement / Dormant,1444.6291505274
C105790,North,Social Media,0.06791061,Low,161678.84,High,Mid-Value Occasional Shoppers,10979.708648492398
C105791,North,Organic Search,0.0006190325,Low,627814.12,Very High,High-Value Loyalists,388.6373442389
C105792,North,Organic Search,0.9140338,High,2650.71,Low,Low-Engagement / Dormant,2422.838533998
C105793,North,Social Media,0.057399027,Low,135430.88,High,Mid-Value Occasional Shoppers,7773.60073775376
C105794,West,Email Marketing,0.37942132,Medium,38197.72,Medium,Mid-Value Occasional Shoppers,14493.0293433904
C105795,North,Paid Ads,0.84513944,High,5385.17,Low,Mid-Value Occasional Shoppers,4551.2195581048
C105796,East,Email Marketing,0.9284051,High,4795.65,Low,Low-Engagement / Dormant,4452.305917815
C105797,North,Organic Search,0.4779694,Medium,31146.42,Medium,Mid-Value Occasional Shoppers,14887.035679547998
C105798,West,Paid Ads,0.31109247,Medium,85859.76,High,Mid-Value Occasional Shoppers,26710.3248120072
C105799,South,Organic Search,0.97618073,High,297.4,Low,Low-Engagement / Dormant,290.316149102
C105800,South,Paid Ads,0.9646622,High,1490.07,Low,Low-Engagement / Dormant,1437.414204354
C105801,East,Organic Search,0.00064274954,Low,558189.17,Very High,High-Value Loyalists,358.7758322504818
C105802,Central,Organic Search,0.00062412163,Low,583405.67,Very High,Mid-Value Occasional Shoppers,364.11609771164217
C105803,Central,Referral,0.91438407,High,4789.55,Low,Mid-Value Occasional Shoppers,4379.4882224685
C105805,Central,Organic Search,0.63976204,High,24673.15,Medium,Mid-Value Occasional Shoppers,15784.944777226
C105806,East,Email Marketing,0.8602326,High,5294.28,Low,Mid-Value Occasional Shoppers,4554.312249528
C105807,Central,Referral,0.19883761,Low,93860.95,High,Low-Engagement / Dormant,18663.0869703295
C105808,North,Paid Ads,0.8856487,High,4219.75,Low,Mid-Value Occasional Shoppers,3737.216101825
C105809,North,Paid Ads,0.98917437,High,282.27,Low,Low-Engagement / Dormant,279.2142494199
C105810,North,Paid Ads,0.20645522,Low,106102.2,High,Low-Engagement / Dormant,21905.353043484
C105812,North,Paid Ads,0.0010079608,Low,658046.95,Very High,High-Value Loyalists,663.28553015956
C105813,North,Organic Search,0.0014796695,Low,517729.32,Very High,High-Value Loyalists,766.06828405974
C105814,East,Organic Search,0.6674941,High,13109.54,Medium,Mid-Value Occasional Shoppers,8750.540603714
C105815,Central,Paid Ads,0.0016199889,Low,777564.48,Very High,Mid-Value Occasional Shoppers,1259.645826634272
C105816,East,Paid Ads,0.35335082,Medium,54976.92,High,Mid-Value Occasional Shoppers,19426.1397630744
C105817,West,Social Media,0.27346104,Low,67257.37,High,Mid-Value Occasional Shoppers,18392.2703478648
C105818,North,Direct,0.60311115,High,11715.13,Medium,Mid-Value Occasional Shoppers,7065.5255266995
C105819,Central,Organic Search,0.31322148,Medium,70454.89,High,Mid-Value Occasional Shoppers,22067.9849190372
C105820,North,Paid Ads,0.6541563,High,14478.04,Medium,Mid-Value Occasional Shoppers,9470.901077652
C105821,South,Organic Search,0.6078265,High,18310.45,Medium,Mid-Value Occasional Shoppers,11129.576736925
C105822,South,Paid Ads,0.98745835,High,470.17,Low,Low-Engagement / Dormant,464.2732924195
C105823,North,Social Media,0.5987604,Medium,41585.72,Medium,Mid-Value Occasional Shoppers,24899.882341488
C105824,West,Direct,0.8828675,High,7076.5,Low,Mid-Value Occasional Shoppers,6247.61186375
C105825,West,Referral,0.8410457,High,3131.8,Low,Low-Engagement / Dormant,2633.9869232600004
C105826,North,Organic Search,0.0011459668,Low,607639.19,Very High,High-Value Loyalists,696.334338118892
C105827,North,Email Marketing,0.92688495,High,3170.85,Low,Low-Engagement / Dormant,2939.0131437075
C105829,North,Organic Search,0.9716698,High,843.94,Low,Low-Engagement / Dormant,820.031011012
C105830,Central,Direct,0.8395046,High,9409.45,Medium,Mid-Value Occasional Shoppers,7899.276558470001
C105831,East,Referral,0.00082519464,Low,448628.03,Very High,Mid-Value Occasional Shoppers,370.2054457097592
C105832,North,Referral,0.93735456,High,1405.68,Low,Low-Engagement / Dormant,1317.6205579008
C105833,North,Paid Ads,0.3422069,Medium,38061.34,Medium,Mid-Value Occasional Shoppers,13024.853171246
C105834,West,Organic Search,0.0011579434,Low,835739.69,Very High,High-Value Loyalists,967.7392581535458
C105835,West,Referral,0.0006584197,Low,481823.0,Very High,High-Value Loyalists,317.2417551131
C105836,Central,Paid Ads,0.0009628747,Low,748378.56,Very High,High-Value Loyalists,720.5947814464321
C105837,North,Direct,0.7964382,High,49225.07,High,Mid-Value Occasional Shoppers,39204.726145674
C105838,East,Organic Search,0.52222633,Medium,23720.68,Medium,Mid-Value Occasional Shoppers,12387.5636615044
C105839,North,Paid Ads,0.97225046,High,627.75,Low,Low-Engagement / Dormant,610.3302262650001
C105840,West,Referral,0.38374776,Medium,78583.96,High,Mid-Value Occasional Shoppers,30156.418621929603
C105841,South,Social Media,0.69429755,High,21088.11,Medium,Mid-Value Occasional Shoppers,14641.423107130502
C105842,West,Paid Ads,0.963947,High,477.35,Low,Low-Engagement / Dormant,460.14010045
C105843,North,Referral,0.008269357,Low,356492.0,Very High,Mid-Value Occasional Shoppers,2947.959615644
C105844,West,Referral,0.9496065,High,1185.94,Low,Low-Engagement / Dormant,1126.17633261
C105845,North,Social Media,0.8094262,High,10242.22,Medium,Mid-Value Occasional Shoppers,8290.321214164
C105846,West,Paid Ads,0.00049864163,Low,560954.25,Very High,High-Value Loyalists,279.7151415754275
C105847,North,Social Media,0.98178977,High,370.26,Low,Low-Engagement / Dormant,363.5174802402
C105848,West,Social Media,0.0019087809,Low,756651.17,Very High,High-Value Loyalists,1444.281301258653
C105849,North,Referral,0.4374043,Medium,38151.24,Medium,Mid-Value Occasional Shoppers,16687.516426332
C105850,West,Social Media,0.0011054629,Low,553863.33,Very High,High-Value Loyalists,612.275362985457
C105851,West,Paid Ads,0.019301722,Low,396781.8,Very High,High-Value Loyalists,7658.5719982596
C105852,South,Organic Search,0.6429691,High,8291.66,Low,Mid-Value Occasional Shoppers,5331.281167706
C105853,South,Organic Search,0.007053024,Low,305338.01,Very High,Mid-Value Occasional Shoppers,2153.55631264224
C105854,South,Paid Ads,0.060317148,Low,233940.51,Very High,Mid-Value Occasional Shoppers,14110.62436486548
C105855,South,Social Media,0.80318946,High,15666.07,Medium,Mid-Value Occasional Shoppers,12582.8223036222
C105856,East,Referral,0.0076839896,Low,338043.79,Very High,Mid-Value Occasional Shoppers,2597.524966704584
C105857,North,Direct,0.051817942,Low,161512.36,High,Mid-Value Occasional Shoppers,8369.23810276312
C105858,North,Social Media,0.00077599054,Low,577546.58,Very High,High-Value Loyalists,448.1706824893532
C105859,South,Referral,0.77451146,High,2217.68,Low,Low-Engagement / Dormant,1717.6185746128
C105860,South,Social Media,0.97259796,High,391.58,Low,Low-Engagement / Dormant,380.8499091768
C105862,West,Social Media,0.0034061442,Low,521874.2,Very High,Mid-Value Occasional Shoppers,1777.57877945964
C105863,North,Paid Ads,0.007623926,Low,350543.48,Very High,Mid-Value Occasional Shoppers,2672.51755130248
C105865,West,Email Marketing,0.92009586,High,2169.51,Low,Low-Engagement / Dormant,1996.1571692286
C105866,South,Social Media,0.05365883,Low,269924.35,Very High,Mid-Value Occasional Shoppers,14483.824809510495
C105867,Central,Organic Search,0.8589275,High,5608.1,Low,Mid-Value Occasional Shoppers,4816.95131275
C105868,East,Social Media,0.14436029,Low,436284.75,Very High,Mid-Value Occasional Shoppers,62982.1930325775
C105869,East,Direct,0.9545209,High,1714.98,Low,Low-Engagement / Dormant,1636.984253082
C105870,South,Organic Search,0.16796573,Low,67199.37,High,Mid-Value Occasional Shoppers,11287.1912375901
C105871,West,Direct,0.22821008,Low,78325.37,High,Low-Engagement / Dormant,17874.638953729598
C105872,North,Direct,0.0012016526,Low,551559.54,Very High,High-Value Loyalists,662.7829552958041
C105873,East,Social Media,0.18813725,Low,233655.43,Very High,Mid-Value Occasional Shoppers,43959.2900477675
C105874,North,Paid Ads,0.70763177,High,11789.26,Medium,Mid-Value Occasional Shoppers,8342.4549207902
C105875,South,Organic Search,0.0017757508,Low,459117.98,Very High,High-Value Loyalists,815.279120279384
C105876,East,Organic Search,0.06829301,Low,285948.97,Very High,Mid-Value Occasional Shoppers,19528.315867699697
C105878,North,Referral,0.9356927,High,5990.46,Low,Mid-Value Occasional Shoppers,5605.229691642
C105879,West,Direct,0.8131749,High,20091.18,Medium,Mid-Value Occasional Shoppers,16337.643287382
C105880,South,Organic Search,0.9556842,High,943.55,Low,Low-Engagement / Dormant,901.73582691
C105881,North,Paid Ads,0.78915733,High,16972.36,Medium,Mid-Value Occasional Shoppers,13393.8623013988
C105882,South,Social Media,0.51988626,Medium,46542.15,High,Mid-Value Occasional Shoppers,24196.624295859005
C105883,Central,Paid Ads,0.8535515,High,24064.52,Medium,Low-Engagement / Dormant,20540.30714278
C105884,West,Social Media,0.7953414,High,11914.66,Medium,Mid-Value Occasional Shoppers,9476.222364924
C105885,East,Direct,0.8826982,High,9874.48,Medium,Mid-Value Occasional Shoppers,8716.185721935999
C105886,West,Paid Ads,0.0004055336,Low,770343.89,Very High,High-Value Loyalists,312.400330949704
C105887,West,Organic Search,0.0698606,Low,122388.11,High,Mid-Value Occasional Shoppers,8550.106797466
C105888,West,Social Media,0.00080298603,Low,765466.97,Very High,High-Value Loyalists,614.6592833364291
C105889,East,Organic Search,0.71340775,High,10899.2,Medium,Low-Engagement / Dormant,7775.5737488
C105890,Central,Direct,0.98699874,High,320.56,Low,Low-Engagement / Dormant,316.3923160944
C105891,East,Direct,0.08390398,Low,222493.36,Very High,Mid-Value Occasional Shoppers,18668.0784275728
C105892,South,Organic Search,0.26240483,Low,104108.75,High,Mid-Value Occasional Shoppers,27318.638845262496
C105893,North,Social Media,0.1376165,Low,148135.83,High,Mid-Value Occasional Shoppers,20385.934449195
C105894,North,Referral,0.09994673,Low,150735.63,High,Mid-Value Occasional Shoppers,15065.5333129899
C105895,East,Paid Ads,0.54625267,Medium,31820.05,Medium,Mid-Value Occasional Shoppers,17381.7872720335
C105896,Central,Paid Ads,0.4763823,Medium,40380.41,Medium,Mid-Value Occasional Shoppers,19236.512590743
C105897,West,Direct,0.19471358,Low,22713.17,Medium,Low-Engagement / Dormant,4422.5626438486
C105898,West,Organic Search,0.08414853,Low,326093.42,Very High,Mid-Value Occasional Shoppers,27440.2819356726
C105899,West,Social Media,0.69287974,High,34772.8,Medium,Mid-Value Occasional Shoppers,24093.368623072
C105900,Central,Organic Search,0.91205305,High,1303.63,Low,Low-Engagement / Dormant,1188.9797175715
C105901,West,Paid Ads,0.007048905,Low,544098.33,Very High,High-Value Loyalists,3835.29743882865
C105902,South,Email Marketing,0.1377184,Low,105388.89,High,Mid-Value Occasional Shoppers,14513.989308576
C105903,East,Referral,0.00166805,Low,501234.79,Very High,Mid-Value Occasional Shoppers,836.0846914594999
C105904,South,Social Media,0.4895595,Medium,101679.07,High,Mid-Value Occasional Shoppers,49777.954669665
C105905,North,Organic Search,0.66079724,High,14692.55,Medium,Mid-Value Occasional Shoppers,9708.796488562
C105906,North,Email Marketing,0.6280541,High,13901.02,Medium,Low-Engagement / Dormant,8730.592605181999
C105907,South,Paid Ads,0.0040030205,Low,682208.11,Very High,High-Value Loyalists,2730.893049596255
C105908,North,Social Media,0.17006005,Low,262272.51,Very High,Mid-Value Occasional Shoppers,44602.0761642255
C105909,North,Organic Search,0.5600258,Medium,12081.46,Medium,Mid-Value Occasional Shoppers,6765.929301667999
C105910,Central,Social Media,0.0053880773,Low,732085.42,Very High,High-Value Loyalists,3944.532833162967
C105911,South,Social Media,0.03193782,Low,173112.21,High,High-Value Loyalists,5528.826602782199
C105913,North,Social Media,0.23562044,Low,113767.27,High,Mid-Value Occasional Shoppers,26805.8942149988
C105914,Central,Paid Ads,0.63468313,High,24885.34,Medium,Mid-Value Occasional Shoppers,15794.3054823142
C105915,West,Referral,0.7790072,High,16984.81,Medium,Mid-Value Occasional Shoppers,13231.289280632
C105916,Central,Social Media,0.19669695,Low,112418.93,High,Mid-Value Occasional Shoppers,22112.4606532635
C105917,East,Email Marketing,0.439269,Medium,28246.23,Medium,Mid-Value Occasional Shoppers,12407.69320587
C105918,East,Organic Search,0.042722188,Low,145594.19,High,Mid-Value Occasional Shoppers,6220.10235688772
C105919,South,Organic Search,0.34121415,Medium,37529.18,Medium,Mid-Value Occasional Shoppers,12805.487253897
C105920,South,Organic Search,0.9043712,High,1063.66,Low,Low-Engagement / Dormant,961.9434705920002
C105921,West,Organic Search,0.0043713385,Low,252937.45,Very High,Mid-Value Occasional Shoppers,1105.6752132768252
C105922,North,Social Media,0.31144738,Medium,54317.52,High,Low-Engagement / Dormant,16917.0492920976
C105923,North,Organic Search,0.0008819742,Low,804526.35,Very High,High-Value Loyalists,709.57148392017
C105924,Central,Organic Search,0.9765851,High,497.86,Low,Low-Engagement / Dormant,486.202657886
C105925,North,Paid Ads,0.11765235,Low,124945.36,High,Mid-Value Occasional Shoppers,14700.115225596
C105926,West,Social Media,0.51113695,Medium,37316.01,Medium,Low-Engagement / Dormant,19073.591537569504
C105927,North,Referral,0.5990581,Medium,33312.7,Medium,Mid-Value Occasional Shoppers,19956.24276787
C105928,South,Paid Ads,0.05126294,Low,326071.52,Very High,Mid-Value Occasional Shoppers,16715.3847654688
C105929,South,Direct,0.98823345,High,289.82,Low,Low-Engagement / Dormant,286.409818479
C105930,East,Organic Search,0.02215267,Low,497112.62,Very High,High-Value Loyalists,11012.3718236954
C105931,West,Social Media,0.3546189,Medium,97121.02,High,Low-Engagement / Dormant,34440.949279278
C105932,Central,Organic Search,0.20804171,Low,77138.35,High,Mid-Value Occasional Shoppers,16047.9942405785
C105933,North,Email Marketing,0.8992463,High,1265.03,Low,Low-Engagement / Dormant,1137.573546889
C105934,South,Organic Search,0.8119668,High,10530.51,Medium,Mid-Value Occasional Shoppers,8550.424507068
C105935,West,Direct,0.98411155,High,354.29,Low,Low-Engagement / Dormant,348.6608810495
C105936,North,Referral,0.47328183,Medium,30252.83,Medium,Mid-Value Occasional Shoppers,14318.1147450789
C105937,North,Social Media,0.92557454,High,2406.75,Low,Mid-Value Occasional Shoppers,2227.626524145
C105938,East,Social Media,0.4099385,Medium,15161.19,Medium,Mid-Value Occasional Shoppers,6215.155486815
C105939,West,Paid Ads,0.979194,High,328.16,Low,Low-Engagement / Dormant,321.33230304
C105940,South,Organic Search,0.9735607,High,441.54,Low,Low-Engagement / Dormant,429.865991478
C105941,North,Email Marketing,0.71025217,High,29538.65,Medium,Mid-Value Occasional Shoppers,20979.8902613705
C105942,Central,Referral,0.00085907086,Low,467783.82,Very High,High-Value Loyalists,401.8594485414852
C105943,Central,Organic Search,0.0006225986,Low,657706.64,Very High,High-Value Loyalists,409.487233274704
C105944,East,Organic Search,0.1283487,Low,123553.5,High,Mid-Value Occasional Shoppers,15857.93110545
C105945,West,Paid Ads,0.6151098,High,29099.86,Medium,Mid-Value Occasional Shoppers,17899.609064628003
C105946,Central,Referral,0.005118037,Low,451292.0,Very High,Mid-Value Occasional Shoppers,2309.729153804
C105947,East,Social Media,0.71275896,High,17589.98,Medium,Mid-Value Occasional Shoppers,12537.4158512208
C105948,West,Social Media,0.3113027,Medium,70996.6,High,Low-Engagement / Dormant,22101.43327082
C105949,East,Organic Search,0.20502445,Low,103397.83,High,Mid-Value Occasional Shoppers,21199.0832269435
C105950,North,Direct,0.98491687,High,649.51,Low,Low-Engagement / Dormant,639.7133562337
C105951,West,Organic Search,0.8229134,High,5678.57,Low,Mid-Value Occasional Shoppers,4672.971345838
C105952,West,Paid Ads,0.23571877,Low,70868.49,High,Mid-Value Occasional Shoppers,16705.0332945573
C105953,South,Direct,0.5844181,Medium,23610.21,Medium,Mid-Value Occasional Shoppers,13798.234068801
C105954,East,Referral,0.89156294,High,7003.36,Low,Mid-Value Occasional Shoppers,6243.9362314784
C105955,West,Social Media,0.7926043,High,12718.87,Medium,Mid-Value Occasional Shoppers,10081.031053141
C105956,South,Email Marketing,0.023337668,Low,316119.18,Very High,High-Value Loyalists,7377.48447127224
C105957,West,Organic Search,0.7391915,High,12787.48,Medium,Low-Engagement / Dormant,9452.39652242
C105958,North,Organic Search,0.33607632,Medium,41816.6,Medium,Mid-Value Occasional Shoppers,14053.569042912
C105959,East,Organic Search,0.0008355777,Low,493196.38,Very High,High-Value Loyalists,412.1038968487261
C105960,Central,Organic Search,0.2961476,Low,39344.12,Medium,Mid-Value Occasional Shoppers,11651.666712112
C105961,Central,Referral,0.5795471,Medium,31360.89,Medium,Mid-Value Occasional Shoppers,18175.112852919
C105962,Central,Social Media,0.16366436,Low,136311.93,High,Mid-Value Occasional Shoppers,22309.4047838148
C105963,West,Paid Ads,0.2005856,Low,92517.44,High,Mid-Value Occasional Shoppers,18557.666212864
C105964,East,Referral,0.0020554604,Low,663339.79,Very High,High-Value Loyalists,1363.468670089316
C105965,West,Paid Ads,0.0023209355,Low,627067.78,Very High,Mid-Value Occasional Shoppers,1455.38387150819
C105966,South,Organic Search,0.27000952,Low,54574.71,High,Mid-Value Occasional Shoppers,14735.6912512392
C105967,East,Paid Ads,0.26774362,Low,60066.28,High,Mid-Value Occasional Shoppers,16082.3632471336
C105968,East,Referral,0.87151,High,3282.6,Low,Mid-Value Occasional Shoppers,2860.818726
C105969,East,Paid Ads,0.9810146,High,515.07,Low,Low-Engagement / Dormant,505.291190022
C105970,South,Direct,0.14030543,Low,158781.59,High,Mid-Value Occasional Shoppers,22277.9192610337
C105971,South,Email Marketing,0.96025026,High,8869.39,Low,Low-Engagement / Dormant,8516.834053541399
C105972,South,Referral,0.7178152,High,5940.14,Low,Mid-Value Occasional Shoppers,4263.922782128
C105973,North,Referral,0.97419083,High,460.07,Low,Low-Engagement / Dormant,448.1959751581
C105974,South,Social Media,0.072219774,Low,352029.06,Very High,Low-Engagement / Dormant,25423.45915463244
C105975,North,Email Marketing,0.11912683,Low,178024.26,High,High-Value Loyalists,21207.465756895803
C105976,Central,Social Media,0.9919512,High,398.58,Low,Low-Engagement / Dormant,395.371909296
C105977,North,Paid Ads,0.14616795,Low,101658.98,High,Mid-Value Occasional Shoppers,14859.284705690998
C105978,West,Organic Search,0.0013035068,Low,650574.97,Very High,High-Value Loyalists,848.0288973047959
C105979,South,Email Marketing,0.33985382,Medium,33756.57,Medium,Mid-Value Occasional Shoppers,11472.2992645974
C105980,Central,Paid Ads,0.6924334,High,27480.64,Medium,Mid-Value Occasional Shoppers,19028.512989376
C105981,West,Referral,0.9076036,High,8518.08,Low,Mid-Value Occasional Shoppers,7731.040073087999
C105982,Central,Direct,0.37411153,Medium,68909.77,High,Mid-Value Occasional Shoppers,25779.9394866481
C105983,Central,Paid Ads,0.84099346,High,9677.23,Medium,Mid-Value Occasional Shoppers,8138.487140915799
C105984,West,Paid Ads,0.30252108,Medium,111840.77,High,Low-Engagement / Dormant,33834.1905284316
C105985,North,Organic Search,0.60032856,High,2365.66,Low,Low-Engagement / Dormant,1420.1732612496
C105986,East,Paid Ads,0.03272526,Low,169021.69,High,Mid-Value Occasional Shoppers,5531.2787508894
C105987,South,Social Media,0.0026168497,Low,642493.55,Very High,Mid-Value Occasional Shoppers,1681.309053569435
C105988,Central,Paid Ads,0.7357026,High,4444.26,Low,Mid-Value Occasional Shoppers,3269.653637076
C105989,Central,Paid Ads,0.5326109,Medium,27575.62,Medium,Mid-Value Occasional Shoppers,14687.075786258
C105990,South,Social Media,0.34964475,Medium,79108.45,High,Mid-Value Occasional Shoppers,27659.8542231375
C105991,West,Organic Search,0.2525815,Low,103955.11,High,Mid-Value Occasional Shoppers,26257.137616465003
C105992,South,Organic Search,0.7527724,High,9107.96,Low,Mid-Value Occasional Shoppers,6856.220908304
C105993,West,Organic Search,0.460863,Medium,36858.23,Medium,Mid-Value Occasional Shoppers,16986.59445249
C105994,East,Email Marketing,0.9039839,High,4890.94,Low,Mid-Value Occasional Shoppers,4421.331015866
C105995,East,Organic Search,0.15925641,Low,71718.67,High,Mid-Value Occasional Shoppers,11421.6579141747
C105996,Central,Organic Search,0.07936423,Low,261359.7,Very High,Mid-Value Occasional Shoppers,20742.611343531
C105997,South,Paid Ads,0.5021327,Medium,39345.75,Medium,Mid-Value Occasional Shoppers,19756.787681025
C105998,West,Referral,0.9708827,High,385.69,Low,Low-Engagement / Dormant,374.459748563
C105999,West,Referral,0.08528493,Low,225428.4,Very High,Mid-Value Occasional Shoppers,19225.645314012
C106000,South,Paid Ads,0.02769058,Low,284398.99,Very High,Mid-Value Occasional Shoppers,7875.1729845142
C106001,South,Social Media,0.93090713,High,6798.78,Low,Mid-Value Occasional Shoppers,6329.0327773014
C106002,North,Referral,0.78452075,High,14933.58,Medium,Mid-Value Occasional Shoppers,11715.703381785
C106003,East,Email Marketing,0.6962102,High,21140.44,Medium,Mid-Value Occasional Shoppers,14718.189960488
C106004,Central,Social Media,0.73333496,High,20842.53,Medium,Mid-Value Occasional Shoppers,15284.5559038488
C106005,North,Referral,0.9296649,High,1451.55,Low,Low-Engagement / Dormant,1349.455085595
C106006,North,Organic Search,0.7849224,High,6269.8,Low,Mid-Value Occasional Shoppers,4921.30646352
C106007,East,Paid Ads,0.0013422896,Low,725277.31,Very High,High-Value Loyalists,973.532190328976
C106008,South,Email Marketing,0.030978108,Low,269604.5,Very High,High-Value Loyalists,8351.837318286
C106009,South,Organic Search,0.17297578,Low,69378.27,High,Mid-Value Occasional Shoppers,12000.7603683006
C106010,East,Paid Ads,0.0024851393,Low,783089.71,Very High,High-Value Loyalists,1946.087013746603
C106011,South,Social Media,0.16450062,Low,98446.79,High,Low-Engagement / Dormant,16194.557992009795
C106012,West,Email Marketing,0.04356552,Low,131672.08,High,Mid-Value Occasional Shoppers,5736.3626346816
C106013,South,Organic Search,0.0009017448,Low,693906.16,Very High,High-Value Loyalists,625.726271467968
C106014,East,Email Marketing,0.33822343,Medium,39280.3,Medium,Low-Engagement / Dormant,13285.517797429
C106015,South,Organic Search,0.11481604,Low,140745.84,High,Mid-Value Occasional Shoppers,16159.8799952736
C106016,South,Email Marketing,0.8289481,High,27570.76,Medium,Mid-Value Occasional Shoppers,22854.729117556
C106017,East,Email Marketing,0.7939355,High,13987.89,Medium,Mid-Value Occasional Shoppers,11105.482441095
C106018,West,Referral,0.13940081,Low,134180.44,High,Mid-Value Occasional Shoppers,18704.8620221564
C106019,Central,Direct,0.027957477,Low,239255.78,Very High,Mid-Value Occasional Shoppers,6688.987966467061
C106020,North,Direct,0.54272664,Medium,33531.55,Medium,Mid-Value Occasional Shoppers,18198.465465492
C106021,East,Direct,0.67264444,High,23822.94,Medium,Mid-Value Occasional Shoppers,16024.3681354536
C106022,East,Social Media,0.14983605,Low,89836.13,High,Mid-Value Occasional Shoppers,13460.6908664865
C106023,North,Paid Ads,0.9405297,High,2800.53,Low,Low-Engagement / Dormant,2633.9816407410003
C106024,West,Organic Search,0.5050391,Medium,34165.89,Medium,Mid-Value Occasional Shoppers,17255.110336299
C106025,South,Organic Search,0.054137852,Low,280678.44,Very High,Mid-Value Occasional Shoppers,15195.32784431088
C106026,Central,Social Media,0.30215067,Medium,46906.89,High,Mid-Value Occasional Shoppers,14172.9482411163
C106027,East,Organic Search,0.22527337,Low,77505.24,High,Mid-Value Occasional Shoppers,17459.8666074588
C106028,North,Direct,0.6513385,High,3903.82,Low,Low-Engagement / Dormant,2542.70826307
C106030,North,Organic Search,0.97644264,High,349.92,Low,Low-Engagement / Dormant,341.67680858880004
C106031,West,Organic Search,0.90773875,High,3525.5,Low,Low-Engagement / Dormant,3200.232963125
C106032,West,Organic Search,0.0010775586,Low,623246.48,Very High,High-Value Loyalists,671.5846044437279
C106033,East,Organic Search,0.17401381,Low,170038.21,High,Mid-Value Occasional Shoppers,29588.9967676801
C106034,South,Social Media,0.7914536,High,11666.63,Medium,Mid-Value Occasional Shoppers,9233.596313368
C106035,South,Paid Ads,0.07030408,Low,337130.02,Very High,Mid-Value Occasional Shoppers,23701.6158964816
C106036,East,Email Marketing,0.6884509,High,30569.55,Medium,Mid-Value Occasional Shoppers,21045.634210095
C106037,West,Paid Ads,0.30063942,Medium,41768.8,Medium,Mid-Value Occasional Shoppers,12557.347806096
C106038,East,Referral,0.95094824,High,10631.36,Medium,Mid-Value Occasional Shoppers,10109.8730808064
C106039,South,Referral,0.0030596969,Low,861179.32,Very High,High-Value Loyalists,2634.947695748108
C106040,West,Organic Search,0.0011564603,Low,581753.46,Very High,High-Value Loyalists,672.774780877638
C106041,West,Organic Search,0.9219914,High,4196.45,Low,Low-Engagement / Dormant,3869.09081053
C106043,South,Referral,0.033487048,Low,232765.37,Very High,Mid-Value Occasional Shoppers,7794.62511792776
C106044,East,Organic Search,0.29490113,Low,74004.17,High,Low-Engagement / Dormant,21823.9133577121
C106045,South,Social Media,0.4337392,Medium,68942.88,High,Low-Engagement / Dormant,29903.229616896
C106046,West,Paid Ads,0.0026484192,Low,463494.82,Very High,Mid-Value Occasional Shoppers,1227.528580388544
C106047,West,Organic Search,0.0020463227,Low,701771.67,Very High,High-Value Loyalists,1436.0512985379091
C106048,Central,Organic Search,0.12796117,Low,115088.28,High,High-Value Loyalists,14726.8309620876
C106049,North,Referral,0.0007008757,Low,583195.84,Very High,High-Value Loyalists,408.747792597088
C106050,West,Paid Ads,0.06472957,Low,88050.29,High,Mid-Value Occasional Shoppers,5699.4574100753
C106051,Central,Social Media,0.9750532,High,893.88,Low,Low-Engagement / Dormant,871.5805544159999
C106052,North,Organic Search,0.9608007,High,1251.1,Low,Low-Engagement / Dormant,1202.05775577
C106053,North,Organic Search,0.37603,Medium,45810.94,High,Mid-Value Occasional Shoppers,17226.2877682
C106054,North,Organic Search,0.00087566243,Low,575459.09,Very High,High-Value Loyalists,503.9079051149887
C106056,South,Email Marketing,0.0109431995,Low,373163.54,Very High,Mid-Value Occasional Shoppers,4083.60306434623
C106057,North,Referral,0.0008476998,Low,704275.98,Very High,High-Value Loyalists,597.014607390804
C106058,East,Organic Search,0.94412404,High,2482.06,Low,Mid-Value Occasional Shoppers,2343.3725147224
C106059,West,Organic Search,0.9051056,High,2975.6,Low,Low-Engagement / Dormant,2693.23222336
C106060,Central,Organic Search,0.080443755,Low,253772.62,Very High,Mid-Value Occasional Shoppers,20414.4224689881
C106061,West,Email Marketing,0.17606287,Low,111977.4,High,Low-Engagement / Dormant,19715.062419138
C106062,Central,Social Media,0.42206386,Medium,66276.68,High,Mid-Value Occasional Shoppers,27972.9913887848
C106063,East,Email Marketing,0.975243,High,621.36,Low,Low-Engagement / Dormant,605.97699048
C106064,West,Paid Ads,0.13126767,Low,184440.43,High,Mid-Value Occasional Shoppers,24211.0654998981
C106065,South,Social Media,0.59324527,Medium,20191.66,Medium,Mid-Value Occasional Shoppers,11978.6067884482
C106066,Central,Social Media,0.8607334,High,1100.17,Low,Low-Engagement / Dormant,946.953064678
C106067,Central,Social Media,0.09420402,Low,57540.44,High,Low-Engagement / Dormant,5420.540760568801
C106068,West,Paid Ads,0.0006458296,Low,976730.45,Very High,High-Value Loyalists,630.80143583132
C106069,South,Organic Search,0.70982915,High,21393.68,Medium,Mid-Value Occasional Shoppers,15185.857689772
C106070,South,Paid Ads,0.2302086,Low,115707.68,High,Mid-Value Occasional Shoppers,26636.903022048
C106071,South,Direct,0.432187,Medium,50533.91,High,Mid-Value Occasional Shoppers,21840.09896117
C106072,North,Organic Search,0.85720307,High,14712.44,Medium,Mid-Value Occasional Shoppers,12611.5487351908
C106073,North,Referral,0.006788064,Low,298743.2,Very High,Mid-Value Occasional Shoppers,2027.8879611648
C106074,South,Direct,0.1330786,Low,154914.56,High,Mid-Value Occasional Shoppers,20615.812764416
C106075,North,Social Media,0.25682238,Low,67877.3,High,Mid-Value Occasional Shoppers,17432.409733974
C106076,Central,Paid Ads,0.0005098466,Low,716139.79,Very High,High-Value Loyalists,365.121437056214
C106077,East,Organic Search,0.04053777,Low,58320.65,High,Low-Engagement / Dormant,2364.1890959505
C106078,West,Referral,0.8084797,High,6532.23,Low,Low-Engagement / Dormant,5281.175350731
C106079,South,Email Marketing,0.0605862,Low,326916.82,Very High,Mid-Value Occasional Shoppers,19806.647839884
C106080,North,Direct,0.49102086,Medium,30072.54,Medium,Mid-Value Occasional Shoppers,14766.2444531844
C106081,South,Organic Search,0.52146274,Medium,83433.02,High,Mid-Value Occasional Shoppers,43507.2112156748
C106082,Central,Direct,0.81047964,High,8148.61,Low,Mid-Value Occasional Shoppers,6604.2824993004
C106083,North,Paid Ads,0.69807905,High,19295.91,Medium,Mid-Value Occasional Shoppers,13470.0705216855
C106084,West,Social Media,0.0009940256,Low,649305.71,Very High,High-Value Loyalists,645.4264979661759
C106085,North,Organic Search,0.0017591696,Low,1096857.85,Very High,High-Value Loyalists,1929.55898524136
C106086,South,Organic Search,0.19577777,Low,122556.06,High,Mid-Value Occasional Shoppers,23993.7521267862
C106087,North,Social Media,0.32595727,Medium,28441.68,Medium,Mid-Value Occasional Shoppers,9270.7723670136
C106088,East,Paid Ads,0.026825465,Low,351816.64,Very High,Mid-Value Occasional Shoppers,9437.6449627376
C106089,North,Direct,0.8083827,High,14558.19,Medium,Mid-Value Occasional Shoppers,11768.588939313
C106090,Central,Organic Search,0.5564708,Medium,24882.17,Medium,Mid-Value Occasional Shoppers,13846.201045636
C106091,North,Email Marketing,0.06585849,Low,121947.72,High,Mid-Value Occasional Shoppers,8031.292698142801
C106093,North,Organic Search,0.8409566,High,4147.02,Low,Low-Engagement / Dormant,3487.4638393320006
C106094,Central,Organic Search,0.7841819,High,4346.37,Low,Mid-Value Occasional Shoppers,3408.344684703
C106095,East,Referral,0.012191819,Low,465516.96,Very High,Mid-Value Occasional Shoppers,5675.49851775024
C106096,East,Email Marketing,0.43699515,Medium,35863.81,Medium,Mid-Value Occasional Shoppers,15672.3110305215
C106097,East,Organic Search,0.23753034,Low,37539.1,Medium,Mid-Value Occasional Shoppers,8916.675186294
C106098,Central,Paid Ads,0.005738718,Low,339415.01,Very High,Mid-Value Occasional Shoppers,1947.80702735718
C106099,North,Paid Ads,0.035669915,Low,225832.18,Very High,High-Value Loyalists,8055.4146648647
C106100,West,Social Media,0.47860354,Medium,72232.64,High,Mid-Value Occasional Shoppers,34570.7972075456
C106101,West,Social Media,0.93632585,High,624.9,Low,Low-Engagement / Dormant,585.110023665
C106102,North,Email Marketing,0.92210054,High,6078.23,Low,Mid-Value Occasional Shoppers,5604.739165244199
C106103,North,Organic Search,0.6636415,High,21057.11,Medium,Mid-Value Occasional Shoppers,13974.372066065
C106104,East,Organic Search,0.85832036,High,19888.55,Medium,Low-Engagement / Dormant,17070.747395878
C106105,North,Organic Search,0.18521665,Low,68845.98,High,Mid-Value Occasional Shoppers,12751.421781567
C106106,South,Direct,0.0009667556,Low,587476.35,Very High,Mid-Value Occasional Shoppers,567.94605123006
C106107,South,Social Media,0.9808656,High,627.83,Low,Low-Engagement / Dormant,615.816849648
C106108,North,Organic Search,0.71795243,High,13890.39,Medium,Mid-Value Occasional Shoppers,9972.6392541477
C106109,West,Referral,0.12508364,Low,147444.37,High,Mid-Value Occasional Shoppers,18442.8784971068
C106110,East,Social Media,0.93092686,High,1977.24,Low,Low-Engagement / Dormant,1840.6658246664
C106111,East,Paid Ads,0.028648812,Low,406952.59,Very High,Mid-Value Occasional Shoppers,11658.70824382308
C106112,East,Organic Search,0.45584443,Medium,30576.68,Medium,Mid-Value Occasional Shoppers,13938.2092658924
C106113,South,Referral,0.30332544,Medium,80106.47,High,Mid-Value Occasional Shoppers,24298.3302595968
C106114,East,Referral,0.6308324,High,29387.5,Medium,Mid-Value Occasional Shoppers,18538.587155
C106115,Central,Organic Search,0.013215544,Low,253335.75,Very High,Mid-Value Occasional Shoppers,3347.969750898
C106116,South,Organic Search,0.39055583,Medium,37587.65,Medium,Mid-Value Occasional Shoppers,14680.0758434995
C106117,East,Organic Search,0.9669601,High,362.56,Low,Low-Engagement / Dormant,350.581053856
C106118,West,Social Media,0.94635326,High,394.56,Low,Low-Engagement / Dormant,373.3931422656
C106119,East,Paid Ads,0.9879012,High,291.82,Low,Low-Engagement / Dormant,288.289328184
C106120,North,Paid Ads,0.23493516,Low,85227.39,High,Mid-Value Occasional Shoppers,20022.9105060324
C106121,North,Paid Ads,0.00041580916,Low,812246.57,Very High,Mid-Value Occasional Shoppers,337.7395639845812
C106122,East,Direct,0.8900471,High,13866.23,Medium,Mid-Value Occasional Shoppers,12341.597799433
C106123,West,Paid Ads,0.87903994,High,5669.58,Low,Low-Engagement / Dormant,4983.7872630252
C106124,West,Paid Ads,0.35298115,Medium,36710.0,Medium,Mid-Value Occasional Shoppers,12957.9380165
C106125,West,Paid Ads,0.14182171,Low,202932.06,High,Mid-Value Occasional Shoppers,28780.1717630226
C106126,North,Referral,0.01738077,Low,282880.39,Very High,Mid-Value Occasional Shoppers,4916.6789961003005
C106127,West,Email Marketing,0.27422467,Low,55630.31,High,Low-Engagement / Dormant,15255.2034017477
C106128,East,Direct,0.94468516,High,2464.4,Low,Low-Engagement / Dormant,2328.082108304
C106129,Central,Paid Ads,0.6193751,High,24732.31,Medium,Mid-Value Occasional Shoppers,15318.576979481
C106130,West,Paid Ads,0.2978345,Low,61073.97,High,Mid-Value Occasional Shoppers,18189.935317965
C106131,South,Paid Ads,0.86766917,High,16096.74,Medium,Mid-Value Occasional Shoppers,13966.6450355058
C106132,West,Referral,0.8237758,High,3228.97,Low,Low-Engagement / Dormant,2659.9473449259995
C106133,East,Social Media,0.7728753,High,25800.98,Medium,Mid-Value Occasional Shoppers,19940.940157794
C106134,South,Paid Ads,0.12765786,Low,175916.77,High,Mid-Value Occasional Shoppers,22457.1583963122
C106136,North,Organic Search,0.95827216,High,321.1,Low,Low-Engagement / Dormant,307.70119057600004
C106137,North,Referral,0.9200205,High,8048.7,Low,Mid-Value Occasional Shoppers,7404.96899835
C106138,West,Organic Search,0.0073267766,Low,435117.7,Very High,Mid-Value Occasional Shoppers,3188.0101826058203
C106139,South,Paid Ads,0.045243967,Low,218852.03,High,High-Value Loyalists,9901.734023203013
C106140,West,Organic Search,0.61391634,High,11545.77,Medium,Mid-Value Occasional Shoppers,7088.136860881799
C106141,East,Organic Search,0.56034124,Medium,36925.82,Medium,Mid-Value Occasional Shoppers,20691.0597668168
C106143,West,Referral,0.44508356,Medium,29279.92,Medium,Mid-Value Occasional Shoppers,13032.011030115198
C106144,West,Referral,0.012133182,Low,262200.86,Very High,High-Value Loyalists,3181.3307549365195
C106145,South,Social Media,0.4322376,Medium,36267.05,Medium,Mid-Value Occasional Shoppers,15675.98265108
C106146,Central,Paid Ads,0.0012376308,Low,503183.37,Very High,High-Value Loyalists,622.755236759796
C106147,South,Email Marketing,0.986107,High,428.41,Low,Low-Engagement / Dormant,422.45809987
C106148,West,Email Marketing,0.012369055,Low,158676.81,High,Mid-Value Occasional Shoppers,1962.68219011455
C106149,East,Social Media,0.0010061892,Low,436491.84,Very High,Mid-Value Occasional Shoppers,439.19337529612807
C106150,North,Social Media,0.0007224438,Low,708169.92,Very High,High-Value Loyalists,511.612968050496
C106151,East,Referral,0.9833452,High,417.13,Low,Low-Engagement / Dormant,410.182783276
C106152,East,Referral,0.10230961,Low,216365.69,High,Mid-Value Occasional Shoppers,22136.2893612809
C106153,South,Organic Search,0.00041817472,Low,836590.64,Very High,High-Value Loyalists,349.8410566366208
C106154,South,Social Media,0.89134496,High,4298.51,Low,Mid-Value Occasional Shoppers,3831.4552240096
C106155,North,Organic Search,0.96683073,High,290.35,Low,Low-Engagement / Dormant,280.71930245550004
C106156,Central,Email Marketing,0.048308156,Low,99485.73,High,Mid-Value Occasional Shoppers,4805.97216461388
C106157,East,Social Media,0.0003070046,Low,707282.71,Very High,High-Value Loyalists,217.139045470466
C106158,North,Direct,0.6874533,High,22433.74,Medium,Mid-Value Occasional Shoppers,15422.148594342005
C106159,West,Organic Search,0.16895434,Low,77283.92,High,Mid-Value Occasional Shoppers,13057.4536962128
C106160,East,Social Media,0.63141936,High,28145.11,Medium,Mid-Value Occasional Shoppers,17771.3673433296
C106161,West,Referral,0.9601634,High,575.19,Low,Low-Engagement / Dormant,552.2763860460001
C106162,East,Email Marketing,0.8913645,High,5642.4,Low,Low-Engagement / Dormant,5029.435054799999
C106163,North,Email Marketing,0.13969119,Low,91794.29,High,Mid-Value Occasional Shoppers,12822.8536053051
C106164,North,Organic Search,0.02312417,Low,218735.5,High,Mid-Value Occasional Shoppers,5058.076887035
C106165,West,Direct,0.023448542,Low,235544.04,Very High,Mid-Value Occasional Shoppers,5523.16431478968
C106166,West,Direct,0.9464322,High,1263.56,Low,Low-Engagement / Dormant,1195.8738706319998
C106167,West,Direct,0.9354756,High,1736.84,Low,Low-Engagement / Dormant,1624.771441104
C106168,North,Social Media,0.07437659,Low,215933.93,High,Mid-Value Occasional Shoppers,16060.4293786987
C106169,West,Email Marketing,0.34633553,Medium,59998.85,High,Low-Engagement / Dormant,20779.7335141405
C106170,South,Organic Search,0.7884805,High,19292.39,Medium,Mid-Value Occasional Shoppers,15211.673313395
C106171,West,Organic Search,0.20886046,Low,69569.21,High,Mid-Value Occasional Shoppers,14530.257202436602
C106172,South,Organic Search,0.027742816,Low,390542.89,Very High,Mid-Value Occasional Shoppers,10834.75953737824
C106173,West,Social Media,0.15957442,Low,67145.58,High,Mid-Value Occasional Shoppers,10714.7169840636
C106174,Central,Direct,0.0014426564,Low,709767.15,Very High,High-Value Loyalists,1023.95012145726
C106175,South,Social Media,0.00046439626,Low,658334.86,Very High,High-Value Loyalists,305.7282468116236
C106176,West,Paid Ads,0.8709951,High,10627.63,Medium,Mid-Value Occasional Shoppers,9256.613654613
C106177,East,Referral,0.51345795,Medium,32120.42,Medium,High-Value Loyalists,16492.485006339
C106178,South,Social Media,0.0054985993,Low,358692.15,Very High,Mid-Value Occasional Shoppers,1972.3044049054952
C106180,West,Social Media,0.7755622,High,15342.12,Medium,Mid-Value Occasional Shoppers,11898.768339864
C106181,South,Social Media,0.41246662,Medium,57255.51,High,Mid-Value Occasional Shoppers,23615.9866860762
C106182,North,Social Media,0.9558345,High,331.26,Low,Low-Engagement / Dormant,316.62973647
C106183,Central,Email Marketing,0.14003171,Low,234028.93,Very High,Mid-Value Occasional Shoppers,32771.4712573703
C106184,East,Paid Ads,0.52911824,Medium,21053.37,Medium,Mid-Value Occasional Shoppers,11139.7220804688
C106185,West,Paid Ads,0.1811593,Low,77327.71,High,Mid-Value Occasional Shoppers,14008.633814203
C106186,East,Social Media,0.96573436,High,1471.85,Low,Low-Engagement / Dormant,1421.4161177659998
C106187,East,Email Marketing,0.99086714,High,546.17,Low,Low-Engagement / Dormant,541.1819058538
C106188,West,Paid Ads,0.9222058,High,407.92,Low,Low-Engagement / Dormant,376.186189936
C106189,North,Email Marketing,0.010645151,Low,314294.89,Very High,Mid-Value Occasional Shoppers,3345.71656257839
C106190,South,Social Media,0.3320051,Medium,58659.83,High,Mid-Value Occasional Shoppers,19475.362725133
C106191,East,Organic Search,0.0005748637,Low,656673.59,Very High,High-Value Loyalists,377.497809639683
C106192,Central,Paid Ads,0.7448741,High,19909.2,Medium,Mid-Value Occasional Shoppers,14829.84743172
C106193,South,Organic Search,0.7195491,High,6120.96,Low,Mid-Value Occasional Shoppers,4404.331259136
C106194,Central,Organic Search,0.96352625,High,364.48,Low,Low-Engagement / Dormant,351.18604760000005
C106195,West,Organic Search,0.22693226,Low,109350.43,High,High-Value Loyalists,24815.1402118718
C106196,East,Referral,0.7014958,High,19259.65,Medium,Mid-Value Occasional Shoppers,13510.56358447
C106197,South,Social Media,0.9246764,High,3888.74,Low,Mid-Value Occasional Shoppers,3595.826103736
C106198,North,Social Media,0.67026097,High,8122.11,Low,Mid-Value Occasional Shoppers,5443.9333270467
C106199,East,Paid Ads,0.8816828,High,6166.22,Low,Mid-Value Occasional Shoppers,5436.650115016
C106200,North,Paid Ads,0.0013172369,Low,511894.6,Very High,High-Value Loyalists,674.2864560307399
C106201,South,Email Marketing,0.7868081,High,21661.55,Medium,Mid-Value Occasional Shoppers,17043.482998555
C106202,North,Direct,0.97703415,High,334.26,Low,Low-Engagement / Dormant,326.583434979
C106203,Central,Referral,0.3860944,Medium,13730.09,Medium,Mid-Value Occasional Shoppers,5301.110860496
C106204,South,Paid Ads,0.047799908,Low,326173.33,Very High,Mid-Value Occasional Shoppers,15591.055166053642
C106205,East,Email Marketing,0.60012513,High,9054.66,Low,Mid-Value Occasional Shoppers,5433.9290096058
C106206,South,Email Marketing,0.0016327502,Low,514140.7,Very High,Mid-Value Occasional Shoppers,839.46333075314
C106207,North,Organic Search,0.0012188699,Low,657475.68,Very High,High-Value Loyalists,801.377316334032
C106208,South,Paid Ads,0.25383383,Low,79235.99,High,Mid-Value Occasional Shoppers,20112.7748155417
C106210,East,Referral,0.79514253,High,23582.45,Medium,Mid-Value Occasional Shoppers,18751.4089565985
C106211,South,Social Media,0.38290024,Medium,78526.47,High,Mid-Value Occasional Shoppers,30067.8042093528
C106212,West,Organic Search,0.7617772,High,10183.61,Medium,Mid-Value Occasional Shoppers,7757.641911692001
C106213,North,Organic Search,0.9416924,High,2909.5,Low,Mid-Value Occasional Shoppers,2739.8540378
C106214,West,Paid Ads,0.046739403,Low,184635.73,High,Mid-Value Occasional Shoppers,8629.76379266919
C106215,North,Social Media,0.0029225964,Low,452306.34,Very High,Mid-Value Occasional Shoppers,1321.908880981176
C106216,Central,Social Media,0.5688697,Medium,6508.07,Low,Mid-Value Occasional Shoppers,3702.243828479
C106217,Central,Organic Search,0.73636866,High,10896.51,Medium,Mid-Value Occasional Shoppers,8023.848467376601
C106218,West,Social Media,0.0015058324,Low,869671.63,Very High,High-Value Loyalists,1309.579717814812
C106219,North,Direct,0.020412963,Low,203695.7,High,Mid-Value Occasional Shoppers,4158.0327873591
C106220,East,Organic Search,0.0171205,Low,552674.49,Very High,Mid-Value Occasional Shoppers,9462.063606045
C106221,West,Social Media,0.9538227,High,3601.18,Low,Mid-Value Occasional Shoppers,3434.887230786
C106222,East,Paid Ads,0.3766397,Medium,36445.41,Medium,Mid-Value Occasional Shoppers,13726.788288777005
C106223,South,Organic Search,0.00092472916,Low,409839.4,Very High,Mid-Value Occasional Shoppers,378.990444096904
C106224,East,Email Marketing,0.8803697,High,8487.31,Low,Mid-Value Occasional Shoppers,7471.970558507
C106225,North,Direct,0.011679374,Low,308729.92,Very High,Mid-Value Occasional Shoppers,3605.77220067008
C106226,East,Paid Ads,0.0283341,Low,261064.18,Very High,Mid-Value Occasional Shoppers,7397.018582538
C106227,North,Paid Ads,0.22260761,Low,78244.05,High,Low-Engagement / Dormant,17417.720967220503
C106228,East,Organic Search,0.9778488,High,371.77,Low,Low-Engagement / Dormant,363.534848376
C106229,South,Social Media,0.00070417876,Low,568648.61,Very High,High-Value Loyalists,400.4302730655236
C106230,North,Organic Search,0.9782175,High,297.64,Low,Low-Engagement / Dormant,291.1566567
C106231,North,Paid Ads,0.6605766,High,6865.77,Low,Mid-Value Occasional Shoppers,4535.367002982
C106232,Central,Organic Search,0.09713007,Low,188022.56,High,Mid-Value Occasional Shoppers,18262.6444143792
C106233,East,Social Media,0.6765175,High,18910.64,Medium,Mid-Value Occasional Shoppers,12793.3788962
C106234,East,Direct,0.89496815,High,3953.73,Low,Low-Engagement / Dormant,3538.4624236995
C106235,West,Organic Search,0.01046675,Low,335287.75,Very High,Mid-Value Occasional Shoppers,3509.3730573125
C106236,East,Referral,0.09868094,Low,183870.28,High,Mid-Value Occasional Shoppers,18144.4920684632
C106237,South,Email Marketing,0.22393426,Low,119650.43,High,Mid-Value Occasional Shoppers,26793.8305007318
C106238,East,Organic Search,0.24188864,Low,73591.79,High,Mid-Value Occasional Shoppers,17801.017998265597
C106239,South,Direct,0.0013655657,Low,680316.98,Very High,High-Value Loyalists,929.017533015586
C106240,East,Social Media,0.00074430445,Low,1001386.33,Very High,High-Value Loyalists,745.3363015881685
C106241,North,Social Media,0.7279535,High,6035.05,Low,Mid-Value Occasional Shoppers,4393.235770175001
C106242,Central,Social Media,0.00074177404,Low,582832.16,Very High,High-Value Loyalists,432.32976596512646
C106243,East,Paid Ads,0.2052262,Low,148379.35,High,Mid-Value Occasional Shoppers,30451.33015897
C106244,North,Organic Search,0.31785205,Medium,37591.56,Medium,Mid-Value Occasional Shoppers,11948.554408698
C106245,East,Paid Ads,0.253232,Low,79055.63,High,Mid-Value Occasional Shoppers,20019.41529616
C106246,North,Referral,0.34901223,Medium,34076.02,Medium,Mid-Value Occasional Shoppers,11892.947729724598
C106247,South,Email Marketing,0.96924925,High,5410.51,Low,Low-Engagement / Dormant,5244.1327596175
C106248,Central,Paid Ads,0.6871047,High,38215.12,Medium,Mid-Value Occasional Shoppers,26257.788563064
C106249,West,Organic Search,0.9090922,High,2328.78,Low,Low-Engagement / Dormant,2117.075733516
C106250,West,Organic Search,0.04705121,Low,172393.51,High,High-Value Loyalists,8111.323241647101
C106251,East,Direct,0.58338124,Medium,23502.38,Medium,Mid-Value Occasional Shoppers,13710.847587351202
C106253,North,Email Marketing,0.4861525,Medium,25249.2,Medium,Mid-Value Occasional Shoppers,12274.961703
C106255,East,Organic Search,0.8649395,High,12499.61,Medium,Mid-Value Occasional Shoppers,10811.406423595
C106256,North,Organic Search,0.2958444,Low,18627.64,Medium,Low-Engagement / Dormant,5510.882979216
C106257,North,Paid Ads,0.7883064,High,14281.54,Medium,Mid-Value Occasional Shoppers,11258.229383856
C106258,North,Paid Ads,0.672283,High,20172.02,Medium,Mid-Value Occasional Shoppers,13561.30612166
C106259,South,Email Marketing,0.93110657,High,4346.86,Low,Mid-Value Occasional Shoppers,4047.3899048702
C106260,North,Social Media,0.5128522,Medium,16313.26,Medium,Mid-Value Occasional Shoppers,8366.291280172
C106261,South,Organic Search,0.10695959,Low,137167.99,High,Mid-Value Occasional Shoppers,14671.431971524098
C106262,East,Social Media,0.0013354879,Low,748281.43,Very High,High-Value Loyalists,999.3207955596972
C106263,South,Paid Ads,0.787743,High,9657.4,Medium,Mid-Value Occasional Shoppers,7607.549248199999
C106264,North,Social Media,0.03496728,Low,329051.8,Very High,Mid-Value Occasional Shoppers,11506.046425104
C106265,East,Referral,0.8142461,High,5782.55,Low,Mid-Value Occasional Shoppers,4708.418785555
C106266,West,Direct,0.0012009639,Low,542972.63,Very High,High-Value Loyalists,652.0905273180571
C106267,South,Social Media,0.0012164483,Low,584631.07,Very High,High-Value Loyalists,711.173471228681
C106268,South,Paid Ads,0.0006996685,Low,658512.59,Very High,High-Value Loyalists,460.740516076415
C106269,East,Paid Ads,0.056219656,Low,67930.74,High,Low-Engagement / Dormant,3819.04283462544
C106270,North,Paid Ads,0.55128795,Medium,69364.18,High,Low-Engagement / Dormant,38239.636595631
C106271,South,Paid Ads,0.0004224799,Low,631065.13,Very High,High-Value Loyalists,266.612333015887
C106273,South,Organic Search,0.8012979,High,3974.74,Low,Mid-Value Occasional Shoppers,3184.950815046
C106274,West,Direct,0.96394104,High,683.45,Low,Low-Engagement / Dormant,658.805503788
C106275,West,Direct,0.9532848,High,5047.55,Low,Low-Engagement / Dormant,4811.75269224
C106276,South,Organic Search,0.27305782,Low,101123.61,High,Mid-Value Occasional Shoppers,27612.5924971302
C106277,South,Direct,0.64795727,High,26854.2,Medium,Mid-Value Occasional Shoppers,17400.374120034
C106279,East,Organic Search,0.5082235,Medium,42637.62,Medium,Mid-Value Occasional Shoppers,21669.440468070003
C106280,Central,Email Marketing,0.8539402,High,9700.3,Medium,Mid-Value Occasional Shoppers,8283.47612206
C106281,West,Direct,0.73497814,High,16867.67,Medium,Mid-Value Occasional Shoppers,12397.368722733798
C106282,South,Social Media,0.89771366,High,4076.94,Low,Low-Engagement / Dormant,3659.9247290004
C106283,North,Referral,0.077737704,Low,141828.17,High,Mid-Value Occasional Shoppers,11025.396298321682
C106284,North,Paid Ads,0.90992475,High,1297.63,Low,Low-Engagement / Dormant,1180.7456533425
C106285,West,Social Media,0.16319734,Low,121564.44,High,Mid-Value Occasional Shoppers,19838.9932465896
C106286,South,Referral,0.24657159,Low,47781.1,High,Mid-Value Occasional Shoppers,11781.461798949
C106287,West,Social Media,0.010612488,Low,349076.68,Very High,Mid-Value Occasional Shoppers,3704.57207757984
C106288,East,Paid Ads,0.6396617,High,26942.76,Medium,Mid-Value Occasional Shoppers,17234.251664291998
C106289,West,Social Media,0.0048218966,Low,433865.27,Very High,High-Value Loyalists,2092.053470271082
C106290,West,Email Marketing,0.7274399,High,8000.82,Low,Mid-Value Occasional Shoppers,5820.115700718
C106292,South,Organic Search,0.8754546,High,5428.23,Low,Mid-Value Occasional Shoppers,4752.168923357999
C106293,East,Paid Ads,0.20430188,Low,71007.11,High,Mid-Value Occasional Shoppers,14506.8860663668
C106294,West,Organic Search,0.19705409,Low,78359.39,High,High-Value Loyalists,15441.038289405098
C106296,East,Organic Search,0.057496496,Low,226262.86,Very High,High-Value Loyalists,13009.32162493856
C106298,South,Social Media,0.34482417,Medium,101445.04,High,Mid-Value Occasional Shoppers,34980.701718616794
C106299,North,Paid Ads,0.4672484,Medium,30731.3,Medium,Low-Engagement / Dormant,14359.15075492
C106300,Central,Referral,0.07973286,Low,147367.97,High,Mid-Value Occasional Shoppers,11750.0697204942
C106301,East,Organic Search,0.14375153,Low,112118.19,High,Mid-Value Occasional Shoppers,16117.1613533307
C106302,West,Organic Search,0.15104742,Low,262974.86,Very High,Mid-Value Occasional Shoppers,39721.6741278612
C106303,South,Organic Search,0.7567557,High,4261.5,Low,Mid-Value Occasional Shoppers,3224.9144155500003
C106304,East,Social Media,0.36376932,Medium,32130.39,Medium,Mid-Value Occasional Shoppers,11688.0501216348
C106305,South,Email Marketing,0.58836323,Medium,16963.06,Medium,Mid-Value Occasional Shoppers,9980.4407722838
C106306,South,Organic Search,0.8773583,High,4087.74,Low,Mid-Value Occasional Shoppers,3586.412617242
C106307,North,Referral,0.8439675,High,4678.08,Low,Mid-Value Occasional Shoppers,3948.1474824
C106308,West,Organic Search,0.036597878,Low,269561.56,Very High,Mid-Value Occasional Shoppers,9865.38108636968
C106309,South,Paid Ads,0.8320703,High,15940.65,Medium,Low-Engagement / Dormant,13263.741427695
C106310,South,Social Media,0.029409211,Low,136839.64,High,Mid-Value Occasional Shoppers,4024.345845924041
C106311,South,Email Marketing,0.8646449,High,8866.79,Low,Mid-Value Occasional Shoppers,7666.624752871001
C106312,South,Direct,0.0017071269,Low,894444.31,Very High,High-Value Loyalists,1526.9299421529392
C106313,East,Social Media,0.02677712,Low,321234.77,Very High,Mid-Value Occasional Shoppers,8601.7419844624
C106314,West,Paid Ads,0.3705565,Medium,91580.32,High,Mid-Value Occasional Shoppers,33935.68284808
C106315,West,Organic Search,0.00054618326,Low,676644.33,Very High,High-Value Loyalists,369.5718060199158
C106316,South,Organic Search,0.0013681183,Low,921914.98,Very High,High-Value Loyalists,1261.288755182134
C106317,East,Direct,0.035883155,Low,221192.95,Very High,Mid-Value Occasional Shoppers,7937.10090975725
C106318,North,Social Media,0.03197954,Low,266194.31,Very High,Mid-Value Occasional Shoppers,8512.7715844174
C106319,East,Paid Ads,0.9710423,High,2078.75,Low,Low-Engagement / Dormant,2018.554181125
C106321,East,Organic Search,0.0008912533,Low,421172.13,Very High,Mid-Value Occasional Shoppers,375.371050730529
C106322,Central,Referral,0.8537469,High,23006.82,Medium,Mid-Value Occasional Shoppers,19642.001253858
C106323,North,Paid Ads,0.39789444,Medium,78083.12,High,Mid-Value Occasional Shoppers,31068.8393058528
C106324,West,Direct,0.057809345,Low,361008.42,Very High,Mid-Value Occasional Shoppers,20869.6602996849
C106325,West,Paid Ads,0.026399609,Low,269471.94,Very High,High-Value Loyalists,7113.95385247146
C106326,West,Email Marketing,0.716526,High,5148.71,Low,Mid-Value Occasional Shoppers,3689.18458146
C106327,West,Organic Search,0.16744386,Low,169257.13,High,Mid-Value Occasional Shoppers,28341.0671797218
C106329,West,Organic Search,0.5975782,Medium,35882.14,Medium,Mid-Value Occasional Shoppers,21442.384633348
C106330,East,Organic Search,0.685109,High,11332.8,Medium,Mid-Value Occasional Shoppers,7764.2032752
C106331,East,Direct,0.50632465,Medium,22301.56,Medium,Mid-Value Occasional Shoppers,11291.829561454002
C106333,North,Paid Ads,0.8922873,High,12049.31,Medium,Mid-Value Occasional Shoppers,10751.446286763
C106334,Central,Social Media,0.7753396,High,57006.62,High,Mid-Value Occasional Shoppers,44199.489948152
C106335,South,Social Media,0.52528954,Medium,13575.25,Medium,Mid-Value Occasional Shoppers,7130.936827885001
C106336,South,Social Media,0.96785474,High,768.99,Low,Low-Engagement / Dormant,744.2706165126001
C106337,North,Organic Search,0.8428474,High,5214.04,Low,Mid-Value Occasional Shoppers,4394.640057496
C106338,East,Paid Ads,0.82512707,High,4025.95,Low,Low-Engagement / Dormant,3321.9203274665
C106339,West,Organic Search,0.07825938,Low,67424.91,High,Low-Engagement / Dormant,5276.6316531558
C106340,Central,Email Marketing,0.001059207,Low,607096.73,Very High,High-Value Loyalists,643.04110609311
C106341,East,Paid Ads,0.0013614271,Low,679053.65,Very High,Mid-Value Occasional Shoppers,924.482041463915
C106342,South,Referral,0.0012280155,Low,590084.37,Very High,Mid-Value Occasional Shoppers,724.632752667735
C106343,North,Direct,0.80715597,High,17272.0,Medium,Mid-Value Occasional Shoppers,13941.197913839998
C106344,South,Paid Ads,0.03808297,Low,190037.78,High,Mid-Value Occasional Shoppers,7237.2030746066
C106345,East,Organic Search,0.8135498,High,5577.79,Low,Mid-Value Occasional Shoppers,4537.809938942
C106346,Central,Paid Ads,0.5015785,Medium,30116.04,Medium,Mid-Value Occasional Shoppers,15105.558169140002
C106347,North,Social Media,0.9735034,High,380.02,Low,Low-Engagement / Dormant,369.950762068
C106348,South,Paid Ads,0.00052374223,Low,606569.14,Very High,High-Value Loyalists,317.6858740327822
C106349,West,Organic Search,0.9552039,High,378.15,Low,Low-Engagement / Dormant,361.210354785
C106350,East,Organic Search,0.00333839,Low,363054.93,Very High,High-Value Loyalists,1212.0189477627
C106351,East,Referral,0.17287809,Low,90931.93,High,Mid-Value Occasional Shoppers,15720.1383784137
C106352,East,Referral,0.34314132,Medium,43380.69,Medium,Mid-Value Occasional Shoppers,14885.707229110802
C106353,South,Organic Search,0.094953105,Low,155992.51,High,Mid-Value Occasional Shoppers,14811.973181243551
C106354,East,Referral,0.0007681857,Low,764569.28,Very High,High-Value Loyalists,587.3311875552961
C106355,South,Paid Ads,0.6068128,High,27406.07,Medium,Low-Engagement / Dormant,16630.354073696002
C106356,West,Organic Search,0.89669156,High,4157.43,Low,Mid-Value Occasional Shoppers,3727.9323922908006
C106357,North,Paid Ads,0.9107563,High,2678.24,Low,Low-Engagement / Dormant,2439.223952912
C106358,East,Referral,0.98724294,High,330.14,Low,Low-Engagement / Dormant,325.9283842116
C106359,Central,Social Media,0.55768156,Medium,37538.34,Medium,Mid-Value Occasional Shoppers,20934.4400110104
C106360,East,Paid Ads,0.5583014,Medium,34087.74,Medium,Mid-Value Occasional Shoppers,19031.232964836
C106361,North,Organic Search,0.14648725,Low,75236.56,High,Mid-Value Occasional Shoppers,11021.19677386
C106362,Central,Paid Ads,0.16462466,Low,128644.76,High,Mid-Value Occasional Shoppers,21178.0998757816
C106363,South,Paid Ads,0.8749684,High,2211.71,Low,Mid-Value Occasional Shoppers,1935.176359964
C106366,Central,Paid Ads,0.98567224,High,280.53,Low,Low-Engagement / Dormant,276.5106334872
C106367,North,Organic Search,0.9788341,High,299.23,Low,Low-Engagement / Dormant,292.89652774300004
C106368,South,Paid Ads,0.9457475,High,544.41,Low,Low-Engagement / Dormant,514.8743964749999
C106369,Central,Organic Search,0.1283778,Low,101743.41,High,Mid-Value Occasional Shoppers,13061.595140298
C106370,East,Social Media,0.013753337,Low,421371.15,Very High,Mid-Value Occasional Shoppers,5795.25942802755
C106371,South,Paid Ads,0.08728504,Low,98142.59,High,Mid-Value Occasional Shoppers,8566.379893853598
C106372,North,Social Media,0.8493272,High,1583.33,Low,Low-Engagement / Dormant,1344.765235576
C106373,North,Organic Search,0.10385045,Low,139002.05,High,Mid-Value Occasional Shoppers,14435.4254434225
C106374,South,Paid Ads,0.9656068,High,411.6,Low,Low-Engagement / Dormant,397.44375888
C106375,East,Organic Search,0.8822711,High,5863.72,Low,Mid-Value Occasional Shoppers,5173.390694492
C106376,East,Organic Search,0.96270543,High,326.81,Low,Low-Engagement / Dormant,314.6217615783
C106377,Central,Referral,0.52540714,Medium,11412.94,Medium,Mid-Value Occasional Shoppers,5996.4401643916
C106378,West,Organic Search,0.91132754,High,896.14,Low,Low-Engagement / Dormant,816.6770616956001
C106379,Central,Organic Search,0.93192154,High,918.25,Low,Low-Engagement / Dormant,855.736954105
C106380,East,Paid Ads,0.823624,High,11663.0,Medium,Mid-Value Occasional Shoppers,9605.926712
C106381,South,Paid Ads,0.5946234,Medium,47740.33,High,Low-Engagement / Dormant,28387.517341722003
C106382,East,Email Marketing,0.30438352,Medium,57050.11,High,Low-Engagement / Dormant,17365.1132981872
C106383,South,Direct,0.5328255,Medium,9783.4,Medium,Mid-Value Occasional Shoppers,5212.8449967
C106384,North,Paid Ads,0.04750808,Low,236338.59,Very High,Mid-Value Occasional Shoppers,11227.9926408072
C106385,West,Organic Search,0.16170178,Low,62844.46,High,Low-Engagement / Dormant,10162.061045138798
C106386,West,Paid Ads,0.720694,High,12231.31,Medium,Mid-Value Occasional Shoppers,8815.031729139999
C106387,South,Paid Ads,0.18603607,Low,106502.67,High,Mid-Value Occasional Shoppers,19813.3381713069
C106388,South,Paid Ads,0.0010619634,Low,711455.45,Very High,High-Value Loyalists,755.53964863053
C106389,North,Organic Search,0.001368527,Low,630314.55,Very High,Mid-Value Occasional Shoppers,862.6024801678501
C106390,East,Organic Search,0.7400443,High,7831.53,Low,Mid-Value Occasional Shoppers,5795.679136779
C106391,South,Organic Search,0.92438155,High,3490.9,Low,Low-Engagement / Dormant,3226.9235528950003
C106392,Central,Paid Ads,0.20386271,Low,68790.04,High,Mid-Value Occasional Shoppers,14023.723975408398
C106393,East,Social Media,0.65186214,High,8048.37,Low,Mid-Value Occasional Shoppers,5246.4276917118
C106394,South,Email Marketing,0.85428387,High,2239.16,Low,Low-Engagement / Dormant,1912.8782703492
C106395,West,Organic Search,0.2758158,Low,60721.46,High,Low-Engagement / Dormant,16747.938067068
C106396,Central,Referral,0.36015442,Medium,48299.87,High,Mid-Value Occasional Shoppers,17395.4116659254
C106397,West,Organic Search,0.96948874,High,2084.94,Low,Low-Engagement / Dormant,2021.3258535756
C106398,East,Organic Search,0.8224153,High,15135.38,Medium,Mid-Value Occasional Shoppers,12447.568083314
C106400,West,Organic Search,0.015932066,Low,161463.55,High,Mid-Value Occasional Shoppers,2572.4479351943
C106401,West,Email Marketing,0.7141814,High,7727.3,Low,Low-Engagement / Dormant,5518.69393222
C106402,Central,Direct,0.0007510905,Low,809748.36,Very High,Mid-Value Occasional Shoppers,608.19430058658
C106403,South,Organic Search,0.08070607,Low,179195.23,High,Mid-Value Occasional Shoppers,14462.1427760461
C106404,West,Organic Search,0.9463065,High,5106.72,Low,Mid-Value Occasional Shoppers,4832.52232968
C106405,South,Organic Search,0.36903948,Medium,49615.69,High,Mid-Value Occasional Shoppers,18310.1484374412
C106406,North,Email Marketing,0.5950326,Medium,21096.03,Medium,Mid-Value Occasional Shoppers,12552.825580578
C106407,South,Organic Search,0.18260856,Low,51924.02,High,Mid-Value Occasional Shoppers,9481.7705216112
C106408,North,Referral,0.5769935,Medium,28968.48,Medium,Mid-Value Occasional Shoppers,16714.62466488
C106409,East,Paid Ads,0.95337504,High,3285.05,Low,Mid-Value Occasional Shoppers,3131.884675152
C106410,South,Social Media,0.9367682,High,1172.34,Low,Low-Engagement / Dormant,1098.210831588
C106411,West,Organic Search,0.87175643,High,5607.97,Low,Mid-Value Occasional Shoppers,4888.7839067471
C106413,North,Social Media,0.8804715,High,1454.75,Low,Low-Engagement / Dormant,1280.865914625
C106414,West,Organic Search,0.012738459,Low,253175.3,Very High,Mid-Value Occasional Shoppers,3225.0631788627
C106415,North,Organic Search,0.97359765,High,320.0,Low,Low-Engagement / Dormant,311.551248
C106416,North,Paid Ads,0.048925795,Low,246601.31,Very High,Mid-Value Occasional Shoppers,12065.16513979145
C106417,Central,Social Media,0.35947537,Medium,54559.54,High,Mid-Value Occasional Shoppers,19612.8108285298
C106418,North,Email Marketing,0.0010572482,Low,648956.28,Very High,High-Value Loyalists,686.107858908696
C106419,South,Paid Ads,0.015256121,Low,311393.53,Very High,High-Value Loyalists,4750.65737229713
C106420,East,Direct,0.7655652,High,16071.21,Medium,Mid-Value Occasional Shoppers,12303.559097892
C106421,South,Organic Search,0.0029089402,Low,607372.1,Very High,High-Value Loyalists,1766.80911804842
C106422,South,Email Marketing,0.91433156,High,6075.26,Low,Mid-Value Occasional Shoppers,5554.8019532056005
C106423,West,Email Marketing,0.0022582202,Low,821821.38,Very High,Mid-Value Occasional Shoppers,1855.853641107876
C106424,East,Social Media,0.001063102,Low,539836.47,Very High,High-Value Loyalists,573.90123092994
C106425,East,Direct,0.0017941983,Low,698167.23,Very High,High-Value Loyalists,1252.650457181709
C106426,Central,Paid Ads,0.031734504,Low,186963.73,High,Mid-Value Occasional Shoppers,5933.20123753992
C106427,North,Referral,0.011959926,Low,434669.58,Very High,Mid-Value Occasional Shoppers,5198.61601125108
C106428,East,Organic Search,0.9739368,High,391.93,Low,Low-Engagement / Dormant,381.7150500240001
C106429,North,Organic Search,0.0010547292,Low,382441.01,Very High,High-Value Loyalists,403.371700524492
C106430,North,Social Media,0.22060524,Low,32772.22,Medium,Mid-Value Occasional Shoppers,7229.723458432801
C106431,Central,Email Marketing,0.45847335,Medium,108665.29,High,Mid-Value Occasional Shoppers,49820.139535021495
C106432,West,Direct,0.55678916,Medium,44389.17,Medium,Mid-Value Occasional Shoppers,24715.4086773972
C106433,North,Social Media,0.11933648,Low,134096.03,High,Mid-Value Occasional Shoppers,16002.5482021744
C106434,South,Email Marketing,0.7581604,High,25267.52,Medium,Mid-Value Occasional Shoppers,19156.833070208
C106435,North,Referral,0.9354297,High,1157.75,Low,Low-Engagement / Dormant,1082.993735175
C106436,West,Referral,0.9232006,High,5952.36,Low,Mid-Value Occasional Shoppers,5495.222323416
C106437,South,Organic Search,0.28101084,Low,69456.52,High,Mid-Value Occasional Shoppers,19518.0350286768
C106438,Central,Paid Ads,0.5476071,Medium,26215.64,Medium,Mid-Value Occasional Shoppers,14355.870595044
C106439,North,Paid Ads,0.3316743,Medium,49524.02,High,Low-Engagement / Dormant,16425.844666685996
C106440,South,Referral,0.011972938,Low,446957.28,Very High,Mid-Value Occasional Shoppers,5351.39180208864
C106441,Central,Social Media,0.45360804,Medium,85465.39,High,Mid-Value Occasional Shoppers,38767.7880457356
C106443,South,Direct,0.93571776,High,593.42,Low,Low-Engagement / Dormant,555.2736331391999
C106444,East,Social Media,0.96045893,High,311.55,Low,Low-Engagement / Dormant,299.2309796415
C106445,Central,Referral,0.76438046,High,11091.68,Medium,Low-Engagement / Dormant,8478.2634605728
C106446,West,Social Media,0.003962349,Low,582084.01,Very High,Mid-Value Occasional Shoppers,2306.41999493949
C106447,East,Social Media,0.0023553083,Low,577524.39,Very High,Mid-Value Occasional Shoppers,1360.2479892194372
C106448,West,Paid Ads,0.77489007,High,9079.82,Low,Mid-Value Occasional Shoppers,7035.8623553874
C106449,Central,Direct,0.63188803,High,21363.46,Medium,Mid-Value Occasional Shoppers,13499.3146533838
C106450,East,Email Marketing,0.758356,High,24117.01,Medium,Mid-Value Occasional Shoppers,18289.27923556
C106451,North,Referral,0.4258316,Medium,82119.91,High,Mid-Value Occasional Shoppers,34969.252667156
C106452,East,Paid Ads,0.031294312,Low,210842.59,High,High-Value Loyalists,6598.173794348079
C106453,West,Paid Ads,0.0021009264,Low,431745.03,Very High,High-Value Loyalists,907.064531595792
C106454,East,Email Marketing,0.30072156,Medium,62332.28,High,Mid-Value Occasional Shoppers,18744.6604799568
C106455,South,Direct,0.05905642,Low,266119.37,Very High,Mid-Value Occasional Shoppers,15716.057284855398
C106456,West,Direct,0.1926266,Low,78846.14,High,Mid-Value Occasional Shoppers,15187.863871324
C106457,South,Referral,0.98815155,High,619.14,Low,Low-Engagement / Dormant,611.8041506669999
C106458,Central,Referral,0.0012425209,Low,534968.35,Very High,High-Value Loyalists,664.709355713515
C106459,South,Organic Search,0.3993718,Medium,31100.54,Medium,Mid-Value Occasional Shoppers,12420.678640772
C106460,West,Referral,0.80560386,High,12724.26,Medium,Mid-Value Occasional Shoppers,10250.7129716436
C106462,North,Email Marketing,0.34983045,Medium,51971.32,High,Mid-Value Occasional Shoppers,18181.150262694
C106463,East,Organic Search,0.12877521,Low,133087.27,High,Mid-Value Occasional Shoppers,17138.341142576697
C106464,North,Direct,0.86714107,High,13635.91,Medium,Mid-Value Occasional Shoppers,11824.257587823698
C106465,West,Paid Ads,0.21642476,Low,116931.43,High,Mid-Value Occasional Shoppers,25306.8566742068
C106466,West,Organic Search,0.12339732,Low,141752.68,High,Mid-Value Occasional Shoppers,17491.9008148176
C106467,North,Social Media,0.14229551,Low,101367.01,High,Low-Engagement / Dormant,14424.070385125098
C106468,East,Referral,0.70422214,High,19244.11,Medium,Mid-Value Occasional Shoppers,13552.1283265954
C106469,Central,Referral,0.59766376,Medium,12977.35,Medium,Mid-Value Occasional Shoppers,7756.091795836
C106470,South,Referral,0.3976669,Medium,56898.48,High,Low-Engagement / Dormant,22626.642156312
C106471,Central,Social Media,0.0016970597,Low,803546.99,Very High,High-Value Loyalists,1363.667213785303
C106472,North,Organic Search,0.94563735,High,2196.99,Low,Low-Engagement / Dormant,2077.5558015765
C106473,North,Email Marketing,0.4054726,Medium,18971.12,Medium,Mid-Value Occasional Shoppers,7692.269351312
C106474,East,Direct,0.0012684907,Low,780693.28,Very High,High-Value Loyalists,990.302165232496
C106475,North,Referral,0.72097296,High,6709.51,Low,Low-Engagement / Dormant,4837.375284849601
C106477,West,Referral,0.9430959,High,690.39,Low,Low-Engagement / Dormant,651.103978401
C106478,West,Organic Search,0.9773531,High,325.4,Low,Low-Engagement / Dormant,318.03069874
C106479,West,Direct,0.44766068,Medium,44726.93,Medium,Low-Engagement / Dormant,20022.4878981124
C106480,West,Organic Search,0.0025121623,Low,758153.23,Very High,Mid-Value Occasional Shoppers,1904.603962029229
C106481,West,Organic Search,0.99247897,High,1196.61,Low,Low-Engagement / Dormant,1187.6102602917
C106482,West,Organic Search,0.95531034,High,1054.76,Low,Low-Engagement / Dormant,1007.6231342184
C106483,West,Referral,0.001398812,Low,576661.0,Very High,High-Value Loyalists,806.640326732
C106484,East,Social Media,0.9232118,High,7419.38,Low,Mid-Value Occasional Shoppers,6849.659164684001
C106485,South,Referral,0.7696914,High,10764.74,Medium,Mid-Value Occasional Shoppers,8285.527801236
C106486,East,Paid Ads,0.8406897,High,20858.12,Medium,Mid-Value Occasional Shoppers,17535.206645364
C106487,South,Email Marketing,0.9676954,High,745.88,Low,Low-Engagement / Dormant,721.784644952
C106488,South,Paid Ads,0.9899713,High,291.68,Low,Low-Engagement / Dormant,288.754828784
C106489,South,Organic Search,0.71584463,High,18327.29,Medium,Mid-Value Occasional Shoppers,13119.4921289527
C106490,South,Referral,0.0005840729,Low,551703.57,Very High,High-Value Loyalists,322.235104070253
C106491,North,Social Media,0.6024696,High,17417.02,Medium,Mid-Value Occasional Shoppers,10493.225072592
C106492,West,Social Media,0.5428911,Medium,19757.73,Medium,Mid-Value Occasional Shoppers,10726.295773203
C106493,West,Paid Ads,0.26808706,Low,77484.95,High,Mid-Value Occasional Shoppers,20772.712439747
C106494,South,Referral,0.006439713,Low,444330.99,Very High,Mid-Value Occasional Shoppers,2861.36405260587
C106495,Central,Organic Search,0.7313226,High,15778.2,Medium,Mid-Value Occasional Shoppers,11538.954247320002
C106496,Central,Paid Ads,0.9894281,High,495.07,Low,Low-Engagement / Dormant,489.836169467
C106497,Central,Paid Ads,0.027140971,Low,303691.97,Very High,Mid-Value Occasional Shoppers,8242.494950702869
C106498,North,Referral,0.05222059,Low,216997.63,High,Mid-Value Occasional Shoppers,11331.7442672017
C106499,South,Organic Search,0.81549203,High,6269.9,Low,Mid-Value Occasional Shoppers,5113.053478897
C106500,South,Organic Search,0.7096124,High,8289.61,Low,Mid-Value Occasional Shoppers,5882.410047164
C106501,West,Paid Ads,0.826242,High,5110.38,Low,Mid-Value Occasional Shoppers,4222.410591960001
C106502,East,Paid Ads,0.7588402,High,18710.64,Medium,Mid-Value Occasional Shoppers,14198.385799728
C106503,West,Organic Search,0.8477597,High,6677.66,Low,Mid-Value Occasional Shoppers,5661.051038302
C106504,West,Referral,0.7380696,High,7015.48,Low,Mid-Value Occasional Shoppers,5177.912517408
C106505,Central,Paid Ads,0.123414315,Low,158352.58,High,High-Value Loyalists,19542.975189182696
C106506,East,Paid Ads,0.44954303,Medium,34216.53,Medium,Mid-Value Occasional Shoppers,15381.8025722859
C106507,Central,Social Media,0.42779687,Medium,39206.25,Medium,Mid-Value Occasional Shoppers,16772.311034437498
C106508,West,Paid Ads,0.7277317,High,6491.85,Low,Mid-Value Occasional Shoppers,4724.325036645
C106510,West,Social Media,0.22568896,Low,112199.3,High,Mid-Value Occasional Shoppers,25322.143329728
C106511,North,Referral,0.612876,High,6777.35,Low,Mid-Value Occasional Shoppers,4153.6751586
C106512,North,Social Media,0.9823272,High,1148.22,Low,Low-Engagement / Dormant,1127.927737584
C106513,Central,Paid Ads,0.89565134,High,2559.02,Low,Low-Engagement / Dormant,2291.9896920868
C106514,South,Organic Search,0.6252571,High,31246.59,Medium,Mid-Value Occasional Shoppers,19537.152248289
C106515,East,Paid Ads,0.005627796,Low,280327.98,Very High,Mid-Value Occasional Shoppers,1577.62868453208
C106516,Central,Email Marketing,0.73220205,High,16116.47,Medium,Mid-Value Occasional Shoppers,11800.5123727635
C106517,South,Organic Search,0.43404981,Medium,38982.51,Medium,Mid-Value Occasional Shoppers,16920.3510588231
C106518,North,Organic Search,0.27880538,Low,32456.63,Medium,Mid-Value Occasional Shoppers,9049.0830606694
C106519,North,Social Media,0.0061944667,Low,269307.81,Very High,Mid-Value Occasional Shoppers,1668.218261094927
C106520,East,Social Media,0.96891147,High,2719.22,Low,Low-Engagement / Dormant,2634.6834474534
C106521,North,Email Marketing,0.86856806,High,6815.36,Low,Mid-Value Occasional Shoppers,5919.604013401599
C106522,North,Organic Search,0.08326906,Low,211441.1,High,Mid-Value Occasional Shoppers,17606.501642366
C106523,West,Email Marketing,0.1635976,Low,123861.52,High,Mid-Value Occasional Shoppers,20263.447404352
C106524,South,Referral,0.8886671,High,6060.64,Low,Mid-Value Occasional Shoppers,5385.891372944001
C106525,East,Referral,0.75252116,High,13753.43,Medium,Mid-Value Occasional Shoppers,10349.7470975788
C106526,North,Paid Ads,0.3666945,Medium,54905.59,High,Low-Engagement / Dormant,20133.577872255
C106527,East,Paid Ads,0.5503827,Medium,24477.95,Medium,Mid-Value Occasional Shoppers,13472.240211465
C106528,East,Organic Search,0.05351234,Low,247567.31,Very High,High-Value Loyalists,13247.9060656054
C106529,South,Referral,0.6410109,High,40854.2,Medium,Mid-Value Occasional Shoppers,26187.98751078
C106530,South,Organic Search,0.0015118482,Low,647881.93,Very High,High-Value Loyalists,979.499129683026
C106531,South,Organic Search,0.0006291401,Low,664825.2,Very High,High-Value Loyalists,418.26819281052
C106532,North,Organic Search,0.33207077,Medium,74662.83,High,Mid-Value Occasional Shoppers,24793.343448479103
C106534,East,Paid Ads,0.001021691,Low,574984.74,Very High,Mid-Value Occasional Shoppers,587.45673399534
C106535,North,Paid Ads,0.0009819078,Low,510551.7,Very High,Mid-Value Occasional Shoppers,501.31469653326
C106536,North,Referral,0.016978377,Low,204693.8,High,Mid-Value Occasional Shoppers,3475.3685059626
C106537,North,Email Marketing,0.95214975,High,409.84,Low,Low-Engagement / Dormant,390.22905354
C106538,West,Referral,0.85668594,High,6313.7,Low,Mid-Value Occasional Shoppers,5408.858019378
C106539,South,Social Media,0.4589418,Medium,28751.25,Medium,Mid-Value Occasional Shoppers,13195.15042725
C106540,East,Organic Search,0.0015982114,Low,606383.92,Very High,High-Value Loyalists,969.129693720688
C106541,East,Organic Search,0.3762143,Medium,41894.4,Medium,Mid-Value Occasional Shoppers,15761.27236992
C106542,South,Organic Search,0.32267934,Medium,96673.54,High,Mid-Value Occasional Shoppers,31194.554082663595
C106543,South,Paid Ads,0.5128815,Medium,26889.54,Medium,Mid-Value Occasional Shoppers,13791.14760951
C106544,South,Paid Ads,0.000867785,Low,851680.21,Very High,High-Value Loyalists,739.07531103485
C106545,East,Social Media,0.7808207,High,6026.64,Low,Mid-Value Occasional Shoppers,4705.725263448
C106546,South,Paid Ads,0.53879887,Medium,35065.77,Medium,Mid-Value Occasional Shoppers,18893.3972516799
C106547,North,Referral,0.0012845296,Low,475923.28,Very High,Mid-Value Occasional Shoppers,611.337540489088
C106548,Central,Organic Search,0.66642886,High,23387.38,Medium,Mid-Value Occasional Shoppers,15586.0249917868
C106549,West,Direct,0.0008769204,Low,568102.28,Very High,High-Value Loyalists,498.180478618512
C106550,North,Email Marketing,0.857592,High,2076.22,Low,Low-Engagement / Dormant,1780.54966224
C106551,Central,Paid Ads,0.68858546,High,1609.46,Low,Low-Engagement / Dormant,1108.2507544516
C106552,North,Paid Ads,0.35147455,Medium,38066.22,Medium,Mid-Value Occasional Shoppers,13379.307544701
C106553,North,Direct,0.9369905,High,1372.28,Low,Low-Engagement / Dormant,1285.81332334
C106554,North,Direct,0.0049706977,Low,431593.35,Very High,High-Value Loyalists,2145.320072180295
C106555,Central,Paid Ads,0.10719217,Low,165745.55,High,Mid-Value Occasional Shoppers,17766.625172343498
C106556,North,Organic Search,0.00053243735,Low,708842.76,Very High,Mid-Value Occasional Shoppers,377.414360701086
C106557,West,Direct,0.9858905,High,289.87,Low,Low-Engagement / Dormant,285.780079235
C106558,East,Social Media,0.61439127,High,20531.87,Medium,Mid-Value Occasional Shoppers,12614.6016847749
C106559,East,Referral,0.9408564,High,399.14,Low,Low-Engagement / Dormant,375.533423496
C106560,South,Organic Search,0.9253738,High,2361.26,Low,Low-Engagement / Dormant,2185.048138988
C106561,North,Email Marketing,0.5174724,Medium,42639.61,Medium,Mid-Value Occasional Shoppers,22064.821321764004
C106562,West,Social Media,0.0016601194,Low,585552.77,Very High,High-Value Loyalists,972.087513200738
C106563,South,Paid Ads,0.9560554,High,1213.11,Low,Low-Engagement / Dormant,1159.800366294
C106564,East,Referral,0.20483808,Low,113203.88,High,Mid-Value Occasional Shoppers,23188.4654277504
C106565,North,Paid Ads,0.0010976833,Low,560666.53,Very High,High-Value Loyalists,615.434286849949
C106566,West,Paid Ads,0.0135587305,Low,510160.43,Very High,High-Value Loyalists,6917.127782134115
C106567,West,Social Media,0.2938965,Low,49195.7,High,Mid-Value Occasional Shoppers,14458.44404505
C106568,East,Social Media,0.0020241414,Low,523338.37,Very High,High-Value Loyalists,1059.310860925518
C106569,East,Direct,0.62270284,High,30781.72,Medium,Mid-Value Occasional Shoppers,19167.8644640848
C106570,South,Social Media,0.08599377,Low,199878.25,High,Mid-Value Occasional Shoppers,17188.2842585025
C106571,South,Paid Ads,0.0028908837,Low,679743.88,Very High,High-Value Loyalists,1965.060502866756
C106572,North,Paid Ads,0.20494232,Low,75025.68,High,Low-Engagement / Dormant,15375.9369187776
C106573,West,Social Media,0.0006611159,Low,728133.07,Very High,High-Value Loyalists,481.38034989281294
C106574,North,Organic Search,0.03665589,Low,267389.46,Very High,Mid-Value Occasional Shoppers,9801.3986329194
C106575,North,Social Media,0.5157078,Medium,59713.46,High,Mid-Value Occasional Shoppers,30794.697086988
C106576,North,Paid Ads,0.8058309,High,6307.05,Low,Mid-Value Occasional Shoppers,5082.415777845
C106577,North,Paid Ads,0.5201753,Medium,28689.06,Medium,Mid-Value Occasional Shoppers,14923.340392218
C106578,East,Organic Search,0.009293329,Low,477276.32,Very High,Mid-Value Occasional Shoppers,4435.48586566928
C106579,West,Paid Ads,0.7721149,High,14922.73,Medium,Mid-Value Occasional Shoppers,11522.062181677
C106580,South,Organic Search,0.16734563,Low,242026.69,Very High,Mid-Value Occasional Shoppers,40502.1089148647
C106581,South,Social Media,0.008682197,Low,740731.97,Very High,High-Value Loyalists,6431.180887738089
C106582,East,Paid Ads,0.9369704,High,9513.34,Medium,Mid-Value Occasional Shoppers,8913.717985136
C106583,East,Email Marketing,0.9813674,High,334.61,Low,Low-Engagement / Dormant,328.375345714
C106584,West,Social Media,0.014771676,Low,167985.63,High,Mid-Value Occasional Shoppers,2481.42929901588
C106585,West,Referral,0.012599013,Low,266803.88,Very High,Mid-Value Occasional Shoppers,3361.46555257044
C106586,West,Email Marketing,0.0043022,Low,878281.08,Very High,Mid-Value Occasional Shoppers,3778.540862376
C106587,West,Email Marketing,0.25945365,Low,53636.78,High,Mid-Value Occasional Shoppers,13916.258345247
C106588,Central,Email Marketing,0.9097494,High,4303.12,Low,Mid-Value Occasional Shoppers,3914.760838128
C106589,East,Organic Search,0.00069925986,Low,586665.55,Very High,High-Value Loyalists,410.231670359823
C106590,East,Paid Ads,0.9430164,High,455.05,Low,Low-Engagement / Dormant,429.11961282
C106591,West,Referral,0.0019196403,Low,718928.57,Very High,High-Value Loyalists,1380.0842557933709
C106592,North,Social Media,0.20200315,Low,83824.31,High,Mid-Value Occasional Shoppers,16932.774666576497
C106593,South,Social Media,0.2568214,Low,86334.18,High,Mid-Value Occasional Shoppers,22172.464975452
C106594,Central,Social Media,0.02854289,Low,201253.7,High,Mid-Value Occasional Shoppers,5744.362221193001
C106595,East,Organic Search,0.28741655,Low,40950.36,Medium,Mid-Value Occasional Shoppers,11769.811192458
C106596,North,Organic Search,0.36406505,Medium,37338.56,Medium,Mid-Value Occasional Shoppers,13593.664713327998
C106597,South,Social Media,0.037489086,Low,236660.61,Very High,Mid-Value Occasional Shoppers,8872.189961102458
C106598,North,Social Media,0.27105275,Low,54236.97,High,Mid-Value Occasional Shoppers,14701.0798701675
C106599,South,Email Marketing,0.0006209648,Low,682071.16,Very High,High-Value Loyalists,423.542181455168
C106600,East,Referral,0.95067585,High,3759.0,Low,Low-Engagement / Dormant,3573.59052015
C106601,East,Organic Search,0.00063995365,Low,739855.71,Very High,High-Value Loyalists,473.4733620878415
C106602,East,Organic Search,0.7266649,High,18409.87,Medium,Mid-Value Occasional Shoppers,13377.806342563
C106603,North,Paid Ads,0.85127085,High,2394.87,Low,Low-Engagement / Dormant,2038.6830205395
C106604,South,Paid Ads,0.57591593,Medium,23704.35,Medium,Mid-Value Occasional Shoppers,13651.712775295498
C106605,North,Referral,0.9896941,High,449.52,Low,Low-Engagement / Dormant,444.887291832
C106607,East,Email Marketing,0.97577924,High,447.4,Low,Low-Engagement / Dormant,436.563631976
C106608,North,Social Media,0.7856372,High,9922.6,Medium,Mid-Value Occasional Shoppers,7795.563680720001
C106609,Central,Paid Ads,0.366644,Medium,35650.11,Medium,Mid-Value Occasional Shoppers,13070.89893084
C106610,East,Social Media,0.015453914,Low,340667.01,Very High,Mid-Value Occasional Shoppers,5264.63867517714
C106611,North,Organic Search,0.0907287,Low,204934.87,High,Mid-Value Occasional Shoppers,18593.474339769
C106612,South,Organic Search,0.25802666,Low,40478.29,Medium,Mid-Value Occasional Shoppers,10444.4779712114
C106613,North,Paid Ads,0.55803174,Medium,13850.46,Medium,Mid-Value Occasional Shoppers,7728.996293600399
C106614,North,Paid Ads,0.50733584,Medium,43403.92,Medium,Mid-Value Occasional Shoppers,22020.3642124928
C106615,Central,Organic Search,0.9801113,High,2179.5,Low,Mid-Value Occasional Shoppers,2136.15257835
C106616,West,Referral,0.024254184,Low,117624.31,High,Mid-Value Occasional Shoppers,2852.8816576130403
C106617,West,Social Media,0.00042038018,Low,869465.88,Very High,High-Value Loyalists,365.5062231382584
C106618,East,Organic Search,0.31955498,Medium,43387.27,Medium,Low-Engagement / Dormant,13864.6181971046
C106619,Central,Referral,0.48791242,Medium,20924.22,Medium,Mid-Value Occasional Shoppers,10209.1868168124
C106620,Central,Organic Search,0.31318238,Medium,59567.99,High,Mid-Value Occasional Shoppers,18655.6448800162
C106621,North,Social Media,0.16101635,Low,168344.35,High,Mid-Value Occasional Shoppers,27106.192780122503
C106622,North,Social Media,0.42145845,Medium,20251.38,Medium,Mid-Value Occasional Shoppers,8535.115225161
C106623,South,Paid Ads,0.016834613,Low,289880.31,Very High,High-Value Loyalists,4880.02283517003
C106624,South,Referral,0.080427215,Low,269613.89,Very High,Mid-Value Occasional Shoppers,21684.29429801635
C106625,East,Paid Ads,0.53183883,Medium,49833.72,High,Mid-Value Occasional Shoppers,26503.5073393476
C106626,South,Organic Search,0.004361744,Low,532964.82,Very High,High-Value Loyalists,2324.65610584608
C106627,West,Paid Ads,0.001089919,Low,566808.14,Very High,High-Value Loyalists,617.77496114066
C106628,North,Paid Ads,0.48915493,Medium,30133.52,Medium,Low-Engagement / Dormant,14739.9598662536
C106629,West,Organic Search,0.9191514,High,1004.42,Low,Low-Engagement / Dormant,923.214049188
C106630,South,Paid Ads,0.47067362,Medium,9141.9,Medium,Low-Engagement / Dormant,4302.851166678
C106631,North,Organic Search,0.106483236,Low,180267.18,High,Mid-Value Occasional Shoppers,19195.43267099448
C106632,West,Paid Ads,0.004550151,Low,984000.54,Very High,High-Value Loyalists,4477.35104108154
C106633,South,Social Media,0.48987067,Medium,21623.07,Medium,Mid-Value Occasional Shoppers,10592.5077883569
C106635,Central,Email Marketing,0.9631935,High,413.07,Low,Low-Engagement / Dormant,397.866339045
C106636,North,Social Media,0.1515758,Low,153458.02,High,Mid-Value Occasional Shoppers,23260.522147916
C106637,South,Email Marketing,0.35104996,Medium,31234.52,Medium,Mid-Value Occasional Shoppers,10964.8769966192
C106638,North,Social Media,0.026049353,Low,166661.24,High,High-Value Loyalists,4341.41747217772
C106639,North,Referral,0.002651832,Low,535408.91,Very High,High-Value Loyalists,1419.81448062312
C106640,Central,Referral,0.6093594,High,27963.72,Medium,Mid-Value Occasional Shoppers,17039.955640968
C106641,West,Email Marketing,0.9899322,High,304.24,Low,Low-Engagement / Dormant,301.176972528
C106642,South,Referral,0.5571252,Medium,28696.08,Medium,Mid-Value Occasional Shoppers,15987.309309216
C106643,West,Email Marketing,0.25269178,Low,91428.68,High,Mid-Value Occasional Shoppers,23103.2758922504
C106644,Central,Paid Ads,0.39204124,Medium,61795.57,High,Mid-Value Occasional Shoppers,24226.4118893068
C106645,North,Direct,0.124490336,Low,84770.64,High,Low-Engagement / Dormant,10553.12545653504
C106646,North,Paid Ads,0.77299166,High,5890.05,Low,Mid-Value Occasional Shoppers,4552.959526983
C106647,West,Organic Search,0.76153314,High,8364.34,Low,Mid-Value Occasional Shoppers,6369.7221042276005
C106648,West,Organic Search,0.95718765,High,394.88,Low,Low-Engagement / Dormant,377.974259232
C106649,North,Social Media,0.93847555,High,554.47,Low,Low-Engagement / Dormant,520.3565382085001
C106650,East,Organic Search,0.18313861,Low,71172.36,High,Mid-Value Occasional Shoppers,13034.4070808196
C106651,North,Organic Search,0.5021032,Medium,32885.58,Medium,Mid-Value Occasional Shoppers,16511.954951856
C106652,East,Paid Ads,0.89525414,High,10647.88,Medium,Mid-Value Occasional Shoppers,9532.5586522232
C106653,East,Social Media,0.0044151787,Low,420034.0,Very High,Mid-Value Occasional Shoppers,1854.5251700758
C106654,South,Organic Search,0.5028833,Medium,69135.4,High,Mid-Value Occasional Shoppers,34767.03809882
C106655,West,Social Media,0.9200553,High,1026.71,Low,Low-Engagement / Dormant,944.629977063
C106656,East,Social Media,0.026653428,Low,339759.04,Very High,Mid-Value Occasional Shoppers,9055.74310998912
C106657,West,Referral,0.36252892,Medium,43489.62,Medium,Mid-Value Occasional Shoppers,15766.2449698104
C106658,East,Social Media,0.9578235,High,702.99,Low,Low-Engagement / Dormant,673.340342265
C106659,South,Organic Search,0.033734456,Low,214595.75,High,Mid-Value Occasional Shoppers,7239.270886162
C106661,North,Email Marketing,0.74300885,High,23237.75,Medium,Mid-Value Occasional Shoppers,17265.8539040875
C106662,West,Paid Ads,0.7666211,High,12968.21,Medium,Mid-Value Occasional Shoppers,9941.703415231
C106663,East,Organic Search,0.96524274,High,339.43,Low,Low-Engagement / Dormant,327.6323432382
C106664,South,Social Media,0.54023683,Medium,9708.69,Medium,Mid-Value Occasional Shoppers,5244.9919090527
C106665,Central,Email Marketing,0.9803991,High,397.89,Low,Low-Engagement / Dormant,390.090997899
C106666,West,Email Marketing,0.914315,High,4513.51,Low,Mid-Value Occasional Shoppers,4126.76989565
C106667,North,Email Marketing,0.0033812467,Low,525364.77,Very High,High-Value Loyalists,1776.387894858759
C106668,North,Direct,0.0016227678,Low,576947.22,Very High,High-Value Loyalists,936.251370915516
C106669,East,Referral,0.21361083,Low,125338.3,High,Mid-Value Occasional Shoppers,26773.618293789
C106670,North,Organic Search,0.0013758667,Low,590289.67,Very High,Mid-Value Occasional Shoppers,812.159900306989
C106671,Central,Organic Search,0.04948034,Low,205247.02,High,Mid-Value Occasional Shoppers,10155.6923335868
C106672,East,Organic Search,0.044541333,Low,147353.88,High,High-Value Loyalists,6563.33823792204
C106673,North,Organic Search,0.7939273,High,4171.87,Low,Mid-Value Occasional Shoppers,3312.161485051
C106674,South,Organic Search,0.0017138142,Low,547869.73,Very High,High-Value Loyalists,938.946923024166
C106675,North,Paid Ads,0.00047550566,Low,607107.3,Very High,High-Value Loyalists,288.682957377318
C106677,South,Organic Search,0.51992524,Medium,25301.1,Medium,Mid-Value Occasional Shoppers,13154.680489763998
C106678,West,Email Marketing,0.00067592954,Low,682322.04,Very High,High-Value Loyalists,461.20162262906166
C106679,West,Direct,0.4045517,Medium,70026.41,High,Mid-Value Occasional Shoppers,28329.303210397004
C106680,Central,Organic Search,0.24352255,Low,124500.84,High,Mid-Value Occasional Shoppers,30318.762033942
C106681,North,Organic Search,0.85534817,High,1334.82,Low,Low-Engagement / Dormant,1141.7358442794
C106682,South,Paid Ads,0.6091851,High,22885.26,Medium,Mid-Value Occasional Shoppers,13941.359401626
C106683,West,Email Marketing,0.93259823,High,1493.31,Low,Low-Engagement / Dormant,1392.6582628412998
C106684,South,Referral,0.9588267,High,430.99,Low,Low-Engagement / Dormant,413.244719433
C106685,South,Organic Search,0.8735184,High,7685.74,Low,Mid-Value Occasional Shoppers,6713.635307616
C106686,Central,Social Media,0.65733117,High,20324.35,Medium,Mid-Value Occasional Shoppers,13359.8287649895
C106687,West,Email Marketing,0.300411,Medium,39840.52,Medium,Mid-Value Occasional Shoppers,11968.53045372
C106688,Central,Organic Search,0.08155952,Low,177012.82,High,Mid-Value Occasional Shoppers,14437.0806330464
C106689,South,Social Media,0.8034803,High,9066.18,Low,Mid-Value Occasional Shoppers,7284.497026254001
C106690,East,Paid Ads,0.85684276,High,10093.37,Medium,Low-Engagement / Dormant,8648.4310085012
C106691,South,Organic Search,0.4656688,Medium,25113.36,Medium,Low-Engagement / Dormant,11694.508215168
C106692,South,Email Marketing,0.0009311789,Low,507565.25,Very High,High-Value Loyalists,472.634051173225
C106693,North,Organic Search,0.012263707,Low,238431.55,Very High,Mid-Value Occasional Shoppers,2924.05466875585
C106696,East,Organic Search,0.75993145,High,6271.74,Low,Mid-Value Occasional Shoppers,4766.092472222999
C106697,Central,Referral,0.0031550725,Low,577889.88,Very High,Mid-Value Occasional Shoppers,1823.2844684163
C106698,West,Organic Search,0.009073724,Low,280736.95,Very High,Mid-Value Occasional Shoppers,2547.3296009018
C106699,North,Organic Search,0.10381209,Low,144359.03,High,Mid-Value Occasional Shoppers,14986.2126146727
C106700,East,Paid Ads,0.6927983,High,31898.8,Medium,Low-Engagement / Dormant,22099.43441204
C106701,East,Email Marketing,0.29200885,Low,91164.76,High,Mid-Value Occasional Shoppers,26620.916728126
C106702,South,Email Marketing,0.9587183,High,1404.21,Low,Low-Engagement / Dormant,1346.2418240430002
C106703,North,Organic Search,0.63233906,High,12577.7,Medium,Mid-Value Occasional Shoppers,7953.370994962
C106704,East,Paid Ads,0.00078329357,Low,748586.27,Very High,High-Value Loyalists,586.362811881284
C106705,West,Direct,0.24009924,Low,89748.58,High,Mid-Value Occasional Shoppers,21548.5658490792
C106706,Central,Social Media,0.6296008,High,8267.03,Low,Mid-Value Occasional Shoppers,5204.9287016240005
C106707,South,Organic Search,0.3624098,Medium,67712.3,High,Low-Engagement / Dormant,24539.60110054
C106708,South,Paid Ads,0.28859204,Low,52014.21,High,Mid-Value Occasional Shoppers,15010.8869728884
C106709,North,Paid Ads,0.1595842,Low,63361.15,High,Mid-Value Occasional Shoppers,10111.43843383
C106710,Central,Paid Ads,0.23509008,Low,125982.85,High,Mid-Value Occasional Shoppers,29617.318285128003
C106711,West,Social Media,0.6875741,High,4551.94,Low,Mid-Value Occasional Shoppers,3129.7960487539995
C106712,Central,Referral,0.42115688,Medium,52181.17,High,Mid-Value Occasional Shoppers,21976.4587519496
C106713,East,Referral,0.003508988,Low,409297.39,Very High,Mid-Value Occasional Shoppers,1436.21962994132
C106714,North,Paid Ads,0.40970862,Medium,38455.64,Medium,Mid-Value Occasional Shoppers,15755.6071956168
C106715,East,Referral,0.582631,Medium,23032.77,Medium,Low-Engagement / Dormant,13419.60581787
C106716,South,Social Media,0.767226,High,16289.59,Medium,Mid-Value Occasional Shoppers,12497.79697734
C106717,South,Referral,0.3857862,Medium,37131.3,Medium,Mid-Value Occasional Shoppers,14324.74312806
C106718,North,Organic Search,0.38849926,Medium,31573.61,Medium,Mid-Value Occasional Shoppers,12266.3241205286
C106719,North,Paid Ads,0.08574288,Low,369869.93,Very High,Mid-Value Occasional Shoppers,31713.7130235984
C106720,South,Paid Ads,0.46931744,Medium,37279.33,Medium,Mid-Value Occasional Shoppers,17495.8397205152
C106721,Central,Paid Ads,0.74988055,High,6778.9,Low,Low-Engagement / Dormant,5083.365260395
C106722,West,Referral,0.0039631734,Low,409009.84,Very High,Mid-Value Occasional Shoppers,1620.976918226256
C106724,North,Paid Ads,0.48242235,Medium,9659.44,Medium,Mid-Value Occasional Shoppers,4659.929744484
C106725,West,Social Media,0.00048830634,Low,737840.82,Very High,High-Value Loyalists,360.2923503167988
C106726,South,Referral,0.2070382,Low,62575.78,High,Mid-Value Occasional Shoppers,12955.576854796
C106727,North,Social Media,0.0005204042,Low,840528.06,Very High,Mid-Value Occasional Shoppers,437.414332641852
C106728,South,Referral,0.8511866,High,7532.99,Low,Mid-Value Occasional Shoppers,6411.980145934
C106729,North,Email Marketing,0.6032915,High,70269.51,High,Mid-Value Occasional Shoppers,42392.998092165
C106730,Central,Referral,0.51851946,Medium,17862.83,Medium,Mid-Value Occasional Shoppers,9262.2249656718
C106731,West,Organic Search,0.28719288,Low,86532.59,High,Low-Engagement / Dormant,24851.5437359592
C106732,South,Email Marketing,0.0009663275,Low,507190.96,Very High,High-Value Loyalists,490.1125723994
C106733,East,Paid Ads,0.50894606,Medium,29125.58,Medium,Low-Engagement / Dormant,14823.3491862148
C106734,South,Social Media,0.87466085,High,4656.69,Low,Mid-Value Occasional Shoppers,4073.0244335865
C106735,North,Direct,0.86777544,High,4374.71,Low,Low-Engagement / Dormant,3796.2658951224
C106736,East,Paid Ads,0.42486128,Medium,55922.76,High,Mid-Value Occasional Shoppers,23759.4153947328
C106737,West,Organic Search,0.010710292,Low,242030.74,Very High,Mid-Value Occasional Shoppers,2592.21989837608
C106738,West,Organic Search,0.03994002,Low,255273.35,Very High,Mid-Value Occasional Shoppers,10195.622704467
C106739,North,Direct,0.4208349,Medium,36653.43,Medium,High-Value Loyalists,15425.042548707
C106740,East,Paid Ads,0.5597715,Medium,17806.57,Medium,Low-Engagement / Dormant,9967.610398755
C106742,North,Organic Search,0.17514245,Low,96586.67,High,High-Value Loyalists,16916.4260211415
C106743,North,Organic Search,0.84533983,High,4283.08,Low,Mid-Value Occasional Shoppers,3620.6581190764
C106744,North,Organic Search,0.1134845,Low,157434.83,High,Mid-Value Occasional Shoppers,17866.412965134998
C106745,South,Email Marketing,0.28260273,Low,142240.64,High,Mid-Value Occasional Shoppers,40197.59318094721
C106747,West,Direct,0.0028376724,Low,472564.2,Very High,Mid-Value Occasional Shoppers,1340.98238756808
C106748,South,Social Media,0.33599758,Medium,33761.03,Medium,Mid-Value Occasional Shoppers,11343.6243783074
C106749,North,Email Marketing,0.93568575,High,5781.77,Low,Mid-Value Occasional Shoppers,5409.919798777501
C106750,Central,Paid Ads,0.74305147,High,12151.41,Medium,Mid-Value Occasional Shoppers,9029.1230630727
C106751,Central,Social Media,0.8674222,High,9632.52,Medium,Mid-Value Occasional Shoppers,8355.461689944
C106752,North,Organic Search,0.729138,High,23584.64,Medium,Mid-Value Occasional Shoppers,17196.45724032
C106753,South,Paid Ads,0.0006610879,Low,802101.49,Very High,High-Value Loyalists,530.2595896109709
C106754,North,Social Media,0.001151851,Low,875756.89,Very High,High-Value Loyalists,1008.74144950339
C106755,Central,Organic Search,0.4594082,Medium,60174.34,High,Mid-Value Occasional Shoppers,27644.585225588
C106756,South,Direct,0.019161465,Low,260056.58,Very High,Mid-Value Occasional Shoppers,4983.0650556897
C106757,North,Organic Search,0.0009913009,Low,625509.36,Very High,High-Value Loyalists,620.067991526424
C106758,West,Organic Search,0.98846346,High,334.9,Low,Low-Engagement / Dormant,331.036412754
C106759,West,Social Media,0.0007874817,Low,708307.55,Very High,High-Value Loyalists,557.7792335968351
C106760,South,Paid Ads,0.9802509,High,480.42,Low,Low-Engagement / Dormant,470.9321373780001
C106761,South,Organic Search,0.6776227,High,31129.0,Medium,Mid-Value Occasional Shoppers,21093.7170283
C106762,South,Direct,0.8096056,High,2039.18,Low,Low-Engagement / Dormant,1650.931547408
C106763,South,Organic Search,0.5625516,Medium,8421.11,Low,Mid-Value Occasional Shoppers,4737.308904276
C106764,South,Social Media,0.03876291,Low,237422.43,Very High,Mid-Value Occasional Shoppers,9203.1842860713
C106765,West,Organic Search,0.31749386,Medium,131089.43,High,Mid-Value Occasional Shoppers,41620.0891358998
C106766,West,Organic Search,0.11402545,Low,124848.78,High,Mid-Value Occasional Shoppers,14235.938321451
C106767,West,Paid Ads,0.9703996,High,371.76,Low,Low-Engagement / Dormant,360.755755296
C106768,West,Email Marketing,0.80952376,High,5598.87,Low,Low-Engagement / Dormant,4532.4182941512
C106769,East,Social Media,0.86313343,High,5695.11,Low,Mid-Value Occasional Shoppers,4915.6398285273
C106770,South,Paid Ads,0.22366704,Low,293780.29,Very High,Mid-Value Occasional Shoppers,65708.9678746416
C106771,West,Organic Search,0.9319998,High,1018.72,Low,Low-Engagement / Dormant,949.446836256
C106772,North,Direct,0.58910215,Medium,12912.72,Medium,Mid-Value Occasional Shoppers,7606.911114347999
C106773,North,Organic Search,0.8028157,High,8283.32,Low,Mid-Value Occasional Shoppers,6649.979344124
C106774,North,Social Media,0.072421744,Low,175666.68,High,Mid-Value Occasional Shoppers,12722.08732828992
C106775,West,Organic Search,0.92691934,High,4177.79,Low,Low-Engagement / Dormant,3872.4743494586
C106776,East,Organic Search,0.00073944824,Low,606362.8,Very High,High-Value Loyalists,448.373905261472
C106777,South,Organic Search,0.5885906,Medium,20821.05,Medium,Mid-Value Occasional Shoppers,12255.074312129998
C106778,East,Organic Search,0.9341739,High,2517.95,Low,Low-Engagement / Dormant,2352.203171505
C106779,West,Social Media,0.66359675,High,12406.73,Medium,Mid-Value Occasional Shoppers,8233.0657061275
C106780,North,Paid Ads,0.0025655094,Low,896464.93,Very High,High-Value Loyalists,2299.889204685342
C106781,South,Email Marketing,0.4275895,Medium,61583.96,High,Mid-Value Occasional Shoppers,26332.65466442
C106782,West,Organic Search,0.56536394,Medium,22768.78,Medium,Mid-Value Occasional Shoppers,12872.6471697932
C106783,East,Paid Ads,0.89935726,High,5603.82,Low,Mid-Value Occasional Shoppers,5039.8362007332
C106784,South,Paid Ads,0.7112053,High,17364.41,Medium,Mid-Value Occasional Shoppers,12349.660423373
C106785,North,Organic Search,0.00064628274,Low,534640.81,Very High,High-Value Loyalists,345.5291276026194
C106786,Central,Organic Search,0.97749054,High,1715.07,Low,Low-Engagement / Dormant,1676.4647004378
C106787,South,Organic Search,0.08465366,Low,172230.51,High,Mid-Value Occasional Shoppers,14579.9430351666
C106788,Central,Organic Search,0.9846028,High,289.82,Low,Low-Engagement / Dormant,285.357583496
C106789,West,Paid Ads,0.23922528,Low,26027.15,Medium,Mid-Value Occasional Shoppers,6226.352246352
C106790,Central,Organic Search,0.856466,High,2902.74,Low,Mid-Value Occasional Shoppers,2486.09811684
C106792,East,Paid Ads,0.0028958085,Low,227281.14,Very High,Mid-Value Occasional Shoppers,658.16265710169
C106793,South,Paid Ads,0.0010627427,Low,911834.57,Very High,High-Value Loyalists,969.045532875139
C106794,South,Organic Search,0.21807265,Low,51432.07,High,Mid-Value Occasional Shoppers,11215.9277998855
C106795,South,Paid Ads,0.96316326,High,1285.23,Low,Low-Engagement / Dormant,1237.8863166498
C106796,South,Paid Ads,0.0006369502,Low,772932.66,Very High,High-Value Loyalists,492.319612373532
C106797,South,Direct,0.5536738,Medium,36754.6,Medium,Mid-Value Occasional Shoppers,20350.05904948
C106798,East,Organic Search,0.6070849,High,7778.21,Low,Mid-Value Occasional Shoppers,4722.033840029
C106799,South,Organic Search,0.6501083,High,9714.96,Medium,Mid-Value Occasional Shoppers,6315.776130167999
C106800,South,Email Marketing,0.95095575,High,374.46,Low,Low-Engagement / Dormant,356.094890145
C106801,South,Organic Search,0.44473305,Medium,30909.34,Medium,Low-Engagement / Dormant,13746.405051687
C106802,West,Organic Search,0.597451,Medium,24040.92,Medium,Mid-Value Occasional Shoppers,14363.271694919998
C106803,North,Email Marketing,0.23687254,Low,61870.27,High,Mid-Value Occasional Shoppers,14655.3680053858
C106804,West,Social Media,0.0041967803,Low,517236.81,Very High,High-Value Loyalists,2170.729254642843
C106805,South,Social Media,0.8790085,High,12471.45,Medium,Mid-Value Occasional Shoppers,10962.510557325
C106806,East,Organic Search,0.01604099,Low,225828.15,Very High,High-Value Loyalists,3622.5070958685
C106807,West,Organic Search,0.6150973,High,14702.19,Medium,Mid-Value Occasional Shoppers,9043.277373087
C106808,East,Organic Search,0.26093385,Low,54612.19,High,Mid-Value Occasional Shoppers,14250.168993631502
C106809,East,Referral,0.095509395,Low,139169.92,High,Mid-Value Occasional Shoppers,13292.0348613984
C106810,Central,Paid Ads,0.5746649,Medium,14518.17,Medium,Mid-Value Occasional Shoppers,8343.082711233
C106811,North,Social Media,0.42483327,Medium,47842.75,High,Low-Engagement / Dormant,20325.1919282925
C106812,South,Direct,0.47073507,Medium,31312.38,Medium,Mid-Value Occasional Shoppers,14739.8353911666
C106814,West,Organic Search,0.072988994,Low,198590.16,High,Mid-Value Occasional Shoppers,14494.89599669904
C106815,East,Social Media,0.8880348,High,3789.46,Low,Low-Engagement / Dormant,3365.172353208
C106816,North,Referral,0.6440683,High,27672.45,Medium,Mid-Value Occasional Shoppers,17822.947828335
C106817,South,Referral,0.01858445,Low,178434.51,High,Mid-Value Occasional Shoppers,3316.1072293695
C106818,Central,Direct,0.73334605,High,11658.07,Medium,Mid-Value Occasional Shoppers,8549.3995851235
C106819,West,Referral,0.3018694,Medium,36491.52,Medium,Mid-Value Occasional Shoppers,11015.673247488
C106820,South,Referral,0.002291858,Low,690428.48,Very High,High-Value Loyalists,1582.3640353158398
C106821,North,Organic Search,0.13161443,Low,185663.55,High,Mid-Value Occasional Shoppers,24436.0023050265
C106822,West,Social Media,0.8580883,High,4472.02,Low,Mid-Value Occasional Shoppers,3837.3880393660006
C106823,East,Social Media,0.8341831,High,15296.74,Medium,Mid-Value Occasional Shoppers,12760.281993094
C106824,Central,Referral,0.0060780556,Low,578106.9,Very High,Mid-Value Occasional Shoppers,3513.76588094364
C106825,South,Social Media,0.63679636,High,16493.3,Medium,Mid-Value Occasional Shoppers,10502.873404388
C106826,South,Paid Ads,0.0015849295,Low,489108.23,Very High,Mid-Value Occasional Shoppers,775.202062419785
C106827,South,Paid Ads,0.52700126,Medium,42016.18,Medium,Mid-Value Occasional Shoppers,22142.5798003868
C106828,East,Direct,0.10056726,Low,318021.52,Very High,High-Value Loyalists,31982.5528874352
C106830,North,Referral,0.0997147,Low,135761.85,High,Mid-Value Occasional Shoppers,13537.452144195002
C106831,South,Social Media,0.12034217,Low,193369.07,High,Mid-Value Occasional Shoppers,23270.4534946819
C106832,North,Paid Ads,0.23690647,Low,51025.43,High,Mid-Value Occasional Shoppers,12088.2545015321
C106833,West,Paid Ads,0.43970585,Medium,13891.18,Medium,Mid-Value Occasional Shoppers,6108.033109403001
C106834,North,Social Media,0.6945474,High,19555.21,Medium,Mid-Value Occasional Shoppers,13582.020261954
C106835,South,Referral,0.10273339,Low,142243.99,High,Mid-Value Occasional Shoppers,14613.207299826096
C106836,West,Organic Search,0.0017879725,Low,554563.7,Very High,High-Value Loyalists,991.54464509825
C106837,North,Email Marketing,0.9328207,High,686.31,Low,Low-Engagement / Dormant,640.2041746169999
C106838,East,Referral,0.0005225694,Low,530267.14,Very High,High-Value Loyalists,277.101381189516
C106839,West,Paid Ads,0.007376823,Low,161370.51,High,Mid-Value Occasional Shoppers,1190.40168968973
C106840,East,Organic Search,0.008564584,Low,164464.54,High,Mid-Value Occasional Shoppers,1408.57036785136
C106841,East,Organic Search,0.19107127,Low,82888.88,High,Low-Engagement / Dormant,15837.6835704776
C106842,West,Organic Search,0.7874455,High,4994.54,Low,Mid-Value Occasional Shoppers,3932.92804757
C106844,West,Organic Search,0.007109059,Low,247645.61,Very High,Mid-Value Occasional Shoppers,1760.52725258099
C106845,South,Direct,0.91742736,High,3596.5,Low,Low-Engagement / Dormant,3299.52750024
C106846,East,Social Media,0.089864075,Low,275654.6,Very High,Mid-Value Occasional Shoppers,24771.445648495
C106847,East,Email Marketing,0.026948879,Low,515933.23,Very High,High-Value Loyalists,13903.82218734917
C106848,South,Social Media,0.9246111,High,2194.69,Low,Low-Engagement / Dormant,2029.234735059
C106849,South,Social Media,0.62817186,High,23224.77,Medium,Mid-Value Occasional Shoppers,14589.146968972202
C106850,West,Email Marketing,0.011196345,Low,608500.69,Very High,High-Value Loyalists,6812.983657978049
C106851,South,Organic Search,0.6917207,High,10774.66,Medium,Mid-Value Occasional Shoppers,7453.055357462
C106852,Central,Referral,0.091840945,Low,102368.25,High,Mid-Value Occasional Shoppers,9401.59681799625
C106853,Central,Email Marketing,0.002098159,Low,551770.66,Very High,High-Value Loyalists,1157.70257621494
C106854,South,Direct,0.9543548,High,1342.53,Low,Low-Engagement / Dormant,1281.2499496439998
C106855,North,Paid Ads,0.00094229233,Low,635666.53,Very High,High-Value Loyalists,598.983695656715
C106856,Central,Email Marketing,0.672296,High,33103.67,Medium,Low-Engagement / Dormant,22255.46492632
C106857,North,Social Media,0.13777557,Low,198974.66,High,High-Value Loyalists,27413.8471970562
C106858,West,Organic Search,0.001468826,Low,835892.31,Very High,High-Value Loyalists,1227.78035812806
C106859,North,Organic Search,0.8014353,High,14974.44,Medium,Mid-Value Occasional Shoppers,12001.044813732
C106860,North,Paid Ads,0.00067166175,Low,804521.9,Very High,High-Value Loyalists,540.366587267325
C106861,South,Organic Search,0.58996814,Medium,8637.79,Low,Mid-Value Occasional Shoppers,5096.020900010601
C106862,South,Organic Search,0.7229604,High,14783.57,Medium,Mid-Value Occasional Shoppers,10687.935680628
C106863,Central,Organic Search,0.1846428,Low,67981.36,High,Mid-Value Occasional Shoppers,12552.268658208
C106864,North,Email Marketing,0.1618128,Low,104208.13,High,Mid-Value Occasional Shoppers,16862.209298064
C106865,North,Email Marketing,0.19120856,Low,124992.02,High,Mid-Value Occasional Shoppers,23899.5441556912
C106866,West,Email Marketing,0.6528197,High,21055.65,Medium,Mid-Value Occasional Shoppers,13745.543116305002
C106867,Central,Social Media,0.038329504,Low,332983.76,Very High,Mid-Value Occasional Shoppers,12763.10236085504
C106868,South,Direct,0.50627774,Medium,57446.48,High,Mid-Value Occasional Shoppers,29083.874065355205
C106869,West,Paid Ads,0.00090279843,Low,523830.23,Very High,High-Value Loyalists,472.9131092305389
C106870,North,Paid Ads,0.96364206,High,670.8,Low,Low-Engagement / Dormant,646.411093848
C106871,West,Paid Ads,0.974463,High,4082.2,Low,Mid-Value Occasional Shoppers,3977.9528586
C106872,West,Organic Search,0.6676341,High,13856.41,Medium,Mid-Value Occasional Shoppers,9251.011819581
C106873,Central,Social Media,0.7863469,High,21626.6,Medium,Mid-Value Occasional Shoppers,17006.009867539997
C106874,East,Paid Ads,0.99243623,High,287.05,Low,Low-Engagement / Dormant,284.87881982150003
C106875,Central,Direct,0.9666059,High,654.77,Low,Low-Engagement / Dormant,632.904545143
C106876,South,Organic Search,0.7020208,High,15720.57,Medium,Mid-Value Occasional Shoppers,11036.167127856
C106877,West,Organic Search,0.9537513,High,1513.19,Low,Low-Engagement / Dormant,1443.206929647
C106878,West,Paid Ads,0.5406615,Medium,35977.58,Medium,Low-Engagement / Dormant,19451.692369170003
C106879,South,Organic Search,0.0019559956,Low,495728.71,Very High,High-Value Loyalists,969.643175553676
C106880,Central,Direct,0.0011170385,Low,574321.87,Very High,High-Value Loyalists,641.5396401819951
C106881,West,Social Media,0.7770551,High,37741.05,Medium,Mid-Value Occasional Shoppers,29326.875381855003
C106882,Central,Paid Ads,0.7798425,High,8885.1,Low,Mid-Value Occasional Shoppers,6928.97859675
C106883,South,Social Media,0.69093305,High,26626.75,Medium,Mid-Value Occasional Shoppers,18397.301589087503
C106884,West,Paid Ads,0.5675301,Medium,69672.9,High,Mid-Value Occasional Shoppers,39541.46790429
C106885,South,Organic Search,0.025282566,Low,347254.92,Very High,Mid-Value Occasional Shoppers,8779.49543372472
C106886,Central,Paid Ads,0.00055370486,Low,717995.34,Very High,High-Value Loyalists,397.5575092153524
C106887,North,Paid Ads,0.11605696,Low,74115.04,High,Low-Engagement / Dormant,8601.566232678399
C106888,East,Social Media,0.7356868,High,11146.77,Medium,Mid-Value Occasional Shoppers,8200.531551636
C106889,North,Email Marketing,0.1997275,Low,211381.11,High,Mid-Value Occasional Shoppers,42218.620647525
C106890,West,Organic Search,0.30810165,Medium,85694.44,High,Low-Engagement / Dormant,26402.598359826003
C106891,South,Social Media,0.012967786,Low,202040.07,High,Mid-Value Occasional Shoppers,2620.01239118502
C106892,Central,Referral,0.22739232,Low,53087.75,High,Mid-Value Occasional Shoppers,12071.74663608
C106893,Central,Paid Ads,0.00090798386,Low,686207.0,Very High,High-Value Loyalists,623.0648806190201
C106894,South,Paid Ads,0.62915707,High,20849.85,Medium,Low-Engagement / Dormant,13117.830535939498
C106895,West,Paid Ads,0.30929536,Medium,47233.82,High,Mid-Value Occasional Shoppers,14609.2013610752
C106896,West,Paid Ads,0.0007940601,Low,741785.49,Very High,High-Value Loyalists,589.022260367949
C106897,South,Paid Ads,0.9896685,High,305.87,Low,Low-Engagement / Dormant,302.709904095
C106898,South,Paid Ads,0.47759226,Medium,28877.75,Medium,Mid-Value Occasional Shoppers,13791.789886215
C106899,North,Paid Ads,0.0010362042,Low,540815.82,Very High,High-Value Loyalists,560.395624110444
C106900,North,Referral,0.002863977,Low,576056.79,Very High,High-Value Loyalists,1649.8133972538303
C106901,East,Paid Ads,0.16270562,Low,113101.88,High,Mid-Value Occasional Shoppers,18402.3115085656
C106903,South,Organic Search,0.44610193,Medium,20002.93,Medium,Mid-Value Occasional Shoppers,8923.3456786549
C106904,Central,Paid Ads,0.11686213,Low,99942.39,High,Mid-Value Occasional Shoppers,11679.4805726907
C106905,North,Social Media,0.6252425,High,32488.45,Medium,Mid-Value Occasional Shoppers,20313.159699125
C106906,Central,Social Media,0.9628218,High,1990.69,Low,Low-Engagement / Dormant,1916.679729042
C106907,West,Direct,0.41460556,Medium,41264.34,Medium,Mid-Value Occasional Shoppers,17108.4247937304
C106908,West,Paid Ads,0.012305816,Low,355491.14,Very High,Mid-Value Occasional Shoppers,4374.6085584702405
C106909,East,Paid Ads,0.37958127,Medium,79868.38,High,Mid-Value Occasional Shoppers,30316.541113242605
C106910,North,Social Media,0.8324102,High,17985.16,Medium,Mid-Value Occasional Shoppers,14971.030632632
C106911,Central,Social Media,0.90585387,High,14963.92,Medium,Mid-Value Occasional Shoppers,13555.1248423704
C106912,West,Referral,0.793232,High,15387.47,Medium,Mid-Value Occasional Shoppers,12205.83360304
C106913,West,Referral,0.006211457,Low,254620.62,Very High,Mid-Value Occasional Shoppers,1581.56503244334
C106914,North,Organic Search,0.93950164,High,684.38,Low,Low-Engagement / Dormant,642.9761323832
C106915,East,Referral,0.8575473,High,4201.77,Low,Mid-Value Occasional Shoppers,3603.216518721
C106916,South,Referral,0.41932726,Medium,30293.86,Medium,Mid-Value Occasional Shoppers,12703.0413086236
C106917,East,Social Media,0.9873072,High,595.26,Low,Low-Engagement / Dormant,587.704483872
C106918,West,Paid Ads,0.0904042,Low,260840.68,Very High,Mid-Value Occasional Shoppers,23581.093002856
C106919,North,Email Marketing,0.2595954,Low,59557.36,High,Mid-Value Occasional Shoppers,15460.816692144
C106920,North,Referral,0.31927752,Medium,36007.94,Medium,Mid-Value Occasional Shoppers,11496.5257835088
C106921,North,Organic Search,0.53465575,Medium,16826.41,Medium,Mid-Value Occasional Shoppers,8996.3368583575
C106922,North,Paid Ads,0.07870769,Low,177528.82,High,Mid-Value Occasional Shoppers,13972.8833306258
C106923,South,Referral,0.19527206,Low,173953.52,High,Mid-Value Occasional Shoppers,33968.2621946512
C106924,North,Email Marketing,0.0013873113,Low,494547.53,Very High,High-Value Loyalists,686.091376756089
C106925,South,Paid Ads,0.87512666,High,4588.47,Low,Mid-Value Occasional Shoppers,4015.4924256102
C106926,West,Email Marketing,0.24404626,Low,160788.61,High,Mid-Value Occasional Shoppers,39239.8589210986
C106927,West,Paid Ads,0.12085707,Low,88566.36,High,Low-Engagement / Dormant,10703.8707701652
C106928,South,Paid Ads,0.018539444,Low,160888.79,High,Mid-Value Occasional Shoppers,2982.78871243276
C106929,North,Referral,0.8564821,High,16370.25,Medium,Mid-Value Occasional Shoppers,14020.826097525
C106930,West,Organic Search,0.0031394558,Low,360193.74,Very High,Mid-Value Occasional Shoppers,1130.812326166692
C106931,South,Organic Search,0.0009233913,Low,634298.22,Very High,High-Value Loyalists,585.705457953486
C106932,South,Referral,0.0020374176,Low,406746.35,Very High,High-Value Loyalists,828.7121722257599
C106933,East,Organic Search,0.6581109,High,9717.39,Medium,Mid-Value Occasional Shoppers,6395.120278551
C106934,Central,Organic Search,0.7749341,High,21210.22,Medium,Mid-Value Occasional Shoppers,16436.522746502
C106935,South,Organic Search,0.00038267078,Low,590567.26,Very High,High-Value Loyalists,225.9928340266628
C106936,Central,Organic Search,0.8990296,High,1982.18,Low,Low-Engagement / Dormant,1782.038492528
C106937,South,Organic Search,0.93972874,High,992.79,Low,Low-Engagement / Dormant,932.9532957846
C106938,North,Paid Ads,0.24211979,Low,81850.13,High,Mid-Value Occasional Shoppers,19817.5362870727
C106939,North,Direct,0.82007354,High,12068.88,Medium,Mid-Value Occasional Shoppers,9897.3691454352
C106940,West,Social Media,0.0011210168,Low,891875.56,Very High,High-Value Loyalists,999.807486269408
C106941,East,Referral,0.9310124,High,2153.0,Low,Mid-Value Occasional Shoppers,2004.4696972
C106942,East,Organic Search,0.30400246,Medium,51510.32,High,Mid-Value Occasional Shoppers,15659.2639953872
C106943,Central,Organic Search,0.91363645,High,3796.37,Low,Low-Engagement / Dormant,3468.5020096865
C106945,North,Social Media,0.0006202698,Low,561402.0,Very High,High-Value Loyalists,348.2207062596
C106946,West,Email Marketing,0.30129662,Medium,54476.55,High,Mid-Value Occasional Shoppers,16413.600384261
C106947,North,Paid Ads,0.2748738,Low,57418.35,High,Mid-Value Occasional Shoppers,15782.80005423
C106948,East,Social Media,0.29453087,Low,185562.48,High,Mid-Value Occasional Shoppers,54653.8786737576
C106949,Central,Social Media,0.6394837,High,24859.96,Medium,Mid-Value Occasional Shoppers,15897.539202651998
C106950,East,Organic Search,0.9906125,High,369.73,Low,Low-Engagement / Dormant,366.259159625
C106951,South,Email Marketing,0.199999,Low,130237.08,High,Mid-Value Occasional Shoppers,26047.28576292
C106952,East,Paid Ads,0.21592899,Low,104864.92,High,Mid-Value Occasional Shoppers,22643.3762620308
C106953,North,Paid Ads,0.7318159,High,6724.43,Low,Mid-Value Occasional Shoppers,4921.044792437
C106954,South,Organic Search,0.56750643,Medium,45400.16,Medium,Mid-Value Occasional Shoppers,25764.8827230288
C106955,East,Social Media,0.09968561,Low,111880.3,High,Mid-Value Occasional Shoppers,11152.855952483
C106956,South,Referral,0.8952134,High,2589.7,Low,Low-Engagement / Dormant,2318.33414198
C106957,North,Paid Ads,0.658733,High,25861.2,Medium,Mid-Value Occasional Shoppers,17035.6258596
C106958,East,Direct,0.37720644,Medium,47837.72,High,Mid-Value Occasional Shoppers,18044.6960589168
C106960,South,Email Marketing,0.076598905,Low,245395.13,Very High,Mid-Value Occasional Shoppers,18796.99825033265
C106961,Central,Referral,0.07448206,Low,210519.57,High,Mid-Value Occasional Shoppers,15679.9312439142
C106962,North,Direct,0.7849309,High,9982.33,Medium,Mid-Value Occasional Shoppers,7835.439270997
C106963,North,Referral,0.49852356,Medium,31462.38,Medium,Mid-Value Occasional Shoppers,15684.7376836728
C106964,Central,Paid Ads,0.12556274,Low,124524.93,High,Mid-Value Occasional Shoppers,15635.6914091082
C106965,North,Paid Ads,0.019887283,Low,215161.76,High,Mid-Value Occasional Shoppers,4278.98281189808
C106966,Central,Email Marketing,0.6468476,High,10336.55,Medium,Mid-Value Occasional Shoppers,6686.17255978
C106967,West,Email Marketing,0.8882573,High,9901.87,Medium,Mid-Value Occasional Shoppers,8795.408311151
C106968,East,Social Media,0.8323255,High,10704.54,Medium,Mid-Value Occasional Shoppers,8909.661607770002
C106969,South,Referral,0.0015847627,Low,553144.26,Very High,High-Value Loyalists,876.602390967102
C106970,South,Paid Ads,0.00052788376,Low,635565.28,Very High,High-Value Loyalists,335.50458973185283
C106971,West,Organic Search,0.44144455,Medium,20603.7,Medium,Mid-Value Occasional Shoppers,9095.391074835
C106972,North,Organic Search,0.08045053,Low,228146.17,Very High,Mid-Value Occasional Shoppers,18354.480293970104
C106973,West,Social Media,0.7128912,High,3288.14,Low,Low-Engagement / Dormant,2344.086070368
C106974,West,Social Media,0.4493529,Medium,60887.36,High,Low-Engagement / Dormant,27359.911789344
C106975,West,Social Media,0.92648846,High,357.98,Low,Low-Engagement / Dormant,331.6643389108
C106976,North,Social Media,0.0061340244,Low,430533.71,Very High,Mid-Value Occasional Shoppers,2640.9042821625244
C106977,West,Paid Ads,0.63362306,High,11514.5,Medium,Mid-Value Occasional Shoppers,7295.85272437
C106978,West,Organic Search,0.41028258,Medium,109756.99,High,Mid-Value Occasional Shoppers,45031.3810302342
C106979,North,Organic Search,0.7380284,High,2101.16,Low,Low-Engagement / Dormant,1550.715752944
C106980,Central,Organic Search,0.0006436065,Low,634629.86,Very High,High-Value Loyalists,408.45190299009
C106981,North,Social Media,0.7912538,High,8269.55,Low,Mid-Value Occasional Shoppers,6543.312861789999
C106982,Central,Referral,0.45638567,Medium,31654.5,Medium,Mid-Value Occasional Shoppers,14446.660191015
C106983,North,Email Marketing,0.19188893,Low,69856.68,High,Low-Engagement / Dormant,13404.7235785524
C106984,North,Organic Search,0.002042307,Low,519168.19,Very High,High-Value Loyalists,1060.3008286143302
C106985,West,Email Marketing,0.897825,High,3024.73,Low,Mid-Value Occasional Shoppers,2715.67821225
C106986,North,Social Media,0.89075595,High,2438.15,Low,Low-Engagement / Dormant,2171.7966194925
C106987,North,Paid Ads,0.6969318,High,34319.99,Medium,Mid-Value Occasional Shoppers,23918.692406682
C106988,North,Referral,0.26878932,Low,141367.98,High,Mid-Value Occasional Shoppers,37998.2032139736
C106989,West,Direct,0.75909954,High,32337.82,Medium,Mid-Value Occasional Shoppers,24547.6242866028
C106990,North,Paid Ads,0.39756897,Medium,30664.21,Medium,Mid-Value Occasional Shoppers,12191.1383855637
C106991,East,Social Media,0.46770746,Medium,21045.2,Medium,Mid-Value Occasional Shoppers,9842.997037192
C106992,East,Organic Search,0.07823849,Low,227598.48,Very High,Mid-Value Occasional Shoppers,17806.9614014952
C106993,East,Organic Search,0.9920386,High,342.98,Low,Low-Engagement / Dormant,340.249399028
C106994,South,Organic Search,0.43337968,Medium,36994.17,Medium,Low-Engagement / Dormant,16032.5215564656
C106995,South,Organic Search,0.76485527,High,11380.34,Medium,Mid-Value Occasional Shoppers,8704.3130233918
C106996,Central,Referral,0.37477857,Medium,63854.01,High,Mid-Value Occasional Shoppers,23931.1145565657
C106997,West,Organic Search,0.21838436,Low,61061.93,High,Mid-Value Occasional Shoppers,13334.9705034148
C106998,Central,Social Media,0.39117432,Medium,49613.56,High,Mid-Value Occasional Shoppers,19407.5505957792
C106999,West,Email Marketing,0.14005792,Low,117638.04,High,Mid-Value Occasional Shoppers,16476.1391952768
C107000,West,Email Marketing,0.9296539,High,2427.47,Low,Low-Engagement / Dormant,2256.706952633
C107001,Central,Paid Ads,0.96399796,High,528.41,Low,Low-Engagement / Dormant,509.3861620436
C107002,South,Organic Search,0.85311085,High,1118.25,Low,Low-Engagement / Dormant,953.9912080125
C107003,Central,Paid Ads,0.74284035,High,28823.46,Medium,Mid-Value Occasional Shoppers,21411.229114611
C107004,North,Organic Search,0.82196724,High,9135.26,Low,Mid-Value Occasional Shoppers,7508.8844488824
C107005,North,Paid Ads,0.6427023,High,17885.8,Medium,Mid-Value Occasional Shoppers,11495.24479734
C107006,East,Social Media,0.0010456971,Low,674399.3,Very High,High-Value Loyalists,705.21739225203
C107007,South,Social Media,0.7739142,High,6771.92,Low,Mid-Value Occasional Shoppers,5240.885049264
C107008,South,Organic Search,0.758427,High,9586.43,Medium,Mid-Value Occasional Shoppers,7270.60734561
C107009,East,Organic Search,0.94086075,High,1818.14,Low,Low-Engagement / Dormant,1710.616564005
C107010,East,Email Marketing,0.20401272,Low,207047.74,High,Mid-Value Occasional Shoppers,42240.3726072528
C107011,Central,Direct,0.7166525,High,11392.05,Medium,Mid-Value Occasional Shoppers,8164.141112625
C107012,South,Social Media,0.01572762,Low,292422.51,Very High,Mid-Value Occasional Shoppers,4599.1101167262
C107013,South,Social Media,0.87383026,High,1039.49,Low,Low-Engagement / Dormant,908.3378169674
C107014,West,Social Media,0.0052691484,Low,647450.2,Very High,High-Value Loyalists,3411.5111854096795
C107015,East,Organic Search,0.6625068,High,17486.05,Medium,Mid-Value Occasional Shoppers,11584.627030139998
C107016,West,Email Marketing,0.37134406,Medium,33243.68,Medium,Mid-Value Occasional Shoppers,12344.8431005408
C107017,South,Organic Search,0.96119267,High,13348.65,Medium,Mid-Value Occasional Shoppers,12830.6245343955
C107018,North,Social Media,0.4455367,Medium,41470.03,Medium,Mid-Value Occasional Shoppers,18476.420315101
C107020,North,Referral,0.36194506,Medium,40294.98,Medium,Mid-Value Occasional Shoppers,14584.5689537988
C107021,West,Referral,0.9306561,High,6338.67,Low,Mid-Value Occasional Shoppers,5899.121901387
C107022,South,Referral,0.23379543,Low,83735.2,High,Mid-Value Occasional Shoppers,19576.907090136
C107023,South,Paid Ads,0.9733805,High,500.64,Low,Low-Engagement / Dormant,487.31321352
C107024,West,Social Media,0.83530724,High,10729.76,Medium,Mid-Value Occasional Shoppers,8962.646211462401
C107025,South,Social Media,0.26688293,Low,92728.12,High,Low-Engagement / Dormant,24747.5523589916
C107026,North,Referral,0.08377611,Low,154904.36,High,High-Value Loyalists,12977.2847028396
C107027,West,Paid Ads,0.96746427,High,1057.32,Low,Low-Engagement / Dormant,1022.9193219564
C107028,North,Social Media,0.18120171,Low,145340.84,High,Mid-Value Occasional Shoppers,26336.0087408364
C107029,South,Referral,0.026400112,Low,171929.93,High,Mid-Value Occasional Shoppers,4538.96940815216
C107030,East,Organic Search,0.0054886756,Low,426677.42,Very High,Mid-Value Occasional Shoppers,2341.893944224952
C107031,South,Social Media,0.797333,High,8871.18,Low,Mid-Value Occasional Shoppers,7073.28456294
C107032,East,Organic Search,0.0026339728,Low,486078.21,Very High,High-Value Loyalists,1280.316783812688
C107033,South,Referral,0.29772896,Low,116685.38,High,Low-Engagement / Dormant,34740.6168346048
C107034,South,Paid Ads,0.23762432,Low,114437.29,High,Mid-Value Occasional Shoppers,27193.0832188928
C107035,South,Email Marketing,0.0023039696,Low,461310.24,Very High,Mid-Value Occasional Shoppers,1062.844769128704
C107036,Central,Organic Search,0.1357939,Low,115393.71,High,Mid-Value Occasional Shoppers,15669.761916369
C107037,North,Paid Ads,0.00134387,Low,569322.2,Very High,Mid-Value Occasional Shoppers,765.095024914
C107038,Central,Organic Search,0.8399029,High,8619.58,Low,Mid-Value Occasional Shoppers,7239.610238782
C107040,South,Organic Search,0.04122405,Low,174265.59,High,Mid-Value Occasional Shoppers,7183.9333954395
C107041,West,Paid Ads,0.00060461945,Low,966391.42,Very High,High-Value Loyalists,584.299048845119
C107042,South,Organic Search,0.020168077,Low,258924.96,Very High,Mid-Value Occasional Shoppers,5222.01853050192
C107044,Central,Paid Ads,0.9513046,High,427.48,Low,Low-Engagement / Dormant,406.663690408
C107045,West,Social Media,0.25238413,Low,119342.8,High,Mid-Value Occasional Shoppers,30120.228749764
C107046,East,Organic Search,0.55916595,Medium,47195.12,High,Mid-Value Occasional Shoppers,26389.904110164003
C107047,West,Paid Ads,0.5221866,Medium,55863.27,High,Low-Engagement / Dormant,29171.051026181995
C107048,South,Organic Search,0.2880116,Low,37782.11,Medium,Mid-Value Occasional Shoppers,10881.685952476
C107049,West,Social Media,0.37380964,Medium,35703.42,Medium,Mid-Value Occasional Shoppers,13346.2825769688
C107050,North,Organic Search,0.47187304,Medium,29050.8,Medium,Mid-Value Occasional Shoppers,13708.289310432
C107051,North,Direct,0.15162483,Low,98535.74,High,Mid-Value Occasional Shoppers,14940.4648264242
C107052,East,Paid Ads,0.329738,Medium,140725.08,High,Mid-Value Occasional Shoppers,46402.40642903999
C107053,North,Social Media,0.12873583,Low,148328.26,High,Mid-Value Occasional Shoppers,19095.1616635558
C107054,West,Paid Ads,0.8268156,High,4400.59,Low,Mid-Value Occasional Shoppers,3638.476461204
C107055,North,Organic Search,0.7944383,High,5715.59,Low,Mid-Value Occasional Shoppers,4540.683603097001
C107056,North,Email Marketing,0.0011595754,Low,912742.47,Very High,Mid-Value Occasional Shoppers,1058.393714747238
C107057,West,Referral,0.15032302,Low,96580.67,High,Mid-Value Occasional Shoppers,14518.2979880234
C107058,East,Social Media,0.4104013,Medium,66058.6,High,Mid-Value Occasional Shoppers,27110.535316180005
C107059,Central,Referral,0.058073413,Low,214953.08,High,Mid-Value Occasional Shoppers,12483.05899046204
C107060,South,Organic Search,0.1533712,Low,119394.03,High,Low-Engagement / Dormant,18311.605653936
C107061,North,Direct,0.7037464,High,26300.28,Medium,Mid-Value Occasional Shoppers,18508.727368992
C107062,North,Paid Ads,0.005968213,Low,512861.96,Very High,Mid-Value Occasional Shoppers,3060.86941687748
C107063,South,Email Marketing,0.7099364,High,51066.87,High,Mid-Value Occasional Shoppers,36254.229847068
C107064,North,Referral,0.5671119,Medium,55801.96,High,High-Value Loyalists,31645.955559324
C107065,West,Paid Ads,0.20361586,Low,90232.16,High,Mid-Value Occasional Shoppers,18372.6988580576
C107066,North,Social Media,0.15620017,Low,55607.53,High,Mid-Value Occasional Shoppers,8685.9056392801
C107067,Central,Direct,0.92947114,High,2800.82,Low,Mid-Value Occasional Shoppers,2603.2813583348
C107068,East,Organic Search,0.8146068,High,22068.63,Medium,Mid-Value Occasional Shoppers,17977.256064684
C107069,West,Paid Ads,0.96172136,High,303.23,Low,Low-Engagement / Dormant,291.6227679928
C107070,North,Social Media,0.71660507,High,20607.52,Medium,Mid-Value Occasional Shoppers,14767.4533121264
C107071,North,Paid Ads,0.97616154,High,1608.48,Low,Mid-Value Occasional Shoppers,1570.1363138592
C107072,South,Paid Ads,0.015280237,Low,266029.63,Very High,Mid-Value Occasional Shoppers,4064.99579542231
C107073,East,Referral,0.2281059,Low,119997.86,High,Mid-Value Occasional Shoppers,27372.219853374
C107074,East,Email Marketing,0.42723766,Medium,61157.06,High,Mid-Value Occasional Shoppers,26128.5992068796
C107075,South,Social Media,0.7508246,High,14724.44,Medium,Mid-Value Occasional Shoppers,11055.471773224
C107076,South,Direct,0.0006606772,Low,667240.17,Very High,High-Value Loyalists,440.830367243124
C107077,Central,Organic Search,0.055444162,Low,131958.98,High,Mid-Value Occasional Shoppers,7316.35506447476
C107078,South,Organic Search,0.0016101183,Low,735715.77,Very High,High-Value Loyalists,1184.589424875591
C107079,North,Organic Search,0.02150637,Low,312964.28,Very High,Mid-Value Occasional Shoppers,6730.725602463601
C107080,South,Paid Ads,0.26430196,Low,60662.32,High,Mid-Value Occasional Shoppers,16033.1700741472
C107081,South,Social Media,0.011578012,Low,443366.1,Very High,Mid-Value Occasional Shoppers,5133.2980261932
C107082,South,Organic Search,0.95908797,High,1236.31,Low,Low-Engagement / Dormant,1185.7300481907
C107083,East,Paid Ads,0.83217174,High,5997.67,Low,Mid-Value Occasional Shoppers,4991.091479845801
C107084,East,Referral,0.73202777,High,14028.11,Medium,Mid-Value Occasional Shoppers,10268.9660806147
C107085,West,Social Media,0.1065889,Low,151120.47,High,Mid-Value Occasional Shoppers,16107.764664783
C107086,North,Social Media,0.15372306,Low,96225.1,High,Mid-Value Occasional Shoppers,14792.016820806
C107087,North,Social Media,0.2026525,Low,93416.21,High,Mid-Value Occasional Shoppers,18931.028497025003
C107088,West,Direct,0.0026460649,Low,523630.88,Very High,Mid-Value Occasional Shoppers,1385.561292124112
C107089,North,Referral,0.0072443797,Low,235288.11,Very High,Mid-Value Occasional Shoppers,1704.516407735367
C107090,South,Email Marketing,0.9921813,High,348.82,Low,Low-Engagement / Dormant,346.092681066
C107091,South,Direct,0.95387006,High,2671.99,Low,Low-Engagement / Dormant,2548.7312616194
C107092,West,Email Marketing,0.9814958,High,490.08,Low,Low-Engagement / Dormant,481.011461664
C107093,North,Organic Search,0.26409698,Low,47340.31,High,Mid-Value Occasional Shoppers,12502.432903263798
C107094,Central,Social Media,0.58558154,Medium,54042.85,High,Mid-Value Occasional Shoppers,31646.495328989
C107095,South,Paid Ads,0.10450843,Low,175169.77,High,Mid-Value Occasional Shoppers,18306.717646161094
C107096,Central,Organic Search,0.0043618022,Low,540094.85,Very High,Mid-Value Occasional Shoppers,2355.78690493867
C107097,South,Social Media,0.11069197,Low,180483.52,High,Mid-Value Occasional Shoppers,19978.0763813344
C107098,West,Organic Search,0.0009244107,Low,628448.12,Very High,Mid-Value Occasional Shoppers,580.944166522884
C107099,South,Social Media,0.0006713607,Low,616882.8,Very High,High-Value Loyalists,414.15086842596
C107100,West,Email Marketing,0.00092534523,Low,772526.41,Very High,High-Value Loyalists,714.8536285425243
C107101,East,Paid Ads,0.64731,High,22678.26,Medium,Mid-Value Occasional Shoppers,14679.8644806
C107102,Central,Direct,0.36844832,Medium,40383.12,Medium,Mid-Value Occasional Shoppers,14879.0927203584
C107103,West,Referral,0.950012,High,2164.56,Low,Low-Engagement / Dormant,2056.35797472
C107104,East,Email Marketing,0.05617473,Low,308218.13,Very High,Mid-Value Occasional Shoppers,17314.0702338549
C107105,South,Organic Search,0.7859548,High,17002.4,Medium,Mid-Value Occasional Shoppers,13363.11789152
C107106,South,Direct,0.94071037,High,621.83,Low,Low-Engagement / Dormant,584.9619293771001
C107107,Central,Organic Search,0.72870433,High,21766.17,Medium,Mid-Value Occasional Shoppers,15861.102326516098
C107108,Central,Email Marketing,0.053892504,Low,380534.11,Very High,Mid-Value Occasional Shoppers,20507.93604531144
C107109,North,Organic Search,0.9226048,High,6233.84,Low,Mid-Value Occasional Shoppers,5751.370706432001
C107110,North,Organic Search,0.15592249,Low,38703.91,Medium,Mid-Value Occasional Shoppers,6034.8100199359005
C107111,North,Paid Ads,0.9623316,High,367.11,Low,Low-Engagement / Dormant,353.281553676
C107112,North,Referral,0.07193609,Low,341633.21,Very High,Mid-Value Occasional Shoppers,24575.7573415489
C107113,South,Email Marketing,0.15011686,Low,239896.23,Very High,Mid-Value Occasional Shoppers,36012.4687734378
C107114,West,Social Media,0.0011847443,Low,575456.86,Very High,High-Value Loyalists,681.769234780898
C107115,North,Referral,0.8148293,High,18217.68,Medium,Mid-Value Occasional Shoppers,14844.299442024
C107116,Central,Paid Ads,0.4980495,Medium,18618.72,Medium,Mid-Value Occasional Shoppers,9273.04418664
C107117,Central,Direct,0.050802402,Low,172144.54,High,Mid-Value Occasional Shoppers,8745.356123185082
C107118,South,Paid Ads,0.98776674,High,279.2,Low,Low-Engagement / Dormant,275.784473808
C107119,South,Email Marketing,0.9006582,High,5764.2,Low,Mid-Value Occasional Shoppers,5191.57399644
C107120,East,Referral,0.0011208118,Low,527934.81,Very High,High-Value Loyalists,591.715564678758
C107121,North,Paid Ads,0.019237408,Low,553942.84,Very High,Mid-Value Occasional Shoppers,10656.42442175872
C107122,West,Paid Ads,0.951454,High,2070.61,Low,Low-Engagement / Dormant,1970.09016694
C107123,East,Social Media,0.7502259,High,11339.13,Medium,Mid-Value Occasional Shoppers,8506.909009467
C107124,North,Direct,0.6529096,High,45321.53,Medium,Mid-Value Occasional Shoppers,29590.862023688
C107125,Central,Social Media,0.0020892106,Low,551670.62,Very High,Mid-Value Occasional Shoppers,1152.556107012572
C107126,South,Email Marketing,0.97087985,High,401.91,Low,Low-Engagement / Dormant,390.2063205135
C107127,North,Direct,0.96108174,High,1900.43,Low,Low-Engagement / Dormant,1826.4685711482
C107128,Central,Paid Ads,0.6668571,High,18282.0,Medium,Mid-Value Occasional Shoppers,12191.4815022
C107129,North,Social Media,0.05864498,Low,222237.7,Very High,Mid-Value Occasional Shoppers,13033.125471746
C107130,North,Social Media,0.1405305,Low,107944.04,High,Mid-Value Occasional Shoppers,15169.42991322
C107131,North,Organic Search,0.004528348,Low,362070.95,Very High,Mid-Value Occasional Shoppers,1639.5832622906
C107132,South,Referral,0.36518088,Medium,30174.77,Medium,Mid-Value Occasional Shoppers,11019.2490623976
C107133,South,Organic Search,0.5440121,Medium,49685.91,High,Mid-Value Occasional Shoppers,27029.736239511003
C107134,West,Referral,0.005722954,Low,391190.56,Very High,Mid-Value Occasional Shoppers,2238.76558011424
C107135,South,Social Media,0.92832106,High,2185.68,Low,Low-Engagement / Dormant,2029.0127744208
C107136,East,Email Marketing,0.0946283,Low,192152.62,High,Mid-Value Occasional Shoppers,18183.075771146
C107137,North,Social Media,0.0009290928,Low,798909.31,Very High,High-Value Loyalists,742.2608877739681
C107138,South,Social Media,0.8809252,High,4613.26,Low,Mid-Value Occasional Shoppers,4063.936988152
C107139,Central,Organic Search,0.10444516,Low,172298.78,High,Mid-Value Occasional Shoppers,17995.7736449048
C107140,West,Email Marketing,0.00097332307,Low,759545.1,Very High,High-Value Loyalists,739.282768535457
C107141,West,Paid Ads,0.6528409,High,11234.44,Medium,Mid-Value Occasional Shoppers,7334.301920596
C107142,South,Social Media,0.006434166,Low,329449.69,Very High,Mid-Value Occasional Shoppers,2119.73399410854
C107143,East,Email Marketing,0.94313157,High,698.95,Low,Low-Engagement / Dormant,659.2018108515001
C107144,West,Paid Ads,0.9872251,High,318.25,Low,Low-Engagement / Dormant,314.184388075
C107145,Central,Organic Search,0.0011798532,Low,647048.94,Very High,Mid-Value Occasional Shoppers,763.422762415608
C107146,West,Organic Search,0.40145817,Medium,18094.85,Medium,Mid-Value Occasional Shoppers,7264.3253674245
C107147,South,Social Media,0.9335087,High,1083.2,Low,Low-Engagement / Dormant,1011.17662384
C107148,North,Paid Ads,0.02215262,Low,462835.04,Very High,Mid-Value Occasional Shoppers,10253.0087638048
C107149,North,Paid Ads,0.8607479,High,3868.54,Low,Low-Engagement / Dormant,3329.837681066
C107150,North,Organic Search,0.9819381,High,371.77,Low,Low-Engagement / Dormant,365.055127437
C107151,South,Paid Ads,0.0012420156,Low,829558.27,Very High,High-Value Loyalists,1030.324312449012
C107152,North,Paid Ads,0.08179233,Low,181621.87,High,Mid-Value Occasional Shoppers,14855.2759262571
C107153,South,Social Media,0.0005020603,Low,738940.2,Very High,High-Value Loyalists,370.99253849406
C107154,East,Social Media,0.17311068,Low,81005.44,High,Mid-Value Occasional Shoppers,14022.9068020992
C107155,East,Social Media,0.2280044,Low,146951.54,High,Mid-Value Occasional Shoppers,33505.597706776
C107156,East,Paid Ads,0.9479209,High,554.96,Low,Low-Engagement / Dormant,526.058182664
C107157,North,Email Marketing,0.5039985,Medium,9471.17,Medium,Mid-Value Occasional Shoppers,4773.455473245001
C107158,East,Social Media,0.3921252,Medium,68356.77,High,Mid-Value Occasional Shoppers,26804.412107604003
C107159,Central,Email Marketing,0.15335986,Low,150638.63,High,Mid-Value Occasional Shoppers,23101.9192073918
C107160,South,Social Media,0.9243413,High,551.87,Low,Low-Engagement / Dormant,510.116233231
C107161,Central,Paid Ads,0.37570563,Medium,54172.05,High,Mid-Value Occasional Shoppers,20352.744173641506
C107162,South,Referral,0.9431697,High,1998.01,Low,Low-Engagement / Dormant,1884.462492297
C107163,East,Organic Search,0.94444513,High,3357.96,Low,Low-Engagement / Dormant,3171.4089687348
C107164,East,Direct,0.62429863,High,41947.26,Medium,Mid-Value Occasional Shoppers,26187.6169502538
C107165,West,Social Media,0.7104259,High,16331.61,Medium,Mid-Value Occasional Shoppers,11602.398732699
C107166,Central,Organic Search,0.10453264,Low,156408.32,High,Mid-Value Occasional Shoppers,16349.7746075648
C107167,South,Paid Ads,0.20612189,Low,99752.04,High,Mid-Value Occasional Shoppers,20561.0790161556
C107168,West,Referral,0.09831547,Low,195445.66,High,Mid-Value Occasional Shoppers,19215.3319223602
C107169,Central,Organic Search,0.95135826,High,6131.35,Low,Mid-Value Occasional Shoppers,5833.110467451001
C107170,West,Organic Search,0.0024479378,Low,699252.78,Very High,High-Value Loyalists,1711.727311917084
C107171,North,Direct,0.008540054,Low,458966.82,Very High,Mid-Value Occasional Shoppers,3919.60142700828
C107172,North,Paid Ads,0.973735,High,390.1,Low,Low-Engagement / Dormant,379.8540235
C107174,West,Organic Search,0.6189351,High,9824.3,Medium,Mid-Value Occasional Shoppers,6080.60410293
C107175,Central,Social Media,0.3705607,Medium,81752.28,High,Low-Engagement / Dormant,30294.182103396
C107176,South,Social Media,0.51057065,Medium,26787.84,Medium,Mid-Value Occasional Shoppers,13677.084880896
C107177,West,Social Media,0.62969345,High,20373.46,Medium,Mid-Value Occasional Shoppers,12829.034315837
C107178,West,Direct,0.6310151,High,29813.37,Medium,Mid-Value Occasional Shoppers,18812.686651887
C107179,Central,Organic Search,0.0007944253,Low,671448.08,Very High,High-Value Loyalists,533.4153423884239
C107180,West,Organic Search,0.90529925,High,2529.98,Low,Low-Engagement / Dormant,2290.388996515
C107181,North,Organic Search,0.22622912,Low,57148.33,High,Mid-Value Occasional Shoppers,12928.6164053696
C107182,West,Paid Ads,0.22522733,Low,135899.32,High,Mid-Value Occasional Shoppers,30608.2409924156
C107184,South,Paid Ads,0.9614889,High,10437.1,Medium,Mid-Value Occasional Shoppers,10035.15579819
C107185,North,Email Marketing,0.19244154,Low,81697.96,High,Low-Engagement / Dormant,15722.0812372584
C107186,Central,Organic Search,0.0008137147,Low,786835.82,Very High,Mid-Value Occasional Shoppers,640.259873220554
C107187,North,Email Marketing,0.7768908,High,16436.38,Medium,Mid-Value Occasional Shoppers,12769.272407304
C107188,South,Email Marketing,0.78299785,High,10929.1,Medium,Mid-Value Occasional Shoppers,8557.461802435
C107189,East,Social Media,0.0006856442,Low,738334.59,Very High,High-Value Loyalists,506.234829292878
C107190,Central,Email Marketing,0.9834886,High,302.86,Low,Low-Engagement / Dormant,297.859357396
C107191,West,Referral,0.9674031,High,570.68,Low,Low-Engagement / Dormant,552.077601108
C107192,South,Paid Ads,0.8756586,High,14534.46,Medium,Mid-Value Occasional Shoppers,12727.224895356
C107193,North,Social Media,0.6062129,High,25173.67,Medium,Mid-Value Occasional Shoppers,15260.603494343
C107194,South,Organic Search,0.09255115,Low,181728.69,High,Mid-Value Occasional Shoppers,16819.1992474935
C107195,South,Paid Ads,0.010726022,Low,305748.24,Very High,Mid-Value Occasional Shoppers,3279.46234870128
C107197,South,Social Media,0.0088458955,Low,358866.84,Very High,High-Value Loyalists,3174.49856505522
C107198,North,Paid Ads,0.21751083,Low,77823.18,High,Low-Engagement / Dormant,16927.3844750394
C107199,Central,Social Media,0.110851295,Low,184318.22,High,Mid-Value Occasional Shoppers,20431.9133790949
C107200,North,Direct,0.0016980359,Low,433069.76,Very High,High-Value Loyalists,735.367999684384
C107201,North,Organic Search,0.98757267,High,1556.81,Low,Low-Engagement / Dormant,1537.4630083827
C107202,East,Paid Ads,0.007895703,Low,271429.69,Very High,Mid-Value Occasional Shoppers,2143.12821762207
C107203,North,Organic Search,0.90774864,High,1538.67,Low,Low-Engagement / Dormant,1396.7255999088
C107204,North,Direct,0.48648044,Medium,36780.66,Medium,Mid-Value Occasional Shoppers,17893.071660290403
C107205,Central,Social Media,0.7946817,High,2136.77,Low,Mid-Value Occasional Shoppers,1698.052016109
C107206,West,Organic Search,0.0011271837,Low,750074.89,Very High,High-Value Loyalists,845.472189787293
C107207,West,Social Media,0.0071955896,Low,586161.09,Very High,Mid-Value Occasional Shoppers,4217.774643128663
C107208,West,Social Media,0.00062332564,Low,778295.95,Very High,High-Value Loyalists,485.131821143158
C107209,North,Organic Search,0.8959616,High,4053.69,Low,Mid-Value Occasional Shoppers,3631.950578304
C107210,West,Email Marketing,0.001266369,Low,463968.89,Very High,Mid-Value Occasional Shoppers,587.5558192604101
C107212,North,Organic Search,0.052955426,Low,254187.34,Very High,Mid-Value Occasional Shoppers,13460.59887350684
C107213,South,Direct,0.9098902,High,2756.99,Low,Low-Engagement / Dormant,2508.558182498
C107215,North,Organic Search,0.06996475,Low,164085.05,High,Mid-Value Occasional Shoppers,11480.1695019875
C107216,South,Paid Ads,0.22198752,Low,66615.4,High,Mid-Value Occasional Shoppers,14787.787439807998
C107217,South,Organic Search,0.35870108,Medium,69155.84,High,High-Value Loyalists,24806.2744963072
C107218,East,Social Media,0.00040029484,Low,581093.67,Very High,High-Value Loyalists,232.6087976576628
C107219,North,Paid Ads,0.96162015,High,471.38,Low,Low-Engagement / Dormant,453.288506307
C107220,East,Organic Search,0.6346365,High,24136.26,Medium,Mid-Value Occasional Shoppers,15317.75156949
C107221,North,Direct,0.96111214,High,353.25,Low,Low-Engagement / Dormant,339.512863455
C107222,East,Paid Ads,0.017244224,Low,258133.57,Very High,Mid-Value Occasional Shoppers,4451.31310299968
C107223,North,Paid Ads,0.0007463518,Low,889099.12,Very High,High-Value Loyalists,663.580728590416
C107224,South,Paid Ads,0.92929256,High,875.66,Low,Low-Engagement / Dormant,813.7443230896
C107225,East,Email Marketing,0.9776005,High,579.59,Low,Low-Engagement / Dormant,566.607473795
C107226,East,Organic Search,0.20144708,Low,106248.18,High,Mid-Value Occasional Shoppers,21403.3856163144
C107227,North,Organic Search,0.038843565,Low,164762.27,High,Mid-Value Occasional Shoppers,6399.953944292549
C107229,West,Organic Search,0.01875004,Low,530864.37,Very High,Mid-Value Occasional Shoppers,9953.7281720748
C107230,North,Email Marketing,0.8945634,High,7924.49,Low,Mid-Value Occasional Shoppers,7088.958717666
C107231,East,Social Media,0.004453138,Low,592277.68,Very High,High-Value Loyalists,2637.49424335984
C107232,South,Email Marketing,0.8679904,High,10385.38,Medium,Mid-Value Occasional Shoppers,9014.410140352
C107233,West,Organic Search,0.40306693,Medium,24987.6,Medium,Mid-Value Occasional Shoppers,10071.675220067998
C107234,South,Direct,0.824867,High,1119.2,Low,Low-Engagement / Dormant,923.1911464
C107235,Central,Paid Ads,0.16591729,Low,57679.21,High,Mid-Value Occasional Shoppers,9569.9782125409
C107236,East,Organic Search,0.76033777,High,9682.18,Medium,Mid-Value Occasional Shoppers,7361.727149938601
C107237,East,Referral,0.7486652,High,7189.16,Low,Mid-Value Occasional Shoppers,5382.273909232
C107238,South,Organic Search,0.039537493,Low,275660.06,Very High,High-Value Loyalists,10898.90769262958
C107239,East,Paid Ads,0.0009504048,Low,723958.56,Very High,High-Value Loyalists,688.0536904250881
C107240,North,Social Media,0.9773167,High,987.41,Low,Low-Engagement / Dormant,965.012282747
C107241,South,Organic Search,0.98501945,High,297.63,Low,Low-Engagement / Dormant,293.1713389035
C107242,South,Organic Search,0.00080038747,Low,608097.22,Very High,High-Value Loyalists,486.7133954298334
C107243,West,Paid Ads,0.95007086,High,2509.4,Low,Low-Engagement / Dormant,2384.107816084
C107244,West,Paid Ads,0.022786476,Low,262156.64,Very High,High-Value Loyalists,5973.62598560064
C107245,Central,Social Media,0.077136025,Low,362794.63,Very High,Mid-Value Occasional Shoppers,27984.53564954575
C107246,North,Referral,0.85396993,High,2736.2,Low,Low-Engagement / Dormant,2336.632522466
C107248,West,Paid Ads,0.87166333,High,6900.41,Low,Mid-Value Occasional Shoppers,6014.8343589653
C107250,West,Paid Ads,0.23176958,Low,105952.55,High,Mid-Value Occasional Shoppers,24556.578013429
C107252,Central,Social Media,0.5999155,Medium,28147.81,Medium,Low-Engagement / Dormant,16886.307510055
C107253,East,Organic Search,0.8964761,High,3789.96,Low,Mid-Value Occasional Shoppers,3397.608559956
C107254,West,Referral,0.07354628,Low,149978.33,High,Mid-Value Occasional Shoppers,11030.3482521124
C107255,North,Organic Search,0.99039793,High,279.53,Low,Low-Engagement / Dormant,276.8459333729
C107256,North,Organic Search,0.28387848,Low,61369.01,High,Low-Engagement / Dormant,17421.3412779048
C107257,South,Paid Ads,0.005171846,Low,556308.66,Very High,High-Value Loyalists,2877.14271798636
C107258,East,Paid Ads,0.0010413632,Low,881602.07,Very High,High-Value Loyalists,918.067952741824
C107259,South,Referral,0.9626297,High,483.61,Low,Low-Engagement / Dormant,465.537349217
C107260,Central,Referral,0.8794616,High,22895.72,Medium,Mid-Value Occasional Shoppers,20135.906544352
C107261,North,Direct,0.9699811,High,1373.12,Low,Low-Engagement / Dormant,1331.900448032
C107262,North,Paid Ads,0.84601706,High,6519.11,Low,Low-Engagement / Dormant,5515.278276016599
C107263,South,Organic Search,0.9743062,High,303.52,Low,Low-Engagement / Dormant,295.721417824
C107264,North,Email Marketing,0.3242674,Medium,55470.67,High,Mid-Value Occasional Shoppers,17987.329937158
C107265,South,Referral,0.5741797,Medium,15488.04,Medium,Mid-Value Occasional Shoppers,8892.918160788
C107266,West,Organic Search,0.700548,High,14431.36,Medium,Mid-Value Occasional Shoppers,10109.86038528
C107267,Central,Organic Search,0.15558493,Low,138434.47,High,Mid-Value Occasional Shoppers,21538.3173245371
C107268,North,Paid Ads,0.9497361,High,4298.62,Low,Mid-Value Occasional Shoppers,4082.554594182
C107269,South,Paid Ads,0.20521805,Low,126459.59,High,Mid-Value Occasional Shoppers,25951.7904635995
C107270,West,Social Media,0.34578714,Medium,73144.15,High,Mid-Value Occasional Shoppers,25292.306436231
C107271,South,Organic Search,0.029001974,Low,151785.15,High,Mid-Value Occasional Shoppers,4402.0689738861
C107272,West,Direct,0.84594184,High,5771.18,Low,Mid-Value Occasional Shoppers,4882.0826281712
C107273,East,Social Media,0.8017477,High,6177.8,Low,Mid-Value Occasional Shoppers,4953.03694106
C107274,Central,Referral,0.10725133,Low,175948.42,High,Mid-Value Occasional Shoppers,18870.7020563986
C107275,North,Organic Search,0.10255223,Low,113892.49,High,Mid-Value Occasional Shoppers,11679.9288297527
C107276,Central,Social Media,0.12015587,Low,210384.86,High,Mid-Value Occasional Shoppers,25278.9758881282
C107277,Central,Email Marketing,0.0015783604,Low,719466.66,Very High,High-Value Loyalists,1135.577685264264
C107278,North,Organic Search,0.92055076,High,585.62,Low,Low-Engagement / Dormant,539.0929360712
C107279,East,Social Media,0.013030243,Low,364918.21,Very High,Mid-Value Occasional Shoppers,4754.97295142503
C107280,South,Organic Search,0.53211015,Medium,47843.32,High,Mid-Value Occasional Shoppers,25457.916181698
C107281,South,Paid Ads,0.7299423,High,21542.22,Medium,Mid-Value Occasional Shoppers,15724.577613906002
C107282,Central,Email Marketing,0.00080296193,Low,643556.48,Very High,High-Value Loyalists,516.7513532448064
C107283,North,Referral,0.8390406,High,1855.48,Low,Low-Engagement / Dormant,1556.823052488
C107284,South,Referral,0.23514184,Low,148202.09,High,Mid-Value Occasional Shoppers,34848.5121344456
C107285,North,Organic Search,0.91247934,High,6367.49,Low,Mid-Value Occasional Shoppers,5810.2030726566
C107286,East,Email Marketing,0.8932168,High,1354.43,Low,Mid-Value Occasional Shoppers,1209.799630424
C107287,Central,Social Media,0.97206974,High,355.48,Low,Low-Engagement / Dormant,345.5513511752
C107288,East,Organic Search,0.4601513,Medium,95364.23,High,Mid-Value Occasional Shoppers,43881.974407999
C107289,East,Email Marketing,0.0011309744,Low,543159.78,Very High,Mid-Value Occasional Shoppers,614.299806289632
C107290,North,Organic Search,0.96554726,High,2377.2,Low,Low-Engagement / Dormant,2295.298946472
C107291,West,Organic Search,0.7529127,High,14468.98,Medium,Low-Engagement / Dormant,10893.878798046
C107293,East,Organic Search,0.0018961086,Low,475719.5,Very High,High-Value Loyalists,902.0158351377
C107294,East,Organic Search,0.79727435,High,27561.12,Medium,Mid-Value Occasional Shoppers,21973.774033272
C107295,Central,Organic Search,0.18414477,Low,158274.55,High,Low-Engagement / Dormant,29145.4306066035
C107296,West,Email Marketing,0.8806563,High,18826.08,Medium,Mid-Value Occasional Shoppers,16579.305956304
C107297,West,Organic Search,0.12152353,Low,178971.38,High,High-Value Loyalists,21749.2338665714
C107298,South,Paid Ads,0.9214161,High,2475.14,Low,Mid-Value Occasional Shoppers,2280.633845754
C107299,North,Organic Search,0.542776,Medium,36908.71,Medium,Mid-Value Occasional Shoppers,20033.16197896
C107300,East,Paid Ads,0.0048073684,Low,340969.64,Very High,High-Value Loyalists,1639.1666726953763
C107301,West,Paid Ads,0.87301016,High,3748.57,Low,Mid-Value Occasional Shoppers,3272.5396954712
C107302,West,Email Marketing,0.12569001,Low,89383.53,High,Mid-Value Occasional Shoppers,11234.6167795353
C107303,East,Referral,0.7897562,High,6719.3,Low,Mid-Value Occasional Shoppers,5306.60883466
C107304,South,Email Marketing,0.7469396,High,50204.55,High,Mid-Value Occasional Shoppers,37499.76649518
C107305,North,Referral,0.0008479579,Low,716657.97,Very High,Mid-Value Occasional Shoppers,607.6957872594629
C107307,West,Organic Search,0.30975136,Medium,78739.13,High,Mid-Value Occasional Shoppers,24389.5526027168
C107308,Central,Social Media,0.98039836,High,431.26,Low,Low-Engagement / Dormant,422.8065967336
C107309,East,Paid Ads,0.0015105358,Low,410302.65,Very High,Mid-Value Occasional Shoppers,619.77684165987
C107310,West,Social Media,0.48525438,Medium,42366.95,Medium,Low-Engagement / Dormant,20558.748054741
C107311,West,Organic Search,0.9471468,High,6808.68,Low,Low-Engagement / Dormant,6448.819474224
C107313,North,Paid Ads,0.0011987232,Low,626500.65,Very High,High-Value Loyalists,751.00086397008
C107314,North,Paid Ads,0.0005477371,Low,707261.74,Very High,High-Value Loyalists,387.393494408554
C107315,Central,Direct,0.9238045,High,3388.78,Low,Low-Engagement / Dormant,3130.5702135100005
C107316,North,Organic Search,0.8304791,High,5427.74,Low,Mid-Value Occasional Shoppers,4507.624630234
C107317,East,Organic Search,0.009863697,Low,353737.24,Very High,Mid-Value Occasional Shoppers,3489.15695297628
C107318,South,Organic Search,0.1988503,Low,78407.99,High,Mid-Value Occasional Shoppers,15591.452333897
C107319,East,Paid Ads,0.120152675,Low,326064.54,Very High,Mid-Value Occasional Shoppers,39177.5267036445
C107320,North,Social Media,0.00088845566,Low,712460.77,Very High,High-Value Loyalists,632.9898036344582
C107321,Central,Direct,0.042926703,Low,106726.88,High,Low-Engagement / Dormant,4581.43307987664
C107322,South,Email Marketing,0.7994244,High,9494.15,Medium,Mid-Value Occasional Shoppers,7589.85516726
C107323,Central,Referral,0.02050711,Low,187198.24,High,Mid-Value Occasional Shoppers,3838.8948994864
C107324,East,Referral,0.18573704,Low,78238.26,High,Mid-Value Occasional Shoppers,14531.742827150398
C107325,South,Paid Ads,0.94595265,High,951.86,Low,Low-Engagement / Dormant,900.414489429
C107326,West,Direct,0.11732214,Low,131222.94,High,Mid-Value Occasional Shoppers,15395.3561378916
C107327,East,Social Media,0.0018020382,Low,569979.2,Very High,High-Value Loyalists,1027.12429160544
C107328,North,Organic Search,0.27185398,Low,37981.93,Medium,Mid-Value Occasional Shoppers,10325.5388385814
C107329,West,Direct,0.13315618,Low,94705.92,High,Mid-Value Occasional Shoppers,12610.6785305856
C107330,East,Social Media,0.95492333,High,1926.39,Low,Low-Engagement / Dormant,1839.5547536787
C107331,East,Organic Search,0.6092139,High,15249.57,Medium,Low-Engagement / Dormant,9290.250013023
C107332,West,Referral,0.9316396,High,2853.56,Low,Mid-Value Occasional Shoppers,2658.489496976
C107333,East,Organic Search,0.0004664495,Low,713764.5,Very High,High-Value Loyalists,332.93509414275
C107334,South,Organic Search,0.027003769,Low,488272.33,Very High,Mid-Value Occasional Shoppers,13185.19320841177
C107335,South,Organic Search,0.0031771152,Low,330909.32,Very High,Mid-Value Occasional Shoppers,1051.337030393664
C107336,South,Social Media,0.0020831632,Low,734770.48,Very High,High-Value Loyalists,1530.6468243823358
C107337,East,Paid Ads,0.86558735,High,3881.36,Low,Low-Engagement / Dormant,3359.656116796
C107338,South,Organic Search,0.4480754,Medium,11021.25,Medium,Low-Engagement / Dormant,4938.35100225
C107339,North,Paid Ads,0.0007328172,Low,705767.51,Very High,High-Value Loyalists,517.198570529172
C107340,West,Organic Search,0.9671157,High,330.43,Low,Low-Engagement / Dormant,319.564040751
C107341,North,Social Media,0.7107857,High,7185.47,Low,Mid-Value Occasional Shoppers,5107.329323779
C107342,North,Paid Ads,0.4074747,Medium,46800.64,High,Mid-Value Occasional Shoppers,19070.076743808
C107343,West,Organic Search,0.85554266,High,4653.53,Low,Mid-Value Occasional Shoppers,3981.2934345898
C107344,West,Organic Search,0.1622606,Low,83820.6,High,Mid-Value Occasional Shoppers,13600.780848360002
C107345,West,Paid Ads,0.14368337,Low,132389.81,High,Mid-Value Occasional Shoppers,19022.2140544597
C107346,South,Paid Ads,0.0013122663,Low,697693.07,Very High,High-Value Loyalists,915.5591035045408
C107347,East,Email Marketing,0.9542265,High,459.76,Low,Low-Engagement / Dormant,438.71517564
C107348,Central,Organic Search,0.35315982,Medium,30528.73,Medium,Mid-Value Occasional Shoppers,10781.5207916286
C107349,South,Organic Search,0.0015116732,Low,673598.97,Very High,Mid-Value Occasional Shoppers,1018.261510496604
C107350,North,Organic Search,0.20573743,Low,70152.27,High,Low-Engagement / Dormant,14432.9477384661
C107351,North,Social Media,0.9471305,High,317.34,Low,Low-Engagement / Dormant,300.56239287
C107352,Central,Paid Ads,0.44400707,Medium,50975.99,High,Mid-Value Occasional Shoppers,22633.699960249294
C107353,South,Social Media,0.5971917,Medium,11494.98,Medium,Mid-Value Occasional Shoppers,6864.706647665999
C107354,East,Referral,0.00081255514,Low,581199.81,Very High,Mid-Value Occasional Shoppers,472.2568929825235
C107355,East,Organic Search,0.0007287984,Low,679179.75,Very High,High-Value Loyalists,494.9851151124
C107356,Central,Paid Ads,0.0015972462,Low,683646.82,Very High,Mid-Value Occasional Shoppers,1091.952285387084
C107357,South,Direct,0.065231025,Low,193828.75,High,Mid-Value Occasional Shoppers,12643.648036968749
C107358,East,Organic Search,0.20797043,Low,64435.23,High,Mid-Value Occasional Shoppers,13400.6224902489
C107359,Central,Social Media,0.7650018,High,11054.63,Medium,Mid-Value Occasional Shoppers,8456.811848333999
C107360,North,Social Media,0.16764997,Low,61040.1,High,Mid-Value Occasional Shoppers,10233.370933797
C107361,East,Organic Search,0.005105909,Low,492545.16,Very High,High-Value Loyalists,2514.89076535044
C107362,North,Referral,0.833515,High,11075.49,Medium,Mid-Value Occasional Shoppers,9231.58704735
C107363,South,Organic Search,0.08608048,Low,155185.94,High,Mid-Value Occasional Shoppers,13358.4802044512
C107364,North,Organic Search,0.0008801772,Low,533044.3,Very High,High-Value Loyalists,469.17343944996
C107365,South,Social Media,0.0037366024,Low,604943.3,Very High,High-Value Loyalists,2260.4325866439203
C107366,North,Email Marketing,0.014623481,Low,337968.79,Very High,High-Value Loyalists,4942.28017915799
C107367,West,Organic Search,0.40780184,Medium,34904.39,Medium,Mid-Value Occasional Shoppers,14234.0744660776
C107368,East,Social Media,0.09985701,Low,224318.23,Very High,Mid-Value Occasional Shoppers,22399.747736292305
C107369,South,Organic Search,0.80868304,High,8474.45,Low,Mid-Value Occasional Shoppers,6853.143988328001
C107370,West,Social Media,0.7610875,High,7444.57,Low,Mid-Value Occasional Shoppers,5665.969169875
C107371,Central,Paid Ads,0.2832995,Low,67180.86,High,Low-Engagement / Dormant,19032.30404757
C107372,South,Paid Ads,0.9376647,High,423.5,Low,Low-Engagement / Dormant,397.10100045
C107373,North,Direct,0.35373375,Medium,58338.09,High,Mid-Value Occasional Shoppers,20636.151343537495
C107374,North,Referral,0.65800136,High,11861.37,Medium,Mid-Value Occasional Shoppers,7804.797591463201
C107375,Central,Organic Search,0.6809033,High,19398.96,Medium,Mid-Value Occasional Shoppers,13208.815880568
C107376,West,Direct,0.00066427316,Low,1015701.73,Very High,High-Value Loyalists,674.7033978045667
C107377,East,Organic Search,0.11615644,Low,226237.38,Very High,Mid-Value Occasional Shoppers,26278.9286557272
C107378,North,Referral,0.0009284079,Low,672880.86,Very High,High-Value Loyalists,624.707906182794
C107379,East,Referral,0.74022573,High,10229.37,Medium,Low-Engagement / Dormant,7572.042875690101
C107380,West,Email Marketing,0.9756109,High,2230.41,Low,Low-Engagement / Dormant,2176.012307469
C107381,South,Paid Ads,0.26112592,Low,82138.89,High,Mid-Value Occasional Shoppers,21448.5932190288
C107382,North,Referral,0.929006,High,4387.72,Low,Mid-Value Occasional Shoppers,4076.21820632
C107383,South,Social Media,0.6691946,High,10426.22,Medium,Mid-Value Occasional Shoppers,6977.170122412
C107384,West,Paid Ads,0.7978172,High,27584.91,Medium,Mid-Value Occasional Shoppers,22007.715658452
C107386,North,Organic Search,0.969739,High,541.34,Low,Low-Engagement / Dormant,524.95851026
C107387,Central,Organic Search,0.0019547914,Low,351697.88,Very High,High-Value Loyalists,687.4959912222321
C107388,South,Social Media,0.48155525,Medium,21626.53,Medium,Mid-Value Occasional Shoppers,10414.3690607825
C107389,West,Organic Search,0.0023519616,Low,599519.77,Very High,Mid-Value Occasional Shoppers,1410.047477480832
C107390,Central,Email Marketing,0.1369417,Low,194502.22,High,Mid-Value Occasional Shoppers,26635.464660574
C107392,North,Paid Ads,0.78330934,High,7049.58,Low,Mid-Value Occasional Shoppers,5522.0018570772
C107393,South,Referral,0.92130995,High,4538.91,Low,Low-Engagement / Dormant,4181.7429451545
C107394,West,Email Marketing,0.15030697,Low,104417.32,High,Mid-Value Occasional Shoppers,15694.650984720402
C107395,East,Referral,0.44129676,Medium,34566.78,Medium,Mid-Value Occasional Shoppers,15254.2080176328
C107396,South,Organic Search,0.0042229984,Low,824936.0,Very High,Mid-Value Occasional Shoppers,3483.7034081024
C107397,East,Paid Ads,0.5493236,Medium,24021.26,Medium,Mid-Value Occasional Shoppers,13195.445019736
C107398,South,Referral,0.98976773,High,320.31,Low,Low-Engagement / Dormant,317.0325015963
C107399,South,Email Marketing,0.91955,High,3272.56,Low,Mid-Value Occasional Shoppers,3009.282548
C107400,West,Social Media,0.0009092799,Low,866993.3,Very High,High-Value Loyalists,788.3395811246701
C107401,South,Social Media,0.17572938,Low,90243.75,High,Mid-Value Occasional Shoppers,15858.478236375
C107402,South,Paid Ads,0.94145256,High,5025.4,Low,Low-Engagement / Dormant,4731.175695024
C107403,South,Paid Ads,0.93260217,High,1376.49,Low,Low-Engagement / Dormant,1283.7175609833
C107404,Central,Paid Ads,0.008903137,Low,272270.25,Very High,Mid-Value Occasional Shoppers,2424.05933677425
C107405,North,Organic Search,0.07468172,Low,108156.1,High,Mid-Value Occasional Shoppers,8077.283576492
C107406,North,Organic Search,0.60375977,High,8386.99,Low,Low-Engagement / Dormant,5063.7271533923
C107407,South,Social Media,0.08806886,Low,105168.24,High,Low-Engagement / Dormant,9262.0470050064
C107408,North,Social Media,0.009393793,Low,408575.3,Very High,Mid-Value Occasional Shoppers,3838.0717931129
C107409,North,Organic Search,0.9544073,High,3071.12,Low,Low-Engagement / Dormant,2931.099347176
C107410,North,Email Marketing,0.7869861,High,15837.62,Medium,Low-Engagement / Dormant,12463.986797082
C107411,North,Organic Search,0.43215984,Medium,85715.33,High,Mid-Value Occasional Shoppers,37042.723298347206
C107412,East,Referral,0.5543364,Medium,17078.4,Medium,Mid-Value Occasional Shoppers,9467.17877376
C107413,North,Referral,0.021833397,Low,129303.03,High,Mid-Value Occasional Shoppers,2823.12438729291
C107414,South,Email Marketing,0.0017488028,Low,639002.05,Very High,Mid-Value Occasional Shoppers,1117.4885742457402
C107415,West,Email Marketing,0.44496787,Medium,14246.92,Medium,Mid-Value Occasional Shoppers,6339.4216464604
C107417,North,Paid Ads,0.5404799,Medium,14560.29,Medium,Mid-Value Occasional Shoppers,7869.544083171
C107418,Central,Social Media,0.85064894,High,3283.7,Low,Low-Engagement / Dormant,2793.275924278
C107419,East,Email Marketing,0.95960623,High,1734.4,Low,Low-Engagement / Dormant,1664.341045312
C107420,East,Paid Ads,0.6270897,High,28772.16,Medium,Mid-Value Occasional Shoppers,18042.725182752
C107421,East,Social Media,0.80950475,High,4815.56,Low,Mid-Value Occasional Shoppers,3898.21869391
C107422,Central,Organic Search,0.00089261937,Low,623599.82,Very High,High-Value Loyalists,556.6372784605134
C107423,North,Social Media,0.8605808,High,14034.0,Medium,Mid-Value Occasional Shoppers,12077.3909472
C107424,North,Organic Search,0.720406,High,8149.02,Low,Mid-Value Occasional Shoppers,5870.60290212
C107425,West,Social Media,0.20279753,Low,97257.61,High,Mid-Value Occasional Shoppers,19723.6030817033
C107426,North,Paid Ads,0.9605907,High,322.37,Low,Low-Engagement / Dormant,309.665623959
C107427,East,Organic Search,0.9442777,High,3364.43,Low,Low-Engagement / Dormant,3176.956222211
C107428,North,Paid Ads,0.252865,Low,60549.99,High,Low-Engagement / Dormant,15310.97322135
C107429,South,Referral,0.5089065,Medium,25936.94,Medium,Mid-Value Occasional Shoppers,13199.47735611
C107430,East,Email Marketing,0.74256444,High,16523.69,Medium,Mid-Value Occasional Shoppers,12269.9046115836
C107431,East,Organic Search,0.98205906,High,3172.53,Low,Low-Engagement / Dormant,3115.6118296218
C107432,East,Organic Search,0.9343072,High,611.22,Low,Low-Engagement / Dormant,571.0672467840001
C107433,North,Referral,0.73507935,High,5532.04,Low,Mid-Value Occasional Shoppers,4066.488367374
C107434,South,Social Media,0.60351384,High,25524.95,Medium,Mid-Value Occasional Shoppers,15404.660590308
C107435,West,Paid Ads,0.17634337,Low,65439.83,High,Mid-Value Occasional Shoppers,11539.8801544271
C107436,North,Social Media,0.9809848,High,1870.31,Low,Low-Engagement / Dormant,1834.745681288
C107437,East,Email Marketing,0.004953306,Low,380780.84,Very High,Mid-Value Occasional Shoppers,1886.1240194570405
C107438,East,Organic Search,0.94454,High,3263.94,Low,Low-Engagement / Dormant,3082.9218876
C107439,South,Paid Ads,0.85099643,High,13234.21,Medium,Mid-Value Occasional Shoppers,11262.2654638703
C107440,South,Organic Search,0.10861165,Low,154811.57,High,Mid-Value Occasional Shoppers,16814.3400567905
C107441,West,Direct,0.029717296,Low,177203.68,High,Mid-Value Occasional Shoppers,5266.01421084928
C107442,South,Email Marketing,0.51203966,Medium,38636.41,Medium,Mid-Value Occasional Shoppers,19783.374240020603
C107443,North,Social Media,0.84069026,High,5049.16,Low,Low-Engagement / Dormant,4244.7796331816
C107444,Central,Direct,0.9930218,High,282.01,Low,Low-Engagement / Dormant,280.042077818
C107445,North,Organic Search,0.14601985,Low,143093.6,High,Mid-Value Occasional Shoppers,20894.50600796
C107446,West,Referral,0.003627132,Low,264380.76,Very High,High-Value Loyalists,958.94391478032
C107447,North,Referral,0.9694741,High,655.48,Low,Low-Engagement / Dormant,635.470883068
C107448,South,Email Marketing,0.010587159,Low,381033.95,Very High,Mid-Value Occasional Shoppers,4034.0670130480494
C107449,East,Referral,0.07077296,Low,131046.36,High,High-Value Loyalists,9274.5387944256
C107450,North,Organic Search,0.8497675,High,7800.72,Low,Mid-Value Occasional Shoppers,6628.7983326
C107451,West,Organic Search,0.9184908,High,713.08,Low,Low-Engagement / Dormant,654.9574196640001
C107452,South,Organic Search,0.05774831,Low,157204.18,High,Mid-Value Occasional Shoppers,9078.275719935798
C107453,East,Email Marketing,0.73289853,High,19599.34,Medium,Low-Engagement / Dormant,14364.3274749702
C107454,West,Paid Ads,0.3556167,Medium,53620.92,High,Mid-Value Occasional Shoppers,19068.494621364
C107455,East,Social Media,0.33352008,Medium,87266.35,High,Mid-Value Occasional Shoppers,29105.080033308
C107456,South,Organic Search,0.20320359,Low,67972.38,High,Mid-Value Occasional Shoppers,13812.2316368442
C107457,South,Paid Ads,0.9613788,High,1353.73,Low,Low-Engagement / Dormant,1301.447322924
C107458,North,Paid Ads,0.8866227,High,7078.14,Low,Mid-Value Occasional Shoppers,6275.639597778
C107459,Central,Social Media,0.3554402,Medium,55074.18,High,Mid-Value Occasional Shoppers,19575.577554036
C107460,East,Paid Ads,0.9408701,High,1741.84,Low,Low-Engagement / Dormant,1638.845174984
C107461,East,Organic Search,0.82326776,High,11963.63,Medium,Mid-Value Occasional Shoppers,9849.2708715688
C107462,South,Organic Search,0.91893184,High,2388.01,Low,Low-Engagement / Dormant,2194.4184232384005
C107463,South,Direct,0.6480472,High,45994.01,High,Mid-Value Occasional Shoppers,29806.289397272005
C107464,North,Social Media,0.4366625,Medium,59300.0,High,Mid-Value Occasional Shoppers,25894.08625
C107465,North,Social Media,0.7740688,High,1975.09,Low,Low-Engagement / Dormant,1528.855546192
C107466,South,Email Marketing,0.73049295,High,15405.32,Medium,Mid-Value Occasional Shoppers,11253.477652494
C107467,South,Social Media,0.076857634,Low,190823.58,High,Mid-Value Occasional Shoppers,14666.248870209718
C107468,North,Social Media,0.5345232,Medium,15729.83,Medium,Mid-Value Occasional Shoppers,8407.959067056
C107469,East,Social Media,0.04801413,Low,242248.51,Very High,Mid-Value Occasional Shoppers,11631.3514514463
C107470,East,Organic Search,0.38225028,Medium,54331.55,High,Mid-Value Occasional Shoppers,20768.250200334
C107471,South,Paid Ads,0.009792292,Low,245717.89,Very High,High-Value Loyalists,2406.14132850388
C107472,West,Email Marketing,0.003331689,Low,482703.08,Very High,Mid-Value Occasional Shoppers,1608.21654190212
C107473,East,Paid Ads,0.7656737,High,20516.1,Medium,Mid-Value Occasional Shoppers,15708.638196569998
C107474,North,Organic Search,0.63750136,High,12288.95,Medium,Mid-Value Occasional Shoppers,7834.222337972001
C107475,West,Email Marketing,0.079642095,Low,125180.91,High,Mid-Value Occasional Shoppers,9969.66992640645
C107476,East,Organic Search,0.001160655,Low,580768.12,Very High,High-Value Loyalists,674.0714223186
C107477,East,Social Media,0.67656153,High,16549.79,Medium,Mid-Value Occasional Shoppers,11196.9512435787
C107478,Central,Referral,0.95793194,High,979.03,Low,Low-Engagement / Dormant,937.8441072182
C107479,North,Paid Ads,0.5523003,Medium,35027.57,Medium,Low-Engagement / Dormant,19345.737419271
C107480,East,Organic Search,0.43834406,Medium,37531.74,Medium,Mid-Value Occasional Shoppers,16451.815290464398
C107481,South,Paid Ads,0.26053238,Low,164439.51,High,High-Value Loyalists,42841.81690633381
C107483,South,Email Marketing,0.4666844,Medium,47548.53,High,Mid-Value Occasional Shoppers,22190.157193932
C107484,South,Email Marketing,0.00093330716,Low,948118.79,Very High,High-Value Loyalists,884.8860552375364
C107485,North,Organic Search,0.018957727,Low,169689.59,High,Mid-Value Occasional Shoppers,3216.92892196193
C107486,East,Organic Search,0.12443114,Low,107792.64,High,Mid-Value Occasional Shoppers,13412.7610788096
C107487,South,Social Media,0.011489586,Low,205349.07,High,Mid-Value Occasional Shoppers,2359.37579978502
C107488,South,Referral,0.11771362,Low,162669.79,High,Mid-Value Occasional Shoppers,19148.4498455398
C107489,North,Organic Search,0.00045391315,Low,519271.57,Very High,High-Value Loyalists,235.7041940441455
C107490,South,Organic Search,0.9741853,High,363.66,Low,Low-Engagement / Dormant,354.27222619800006
C107491,East,Organic Search,0.9262077,High,773.21,Low,Low-Engagement / Dormant,716.153055717
C107492,East,Paid Ads,0.0016122974,Low,345969.16,Very High,Mid-Value Occasional Shoppers,557.805177148184
C107493,West,Referral,0.060497712,Low,161638.45,High,Mid-Value Occasional Shoppers,9778.7563962264
C107494,Central,Direct,0.014147552,Low,173372.33,High,Mid-Value Occasional Shoppers,2452.79405403616
C107495,North,Organic Search,0.5564043,Medium,24756.24,Medium,Mid-Value Occasional Shoppers,13774.478387832
C107496,South,Social Media,0.0005649735,Low,888556.57,Very High,High-Value Loyalists,502.010915300895
C107497,Central,Paid Ads,0.00095140503,Low,767326.81,Very High,High-Value Loyalists,730.0385866878544
C107498,East,Paid Ads,0.84904146,High,1515.87,Low,Low-Engagement / Dormant,1287.0364779702
C107499,Central,Organic Search,0.27615872,Low,98172.45,High,Mid-Value Occasional Shoppers,27111.178131264
C107500,West,Paid Ads,0.8391828,High,424.5,Low,Low-Engagement / Dormant,356.2330986
C107501,West,Organic Search,0.97411704,High,376.09,Low,Low-Engagement / Dormant,366.3556775736
C107502,North,Referral,0.01488519,Low,211053.97,High,Mid-Value Occasional Shoppers,3141.5784437043
C107503,South,Social Media,0.7323534,High,5552.75,Low,Mid-Value Occasional Shoppers,4066.57534185
C107504,East,Social Media,0.74746054,High,26438.62,Medium,Mid-Value Occasional Shoppers,19761.8251820548
C107505,East,Social Media,0.099389024,Low,165460.44,High,Mid-Value Occasional Shoppers,16444.951642210563
C107507,Central,Organic Search,0.8966837,High,1175.07,Low,Low-Engagement / Dormant,1053.6661153589998
C107508,North,Organic Search,0.35739106,Medium,30644.46,Medium,Mid-Value Occasional Shoppers,10952.0560425276
C107509,South,Organic Search,0.0009212383,Low,685864.47,Very High,High-Value Loyalists,631.844618373201
C107510,Central,Organic Search,0.6891318,High,23220.51,Medium,Mid-Value Occasional Shoppers,16001.991853217998
C107511,West,Direct,0.18248191,Low,90835.65,High,Low-Engagement / Dormant,16575.862908091498
C107512,West,Direct,0.19858673,Low,111948.92,High,Mid-Value Occasional Shoppers,22231.5699498316
C107513,East,Referral,0.5064791,Medium,12304.68,Medium,Low-Engagement / Dormant,6232.063252188
C107514,Central,Social Media,0.5834499,Medium,23933.23,Medium,Mid-Value Occasional Shoppers,13963.840650177
C107515,South,Social Media,0.42594385,Medium,34678.83,Medium,Mid-Value Occasional Shoppers,14771.2343636955
C107516,North,Social Media,0.00054143457,Low,732381.96,Very High,High-Value Loyalists,396.5369115883572
C107517,North,Social Media,0.0019798062,Low,591911.51,Very High,High-Value Loyalists,1171.870077349362
C107518,South,Organic Search,0.49052808,Medium,13299.37,Medium,Mid-Value Occasional Shoppers,6523.7144313096005
C107520,South,Referral,0.003361893,Low,573109.6,Very High,Mid-Value Occasional Shoppers,1926.7331524728
C107521,East,Organic Search,0.021276854,Low,196364.63,High,Mid-Value Occasional Shoppers,4178.02156327402
C107522,South,Social Media,0.8563705,High,4551.23,Low,Mid-Value Occasional Shoppers,3897.539110715
C107523,West,Referral,0.0006642694,Low,615681.93,Very High,High-Value Loyalists,408.9786662319421
C107524,North,Email Marketing,0.27290377,Low,40972.04,Medium,Mid-Value Occasional Shoppers,11181.4241805908
C107525,East,Paid Ads,0.2891251,Low,25773.86,Medium,Mid-Value Occasional Shoppers,7451.869849886
C107526,North,Paid Ads,0.0013474951,Low,566864.84,Very High,High-Value Loyalists,763.847594262284
C107527,East,Paid Ads,0.27993408,Low,48767.47,High,Mid-Value Occasional Shoppers,13651.6768483776
C107528,South,Paid Ads,0.75800645,High,5964.47,Low,Mid-Value Occasional Shoppers,4521.1067308315005
C107529,East,Organic Search,0.3385639,Medium,38839.23,Medium,Low-Engagement / Dormant,13149.561181797
C107530,East,Organic Search,0.95834076,High,1323.91,Low,Low-Engagement / Dormant,1268.7569155716
C107531,Central,Paid Ads,0.6931608,High,29388.46,Medium,Mid-Value Occasional Shoppers,20370.928444368
C107532,Central,Paid Ads,0.3344394,Medium,15728.72,Medium,Mid-Value Occasional Shoppers,5260.303679568
C107533,South,Referral,0.16405228,Low,54141.3,High,Mid-Value Occasional Shoppers,8882.003707164
C107534,North,Social Media,0.5794113,Medium,31201.58,Medium,Mid-Value Occasional Shoppers,18078.548029854
C107535,North,Paid Ads,0.31472647,Medium,47278.93,High,Mid-Value Occasional Shoppers,14879.9307442771
C107536,North,Paid Ads,0.82889974,High,8158.99,Low,Mid-Value Occasional Shoppers,6762.9846896626
C107537,North,Referral,0.8746595,High,4300.09,Low,Mid-Value Occasional Shoppers,3761.114569355
C107538,Central,Paid Ads,0.573295,Medium,21512.14,Medium,Mid-Value Occasional Shoppers,12332.8023013
C107539,Central,Social Media,0.8678182,High,4620.11,Low,Low-Engagement / Dormant,4009.415544002
C107540,North,Organic Search,0.8943932,High,5890.03,Low,Mid-Value Occasional Shoppers,5268.002779796
C107541,West,Organic Search,0.9132777,High,583.05,Low,Low-Engagement / Dormant,532.486562985
C107542,West,Direct,0.97520566,High,432.95,Low,Low-Engagement / Dormant,422.215290497
C107543,South,Organic Search,0.3263153,Medium,44844.07,Medium,Mid-Value Occasional Shoppers,14633.306155271
C107544,Central,Paid Ads,0.9367266,High,413.8,Low,Low-Engagement / Dormant,387.61746708
C107545,Central,Organic Search,0.019422604,Low,232461.39,Very High,Mid-Value Occasional Shoppers,4515.0055232595605
C107546,Central,Social Media,0.48657537,Medium,47597.64,High,Mid-Value Occasional Shoppers,23159.8392941268
C107547,West,Referral,0.0016779916,Low,466224.79,Very High,Mid-Value Occasional Shoppers,782.321281331764
C107548,South,Referral,0.79663575,High,3305.48,Low,Low-Engagement / Dormant,2633.26353891
C107549,North,Email Marketing,0.0045196055,Low,278334.85,Very High,Mid-Value Occasional Shoppers,1257.9637189016748
C107550,Central,Paid Ads,0.73274076,High,8095.21,Low,Mid-Value Occasional Shoppers,5931.6903277596
C107551,South,Paid Ads,0.95107865,High,628.79,Low,Low-Engagement / Dormant,598.0287443335
C107552,South,Direct,0.13119769,Low,109024.48,High,Mid-Value Occasional Shoppers,14303.7599294512
C107553,South,Paid Ads,0.76854753,High,5278.4,Low,Mid-Value Occasional Shoppers,4056.701282352
C107554,East,Email Marketing,0.022788115,Low,212339.35,High,Mid-Value Occasional Shoppers,4838.81352682525
C107555,North,Social Media,0.98105407,High,286.97,Low,Low-Engagement / Dormant,281.53308646790003
C107556,West,Organic Search,0.8243197,High,6805.46,Low,Low-Engagement / Dormant,5609.874745562
C107557,East,Direct,0.0008049154,Low,669315.0,Very High,High-Value Loyalists,538.741950951
C107558,South,Paid Ads,0.6765079,High,20808.51,Medium,Mid-Value Occasional Shoppers,14077.121402229
C107559,South,Social Media,0.0032853992,Low,560621.46,Very High,High-Value Loyalists,1841.865296186832
C107560,East,Organic Search,0.031441063,Low,203953.65,High,Mid-Value Occasional Shoppers,6412.5195587299495
C107561,West,Social Media,0.20602265,Low,111323.14,High,Mid-Value Occasional Shoppers,22935.088309121
C107562,Central,Social Media,0.6671409,High,24970.17,Medium,Mid-Value Occasional Shoppers,16658.621686953
C107563,West,Organic Search,0.99018973,High,495.61,Low,Low-Engagement / Dormant,490.7479320853
C107564,South,Direct,0.5766644,Medium,50068.08,High,Mid-Value Occasional Shoppers,28872.479312352
C107565,West,Organic Search,0.66403407,High,19942.44,Medium,Mid-Value Occasional Shoppers,13242.4595989308
C107566,East,Paid Ads,0.369465,Medium,86370.69,High,Mid-Value Occasional Shoppers,31910.94698085
C107567,East,Organic Search,0.050151188,Low,165997.72,High,Mid-Value Occasional Shoppers,8324.98286329136
C107568,West,Referral,0.83524644,High,11637.31,Medium,Mid-Value Occasional Shoppers,9720.0217486764
C107569,South,Paid Ads,0.9157593,High,5897.47,Low,Mid-Value Occasional Shoppers,5400.662998971001
C107571,West,Referral,0.9330406,High,1032.65,Low,Low-Engagement / Dormant,963.50437559
C107572,South,Referral,0.8167045,High,6443.14,Low,Mid-Value Occasional Shoppers,5262.141432130001
C107573,West,Direct,0.82505953,High,4202.77,Low,Mid-Value Occasional Shoppers,3467.5354408981
C107574,South,Email Marketing,0.84403855,High,17783.57,Medium,Mid-Value Occasional Shoppers,15010.0186366235
C107575,East,Paid Ads,0.9699239,High,312.47,Low,Low-Engagement / Dormant,303.07212103300003
C107576,West,Referral,0.4553092,Medium,31931.42,Medium,Mid-Value Occasional Shoppers,14538.669295064
C107577,North,Organic Search,0.764735,High,5317.89,Low,Mid-Value Occasional Shoppers,4066.7766091500007
C107578,South,Organic Search,0.032232895,Low,183722.31,High,Mid-Value Occasional Shoppers,5921.901927387449
C107579,East,Paid Ads,0.69011,High,29957.67,Medium,Mid-Value Occasional Shoppers,20674.0876437
C107580,North,Paid Ads,0.15743706,Low,163463.05,High,High-Value Loyalists,25735.142010633
C107581,North,Social Media,0.00052793865,Low,631906.62,Very High,High-Value Loyalists,333.607927888863
C107582,West,Paid Ads,0.00042785835,Low,900987.99,Very High,High-Value Loyalists,385.4952347712165
C107583,North,Social Media,0.0342244,Low,295455.19,Very High,Mid-Value Occasional Shoppers,10111.776604636
C107584,East,Direct,0.71488845,High,14989.56,Medium,Mid-Value Occasional Shoppers,10715.863314582
C107585,North,Organic Search,0.5508613,Medium,58304.42,High,Mid-Value Occasional Shoppers,32117.648596946
C107586,North,Paid Ads,0.1708971,Low,68654.48,High,Mid-Value Occasional Shoppers,11732.851534008
C107587,South,Organic Search,0.00045139497,Low,666790.11,Very High,High-Value Loyalists,300.9857016997467
C107588,Central,Organic Search,0.8493951,High,16226.26,Medium,Mid-Value Occasional Shoppers,13782.505735326
C107589,East,Direct,0.9788684,High,2603.08,Low,Low-Engagement / Dormant,2548.072754672
C107590,South,Organic Search,0.1285904,Low,67829.3,High,Mid-Value Occasional Shoppers,8722.19681872
C107591,South,Organic Search,0.3639697,Medium,67665.75,High,Mid-Value Occasional Shoppers,24628.282727775
C107592,East,Paid Ads,0.5014982,Medium,28506.88,Medium,Mid-Value Occasional Shoppers,14296.149007616
C107593,East,Paid Ads,0.0011134191,Low,639611.09,Very High,High-Value Loyalists,712.155204177819
C107594,South,Social Media,0.74318165,High,7503.17,Low,Low-Engagement / Dormant,5576.2182608305
C107595,North,Direct,0.8915883,High,16768.37,Medium,Mid-Value Occasional Shoppers,14950.482502071
C107596,East,Referral,0.4352399,Medium,78563.77,High,Mid-Value Occasional Shoppers,34194.087398423006
C107597,East,Paid Ads,0.014454426,Low,342886.51,Very High,Mid-Value Occasional Shoppers,4956.22768519326
C107598,West,Referral,0.9841846,High,391.94,Low,Low-Engagement / Dormant,385.741312124
C107599,East,Email Marketing,0.07470935,Low,167268.24,High,Mid-Value Occasional Shoppers,12496.501486044
C107600,West,Organic Search,0.9344677,High,3205.28,Low,Low-Engagement / Dormant,2995.2306294560003
C107601,East,Referral,0.955856,High,2019.53,Low,Low-Engagement / Dormant,1930.37986768
C107602,East,Social Media,0.72352856,High,19362.67,Medium,Mid-Value Occasional Shoppers,14009.4447428552
C107603,East,Referral,0.22588247,Low,108513.63,High,Mid-Value Occasional Shoppers,24511.326773066103
C107605,Central,Referral,0.9825435,High,607.39,Low,Low-Engagement / Dormant,596.787096465
C107606,South,Referral,0.98726696,High,422.89,Low,Low-Engagement / Dormant,417.5053247144
C107607,East,Referral,0.014799543,Low,462812.45,Very High,Mid-Value Occasional Shoppers,6849.41275471035
C107608,East,Organic Search,0.7517983,High,4852.04,Low,Mid-Value Occasional Shoppers,3647.755423532
C107609,Central,Organic Search,0.0006177023,Low,554087.24,Very High,High-Value Loyalists,342.260962548652
C107610,North,Referral,0.16235843,Low,60719.08,High,Mid-Value Occasional Shoppers,9858.2544998444
C107612,North,Direct,0.7196501,High,17342.91,Medium,Mid-Value Occasional Shoppers,12480.826915791
C107613,North,Paid Ads,0.49999392,Medium,33798.95,Medium,Mid-Value Occasional Shoppers,16899.269502384
C107614,Central,Organic Search,0.00037113397,Low,669257.21,Very High,Mid-Value Occasional Shoppers,248.3840852984237
C107616,East,Referral,0.96708184,High,389.69,Low,Low-Engagement / Dormant,376.8621222296
C107617,East,Social Media,0.9054664,High,6488.17,Low,Mid-Value Occasional Shoppers,5874.819932488
C107618,Central,Referral,0.52916527,Medium,35238.14,Medium,Mid-Value Occasional Shoppers,18646.7998673978
C107619,West,Paid Ads,0.004763342,Low,383891.51,Very High,Mid-Value Occasional Shoppers,1828.60655302642
C107620,South,Organic Search,0.83840185,High,15307.3,Medium,Mid-Value Occasional Shoppers,12833.668638505
C107621,West,Organic Search,0.83230275,High,3989.29,Low,Low-Engagement / Dormant,3320.2970375475
C107622,North,Paid Ads,0.60419923,High,17841.61,Medium,Mid-Value Occasional Shoppers,10779.8870239603
C107623,East,Social Media,0.0046552224,Low,598444.07,Very High,Mid-Value Occasional Shoppers,2785.890239811168
C107624,West,Organic Search,0.590607,Medium,28588.09,Medium,Mid-Value Occasional Shoppers,16884.32607063
C107626,East,Organic Search,0.05071963,Low,225209.57,Very High,Mid-Value Occasional Shoppers,11422.5460628591
C107627,West,Referral,0.0023530964,Low,690701.89,Very High,Mid-Value Occasional Shoppers,1625.288130832196
C107628,East,Social Media,0.0008658139,Low,453843.92,Very High,Mid-Value Occasional Shoppers,392.944374366488
C107629,Central,Organic Search,0.0829872,Low,165057.96,High,Mid-Value Occasional Shoppers,13697.697938111998
C107630,North,Social Media,0.0012001947,Low,1076323.11,Very High,High-Value Loyalists,1291.797292109517
C107631,South,Direct,0.094631076,Low,148566.64,High,Mid-Value Occasional Shoppers,14059.02100090464
C107632,West,Direct,0.14280435,Low,140238.38,High,Mid-Value Occasional Shoppers,20026.650700953
C107633,South,Paid Ads,0.00087741384,Low,629806.57,Very High,High-Value Loyalists,552.6010010409287
C107634,South,Social Media,0.21930456,Low,93263.27,High,Mid-Value Occasional Shoppers,20453.0603915112
C107635,West,Organic Search,0.12182559,Low,56466.83,High,Mid-Value Occasional Shoppers,6879.1048801797
C107636,East,Paid Ads,0.05773618,Low,360712.21,Very High,Mid-Value Occasional Shoppers,20826.1450847578
C107637,North,Paid Ads,0.9323624,High,1634.11,Low,Low-Engagement / Dormant,1523.582721464
C107638,North,Direct,0.16017713,Low,66103.6,High,Mid-Value Occasional Shoppers,10588.284930668002
C107639,South,Social Media,0.18573521,Low,99930.45,High,Mid-Value Occasional Shoppers,18560.6031161445
C107641,North,Direct,0.42966747,Medium,40777.31,Medium,Mid-Value Occasional Shoppers,17520.683621105698
C107642,West,Referral,0.005342111,Low,425871.7,Very High,Mid-Value Occasional Shoppers,2275.0538931587
C107643,South,Organic Search,0.061638996,Low,150653.42,High,Mid-Value Occasional Shoppers,9286.125552766322
C107644,West,Referral,0.38751167,Medium,45631.02,High,Low-Engagement / Dormant,17682.552764003398
C107645,Central,Social Media,0.00042812925,Low,739366.71,Very High,High-Value Loyalists,316.5445150272675
C107646,South,Paid Ads,0.89982146,High,1061.71,Low,Low-Engagement / Dormant,955.3494422966
C107647,Central,Organic Search,0.9735144,High,552.27,Low,Low-Engagement / Dormant,537.642797688
C107648,North,Organic Search,0.0718742,Low,112011.01,High,Low-Engagement / Dormant,8050.701734941999
C107649,East,Organic Search,0.18620019,Low,101471.74,High,Mid-Value Occasional Shoppers,18894.0572676306
C107650,Central,Email Marketing,0.4325857,Medium,33279.42,Medium,Mid-Value Occasional Shoppers,14396.201196294
C107651,West,Organic Search,0.9548255,High,998.17,Low,Low-Engagement / Dormant,953.078169335
C107652,North,Paid Ads,0.50950456,Medium,19788.87,Medium,Mid-Value Occasional Shoppers,10082.5195022472
C107653,South,Direct,0.7051412,High,19879.86,Medium,Mid-Value Occasional Shoppers,14018.108336232
C107655,Central,Referral,0.0010422311,Low,639444.59,Very High,Mid-Value Occasional Shoppers,666.449038424749
C107656,South,Referral,0.10658219,Low,157818.9,High,Mid-Value Occasional Shoppers,16820.683985391
C107657,East,Direct,0.0093463315,Low,386114.2,Very High,Mid-Value Occasional Shoppers,3608.751310057301
C107658,South,Referral,0.37353444,Medium,66409.07,High,Low-Engagement / Dormant,24806.074773370805
C107659,South,Paid Ads,0.67156357,High,33841.44,Medium,Mid-Value Occasional Shoppers,22726.678260340803
C107661,South,Organic Search,0.29177597,Low,46977.76,High,Mid-Value Occasional Shoppers,13706.9814924272
C107662,East,Paid Ads,0.3906958,Medium,86165.36,High,Low-Engagement / Dormant,33664.444257488
C107663,South,Organic Search,0.9892631,High,341.86,Low,Low-Engagement / Dormant,338.189483366
C107664,South,Paid Ads,0.0009635212,Low,743683.92,Very High,High-Value Loyalists,716.555223019104
C107665,East,Organic Search,0.44190064,Medium,72745.4,High,Mid-Value Occasional Shoppers,32146.238817056
C107666,South,Social Media,0.65435576,High,13974.56,Medium,Mid-Value Occasional Shoppers,9144.3338294656
C107667,West,Paid Ads,0.7945247,High,9313.92,Medium,Mid-Value Occasional Shoppers,7400.139493824
C107668,East,Organic Search,0.13553235,Low,129003.01,High,Mid-Value Occasional Shoppers,17484.0811023735
C107669,East,Social Media,0.7172458,High,32036.88,Medium,Mid-Value Occasional Shoppers,22978.317625104
C107670,North,Organic Search,0.7065887,High,9119.14,Low,Mid-Value Occasional Shoppers,6443.481277718
C107671,North,Paid Ads,0.9800085,High,1677.66,Low,Low-Engagement / Dormant,1644.12106011
C107672,West,Organic Search,0.97669774,High,588.84,Low,Low-Engagement / Dormant,575.1186972216
C107673,Central,Referral,0.12380218,Low,105694.38,High,Mid-Value Occasional Shoppers,13085.1946577484
C107674,South,Email Marketing,0.6868198,High,8129.79,Low,Low-Engagement / Dormant,5583.700741842
C107675,South,Organic Search,0.0003929336,Low,693696.63,Very High,High-Value Loyalists,272.576714133768
C107676,South,Email Marketing,0.7845234,High,14900.08,Medium,Mid-Value Occasional Shoppers,11689.461421872
C107677,West,Email Marketing,0.009371313,Low,461236.24,Very High,Mid-Value Occasional Shoppers,4322.38917198312
C107678,North,Direct,0.9838927,High,640.93,Low,Low-Engagement / Dormant,630.606348211
C107679,Central,Email Marketing,0.663987,High,29810.96,Medium,Mid-Value Occasional Shoppers,19794.08989752
C107680,North,Social Media,0.06987557,Low,306940.99,Very High,Mid-Value Occasional Shoppers,21447.676632614297
C107681,Central,Organic Search,0.0006446824,Low,486959.33,Very High,Mid-Value Occasional Shoppers,313.934109566792
C107682,North,Organic Search,0.9838712,High,290.77,Low,Low-Engagement / Dormant,286.080228824
C107683,South,Organic Search,0.869292,High,10472.55,Medium,Mid-Value Occasional Shoppers,9103.703934599998
C107684,South,Paid Ads,0.76581836,High,16427.61,Medium,Mid-Value Occasional Shoppers,12580.5653489196
C107685,South,Direct,0.0007336347,Low,746755.82,Very High,High-Value Loyalists,547.8459819789539
C107686,Central,Organic Search,0.8394933,High,6498.53,Low,Low-Engagement / Dormant,5455.472394849
C107687,South,Social Media,0.0033398387,Low,452829.99,Very High,Mid-Value Occasional Shoppers,1512.379125122613
C107688,North,Direct,0.0759766,Low,182218.93,High,Mid-Value Occasional Shoppers,13844.374757038
C107689,Central,Organic Search,0.0010782706,Low,834064.85,Very High,High-Value Loyalists,899.34760624841
C107690,South,Organic Search,0.0010614642,Low,526329.87,Very High,Mid-Value Occasional Shoppers,558.680314395654
C107691,North,Organic Search,0.16942136,Low,152993.68,High,Mid-Value Occasional Shoppers,25920.3973370048
C107692,North,Organic Search,0.7640845,High,22429.02,Medium,Mid-Value Occasional Shoppers,17137.66653219
C107693,East,Paid Ads,0.001594801,Low,613234.53,Very High,Mid-Value Occasional Shoppers,977.98704167853
C107694,Central,Paid Ads,0.011463084,Low,348476.72,Very High,High-Value Loyalists,3994.61791340448
C107695,North,Social Media,0.9600118,High,353.93,Low,Low-Engagement / Dormant,339.776976374
C107696,West,Organic Search,0.96771675,High,880.91,Low,Low-Engagement / Dormant,852.4713622424999
C107697,South,Referral,0.0006320514,Low,734724.15,Very High,High-Value Loyalists,464.38342762131
C107698,North,Organic Search,0.00081994967,Low,433333.94,Very High,High-Value Loyalists,355.3120211027998
C107699,West,Paid Ads,0.7190501,High,22171.3,Medium,Mid-Value Occasional Shoppers,15942.27548213
C107700,West,Organic Search,0.01709062,Low,188163.01,High,High-Value Loyalists,3215.8225019662004
C107701,East,Referral,0.57969177,Medium,17599.33,Medium,Mid-Value Occasional Shoppers,10202.186758514104
C107702,North,Social Media,0.6871613,High,17358.06,Medium,Mid-Value Occasional Shoppers,11927.787075078
C107703,North,Organic Search,0.0009959242,Low,701015.72,Very High,Mid-Value Occasional Shoppers,698.158520128424
C107704,West,Social Media,0.0018894632,Low,745567.79,Very High,Mid-Value Occasional Shoppers,1408.722902310328
C107705,East,Paid Ads,0.5248391,Medium,30099.63,Medium,Mid-Value Occasional Shoppers,15797.462719533
C107706,South,Email Marketing,0.004457628,Low,495526.22,Very High,High-Value Loyalists,2208.87155300616
C107708,West,Organic Search,0.9292322,High,389.12,Low,Low-Engagement / Dormant,361.582833664
C107709,North,Paid Ads,0.10602379,Low,108918.64,High,Mid-Value Occasional Shoppers,11547.9670144456
C107710,East,Organic Search,0.15904284,Low,137813.61,High,Mid-Value Occasional Shoppers,21918.2679250524
C107711,West,Referral,0.033810545,Low,220844.73,Very High,High-Value Loyalists,7466.88068167785
C107712,North,Organic Search,0.8111912,High,4174.48,Low,Mid-Value Occasional Shoppers,3386.3014405759995
C107713,East,Social Media,0.94501406,High,1629.12,Low,Low-Engagement / Dormant,1539.5413054272
C107714,East,Email Marketing,0.005550872,Low,362863.49,Very High,Mid-Value Occasional Shoppers,2014.20878646328
C107715,East,Paid Ads,0.02605242,Low,309016.73,Very High,Mid-Value Occasional Shoppers,8050.633636986599
C107716,Central,Email Marketing,0.0006066854,Low,641734.58,Very High,High-Value Loyalists,389.331000361132
C107717,East,Organic Search,0.7896434,High,9427.09,Medium,Mid-Value Occasional Shoppers,7444.039399706
C107718,North,Email Marketing,0.6772408,High,11323.28,Medium,Low-Engagement / Dormant,7668.587205824
C107719,South,Referral,0.92913616,High,1242.16,Low,Low-Engagement / Dormant,1154.1357725056
C107720,East,Paid Ads,0.13922001,Low,65964.57,High,Mid-Value Occasional Shoppers,9183.5880950457
C107721,South,Organic Search,0.05707821,Low,204177.0,High,Mid-Value Occasional Shoppers,11654.05768317
C107722,West,Social Media,0.038322113,Low,208688.87,High,Mid-Value Occasional Shoppers,7997.398457982309
C107723,North,Social Media,0.26257777,Low,69761.71,High,Mid-Value Occasional Shoppers,18317.8742431867
C107724,North,Organic Search,0.04536183,Low,295535.01,Very High,Mid-Value Occasional Shoppers,13406.0088826683
C107725,North,Direct,0.9853431,High,360.65,Low,Low-Engagement / Dormant,355.363989015
C107727,West,Direct,0.95647085,High,2578.79,Low,Low-Engagement / Dormant,2466.5374632715
C107728,East,Paid Ads,0.95985043,High,485.22,Low,Low-Engagement / Dormant,465.73862564460006
C107729,South,Paid Ads,0.8024344,High,17116.31,Medium,Mid-Value Occasional Shoppers,13734.715945064
C107730,Central,Organic Search,0.026882302,Low,181692.74,High,Mid-Value Occasional Shoppers,4884.31910788748
C107732,South,Organic Search,0.001411943,Low,612809.42,Very High,Mid-Value Occasional Shoppers,865.25197090306
C107733,West,Organic Search,0.03666732,Low,168499.16,High,High-Value Loyalists,6178.412619451201
C107734,Central,Social Media,0.16738953,Low,87323.62,High,Mid-Value Occasional Shoppers,14617.0597096986
C107735,South,Organic Search,0.596241,Medium,18178.64,Medium,Mid-Value Occasional Shoppers,10838.85049224
C107736,South,Organic Search,0.70972276,High,8914.55,Low,Mid-Value Occasional Shoppers,6326.859030158
C107737,East,Social Media,0.08945566,Low,105182.2,High,Mid-Value Occasional Shoppers,9409.143121252
C107738,South,Referral,0.84028465,High,4842.74,Low,Mid-Value Occasional Shoppers,4069.280085941
C107739,West,Referral,0.9699941,High,576.21,Low,Low-Engagement / Dormant,558.920300361
C107740,East,Social Media,0.51844186,Medium,21682.12,Medium,Mid-Value Occasional Shoppers,11240.9186215432
C107741,North,Organic Search,0.88183314,High,1126.4,Low,Low-Engagement / Dormant,993.296848896
C107742,South,Social Media,0.94188195,High,1608.27,Low,Low-Engagement / Dormant,1514.8004837265
C107743,West,Social Media,0.0006071679,Low,815431.85,Very High,High-Value Loyalists,495.104043957615
C107744,North,Organic Search,0.29529083,Low,18851.04,Medium,Mid-Value Occasional Shoppers,5566.5392479632
C107745,South,Organic Search,0.111862116,Low,139736.28,High,Mid-Value Occasional Shoppers,15631.19596276848
C107746,North,Direct,0.85129267,High,4448.55,Low,Low-Engagement / Dormant,3787.0180071285
C107747,West,Organic Search,0.0033249503,Low,458218.6,Very High,Mid-Value Occasional Shoppers,1523.55407153558
C107748,North,Organic Search,0.0040784073,Low,646458.17,Very High,Mid-Value Occasional Shoppers,2636.519719672641
C107749,North,Organic Search,0.82488817,High,7910.01,Low,Mid-Value Occasional Shoppers,6524.8736735817
C107750,West,Email Marketing,0.9162247,High,2932.19,Low,Low-Engagement / Dormant,2686.544903093
C107751,North,Social Media,0.5863321,Medium,17237.39,Medium,Low-Engagement / Dormant,10106.835077219
C107753,South,Email Marketing,0.0016739109,Low,710069.46,Very High,Mid-Value Occasional Shoppers,1188.5930088511138
C107754,West,Referral,0.9489119,High,3229.37,Low,Low-Engagement / Dormant,3064.387622503
C107755,North,Organic Search,0.15443127,Low,141919.31,High,Mid-Value Occasional Shoppers,21916.779280823703
C107756,North,Paid Ads,0.7878021,High,17162.26,Medium,Mid-Value Occasional Shoppers,13520.464468746
C107757,North,Email Marketing,0.038353845,Low,338574.52,Very High,Mid-Value Occasional Shoppers,12985.6346610294
C107758,Central,Direct,0.7033895,High,21484.53,Medium,Mid-Value Occasional Shoppers,15111.992814435
C107759,West,Email Marketing,0.0019468219,Low,406678.32,Very High,Mid-Value Occasional Shoppers,791.730259631208
C107760,South,Direct,0.011416865,Low,267507.93,Very High,Mid-Value Occasional Shoppers,3054.10192323945
C107761,North,Social Media,0.9098522,High,551.55,Low,Low-Engagement / Dormant,501.82898091
C107762,North,Paid Ads,0.093460985,Low,232178.63,Very High,Mid-Value Occasional Shoppers,21699.64345575055
C107763,North,Social Media,0.035283,Low,293760.71,Very High,Mid-Value Occasional Shoppers,10364.75913093
C107764,North,Paid Ads,0.4446791,Medium,28942.52,Medium,Mid-Value Occasional Shoppers,12870.133745332
C107765,Central,Organic Search,0.983958,High,1896.45,Low,Low-Engagement / Dormant,1866.0271491
C107767,Central,Organic Search,0.40597013,Medium,28066.09,Medium,Mid-Value Occasional Shoppers,11393.9942058917
C107768,North,Organic Search,0.38238186,Medium,72288.85,High,Mid-Value Occasional Shoppers,27641.944920261005
C107769,West,Paid Ads,0.36487585,Medium,35248.72,Medium,Mid-Value Occasional Shoppers,12861.406671412
C107770,South,Social Media,0.68441486,High,5114.34,Low,Mid-Value Occasional Shoppers,3500.3302950924
C107771,North,Social Media,0.9863586,High,438.7,Low,Low-Engagement / Dormant,432.71551782
C107772,West,Social Media,0.0014980529,Low,697866.07,Very High,High-Value Loyalists,1045.440289975103
C107773,South,Referral,0.24977347,Low,51060.51,High,Mid-Value Occasional Shoppers,12753.5607626697
C107774,Central,Paid Ads,0.81639016,High,6001.14,Low,Mid-Value Occasional Shoppers,4899.2716447824005
C107775,West,Paid Ads,0.90650266,High,6830.41,Low,Mid-Value Occasional Shoppers,6191.7848338906
C107776,Central,Social Media,0.28063568,Low,47939.52,High,Mid-Value Occasional Shoppers,13453.539794073598
C107777,West,Organic Search,0.0007347395,Low,530368.29,Very High,High-Value Loyalists,389.6825322104551
C107778,South,Social Media,0.6435775,High,55864.78,High,Mid-Value Occasional Shoppers,35953.31545045
C107779,South,Referral,0.33778408,Medium,61109.07,High,Mid-Value Occasional Shoppers,20641.6709896056
C107780,West,Organic Search,0.25219226,Low,69954.93,High,Mid-Value Occasional Shoppers,17642.091894841797
C107781,South,Email Marketing,0.97559273,High,447.54,Low,Low-Engagement / Dormant,436.6167703842
C107782,East,Organic Search,0.568155,Medium,23683.97,Medium,Mid-Value Occasional Shoppers,13456.16597535
C107783,North,Social Media,0.98161894,High,336.04,Low,Low-Engagement / Dormant,329.8632285976
C107784,West,Email Marketing,0.2451871,Low,111389.53,High,Mid-Value Occasional Shoppers,27311.275831063
C107785,South,Referral,0.47494027,Medium,36590.35,Medium,Mid-Value Occasional Shoppers,17378.230708394498
C107786,North,Social Media,0.769926,High,1912.43,Low,Low-Engagement / Dormant,1472.42958018
C107788,West,Organic Search,0.26792088,Low,110065.36,High,Low-Engagement / Dormant,29488.8081087168
C107789,South,Referral,0.00043347466,Low,541426.06,Very High,High-Value Loyalists,234.6944772736396
C107790,North,Social Media,0.35564616,Medium,37796.1,Medium,Mid-Value Occasional Shoppers,13442.037827976
C107792,North,Organic Search,0.5981972,Medium,15510.67,Medium,Mid-Value Occasional Shoppers,9278.439364124
C107793,East,Direct,0.17625964,Low,144060.24,High,Mid-Value Occasional Shoppers,25392.0060407136
C107794,West,Organic Search,0.8743029,High,4414.51,Low,Mid-Value Occasional Shoppers,3859.618895079
C107795,South,Email Marketing,0.9280177,High,5014.61,Low,Mid-Value Occasional Shoppers,4653.646838596999
C107796,South,Organic Search,0.0011869407,Low,503824.68,Very High,Mid-Value Occasional Shoppers,598.010018356476
C107797,North,Paid Ads,0.2467737,Low,92723.67,High,Mid-Value Occasional Shoppers,22881.763123479
C107798,South,Social Media,0.07079084,Low,346078.77,Very High,Mid-Value Occasional Shoppers,24499.2068344668
C107799,East,Social Media,0.8099127,High,21857.82,Medium,Mid-Value Occasional Shoppers,17702.926012314
C107800,North,Paid Ads,0.8001979,High,15255.22,Medium,Mid-Value Occasional Shoppers,12207.195008038
C107801,Central,Paid Ads,0.91153544,High,2969.33,Low,Low-Engagement / Dormant,2706.6495280552
C107802,West,Paid Ads,0.9687446,High,709.83,Low,Low-Engagement / Dormant,687.643979418
C107803,North,Referral,0.26473665,Low,68750.22,High,Mid-Value Occasional Shoppers,18200.702929563
C107804,East,Paid Ads,0.2665823,Low,41650.53,Medium,Mid-Value Occasional Shoppers,11103.294083619
C107805,South,Social Media,0.04584979,Low,212176.56,High,Mid-Value Occasional Shoppers,9728.2507189224
C107806,South,Paid Ads,0.12392353,Low,245544.39,Very High,Mid-Value Occasional Shoppers,30428.727580496703
C107807,East,Paid Ads,0.29000404,Low,59430.01,High,Mid-Value Occasional Shoppers,17234.942997240403
C107808,North,Paid Ads,0.6091146,High,77498.2,High,Mid-Value Occasional Shoppers,47205.28509371999
C107809,North,Organic Search,0.46583894,Medium,35692.42,Medium,Mid-Value Occasional Shoppers,16626.9190988348
C107810,North,Referral,0.003260414,Low,383227.49,Very High,Mid-Value Occasional Shoppers,1249.48027358086
C107812,East,Organic Search,0.37451512,Medium,35439.21,Medium,Mid-Value Occasional Shoppers,13272.5199858552
C107813,Central,Organic Search,0.7820405,High,8212.59,Low,Mid-Value Occasional Shoppers,6422.577989895
C107814,East,Direct,0.00060486706,Low,603282.15,Very High,High-Value Loyalists,364.905500420979
C107815,Central,Paid Ads,0.39354968,Medium,47210.73,High,Low-Engagement / Dormant,18579.767684066403
C107816,East,Paid Ads,0.021089133,Low,204342.16,High,Mid-Value Occasional Shoppers,4309.39898974728
C107817,South,Social Media,0.7876302,High,16052.82,Medium,Mid-Value Occasional Shoppers,12643.685827164
C107818,Central,Paid Ads,0.9945591,High,319.17,Low,Low-Engagement / Dormant,317.43342794700004
C107819,North,Paid Ads,0.9249073,High,2249.41,Low,Mid-Value Occasional Shoppers,2080.495729693
C107820,North,Email Marketing,0.43759775,Medium,34884.24,Medium,Low-Engagement / Dormant,15265.26493446
C107821,Central,Social Media,0.0010090288,Low,1131701.67,Very High,High-Value Loyalists,1141.919578038096
C107822,East,Social Media,0.0012491203,Low,688997.55,Very High,High-Value Loyalists,860.6408263552651
C107823,Central,Organic Search,0.5218854,Medium,41778.42,Medium,Mid-Value Occasional Shoppers,21803.547433068
C107824,North,Organic Search,0.15766206,Low,87664.65,High,Low-Engagement / Dormant,13821.389308179
C107825,West,Email Marketing,0.5992305,Medium,43883.4,Medium,Mid-Value Occasional Shoppers,26296.2717237
C107826,North,Email Marketing,0.1363924,Low,81962.64,High,Low-Engagement / Dormant,11179.081179936
C107827,South,Email Marketing,0.02572859,Low,194640.96,High,Mid-Value Occasional Shoppers,5007.837457046399
C107828,Central,Organic Search,0.46395576,Medium,33273.95,Medium,Mid-Value Occasional Shoppers,15437.640760452
C107829,South,Email Marketing,0.74018645,High,37024.47,Medium,Low-Engagement / Dormant,27405.011012431503
C107831,Central,Social Media,0.9570211,High,1299.24,Low,Low-Engagement / Dormant,1243.400093964
C107833,North,Paid Ads,0.0023504405,Low,390542.56,Very High,High-Value Loyalists,917.94704999768
C107834,North,Paid Ads,0.11595347,Low,142043.3,High,High-Value Loyalists,16470.413525251
C107835,Central,Referral,0.72252923,High,15288.33,Medium,Mid-Value Occasional Shoppers,11046.2653028859
C107836,East,Email Marketing,0.016357781,Low,360204.13,Very High,Mid-Value Occasional Shoppers,5892.140273835529
C107837,East,Organic Search,0.3304448,Medium,41093.74,Medium,Mid-Value Occasional Shoppers,13579.212695551998
C107838,North,Organic Search,0.88921094,High,3255.81,Low,Mid-Value Occasional Shoppers,2895.1018705614
C107839,North,Social Media,0.14359723,Low,111443.57,High,Mid-Value Occasional Shoppers,16002.9879533111
C107840,Central,Organic Search,0.17585188,Low,101913.67,High,Mid-Value Occasional Shoppers,17921.7104671996
C107841,East,Organic Search,0.9658185,High,734.4,Low,Low-Engagement / Dormant,709.2971064
C107842,West,Organic Search,0.1528567,Low,155701.01,High,Low-Engagement / Dormant,23799.942575267003
C107843,North,Organic Search,0.16945595,Low,138025.32,High,Low-Engagement / Dormant,23389.211724654
C107845,East,Direct,0.00068083167,Low,575514.05,Very High,High-Value Loyalists,391.8281917699636
C107846,Central,Email Marketing,0.6474014,High,18966.4,Medium,Mid-Value Occasional Shoppers,12278.873912960002
C107848,South,Organic Search,0.39678678,Medium,56843.69,High,Low-Engagement / Dormant,22554.8247184182
C107849,East,Social Media,0.057837624,Low,131037.98,High,Mid-Value Occasional Shoppers,7578.92541695952
C107850,North,Paid Ads,0.9617413,High,9148.67,Medium,Low-Engagement / Dormant,8798.653779071
C107851,South,Referral,0.0041007255,Low,372996.51,Very High,High-Value Loyalists,1529.556299968005
C107852,East,Paid Ads,0.0030551506,Low,417463.14,Very High,Mid-Value Occasional Shoppers,1275.4127626488842
C107853,North,Social Media,0.11359833,Low,162775.29,High,Mid-Value Occasional Shoppers,18491.0011092657
C107854,East,Organic Search,0.8135192,High,11730.65,Medium,Mid-Value Occasional Shoppers,9543.10900348
C107855,North,Email Marketing,0.98966295,High,282.43,Low,Low-Engagement / Dormant,279.5105069685
C107856,West,Referral,0.11289362,Low,269019.02,Very High,Mid-Value Occasional Shoppers,30370.531016652403
C107857,West,Paid Ads,0.7033928,High,33499.8,Medium,Mid-Value Occasional Shoppers,23563.518121440004
C107858,West,Direct,0.80678374,High,8183.26,Low,Mid-Value Occasional Shoppers,6602.1211081924
C107859,West,Organic Search,0.082434624,Low,94226.85,High,Mid-Value Occasional Shoppers,7767.554950454401
C107860,East,Organic Search,0.00062936504,Low,983132.16,Very High,High-Value Loyalists,618.7490112036863
C107861,South,Referral,0.9191891,High,574.79,Low,Low-Engagement / Dormant,528.3407027889999
C107862,South,Social Media,0.009706964,Low,329277.01,Very High,High-Value Loyalists,3196.2800820976404
C107863,North,Organic Search,0.12237154,Low,125140.75,High,Mid-Value Occasional Shoppers,15313.666294255
C107864,West,Organic Search,0.9434814,High,4628.13,Low,Mid-Value Occasional Shoppers,4366.5545717820005
C107865,North,Organic Search,0.79944986,High,6632.15,Low,Mid-Value Occasional Shoppers,5302.071388998999
C107867,East,Paid Ads,0.19494478,Low,106794.66,High,Mid-Value Occasional Shoppers,20819.0614988748
C107868,East,Organic Search,0.16069208,Low,119658.92,High,Mid-Value Occasional Shoppers,19228.2407453536
C107869,South,Social Media,0.010171146,Low,395529.62,Very High,Mid-Value Occasional Shoppers,4022.98951234452
C107870,South,Social Media,0.16061686,Low,150630.72,High,Mid-Value Occasional Shoppers,24193.8332659392
C107871,East,Referral,0.42549896,Medium,35294.46,Medium,Mid-Value Occasional Shoppers,15017.7560237616
C107872,Central,Direct,0.00027627774,Low,552675.94,Very High,High-Value Loyalists,152.69205965557558
C107873,West,Organic Search,0.19279045,Low,120640.45,High,Mid-Value Occasional Shoppers,23258.3266437025
C107874,South,Organic Search,0.15147492,Low,186832.98,High,Mid-Value Occasional Shoppers,28300.510698861603
C107876,North,Paid Ads,0.0004408768,Low,948157.88,Very High,High-Value Loyalists,418.020812029184
C107877,South,Social Media,0.0108207865,Low,393329.17,Very High,High-Value Loyalists,4256.130972792205
C107878,North,Organic Search,0.033149123,Low,202037.82,High,Mid-Value Occasional Shoppers,6697.37654583186
C107879,South,Referral,0.045989517,Low,220937.98,Very High,High-Value Loyalists,10160.83098715566
C107880,East,Direct,0.0005294863,Low,1012329.74,Very High,High-Value Loyalists,536.014728412562
C107881,East,Organic Search,0.0009441098,Low,503285.05,Very High,High-Value Loyalists,475.15634789849
C107882,West,Organic Search,0.36759236,Medium,101490.71,High,Mid-Value Occasional Shoppers,37307.2096069756
C107883,East,Referral,0.8198078,High,5622.33,Low,Mid-Value Occasional Shoppers,4609.229988174
C107884,North,Referral,0.00090972753,Low,506655.35,Very High,High-Value Loyalists,460.9183201167855
C107885,East,Organic Search,0.004995696,Low,272418.48,Very High,High-Value Loyalists,1360.91991086208
C107886,West,Social Media,0.08527397,Low,189927.83,High,Mid-Value Occasional Shoppers,16195.9000775851
C107887,East,Organic Search,0.15398563,Low,104895.04,High,Low-Engagement / Dormant,16152.3288182752
C107888,South,Social Media,0.9795226,High,1696.0,Low,Low-Engagement / Dormant,1661.2703296
C107889,East,Referral,0.01868334,Low,341757.28,Very High,Mid-Value Occasional Shoppers,6385.1674597152005
C107890,East,Organic Search,0.0024582446,Low,396824.68,Very High,High-Value Loyalists,975.492126756728
C107891,South,Organic Search,0.63014966,High,5899.62,Low,Low-Engagement / Dormant,3717.6435371292
C107892,Central,Social Media,0.009678965,Low,661846.56,Very High,Mid-Value Occasional Shoppers,6405.9896896104
C107893,North,Social Media,0.16518046,Low,111148.74,High,Mid-Value Occasional Shoppers,18359.6000016204
C107894,North,Email Marketing,0.15545326,Low,174908.69,High,Mid-Value Occasional Shoppers,27190.1260628294
C107895,West,Social Media,0.7944141,High,9915.28,Medium,Low-Engagement / Dormant,7876.838237448001
C107896,West,Referral,0.6750984,High,8337.86,Low,Low-Engagement / Dormant,5628.875945424
C107897,East,Referral,0.13825198,Low,119681.73,High,Mid-Value Occasional Shoppers,16546.2361423254
C107898,East,Social Media,0.0027803564,Low,670436.5,Very High,High-Value Loyalists,1864.0524135686
C107899,Central,Organic Search,0.9873674,High,356.32,Low,Low-Engagement / Dormant,351.818751968
C107900,South,Organic Search,0.9718373,High,311.95,Low,Low-Engagement / Dormant,303.164645735
C107901,South,Social Media,0.9257956,High,5313.51,Low,Low-Engagement / Dormant,4919.224178556001
C107902,East,Organic Search,0.8377672,High,12853.49,Medium,Mid-Value Occasional Shoppers,10768.232327528
C107903,South,Organic Search,0.10853864,Low,310617.18,Very High,Mid-Value Occasional Shoppers,33713.9662778352
C107904,East,Organic Search,0.032931637,Low,99640.98,High,Low-Engagement / Dormant,3281.34058368426
C107905,Central,Direct,0.05816931,Low,184171.69,High,Mid-Value Occasional Shoppers,10713.1401288339
C107906,North,Referral,0.9924027,High,337.78,Low,Low-Engagement / Dormant,335.213784006
C107907,North,Email Marketing,0.65396756,High,26441.18,Medium,Mid-Value Occasional Shoppers,17291.673968120802
C107908,South,Direct,0.01061406,Low,228940.86,Very High,Mid-Value Occasional Shoppers,2429.9920244916
C107909,East,Referral,0.4599643,Medium,27800.13,Medium,Mid-Value Occasional Shoppers,12787.067335359
C107910,West,Social Media,0.0066693705,Low,458634.19,Very High,Mid-Value Occasional Shoppers,3058.8013370773947
C107911,Central,Paid Ads,0.07934581,Low,172948.15,High,Mid-Value Occasional Shoppers,13722.7110497515
C107912,West,Referral,0.30825704,Medium,64593.12,High,Mid-Value Occasional Shoppers,19911.2839755648
C107913,Central,Email Marketing,0.0015373249,Low,533880.1,Very High,Mid-Value Occasional Shoppers,820.74717134449
C107914,South,Email Marketing,0.8857648,High,5422.58,Low,Low-Engagement / Dormant,4803.130489184
C107915,North,Paid Ads,0.1360755,Low,171553.69,High,Mid-Value Occasional Shoppers,23344.254143595
C107916,South,Referral,0.71839476,High,15081.57,Medium,Mid-Value Occasional Shoppers,10834.5208605732
C107917,West,Paid Ads,0.4855955,Medium,33062.12,Medium,Mid-Value Occasional Shoppers,16054.81669246
C107918,North,Paid Ads,0.0030431456,Low,561521.87,Very High,Mid-Value Occasional Shoppers,1708.792807994272
C107919,North,Paid Ads,0.95934844,High,1618.47,Low,Mid-Value Occasional Shoppers,1552.6766696868
C107920,South,Organic Search,0.25499615,Low,66154.92,High,Low-Engagement / Dormant,16869.249903557997
C107921,South,Organic Search,0.010438725,Low,307733.92,Very High,High-Value Loyalists,3212.3497640519995
C107922,East,Referral,0.00068682927,Low,694144.7,Very High,High-Value Loyalists,476.75889757536896
C107923,Central,Organic Search,0.63302356,High,31190.85,Medium,Mid-Value Occasional Shoppers,19744.542906426
C107924,North,Email Marketing,0.9244639,High,18044.76,Medium,Mid-Value Occasional Shoppers,16681.729204164
C107925,East,Organic Search,0.8760541,High,7217.93,Low,Mid-Value Occasional Shoppers,6323.297170013
C107926,North,Organic Search,0.02375547,Low,200444.68,High,Mid-Value Occasional Shoppers,4761.6575823996
C107927,North,Paid Ads,0.05598905,Low,471414.91,Very High,Mid-Value Occasional Shoppers,26394.072966735497
C107928,South,Organic Search,0.6254233,High,25228.04,Medium,Mid-Value Occasional Shoppers,15778.204029332
C107929,East,Organic Search,0.6070884,High,44664.25,Medium,Mid-Value Occasional Shoppers,27115.1480697
C107930,East,Organic Search,0.11636274,Low,106743.27,High,Low-Engagement / Dormant,12420.939373759802
C107931,East,Social Media,0.821356,High,6806.09,Low,Mid-Value Occasional Shoppers,5590.22285804
C107932,West,Organic Search,0.04527751,Low,178344.93,High,Mid-Value Occasional Shoppers,8075.0143515243
C107933,North,Social Media,0.30635688,Medium,59616.21,High,Low-Engagement / Dormant,18263.8360930248
C107934,West,Organic Search,0.00090184837,Low,656979.21,Very High,High-Value Loyalists,592.4956296623876
C107935,West,Organic Search,0.105876535,Low,174383.19,High,Mid-Value Occasional Shoppers,18463.08791944665
C107936,North,Organic Search,0.55495125,Medium,29053.76,Medium,Low-Engagement / Dormant,16123.4204292
C107937,South,Organic Search,0.024538966,Low,210766.3,High,Mid-Value Occasional Shoppers,5171.987069645799
C107938,North,Referral,0.9759888,High,2146.66,Low,Low-Engagement / Dormant,2095.116117408
C107939,North,Paid Ads,0.37564075,Medium,59599.4,High,Mid-Value Occasional Shoppers,22387.96331555
C107940,South,Social Media,0.002706991,Low,406103.36,Very High,Mid-Value Occasional Shoppers,1099.31814058976
C107941,South,Email Marketing,0.00054895965,Low,574870.7,Very High,High-Value Loyalists,315.580818267255
C107942,Central,Organic Search,0.9236895,High,297.05,Low,Low-Engagement / Dormant,274.381965975
C107943,Central,Email Marketing,0.97394323,High,1294.37,Low,Low-Engagement / Dormant,1260.6428986151
C107945,West,Referral,0.9740336,High,3665.2,Low,Low-Engagement / Dormant,3570.02795072
C107946,Central,Email Marketing,0.15361242,Low,126224.84,High,Mid-Value Occasional Shoppers,19389.7031365128
C107947,South,Organic Search,0.0020280078,Low,558459.62,Very High,Mid-Value Occasional Shoppers,1132.560465345036
C107948,East,Social Media,0.00086946436,Low,739818.38,Very High,High-Value Loyalists,643.2457142829368
C107949,East,Paid Ads,0.77836215,High,11294.81,Medium,Mid-Value Occasional Shoppers,8791.452595441498
C107950,Central,Social Media,0.012432407,Low,185166.08,High,Mid-Value Occasional Shoppers,2302.06006915456
C107951,West,Organic Search,0.0016510881,Low,752450.61,Very High,High-Value Loyalists,1242.362248008741
C107952,North,Organic Search,0.0005050231,Low,640027.04,Very High,High-Value Loyalists,323.228439824624
C107953,West,Direct,0.8564975,High,3131.45,Low,Low-Engagement / Dormant,2682.079096375
C107954,South,Paid Ads,0.59007317,Medium,26394.49,Medium,Mid-Value Occasional Shoppers,15574.680384833302
C107955,South,Organic Search,0.0006253425,Low,656689.6,Very High,High-Value Loyalists,410.655916188
C107956,East,Organic Search,0.99508286,High,304.73,Low,Low-Engagement / Dormant,303.2315999278
C107957,West,Social Media,0.87358654,High,1718.73,Low,Low-Engagement / Dormant,1501.4593938942
C107958,North,Organic Search,0.71402806,High,14941.27,Medium,Mid-Value Occasional Shoppers,10668.4860320362
C107959,South,Organic Search,0.034695823,Low,148158.4,High,Mid-Value Occasional Shoppers,5140.4776223632
C107960,West,Direct,0.07921396,Low,93322.18,High,Mid-Value Occasional Shoppers,7392.419433632799
C107961,North,Organic Search,0.08872182,Low,113004.41,High,Low-Engagement / Dormant,10025.956923226202
C107963,South,Social Media,0.6253635,High,21715.06,Medium,Mid-Value Occasional Shoppers,13579.80592431
C107964,East,Organic Search,0.014904383,Low,260949.36,Very High,Mid-Value Occasional Shoppers,3889.28920504488
C107965,North,Organic Search,0.003608875,Low,453865.19,Very High,Mid-Value Occasional Shoppers,1637.94273756125
C107966,Central,Social Media,0.00081330846,Low,503639.82,Very High,Mid-Value Occasional Shoppers,409.6145263988772
C107967,Central,Referral,0.40781173,Medium,20102.19,Medium,Mid-Value Occasional Shoppers,8197.9088806887
C107968,North,Paid Ads,0.8894611,High,9705.82,Medium,Mid-Value Occasional Shoppers,8632.949333602
C107969,West,Referral,0.009539537,Low,542772.59,Very High,Mid-Value Occasional Shoppers,5177.79920489083
C107970,West,Email Marketing,0.61040753,High,11714.34,Medium,Mid-Value Occasional Shoppers,7150.5213449802
C107971,North,Social Media,0.033378292,Low,392628.16,Very High,High-Value Loyalists,13105.25737190272
C107973,Central,Email Marketing,0.8582583,High,11101.13,Medium,Mid-Value Occasional Shoppers,9527.636961879
C107974,East,Organic Search,0.18341263,Low,64349.53,High,Mid-Value Occasional Shoppers,11802.5165365639
C107975,Central,Social Media,0.5101333,Medium,30117.5,Medium,Mid-Value Occasional Shoppers,15363.93966275
C107976,North,Organic Search,0.64351654,High,24670.54,Medium,Mid-Value Occasional Shoppers,15875.900540731602
C107977,Central,Organic Search,0.9714786,High,556.76,Low,Low-Engagement / Dormant,540.880425336
C107978,Central,Direct,0.70228887,High,12204.26,Medium,Mid-Value Occasional Shoppers,8570.9159645862
C107979,North,Organic Search,0.15630668,Low,110757.04,High,Mid-Value Occasional Shoppers,17312.065209027198
C107980,South,Paid Ads,0.00050427875,Low,967370.39,Very High,High-Value Loyalists,487.8243310562125
C107981,East,Organic Search,0.8048136,High,7883.38,Low,Mid-Value Occasional Shoppers,6344.651437968
C107982,Central,Social Media,0.7075005,High,17874.9,Medium,Mid-Value Occasional Shoppers,12646.50068745
C107983,North,Email Marketing,0.21128394,Low,104465.06,High,Low-Engagement / Dormant,22071.7894691364
C107984,South,Paid Ads,0.95538425,High,2050.31,Low,Low-Engagement / Dormant,1958.8338816175
C107985,West,Email Marketing,0.01644239,Low,469201.1,Very High,High-Value Loyalists,7714.787474629
C107986,South,Paid Ads,0.70342106,High,28546.22,Medium,Mid-Value Occasional Shoppers,20080.0123313932
C107987,East,Email Marketing,0.013182044,Low,273015.54,Very High,Mid-Value Occasional Shoppers,3598.90286096376
C107988,East,Email Marketing,0.0009753398,Low,739106.87,Very High,Mid-Value Occasional Shoppers,720.880346764426
C107989,Central,Organic Search,0.1696427,Low,124689.68,High,Mid-Value Occasional Shoppers,21152.693977336
C107990,North,Email Marketing,0.041767705,Low,171940.8,High,Mid-Value Occasional Shoppers,7181.572611864
C107991,Central,Organic Search,0.96552014,High,827.7,Low,Low-Engagement / Dormant,799.161019878
C107992,East,Paid Ads,0.019741492,Low,261272.67,Very High,Mid-Value Occasional Shoppers,5157.91232462364
C107993,Central,Organic Search,0.0056944615,Low,508998.25,Very High,Mid-Value Occasional Shoppers,2898.470938192375
C107994,North,Paid Ads,0.21388973,Low,89111.94,High,Low-Engagement / Dormant,19060.1287863762
C107995,East,Direct,0.9338173,High,909.13,Low,Low-Engagement / Dormant,848.961321949
C107996,West,Referral,0.122704074,Low,197712.67,High,Mid-Value Occasional Shoppers,24260.15009041758
C107999,South,Paid Ads,0.09849238,Low,207311.93,High,Mid-Value Occasional Shoppers,20418.6453880934
