customer_id,cluster_id,segment_name,pca_1,pca_2
C100000,1,Mid-Value Occasional Shoppers,-0.26742498796378145,-1.0170194558562335
C100001,2,Low-Engagement / Dormant,-2.0696991172692987,1.8306954831414315
C100002,0,Low-Engagement / Dormant,-2.642515680761878,-1.9534907642913835
C100003,1,Mid-Value Occasional Shoppers,-0.45902972818528387,-1.2516474257512078
C100004,2,Low-Engagement / Dormant,-1.0722711675923577,2.189489255700627
C100005,1,Mid-Value Occasional Shoppers,-0.37865392035813994,-1.1017551156781868
C100006,1,Mid-Value Occasional Shoppers,-1.1836013391947984,-1.0445491662302109
C100007,1,Mid-Value Occasional Shoppers,-0.6298901095658427,-0.1943211714941887
C100008,0,Low-Engagement / Dormant,-2.764684705573766,-0.7535401657777502
C100009,1,Mid-Value Occasional Shoppers,-0.869016025337125,-1.4745152661060466
C100010,1,Mid-Value Occasional Shoppers,-0.9179677681467941,-1.4607209302373292
C100011,1,Mid-Value Occasional Shoppers,-0.9631846845872944,-0.892876460532305
C100012,1,Mid-Value Occasional Shoppers,-0.19489909700692415,-1.0899697725799935
C100013,1,Mid-Value Occasional Shoppers,0.0031977143061408773,0.43128134903116044
C100014,1,Mid-Value Occasional Shoppers,-0.18664323613274236,-0.9722760007952099
C100015,3,High-Value Loyalists,3.3339394118185206,-0.19984637323233875
C100016,1,Mid-Value Occasional Shoppers,0.3145862965315233,-0.5123430604962648
C100017,1,Mid-Value Occasional Shoppers,0.2603540281639123,0.23144181264555724
C100018,1,Mid-Value Occasional Shoppers,-0.20929641000616347,0.5408644783933128
C100019,1,Mid-Value Occasional Shoppers,0.4510431142207946,0.5230324076023198
C100021,2,Low-Engagement / Dormant,-1.523519763652806,1.9228283505993495
C100022,2,Low-Engagement / Dormant,-3.1990059420872146,3.512385902666904
C100023,0,Low-Engagement / Dormant,-2.633197704293175,-2.04501242011022
C100024,3,High-Value Loyalists,2.630624487287957,-0.752508240866743
C100025,3,High-Value Loyalists,3.193550570997786,-0.4181118874341679
C100026,1,Mid-Value Occasional Shoppers,-1.2316036380411222,-1.1852396432345953
C100027,1,Mid-Value Occasional Shoppers,0.34321460417029537,-0.3345708331022886
C100028,2,Low-Engagement / Dormant,-0.6501606741366821,1.7912582756355995
C100029,1,Mid-Value Occasional Shoppers,-0.5230244597391782,-1.1387618206344459
C100030,1,Mid-Value Occasional Shoppers,0.6896400683029222,0.5324108566986756
C100031,3,High-Value Loyalists,2.1441839957297053,-0.6758134873593021
C100032,0,Low-Engagement / Dormant,-2.7712202180511176,-2.091969388978597
C100033,0,Low-Engagement / Dormant,-2.633197704293175,-2.04501242011022
C100034,3,High-Value Loyalists,4.316348033976322,-0.09953929707046963
C100035,0,Low-Engagement / Dormant,-1.7368433876952456,-1.0359690269431427
C100036,1,Mid-Value Occasional Shoppers,1.4321308690539107,-1.052855148627106
C100037,3,High-Value Loyalists,2.677324068890224,-0.5661148503113875
C100038,2,Low-Engagement / Dormant,0.026434562443282072,1.578730275327301
C100039,3,High-Value Loyalists,1.876667000974073,-0.3819141988099825
C100040,1,Mid-Value Occasional Shoppers,-0.8136376156435773,-0.6462994222871765
C100042,3,High-Value Loyalists,6.476271939047632,0.7361885079807455
C100043,1,Mid-Value Occasional Shoppers,-0.12412199452196843,-0.8716591587538753
C100044,0,Low-Engagement / Dormant,-2.6927292206210014,-1.4602907301565429
C100045,0,Low-Engagement / Dormant,-2.6228443971057267,-2.146703148797816
C100046,3,High-Value Loyalists,1.7664949047036527,-0.3480254459100792
C100047,1,Mid-Value Occasional Shoppers,1.2747758388374297,0.3850754691515132
C100048,3,High-Value Loyalists,3.353539175110292,0.1215106569899445
C100049,1,Mid-Value Occasional Shoppers,-0.7278424202291868,-1.26775731105324
C100050,1,Mid-Value Occasional Shoppers,-0.046134220093337994,-0.6643148823298263
C100051,1,Mid-Value Occasional Shoppers,1.352812394491888,-0.787805322617078
C100052,3,High-Value Loyalists,3.0415367367159303,0.6830784708860723
C100053,2,Low-Engagement / Dormant,-1.3897710940573078,2.903367641243115
C100054,1,Mid-Value Occasional Shoppers,0.038378557199287365,-0.3035588741824605
C100055,1,Mid-Value Occasional Shoppers,0.20301345308218857,-0.5743908127828585
C100056,2,Low-Engagement / Dormant,-1.235304290998442,2.866139901931774
C100057,1,Mid-Value Occasional Shoppers,-0.5380988466114083,-0.9828815790880774
C100058,2,Low-Engagement / Dormant,-1.4243049360806734,0.7694786943455699
C100059,3,High-Value Loyalists,3.0843748548999703,0.7631108862411956
C100060,1,Mid-Value Occasional Shoppers,-0.0367564430026866,1.2943064253907879
C100061,1,Mid-Value Occasional Shoppers,0.3887044192466254,-0.0880760379171874
C100062,1,Mid-Value Occasional Shoppers,-1.139528129857044,-0.8591952334764776
C100063,1,Mid-Value Occasional Shoppers,-0.7292230718240931,-1.4264458606052617
C100064,2,Low-Engagement / Dormant,-2.0865860481647243,1.4740231802464412
C100065,1,Mid-Value Occasional Shoppers,-0.010810512310695455,0.11848722629636957
C100067,1,Mid-Value Occasional Shoppers,-0.778863501361766,0.0387315022520893
C100068,3,High-Value Loyalists,3.2245093439623527,-0.1822022039710468
C100069,1,Mid-Value Occasional Shoppers,0.8975934048394056,-0.09934274327013813
C100070,2,Low-Engagement / Dormant,-0.810827186020038,2.481922901939439
C100071,1,Mid-Value Occasional Shoppers,0.20056542673137787,0.3117854815081214
C100072,1,Mid-Value Occasional Shoppers,-0.9502016878629139,0.3153100028269597
C100073,1,Mid-Value Occasional Shoppers,-1.3210862366014156,-1.6811547463825545
C100074,1,Mid-Value Occasional Shoppers,-1.060521096519939,-0.56326987796618
C100075,1,Mid-Value Occasional Shoppers,-0.589872915360538,-0.9512884531665675
C100076,1,Mid-Value Occasional Shoppers,1.216874955530839,-0.6388900473086494
C100077,1,Mid-Value Occasional Shoppers,1.7556740283103975,0.6088937132350538
C100078,1,Mid-Value Occasional Shoppers,-0.977736796263544,0.43962434849240706
C100080,3,High-Value Loyalists,5.909681824429769,0.7035992032971197
C100081,1,Mid-Value Occasional Shoppers,-1.6351798711759324,-1.494551535249311
C100082,1,Mid-Value Occasional Shoppers,-0.5050738848718986,-0.44183736689226866
C100083,1,Mid-Value Occasional Shoppers,-0.6633921729741811,0.9994475989045515
C100084,1,Mid-Value Occasional Shoppers,-1.0741654907878468,-0.8696631565204777
C100085,1,Mid-Value Occasional Shoppers,-0.3937117682857187,-1.5252917982579304
C100086,1,Mid-Value Occasional Shoppers,0.3052586881007903,1.4061443027743565
C100087,2,Low-Engagement / Dormant,-0.07673483278430081,2.026762879673634
C100088,1,Mid-Value Occasional Shoppers,-0.19656565684629182,-0.556318849895981
C100090,2,Low-Engagement / Dormant,-0.9913963390199028,3.1108113999931457
C100091,0,Low-Engagement / Dormant,-2.8128275839954,-0.2806782773804287
C100092,1,Mid-Value Occasional Shoppers,1.0567430509206626,0.22224846468523587
C100093,1,Mid-Value Occasional Shoppers,-1.4915087406526673,-0.49239795096319855
C100094,1,Mid-Value Occasional Shoppers,-0.7261578848062982,-0.7500123139234754
C100095,1,Mid-Value Occasional Shoppers,0.2040691900899397,1.0056159135194982
C100096,1,Mid-Value Occasional Shoppers,-0.26607960198359637,-0.26714987821776875
C100097,1,Mid-Value Occasional Shoppers,-0.9078201345315987,-1.2381935799809924
C100098,1,Mid-Value Occasional Shoppers,-1.2398299474255199,-1.2288531784137742
C100099,2,Low-Engagement / Dormant,-1.6874504605022513,2.762894507207838
C100100,3,High-Value Loyalists,2.259364069971886,0.6199637905931475
C100101,3,High-Value Loyalists,2.412816689179559,0.10888179767632854
C100102,3,High-Value Loyalists,3.5986321194208153,-0.5186853652380206
C100103,2,Low-Engagement / Dormant,-1.8537204077208238,2.7883126600376396
C100104,1,Mid-Value Occasional Shoppers,0.22860364000798195,-1.482905906285893
C100105,1,Mid-Value Occasional Shoppers,0.48942017607092053,-1.3899258162930983
C100106,1,Mid-Value Occasional Shoppers,-0.7611685730401292,-0.8555748243296989
C100107,2,Low-Engagement / Dormant,-1.9255385771457667,2.718579631268925
C100108,1,Mid-Value Occasional Shoppers,1.7073800028968684,0.8312728085327217
C100109,0,Low-Engagement / Dormant,-2.6497629957930915,-1.8823072542100663
C100110,1,Mid-Value Occasional Shoppers,-0.1774945792836095,0.17285875370814058
C100111,1,Mid-Value Occasional Shoppers,-0.12134197619433344,-0.8890077553066745
C100112,1,Mid-Value Occasional Shoppers,-0.999681461896019,-1.8092035931210648
C100113,2,Low-Engagement / Dormant,-1.1099177136013816,3.016085428070334
C100114,2,Low-Engagement / Dormant,-1.6211303707061187,2.7195278891220673
C100115,2,Low-Engagement / Dormant,-0.09069428390254586,1.420096600886807
C100116,3,High-Value Loyalists,5.875714070135673,0.25123611300929866
C100117,2,Low-Engagement / Dormant,-1.2700385711989317,2.3738332544798695
C100118,1,Mid-Value Occasional Shoppers,-1.1143921515544202,-1.0188979971409
C100119,1,Mid-Value Occasional Shoppers,-0.795777699173019,-0.7901109255791486
C100121,1,Mid-Value Occasional Shoppers,-1.0028617286198518,-0.9440479541805565
C100123,2,Low-Engagement / Dormant,-1.508215444880434,1.6588631041318154
C100124,3,High-Value Loyalists,2.7308134871791103,-0.00310965643680178
C100125,1,Mid-Value Occasional Shoppers,0.039715199596588084,0.39266904357748766
C100126,2,Low-Engagement / Dormant,-0.7305076931507852,1.426446542345736
C100127,3,High-Value Loyalists,6.681036476317239,0.7035349271501926
C100128,0,Low-Engagement / Dormant,-2.81075692255791,-0.3010164231179479
C100129,0,Low-Engagement / Dormant,-2.722753811464601,-1.1653876169625144
C100131,0,Low-Engagement / Dormant,-2.638374357886899,-1.994167055766422
C100132,2,Low-Engagement / Dormant,-1.4215444507717714,1.6262390047599062
C100133,1,Mid-Value Occasional Shoppers,-0.37377523425108083,-0.2668865595246262
C100134,1,Mid-Value Occasional Shoppers,-0.8771404377199463,-1.7796353530747424
C100135,1,Mid-Value Occasional Shoppers,-0.06644574450020838,-1.0463273038455727
C100136,0,Low-Engagement / Dormant,-2.180827704983407,-0.9132364270876242
C100137,1,Mid-Value Occasional Shoppers,-0.15420832881195384,-1.1689276856375124
C100138,1,Mid-Value Occasional Shoppers,-0.3617814735685991,-0.6224083446809019
C100139,2,Low-Engagement / Dormant,-0.2594846262166646,3.0569139103534013
C100140,1,Mid-Value Occasional Shoppers,-0.39263941047644063,-0.4660502804765111
C100141,1,Mid-Value Occasional Shoppers,-0.4388752390054527,0.6303444382361154
C100142,3,High-Value Loyalists,4.948987857490861,0.28533358228877015
C100143,1,Mid-Value Occasional Shoppers,0.14460922201892074,0.8024089316821857
C100144,1,Mid-Value Occasional Shoppers,-1.5253241915752198,0.1976451786290802
C100145,1,Mid-Value Occasional Shoppers,0.017362210965585354,-0.3159404428325998
C100146,1,Mid-Value Occasional Shoppers,-0.006466948850945122,-0.7328534394557018
C100147,1,Mid-Value Occasional Shoppers,-0.7421389679020343,-1.0620037447186501
C100148,1,Mid-Value Occasional Shoppers,0.3494846178666979,-0.6005143893457819
C100149,3,High-Value Loyalists,2.289083013552422,-0.6577114222563071
C100150,1,Mid-Value Occasional Shoppers,0.4247544797019103,1.1136458716405169
C100151,1,Mid-Value Occasional Shoppers,-0.49747487009559954,-0.6236576115497339
C100152,1,Mid-Value Occasional Shoppers,0.47378975071007645,-0.38163996517315785
C100153,2,Low-Engagement / Dormant,-2.3080392294967447,3.041367575045716
C100154,0,Low-Engagement / Dormant,-1.6649162981286343,-1.2646809498805383
C100155,1,Mid-Value Occasional Shoppers,-0.20845996384695883,-1.1115186041592928
C100156,2,Low-Engagement / Dormant,-1.1869481813300953,3.133614085318281
C100157,2,Low-Engagement / Dormant,-0.09226290243873951,1.520183016532447
C100158,2,Low-Engagement / Dormant,-0.625170997741361,1.894519197510029
C100159,1,Mid-Value Occasional Shoppers,0.21545792425666932,0.6538969388829886
C100160,3,High-Value Loyalists,1.7824364672067776,0.25108538829803856
C100161,1,Mid-Value Occasional Shoppers,-1.1731136813706862,-1.3324746924485475
C100162,3,High-Value Loyalists,2.9124809732882495,-0.694545980236662
C100164,0,Low-Engagement / Dormant,-2.757437390542552,-0.8247236758590675
C100165,1,Mid-Value Occasional Shoppers,0.916408848332622,-0.5253839753228884
C100166,1,Mid-Value Occasional Shoppers,-0.18820352528792467,0.8314841794536003
C100167,2,Low-Engagement / Dormant,-0.5574657948184936,2.28261203059653
C100168,1,Mid-Value Occasional Shoppers,0.24698539669782538,1.1474984118732137
C100169,1,Mid-Value Occasional Shoppers,-0.27468830413770257,-0.41055399311732094
C100170,3,High-Value Loyalists,5.505290854434343,0.819256556671711
C100171,2,Low-Engagement / Dormant,-1.1065515449329704,2.7661016117284474
C100172,1,Mid-Value Occasional Shoppers,0.18266283049250362,0.567483650163603
C100173,1,Mid-Value Occasional Shoppers,-0.712539163558974,-1.1348927808174312
C100174,1,Mid-Value Occasional Shoppers,-0.6539156904075749,-0.12526705921870315
C100175,1,Mid-Value Occasional Shoppers,-1.0408380919290439,-0.7408324209981639
C100176,1,Mid-Value Occasional Shoppers,-0.8891701004806762,-0.09131380103336943
C100177,3,High-Value Loyalists,3.147568059947016,0.1410444964932228
C100178,1,Mid-Value Occasional Shoppers,-0.02261154526565884,0.22600185327035313
C100179,1,Mid-Value Occasional Shoppers,0.8131086662781534,0.8728825057967352
C100180,1,Mid-Value Occasional Shoppers,-1.2762109454357962,-0.2549540276882678
C100181,2,Low-Engagement / Dormant,-1.5282360415505316,2.748188679965776
C100182,1,Mid-Value Occasional Shoppers,-0.5021590554773239,-0.002772886795137226
C100184,1,Mid-Value Occasional Shoppers,-0.7575066407983668,-0.011121227719988915
C100185,1,Mid-Value Occasional Shoppers,-1.0782680471836854,0.3693706238128595
C100186,1,Mid-Value Occasional Shoppers,0.08547643464184675,-0.47594174910082715
C100187,1,Mid-Value Occasional Shoppers,-0.6940281165409059,-1.5764238859734103
C100188,3,High-Value Loyalists,3.7872193090176975,-0.12116025716432112
C100189,0,Low-Engagement / Dormant,-2.8324988676515512,-0.08746589287399643
C100190,0,Low-Engagement / Dormant,-2.6751285984023396,-1.633164968925456
C100191,1,Mid-Value Occasional Shoppers,-0.0057033677802962625,-0.3768651089485463
C100192,3,High-Value Loyalists,2.2102356932425815,-0.7199068109535045
C100193,3,High-Value Loyalists,2.4336058207513265,0.1919868921766868
C100194,3,High-Value Loyalists,3.8230712642566798,0.21100501916155945
C100195,0,Low-Engagement / Dormant,-2.6264680546213333,-2.1111113937571573
C100196,1,Mid-Value Occasional Shoppers,0.4111113943278243,-0.6262853099839758
C100197,2,Low-Engagement / Dormant,-1.565115362394674,3.6515056356466316
C100198,1,Mid-Value Occasional Shoppers,0.11589447104587469,-0.19354124151593713
C100199,1,Mid-Value Occasional Shoppers,-0.03620804466127047,-0.6785603821506286
C100200,1,Mid-Value Occasional Shoppers,1.3483635901049091,-0.6327530352770311
C100201,1,Mid-Value Occasional Shoppers,0.07208750517759087,-1.0822786926978285
C100202,3,High-Value Loyalists,1.8909303719504382,0.15245715607868593
C100203,1,Mid-Value Occasional Shoppers,0.8279405023525349,-0.6426076571614892
C100204,1,Mid-Value Occasional Shoppers,-0.27533646750724355,0.8343277337863951
C100205,1,Mid-Value Occasional Shoppers,-1.0047730956584027,-1.6620799985530685
C100206,2,Low-Engagement / Dormant,-1.1020733334507338,1.730897524120775
C100207,1,Mid-Value Occasional Shoppers,-0.15841089173961043,0.6383437836164707
C100208,1,Mid-Value Occasional Shoppers,1.3354869570619277,-0.4053919022664326
C100209,0,Low-Engagement / Dormant,-2.9179136519479982,0.7514826187986713
C100210,2,Low-Engagement / Dormant,-1.7105167604665457,0.535022797837646
C100211,1,Mid-Value Occasional Shoppers,-0.8348828853328399,0.1762338128312446
C100212,1,Mid-Value Occasional Shoppers,-1.4642541682979553,-1.0680252708234637
C100213,1,Mid-Value Occasional Shoppers,-0.7691594482156422,-0.3267948509786947
C100214,2,Low-Engagement / Dormant,-0.5843586944503002,2.4462925518542873
C100215,1,Mid-Value Occasional Shoppers,-0.34542447251119557,0.7342048277313354
C100217,1,Mid-Value Occasional Shoppers,1.103974671865596,0.628176988034067
C100218,0,Low-Engagement / Dormant,-2.6254327239025885,-2.121280466625917
C100219,2,Low-Engagement / Dormant,-0.7524601708093097,1.640164222195461
C100220,2,Low-Engagement / Dormant,-0.22908394468385726,1.8067890225357481
C100221,1,Mid-Value Occasional Shoppers,-0.36730345909461865,0.3116981091711134
C100222,1,Mid-Value Occasional Shoppers,1.00775365509986,-0.757344371737993
C100223,3,High-Value Loyalists,3.37148528694079,-0.2871999024513132
C100224,1,Mid-Value Occasional Shoppers,-0.6435037577860195,-1.2436086050028015
C100225,1,Mid-Value Occasional Shoppers,0.28941727124095856,-0.8909172873373583
C100226,0,Low-Engagement / Dormant,-2.98935147154139,1.4531486467430839
C100227,2,Low-Engagement / Dormant,-1.797248190795923,0.7223349974161228
C100229,1,Mid-Value Occasional Shoppers,-0.35323834683319055,0.1308913567933611
C100230,3,High-Value Loyalists,5.998667684988376,0.2561148212728286
C100231,1,Mid-Value Occasional Shoppers,0.017887133459776123,-0.16573131304740538
C100232,1,Mid-Value Occasional Shoppers,-0.4762618937952241,-1.3311510539160858
C100233,3,High-Value Loyalists,4.644163688358798,0.272800797039614
C100234,0,Low-Engagement / Dormant,-2.624397393183844,-2.131449539494677
C100235,0,Low-Engagement / Dormant,-2.0775880989496365,0.0007626598604817036
C100236,1,Mid-Value Occasional Shoppers,-0.31400312681726045,-0.900875511263099
C100237,2,Low-Engagement / Dormant,-1.069638783114137,2.5499470434890985
C100238,1,Mid-Value Occasional Shoppers,-0.8515547279042598,-0.1440937835583495
C100239,1,Mid-Value Occasional Shoppers,0.3007726947109729,0.8019782721600541
C100240,1,Mid-Value Occasional Shoppers,0.502900629503601,1.429848632378812
C100241,1,Mid-Value Occasional Shoppers,1.9403056518577892,-0.1998502130915592
C100242,3,High-Value Loyalists,3.0106884923336623,-0.6199104538186638
C100243,1,Mid-Value Occasional Shoppers,1.5442225213538385,-0.27762745660377663
C100244,1,Mid-Value Occasional Shoppers,1.0737445665496053,0.654221578836437
C100245,3,High-Value Loyalists,3.0502297083703205,0.05475154689579355
C100246,3,High-Value Loyalists,3.037886861842261,0.21203279236037675
C100247,0,Low-Engagement / Dormant,-3.1685930768546355,0.40842639577730705
C100248,2,Low-Engagement / Dormant,-2.1563525683261795,1.9395938556129446
C100249,1,Mid-Value Occasional Shoppers,-0.6808049980062556,-0.6750182095891059
C100250,1,Mid-Value Occasional Shoppers,-1.3039608369474862,0.032707553697276126
C100251,1,Mid-Value Occasional Shoppers,-0.4248095153975176,-0.9611882739360331
C100252,1,Mid-Value Occasional Shoppers,0.10419441544579869,-0.2630291178096679
C100253,1,Mid-Value Occasional Shoppers,-0.7048722916720617,-0.8056604662010881
C100254,1,Mid-Value Occasional Shoppers,-0.09646450061848674,-0.7735230636617064
C100255,1,Mid-Value Occasional Shoppers,0.29940327222781177,-1.059536109156411
C100256,1,Mid-Value Occasional Shoppers,-1.328401216593731,-0.41189916626326595
C100257,2,Low-Engagement / Dormant,-1.39295313131191,2.29505905908578
C100258,1,Mid-Value Occasional Shoppers,1.082810519666189,0.4101339581001836
C100259,1,Mid-Value Occasional Shoppers,-1.2890733285770408,-1.194687933695638
C100260,2,Low-Engagement / Dormant,-1.4775147858976507,1.4600145954003112
C100261,3,High-Value Loyalists,2.4635803168855452,-0.7288046330942417
C100262,2,Low-Engagement / Dormant,-3.1249797956969605,2.7852971925505914
C100263,1,Mid-Value Occasional Shoppers,0.7680587958500587,-0.34318774128168195
C100264,1,Mid-Value Occasional Shoppers,0.33580125338638683,-0.34739472914342545
C100265,2,Low-Engagement / Dormant,-1.6881328199607124,1.1681751353881253
C100266,1,Mid-Value Occasional Shoppers,1.62281542926066,-0.5652591501103331
C100267,1,Mid-Value Occasional Shoppers,-0.3829192778878229,0.7480415176776
C100269,3,High-Value Loyalists,2.277782620082224,-0.6293216948944615
C100270,1,Mid-Value Occasional Shoppers,-0.7385813218943387,-0.8295821355261456
C100271,1,Mid-Value Occasional Shoppers,-0.908600866578773,0.10553314555264846
C100272,1,Mid-Value Occasional Shoppers,1.2831865000175473,-0.4892480065431383
C100273,1,Mid-Value Occasional Shoppers,-1.61401877065641,-1.2250028528828554
C100274,3,High-Value Loyalists,4.388931979336037,0.3781725997552541
C100275,1,Mid-Value Occasional Shoppers,-0.9895591932953222,-1.3244945178937566
C100276,1,Mid-Value Occasional Shoppers,-1.1190731295815664,-1.2892905930506584
C100277,1,Mid-Value Occasional Shoppers,-0.5665039097888133,0.4433004266836493
C100278,1,Mid-Value Occasional Shoppers,-0.7253614534166172,-0.8177813183863315
C100279,3,High-Value Loyalists,2.2671896984423316,-0.7430409331272263
C100280,1,Mid-Value Occasional Shoppers,0.22558744379526013,-0.005035305762342889
C100281,1,Mid-Value Occasional Shoppers,-1.207018517566343,-1.4045018721151035
C100282,2,Low-Engagement / Dormant,-0.5905005125318045,1.78559844661105
C100283,3,High-Value Loyalists,3.245163603505693,0.05332989203406254
C100284,3,High-Value Loyalists,1.764727710464441,-0.5602305292197713
C100285,0,Low-Engagement / Dormant,-1.5928413438229776,-1.3970273601834697
C100286,3,High-Value Loyalists,3.006746523129737,-0.2503950839232181
C100287,1,Mid-Value Occasional Shoppers,-0.17648626247666138,-0.656594702122398
C100288,2,Low-Engagement / Dormant,-3.2285128675714416,3.8022044794265524
C100289,1,Mid-Value Occasional Shoppers,0.49483413626514267,0.6322295001591375
C100290,2,Low-Engagement / Dormant,-0.7670699004757399,2.1074539854728793
C100291,1,Mid-Value Occasional Shoppers,0.7627907022364947,1.052429713521061
C100292,1,Mid-Value Occasional Shoppers,-1.2493017561752917,-1.0341656904200922
C100293,1,Mid-Value Occasional Shoppers,-1.803117261060893,-0.5138379663538717
C100294,1,Mid-Value Occasional Shoppers,0.11699465172701086,-1.2014985535899458
C100295,2,Low-Engagement / Dormant,-2.596958019897906,3.6569581606366257
C100296,1,Mid-Value Occasional Shoppers,0.8237760793777573,0.6262970398640851
C100297,3,High-Value Loyalists,2.535571026969667,0.04925127537674279
C100298,1,Mid-Value Occasional Shoppers,-0.4401124759464723,-0.7542904988821871
C100299,1,Mid-Value Occasional Shoppers,0.22820875124511356,0.19528001537702225
C100300,1,Mid-Value Occasional Shoppers,-0.8297629312017674,0.2768632535013794
C100301,1,Mid-Value Occasional Shoppers,0.015094742916563042,0.17397199542608208
C100302,1,Mid-Value Occasional Shoppers,-1.1713216618283768,0.4067163042388875
C100303,1,Mid-Value Occasional Shoppers,0.6065198718411722,-0.0800538126681065
C100304,1,Mid-Value Occasional Shoppers,0.4168735521387336,0.6483808335532258
C100305,1,Mid-Value Occasional Shoppers,-0.3540710382488412,-1.1818959957269124
C100306,1,Mid-Value Occasional Shoppers,-1.308814894984282,-1.4722535743499356
C100307,1,Mid-Value Occasional Shoppers,1.1498302662359394,1.323531314375485
C100308,1,Mid-Value Occasional Shoppers,0.43597439037962704,-0.20672783014886337
C100309,1,Mid-Value Occasional Shoppers,-1.0186310175990132,-1.4494062254375453
C100310,1,Mid-Value Occasional Shoppers,-0.15162553879978527,-0.8046761421917336
C100311,1,Mid-Value Occasional Shoppers,-1.5131931255662392,-1.4739873608546832
C100312,1,Mid-Value Occasional Shoppers,0.8270537619368661,-0.1756662720517705
C100313,2,Low-Engagement / Dormant,-1.083857184505446,0.6988392911815829
C100314,1,Mid-Value Occasional Shoppers,0.25122701210745485,-1.1802883395324648
C100315,3,High-Value Loyalists,3.6100431272708877,0.4090398793575358
C100316,1,Mid-Value Occasional Shoppers,-0.15003939238321135,0.936157413666854
C100317,1,Mid-Value Occasional Shoppers,-1.3021120117075633,-0.2675655679745596
C100318,1,Mid-Value Occasional Shoppers,-0.8079955304083253,-0.6785669456629969
C100319,2,Low-Engagement / Dormant,-1.1684736879894229,1.8711047337432027
C100320,3,High-Value Loyalists,1.9910076535986772,-0.6646631544015754
C100321,1,Mid-Value Occasional Shoppers,-0.22551798747111354,0.09496666568436904
C100322,1,Mid-Value Occasional Shoppers,-0.03164299839503853,-0.049756121682545874
C100324,1,Mid-Value Occasional Shoppers,-0.06359566688941119,0.5759345283179108
C100326,1,Mid-Value Occasional Shoppers,0.4220507539344762,-0.3702470526815313
C100327,1,Mid-Value Occasional Shoppers,-1.2475149880157756,-1.1728365679857942
C100328,1,Mid-Value Occasional Shoppers,1.4507112987161117,-0.33990695320186837
C100329,0,Low-Engagement / Dormant,-3.0494006532285893,2.04295487313114
C100330,1,Mid-Value Occasional Shoppers,-0.5955110270959603,-1.0394139928044015
C100331,1,Mid-Value Occasional Shoppers,-0.8217011055325182,-1.0639211727541695
C100332,3,High-Value Loyalists,2.532633250870902,0.3722564829425843
C100333,1,Mid-Value Occasional Shoppers,-0.9471899816432634,-0.07471324227361366
C100334,1,Mid-Value Occasional Shoppers,-0.2546555492659709,-0.6978049117986586
C100335,1,Mid-Value Occasional Shoppers,0.14713658669248517,-0.23122387936281263
C100336,1,Mid-Value Occasional Shoppers,-1.2078383008753297,-1.9488218104968658
C100337,1,Mid-Value Occasional Shoppers,-0.2215748845263379,-0.5529062865786429
C100338,1,Mid-Value Occasional Shoppers,0.07740652155229513,-0.14473651288037148
C100339,1,Mid-Value Occasional Shoppers,0.6458180173847102,1.1568996253164654
C100340,1,Mid-Value Occasional Shoppers,-1.2149072580493567,-0.3766668372808759
C100341,2,Low-Engagement / Dormant,-3.117214815306374,2.7090291460348945
C100342,1,Mid-Value Occasional Shoppers,-0.4080603551306068,-0.8873132123643478
C100343,1,Mid-Value Occasional Shoppers,0.1603229859676101,-0.4513384538558196
C100344,1,Mid-Value Occasional Shoppers,1.2350068415993856,-0.21936664946985393
C100345,1,Mid-Value Occasional Shoppers,1.3569301162402938,0.3881094737741392
C100346,0,Low-Engagement / Dormant,-2.7828029931518,-0.5755813905744572
C100347,2,Low-Engagement / Dormant,-0.5068979648307872,1.3592088341113366
C100348,1,Mid-Value Occasional Shoppers,0.46811967383656045,-0.6409722999291467
C100349,0,Low-Engagement / Dormant,-2.9931045200273902,-1.315231455477446
C100350,1,Mid-Value Occasional Shoppers,-0.7959855096096429,-1.6541364798831237
C100353,1,Mid-Value Occasional Shoppers,0.6068802601268267,-0.1678302229570918
C100354,2,Low-Engagement / Dormant,0.26463373007367375,1.220512881986609
C100355,1,Mid-Value Occasional Shoppers,-1.2757546242337847,-1.1627804542522662
C100356,1,Mid-Value Occasional Shoppers,-1.2288990593433644,-0.932985134317531
C100358,1,Mid-Value Occasional Shoppers,-0.1762311363331483,-0.8663237432461133
C100359,3,High-Value Loyalists,2.9169332586845185,0.31694896540009887
C100360,3,High-Value Loyalists,2.1219594149495533,-0.5830433005408305
C100361,1,Mid-Value Occasional Shoppers,0.20327362818560954,0.14842895988431093
C100362,1,Mid-Value Occasional Shoppers,-1.7860362133793481,-0.11720646916268987
C100363,3,High-Value Loyalists,3.8730778595403788,-0.40207141726956924
C100364,3,High-Value Loyalists,3.297365365930122,-0.42442721229568087
C100365,3,High-Value Loyalists,5.596039628415284,0.39687894621469477
C100366,1,Mid-Value Occasional Shoppers,0.18208201471436175,-1.4536703587959339
C100367,1,Mid-Value Occasional Shoppers,-0.046605145213757526,-1.2098177998395034
C100368,3,High-Value Loyalists,3.8829672660068355,0.5447404345759158
C100369,1,Mid-Value Occasional Shoppers,-0.6884757385757135,0.5526444366292736
C100370,1,Mid-Value Occasional Shoppers,-0.45055675824322117,-0.312716564180441
C100371,1,Mid-Value Occasional Shoppers,-0.93516129151793,-0.28396315124513494
C100372,1,Mid-Value Occasional Shoppers,-1.057106103774709,-1.4219122763896976
C100373,3,High-Value Loyalists,3.345871652870512,0.40614513923762857
C100374,1,Mid-Value Occasional Shoppers,0.1584532701170771,0.4018977931574212
C100375,1,Mid-Value Occasional Shoppers,-0.42936814239565596,0.7005857977276464
C100376,2,Low-Engagement / Dormant,-1.011359860244865,2.177358512699268
C100377,1,Mid-Value Occasional Shoppers,-1.582210679961672,-1.6080845005577626
C100378,0,Low-Engagement / Dormant,-2.6300917121369403,-2.0755196387164987
C100379,1,Mid-Value Occasional Shoppers,0.5465914434303407,0.6501836006361807
C100380,1,Mid-Value Occasional Shoppers,-0.6432597240142075,-0.08893202015192063
C100381,1,Mid-Value Occasional Shoppers,0.18073724030560612,0.23027443314974883
C100382,1,Mid-Value Occasional Shoppers,-0.017125905786328333,0.5124627675621974
C100383,1,Mid-Value Occasional Shoppers,0.4640012956615584,0.1078047996090755
C100384,1,Mid-Value Occasional Shoppers,0.742009883649201,0.3603821573569492
C100385,1,Mid-Value Occasional Shoppers,-0.6348901386371932,0.07893258178448302
C100387,1,Mid-Value Occasional Shoppers,-0.07641176587936434,-0.2453264902747324
C100388,1,Mid-Value Occasional Shoppers,-1.175183765132979,-0.488513278378704
C100389,1,Mid-Value Occasional Shoppers,0.1785709910363766,-0.5936905213539592
C100390,3,High-Value Loyalists,4.060561748615043,0.5411515701241668
C100391,2,Low-Engagement / Dormant,-2.6510539012219594,3.5041878999842093
C100392,2,Low-Engagement / Dormant,-0.7931365931311719,1.1952893484148845
C100393,1,Mid-Value Occasional Shoppers,0.39127605198899035,0.5679570556460424
C100394,1,Mid-Value Occasional Shoppers,-1.464751715663403,-1.1621663556288804
C100395,1,Mid-Value Occasional Shoppers,-0.6942452467598591,-0.9618962238617667
C100396,0,Low-Engagement / Dormant,-2.6875525670272773,-1.511136094500341
C100397,1,Mid-Value Occasional Shoppers,-0.32183874911640986,-0.8061661098235497
C100398,1,Mid-Value Occasional Shoppers,-0.34141047945694947,-0.7654364551979708
C100399,1,Mid-Value Occasional Shoppers,0.5295902239892055,-0.7462143490635601
C100400,1,Mid-Value Occasional Shoppers,-1.1578794934632444,0.20218574911769838
C100401,3,High-Value Loyalists,1.7589644993978275,-0.9329649358706431
C100402,1,Mid-Value Occasional Shoppers,-1.1703447787051522,-1.4572624325813868
C100403,1,Mid-Value Occasional Shoppers,-0.8554715646095633,-0.8002832756900353
C100404,1,Mid-Value Occasional Shoppers,-1.0801164122134292,0.002499022082267318
C100405,3,High-Value Loyalists,5.005483930312261,0.6725572539456138
C100406,1,Mid-Value Occasional Shoppers,0.54153380696277,-1.0511031415565337
C100407,1,Mid-Value Occasional Shoppers,0.12956448864237907,0.0626563643927599
C100408,1,Mid-Value Occasional Shoppers,0.09361775995378738,-0.9815664104145962
C100409,1,Mid-Value Occasional Shoppers,1.6303476268309713,-0.573674296723795
C100410,1,Mid-Value Occasional Shoppers,-0.4752192374407049,-1.0434767647068772
C100411,1,Mid-Value Occasional Shoppers,-0.12647684155369276,0.3545306082770504
C100412,1,Mid-Value Occasional Shoppers,-1.8424366765159166,-1.3479466485655636
C100413,1,Mid-Value Occasional Shoppers,-1.1669378755180981,-1.388680922790528
C100414,3,High-Value Loyalists,2.885440324597821,-0.10026512508362172
C100415,1,Mid-Value Occasional Shoppers,-0.3978925183864269,0.9680070320265985
C100416,3,High-Value Loyalists,3.1556039798770836,-0.7270649182645834
C100417,1,Mid-Value Occasional Shoppers,-1.1741665262314371,-1.3015836741404991
C100418,1,Mid-Value Occasional Shoppers,-0.9695725746189015,-1.2726672012856162
C100419,1,Mid-Value Occasional Shoppers,-0.710016090414088,-0.48131803810431145
C100420,1,Mid-Value Occasional Shoppers,-0.4464831714006716,0.8310781847107096
C100421,1,Mid-Value Occasional Shoppers,0.10432697437426486,-0.02350735505159591
C100422,3,High-Value Loyalists,2.5316659890966617,-0.559398504492306
C100423,0,Low-Engagement / Dormant,-2.6507983265118367,-1.8721381813413067
C100424,1,Mid-Value Occasional Shoppers,0.6296755509495778,0.5941310293083897
C100425,1,Mid-Value Occasional Shoppers,0.7061937217824553,-0.8515357404401571
C100426,1,Mid-Value Occasional Shoppers,-0.14419172683267295,1.2278697107557575
C100427,1,Mid-Value Occasional Shoppers,-1.2051290576489049,-0.7306320002389659
C100428,1,Mid-Value Occasional Shoppers,0.6030724999470136,-0.3664706290024793
C100429,0,Low-Engagement / Dormant,-3.0297293695724377,1.849742488624708
C100430,1,Mid-Value Occasional Shoppers,0.6671321783175019,-0.5020926675281481
C100431,1,Mid-Value Occasional Shoppers,-0.12622399535421894,-0.46030907592743714
C100432,1,Mid-Value Occasional Shoppers,-0.18940967224843888,-1.3100251698206677
C100433,2,Low-Engagement / Dormant,-1.5802237288794658,0.8139613293400322
C100434,1,Mid-Value Occasional Shoppers,0.5746143634212928,-0.426708119319679
C100435,2,Low-Engagement / Dormant,-1.5779957782818521,2.6151473869175597
C100436,2,Low-Engagement / Dormant,-0.0677046257598416,2.664678658886113
C100437,1,Mid-Value Occasional Shoppers,-0.8908909123839795,0.4415611817045711
C100439,0,Low-Engagement / Dormant,-2.119542974723083,-1.403328124430678
C100440,0,Low-Engagement / Dormant,-2.4312923503219506,0.039445003968057175
C100441,1,Mid-Value Occasional Shoppers,-0.37736763164013115,-0.9572979775146172
C100442,1,Mid-Value Occasional Shoppers,-0.31466551739062365,-0.02432896499356351
C100443,3,High-Value Loyalists,2.488661213429287,0.411552901033553
C100444,2,Low-Engagement / Dormant,-0.8451412102953879,2.6979332811878076
C100445,1,Mid-Value Occasional Shoppers,0.294634259652486,0.9221136854725487
C100446,1,Mid-Value Occasional Shoppers,0.7961117018630984,-0.01584224798823079
C100447,1,Mid-Value Occasional Shoppers,1.184867708846187,0.2620850994278535
C100448,1,Mid-Value Occasional Shoppers,0.1146062287158408,0.9392574133509617
C100449,2,Low-Engagement / Dormant,-2.2486920601922207,3.8928254861744143
C100450,1,Mid-Value Occasional Shoppers,-0.5663522314723168,-0.7290461287843152
C100451,0,Low-Engagement / Dormant,-2.6388920232462714,-1.989082519332042
C100452,1,Mid-Value Occasional Shoppers,-1.6765695625276145,-0.2679876068774553
C100453,2,Low-Engagement / Dormant,-0.7755486732091401,1.393329803760903
C100454,3,High-Value Loyalists,3.675352393456901,-0.3871146129080818
C100455,2,Low-Engagement / Dormant,-1.9238425346747807,1.7370235294416025
C100456,2,Low-Engagement / Dormant,-1.1800139313828522,1.8701807872744296
C100457,1,Mid-Value Occasional Shoppers,0.44629575065446137,-0.67085583376136
C100458,1,Mid-Value Occasional Shoppers,0.4130768512943946,-0.5994677745303022
C100459,3,High-Value Loyalists,2.4020753989998824,0.9678053375362053
C100460,1,Mid-Value Occasional Shoppers,0.11286015367145505,0.6455766162506481
C100461,1,Mid-Value Occasional Shoppers,-0.07513557008679535,0.5110755473437827
C100462,1,Mid-Value Occasional Shoppers,-0.2300521375144147,1.0655460594940125
C100463,1,Mid-Value Occasional Shoppers,-1.3085854924442,-0.6585123223051027
C100464,1,Mid-Value Occasional Shoppers,-0.8014575132763962,0.10306803261100451
C100465,1,Mid-Value Occasional Shoppers,-1.0935896658840114,0.05892511691743721
C100466,1,Mid-Value Occasional Shoppers,-0.5665780176672527,-0.9282034318788638
C100468,1,Mid-Value Occasional Shoppers,-0.49584459227020206,-1.4316789326713484
C100469,0,Low-Engagement / Dormant,-2.843369840198372,0.01930937224797956
C100470,1,Mid-Value Occasional Shoppers,-1.1103245127732464,-1.0923153256662257
C100471,1,Mid-Value Occasional Shoppers,-1.1598028379844554,0.5967722054238858
C100473,1,Mid-Value Occasional Shoppers,-0.4714327114132767,-1.2856443954846084
C100474,1,Mid-Value Occasional Shoppers,-1.0556472674281778,-0.7761340449046339
C100475,1,Mid-Value Occasional Shoppers,-1.6003830584271073,-1.5147488327722296
C100476,1,Mid-Value Occasional Shoppers,-0.4752708998730289,-0.44249158667281896
C100477,1,Mid-Value Occasional Shoppers,0.4325857896330648,-1.2770026754564796
C100478,3,High-Value Loyalists,4.034624980762114,0.08987911889132191
C100480,1,Mid-Value Occasional Shoppers,-0.5923420910283178,-1.0326858430979051
C100481,1,Mid-Value Occasional Shoppers,-0.9398173439611832,-1.4494608754153901
C100482,1,Mid-Value Occasional Shoppers,0.6801781876887233,-0.5423844858530494
C100483,0,Low-Engagement / Dormant,-2.8260927461445924,-1.553008526934338
C100484,2,Low-Engagement / Dormant,-1.4885395131152146,3.0816896043280675
C100485,3,High-Value Loyalists,4.557370592158188,0.3532983023018695
C100486,1,Mid-Value Occasional Shoppers,-0.006644507878925678,-0.5192390414597811
C100487,1,Mid-Value Occasional Shoppers,-0.527947029887674,-0.5056582125137477
C100488,1,Mid-Value Occasional Shoppers,-0.5337343550070199,-1.3245956315429357
C100489,0,Low-Engagement / Dormant,-2.96346820357277,1.1989218250240938
C100490,1,Mid-Value Occasional Shoppers,0.8355779997103807,-0.6696980048242358
C100491,1,Mid-Value Occasional Shoppers,0.14985605321841305,-0.27444665525600104
C100493,1,Mid-Value Occasional Shoppers,-0.8469246671540296,0.15643973418458382
C100494,1,Mid-Value Occasional Shoppers,-0.4386092596787879,-0.19522901887832222
C100496,1,Mid-Value Occasional Shoppers,0.08127454506617891,0.4952735138056874
C100498,1,Mid-Value Occasional Shoppers,0.6392032994449106,0.7396802571846877
C100499,2,Low-Engagement / Dormant,-0.8337694324105787,1.1983817916717772
C100500,1,Mid-Value Occasional Shoppers,-1.383400934140035,-0.5537173018394185
C100501,1,Mid-Value Occasional Shoppers,-0.3266184131571948,-0.8800120433960911
C100503,1,Mid-Value Occasional Shoppers,-0.8447893026332125,-1.1648321410543911
C100504,1,Mid-Value Occasional Shoppers,1.413497502153698,-1.0831081683557546
C100505,2,Low-Engagement / Dormant,-1.591051935193472,1.146869622782636
C100506,2,Low-Engagement / Dormant,-0.8915986832180394,1.9556807755281502
C100507,3,High-Value Loyalists,3.7330984912095744,0.5528923072717251
C100508,2,Low-Engagement / Dormant,-1.5472129448775627,1.813474022383978
C100509,3,High-Value Loyalists,6.622562266269385,0.6616047148889426
C100510,3,High-Value Loyalists,1.7278104469269016,-0.8398726784951975
C100511,1,Mid-Value Occasional Shoppers,-1.1048710635131727,-0.3630856726976161
C100513,1,Mid-Value Occasional Shoppers,0.23950414896990294,-0.13225843809129295
C100514,1,Mid-Value Occasional Shoppers,-0.8869056733089634,-1.527401156995292
C100516,0,Low-Engagement / Dormant,-2.6839289095116703,-1.5467278495409995
C100517,1,Mid-Value Occasional Shoppers,0.8472149635352354,-0.18469530161530498
C100518,3,High-Value Loyalists,2.603758703987691,-0.19377928762851596
C100520,1,Mid-Value Occasional Shoppers,-0.03317933977854587,0.5453479129524518
C100521,3,High-Value Loyalists,3.0167395693763517,-0.34828350611159753
C100522,3,High-Value Loyalists,4.637521895303144,0.5673661514195136
C100523,1,Mid-Value Occasional Shoppers,-0.7703460583564202,-0.849778323370575
C100524,1,Mid-Value Occasional Shoppers,-1.7530329639631483,0.0862421836442692
C100525,3,High-Value Loyalists,4.575022273769897,0.681148434152658
C100526,1,Mid-Value Occasional Shoppers,0.45416198212158454,0.4082138340020877
C100527,1,Mid-Value Occasional Shoppers,-0.3062063227233892,-0.8828212452333749
C100528,1,Mid-Value Occasional Shoppers,-0.2716731837256556,-0.11356066625776126
C100529,1,Mid-Value Occasional Shoppers,-0.8195126701311816,-0.9393905341869163
C100530,2,Low-Engagement / Dormant,-1.0518173395618589,0.8409185379385127
C100531,1,Mid-Value Occasional Shoppers,-1.916010129572299,-1.4739252424045155
C100532,1,Mid-Value Occasional Shoppers,0.9527205800208962,-0.45190722292418284
C100533,1,Mid-Value Occasional Shoppers,-0.9875633203761587,-1.6948200083042533
C100534,2,Low-Engagement / Dormant,-1.9293066758657114,1.8404617472169098
C100535,2,Low-Engagement / Dormant,-1.12588469275123,1.8912057184434414
C100536,3,High-Value Loyalists,3.9782981134377833,0.5534552342415825
C100537,1,Mid-Value Occasional Shoppers,-0.6746834060585104,0.7560457640937348
C100538,0,Low-Engagement / Dormant,-2.621809066386982,-2.1568722216665757
C100539,1,Mid-Value Occasional Shoppers,0.8765575656721964,1.5198828565017717
C100540,2,Low-Engagement / Dormant,-1.1993783346391238,1.6399360503869478
C100541,2,Low-Engagement / Dormant,-0.7722423429999049,2.2430850322032283
C100542,0,Low-Engagement / Dormant,-2.636303696449409,-2.0145052015039413
C100543,2,Low-Engagement / Dormant,-2.1690380755500045,0.3593200650051388
C100544,1,Mid-Value Occasional Shoppers,-0.8805326084614176,-1.1826881998064147
C100545,1,Mid-Value Occasional Shoppers,-0.3784290012892342,-1.152704741069857
C100546,3,High-Value Loyalists,2.18913153874449,-0.926382690029784
C100547,1,Mid-Value Occasional Shoppers,1.1813433466778005,-0.9715730834053284
C100548,3,High-Value Loyalists,2.0641481105420216,0.7024716652204978
C100549,1,Mid-Value Occasional Shoppers,-0.9096262417552359,-1.437022758257518
C100550,1,Mid-Value Occasional Shoppers,-0.4118108021245441,-1.1770453747985263
C100551,1,Mid-Value Occasional Shoppers,-0.7160568530983308,-0.4171180287870222
C100552,1,Mid-Value Occasional Shoppers,0.11257050866800844,0.2561044105372798
C100553,0,Low-Engagement / Dormant,-1.7572109666472016,-1.2081045083580788
C100554,3,High-Value Loyalists,3.284620903455507,-0.29686096755819175
C100555,2,Low-Engagement / Dormant,0.06138849459741427,1.6602772439719258
C100556,1,Mid-Value Occasional Shoppers,-1.22867232965017,-1.7269424845096868
C100557,1,Mid-Value Occasional Shoppers,1.151031876292103,0.09578760144992063
C100558,1,Mid-Value Occasional Shoppers,1.4191301150619104,0.4769072143601362
C100559,1,Mid-Value Occasional Shoppers,-0.22200467418655473,-0.9033219167483362
C100560,1,Mid-Value Occasional Shoppers,-0.20029913859570816,0.7700746247933197
C100561,1,Mid-Value Occasional Shoppers,-0.6743778997489419,-1.4600527600763276
C100562,1,Mid-Value Occasional Shoppers,-0.42775453764125754,-0.31381995408595587
C100563,2,Low-Engagement / Dormant,-0.5494409979501365,1.6913332775417833
C100564,0,Low-Engagement / Dormant,-2.6228443971057267,-2.146703148797816
C100565,1,Mid-Value Occasional Shoppers,-0.1250451622977146,-0.15411780129596328
C100566,2,Low-Engagement / Dormant,-3.080978240150306,2.3531115956283086
C100567,1,Mid-Value Occasional Shoppers,-0.857822811355194,-0.7600583005104091
C100568,1,Mid-Value Occasional Shoppers,0.0677162724108587,-0.21844040015913782
C100569,3,High-Value Loyalists,5.494077045851539,0.5912819988532126
C100570,1,Mid-Value Occasional Shoppers,-0.07387922481619076,-1.1407983197236353
C100571,2,Low-Engagement / Dormant,-1.9926744126920353,1.1554056195027624
C100572,1,Mid-Value Occasional Shoppers,0.16769262443357155,-0.6707180093918396
C100573,1,Mid-Value Occasional Shoppers,-0.8346342295644388,-1.6268369727078706
C100574,1,Mid-Value Occasional Shoppers,-1.2891586288203238,-0.08836661745181623
C100575,1,Mid-Value Occasional Shoppers,-0.7592701880910506,-1.1815612141649072
C100576,1,Mid-Value Occasional Shoppers,0.5658804534793008,0.21638452033004998
C100577,1,Mid-Value Occasional Shoppers,-0.2608403636256587,0.20496868799308948
C100578,1,Mid-Value Occasional Shoppers,0.28088438692450385,-0.17763069668411435
C100579,1,Mid-Value Occasional Shoppers,-1.1366843843455114,-1.804499371658966
C100580,1,Mid-Value Occasional Shoppers,-0.606024063317651,-0.5400418468351744
C100581,3,High-Value Loyalists,2.0751976714911193,-0.0390900622650052
C100582,1,Mid-Value Occasional Shoppers,-0.35904980704164224,-1.1970707828404268
C100583,1,Mid-Value Occasional Shoppers,-0.7599907175109809,-1.3130386558004983
C100584,1,Mid-Value Occasional Shoppers,-1.1344728832047886,-1.7617966751082628
C100585,2,Low-Engagement / Dormant,-0.7015530022324115,1.3221156770325546
C100586,1,Mid-Value Occasional Shoppers,-1.101646390257325,-0.9999842437961669
C100587,1,Mid-Value Occasional Shoppers,0.9563201385738117,-1.0286820737025009
C100588,1,Mid-Value Occasional Shoppers,-0.01044234917346925,-0.05967566683152956
C100589,1,Mid-Value Occasional Shoppers,0.10726386115225459,0.05849828091870007
C100590,3,High-Value Loyalists,5.664159414275334,0.3280456539993062
C100591,1,Mid-Value Occasional Shoppers,0.9335740680942025,0.44822265721568616
C100592,1,Mid-Value Occasional Shoppers,0.5917337335900356,-0.5453873640236674
C100593,1,Mid-Value Occasional Shoppers,-1.1031216097640413,-1.349224600240805
C100594,1,Mid-Value Occasional Shoppers,-0.8902119066429631,-1.5033490571278585
C100595,3,High-Value Loyalists,4.734816655801173,0.3698714488389388
C100596,1,Mid-Value Occasional Shoppers,-0.6268238535876939,-0.8930158026309516
C100597,2,Low-Engagement / Dormant,-2.0351040180178726,4.010066255988698
C100598,1,Mid-Value Occasional Shoppers,-0.87456407268853,-0.7277376168289247
C100599,1,Mid-Value Occasional Shoppers,0.3739175699891045,-0.2784368260965175
C100600,3,High-Value Loyalists,2.4489777661469416,-0.2827594467687269
C100601,1,Mid-Value Occasional Shoppers,0.6413808407928909,-1.1963879135560578
C100602,1,Mid-Value Occasional Shoppers,0.6275807875992601,-0.0952420462185176
C100603,1,Mid-Value Occasional Shoppers,-1.435969784869097,-0.47622836354728976
C100604,1,Mid-Value Occasional Shoppers,0.4769160316538914,-0.5906640243450288
C100606,1,Mid-Value Occasional Shoppers,-1.4214792927397168,-0.297053741455998
C100607,1,Mid-Value Occasional Shoppers,0.8025756821621947,-0.03409808230415909
C100608,0,Low-Engagement / Dormant,-3.033482418058438,-0.9186376135958213
C100609,1,Mid-Value Occasional Shoppers,-0.703661243832633,-0.11508721283794167
C100610,0,Low-Engagement / Dormant,-2.0070841351080446,0.35846294115425303
C100611,3,High-Value Loyalists,5.275692276684841,0.39087063196291094
C100612,1,Mid-Value Occasional Shoppers,-0.035160662906890766,0.8689225276171121
C100613,1,Mid-Value Occasional Shoppers,-0.22375725823156625,-0.29889739978334334
C100614,1,Mid-Value Occasional Shoppers,0.07935578187905974,0.38293097242259455
C100616,1,Mid-Value Occasional Shoppers,-1.2177022411695761,-1.4870984341001863
C100617,1,Mid-Value Occasional Shoppers,-0.6012994006542918,-0.7293984071511935
C100618,1,Mid-Value Occasional Shoppers,-0.8083712400590375,-1.077213412817313
C100619,1,Mid-Value Occasional Shoppers,1.6296760877145338,-0.8625560369304157
C100620,1,Mid-Value Occasional Shoppers,0.8506381092367802,0.6346571020175461
C100621,1,Mid-Value Occasional Shoppers,1.0394169779689781,-0.3313962553222728
C100622,1,Mid-Value Occasional Shoppers,-0.2790101308021578,0.06545822797788241
C100623,1,Mid-Value Occasional Shoppers,-1.313170205281887,-1.611815415660576
C100624,3,High-Value Loyalists,2.4064320667346113,0.3090794843017901
C100625,1,Mid-Value Occasional Shoppers,1.561120124870687,-0.4708889205011653
C100626,0,Low-Engagement / Dormant,-3.027141042775576,1.8243198064528092
C100627,1,Mid-Value Occasional Shoppers,0.15793332728961504,0.21999224557495334
C100628,2,Low-Engagement / Dormant,-1.460191217833581,3.6447973932478113
C100629,1,Mid-Value Occasional Shoppers,0.00956072588877153,0.05478683010570925
C100630,1,Mid-Value Occasional Shoppers,1.4742002064484754,0.5144008051752105
C100631,2,Low-Engagement / Dormant,-0.14989597616630845,2.0756562963885443
C100632,1,Mid-Value Occasional Shoppers,0.44304099568306765,-0.022628852085165158
C100633,2,Low-Engagement / Dormant,-0.8163108587387181,1.0060165297589871
C100634,1,Mid-Value Occasional Shoppers,0.5047394911534341,-0.03398542872095275
C100635,3,High-Value Loyalists,5.415812091093525,0.6577470596881925
C100636,1,Mid-Value Occasional Shoppers,0.9944035733658048,0.09101927089749723
C100637,3,High-Value Loyalists,3.959259329367959,-0.5178177819112668
C100639,1,Mid-Value Occasional Shoppers,1.0288803536255142,-0.8882308215384902
C100640,1,Mid-Value Occasional Shoppers,-0.6515247457313522,-1.3161561946592881
C100641,2,Low-Engagement / Dormant,-1.568835625951419,2.046608387430705
C100642,3,High-Value Loyalists,2.3461064886930254,-0.4892682922746069
C100643,1,Mid-Value Occasional Shoppers,0.06576608367829942,-0.11197250713672906
C100644,1,Mid-Value Occasional Shoppers,-0.08816304808020778,-1.3225085661973632
C100647,1,Mid-Value Occasional Shoppers,0.07943288963377901,-0.9683687088581384
C100648,2,Low-Engagement / Dormant,-1.648916167650973,1.2314204835950462
C100649,1,Mid-Value Occasional Shoppers,-0.2911665906982011,-0.08633972291358598
C100651,2,Low-Engagement / Dormant,-2.5105463832978465,2.3410394695264447
C100652,0,Low-Engagement / Dormant,-3.0255880466974583,1.8090661971496698
C100653,1,Mid-Value Occasional Shoppers,-0.3513214707096312,-1.158260421480405
C100654,3,High-Value Loyalists,2.978711490907534,-0.06673285162802679
C100655,1,Mid-Value Occasional Shoppers,0.18441937534637245,0.09937091420737398
C100656,3,High-Value Loyalists,2.879978687226113,-0.6188541197936128
C100657,1,Mid-Value Occasional Shoppers,0.970809835924506,0.3076673592386623
C100658,1,Mid-Value Occasional Shoppers,-0.300630890856325,0.8769092435412997
C100659,0,Low-Engagement / Dormant,-2.6507983265118367,-1.8721381813413067
C100660,2,Low-Engagement / Dormant,-1.6093907803894658,1.7978126081242911
C100661,1,Mid-Value Occasional Shoppers,0.9139477108888799,-0.32989465228603704
C100663,1,Mid-Value Occasional Shoppers,-0.9345749444732543,-0.6694206377981794
C100664,1,Mid-Value Occasional Shoppers,-0.06934114419635136,0.16385540649994026
C100665,1,Mid-Value Occasional Shoppers,-1.2834065778887322,0.19781638620914904
C100666,1,Mid-Value Occasional Shoppers,0.17020953056899876,-0.6566995673507757
C100667,1,Mid-Value Occasional Shoppers,-0.6163833398334971,-0.7752098205286104
C100668,1,Mid-Value Occasional Shoppers,0.6756698917300629,1.2578769767863562
C100669,1,Mid-Value Occasional Shoppers,-0.6737204468878727,0.9997653954477022
C100670,0,Low-Engagement / Dormant,-2.687034901667905,-1.5162206309347208
C100671,2,Low-Engagement / Dormant,-1.2403360160898598,1.7706484094521986
C100672,2,Low-Engagement / Dormant,-1.3068593856081263,1.6875654545377246
C100673,1,Mid-Value Occasional Shoppers,1.2568418556078238,0.09989575613586277
C100674,1,Mid-Value Occasional Shoppers,1.1255163464867228,0.7786103192061004
C100675,1,Mid-Value Occasional Shoppers,-0.1794415031646111,0.8532820021485424
C100676,1,Mid-Value Occasional Shoppers,1.0748629773634133,-0.2762451582015607
C100677,1,Mid-Value Occasional Shoppers,-0.6393604834953528,-1.0303807946914456
C100678,1,Mid-Value Occasional Shoppers,0.2422186620684897,1.5136197391344481
C100679,2,Low-Engagement / Dormant,-1.4569900664621365,3.0461444365272685
C100680,2,Low-Engagement / Dormant,-0.688584300419088,2.9014641902210845
C100681,1,Mid-Value Occasional Shoppers,-0.7243903296070011,-0.7932981803349403
C100682,1,Mid-Value Occasional Shoppers,0.1284222134701706,0.17598746408364999
C100683,1,Mid-Value Occasional Shoppers,-1.6964401512185752,-0.5569475977125725
C100684,1,Mid-Value Occasional Shoppers,-0.70301091433167,-0.5807287030208813
C100685,0,Low-Engagement / Dormant,-2.734660114730166,-1.0484432789717788
C100686,1,Mid-Value Occasional Shoppers,-1.4758016150598503,-0.051147528929648155
C100687,3,High-Value Loyalists,1.900351366677729,-0.3593061232082588
C100688,1,Mid-Value Occasional Shoppers,-1.2056711014714288,-1.004875026073756
C100689,1,Mid-Value Occasional Shoppers,-0.7742285906672262,-0.09294936374055071
C100690,0,Low-Engagement / Dormant,-2.6238797278244714,-2.1365340759290565
C100692,1,Mid-Value Occasional Shoppers,-0.8921988763656618,-0.765882946139814
C100693,1,Mid-Value Occasional Shoppers,-0.7754870034488899,-0.7002248462352616
C100694,1,Mid-Value Occasional Shoppers,-0.2325896332895882,0.7181248546267894
C100695,0,Low-Engagement / Dormant,-2.71395350035527,-1.251824736346971
C100696,1,Mid-Value Occasional Shoppers,1.3631795222327208,-1.10629642542103
C100697,1,Mid-Value Occasional Shoppers,-0.9787941521520074,-1.3171351648447285
C100698,2,Low-Engagement / Dormant,-3.078389913353444,2.3276889134564094
C100699,1,Mid-Value Occasional Shoppers,-0.7241212273127801,-1.0555401095970822
C100700,3,High-Value Loyalists,2.47043738884597,-0.34408339950652395
C100701,3,High-Value Loyalists,3.4528029933144535,0.23425272456643564
C100702,2,Low-Engagement / Dormant,-1.1869045461650614,2.573007859863194
C100703,1,Mid-Value Occasional Shoppers,-0.8751913880118977,0.05243407661591374
C100704,1,Mid-Value Occasional Shoppers,1.307947004049379,0.08337714687634902
C100705,2,Low-Engagement / Dormant,-0.424929383751296,1.525212562911785
C100706,1,Mid-Value Occasional Shoppers,-0.10384383696420275,-0.3569568929059474
C100707,1,Mid-Value Occasional Shoppers,1.3178118175287983,-0.8892828287999097
C100708,2,Low-Engagement / Dormant,-0.8099156805524643,1.338770590558678
C100710,1,Mid-Value Occasional Shoppers,-0.8695573294584994,-1.5128034204094076
C100711,1,Mid-Value Occasional Shoppers,-0.1780460425259531,-0.2675343034438801
C100712,0,Low-Engagement / Dormant,-2.6342330350119196,-2.0348433472414604
C100713,1,Mid-Value Occasional Shoppers,-0.23289190087582468,-0.06323892022380254
C100714,2,Low-Engagement / Dormant,-3.163287032290518,3.1615528886946973
C100715,3,High-Value Loyalists,5.410285068997951,0.5512829629637712
C100716,0,Low-Engagement / Dormant,-2.6316447082150574,-2.0602660294133597
C100718,0,Low-Engagement / Dormant,-2.7641670402143936,-0.75862470221213
C100719,1,Mid-Value Occasional Shoppers,0.9323187120566282,0.43408004334423883
C100720,3,High-Value Loyalists,2.2213093769772616,-0.030037107464340084
C100721,3,High-Value Loyalists,2.0367213801893,0.5463724811274308
C100722,3,High-Value Loyalists,2.746814837311357,0.7285104700315843
C100723,2,Low-Engagement / Dormant,-1.2483703100148582,1.2151307998969099
C100724,2,Low-Engagement / Dormant,-1.7445489552429245,0.4624261881580573
C100725,3,High-Value Loyalists,5.106709585033004,0.4322817830321337
C100727,3,High-Value Loyalists,3.0942441321404908,-0.43946020998194757
C100728,2,Low-Engagement / Dormant,-2.2716479470930753,2.8482122547108473
C100729,2,Low-Engagement / Dormant,-1.4149213840420825,1.3564471757726648
C100730,1,Mid-Value Occasional Shoppers,-1.6647724144803946,-0.8544286187350247
C100731,2,Low-Engagement / Dormant,-1.583247806265404,1.2407310116192332
C100732,2,Low-Engagement / Dormant,-1.626188041752846,3.546562026485795
C100733,1,Mid-Value Occasional Shoppers,0.575848045306848,1.2116831123143492
C100734,1,Mid-Value Occasional Shoppers,-1.2350762091298335,-0.8430949185602064
C100735,3,High-Value Loyalists,2.0432122724691273,0.7897455072611591
C100736,1,Mid-Value Occasional Shoppers,-0.38246957969842443,-0.5023253342215066
C100737,3,High-Value Loyalists,3.1815328656008517,-0.0488013622340482
C100738,1,Mid-Value Occasional Shoppers,-0.3391672294405324,-1.2480881282041003
C100739,2,Low-Engagement / Dormant,-0.20190141751054352,1.9954804983585628
C100740,0,Low-Engagement / Dormant,-1.8127148946071365,-1.8331486038381162
C100741,1,Mid-Value Occasional Shoppers,-0.598602817672769,-1.1729129581021238
C100742,2,Low-Engagement / Dormant,-2.3092865716464694,1.1119301556512973
C100743,1,Mid-Value Occasional Shoppers,0.18761667207269395,0.4873585801518213
C100745,3,High-Value Loyalists,2.9591520254835246,-0.24654905723578266
C100746,1,Mid-Value Occasional Shoppers,-0.6068874096192275,-0.28882696675156294
C100747,1,Mid-Value Occasional Shoppers,0.7509323816753345,0.12560005844863933
C100748,3,High-Value Loyalists,2.873708036691997,0.08550711486329923
C100749,1,Mid-Value Occasional Shoppers,-0.12691598680603142,-0.08520463300053688
C100750,1,Mid-Value Occasional Shoppers,-0.028537889276653395,0.5524960797404529
C100751,3,High-Value Loyalists,3.2056811634871867,0.6505484845834199
C100752,1,Mid-Value Occasional Shoppers,-0.2893373461917925,0.6194267556643196
C100753,2,Low-Engagement / Dormant,-0.8290055702484068,2.70005751779119
C100754,3,High-Value Loyalists,2.5185155216088946,-0.31995015055304193
C100755,1,Mid-Value Occasional Shoppers,-1.695028279951817,-1.2347499203036971
C100756,2,Low-Engagement / Dormant,-0.2092629103924657,1.601497859809489
C100757,2,Low-Engagement / Dormant,0.3061675176874124,2.1331552563315337
C100758,3,High-Value Loyalists,5.283515503627343,0.5735508505991158
C100759,1,Mid-Value Occasional Shoppers,0.21387438267510597,-0.18111850173457747
C100760,1,Mid-Value Occasional Shoppers,-0.0897981350416571,0.39819751845152157
C100761,1,Mid-Value Occasional Shoppers,0.33586775975700917,-0.49607010405317986
C100762,3,High-Value Loyalists,4.726138538409806,0.7452586633581973
C100763,2,Low-Engagement / Dormant,-0.5746361635108014,1.212159557494644
C100764,1,Mid-Value Occasional Shoppers,1.5767473912828642,-0.32289601116125466
C100765,1,Mid-Value Occasional Shoppers,-0.1900037678911467,0.20408332245140032
C100766,3,High-Value Loyalists,1.7832576810692675,-0.7297012475899634
C100767,0,Low-Engagement / Dormant,-2.736730776167656,-1.0281051332342597
C100768,1,Mid-Value Occasional Shoppers,0.21033735570567708,-0.41588330670820045
C100769,1,Mid-Value Occasional Shoppers,-1.9202453986630361,-0.9012467160623194
C100770,2,Low-Engagement / Dormant,-1.24135131072283,2.1622548764754996
C100771,3,High-Value Loyalists,3.658500860912282,0.09227695074456506
C100772,3,High-Value Loyalists,2.2716330513665515,0.22882005130888022
C100773,2,Low-Engagement / Dormant,-1.7905519841795468,1.8225026298870852
C100774,3,High-Value Loyalists,2.2583886233763395,-0.5864585607450699
C100775,2,Low-Engagement / Dormant,-0.6564858368641424,1.1189679922700895
C100776,1,Mid-Value Occasional Shoppers,-1.1981007216798805,-1.5012669825872813
C100777,2,Low-Engagement / Dormant,-1.5211589359613265,1.6853550999102493
C100778,1,Mid-Value Occasional Shoppers,-1.609396687638949,-1.0381745030702156
C100779,1,Mid-Value Occasional Shoppers,-1.494536511231231,-0.212937951577399
C100780,1,Mid-Value Occasional Shoppers,0.2361065494921312,0.032442607206597786
C100781,2,Low-Engagement / Dormant,-1.230882948009722,1.6326086444203527
C100782,1,Mid-Value Occasional Shoppers,-0.6522424481647092,-1.2098291253483133
C100783,2,Low-Engagement / Dormant,-0.7820385427037303,2.1482634330328723
C100784,1,Mid-Value Occasional Shoppers,-0.40610734978398394,0.33332690077684035
C100785,0,Low-Engagement / Dormant,-1.588211359710674,-1.8234058235830313
C100786,1,Mid-Value Occasional Shoppers,0.1534704239780846,-0.43785945153057343
C100787,2,Low-Engagement / Dormant,0.8468392657216172,2.5263533699113254
C100788,1,Mid-Value Occasional Shoppers,-0.7829004388524347,-0.4364834994219519
C100789,1,Mid-Value Occasional Shoppers,1.0210315180391598,-0.14176817732278083
C100790,1,Mid-Value Occasional Shoppers,-0.6745373472706545,-1.5276399807621304
C100791,1,Mid-Value Occasional Shoppers,-0.19137246961725388,-1.0015459604585688
C100792,1,Mid-Value Occasional Shoppers,0.4686613341625406,0.3475965001689934
C100793,1,Mid-Value Occasional Shoppers,-0.09732057363731667,1.209121354658384
C100794,1,Mid-Value Occasional Shoppers,1.6626977431570387,-0.9206949759142681
C100795,2,Low-Engagement / Dormant,-1.5359586055989005,3.221795704606762
C100796,3,High-Value Loyalists,4.83958088950896,-0.2270310675032763
C100797,3,High-Value Loyalists,6.282519573877196,0.47996904440307536
C100798,1,Mid-Value Occasional Shoppers,1.0522676701801703,0.5842118188698454
C100799,1,Mid-Value Occasional Shoppers,-1.0158233847265596,-1.5901450066425586
C100800,2,Low-Engagement / Dormant,-1.7217635275722916,2.1526326502359563
C100801,2,Low-Engagement / Dormant,-1.8934090297978075,3.2174125819275816
C100802,1,Mid-Value Occasional Shoppers,-1.4575869664048666,-1.6323402569047134
C100803,3,High-Value Loyalists,4.738584418150866,0.3277265594725503
C100804,1,Mid-Value Occasional Shoppers,-1.5151602001402682,-0.03508967830644913
C100805,3,High-Value Loyalists,6.367763023833713,0.6593422116088425
C100806,3,High-Value Loyalists,5.298623145078744,0.29537013234337073
C100807,1,Mid-Value Occasional Shoppers,0.18808649857512016,0.794080024851788
C100808,1,Mid-Value Occasional Shoppers,-1.0858622220037315,-1.3028812422509022
C100809,1,Mid-Value Occasional Shoppers,-0.6909305272949212,-0.5679158728961071
C100810,1,Mid-Value Occasional Shoppers,0.36274518930258837,-0.3238722324000809
C100811,2,Low-Engagement / Dormant,-0.6668805195554415,1.286645261310346
C100812,2,Low-Engagement / Dormant,-0.3026562264423972,3.3716920221839057
C100813,2,Low-Engagement / Dormant,-1.5707525086735215,0.8401188836265796
C100814,2,Low-Engagement / Dormant,-1.1893583544287638,1.9288308177971718
C100815,1,Mid-Value Occasional Shoppers,0.2120814167167151,-0.7838087949143828
C100816,1,Mid-Value Occasional Shoppers,1.2265390690198021,-0.7343796747249473
C100817,0,Low-Engagement / Dormant,-1.33656666385579,-1.7981883883854735
C100818,1,Mid-Value Occasional Shoppers,0.8384651348485924,-0.29107143201531616
C100819,1,Mid-Value Occasional Shoppers,0.026117259903008328,1.2319948780402963
C100820,2,Low-Engagement / Dormant,-0.31478903881764175,1.4752583880322965
C100821,0,Low-Engagement / Dormant,-1.7371583812323894,-1.4786489727644312
C100822,1,Mid-Value Occasional Shoppers,0.7351618923246523,-0.8469609093047588
C100823,1,Mid-Value Occasional Shoppers,-0.398011850656468,-0.7771983881932673
C100824,3,High-Value Loyalists,2.022329209993685,-0.2061121927731685
C100825,2,Low-Engagement / Dormant,-1.1594474907080128,1.6460690379282155
C100826,1,Mid-Value Occasional Shoppers,-1.2688533686674055,-1.623910534590058
C100827,1,Mid-Value Occasional Shoppers,-1.3960468167167754,-0.8477971553031955
C100829,0,Low-Engagement / Dormant,-2.9801628860430798,-1.442344866336941
C100830,1,Mid-Value Occasional Shoppers,0.22180997215022252,-0.09303326793526955
C100831,3,High-Value Loyalists,3.2132303989786744,-0.045634752180112786
C100832,1,Mid-Value Occasional Shoppers,1.6066802647412615,0.09412365126643037
C100833,0,Low-Engagement / Dormant,-2.6445863421993674,-1.933152618553864
C100834,2,Low-Engagement / Dormant,-1.5091417112096632,0.8054532857332216
C100835,1,Mid-Value Occasional Shoppers,-0.43726393659408014,0.144248673535779
C100837,1,Mid-Value Occasional Shoppers,1.672181797755331,-0.7755802461065886
C100838,0,Low-Engagement / Dormant,-2.6507983265118367,-1.8721381813413067
C100840,2,Low-Engagement / Dormant,-1.2258988128222583,2.0282416077866405
C100841,1,Mid-Value Occasional Shoppers,-0.18589130879439195,0.1316587807428335
C100842,1,Mid-Value Occasional Shoppers,0.051984080781098195,0.6349924159937926
C100843,1,Mid-Value Occasional Shoppers,-1.3949678073476934,-1.1681589651019042
C100844,2,Low-Engagement / Dormant,-0.7640810374112114,3.2654025773243585
C100845,3,High-Value Loyalists,3.3907563475068074,-0.18107539639136314
C100846,3,High-Value Loyalists,2.510671821901536,-0.6678979921136367
C100847,1,Mid-Value Occasional Shoppers,-0.5753667752682934,-1.167893143391535
C100848,3,High-Value Loyalists,1.64014171568304,0.6605396116506144
C100849,1,Mid-Value Occasional Shoppers,0.8989505835259076,-0.8865226440357826
C100850,2,Low-Engagement / Dormant,-2.2510304132056547,2.8603760484069523
C100851,2,Low-Engagement / Dormant,-1.673729436236103,2.855234089923872
C100852,1,Mid-Value Occasional Shoppers,-0.7194030225528523,0.09306382425231481
C100853,2,Low-Engagement / Dormant,-1.931662422512167,0.929236396014187
C100854,1,Mid-Value Occasional Shoppers,0.4798868635765124,-0.8905310028424421
C100855,1,Mid-Value Occasional Shoppers,-0.2191247339180356,0.5867529459319684
C100856,1,Mid-Value Occasional Shoppers,-0.7803630116849462,-1.540885485078165
C100857,3,High-Value Loyalists,4.258703619333965,0.46772152087904134
C100858,1,Mid-Value Occasional Shoppers,-0.3582662218022105,-1.1842214162059848
C100859,2,Low-Engagement / Dormant,-0.9438316473681865,2.414991183205718
C100860,1,Mid-Value Occasional Shoppers,0.2563307114591831,-0.9916898582374971
C100861,1,Mid-Value Occasional Shoppers,-0.08548153205978389,0.049749637793579604
C100862,1,Mid-Value Occasional Shoppers,0.1330030666834888,0.1832090054605429
C100863,3,High-Value Loyalists,2.2735347448892864,0.5854085429970595
C100864,1,Mid-Value Occasional Shoppers,-1.7815293766992235,0.11790288596051937
C100865,2,Low-Engagement / Dormant,-2.223078126241742,3.632037288498022
C100866,1,Mid-Value Occasional Shoppers,-0.5609168288768209,-1.0277629645070934
C100867,1,Mid-Value Occasional Shoppers,-1.2961345765325267,-0.4855108712847307
C100868,0,Low-Engagement / Dormant,-2.693764551339746,-1.4501216572877833
C100869,1,Mid-Value Occasional Shoppers,-1.5897128301171755,-0.5590094132279223
C100870,2,Low-Engagement / Dormant,-2.2827891385282157,2.3661691273356347
C100871,1,Mid-Value Occasional Shoppers,-0.8923576007922401,-0.3089043838379425
C100872,1,Mid-Value Occasional Shoppers,-0.7903613929897523,-0.9592503648162053
C100873,1,Mid-Value Occasional Shoppers,-0.3052322317835842,0.7527658628524889
C100874,1,Mid-Value Occasional Shoppers,0.10172356557923944,0.6954988844433478
C100875,1,Mid-Value Occasional Shoppers,-0.9632753474574786,-0.7493919582814094
C100876,3,High-Value Loyalists,1.7551466929309993,0.26030177375829294
C100877,1,Mid-Value Occasional Shoppers,-1.0661828688408672,0.0569383491628968
C100878,3,High-Value Loyalists,4.377453095505033,0.12252783231287784
C100879,3,High-Value Loyalists,3.275506370227897,0.37920341254987916
C100880,1,Mid-Value Occasional Shoppers,-0.5786023917482995,-0.7557569953683502
C100881,2,Low-Engagement / Dormant,-0.12472286974792544,1.8108851546413731
C100882,1,Mid-Value Occasional Shoppers,-0.8466177740514899,-0.7708955637910622
C100883,1,Mid-Value Occasional Shoppers,0.4857612626507461,-1.000643523230645
C100884,2,Low-Engagement / Dormant,-0.8081301614223659,1.6939909133330775
C100885,2,Low-Engagement / Dormant,-0.6435944762096609,2.194081608224927
C100886,1,Mid-Value Occasional Shoppers,0.883020386267102,-1.406085678222095
C100887,1,Mid-Value Occasional Shoppers,-1.4130268137492625,0.06470540510450082
C100888,1,Mid-Value Occasional Shoppers,-0.8033118232379307,0.14694306883778166
C100890,2,Low-Engagement / Dormant,-1.2335779165506555,1.0820975643863684
C100891,1,Mid-Value Occasional Shoppers,0.28416451724355307,1.0165226971329955
C100892,1,Mid-Value Occasional Shoppers,-0.030052353360674265,-0.982763526928585
C100893,1,Mid-Value Occasional Shoppers,1.5332164058190376,0.5812361739766287
C100894,1,Mid-Value Occasional Shoppers,-1.4816033491107237,0.18076444518281617
C100896,2,Low-Engagement / Dormant,-1.77752720020531,0.46361271234933005
C100897,1,Mid-Value Occasional Shoppers,-1.3527790324050615,0.3063119182531696
C100898,1,Mid-Value Occasional Shoppers,0.20523335923320707,0.16871143359950042
C100899,3,High-Value Loyalists,4.953804213333972,0.20368187128525966
C100900,1,Mid-Value Occasional Shoppers,-0.3243403965659011,0.6666864770265928
C100901,1,Mid-Value Occasional Shoppers,-1.7120927235950227,-1.0421252266411158
C100902,3,High-Value Loyalists,2.82471424062451,0.6050532371272451
C100903,1,Mid-Value Occasional Shoppers,-1.1349941282641933,-1.1218811918389948
C100904,1,Mid-Value Occasional Shoppers,0.9628860687993948,0.21126157765434977
C100905,1,Mid-Value Occasional Shoppers,-1.0605196962841357,0.05725030945916244
C100906,2,Low-Engagement / Dormant,-1.418031243920608,2.0711717840861077
C100907,1,Mid-Value Occasional Shoppers,-1.5303795475521067,-0.1294608707079219
C100908,3,High-Value Loyalists,4.966364389734252,0.18033915038696685
C100909,2,Low-Engagement / Dormant,-3.0742485904784647,2.2870126219813707
C100910,1,Mid-Value Occasional Shoppers,-0.9220297284639541,-0.7232571467413198
C100911,2,Low-Engagement / Dormant,-0.5649727790747973,2.1113995650396378
C100912,1,Mid-Value Occasional Shoppers,0.9201755923212469,-0.0013689117911352155
C100913,1,Mid-Value Occasional Shoppers,-0.41811804986562745,-0.7978348271312837
C100914,3,High-Value Loyalists,1.9061623001126824,0.27095566242105257
C100915,3,High-Value Loyalists,2.6742784804618767,-0.2797806977309172
C100916,1,Mid-Value Occasional Shoppers,1.0220738788412684,0.016049121862545614
C100917,1,Mid-Value Occasional Shoppers,-0.5342123533139147,-0.8320475751084526
C100919,1,Mid-Value Occasional Shoppers,-0.5904645709845547,-1.5631731436860072
C100920,2,Low-Engagement / Dormant,-1.1088530998850301,2.7694205220533954
C100921,2,Low-Engagement / Dormant,-3.244042828352614,3.954740572457946
C100922,3,High-Value Loyalists,2.4615929529075147,0.5557680643215319
C100923,1,Mid-Value Occasional Shoppers,0.9276271345244268,-0.6408082791364832
C100924,2,Low-Engagement / Dormant,-1.6653255971423824,2.65491739261374
C100925,1,Mid-Value Occasional Shoppers,1.369973221438375,0.09726371542296829
C100926,1,Mid-Value Occasional Shoppers,-0.8256711379200623,-1.166557683965428
C100927,1,Mid-Value Occasional Shoppers,-0.7756686414923176,-1.42081094430044
C100928,1,Mid-Value Occasional Shoppers,-0.8909292433879827,-1.5188929483117934
C100929,1,Mid-Value Occasional Shoppers,0.0479142208533887,0.6940678795213419
C100930,1,Mid-Value Occasional Shoppers,0.2815995178699286,-0.5769826168268197
C100931,1,Mid-Value Occasional Shoppers,0.8494324120576533,-0.6399198425002822
C100932,1,Mid-Value Occasional Shoppers,-0.05105470405584766,1.2917283808818205
C100933,1,Mid-Value Occasional Shoppers,0.7196154541591266,-0.6298116346211262
C100934,1,Mid-Value Occasional Shoppers,-0.5508710680759835,-0.08251847392018936
C100935,1,Mid-Value Occasional Shoppers,0.33977561450590266,-0.31738578177052157
C100936,1,Mid-Value Occasional Shoppers,0.033493997876022405,-0.8929050123552051
C100937,1,Mid-Value Occasional Shoppers,-0.4742231256628773,-1.0933566212896793
C100938,2,Low-Engagement / Dormant,-1.892170387774031,1.2412767670306586
C100939,1,Mid-Value Occasional Shoppers,-0.7999418710060535,-0.6379931689460532
C100940,0,Low-Engagement / Dormant,-3.041765063808396,-0.8372850306457443
C100941,1,Mid-Value Occasional Shoppers,-0.17350665184261463,0.31982872213359587
C100942,2,Low-Engagement / Dormant,-0.5377391720756318,1.5968164258819928
C100943,1,Mid-Value Occasional Shoppers,-0.4150577607333075,-0.9684339860602221
C100944,1,Mid-Value Occasional Shoppers,-0.9784731397967182,0.012798525755374249
C100946,3,High-Value Loyalists,4.738274601268138,0.3584996384960049
C100947,1,Mid-Value Occasional Shoppers,1.7953726397397347,-0.12847123058636056
C100948,1,Mid-Value Occasional Shoppers,-1.5575454259407044,-1.5843338344220854
C100949,3,High-Value Loyalists,3.2955780127893903,-0.48276837356294866
C100950,1,Mid-Value Occasional Shoppers,-1.0999933748741206,-1.303036389692819
C100951,2,Low-Engagement / Dormant,-0.184480973644308,1.6558676004999278
C100952,3,High-Value Loyalists,2.422853635796301,0.7635901998826737
C100953,1,Mid-Value Occasional Shoppers,-0.5769012530598963,-1.4841450513344716
C100954,3,High-Value Loyalists,1.9291086084563087,-0.3307271604856229
C100955,3,High-Value Loyalists,3.3873958189697686,-0.49093814801523544
C100956,1,Mid-Value Occasional Shoppers,-0.41101676426167544,0.13806564574226632
C100957,1,Mid-Value Occasional Shoppers,0.15329817894801764,-0.24417736777966403
C100958,0,Low-Engagement / Dormant,-2.6306093774963126,-2.070435102282119
C100959,3,High-Value Loyalists,2.033433635351547,1.3822908200959332
C100960,1,Mid-Value Occasional Shoppers,-0.506460316923608,-1.3229129967589175
C100961,1,Mid-Value Occasional Shoppers,-0.988654284965766,-1.6185886480528209
C100962,1,Mid-Value Occasional Shoppers,0.8848569485145739,-0.7918688152504043
C100963,1,Mid-Value Occasional Shoppers,0.7279901249613722,-0.19600789584549963
C100964,1,Mid-Value Occasional Shoppers,1.4657930418679634,0.34717753318121525
C100965,1,Mid-Value Occasional Shoppers,-0.7115102458141834,-0.5050208527982709
C100966,2,Low-Engagement / Dormant,-1.2588977012326876,0.8982774275268419
C100967,2,Low-Engagement / Dormant,-0.36390052807225826,1.4104017024809075
C100968,1,Mid-Value Occasional Shoppers,0.4679339025716351,0.2909429971881638
C100970,2,Low-Engagement / Dormant,-0.9232803499223112,1.2035895469462
C100971,1,Mid-Value Occasional Shoppers,1.6057183677639515,0.2840920410783983
C100972,1,Mid-Value Occasional Shoppers,-0.7310282811533924,-0.7356703647127318
C100973,1,Mid-Value Occasional Shoppers,-0.08076500472548426,0.9814947560213758
C100974,0,Low-Engagement / Dormant,-2.6435510114806227,-1.943321691422624
C100975,1,Mid-Value Occasional Shoppers,-0.8522888734941042,-1.8393971816424208
C100977,1,Mid-Value Occasional Shoppers,-1.1538677317030053,-1.601523230673275
C100978,2,Low-Engagement / Dormant,-1.0560608958810798,1.5624173846261429
C100979,2,Low-Engagement / Dormant,-1.7547974066273266,2.537657942572459
C100980,2,Low-Engagement / Dormant,-1.3523980507979818,0.8102806626391708
C100981,2,Low-Engagement / Dormant,-1.4933085008011289,1.3668843215481181
C100982,1,Mid-Value Occasional Shoppers,-1.2565363187485745,-1.2075816214122055
C100983,1,Mid-Value Occasional Shoppers,-0.7680963614154579,-0.9175612992878559
C100984,1,Mid-Value Occasional Shoppers,-0.9950434658627016,0.34611765482243717
C100985,1,Mid-Value Occasional Shoppers,-0.747078538232354,-1.606998825520072
C100986,1,Mid-Value Occasional Shoppers,-1.4763212309657447,-0.7371192400110045
C100987,1,Mid-Value Occasional Shoppers,0.06550461334531216,0.045099816916496165
C100988,1,Mid-Value Occasional Shoppers,1.0809172952519248,-0.535763321738698
C100989,1,Mid-Value Occasional Shoppers,1.0978900365200641,-0.6955465585639089
C100990,2,Low-Engagement / Dormant,-0.4083408246864144,1.827116937714465
C100991,1,Mid-Value Occasional Shoppers,-0.6928942426160634,-0.9580516043880727
C100992,1,Mid-Value Occasional Shoppers,0.2405749773849952,-1.0733512302679986
C100993,1,Mid-Value Occasional Shoppers,0.1126211578210482,-1.0381400649587798
C100994,1,Mid-Value Occasional Shoppers,1.1506564505209897,-0.7010187830115079
C100995,1,Mid-Value Occasional Shoppers,0.08092302588628775,-1.1731453948228099
C100996,0,Low-Engagement / Dormant,-2.6238797278244714,-2.1365340759290565
C100997,1,Mid-Value Occasional Shoppers,-0.5051002755951113,-0.6565459908632975
C100998,1,Mid-Value Occasional Shoppers,0.5078533939897288,0.5130404535474731
C100999,2,Low-Engagement / Dormant,-1.9995273707013799,3.13418628673216
C101000,1,Mid-Value Occasional Shoppers,-1.1108318627509797,-0.09103842949972228
C101001,1,Mid-Value Occasional Shoppers,-1.1223211761229324,-1.6786216555578521
C101002,1,Mid-Value Occasional Shoppers,-0.7835535296105266,-0.9656637774344067
C101003,1,Mid-Value Occasional Shoppers,-0.5195217295716289,-1.197836470588078
C101004,0,Low-Engagement / Dormant,-1.6401279970800378,-1.4037276285727631
C101005,1,Mid-Value Occasional Shoppers,-0.6353818118286471,-1.509166194180746
C101006,1,Mid-Value Occasional Shoppers,-0.6679570309469853,-0.2288887016940095
C101007,1,Mid-Value Occasional Shoppers,-0.3258601164050665,1.0706917690771498
C101008,2,Low-Engagement / Dormant,-1.376526903134178,2.802906298525115
C101009,2,Low-Engagement / Dormant,-0.7859917913198813,1.3777670541871447
C101010,3,High-Value Loyalists,3.6065207285815535,-0.44220148509428003
C101011,1,Mid-Value Occasional Shoppers,-0.36837507553908533,-0.9582918472399712
C101012,3,High-Value Loyalists,2.1980504405614094,-0.6146449438446506
C101013,3,High-Value Loyalists,3.1233527296701116,0.39091122834334197
C101014,3,High-Value Loyalists,4.513861355464533,0.2597122676376274
C101017,1,Mid-Value Occasional Shoppers,-0.053547273683028376,-0.06955437623326442
C101018,1,Mid-Value Occasional Shoppers,0.17194377334865193,-1.2450094110085594
C101019,1,Mid-Value Occasional Shoppers,-0.9940869288655633,-1.251156583484453
C101020,0,Low-Engagement / Dormant,-1.3245183624923471,-2.043317329524511
C101021,1,Mid-Value Occasional Shoppers,-0.9621817274032105,-1.6724322728759924
C101022,3,High-Value Loyalists,2.0456873470856114,-0.7572413450749527
C101023,1,Mid-Value Occasional Shoppers,0.29037290633559265,-0.26344910949505784
C101024,1,Mid-Value Occasional Shoppers,-1.2488375927399666,-0.37441420078036847
C101025,1,Mid-Value Occasional Shoppers,0.28206707295879874,0.4305565992412773
C101026,2,Low-Engagement / Dormant,-1.6768883514917015,3.1433472668767277
C101027,1,Mid-Value Occasional Shoppers,0.22440349613566335,-0.7702671012826656
C101028,1,Mid-Value Occasional Shoppers,0.1926677409958137,-0.14949168034330143
C101029,1,Mid-Value Occasional Shoppers,-0.3034519741006056,-0.3097810952612354
C101030,1,Mid-Value Occasional Shoppers,0.24517884979005744,-0.14905535111964296
C101031,1,Mid-Value Occasional Shoppers,0.4853451384430968,-0.05297688236380039
C101032,2,Low-Engagement / Dormant,-2.143189377636619,4.186743608777008
C101033,1,Mid-Value Occasional Shoppers,-0.5622587575005433,-0.6056733235088902
C101034,1,Mid-Value Occasional Shoppers,0.7173178386766899,-0.5404253327388006
C101035,1,Mid-Value Occasional Shoppers,-1.0998570990528926,-1.9112589266191051
C101036,3,High-Value Loyalists,2.7806917477986963,-0.8406267921688616
C101037,1,Mid-Value Occasional Shoppers,-0.3252592311466091,-0.6822635997013994
C101038,2,Low-Engagement / Dormant,-1.514597568564985,2.708952709000052
C101039,2,Low-Engagement / Dormant,-2.149369902673644,2.766973080270467
C101040,1,Mid-Value Occasional Shoppers,-0.1805691847551365,0.9088488421283585
C101041,1,Mid-Value Occasional Shoppers,1.4466922550044283,-0.09852762481135385
C101042,1,Mid-Value Occasional Shoppers,0.24147228342550195,0.0663675714898384
C101043,1,Mid-Value Occasional Shoppers,-0.4944091098826682,-0.005136432318806097
C101044,1,Mid-Value Occasional Shoppers,-0.772975451000891,-0.7288912247511447
C101045,3,High-Value Loyalists,4.164113014035396,0.20725769649386572
C101046,1,Mid-Value Occasional Shoppers,0.2325803829132276,-0.14716145786160909
C101047,1,Mid-Value Occasional Shoppers,-0.4865351144607158,0.8334255635178545
C101048,1,Mid-Value Occasional Shoppers,0.998371862419553,0.16157847261354163
C101049,1,Mid-Value Occasional Shoppers,0.20680339106707382,-0.9645174306982002
C101050,1,Mid-Value Occasional Shoppers,-0.05937223297832504,0.9013172812813427
C101051,1,Mid-Value Occasional Shoppers,-1.1765161089244047,0.3693009202118665
C101052,3,High-Value Loyalists,3.3768061014872854,0.33652034533121883
C101054,0,Low-Engagement / Dormant,-1.8934462093435087,-0.6131965404282933
C101055,1,Mid-Value Occasional Shoppers,1.0560407709988506,0.8726024660603645
C101056,2,Low-Engagement / Dormant,-0.5521873842530177,1.6484824214770555
C101057,1,Mid-Value Occasional Shoppers,1.2214613478275735,0.8116441215990564
C101058,3,High-Value Loyalists,3.6151518703853176,-0.639968534999411
C101059,1,Mid-Value Occasional Shoppers,-0.9029486597320792,0.07502667020660388
C101060,3,High-Value Loyalists,1.795494440004487,-0.78689000511257
C101061,1,Mid-Value Occasional Shoppers,-1.7351909139133637,-1.417319776845914
C101062,3,High-Value Loyalists,3.331005036207817,-0.2416514616125698
C101063,3,High-Value Loyalists,1.8857587179374116,0.25810943201772435
C101064,1,Mid-Value Occasional Shoppers,1.4589525113853101,-0.5150542676598266
C101065,2,Low-Engagement / Dormant,-3.121873803540726,2.754789973944313
C101067,2,Low-Engagement / Dormant,-0.9036623099338327,1.6192946613716248
C101068,1,Mid-Value Occasional Shoppers,0.4918142073811201,-0.11684724930839033
C101069,0,Low-Engagement / Dormant,-2.9085956754792948,0.659960962979835
C101070,3,High-Value Loyalists,5.850830876776948,0.6432950330505037
C101071,3,High-Value Loyalists,1.9327996432096983,-0.6335516527778977
C101072,1,Mid-Value Occasional Shoppers,-0.8443606904811831,1.0193341400439961
C101073,1,Mid-Value Occasional Shoppers,1.3768256615531331,0.06532420584025876
C101074,3,High-Value Loyalists,2.441403376503417,0.17406772792793432
C101075,3,High-Value Loyalists,4.5107633235199485,0.6323949310523919
C101076,3,High-Value Loyalists,1.6813330798159065,0.6305641812067262
C101077,0,Low-Engagement / Dormant,-2.93551427416666,0.9243568575675848
C101078,3,High-Value Loyalists,1.9082307571266572,0.5025078645261413
C101080,3,High-Value Loyalists,4.464550985676865,0.2299742295933103
C101081,1,Mid-Value Occasional Shoppers,-0.6662626673893524,-0.5558212111251601
C101082,1,Mid-Value Occasional Shoppers,0.6644499065608094,-0.9691817660276909
C101083,1,Mid-Value Occasional Shoppers,-0.052720370218262744,-0.20894764773707494
C101084,1,Mid-Value Occasional Shoppers,-0.9199549282835331,-1.6321614220642073
C101085,2,Low-Engagement / Dormant,-1.5799676051891542,2.746951550824104
C101086,3,High-Value Loyalists,4.940353905421131,0.1373046009013007
C101087,3,High-Value Loyalists,2.049122996024174,0.0468945011709681
C101088,1,Mid-Value Occasional Shoppers,0.63859370324539,0.5209902744322509
C101089,1,Mid-Value Occasional Shoppers,-0.5785849195560672,-0.12636884501703166
C101090,1,Mid-Value Occasional Shoppers,-0.5180718737630853,0.665782938399896
C101091,1,Mid-Value Occasional Shoppers,0.38270099461229407,-1.226765916018968
C101092,1,Mid-Value Occasional Shoppers,0.23509986481620396,0.8211961687719391
C101093,1,Mid-Value Occasional Shoppers,-0.9533978263357374,-1.7361604729509577
C101094,1,Mid-Value Occasional Shoppers,0.007535308636669003,-1.0315956775775426
C101095,0,Low-Engagement / Dormant,-2.6559749801055608,-1.8212928169975087
C101096,1,Mid-Value Occasional Shoppers,0.639879457340957,1.4677718338983254
C101098,1,Mid-Value Occasional Shoppers,-0.7930965157566728,-0.7249511759374707
C101100,3,High-Value Loyalists,2.527607604282849,-0.19057995089629082
C101101,0,Low-Engagement / Dormant,-2.621809066386982,-2.1568722216665757
C101102,1,Mid-Value Occasional Shoppers,-0.13966414361352522,-0.7999751113168783
C101103,2,Low-Engagement / Dormant,-0.7224155405074298,1.6950868307691092
C101104,1,Mid-Value Occasional Shoppers,0.12788619762074802,-0.4424740147757534
C101105,1,Mid-Value Occasional Shoppers,0.19102002560136405,0.5762449011200619
C101106,0,Low-Engagement / Dormant,-2.629574046777568,-2.080604175150879
C101107,3,High-Value Loyalists,2.4907122981954815,-0.06527415431133676
C101108,3,High-Value Loyalists,4.98907446406409,0.1687736210340521
C101109,1,Mid-Value Occasional Shoppers,-1.2310612148886257,0.0816726152514037
C101110,1,Mid-Value Occasional Shoppers,-0.53489093091164,0.8419007597150261
C101111,3,High-Value Loyalists,3.2267135036441283,0.5053278177954147
C101112,1,Mid-Value Occasional Shoppers,-0.34090321690342196,-0.8114833397047105
C101113,1,Mid-Value Occasional Shoppers,-0.8785199721938083,-1.3147605748011042
C101114,1,Mid-Value Occasional Shoppers,-1.8043425566287772,-0.40323962881474523
C101115,1,Mid-Value Occasional Shoppers,0.88377090513851,-0.5043561299404268
C101116,3,High-Value Loyalists,4.201830103913986,-0.11994823090752998
C101117,1,Mid-Value Occasional Shoppers,0.18201086198227834,-0.4341167438611819
C101118,1,Mid-Value Occasional Shoppers,-0.45339907569218335,-0.6876846055773163
C101119,1,Mid-Value Occasional Shoppers,0.5368814327773862,0.39026242634185243
C101120,2,Low-Engagement / Dormant,-0.4370824050322817,1.5914892648021832
C101121,3,High-Value Loyalists,5.0863894692534855,0.28113853279908924
C101122,3,High-Value Loyalists,2.7278746179855435,-0.3115496614673409
C101123,1,Mid-Value Occasional Shoppers,0.9593264004716642,0.2801634389514385
C101124,1,Mid-Value Occasional Shoppers,-0.023423924008583515,0.8631757036025528
C101125,1,Mid-Value Occasional Shoppers,0.46923647212834724,-1.4626924779639623
C101126,1,Mid-Value Occasional Shoppers,0.9559271283639482,-0.20236944457443223
C101127,1,Mid-Value Occasional Shoppers,0.22848159355561,-0.6351066690167086
C101128,2,Low-Engagement / Dormant,-1.5982108172810339,1.6431951299142598
C101129,1,Mid-Value Occasional Shoppers,-0.33437660754436516,-0.9113406460319228
C101130,1,Mid-Value Occasional Shoppers,0.4056057239187369,-1.1776880451392346
C101131,2,Low-Engagement / Dormant,-1.4479780885249058,2.471533843588682
C101132,1,Mid-Value Occasional Shoppers,-0.3935139233493677,-1.4301444537963632
C101133,1,Mid-Value Occasional Shoppers,0.32703160084820343,-0.2743214470370307
C101134,1,Mid-Value Occasional Shoppers,-1.2908912670264774,-0.8654431131811652
C101135,0,Low-Engagement / Dormant,-2.986763144744528,1.4277259645711853
C101136,1,Mid-Value Occasional Shoppers,0.32039702426291006,0.9669160359505498
C101137,1,Mid-Value Occasional Shoppers,-2.20387159738049,-0.263758185461993
C101138,3,High-Value Loyalists,4.358250410450223,0.6647494827441647
C101139,1,Mid-Value Occasional Shoppers,-0.33731335359393505,-0.9520173626378472
C101140,3,High-Value Loyalists,5.849498318732347,0.7028552371303003
C101141,2,Low-Engagement / Dormant,-3.1187678113844917,2.724282755338034
C101142,1,Mid-Value Occasional Shoppers,-0.9681835533825238,-0.21547709375931343
C101143,0,Low-Engagement / Dormant,-1.3148486460516444,-2.0243031321593943
C101144,1,Mid-Value Occasional Shoppers,-0.6873248222925818,0.9555595038849807
C101145,2,Low-Engagement / Dormant,-0.654844788687722,2.0327279555480406
C101146,1,Mid-Value Occasional Shoppers,1.2939447224251954,0.1516794249421711
C101147,1,Mid-Value Occasional Shoppers,-1.2140858744744885,-1.3807774822377084
C101148,1,Mid-Value Occasional Shoppers,0.4805982831532303,-1.0482684202691455
C101149,2,Low-Engagement / Dormant,0.06397398239429125,1.5161577313914174
C101150,1,Mid-Value Occasional Shoppers,0.7045928364440797,-0.3623214229604034
C101151,1,Mid-Value Occasional Shoppers,0.5766987424518476,0.0548064220109974
C101152,1,Mid-Value Occasional Shoppers,1.6152039193624224,0.24483656308755256
C101153,1,Mid-Value Occasional Shoppers,-1.8434518635657453,-0.9083821464118115
C101154,1,Mid-Value Occasional Shoppers,0.7595798520947455,-0.7148486311916254
C101155,2,Low-Engagement / Dormant,-1.8799978215375237,2.658599831588873
C101156,1,Mid-Value Occasional Shoppers,0.07981897828192905,-0.5746427397412596
C101157,1,Mid-Value Occasional Shoppers,-0.7510711539908198,0.3137578112793357
C101158,1,Mid-Value Occasional Shoppers,1.4805703150932055,0.8193508711839642
C101159,1,Mid-Value Occasional Shoppers,0.05516070885738647,-0.15496578448937368
C101160,1,Mid-Value Occasional Shoppers,0.65679174267175,1.4786933338053054
C101161,2,Low-Engagement / Dormant,-0.9806186557808135,2.055576590063798
C101162,1,Mid-Value Occasional Shoppers,-0.8503235569434188,-1.0484068071234187
C101163,1,Mid-Value Occasional Shoppers,-1.4685830891497385,-0.9055354309558681
C101164,3,High-Value Loyalists,3.8007535114655,0.18864765217693358
C101165,1,Mid-Value Occasional Shoppers,-0.57973130867022,-1.4452102074825555
C101166,1,Mid-Value Occasional Shoppers,-0.21868943300431998,-0.675880282947945
C101167,1,Mid-Value Occasional Shoppers,-1.4969829128220384,-0.9432394308480193
C101168,1,Mid-Value Occasional Shoppers,0.43462560999813205,-0.9173469488051662
C101169,1,Mid-Value Occasional Shoppers,0.6766540285614341,0.38901144642073254
C101170,2,Low-Engagement / Dormant,-1.48293641877185,0.9783692578386174
C101171,1,Mid-Value Occasional Shoppers,0.04513050879893396,-0.36632237989680694
C101172,1,Mid-Value Occasional Shoppers,0.16222122604001699,-0.8136147176129642
C101173,2,Low-Engagement / Dormant,-2.085273539011423,2.5938210938432635
C101174,1,Mid-Value Occasional Shoppers,-0.11133941290302422,0.4513313986254121
C101175,1,Mid-Value Occasional Shoppers,-0.08822549590343029,0.14857554123260763
C101176,1,Mid-Value Occasional Shoppers,0.5936851925752457,0.4720629738630853
C101177,3,High-Value Loyalists,5.236338925683564,0.34479553622970543
C101178,1,Mid-Value Occasional Shoppers,0.3497794836960572,1.5251278427056696
C101179,0,Low-Engagement / Dormant,-2.6306093774963126,-2.070435102282119
C101180,2,Low-Engagement / Dormant,-1.2919238515433575,3.615496107377016
C101181,0,Low-Engagement / Dormant,-2.217064103569898,-1.352106069006039
C101182,3,High-Value Loyalists,7.773289202816141,0.7576419838413689
C101183,1,Mid-Value Occasional Shoppers,-0.033003417356596315,-1.206504787001135
C101184,2,Low-Engagement / Dormant,-1.0302429283056844,0.9464365802005579
C101185,1,Mid-Value Occasional Shoppers,-1.4027295908631021,0.2585242222018658
C101186,2,Low-Engagement / Dormant,-1.1138687327924044,1.2539241599514068
C101187,1,Mid-Value Occasional Shoppers,0.7049282986302711,-0.4546708653346037
C101188,1,Mid-Value Occasional Shoppers,0.2992321912786844,-0.33582220060466406
C101189,1,Mid-Value Occasional Shoppers,-0.9286960872797058,0.14270815833804687
C101190,2,Low-Engagement / Dormant,-1.9659863383434515,1.265123116860926
C101191,1,Mid-Value Occasional Shoppers,0.5860290537044961,-0.7311449959881459
C101192,1,Mid-Value Occasional Shoppers,-0.801236179045967,-1.3159470210197426
C101193,1,Mid-Value Occasional Shoppers,0.9399438663855356,-0.33295290824788265
C101194,0,Low-Engagement / Dormant,-3.015752404869383,1.7124600048964538
C101195,3,High-Value Loyalists,3.634575842508392,0.19930803567246996
C101196,3,High-Value Loyalists,2.005924940716789,-0.0781232384364939
C101197,2,Low-Engagement / Dormant,-1.8211064867838929,2.539750588945108
C101198,2,Low-Engagement / Dormant,-1.325746061412228,2.1562524009049517
C101199,0,Low-Engagement / Dormant,-2.6223267317463543,-2.151787685232196
C101200,1,Mid-Value Occasional Shoppers,0.2457608747108,0.6041857673504148
C101201,1,Mid-Value Occasional Shoppers,1.0701432317528246,-0.4570144285134115
C101202,1,Mid-Value Occasional Shoppers,0.05769999180635567,-1.1269050191099752
C101203,1,Mid-Value Occasional Shoppers,-0.3899217906187773,-1.3874496500740414
C101204,3,High-Value Loyalists,2.5688613497800152,0.3101909784136645
C101205,1,Mid-Value Occasional Shoppers,0.486955195431195,0.39769029837120623
C101206,1,Mid-Value Occasional Shoppers,0.6219774664199208,0.008784048931312008
C101207,1,Mid-Value Occasional Shoppers,-0.15564495436063103,-0.48320150181460325
C101209,3,High-Value Loyalists,3.1424300803385306,0.06394226696107469
C101210,3,High-Value Loyalists,3.789087781886899,0.40431948759091035
C101211,1,Mid-Value Occasional Shoppers,0.5614201609539,0.18635525604014314
C101212,1,Mid-Value Occasional Shoppers,-0.44978541763762847,-0.794930512999183
C101213,1,Mid-Value Occasional Shoppers,0.8174165535121843,0.725512593645528
C101214,2,Low-Engagement / Dormant,-1.911595984048821,2.2827570202739444
C101215,2,Low-Engagement / Dormant,-0.5844550794814544,2.4282361883681234
C101216,2,Low-Engagement / Dormant,-2.124184392556156,2.956245183349957
C101217,1,Mid-Value Occasional Shoppers,-0.2687600317872984,-1.3919033376500538
C101218,1,Mid-Value Occasional Shoppers,1.5877634607273325,0.6911075268171676
C101219,2,Low-Engagement / Dormant,-2.6327821733688577,2.384695265826362
C101220,1,Mid-Value Occasional Shoppers,-1.823581827059732,-1.1836222919911594
C101221,1,Mid-Value Occasional Shoppers,0.22846699615332222,-0.6633031184152117
C101222,3,High-Value Loyalists,4.590650884078402,0.49667144037959426
C101223,1,Mid-Value Occasional Shoppers,-0.06835054705125676,-0.21324227711760288
C101225,3,High-Value Loyalists,3.8682996344287757,-0.34253338377419945
C101226,3,High-Value Loyalists,2.2761192504641747,-0.6460852331536312
C101227,1,Mid-Value Occasional Shoppers,0.20416399038895439,-0.7891944170474093
C101228,1,Mid-Value Occasional Shoppers,-1.3681427056017899,-0.1592935787081606
C101229,2,Low-Engagement / Dormant,-1.8097140727965335,3.497744196105432
C101230,0,Low-Engagement / Dormant,-2.697388208855353,-1.4145299022471247
C101232,2,Low-Engagement / Dormant,-1.4711966839858188,2.963953375333052
C101233,1,Mid-Value Occasional Shoppers,-0.8807746196686359,-1.0605582945455623
C101234,1,Mid-Value Occasional Shoppers,-0.320973382426792,-1.2318970203112658
C101235,1,Mid-Value Occasional Shoppers,0.8737593166417922,-0.9795290364462411
C101236,1,Mid-Value Occasional Shoppers,0.05049193367353554,0.4009319220072877
C101237,1,Mid-Value Occasional Shoppers,-0.5399795750432406,-0.29527752745413693
C101238,1,Mid-Value Occasional Shoppers,-1.7713936012730556,-1.0518147329660517
C101239,3,High-Value Loyalists,3.4055286788441546,0.29110577698812057
C101240,1,Mid-Value Occasional Shoppers,0.31451118072214934,-0.7454173419316675
C101241,1,Mid-Value Occasional Shoppers,-1.2496198616208554,-1.220002061008686
C101242,1,Mid-Value Occasional Shoppers,-0.9017786954271457,-1.2242734076226458
C101243,1,Mid-Value Occasional Shoppers,-0.2093215215592554,0.31060177224691105
C101244,1,Mid-Value Occasional Shoppers,-0.5557370730527671,-0.49935652671491004
C101245,1,Mid-Value Occasional Shoppers,0.6596619522330451,1.0567901153443204
C101246,1,Mid-Value Occasional Shoppers,-1.1299596650872417,-1.6040530856357444
C101247,1,Mid-Value Occasional Shoppers,0.26385407673744643,-0.15702614057528522
C101248,3,High-Value Loyalists,5.979207444333945,0.5939445389438976
C101249,1,Mid-Value Occasional Shoppers,-0.32877496191516675,-1.162053995561551
C101250,1,Mid-Value Occasional Shoppers,0.6030275164716243,-0.9711755830945609
C101251,1,Mid-Value Occasional Shoppers,-0.04057909428431201,-0.8650068752663648
C101252,3,High-Value Loyalists,2.0774020851469635,0.6730592947795988
C101253,1,Mid-Value Occasional Shoppers,-0.576764291166619,-0.8611275817451908
C101254,1,Mid-Value Occasional Shoppers,-0.880990083574485,-0.507808353328786
C101255,0,Low-Engagement / Dormant,-2.164060642976158,-0.8230061144153915
C101256,0,Low-Engagement / Dormant,-2.705670854605312,-1.333177319297048
C101257,2,Low-Engagement / Dormant,-1.394064508703839,1.8065302424793779
C101258,3,High-Value Loyalists,3.9508141068098337,0.11944812239983442
C101259,0,Low-Engagement / Dormant,-1.9798525821592585,-1.480948134499836
C101260,1,Mid-Value Occasional Shoppers,-0.12991485194998378,-0.5659870653343955
C101261,2,Low-Engagement / Dormant,-1.5647990190613426,0.7491048350409526
C101262,1,Mid-Value Occasional Shoppers,-0.744892696008631,0.31407205404707894
C101263,1,Mid-Value Occasional Shoppers,-1.471357888990079,-0.3995193506775973
C101264,1,Mid-Value Occasional Shoppers,-0.7499943530430455,-0.9291335112951654
C101265,2,Low-Engagement / Dormant,-1.960734303877636,3.5288229311758625
C101266,1,Mid-Value Occasional Shoppers,-0.20670708927655645,-0.7495509261945827
C101268,3,High-Value Loyalists,4.6187554761317955,0.14309881127702423
C101269,1,Mid-Value Occasional Shoppers,0.4605614869010534,0.025917771242424913
C101270,1,Mid-Value Occasional Shoppers,-0.3828875048768795,-1.1565837161352075
C101271,3,High-Value Loyalists,2.134432133350846,0.29645531866035174
C101272,1,Mid-Value Occasional Shoppers,-0.8448904473164633,0.7545130357898413
C101273,1,Mid-Value Occasional Shoppers,0.28591477869509574,-0.36628356819490177
C101274,1,Mid-Value Occasional Shoppers,-0.40039851643390006,-1.2986826463861263
C101275,1,Mid-Value Occasional Shoppers,-0.09728930317326263,0.6534964840776019
C101276,2,Low-Engagement / Dormant,-0.8730743890975019,1.6239332016848864
C101277,1,Mid-Value Occasional Shoppers,-0.2821682322821798,1.0486053400394961
C101278,1,Mid-Value Occasional Shoppers,-2.147107054464296,-0.35272243108385964
C101279,1,Mid-Value Occasional Shoppers,0.9309190341357376,-0.9638677808718337
C101280,3,High-Value Loyalists,2.8698502966444632,-0.5739308783859074
C101281,3,High-Value Loyalists,3.9255896084438877,-0.15215402333895006
C101282,1,Mid-Value Occasional Shoppers,-0.045092806874541896,0.6916973148518706
C101283,1,Mid-Value Occasional Shoppers,-1.1057570941897128,-1.8870442796293931
C101284,1,Mid-Value Occasional Shoppers,-0.9405458554927696,-0.8950496380672699
C101285,1,Mid-Value Occasional Shoppers,-0.7048001340911534,0.16986017339821669
C101286,1,Mid-Value Occasional Shoppers,1.139681954491358,-0.04061585383067698
C101287,1,Mid-Value Occasional Shoppers,-0.9804227395594688,-0.6031360936816392
C101288,1,Mid-Value Occasional Shoppers,-0.2546639128608885,-0.48344992773983086
C101289,1,Mid-Value Occasional Shoppers,-0.5672180723965935,-0.168869967510757
C101290,2,Low-Engagement / Dormant,-1.3903595037463161,1.9252740028413364
C101291,0,Low-Engagement / Dormant,-2.816968906870379,-0.24000198590539043
C101292,1,Mid-Value Occasional Shoppers,0.11924164962533322,-0.9506135720267636
C101293,1,Mid-Value Occasional Shoppers,0.07930560164926395,-0.8384670871300078
C101294,2,Low-Engagement / Dormant,-1.3527426788360972,2.594411510591136
C101295,1,Mid-Value Occasional Shoppers,-0.529765002542973,0.27545936822283296
C101296,1,Mid-Value Occasional Shoppers,-0.09592716336530671,-0.5651723062572014
C101297,1,Mid-Value Occasional Shoppers,-1.453309964676159,-1.7975998850995916
C101298,1,Mid-Value Occasional Shoppers,1.0156238781194618,-0.7345867512743783
C101299,1,Mid-Value Occasional Shoppers,0.7875628430846993,0.09822794699575275
C101300,1,Mid-Value Occasional Shoppers,-0.7556166878150645,0.8476970842552412
C101301,1,Mid-Value Occasional Shoppers,0.5174262825390766,0.20847952234076028
C101302,3,High-Value Loyalists,5.725240479238814,0.4995604476769171
C101303,1,Mid-Value Occasional Shoppers,-0.6887391405013045,-0.6649988247047548
C101305,1,Mid-Value Occasional Shoppers,-0.18612166251426182,-1.422866134921887
C101306,1,Mid-Value Occasional Shoppers,-0.7352743235873642,-0.5377774780216994
C101307,3,High-Value Loyalists,2.3605242978761414,0.5472699233505293
C101309,1,Mid-Value Occasional Shoppers,1.2468287275199899,-0.5265252592342516
C101310,1,Mid-Value Occasional Shoppers,-0.1024700869440579,0.1973364437297776
C101311,1,Mid-Value Occasional Shoppers,-1.6212426790469399,-0.9190290789482767
C101312,1,Mid-Value Occasional Shoppers,-0.48663271704747774,-1.2369972365861106
C101313,1,Mid-Value Occasional Shoppers,-0.8944829656136103,-1.185216215055321
C101314,3,High-Value Loyalists,5.876512665339999,0.17906811942851839
C101316,2,Low-Engagement / Dormant,-2.2656233841305258,1.395444076056799
C101317,1,Mid-Value Occasional Shoppers,-0.10232287408815915,-0.3348933846203116
C101318,1,Mid-Value Occasional Shoppers,-0.2663489407551325,-0.9800313110592143
C101319,1,Mid-Value Occasional Shoppers,0.11414798259576206,-0.8965887835688273
C101320,2,Low-Engagement / Dormant,-0.6078242392902152,2.1389544570780514
C101321,3,High-Value Loyalists,3.4998622557656276,-0.20226443655740278
C101322,1,Mid-Value Occasional Shoppers,0.050005456125337897,-0.27991834477721167
C101323,0,Low-Engagement / Dormant,-2.6254327239025885,-2.121280466625917
C101324,1,Mid-Value Occasional Shoppers,-0.7538820357154756,-0.8606749596056364
C101325,2,Low-Engagement / Dormant,-1.8584352031363593,2.223013820689606
C101326,1,Mid-Value Occasional Shoppers,-0.8254379695352757,-0.9447848789081883
C101327,1,Mid-Value Occasional Shoppers,-0.3101191179513919,-1.074020229135833
C101328,1,Mid-Value Occasional Shoppers,1.2303437438688034,-0.20573666327452284
C101329,1,Mid-Value Occasional Shoppers,0.8249087549218758,-0.061310092566459216
C101330,1,Mid-Value Occasional Shoppers,-1.0170127469806272,-1.5439500621273083
C101331,1,Mid-Value Occasional Shoppers,-0.11325047623341707,-0.3933795210725632
C101332,3,High-Value Loyalists,2.916323085157739,0.7205459203347317
C101333,1,Mid-Value Occasional Shoppers,0.11063266741933024,-0.888787480614815
C101334,1,Mid-Value Occasional Shoppers,-0.6352724535863461,-0.36601523658719437
C101335,1,Mid-Value Occasional Shoppers,0.6444300433418119,-0.2789558687209672
C101336,1,Mid-Value Occasional Shoppers,-0.6349616479419595,-0.9988531771328875
C101337,0,Low-Engagement / Dormant,-2.0703060082963707,-1.371149373773601
C101338,1,Mid-Value Occasional Shoppers,-0.0839617998656431,-0.10591351316811447
C101339,1,Mid-Value Occasional Shoppers,0.7253121208666068,-0.21108788711832133
C101340,3,High-Value Loyalists,4.792131230603656,0.13801196091815202
C101341,1,Mid-Value Occasional Shoppers,-1.1411294942333903,-0.8524093732799158
C101342,1,Mid-Value Occasional Shoppers,-1.0562554888621611,0.2437356462984944
C101343,1,Mid-Value Occasional Shoppers,-0.8009406893521847,0.7569729855625701
C101344,1,Mid-Value Occasional Shoppers,-0.5386990708108086,-0.7740161965831239
C101345,1,Mid-Value Occasional Shoppers,0.19890660427803064,-0.25304770660236003
C101346,0,Low-Engagement / Dormant,-2.946902912072853,1.0362166591239403
C101347,1,Mid-Value Occasional Shoppers,-0.38801704007285637,-0.30888659824112824
C101348,1,Mid-Value Occasional Shoppers,0.8868360633343522,0.07553191258830762
C101349,2,Low-Engagement / Dormant,-1.5077321734710885,3.2574353622492582
C101350,1,Mid-Value Occasional Shoppers,-2.0428780665011512,-0.5275892588217349
C101351,1,Mid-Value Occasional Shoppers,0.9861871005957275,0.5194739368788396
C101352,3,High-Value Loyalists,1.810672456346413,-0.12900938150240512
C101353,1,Mid-Value Occasional Shoppers,-0.20948915038335436,-0.3143300577673622
C101354,1,Mid-Value Occasional Shoppers,1.3177163969048988,0.4502274235958515
C101355,1,Mid-Value Occasional Shoppers,-0.03046019246834866,-0.682925438449532
C101356,1,Mid-Value Occasional Shoppers,-1.176204538440175,-0.7812858463712754
C101357,1,Mid-Value Occasional Shoppers,-0.2746821969536788,-0.9559901751536003
C101358,1,Mid-Value Occasional Shoppers,-0.6722556536651545,0.9357523236312837
C101359,1,Mid-Value Occasional Shoppers,-0.3099640852293171,0.6926667840659194
C101360,1,Mid-Value Occasional Shoppers,-0.5092713139370777,-1.4639023569836016
C101361,3,High-Value Loyalists,2.0343041173247314,-0.2098862805244118
C101362,1,Mid-Value Occasional Shoppers,-0.7166171730062941,-1.1492990424980445
C101363,3,High-Value Loyalists,4.657468304081427,0.25562445038648896
C101364,2,Low-Engagement / Dormant,-0.35467819275354545,1.6278339317158714
C101365,1,Mid-Value Occasional Shoppers,-0.6513698357831653,-1.4895630418760368
C101366,0,Low-Engagement / Dormant,-2.6306093774963126,-2.070435102282119
C101367,1,Mid-Value Occasional Shoppers,-0.9236439961175238,-1.531272484876352
C101368,1,Mid-Value Occasional Shoppers,-0.4761475750042857,-0.7820351400280046
C101369,3,High-Value Loyalists,3.0553932896762745,-0.09570945658617158
C101370,1,Mid-Value Occasional Shoppers,-1.2215809265817759,-1.6853002045542005
C101371,1,Mid-Value Occasional Shoppers,0.658194025012592,-0.6564207551238312
C101372,2,Low-Engagement / Dormant,-0.8537071870437757,0.8637881237564515
C101373,1,Mid-Value Occasional Shoppers,0.26989622893702137,0.4125781124009178
C101374,0,Low-Engagement / Dormant,-2.6761639291210844,-1.6229958960566964
C101375,1,Mid-Value Occasional Shoppers,0.6194254090019828,0.6153505883856142
C101376,1,Mid-Value Occasional Shoppers,-0.7466203835634451,-1.2497465996940254
C101377,2,Low-Engagement / Dormant,-0.1322515971372005,1.291484913796018
C101378,1,Mid-Value Occasional Shoppers,-0.6572784112687245,0.3819506159922855
C101379,2,Low-Engagement / Dormant,-0.4953496302483588,1.180078596037574
C101380,2,Low-Engagement / Dormant,-3.0690719368847406,2.236167257637573
C101381,1,Mid-Value Occasional Shoppers,-1.3098436156621733,0.6346041872158893
C101382,1,Mid-Value Occasional Shoppers,-0.9662021473620632,-0.9482511179030202
C101383,1,Mid-Value Occasional Shoppers,-1.1607573870120367,-1.2441085255936821
C101384,1,Mid-Value Occasional Shoppers,-0.7183795862780636,-1.1691482152484083
C101385,2,Low-Engagement / Dormant,-0.35484149465585924,1.45494334229174
C101387,1,Mid-Value Occasional Shoppers,-0.37069920406687656,-0.36329072057739087
C101388,1,Mid-Value Occasional Shoppers,-0.013224350743740324,-0.057490629505275115
C101389,1,Mid-Value Occasional Shoppers,-0.9123846645780198,-1.0542272300407243
C101390,1,Mid-Value Occasional Shoppers,0.4122928471857067,-1.0880021419642092
C101391,0,Low-Engagement / Dormant,-2.621809066386982,-2.1568722216665757
C101392,1,Mid-Value Occasional Shoppers,0.29580497806792466,-0.5400369329147162
C101393,1,Mid-Value Occasional Shoppers,0.6076477057816254,-0.5215545742262251
C101394,0,Low-Engagement / Dormant,-2.7600257173394143,-0.7993009936871683
C101395,1,Mid-Value Occasional Shoppers,0.029603985678183755,0.18738737723617022
C101396,3,High-Value Loyalists,4.289159986971226,-0.04720384427243884
C101397,1,Mid-Value Occasional Shoppers,-0.7830584448943076,0.314969426026373
C101398,2,Low-Engagement / Dormant,0.12615816741414446,1.3951933791792464
C101399,1,Mid-Value Occasional Shoppers,-0.09826014018176188,0.4537419308668154
C101400,1,Mid-Value Occasional Shoppers,-0.8499596205056941,-1.299930369542669
C101402,1,Mid-Value Occasional Shoppers,0.5423189607252333,-0.2743752873806553
C101403,1,Mid-Value Occasional Shoppers,-0.35891128263732197,0.5412598319539977
C101404,3,High-Value Loyalists,3.1978395027367705,-0.4929547053352354
C101405,1,Mid-Value Occasional Shoppers,0.3128776103544542,-0.7951869865126571
C101406,1,Mid-Value Occasional Shoppers,-0.36293246319102895,-0.5138753496999903
C101407,2,Low-Engagement / Dormant,-1.1021772028168215,3.19431576910738
C101408,1,Mid-Value Occasional Shoppers,1.38069644390176,-0.3462165585363366
C101409,1,Mid-Value Occasional Shoppers,-0.3451727375327635,0.5174891112662623
C101410,1,Mid-Value Occasional Shoppers,-0.05647948320336843,-0.8730152447815177
C101411,1,Mid-Value Occasional Shoppers,-0.8273658918386118,-1.5810248555200668
C101413,0,Low-Engagement / Dormant,-2.850099489870213,0.0854083458949169
C101414,3,High-Value Loyalists,2.5958677379007344,-0.1042091014879585
C101415,1,Mid-Value Occasional Shoppers,1.7307448807712436,-0.3974699231055158
C101416,2,Low-Engagement / Dormant,-0.6897092858251094,1.6515653746537735
C101417,1,Mid-Value Occasional Shoppers,-1.5814339169007465,-1.7406066161159304
C101418,1,Mid-Value Occasional Shoppers,-0.36945944414740833,-1.4425047607038053
C101419,1,Mid-Value Occasional Shoppers,-1.1180389491567235,-1.2298526642752445
C101420,3,High-Value Loyalists,4.248081142622689,-0.0896822321172906
C101421,3,High-Value Loyalists,3.741672149535478,-0.19692452555331474
C101422,1,Mid-Value Occasional Shoppers,-0.3936950140759695,-1.6356948127587272
C101423,1,Mid-Value Occasional Shoppers,-0.41271087359315767,0.6501418083052032
C101424,1,Mid-Value Occasional Shoppers,-0.36497361021137,-0.4256922744545968
C101425,3,High-Value Loyalists,2.878162400898119,-0.5702489032088216
C101426,1,Mid-Value Occasional Shoppers,-0.3885808789835979,0.46339569579451806
C101427,1,Mid-Value Occasional Shoppers,-0.3600160653500207,-1.0089459136583092
C101428,1,Mid-Value Occasional Shoppers,-0.629206573484854,-1.0895810445760463
C101429,1,Mid-Value Occasional Shoppers,-0.05925580282326271,0.2750607858556405
C101430,1,Mid-Value Occasional Shoppers,0.0049516919386840075,-1.3702239784992103
C101431,2,Low-Engagement / Dormant,-1.1977855377833546,1.7459345213520563
C101432,3,High-Value Loyalists,2.15013639395794,-0.3724539342136546
C101433,0,Low-Engagement / Dormant,-2.6487276650743468,-1.8924763270788258
C101435,0,Low-Engagement / Dormant,-2.934608334418308,-1.8897840725623636
C101436,1,Mid-Value Occasional Shoppers,-0.5145806468554724,0.002713285078495678
C101437,1,Mid-Value Occasional Shoppers,-0.5050375849725006,-0.5668598503840664
C101438,0,Low-Engagement / Dormant,-2.633197704293175,-2.04501242011022
C101440,3,High-Value Loyalists,4.470038087789632,0.6010070731777218
C101441,1,Mid-Value Occasional Shoppers,-0.49934051785101435,-1.014712282428305
C101443,1,Mid-Value Occasional Shoppers,-0.3693507739622031,-0.6846486687902072
C101444,1,Mid-Value Occasional Shoppers,0.2286274322913356,0.3521283798193211
C101445,1,Mid-Value Occasional Shoppers,-0.3194835150339899,-0.6621250761187933
C101446,1,Mid-Value Occasional Shoppers,0.8217894054711027,0.8822903974519095
C101447,3,High-Value Loyalists,2.9586936287288013,-0.6242086563764896
C101448,1,Mid-Value Occasional Shoppers,0.020669670326723857,-0.8098714849045787
C101449,1,Mid-Value Occasional Shoppers,1.4813263399575773,-0.07570907622876161
C101450,1,Mid-Value Occasional Shoppers,-0.5221872660502067,-0.5403106018827692
C101451,2,Low-Engagement / Dormant,-1.015510113742777,1.1510848591940122
C101452,1,Mid-Value Occasional Shoppers,-1.111418014740717,-0.367992284451732
C101453,1,Mid-Value Occasional Shoppers,-0.008276019570817151,-0.49208824677007623
C101454,1,Mid-Value Occasional Shoppers,-0.9173050930106891,-0.606297429040832
C101455,1,Mid-Value Occasional Shoppers,0.8458224816072156,-0.021230985165479672
C101456,2,Low-Engagement / Dormant,-1.394684726979525,2.523065504856186
C101457,1,Mid-Value Occasional Shoppers,-0.1709848847302778,-0.0662954631949592
C101458,1,Mid-Value Occasional Shoppers,-0.8817726971656105,0.725726193715505
C101459,1,Mid-Value Occasional Shoppers,-0.2581681732200469,-0.4000047229188627
C101460,1,Mid-Value Occasional Shoppers,1.660767550166507,-0.16261709852941125
C101461,2,Low-Engagement / Dormant,-1.487930150774326,0.6598369238746478
C101462,1,Mid-Value Occasional Shoppers,-0.11300667830398965,-0.03342901813115043
C101463,1,Mid-Value Occasional Shoppers,0.22911092345158493,0.35747379189809336
C101464,1,Mid-Value Occasional Shoppers,-0.031099556272282367,-0.502992981397339
C101465,0,Low-Engagement / Dormant,-2.7129181696365254,-1.2619938092157306
C101466,2,Low-Engagement / Dormant,-1.4503947724812838,1.9010926354277684
C101467,1,Mid-Value Occasional Shoppers,-0.41072526145764715,-0.9718610345770662
C101468,1,Mid-Value Occasional Shoppers,-0.31152949296421767,-0.38290243081505676
C101469,3,High-Value Loyalists,4.35353019852803,0.012099518458315745
C101470,1,Mid-Value Occasional Shoppers,1.1271843450576098,-0.20003731716621495
C101471,3,High-Value Loyalists,3.480346984217409,0.5155173865044345
C101472,3,High-Value Loyalists,3.088770398782167,0.5359217516599887
C101473,2,Low-Engagement / Dormant,-1.2942770907117986,1.5461306466983211
C101474,3,High-Value Loyalists,2.9228426517754107,-0.4106939418210449
C101475,1,Mid-Value Occasional Shoppers,-0.37180593796893496,-1.3734295219679133
C101476,2,Low-Engagement / Dormant,-0.31917627731199566,1.2964903103298833
C101477,1,Mid-Value Occasional Shoppers,-0.42935823296707165,-1.2291731707461067
C101478,1,Mid-Value Occasional Shoppers,0.6166361588927578,-0.05598764554196794
C101479,3,High-Value Loyalists,5.465590223930062,0.30882957775153996
C101480,1,Mid-Value Occasional Shoppers,0.5508504131889855,-0.9957732811113899
C101481,1,Mid-Value Occasional Shoppers,-0.8327698372009854,-1.0211378181407538
C101482,1,Mid-Value Occasional Shoppers,-0.34223658706737226,-0.8900336801299705
C101483,3,High-Value Loyalists,4.63689650720499,0.37827578246928745
C101484,3,High-Value Loyalists,1.5734247689595533,0.7080669520601341
C101485,1,Mid-Value Occasional Shoppers,-0.34083667300704396,-0.01889549011662391
C101486,3,High-Value Loyalists,2.553968145069751,-0.6142109713563172
C101488,3,High-Value Loyalists,3.379673433424278,-0.0058651702211009364
C101489,1,Mid-Value Occasional Shoppers,0.18017421727128274,0.2133025201780233
C101490,0,Low-Engagement / Dormant,-2.6264680546213333,-2.1111113937571573
C101491,1,Mid-Value Occasional Shoppers,-0.15373097864568447,0.7392958343832176
C101492,1,Mid-Value Occasional Shoppers,0.1920425769727054,0.5733470228801582
C101493,3,High-Value Loyalists,3.961529380977726,-0.32561082331454244
C101494,1,Mid-Value Occasional Shoppers,0.7897434538557404,-0.06480931443140137
C101495,0,Low-Engagement / Dormant,-2.843887505557744,0.02439390868235923
C101496,1,Mid-Value Occasional Shoppers,-1.0553245226495018,-1.099209620786774
C101497,1,Mid-Value Occasional Shoppers,-1.2563969112854432,-1.0789016639687372
C101498,1,Mid-Value Occasional Shoppers,-0.834498935350859,0.35494726085412204
C101500,1,Mid-Value Occasional Shoppers,0.19039641149713804,-0.7865742796037795
C101501,3,High-Value Loyalists,2.907655516449868,0.6512604836719197
C101502,0,Low-Engagement / Dormant,-2.6316447082150574,-2.0602660294133597
C101503,2,Low-Engagement / Dormant,-0.654076446846648,1.195710296698945
C101504,1,Mid-Value Occasional Shoppers,-0.00668036614160246,-0.9126482926030104
C101505,1,Mid-Value Occasional Shoppers,-0.37334835183947074,-1.4281787141235196
C101506,1,Mid-Value Occasional Shoppers,1.812042914826352,0.3412315955614861
C101507,3,High-Value Loyalists,3.307689804210523,0.10452487892828453
C101508,1,Mid-Value Occasional Shoppers,-0.9727986955050947,0.12765245554208107
C101509,0,Low-Engagement / Dormant,-2.6673636180117537,-1.709433015441153
C101510,2,Low-Engagement / Dormant,-1.6009989927372161,2.02409579250912
C101511,1,Mid-Value Occasional Shoppers,-1.311300080249691,-0.9531192092063906
C101512,2,Low-Engagement / Dormant,-0.9761931742801733,1.1148983967625667
C101513,2,Low-Engagement / Dormant,-2.2107086132357328,3.5812877634598643
C101514,1,Mid-Value Occasional Shoppers,0.021377036303323983,-0.6463570605825498
C101515,1,Mid-Value Occasional Shoppers,-1.061408282325371,-1.618373828857803
C101516,1,Mid-Value Occasional Shoppers,-0.0907117473118148,-0.6099059383847398
C101517,3,High-Value Loyalists,3.6540918373306863,0.3069295072263196
C101518,1,Mid-Value Occasional Shoppers,-0.3736617893945352,1.1150749443964596
C101519,1,Mid-Value Occasional Shoppers,1.3495995289270302,-0.4033653368403313
C101520,1,Mid-Value Occasional Shoppers,-0.21750923455395585,-0.23213743328816566
C101521,1,Mid-Value Occasional Shoppers,0.42945508429811097,-0.5030401743738341
C101522,3,High-Value Loyalists,3.2844055262994583,-0.13357522183188053
C101523,3,High-Value Loyalists,2.238326690490887,-0.6607520685825823
C101524,2,Low-Engagement / Dormant,-2.15025336215988,2.642864835493242
C101525,1,Mid-Value Occasional Shoppers,-0.5646724815035478,-0.6434453862245664
C101526,1,Mid-Value Occasional Shoppers,-0.10296462867190949,-1.2424469871221586
C101527,1,Mid-Value Occasional Shoppers,-0.08280760253616007,-0.5655051375532544
C101528,2,Low-Engagement / Dormant,0.3327472155315868,1.9025837208165604
C101530,3,High-Value Loyalists,2.2729017207495543,0.57819276985483
C101532,2,Low-Engagement / Dormant,-2.1317427293191464,3.7485355297766296
C101533,3,High-Value Loyalists,2.667522444675278,-0.5458058545654348
C101534,1,Mid-Value Occasional Shoppers,1.35794494130482,1.010615553632061
C101535,1,Mid-Value Occasional Shoppers,0.7299907902442141,0.8458602201479508
C101536,1,Mid-Value Occasional Shoppers,-1.058536624890078,-0.7438837203408025
C101537,1,Mid-Value Occasional Shoppers,-0.33543535458806567,-1.2573307629947166
C101538,1,Mid-Value Occasional Shoppers,0.3147911853968687,0.6952148000147056
C101540,2,Low-Engagement / Dormant,-0.6954255261728198,1.8280287752393354
C101541,3,High-Value Loyalists,1.627325999821748,-0.25721869282576226
C101542,1,Mid-Value Occasional Shoppers,0.6103819377669263,-0.02750779133947935
C101543,1,Mid-Value Occasional Shoppers,0.9127370199510251,-0.640798756066428
C101544,2,Low-Engagement / Dormant,-1.451606881683863,1.3234590062716507
C101545,1,Mid-Value Occasional Shoppers,0.18068488814846592,-0.10517355616527758
C101546,2,Low-Engagement / Dormant,-0.9072630905022818,1.2606515062458807
C101547,1,Mid-Value Occasional Shoppers,0.2387775521991543,0.44491941273064844
C101548,2,Low-Engagement / Dormant,-2.0721956461821556,1.8996745019846883
C101549,0,Low-Engagement / Dormant,-2.8086862611204206,-0.3213545688554672
C101550,1,Mid-Value Occasional Shoppers,0.8840821054059058,-1.1497486569295083
C101551,1,Mid-Value Occasional Shoppers,-0.8546831115238716,0.8185218983719522
C101552,3,High-Value Loyalists,2.9703449594565314,-0.032048833969792974
C101553,1,Mid-Value Occasional Shoppers,-0.2571805563514961,-1.1964791735602613
C101554,1,Mid-Value Occasional Shoppers,-0.1869405498023529,-0.8616801520415852
C101555,1,Mid-Value Occasional Shoppers,-0.9412358763159813,-0.7924085704988428
C101556,0,Low-Engagement / Dormant,-2.652868987949326,-1.8518000356037876
C101557,1,Mid-Value Occasional Shoppers,-1.4385931292333258,-0.9265410466643882
C101558,1,Mid-Value Occasional Shoppers,-1.0946636117735937,-1.606970651024678
C101559,3,High-Value Loyalists,2.4830283827274924,-0.3494595061394173
C101560,1,Mid-Value Occasional Shoppers,-0.1630871370976303,-0.09917573385490414
C101561,1,Mid-Value Occasional Shoppers,0.7091366958503635,0.166922732754636
C101562,1,Mid-Value Occasional Shoppers,0.4463080727982286,0.6448713962012537
C101563,1,Mid-Value Occasional Shoppers,-0.4219406422959592,-1.2505122654176029
C101564,1,Mid-Value Occasional Shoppers,-0.49902158401385094,-1.059930980223718
C101565,1,Mid-Value Occasional Shoppers,-1.5671288293327568,-0.5188199036614392
C101566,2,Low-Engagement / Dormant,-1.1500186517180024,2.641318282755979
C101567,1,Mid-Value Occasional Shoppers,-0.0717766215231391,-0.3199644670747697
C101568,1,Mid-Value Occasional Shoppers,-0.24603536856847777,0.7235344155008626
C101569,1,Mid-Value Occasional Shoppers,-0.9393908119329412,-1.7554775687423545
C101570,1,Mid-Value Occasional Shoppers,1.6044001137103812,0.14823946138794317
C101571,1,Mid-Value Occasional Shoppers,0.2750374116757298,0.5723370829088636
C101572,2,Low-Engagement / Dormant,-1.8759741505181622,0.7523344405700543
C101573,1,Mid-Value Occasional Shoppers,-0.36749275481773397,-1.199731954932358
C101574,1,Mid-Value Occasional Shoppers,-1.3533555312869443,-1.5997455772460758
C101575,3,High-Value Loyalists,4.976036103343193,0.4364061614108438
C101576,0,Low-Engagement / Dormant,-3.039047346041141,1.9412641444435443
C101577,2,Low-Engagement / Dormant,-1.1506547569945416,2.4681614879929294
C101578,1,Mid-Value Occasional Shoppers,0.025232935666247076,-0.08152219488604626
C101579,1,Mid-Value Occasional Shoppers,-1.3335270878383119,0.4342872582631063
C101580,2,Low-Engagement / Dormant,-1.26771392387155,1.469875710567148
C101581,1,Mid-Value Occasional Shoppers,0.6936925798412162,0.7661434959247913
C101582,3,High-Value Loyalists,1.9046584259625186,-0.4795215499806175
C101583,3,High-Value Loyalists,5.477779864562272,0.47482327458166895
C101584,1,Mid-Value Occasional Shoppers,-0.34569897253252974,0.7483064689096441
C101585,3,High-Value Loyalists,5.628938716529093,0.7993765434782122
C101586,2,Low-Engagement / Dormant,-0.9641994288071498,2.236820369196383
C101587,1,Mid-Value Occasional Shoppers,-0.8598510987478326,0.5657184774151809
C101588,1,Mid-Value Occasional Shoppers,-0.8826150291244652,-1.3087078276339994
C101589,0,Low-Engagement / Dormant,-2.740354433683263,-0.9925133781936009
C101590,3,High-Value Loyalists,7.293606283055601,0.6366043719503491
C101591,3,High-Value Loyalists,7.1242983260842685,0.861484000575504
C101592,1,Mid-Value Occasional Shoppers,1.7370365447471658,0.056641525560981336
C101593,1,Mid-Value Occasional Shoppers,-0.2837118575680881,-1.0825821227002859
C101594,1,Mid-Value Occasional Shoppers,-0.1300680416537186,-1.4888753655934328
C101595,1,Mid-Value Occasional Shoppers,-1.4643663364827872,-1.0422046943805297
C101596,1,Mid-Value Occasional Shoppers,1.1404201272183525,-0.2872879030635977
C101597,2,Low-Engagement / Dormant,-1.545482935905703,3.2772219298810144
C101598,2,Low-Engagement / Dormant,-0.13294124078809835,1.5900023967636732
C101599,1,Mid-Value Occasional Shoppers,0.042720934225767955,1.3028080619717122
C101600,1,Mid-Value Occasional Shoppers,0.7438748463300449,0.514545117435369
C101601,0,Low-Engagement / Dormant,-2.8302340690195718,-1.5123322354592996
C101602,3,High-Value Loyalists,4.549942599341917,0.0301695583852512
C101603,0,Low-Engagement / Dormant,-2.0569954154367305,-1.1591669018887132
C101604,1,Mid-Value Occasional Shoppers,0.16698373272501357,-0.13700119084984577
C101605,1,Mid-Value Occasional Shoppers,0.09336367327649935,-0.6122058381370991
C101606,1,Mid-Value Occasional Shoppers,0.4626608965394439,-0.3721234787676825
C101607,1,Mid-Value Occasional Shoppers,-0.31232329272264187,-0.8888947266038545
C101608,2,Low-Engagement / Dormant,-0.8085316164040856,3.031719983434768
C101609,2,Low-Engagement / Dormant,-1.2691810584378085,1.4801489296963672
C101610,1,Mid-Value Occasional Shoppers,-0.3196990861136338,0.19100932419919298
C101611,1,Mid-Value Occasional Shoppers,-0.04537627512292684,0.2154573837325956
C101612,1,Mid-Value Occasional Shoppers,0.017366574087856232,-0.42350637224062504
C101613,1,Mid-Value Occasional Shoppers,0.4779564471212697,-0.8585781662034252
C101614,1,Mid-Value Occasional Shoppers,-0.4552310242617664,-0.08675789459099814
C101615,2,Low-Engagement / Dormant,-1.2823561003162838,2.133666940999988
C101616,1,Mid-Value Occasional Shoppers,0.6259857008730857,0.12963373745596127
C101617,1,Mid-Value Occasional Shoppers,-1.1295292823975958,-1.088900215442728
C101618,2,Low-Engagement / Dormant,-2.1148713656214344,2.386023983261649
C101619,2,Low-Engagement / Dormant,-2.106715581347911,1.645331941422129
C101620,1,Mid-Value Occasional Shoppers,-0.06761484710674709,-0.2872210527014145
C101621,1,Mid-Value Occasional Shoppers,-1.0574300812330326,-1.2814184911754944
C101622,1,Mid-Value Occasional Shoppers,-0.8643258397096906,-0.9378032965820331
C101623,1,Mid-Value Occasional Shoppers,-0.09368493289817087,0.16068108205529105
C101624,1,Mid-Value Occasional Shoppers,0.2825537088922634,0.23215633212570078
C101625,3,High-Value Loyalists,4.5777178255565305,-0.18289104575147394
C101626,1,Mid-Value Occasional Shoppers,0.004030997822832378,-0.17947988689043004
C101627,3,High-Value Loyalists,5.196500420310429,-0.06281895933509818
C101628,1,Mid-Value Occasional Shoppers,-1.3249341981991016,-0.5084220503337966
C101629,1,Mid-Value Occasional Shoppers,-0.4295584102463108,0.657094779661774
C101630,1,Mid-Value Occasional Shoppers,0.21827479219240756,-1.1447247902893716
C101631,1,Mid-Value Occasional Shoppers,-0.7612757486746057,-1.2955494508836847
C101633,2,Low-Engagement / Dormant,-1.4117824377373438,2.8133637998937444
C101634,1,Mid-Value Occasional Shoppers,-0.94620708802259,-1.371799109484397
C101635,2,Low-Engagement / Dormant,-1.2976479072712166,3.133824450489897
C101636,1,Mid-Value Occasional Shoppers,1.47671845707036,0.10804824240856958
C101637,1,Mid-Value Occasional Shoppers,1.132114541288581,0.3689001156247419
C101638,3,High-Value Loyalists,1.8026766762555493,0.35987625318224775
C101639,2,Low-Engagement / Dormant,0.6791120049094983,1.6225279608892782
C101640,2,Low-Engagement / Dormant,-0.04423398140545291,2.708868254459483
C101641,0,Low-Engagement / Dormant,-2.7082591814021737,-1.3077546371251487
C101642,1,Mid-Value Occasional Shoppers,-0.046925276942079826,0.6050193531693053
C101643,2,Low-Engagement / Dormant,-1.902551451668963,1.3349403629519458
C101644,1,Mid-Value Occasional Shoppers,0.8148968675223685,-0.8560254101050531
C101646,0,Low-Engagement / Dormant,-2.6880702323866497,-1.5060515580659612
C101647,1,Mid-Value Occasional Shoppers,1.7240113668043884,0.336329900820333
C101649,1,Mid-Value Occasional Shoppers,-0.8683704425024574,-0.43408286646186656
C101650,1,Mid-Value Occasional Shoppers,0.47423682301494474,0.5986273659910997
C101651,2,Low-Engagement / Dormant,-1.797332056052156,0.8687809454519009
C101652,1,Mid-Value Occasional Shoppers,-0.933269210435601,-1.619148841038929
C101653,1,Mid-Value Occasional Shoppers,0.7574859126941708,0.04038544228603373
C101654,1,Mid-Value Occasional Shoppers,1.0017472550224127,0.24307672973178365
C101655,0,Low-Engagement / Dormant,-1.5766597587883406,-1.7004324174581784
C101656,0,Low-Engagement / Dormant,-2.621809066386982,-2.1568722216665757
C101659,0,Low-Engagement / Dormant,-2.235320570472322,-1.35791715306112
C101660,1,Mid-Value Occasional Shoppers,0.7829603534885575,-0.5010260024656672
C101661,1,Mid-Value Occasional Shoppers,0.5113225059718416,0.549752789089735
C101662,1,Mid-Value Occasional Shoppers,-0.4063455778467008,-0.10171431273646139
C101663,3,High-Value Loyalists,5.144481758423101,0.13157084958035478
C101664,1,Mid-Value Occasional Shoppers,0.6153114107837971,-0.4104980698818164
C101665,1,Mid-Value Occasional Shoppers,-1.664307337600825,-0.30961199296472014
C101666,0,Low-Engagement / Dormant,-2.625950389261961,-2.1161959301915374
C101667,3,High-Value Loyalists,2.4842952999757886,0.09889233904786172
C101668,2,Low-Engagement / Dormant,-0.6724785583212052,1.2588608928827763
C101669,1,Mid-Value Occasional Shoppers,-0.48213705441499616,-1.0596518669447252
C101670,1,Mid-Value Occasional Shoppers,-0.07857037371292329,0.9398612854996655
C101671,1,Mid-Value Occasional Shoppers,-0.5517940592556826,0.10315079312429747
C101672,1,Mid-Value Occasional Shoppers,-0.44071298068786696,-0.569351176209761
C101673,1,Mid-Value Occasional Shoppers,0.0827661176737373,-0.650077667035097
C101674,1,Mid-Value Occasional Shoppers,-0.15000424995238432,-0.2753672061104469
C101675,1,Mid-Value Occasional Shoppers,-1.2281694358747575,-1.0717383024972928
C101676,0,Low-Engagement / Dormant,-3.0090227551975417,1.6463610312495163
C101677,1,Mid-Value Occasional Shoppers,0.35048199652980533,-0.8695186465728408
C101678,2,Low-Engagement / Dormant,-1.2702556886993464,0.9847996735048034
C101679,2,Low-Engagement / Dormant,-3.2383485093995175,3.898810671679769
C101680,1,Mid-Value Occasional Shoppers,-0.9255169449531778,0.32027529992432546
C101681,2,Low-Engagement / Dormant,-3.2233362139777175,3.7513591150827548
C101682,1,Mid-Value Occasional Shoppers,-0.947871551081746,-1.8450060929711145
C101683,1,Mid-Value Occasional Shoppers,0.659256110970188,-0.7394478524486235
C101684,1,Mid-Value Occasional Shoppers,1.4302795454889783,-0.19171834815817315
C101685,2,Low-Engagement / Dormant,-2.618631363424527,1.525513938177529
C101686,1,Mid-Value Occasional Shoppers,-0.17595263009398943,-0.732745810670753
C101687,3,High-Value Loyalists,2.3872289179050514,0.2791742298263453
C101688,1,Mid-Value Occasional Shoppers,0.6139309498322604,-0.06235498272260191
C101689,1,Mid-Value Occasional Shoppers,-0.18785243558057585,0.023234727244792044
C101690,2,Low-Engagement / Dormant,-1.4581355179007538,2.8084500846370712
C101691,1,Mid-Value Occasional Shoppers,0.931418923830815,-1.3295083984910618
C101692,2,Low-Engagement / Dormant,-1.2466092617873248,1.502448935247758
C101693,1,Mid-Value Occasional Shoppers,-0.8215123412300223,-1.3981033222581838
C101694,1,Mid-Value Occasional Shoppers,-0.5736313554173726,0.0831330135747687
C101695,1,Mid-Value Occasional Shoppers,-0.09145982003765735,0.3968722795940364
C101696,2,Low-Engagement / Dormant,-0.7314117918404839,2.121058482852369
C101697,0,Low-Engagement / Dormant,-2.9997047787288382,1.5548393754306804
C101698,1,Mid-Value Occasional Shoppers,0.3733282466705031,-1.1248126562959122
C101699,3,High-Value Loyalists,2.435621737466315,0.15752060787592273
C101700,2,Low-Engagement / Dormant,-1.7081791617948945,3.175578123011132
C101701,1,Mid-Value Occasional Shoppers,-0.22112266560356336,-0.5974209690475899
C101702,3,High-Value Loyalists,3.402278527824789,0.2359252135122259
C101703,1,Mid-Value Occasional Shoppers,0.600656721912028,-0.10519045086844038
C101704,1,Mid-Value Occasional Shoppers,1.0041024425328813,-0.3212620702387599
C101705,1,Mid-Value Occasional Shoppers,0.2181527776742159,-0.8986677556664064
C101706,1,Mid-Value Occasional Shoppers,0.6202034691420691,-0.982307134366245
C101707,1,Mid-Value Occasional Shoppers,-1.1942327964106152,-0.9325019713955126
C101708,1,Mid-Value Occasional Shoppers,0.3925451564171362,-0.6554571877870637
C101709,3,High-Value Loyalists,5.385280418782204,0.44924966876046346
C101710,1,Mid-Value Occasional Shoppers,0.037368844254536224,0.3935660698523998
C101711,2,Low-Engagement / Dormant,-0.9727480333172083,2.801487653813875
C101712,2,Low-Engagement / Dormant,-0.39410259621040145,3.0354970821818097
C101713,1,Mid-Value Occasional Shoppers,0.17892437410552844,0.2805931594173289
C101714,1,Mid-Value Occasional Shoppers,-0.6011142086616942,-0.41542638255351994
C101715,0,Low-Engagement / Dormant,-2.660633968339912,-1.7755319890880905
C101716,1,Mid-Value Occasional Shoppers,-0.5032274076203763,-1.3275027460083006
C101717,2,Low-Engagement / Dormant,-2.2772281544753157,0.32939180028869297
C101718,1,Mid-Value Occasional Shoppers,0.7090938496011266,-0.9783778278991884
C101719,2,Low-Engagement / Dormant,-2.616299254506686,3.157946978596151
C101720,1,Mid-Value Occasional Shoppers,-0.5749633587237428,-0.9056889140609252
C101721,1,Mid-Value Occasional Shoppers,-0.7090083568641135,-1.466257342260664
C101722,2,Low-Engagement / Dormant,-0.352122541150308,2.2087359016018184
C101723,1,Mid-Value Occasional Shoppers,-1.2614486835594012,0.35495397418393826
C101724,1,Mid-Value Occasional Shoppers,-0.03667070541755488,-0.8288953521623935
C101725,1,Mid-Value Occasional Shoppers,-0.20796733643163243,-0.42064402472651496
C101726,1,Mid-Value Occasional Shoppers,-0.21158007079573907,-1.2684218453302665
C101727,0,Low-Engagement / Dormant,-2.633197704293175,-2.04501242011022
C101728,1,Mid-Value Occasional Shoppers,0.11133253260580148,-0.12786703278265904
C101729,3,High-Value Loyalists,3.560096837599693,0.400986183696538
C101730,1,Mid-Value Occasional Shoppers,0.48467181789226105,-0.06427308451903833
C101731,2,Low-Engagement / Dormant,-1.6999797553500278,2.151346344002891
C101732,1,Mid-Value Occasional Shoppers,0.5804293313908011,-0.3176192110966928
C101733,1,Mid-Value Occasional Shoppers,-0.2868066344784895,-0.4762208793457521
C101734,1,Mid-Value Occasional Shoppers,-0.7374937008086124,-0.3473912513763801
C101735,2,Low-Engagement / Dormant,-1.709997446464863,2.114875105568666
C101736,1,Mid-Value Occasional Shoppers,1.0069257783988574,0.07327163748137228
C101737,1,Mid-Value Occasional Shoppers,0.27873142255431566,-0.6925816117214723
C101738,1,Mid-Value Occasional Shoppers,0.29130003194599885,1.404284599872126
C101739,3,High-Value Loyalists,2.072520128832173,0.16800516772585355
C101740,0,Low-Engagement / Dormant,-1.87294943196072,-1.4106235057492456
C101741,1,Mid-Value Occasional Shoppers,0.36650395553442877,0.7585973590978967
C101742,1,Mid-Value Occasional Shoppers,1.0333748554506177,-0.20166366379093437
C101743,2,Low-Engagement / Dormant,-1.6877394659126517,3.024932002501024
C101744,1,Mid-Value Occasional Shoppers,-0.011184491759751766,1.1268927854699136
C101745,3,High-Value Loyalists,2.3919235731418698,-0.15200491717116255
C101746,1,Mid-Value Occasional Shoppers,-0.2618805540612855,0.32527516176817267
C101747,1,Mid-Value Occasional Shoppers,1.3166158529010439,0.3001561178780043
C101748,2,Low-Engagement / Dormant,-0.5781426182046067,1.806499041403733
C101749,1,Mid-Value Occasional Shoppers,0.24698001791734261,0.6355168907079314
C101750,1,Mid-Value Occasional Shoppers,-0.3367866719391655,-1.0342361039354464
C101751,1,Mid-Value Occasional Shoppers,-1.1267519990279584,-1.264317453937622
C101752,1,Mid-Value Occasional Shoppers,0.9659462910144814,0.5733863362616971
C101753,2,Low-Engagement / Dormant,-0.8551232524287444,1.9144702138435516
C101754,1,Mid-Value Occasional Shoppers,1.7270395972187031,0.032301945178028216
C101755,2,Low-Engagement / Dormant,-0.5631939834912707,1.4945102485969373
C101756,3,High-Value Loyalists,5.652472608606148,0.10308071666432353
C101757,3,High-Value Loyalists,2.7162015373180095,0.5306695508524067
C101758,1,Mid-Value Occasional Shoppers,-1.0408822374798892,-0.07250170799359824
C101759,1,Mid-Value Occasional Shoppers,-0.5712774575848399,0.27886727936981903
C101760,1,Mid-Value Occasional Shoppers,0.16758836778492436,0.03388959674972999
C101761,3,High-Value Loyalists,3.919403364727856,-0.10281185073876986
C101762,1,Mid-Value Occasional Shoppers,-0.5920392339532171,-1.2315666562247714
C101763,1,Mid-Value Occasional Shoppers,0.6682214459472091,-0.8852614086488382
C101764,1,Mid-Value Occasional Shoppers,1.4789906568671958,-0.5528879495830756
C101765,1,Mid-Value Occasional Shoppers,-0.09036944100581826,0.2697714965367386
C101766,1,Mid-Value Occasional Shoppers,-1.566092601998305,-0.6692860745122374
C101767,1,Mid-Value Occasional Shoppers,-0.35210504836314316,-1.0628124735709013
C101768,2,Low-Engagement / Dormant,-0.3676647267610619,1.804443691969662
C101769,1,Mid-Value Occasional Shoppers,-1.2374685730021948,-1.5440444477503448
C101770,1,Mid-Value Occasional Shoppers,-1.358591027050019,-0.5995342114949582
C101771,2,Low-Engagement / Dormant,-1.4285214371981863,2.4421035635028905
C101772,1,Mid-Value Occasional Shoppers,-0.9124234898393574,-1.2066786327229497
C101773,1,Mid-Value Occasional Shoppers,0.5669157921676216,0.5716315438554739
C101774,3,High-Value Loyalists,3.0356535078489277,0.47777898990357376
C101775,1,Mid-Value Occasional Shoppers,1.4432505872504129,0.5489381573591203
C101776,1,Mid-Value Occasional Shoppers,-0.5890179652397054,0.28926612175734717
C101777,1,Mid-Value Occasional Shoppers,-0.3239361807838185,-0.14847598038765858
C101778,1,Mid-Value Occasional Shoppers,1.7559213818439312,-0.0919817968571797
C101779,3,High-Value Loyalists,2.2303565096609055,0.40112187421430967
C101780,2,Low-Engagement / Dormant,-1.1196848462883198,1.9209904170338896
C101781,1,Mid-Value Occasional Shoppers,-0.4777469863522526,-1.046068645684145
C101783,2,Low-Engagement / Dormant,-2.2115515196694715,0.8516840949887768
C101784,3,High-Value Loyalists,3.8629727630131057,0.40094660558977435
C101785,1,Mid-Value Occasional Shoppers,-0.8421112884246136,-0.38645287539217205
C101786,1,Mid-Value Occasional Shoppers,0.7253731798893654,-1.0593122768217045
C101787,1,Mid-Value Occasional Shoppers,1.6639428807222787,-0.7135160204802417
C101788,3,High-Value Loyalists,2.0170457613811936,0.5565855301341287
C101790,1,Mid-Value Occasional Shoppers,-0.6278562250297129,0.7153451611831985
C101791,1,Mid-Value Occasional Shoppers,0.1273186710860162,0.4896810875343678
C101792,3,High-Value Loyalists,5.191169268734858,0.0929198760710535
C101793,3,High-Value Loyalists,3.044394015392178,-0.2862455243425736
C101794,2,Low-Engagement / Dormant,-1.5394967916925226,3.624840614551566
C101795,1,Mid-Value Occasional Shoppers,-0.5100741545728761,0.8808935454815483
C101796,1,Mid-Value Occasional Shoppers,-0.02001414738043314,-0.5868338336391448
C101797,0,Low-Engagement / Dormant,-2.624915058543216,-2.1263650030602967
C101798,1,Mid-Value Occasional Shoppers,1.0048820696188845,0.9145527418057802
C101799,1,Mid-Value Occasional Shoppers,0.6152598007970711,-0.41029283406765993
C101800,1,Mid-Value Occasional Shoppers,-1.3673528436684306,-1.7724703544018123
C101801,1,Mid-Value Occasional Shoppers,-1.1714649608321979,-0.7656039389537677
C101802,0,Low-Engagement / Dormant,-2.6404450193243885,-1.9738289100289028
C101803,1,Mid-Value Occasional Shoppers,0.5163068167694238,0.7341725878364994
C101804,0,Low-Engagement / Dormant,-2.722753811464601,-1.1653876169625144
C101806,1,Mid-Value Occasional Shoppers,0.7813402240628126,0.06085274398772135
C101807,1,Mid-Value Occasional Shoppers,-0.04038953863594628,0.04919703595394983
C101808,1,Mid-Value Occasional Shoppers,-0.5513965987527225,-0.6331120276069161
C101809,1,Mid-Value Occasional Shoppers,-0.060884481556890954,-0.40628886361819494
C101810,2,Low-Engagement / Dormant,-1.5303032622531232,1.7375325383407172
C101813,1,Mid-Value Occasional Shoppers,-0.5267762804331173,0.7431338067937627
C101814,1,Mid-Value Occasional Shoppers,-0.9125334060986128,-1.3644634248217289
C101815,1,Mid-Value Occasional Shoppers,0.38825861505322534,-0.22058729237608904
C101816,1,Mid-Value Occasional Shoppers,-1.0057318393618013,-1.517189221184189
C101817,1,Mid-Value Occasional Shoppers,-0.1481488800917375,-0.5858894836250585
C101818,1,Mid-Value Occasional Shoppers,-0.14981123596964172,0.37872905221836356
C101819,1,Mid-Value Occasional Shoppers,1.8547407848714652,0.5655741232631825
C101820,1,Mid-Value Occasional Shoppers,-0.8642247295791565,-1.121803708208113
C101821,3,High-Value Loyalists,3.6718134242132794,-0.12110973218982296
C101822,1,Mid-Value Occasional Shoppers,0.4548355364274161,0.338975939299127
C101823,2,Low-Engagement / Dormant,-0.6771697350819511,1.9655392251335935
C101825,2,Low-Engagement / Dormant,-1.4182312258067622,2.982636399483071
C101826,1,Mid-Value Occasional Shoppers,-1.1931410448920063,-1.2660945758132378
C101827,1,Mid-Value Occasional Shoppers,-0.4306634380111146,-0.7925033250438792
C101828,1,Mid-Value Occasional Shoppers,0.28807131203512765,1.144675445735688
C101829,1,Mid-Value Occasional Shoppers,-0.13070347692118964,-0.8760808712762362
C101830,1,Mid-Value Occasional Shoppers,0.7022241606531232,-0.7461334437635118
C101831,2,Low-Engagement / Dormant,-1.903900363114169,2.5420394529263843
C101832,0,Low-Engagement / Dormant,-1.98927571153557,-0.19644364507616094
C101833,0,Low-Engagement / Dormant,-2.984174817947666,1.402303282399286
C101834,1,Mid-Value Occasional Shoppers,-0.18584572891931408,0.11950856584008232
C101835,1,Mid-Value Occasional Shoppers,-0.44104536259272087,-0.11769446305101054
C101836,1,Mid-Value Occasional Shoppers,0.37984658073558986,-1.2219769567393188
C101837,1,Mid-Value Occasional Shoppers,0.11282581494832575,-0.7360650757288026
C101838,2,Low-Engagement / Dormant,-1.8355532126815042,1.897317292719011
C101839,0,Low-Engagement / Dormant,-2.6394096886056437,-1.9839979828976624
C101840,0,Low-Engagement / Dormant,-1.9550966224249209,-0.990372259180911
C101841,1,Mid-Value Occasional Shoppers,-1.9578764183103037,-1.5405417010356666
C101842,1,Mid-Value Occasional Shoppers,-0.5837554839526513,-0.4151909948901731
C101843,3,High-Value Loyalists,4.324707414370389,-0.34839214960671255
C101844,1,Mid-Value Occasional Shoppers,-0.5528774958752627,-1.6032286968553517
C101845,1,Mid-Value Occasional Shoppers,-0.6028671296562006,0.7789864032182778
C101846,1,Mid-Value Occasional Shoppers,-0.5371798736516215,0.7612141807672901
C101847,1,Mid-Value Occasional Shoppers,0.5060620392768436,-0.4421135820480164
C101849,1,Mid-Value Occasional Shoppers,1.3293783014198068,-0.8068206975767652
C101850,1,Mid-Value Occasional Shoppers,0.5709162299488938,0.25438555099173477
C101851,3,High-Value Loyalists,3.8571522337322808,-0.59740329148821
C101852,2,Low-Engagement / Dormant,-3.0623422872128994,2.1700682839906356
C101853,1,Mid-Value Occasional Shoppers,1.6536809061885247,-0.888431522275249
C101854,1,Mid-Value Occasional Shoppers,1.10933024447037,-0.02432973303737863
C101855,1,Mid-Value Occasional Shoppers,-0.1056028729517272,0.0343068906791516
C101856,2,Low-Engagement / Dormant,-0.9719110935855753,1.0523531255538991
C101857,1,Mid-Value Occasional Shoppers,-0.21013355504642436,0.03962470557128758
C101859,1,Mid-Value Occasional Shoppers,-0.22141758982859208,0.21426877912769318
C101860,3,High-Value Loyalists,3.229626377239794,0.4861963725861985
C101861,3,High-Value Loyalists,2.6991845110743014,-0.3003125377978024
C101862,1,Mid-Value Occasional Shoppers,-0.7690938206100708,-0.5044227667733339
C101863,3,High-Value Loyalists,3.8122267275369897,0.5928444605659065
C101864,1,Mid-Value Occasional Shoppers,-0.3674899633314848,1.0475051921266105
C101865,2,Low-Engagement / Dormant,-0.8594963789620632,1.514189771047478
C101866,2,Low-Engagement / Dormant,-1.7753684887317118,1.6420439946345187
C101867,1,Mid-Value Occasional Shoppers,0.57505490429542,-0.9742283934727264
C101869,2,Low-Engagement / Dormant,-1.320140726883681,1.8377411576665936
C101870,1,Mid-Value Occasional Shoppers,-0.8355880400669947,-1.7277437315834645
C101871,3,High-Value Loyalists,1.8237130811931663,0.1731955289981139
C101872,1,Mid-Value Occasional Shoppers,-0.19835604026103257,-0.6565285247406584
C101873,1,Mid-Value Occasional Shoppers,0.5094194726603,-0.9099106047646845
C101874,1,Mid-Value Occasional Shoppers,-1.8998144793432146,-0.4069467696683275
C101875,1,Mid-Value Occasional Shoppers,-0.3007913973682779,-1.29053284377811
C101876,3,High-Value Loyalists,1.8726206973854074,-0.7060703282183938
C101877,1,Mid-Value Occasional Shoppers,-0.0666623619740714,0.1949821410902047
C101878,1,Mid-Value Occasional Shoppers,1.5484970075392785,-0.4661058062348095
C101879,1,Mid-Value Occasional Shoppers,-1.1564414949950075,-1.6086012151029805
C101881,1,Mid-Value Occasional Shoppers,-1.1343080555066387,-1.7342132970706394
C101882,3,High-Value Loyalists,3.0184570328538594,0.46033521868420313
C101883,1,Mid-Value Occasional Shoppers,-0.7278272812660875,0.03343558936046008
C101884,2,Low-Engagement / Dormant,-2.4866416293289073,2.948092453187021
C101885,1,Mid-Value Occasional Shoppers,0.31218549263793716,-0.5645031948020357
C101887,2,Low-Engagement / Dormant,-0.008386434958182039,2.574444624039166
C101888,1,Mid-Value Occasional Shoppers,-1.044160226082134,-0.6584480173436418
C101889,0,Low-Engagement / Dormant,-2.626985719980706,-2.1060268573227776
C101890,1,Mid-Value Occasional Shoppers,-1.1015216963766437,-1.3533772976307457
C101891,1,Mid-Value Occasional Shoppers,1.0288919376233032,-0.1496990381721616
C101892,1,Mid-Value Occasional Shoppers,1.4045091778046705,0.43464347659444935
C101893,1,Mid-Value Occasional Shoppers,-0.9777172591909293,-1.4919649478367694
C101894,0,Low-Engagement / Dormant,-2.6430333461212503,-1.9484062278570038
C101895,1,Mid-Value Occasional Shoppers,1.2114078478533978,-0.699379933551409
C101897,3,High-Value Loyalists,2.149178786338469,0.6724329489728945
C101898,1,Mid-Value Occasional Shoppers,-0.33868336903282575,-0.763148074669429
C101899,3,High-Value Loyalists,5.100586905016482,0.7059682778073704
C101900,0,Low-Engagement / Dormant,-2.633197704293175,-2.04501242011022
C101901,1,Mid-Value Occasional Shoppers,1.2401878780215188,-1.166187880122797
C101902,1,Mid-Value Occasional Shoppers,-1.5084267713607216,-1.4689873305157344
C101903,1,Mid-Value Occasional Shoppers,0.6163730540799769,-0.7242223006065116
C101904,1,Mid-Value Occasional Shoppers,-0.1282022147439147,0.4299647367636753
C101905,1,Mid-Value Occasional Shoppers,0.5377989553089682,0.9188459962159753
C101906,1,Mid-Value Occasional Shoppers,0.003129151141214914,-0.2750520496792946
C101907,1,Mid-Value Occasional Shoppers,-0.15720908788225824,-1.2491604750396592
C101908,2,Low-Engagement / Dormant,-1.78982652454596,3.471025285876263
C101909,0,Low-Engagement / Dormant,-1.727324672211761,-1.3611590543930256
C101910,1,Mid-Value Occasional Shoppers,-0.2315624079185161,0.5000244647906312
C101911,2,Low-Engagement / Dormant,-1.5233343631545964,0.7267057628337932
C101912,1,Mid-Value Occasional Shoppers,-0.4414106274589048,0.3991371254184163
C101913,1,Mid-Value Occasional Shoppers,-0.1907256499624868,0.48026270429281803
C101914,1,Mid-Value Occasional Shoppers,0.391747090441847,-0.5187042543315058
C101915,2,Low-Engagement / Dormant,-3.2523254741025722,4.0360931554080235
C101916,1,Mid-Value Occasional Shoppers,0.16897986753718583,-0.5929366106973732
C101917,1,Mid-Value Occasional Shoppers,-0.3460165375615182,-0.5645805520105381
C101918,1,Mid-Value Occasional Shoppers,-0.15804769130962062,-1.2409063138180372
C101919,3,High-Value Loyalists,2.3023062947804727,-0.23993553510185564
C101920,1,Mid-Value Occasional Shoppers,-0.40354458080197103,-1.1436827696823983
C101921,0,Low-Engagement / Dormant,-2.6709872755273603,-1.6738412604004944
C101923,1,Mid-Value Occasional Shoppers,1.1938561802153578,0.10860913625324532
C101924,1,Mid-Value Occasional Shoppers,-1.341208853865407,-1.5769587082102627
C101925,1,Mid-Value Occasional Shoppers,-0.6059992515831306,-0.3455891203966565
C101926,3,High-Value Loyalists,5.5748114788165335,0.6135155512483664
C101927,3,High-Value Loyalists,1.768300822425259,-0.019428095203258562
C101928,1,Mid-Value Occasional Shoppers,0.03812894077424228,-0.9926151579811584
C101929,2,Low-Engagement / Dormant,-2.1472157399036402,2.570248119553594
C101930,1,Mid-Value Occasional Shoppers,-0.7335068239131134,-0.4299325268681068
C101931,1,Mid-Value Occasional Shoppers,-1.0236009357948659,-1.529866209227356
C101932,1,Mid-Value Occasional Shoppers,0.5765164066363816,0.6527882739371222
C101933,1,Mid-Value Occasional Shoppers,-0.6333794233906451,-0.17156541636366457
C101934,1,Mid-Value Occasional Shoppers,0.6330086775231611,0.08737343901087484
C101935,1,Mid-Value Occasional Shoppers,-0.5942350853995202,-0.5127252259426571
C101936,1,Mid-Value Occasional Shoppers,1.4842684299461417,-0.0688227693640325
C101938,1,Mid-Value Occasional Shoppers,0.12646399662709906,1.3105489189596538
C101940,1,Mid-Value Occasional Shoppers,-0.09475762184698355,-1.2137047823601907
C101941,1,Mid-Value Occasional Shoppers,-1.1234659728180911,-1.3191194436844083
C101942,1,Mid-Value Occasional Shoppers,-0.8471339284534158,-1.02456875267268
C101943,1,Mid-Value Occasional Shoppers,1.4944895198500696,0.44906951844353726
C101944,1,Mid-Value Occasional Shoppers,-0.9318250067170112,-1.5352620211745196
C101945,1,Mid-Value Occasional Shoppers,0.5549398945821965,-0.734520528805011
C101947,1,Mid-Value Occasional Shoppers,-1.2538936265440526,-1.630282273871833
C101948,1,Mid-Value Occasional Shoppers,-0.9587616500988208,-1.0820178725736165
C101949,3,High-Value Loyalists,2.7994977083236674,-0.30394053454063846
C101950,3,High-Value Loyalists,5.776742288390302,0.3751888170932777
C101951,1,Mid-Value Occasional Shoppers,0.6577019763862216,0.5421428794831062
C101952,2,Low-Engagement / Dormant,-1.2055446151830242,2.3356950717235496
C101953,1,Mid-Value Occasional Shoppers,-1.9372164341500533,0.29664385939323074
C101954,3,High-Value Loyalists,1.5880351234362078,-0.6687746953943722
C101955,1,Mid-Value Occasional Shoppers,0.8826390710120363,-0.3511031282950971
C101956,3,High-Value Loyalists,3.869024723271865,0.09283968865831685
C101957,1,Mid-Value Occasional Shoppers,-0.5345477237725009,-0.6295783634324711
C101958,1,Mid-Value Occasional Shoppers,-1.7254209546299832,-0.17929674200447457
C101960,1,Mid-Value Occasional Shoppers,-0.22176304121370372,-1.1718289186246904
C101961,1,Mid-Value Occasional Shoppers,-0.5681666236745213,-0.38012054727687217
C101962,0,Low-Engagement / Dormant,-2.3271421907868386,-1.6998859032411158
C101963,3,High-Value Loyalists,2.8128926668039433,-0.33821025785952286
C101964,1,Mid-Value Occasional Shoppers,-0.9785643508475192,-1.6693768242997926
C101965,1,Mid-Value Occasional Shoppers,-0.09954458733429522,0.04947599647564442
C101966,2,Low-Engagement / Dormant,-0.7145996012694353,3.0870317079617955
C101967,2,Low-Engagement / Dormant,-1.6572828216106181,1.3970188677585471
C101968,2,Low-Engagement / Dormant,-0.8198667250855199,2.607019316352541
C101969,1,Mid-Value Occasional Shoppers,1.700637656700954,0.5423738991570967
C101970,1,Mid-Value Occasional Shoppers,-1.0964665337294657,-1.0780430909933818
C101971,1,Mid-Value Occasional Shoppers,-0.5731034528631338,-1.3963158121411297
C101972,3,High-Value Loyalists,4.327472478220902,-0.0031249060360744726
C101973,1,Mid-Value Occasional Shoppers,-0.7359752277174606,-1.6156419887454723
C101974,3,High-Value Loyalists,6.30638145871781,0.624979839326886
C101975,1,Mid-Value Occasional Shoppers,1.5783648453988819,-0.17344991296362813
C101976,1,Mid-Value Occasional Shoppers,0.062374046771691095,-1.0325906981186275
C101977,1,Mid-Value Occasional Shoppers,0.6486971544366505,0.460685740071217
C101978,1,Mid-Value Occasional Shoppers,0.6273207572990133,-1.20140544741792
C101979,0,Low-Engagement / Dormant,-2.674093267683595,-1.6433340417942155
C101980,2,Low-Engagement / Dormant,-1.543532665209035,1.9727151861111427
C101981,3,High-Value Loyalists,3.1345018342596553,0.662269692213833
C101982,0,Low-Engagement / Dormant,-2.6306093774963126,-2.070435102282119
C101983,1,Mid-Value Occasional Shoppers,-0.32329590830038973,-0.5289610875333023
C101984,3,High-Value Loyalists,2.174642980164436,-0.4448112891469598
C101985,3,High-Value Loyalists,3.281023502758798,-0.6400060296331286
C101986,1,Mid-Value Occasional Shoppers,1.6989840898605244,-0.2582851210723127
C101987,1,Mid-Value Occasional Shoppers,0.7804102035816354,-0.7547212235384035
C101988,1,Mid-Value Occasional Shoppers,-1.3549343562125487,0.18992677232822028
C101989,2,Low-Engagement / Dormant,-1.2140087432590905,4.31191547005438
C101990,1,Mid-Value Occasional Shoppers,-0.39656197908836416,0.5649734380762379
C101991,1,Mid-Value Occasional Shoppers,-0.18455224320151656,-0.5237268573081524
C101992,3,High-Value Loyalists,2.189527221209872,0.36088091280016654
C101993,2,Low-Engagement / Dormant,-1.6878113523770142,1.2900775957524393
C101994,1,Mid-Value Occasional Shoppers,0.3254886695837939,-1.3034999087511248
C101995,1,Mid-Value Occasional Shoppers,-0.4757173329600404,-0.8659996500081188
C101996,1,Mid-Value Occasional Shoppers,-0.345597155104206,0.49882275825715405
C101997,3,High-Value Loyalists,4.338215810828433,0.6387837936803115
C101998,1,Mid-Value Occasional Shoppers,1.4534291428987984,-0.7439748407727089
C101999,1,Mid-Value Occasional Shoppers,1.3026587411436794,-0.3800412585323598
C102001,1,Mid-Value Occasional Shoppers,-0.4718226544182486,0.23403605583914977
C102002,0,Low-Engagement / Dormant,-2.636303696449409,-2.0145052015039413
C102003,1,Mid-Value Occasional Shoppers,0.16011656117764786,0.18978961007654555
C102004,1,Mid-Value Occasional Shoppers,0.21121842542552235,-0.3407289656173628
C102005,1,Mid-Value Occasional Shoppers,1.6999848185691344,0.44898060224210734
C102006,1,Mid-Value Occasional Shoppers,-1.2675036563193631,-0.4450579716294291
C102007,1,Mid-Value Occasional Shoppers,1.1297045161955142,0.2928661869103581
C102008,1,Mid-Value Occasional Shoppers,-0.9301293195518571,-0.6049194403016569
C102009,1,Mid-Value Occasional Shoppers,-0.7210738029780102,0.8796945701993303
C102010,3,High-Value Loyalists,5.110890987381335,0.2320055807184633
C102011,2,Low-Engagement / Dormant,-2.2455078243458275,3.0657342289255936
C102012,1,Mid-Value Occasional Shoppers,0.36683544782697797,-0.3973407310976264
C102013,0,Low-Engagement / Dormant,-2.6254327239025885,-2.121280466625917
C102014,1,Mid-Value Occasional Shoppers,1.232911754304477,0.0706721138064336
C102015,3,High-Value Loyalists,2.7562712245885606,-0.404112311537526
C102016,3,High-Value Loyalists,5.329808908489385,0.09551450243610184
C102017,1,Mid-Value Occasional Shoppers,-1.0696324807411093,-1.2622397338764317
C102018,2,Low-Engagement / Dormant,-1.4221951500438619,0.8403379846800125
C102020,2,Low-Engagement / Dormant,-1.3383905786829398,1.972762456133205
C102021,3,High-Value Loyalists,3.7852339718772865,0.4298934970317404
C102022,1,Mid-Value Occasional Shoppers,1.4655660577204543,-0.30431034829159187
C102023,1,Mid-Value Occasional Shoppers,-1.0915394089028467,0.15578349410987177
C102025,1,Mid-Value Occasional Shoppers,-0.40393354682125066,-1.289559610789076
C102026,1,Mid-Value Occasional Shoppers,-0.23200086558326746,-1.316631517463606
C102027,1,Mid-Value Occasional Shoppers,-0.33794961323721834,-0.5728500199156719
C102028,2,Low-Engagement / Dormant,-1.3059372047092632,0.9076590493541982
C102029,1,Mid-Value Occasional Shoppers,0.7271338651076185,0.20784650932361387
C102030,2,Low-Engagement / Dormant,-1.0835713637443682,3.110256205629379
C102031,1,Mid-Value Occasional Shoppers,-0.18294681712432762,0.3194544751618449
C102032,1,Mid-Value Occasional Shoppers,0.08033849024171738,0.015727548253894896
C102033,1,Mid-Value Occasional Shoppers,1.510174566498967,0.5733698057143404
C102034,2,Low-Engagement / Dormant,-0.6406307213046265,1.5193066107854487
C102035,1,Mid-Value Occasional Shoppers,-0.6967865387797949,-0.12699375704991847
C102036,1,Mid-Value Occasional Shoppers,-0.366354577465962,0.18909317912533444
C102038,2,Low-Engagement / Dormant,-2.441758179203945,0.8967132169705166
C102040,1,Mid-Value Occasional Shoppers,-1.0958024668328763,0.5455675724806358
C102041,3,High-Value Loyalists,5.793871433985741,0.5703915196398559
C102042,2,Low-Engagement / Dormant,-1.2567377294228415,2.3248681868339918
C102043,1,Mid-Value Occasional Shoppers,-0.8110921747148632,-0.47352292584014166
C102044,1,Mid-Value Occasional Shoppers,0.674141768768167,-0.7698000948332804
C102045,1,Mid-Value Occasional Shoppers,0.5838317352856192,0.12231704513562608
C102046,1,Mid-Value Occasional Shoppers,-0.3710708112443139,0.028180168746920215
C102047,1,Mid-Value Occasional Shoppers,-1.6608618523613286,-0.7621686457886343
C102048,1,Mid-Value Occasional Shoppers,0.0293958728846364,-0.0750168795276451
C102049,3,High-Value Loyalists,2.8628422601608414,0.6166822146405186
C102050,3,High-Value Loyalists,3.2424275304742527,-0.11987919177967937
C102051,1,Mid-Value Occasional Shoppers,-1.7761804904838008,-1.3616313155855875
C102052,1,Mid-Value Occasional Shoppers,-1.8117740575861625,-0.506280286173428
C102053,1,Mid-Value Occasional Shoppers,-0.1445341938451057,-1.559984485165167
C102054,1,Mid-Value Occasional Shoppers,-0.7652515548107361,-1.4465319603258715
C102055,1,Mid-Value Occasional Shoppers,1.4775587779516455,0.5370282556702277
C102056,2,Low-Engagement / Dormant,-1.2500246242199522,2.4663894564862168
C102057,2,Low-Engagement / Dormant,-0.5410084841887197,3.4062439488630707
C102058,1,Mid-Value Occasional Shoppers,0.6751369830563919,1.0043604129505725
C102059,1,Mid-Value Occasional Shoppers,-0.09244200337167144,-1.6102817449830122
C102060,1,Mid-Value Occasional Shoppers,-1.0507992532173467,-0.24007474613348181
C102061,2,Low-Engagement / Dormant,-1.5935979201917585,2.2709929385776713
C102062,1,Mid-Value Occasional Shoppers,-0.12416358586905622,-1.2471038834633534
C102063,3,High-Value Loyalists,2.671012666432161,-0.9131129358613435
C102064,1,Mid-Value Occasional Shoppers,0.3998952165483381,0.816529650161935
C102065,0,Low-Engagement / Dormant,-2.6466570036368573,-1.9128144728163452
C102066,1,Mid-Value Occasional Shoppers,-1.3882286651750322,-1.3847210854290688
C102067,1,Mid-Value Occasional Shoppers,-0.39520338918362397,-0.4422454527469216
C102068,1,Mid-Value Occasional Shoppers,-0.405718405606205,-0.826768422245806
C102069,3,High-Value Loyalists,2.8488474547380127,-0.22652818161123683
C102070,1,Mid-Value Occasional Shoppers,-0.6830368656051682,-0.6684539486190435
C102071,1,Mid-Value Occasional Shoppers,0.5813340260781557,-0.3313630344599077
C102073,2,Low-Engagement / Dormant,-1.1431783797287391,2.4318662968294227
C102074,2,Low-Engagement / Dormant,-1.1916475541915719,2.5139175612301203
C102076,1,Mid-Value Occasional Shoppers,1.3163221620961134,-0.015373487839317072
C102077,1,Mid-Value Occasional Shoppers,1.2171208644367315,0.22887476285561092
C102078,1,Mid-Value Occasional Shoppers,-1.2281171037533412,-1.139410756484161
C102079,3,High-Value Loyalists,4.399640980166866,0.16716853177534458
C102080,1,Mid-Value Occasional Shoppers,1.6131299726889334,-0.48076234901524445
C102081,3,High-Value Loyalists,3.0414474974425105,0.012826793354196845
C102082,1,Mid-Value Occasional Shoppers,0.5842857023067114,0.17678334889818237
C102084,2,Low-Engagement / Dormant,-1.299708649710048,1.9717064704726155
C102085,2,Low-Engagement / Dormant,-1.9558682458192918,3.125607557967129
C102086,1,Mid-Value Occasional Shoppers,1.1693425456875024,-1.009726623195127
C102087,1,Mid-Value Occasional Shoppers,-1.3681554790352934,-1.2793736445430126
C102088,2,Low-Engagement / Dormant,-2.1332544001093847,4.03665764478967
C102089,1,Mid-Value Occasional Shoppers,1.018050798976331,-0.9554530707939471
C102090,1,Mid-Value Occasional Shoppers,0.7901000233576501,-0.6428848370430958
C102091,1,Mid-Value Occasional Shoppers,-0.015619895380530359,-1.4025298155614498
C102092,2,Low-Engagement / Dormant,-1.2307357933848224,2.489047772152232
C102094,1,Mid-Value Occasional Shoppers,-1.1988704304318678,-0.608579183583286
C102095,1,Mid-Value Occasional Shoppers,0.08967456788043433,-1.135529021306799
C102096,1,Mid-Value Occasional Shoppers,0.2867467447725221,-0.06794797789955503
C102097,1,Mid-Value Occasional Shoppers,-0.6155551293710676,-1.4207851462657064
C102098,1,Mid-Value Occasional Shoppers,-0.926717234780939,-0.3183070070083218
C102099,3,High-Value Loyalists,4.972075849136868,0.39772359080613207
C102100,1,Mid-Value Occasional Shoppers,-1.1522027440039961,-1.4732450062241744
C102101,1,Mid-Value Occasional Shoppers,0.027793628804243294,-0.5546662662619806
C102102,1,Mid-Value Occasional Shoppers,-0.37680702357607115,0.746693523054877
C102103,3,High-Value Loyalists,2.932592597089473,-0.5348776106413995
C102104,2,Low-Engagement / Dormant,-0.9986536388855917,0.933539053011655
C102105,1,Mid-Value Occasional Shoppers,-0.3075019161240039,-0.5973580230730018
C102107,1,Mid-Value Occasional Shoppers,-0.4742114597457311,-0.8243068877493975
C102108,1,Mid-Value Occasional Shoppers,1.455930387735641,0.41842257646955827
C102110,3,High-Value Loyalists,2.090006667852778,-0.5383973860908342
C102111,0,Low-Engagement / Dormant,-2.7869443160267795,-0.534905099099419
C102112,1,Mid-Value Occasional Shoppers,-1.403397767603975,0.21688516713339226
C102113,1,Mid-Value Occasional Shoppers,0.7819704625791697,-0.1221651829480806
C102114,1,Mid-Value Occasional Shoppers,-0.3961687743424289,-0.3227237622670724
C102115,3,High-Value Loyalists,3.225155321103951,-0.5076867872341424
C102116,0,Low-Engagement / Dormant,-1.6690562138789509,-1.9464176550413375
C102117,1,Mid-Value Occasional Shoppers,1.4811286952705414,-0.26455000887818203
C102118,3,High-Value Loyalists,4.597683570367663,0.04952310022959163
C102119,1,Mid-Value Occasional Shoppers,-0.15285748657621342,-0.15406565436573988
C102120,3,High-Value Loyalists,4.849789863936863,0.23259981747137878
C102121,1,Mid-Value Occasional Shoppers,0.08641729389105723,0.11256895495337943
C102122,2,Low-Engagement / Dormant,-1.5621288877987847,2.739250573906767
C102123,1,Mid-Value Occasional Shoppers,1.4529259982263423,0.8470003850039403
C102124,1,Mid-Value Occasional Shoppers,-1.4053249224588278,-0.30803328703452315
C102125,1,Mid-Value Occasional Shoppers,0.5008569392110872,0.8531542448076388
C102126,0,Low-Engagement / Dormant,-1.5869621240111402,-0.3566786493828297
C102127,0,Low-Engagement / Dormant,-3.0308940912615756,-0.9440602957677202
C102128,0,Low-Engagement / Dormant,-2.249675884464736,-0.28769081027606475
C102129,1,Mid-Value Occasional Shoppers,0.5545735642239259,-0.22370483583150474
C102130,1,Mid-Value Occasional Shoppers,0.7897241037679537,0.11914800389105065
C102131,1,Mid-Value Occasional Shoppers,-0.8606006281900016,-1.6823155452091851
C102132,1,Mid-Value Occasional Shoppers,0.23079449327014337,-1.1865763004089704
C102133,1,Mid-Value Occasional Shoppers,-1.1889141142469102,0.44927817787476587
C102134,2,Low-Engagement / Dormant,-1.667825227581292,3.5842785160035766
C102135,2,Low-Engagement / Dormant,-0.8586079772235665,3.5310863017466136
C102136,1,Mid-Value Occasional Shoppers,0.264343442762043,-0.13115758489650434
C102137,2,Low-Engagement / Dormant,-1.2088521073414455,1.8706825414622004
C102138,1,Mid-Value Occasional Shoppers,-0.9210275826287542,-1.5703097547709273
C102139,2,Low-Engagement / Dormant,-1.790518915066897,2.9014009463613153
C102140,1,Mid-Value Occasional Shoppers,0.2615168914196282,0.8772414171347895
C102142,1,Mid-Value Occasional Shoppers,-0.17992830321601008,-1.4966207243025915
C102143,1,Mid-Value Occasional Shoppers,-0.20497266618100016,0.13328078190154005
C102144,1,Mid-Value Occasional Shoppers,0.4641113173901721,0.09144214977655765
C102145,1,Mid-Value Occasional Shoppers,0.036178217822884884,-0.61550166581093
C102146,1,Mid-Value Occasional Shoppers,-0.6596598577637117,-0.9969516249383478
C102147,0,Low-Engagement / Dormant,-2.633197704293175,-2.04501242011022
C102148,1,Mid-Value Occasional Shoppers,-0.9223208325681875,-0.7778049967170239
C102150,1,Mid-Value Occasional Shoppers,0.022083504856359123,1.2069387409217238
C102151,2,Low-Engagement / Dormant,-1.4992266086576005,1.40329695714592
C102152,1,Mid-Value Occasional Shoppers,0.792379960447384,-0.5820411276153349
C102153,1,Mid-Value Occasional Shoppers,0.20446469197588418,1.2055786837959368
C102154,1,Mid-Value Occasional Shoppers,-0.4474031477048371,-0.06339414692483704
C102155,3,High-Value Loyalists,4.088379002429721,0.3112824947223364
C102156,0,Low-Engagement / Dormant,-2.6352683657306644,-2.024674274372701
C102157,1,Mid-Value Occasional Shoppers,0.7751610801882218,0.8394211233302548
C102158,1,Mid-Value Occasional Shoppers,1.38039344707274,0.8157211203440824
C102159,2,Low-Engagement / Dormant,-0.6992165002448518,1.2200026605066772
C102160,1,Mid-Value Occasional Shoppers,-0.04687836390578567,1.3595226897995005
C102161,1,Mid-Value Occasional Shoppers,1.112206384292241,-0.624793508977155
C102162,1,Mid-Value Occasional Shoppers,1.8157284635626905,-0.15155724645000226
C102163,0,Low-Engagement / Dormant,-2.6487276650743468,-1.8924763270788258
C102164,2,Low-Engagement / Dormant,-3.0825312362284234,2.3683652049314476
C102165,1,Mid-Value Occasional Shoppers,0.2537393418155761,-0.5113727284691272
C102166,1,Mid-Value Occasional Shoppers,-0.6839516180107491,-0.6788612253683335
C102167,1,Mid-Value Occasional Shoppers,0.37781259031155945,-0.577925922793124
C102168,1,Mid-Value Occasional Shoppers,-1.510584398184569,-1.0623617867548534
C102169,2,Low-Engagement / Dormant,-1.9343960471328232,3.9889696673712827
C102170,1,Mid-Value Occasional Shoppers,-0.6431916636452005,-0.21139522655012274
C102171,1,Mid-Value Occasional Shoppers,-1.6007182527829291,-0.9760778606338113
C102172,1,Mid-Value Occasional Shoppers,-1.1828679795662764,-1.4734769298171053
C102173,1,Mid-Value Occasional Shoppers,0.8831198175385893,-0.5233693131348893
C102174,1,Mid-Value Occasional Shoppers,-0.4657999005863101,-0.7969095089255681
C102175,0,Low-Engagement / Dormant,-2.680822917355436,-1.5772350681472782
C102176,1,Mid-Value Occasional Shoppers,-0.6782833705574212,-0.37191638941397615
C102177,0,Low-Engagement / Dormant,-2.624397393183844,-2.131449539494677
C102178,2,Low-Engagement / Dormant,-2.293675279304144,3.7292502230935867
C102179,2,Low-Engagement / Dormant,-1.916574022942645,1.5272253476497089
C102180,2,Low-Engagement / Dormant,-1.8738749238213335,2.786802906379082
C102181,2,Low-Engagement / Dormant,-1.0869472042166473,1.5335607650288805
C102182,1,Mid-Value Occasional Shoppers,-0.8776253084495242,0.5098785272733632
C102183,3,High-Value Loyalists,4.344508730110008,-0.0309843130325398
C102184,3,High-Value Loyalists,3.5060979774231105,-0.4161215115311518
C102185,1,Mid-Value Occasional Shoppers,0.5315924226555947,-0.4773229119338412
C102186,1,Mid-Value Occasional Shoppers,-0.6446572688373724,-0.6256547567066563
C102187,0,Low-Engagement / Dormant,-2.6264680546213333,-2.1111113937571573
C102188,1,Mid-Value Occasional Shoppers,-1.3804843751131137,-1.5195705615561277
C102189,1,Mid-Value Occasional Shoppers,0.6848705164322629,-0.2586584510627036
C102190,1,Mid-Value Occasional Shoppers,-0.22905252887113156,0.34363019747286944
C102191,1,Mid-Value Occasional Shoppers,-0.04491981159247411,-1.2970240063316836
C102192,1,Mid-Value Occasional Shoppers,1.2709903321031897,0.3346151242627753
C102193,1,Mid-Value Occasional Shoppers,0.7349899192054478,-0.47006153074336526
C102194,1,Mid-Value Occasional Shoppers,0.2203613314911456,-0.03013911447803037
C102195,3,High-Value Loyalists,2.7768066128595508,0.3263201822142956
C102196,0,Low-Engagement / Dormant,-1.4096171791418484,-0.8422230705220609
C102197,1,Mid-Value Occasional Shoppers,0.46395870850716275,-0.026642731047629917
C102198,1,Mid-Value Occasional Shoppers,0.5858996893507954,0.9238016779653915
C102199,1,Mid-Value Occasional Shoppers,-0.7907042313871084,-0.15016643696791757
C102200,1,Mid-Value Occasional Shoppers,-0.19987591363994409,0.9021231731686442
C102201,1,Mid-Value Occasional Shoppers,0.011298059876644199,-0.5558436159961919
C102202,2,Low-Engagement / Dormant,-1.8682238998076186,3.074596476838611
C102203,1,Mid-Value Occasional Shoppers,-0.2259707016300748,-0.42202219864157325
C102204,1,Mid-Value Occasional Shoppers,-0.5406674087609331,-1.0312260135781395
C102205,1,Mid-Value Occasional Shoppers,1.7268679152709387,0.17278579189588844
C102206,1,Mid-Value Occasional Shoppers,-1.2554648689521057,-1.3808732901464629
C102207,1,Mid-Value Occasional Shoppers,-1.27321169405236,-0.26101622112281586
C102208,0,Low-Engagement / Dormant,-2.6554573147461884,-1.8263773534318886
C102209,3,High-Value Loyalists,5.889697591405371,0.2449811664783973
C102210,1,Mid-Value Occasional Shoppers,-0.6653236510481174,-0.624097142740478
C102211,0,Low-Engagement / Dormant,-2.632680038933802,-2.0500969565446
C102212,1,Mid-Value Occasional Shoppers,-0.7765205279856837,-1.2500746112457966
C102213,1,Mid-Value Occasional Shoppers,0.044000151057082555,0.3310619385650069
C102214,1,Mid-Value Occasional Shoppers,-1.350599483720825,-0.9633781656966918
C102215,1,Mid-Value Occasional Shoppers,0.7737756872225843,0.9766175604017107
C102216,1,Mid-Value Occasional Shoppers,0.6560757222388847,-0.5141857481058376
C102217,1,Mid-Value Occasional Shoppers,-1.123360771621947,0.1538656188255274
C102218,1,Mid-Value Occasional Shoppers,0.12603524714352604,-0.5634266058782702
C102219,1,Mid-Value Occasional Shoppers,-0.7380401744262118,-0.5418325869514413
C102220,1,Mid-Value Occasional Shoppers,1.2476139503547934,0.5771940497878546
C102221,1,Mid-Value Occasional Shoppers,-1.0438091939789136,-0.0777720055042981
C102222,0,Low-Engagement / Dormant,-2.632680038933802,-2.0500969565446
C102223,1,Mid-Value Occasional Shoppers,1.1458004204356707,-0.25873062007342057
C102224,1,Mid-Value Occasional Shoppers,1.2111282386500584,0.3841351607131704
C102226,3,High-Value Loyalists,4.216140371835254,0.5337265899251561
C102227,1,Mid-Value Occasional Shoppers,-0.9344254850354313,-0.10028003264412198
C102228,1,Mid-Value Occasional Shoppers,-0.19334132194654477,-0.46435342439342575
C102229,1,Mid-Value Occasional Shoppers,-0.7229788899691442,-0.07998020605283511
C102230,0,Low-Engagement / Dormant,-2.642515680761878,-1.9534907642913835
C102231,1,Mid-Value Occasional Shoppers,-0.5365300358298255,0.8658077927481006
C102233,3,High-Value Loyalists,1.7319388772812752,0.4964735381476097
C102234,1,Mid-Value Occasional Shoppers,-0.017447402881152846,-1.2506393460405374
C102235,1,Mid-Value Occasional Shoppers,0.3372380481263499,-0.7210882572020662
C102236,2,Low-Engagement / Dormant,-0.9422372185581942,1.2838700167085326
C102237,2,Low-Engagement / Dormant,-2.258068077303751,2.799649172782482
C102238,1,Mid-Value Occasional Shoppers,-0.8709265391535569,-0.4404623318171468
C102239,1,Mid-Value Occasional Shoppers,0.3850996192334687,-0.6584685955320455
C102240,1,Mid-Value Occasional Shoppers,-1.5098776928442925,0.3984975487372795
C102241,2,Low-Engagement / Dormant,-0.036341274311447326,2.1703848781648962
C102242,1,Mid-Value Occasional Shoppers,-1.182895810985722,-0.004408266216638887
C102244,2,Low-Engagement / Dormant,-0.4757345376644579,2.6579814365047354
C102245,1,Mid-Value Occasional Shoppers,-0.8317944070191006,-0.10463008620176754
C102246,2,Low-Engagement / Dormant,-1.2034509258638546,2.1116389289540445
C102247,0,Low-Engagement / Dormant,-2.659080972261795,-1.79078559839123
C102248,1,Mid-Value Occasional Shoppers,1.4139832421766918,0.030620072538370135
C102249,2,Low-Engagement / Dormant,-1.7840011141000458,1.3447793677321778
C102250,1,Mid-Value Occasional Shoppers,0.4218260241475736,-0.9227081999702751
C102251,3,High-Value Loyalists,1.7767215873488218,1.3791415485990772
C102252,0,Low-Engagement / Dormant,-1.5411620259560876,-1.4874511705244167
C102253,1,Mid-Value Occasional Shoppers,-1.3581879394101612,-0.7841165714579201
C102254,1,Mid-Value Occasional Shoppers,-0.054332352010289735,-0.9839309517302072
C102255,1,Mid-Value Occasional Shoppers,-0.4464753886749814,-0.9504058436662445
C102256,1,Mid-Value Occasional Shoppers,-0.25579676879150787,-1.2913206123940677
C102257,1,Mid-Value Occasional Shoppers,-0.4592670215325718,-1.483310677668215
C102258,1,Mid-Value Occasional Shoppers,-1.4027752211173254,0.09653517357829859
C102259,1,Mid-Value Occasional Shoppers,0.9802881746058748,-0.4612519358355675
C102260,1,Mid-Value Occasional Shoppers,1.1186244789627553,-0.4598587768617367
C102261,1,Mid-Value Occasional Shoppers,0.5861946404445547,-0.9650458521071886
C102262,1,Mid-Value Occasional Shoppers,0.861799937761376,0.5002773682970292
C102263,0,Low-Engagement / Dormant,-2.68599957094916,-1.5263897038034804
C102264,1,Mid-Value Occasional Shoppers,0.2678641975358756,-1.1004821340335191
C102265,1,Mid-Value Occasional Shoppers,0.1977155862851572,-0.7388778443093649
C102266,1,Mid-Value Occasional Shoppers,-0.044859832160525887,-0.08722061511151429
C102267,1,Mid-Value Occasional Shoppers,-0.2487593086217029,0.5481411190374783
C102268,1,Mid-Value Occasional Shoppers,-0.5649334581789844,-0.26166878231075896
C102269,1,Mid-Value Occasional Shoppers,-0.36334300638284894,-0.6247266561450927
C102270,1,Mid-Value Occasional Shoppers,0.14225170117162433,-0.8266277312837172
C102271,1,Mid-Value Occasional Shoppers,0.5625792291348177,-1.1259543019589227
C102272,1,Mid-Value Occasional Shoppers,-1.7363470139007988,-1.3258871016893383
C102274,1,Mid-Value Occasional Shoppers,-0.5217012711146934,-1.1487848733457402
C102275,2,Low-Engagement / Dormant,-0.8199690546217365,0.9794387742502989
C102276,1,Mid-Value Occasional Shoppers,-0.6812725982168869,-0.3996707697148843
C102277,3,High-Value Loyalists,1.7007416177149985,-0.676983832179852
C102278,1,Mid-Value Occasional Shoppers,-0.10369531708993855,-0.789852851609149
C102279,1,Mid-Value Occasional Shoppers,-1.31534415885615,-0.8394186876684263
C102280,3,High-Value Loyalists,2.109676793236232,-0.42865617935275474
C102281,1,Mid-Value Occasional Shoppers,-0.3177894044609626,-0.4805099895509765
C102282,3,High-Value Loyalists,5.378620891230734,0.42445072421721464
C102283,1,Mid-Value Occasional Shoppers,-1.5096329048196968,-0.4952436933419462
C102284,1,Mid-Value Occasional Shoppers,1.01014715212621,-0.32359674710558467
C102285,1,Mid-Value Occasional Shoppers,-0.06188056568895349,-0.4674802166613719
C102286,1,Mid-Value Occasional Shoppers,0.11626986459720129,-0.6579688536989532
C102287,1,Mid-Value Occasional Shoppers,0.7755417599959107,0.2817590729724414
C102288,1,Mid-Value Occasional Shoppers,0.21858019587770658,-0.9652818780106797
C102289,1,Mid-Value Occasional Shoppers,-0.25152051890157684,-1.3185320694887261
C102290,1,Mid-Value Occasional Shoppers,-0.305839137308838,0.2668858823037783
C102291,1,Mid-Value Occasional Shoppers,0.6426613824158494,0.3037300908533367
C102292,1,Mid-Value Occasional Shoppers,0.4499308003591526,-0.20144412821796792
C102293,2,Low-Engagement / Dormant,-0.30707282940880287,1.9388693766233385
C102294,2,Low-Engagement / Dormant,-2.290862742735462,2.1125950775850986
C102295,1,Mid-Value Occasional Shoppers,-0.29448645947662005,-0.6015274415174887
C102296,1,Mid-Value Occasional Shoppers,0.3408039674461539,1.2724367562252212
C102297,1,Mid-Value Occasional Shoppers,-0.8736289782459444,-0.20875954849304884
C102298,2,Low-Engagement / Dormant,-3.1068615081189264,2.607338417347299
C102299,1,Mid-Value Occasional Shoppers,-0.8479554987748652,-1.6620766222012329
C102300,1,Mid-Value Occasional Shoppers,0.0897798974495434,-0.8602443974030501
C102301,1,Mid-Value Occasional Shoppers,-0.35007398346227414,0.48354895907731343
C102302,1,Mid-Value Occasional Shoppers,-1.2462182317945028,0.02478671874095223
C102303,3,High-Value Loyalists,1.8030199947053478,0.45835512482856705
C102304,3,High-Value Loyalists,6.238061419089883,0.49766169145732514
C102306,1,Mid-Value Occasional Shoppers,-0.4458883934213844,-1.4883684063115215
C102307,1,Mid-Value Occasional Shoppers,-0.08808473744819253,0.2077351256218675
C102308,3,High-Value Loyalists,2.4270828610525594,-0.08768276851036774
C102309,1,Mid-Value Occasional Shoppers,-0.6809964750879188,0.843148708971484
C102310,3,High-Value Loyalists,2.5228230285386086,-0.24579687307392054
C102311,2,Low-Engagement / Dormant,-2.133758086278241,2.4204975586657644
C102312,1,Mid-Value Occasional Shoppers,-0.2607917288751669,-0.20392322945974597
C102313,1,Mid-Value Occasional Shoppers,0.0002836593779475792,-0.3970007507745244
C102314,3,High-Value Loyalists,3.024605382335883,0.5100663267590947
C102315,1,Mid-Value Occasional Shoppers,-0.5805296362029397,-1.49796457076544
C102316,1,Mid-Value Occasional Shoppers,0.04576672840813931,-0.8824248974723571
C102317,1,Mid-Value Occasional Shoppers,-0.6802494440045416,-1.5275657091950707
C102318,1,Mid-Value Occasional Shoppers,0.6910755282930111,0.5187841082522044
C102319,0,Low-Engagement / Dormant,-1.7247912908198262,-0.5901775236446334
C102320,1,Mid-Value Occasional Shoppers,-0.8861095542762686,-1.3812996849835588
C102321,1,Mid-Value Occasional Shoppers,-0.41616281843816827,0.9742889690203401
C102322,1,Mid-Value Occasional Shoppers,-1.0855026237916177,-0.46586196235979516
C102323,1,Mid-Value Occasional Shoppers,0.44449689158928657,-0.1495128419854507
C102324,1,Mid-Value Occasional Shoppers,-0.9186038583066817,-1.0768386166370294
C102325,3,High-Value Loyalists,1.8963392266358476,-0.44926241529172123
C102326,1,Mid-Value Occasional Shoppers,-1.368975146806267,-1.0266612285398988
C102327,1,Mid-Value Occasional Shoppers,0.761543913157797,0.7426965781301352
C102328,1,Mid-Value Occasional Shoppers,-0.4355677873915705,0.18162073063828013
C102329,1,Mid-Value Occasional Shoppers,0.14380957598974276,0.6797267671747349
C102330,1,Mid-Value Occasional Shoppers,-0.36777361632911393,0.99765429334662
C102331,1,Mid-Value Occasional Shoppers,0.24222282908367465,-0.23622336501145672
C102332,1,Mid-Value Occasional Shoppers,-0.22424567333803805,0.16278848277132685
C102333,1,Mid-Value Occasional Shoppers,0.5482346818454458,0.34602491478804354
C102334,1,Mid-Value Occasional Shoppers,-0.5505752440991084,-0.5867125583036003
C102335,1,Mid-Value Occasional Shoppers,0.6800904956578171,-0.41384499646927975
C102336,1,Mid-Value Occasional Shoppers,-1.195332084082512,-1.0693727550041092
C102337,1,Mid-Value Occasional Shoppers,1.649710149868168,-0.8535220212891129
C102338,3,High-Value Loyalists,5.2053326818940135,0.45957116152657174
C102339,1,Mid-Value Occasional Shoppers,1.3202992490184438,0.7891479664813676
C102340,1,Mid-Value Occasional Shoppers,-0.9321842977751266,0.32804185359810006
C102341,1,Mid-Value Occasional Shoppers,-0.447933898073852,0.11111496069550086
C102342,2,Low-Engagement / Dormant,-1.6093289086469844,2.771731480879684
C102343,1,Mid-Value Occasional Shoppers,-1.0144087667844917,0.5873430468814071
C102344,1,Mid-Value Occasional Shoppers,1.4816684001344955,-0.5898501636051566
C102345,1,Mid-Value Occasional Shoppers,1.3058879735114077,-1.1845664661344018
C102346,3,High-Value Loyalists,4.972181408549065,0.2214230426278938
C102347,1,Mid-Value Occasional Shoppers,-0.632879639130902,-1.1414901142611213
C102348,1,Mid-Value Occasional Shoppers,0.7780726729532605,0.44757809975154533
C102349,1,Mid-Value Occasional Shoppers,-1.121479550475745,0.39677080042481694
C102350,1,Mid-Value Occasional Shoppers,0.7011079362770627,-0.14321919816161516
C102351,1,Mid-Value Occasional Shoppers,-0.5842861989124641,-1.4219005833550786
C102352,3,High-Value Loyalists,3.484968482859335,-0.11358674268222997
C102353,1,Mid-Value Occasional Shoppers,-0.31412809647832357,0.5927758145459318
C102354,2,Low-Engagement / Dormant,-1.367116229939838,1.4560070778847116
C102355,3,High-Value Loyalists,3.3780682489876135,-0.1728879777025833
C102356,2,Low-Engagement / Dormant,-1.1929517909219605,2.9938737659138965
C102357,3,High-Value Loyalists,2.924434849177202,0.19100104542755292
C102358,1,Mid-Value Occasional Shoppers,1.0322110542038525,0.22626130217311077
C102359,3,High-Value Loyalists,2.390369543054462,-0.6305745981352495
C102360,2,Low-Engagement / Dormant,-2.4294914978382574,2.205710487254269
C102361,1,Mid-Value Occasional Shoppers,-0.1579892510002874,0.303506011487393
C102362,1,Mid-Value Occasional Shoppers,0.193336574418743,-1.0478520183918665
C102363,3,High-Value Loyalists,2.2895168473492857,0.16326228904715956
C102364,0,Low-Engagement / Dormant,-2.3277161989363373,-1.6839578161237967
C102365,1,Mid-Value Occasional Shoppers,-1.489171376927672,-1.0408550795858567
C102366,3,High-Value Loyalists,2.570999461756866,0.30107781920895305
C102367,2,Low-Engagement / Dormant,-2.014036575834566,1.7053334804637237
C102368,2,Low-Engagement / Dormant,-0.7654574638071645,1.8978109602715072
C102369,3,High-Value Loyalists,4.0541379433651485,-0.07706447280963476
C102370,1,Mid-Value Occasional Shoppers,0.7320759100418217,-0.2184755307419666
C102371,1,Mid-Value Occasional Shoppers,-0.208910777535412,0.13940006132033586
C102372,2,Low-Engagement / Dormant,-0.8551078916304528,5.340015532134387
C102373,2,Low-Engagement / Dormant,-1.8340352629801073,1.8351106757496831
C102374,1,Mid-Value Occasional Shoppers,1.1930700957664324,-1.070626358949796
C102375,3,High-Value Loyalists,4.163803791675955,-0.030860252862886593
C102376,1,Mid-Value Occasional Shoppers,-0.7001483484416464,-1.3546825059953518
C102377,1,Mid-Value Occasional Shoppers,1.4201598933787691,-0.20967535506850454
C102378,1,Mid-Value Occasional Shoppers,-0.7818490416089082,-1.3829562575921588
C102379,1,Mid-Value Occasional Shoppers,0.31978052663452816,0.6562518879256961
C102380,3,High-Value Loyalists,1.9995334473636899,-0.7693892024467569
C102381,1,Mid-Value Occasional Shoppers,-0.46657786597692147,0.7033258868530846
C102382,2,Low-Engagement / Dormant,-1.8292889860652544,3.4090933823561778
C102383,0,Low-Engagement / Dormant,-2.637339027168154,-2.0043361286351815
C102384,1,Mid-Value Occasional Shoppers,0.2387470663331874,-0.24464707897084942
C102385,1,Mid-Value Occasional Shoppers,0.09702513564351876,0.03513988848357693
C102386,1,Mid-Value Occasional Shoppers,-0.7463547925722971,-0.5505579420150198
C102387,1,Mid-Value Occasional Shoppers,-0.6473362020394525,-0.24930707459311643
C102388,1,Mid-Value Occasional Shoppers,0.4044640912793422,0.7853077911563413
C102389,0,Low-Engagement / Dormant,-2.6787522559179466,-1.5975732138847976
C102390,1,Mid-Value Occasional Shoppers,-0.21698456913802025,-0.5803616798412146
C102392,1,Mid-Value Occasional Shoppers,0.8432560679272593,-0.30599534766545533
C102393,1,Mid-Value Occasional Shoppers,-0.5495130516604587,-0.9363550923801438
C102394,3,High-Value Loyalists,2.013635322881654,-0.32128381685372315
C102395,1,Mid-Value Occasional Shoppers,-1.1450004653047452,-1.076181010971956
C102396,1,Mid-Value Occasional Shoppers,-0.9819295049934138,-1.2218537639227416
C102397,1,Mid-Value Occasional Shoppers,-1.1844256039788332,-1.9073453031292824
C102398,1,Mid-Value Occasional Shoppers,0.6681800663553512,-0.5768111723477924
C102399,1,Mid-Value Occasional Shoppers,-0.7997848350881543,-1.2032355057409616
C102400,1,Mid-Value Occasional Shoppers,1.7197674839494468,-0.1587787774195103
C102401,3,High-Value Loyalists,2.252933411323695,-0.5703245564106671
C102402,1,Mid-Value Occasional Shoppers,0.36744295985792613,-1.0806595161229298
C102403,3,High-Value Loyalists,5.570161934148039,0.44815703884424224
C102404,1,Mid-Value Occasional Shoppers,-0.29431441871909825,-0.9232787531918051
C102405,3,High-Value Loyalists,2.0339011642446247,1.3167981864011193
C102406,1,Mid-Value Occasional Shoppers,-1.2785906336847732,0.8825224394752895
C102407,1,Mid-Value Occasional Shoppers,0.4854794117730796,-0.2669748537145281
C102408,1,Mid-Value Occasional Shoppers,-0.5158004666279223,-0.3604069221922914
C102409,1,Mid-Value Occasional Shoppers,1.3862168514470747,-0.3840026217227505
C102410,1,Mid-Value Occasional Shoppers,1.3916407871876282,-0.6284736395850288
C102411,1,Mid-Value Occasional Shoppers,-0.5956253509419009,-0.2736647752979984
C102412,1,Mid-Value Occasional Shoppers,-0.6461484134742825,0.5231536375974524
C102413,1,Mid-Value Occasional Shoppers,-1.1176178006688657,-0.12409567692666446
C102414,1,Mid-Value Occasional Shoppers,-0.9353884921321919,-1.4660695542827824
C102415,1,Mid-Value Occasional Shoppers,0.3316850563352361,-0.6258269667706821
C102416,1,Mid-Value Occasional Shoppers,-0.13682017091927254,-0.6724534414073875
C102417,1,Mid-Value Occasional Shoppers,-1.0239180900184235,-1.6775685182182303
C102419,3,High-Value Loyalists,2.2522973466233065,0.5262854703604549
C102420,1,Mid-Value Occasional Shoppers,-0.6959102160141302,-0.8163974462587652
C102421,1,Mid-Value Occasional Shoppers,-0.28567541469200053,0.5353578760026497
C102422,1,Mid-Value Occasional Shoppers,1.2480115144809627,0.4475246260776155
C102423,0,Low-Engagement / Dormant,-2.7284481304176977,-1.1094577161843364
C102424,1,Mid-Value Occasional Shoppers,-0.716029006482584,0.6500013365947327
C102425,1,Mid-Value Occasional Shoppers,-0.6630120620223564,-1.0267457887310674
C102426,1,Mid-Value Occasional Shoppers,-1.2599139832922623,-0.8556282397009427
C102428,1,Mid-Value Occasional Shoppers,-0.6657438736667074,-0.7559563908633072
C102429,1,Mid-Value Occasional Shoppers,-0.8461456545238983,-1.2918443396997317
C102430,3,High-Value Loyalists,5.39064063682825,0.14459122842759733
C102431,0,Low-Engagement / Dormant,-2.6637399604961467,-1.7450247704818118
C102432,2,Low-Engagement / Dormant,-0.6447891270116745,1.295647371094889
C102433,2,Low-Engagement / Dormant,-1.2014363794440732,1.826765132107945
C102434,3,High-Value Loyalists,2.502159155859541,0.6185714138256458
C102435,1,Mid-Value Occasional Shoppers,0.11277295707650521,0.2926492755003244
C102436,1,Mid-Value Occasional Shoppers,0.6426996915671945,-1.0696065895666715
C102437,2,Low-Engagement / Dormant,-1.284887661879938,0.8535134159659364
C102438,1,Mid-Value Occasional Shoppers,-0.10789651393989598,-1.250298684458184
C102439,1,Mid-Value Occasional Shoppers,-0.9108985823240605,-0.2775010054885393
C102440,1,Mid-Value Occasional Shoppers,1.2202196808648282,-0.6896647164787607
C102441,1,Mid-Value Occasional Shoppers,-1.3368734260569735,-1.154176931105605
C102442,1,Mid-Value Occasional Shoppers,-0.7042917601245081,0.26477795672689
C102443,1,Mid-Value Occasional Shoppers,0.9055967231476159,-0.26414620771415465
C102445,1,Mid-Value Occasional Shoppers,-0.26404190339305145,-0.6785447843064866
C102446,1,Mid-Value Occasional Shoppers,-0.3635989309020855,-0.49109782812183994
C102447,3,High-Value Loyalists,3.722858019709072,-0.09517065016059847
C102448,3,High-Value Loyalists,3.9147539352987,0.18331785729542446
C102449,1,Mid-Value Occasional Shoppers,0.05479816968958188,0.3086997021869201
C102450,1,Mid-Value Occasional Shoppers,0.348773494818706,0.45088046372040913
C102451,1,Mid-Value Occasional Shoppers,0.024130962397252837,0.2699166142293171
C102452,1,Mid-Value Occasional Shoppers,-0.7831269066158798,-1.0374003081503822
C102453,1,Mid-Value Occasional Shoppers,0.30749515382993925,0.629775109520638
C102454,1,Mid-Value Occasional Shoppers,1.3483789990352382,-0.8549013596042866
C102455,0,Low-Engagement / Dormant,-2.624397393183844,-2.131449539494677
C102456,1,Mid-Value Occasional Shoppers,-0.517583318918103,-1.1323836237973637
C102457,1,Mid-Value Occasional Shoppers,-0.0829645354791302,0.3737934621868299
C102458,3,High-Value Loyalists,3.8377088836001945,0.4686843392195263
C102459,1,Mid-Value Occasional Shoppers,-0.01211371460739299,-1.4466790660735185
C102460,3,High-Value Loyalists,5.360978819149039,0.7651793943406859
C102461,1,Mid-Value Occasional Shoppers,0.38756994895202806,-1.051343788468482
C102462,1,Mid-Value Occasional Shoppers,0.8098306099522234,-1.0646027044047783
C102463,2,Low-Engagement / Dormant,-0.8230463737332487,1.9492170563345084
C102464,1,Mid-Value Occasional Shoppers,-1.1957863585977577,-0.3973582313603593
C102465,1,Mid-Value Occasional Shoppers,0.16585228936113194,0.8854391526291964
C102466,1,Mid-Value Occasional Shoppers,0.3173232523537222,0.4672249290984215
C102467,0,Low-Engagement / Dormant,-2.7155064964333873,-1.2365711270438315
C102469,1,Mid-Value Occasional Shoppers,1.1257968810854966,0.11567523850160086
C102470,1,Mid-Value Occasional Shoppers,-1.5870836185612127,-1.2556983084841735
C102471,0,Low-Engagement / Dormant,-2.6482099997149744,-1.8975608635132057
C102472,1,Mid-Value Occasional Shoppers,-1.176456731758613,-0.3824124308110518
C102473,1,Mid-Value Occasional Shoppers,0.3248987884338027,0.9028510062669877
C102474,1,Mid-Value Occasional Shoppers,-0.23724867410425393,0.5259578894767277
C102475,1,Mid-Value Occasional Shoppers,0.05176876103774661,-0.6833870541465213
C102477,1,Mid-Value Occasional Shoppers,-1.0671801481428447,-0.5443972257935555
C102478,1,Mid-Value Occasional Shoppers,0.4485287721615909,0.00034091273251896315
C102479,3,High-Value Loyalists,1.627818462869641,0.16869412237491402
C102481,1,Mid-Value Occasional Shoppers,-0.10654909725246409,0.25409403729435837
C102482,1,Mid-Value Occasional Shoppers,-0.6126097818466695,0.9684353267082478
C102484,1,Mid-Value Occasional Shoppers,0.380558082564908,-0.7454310494686333
C102485,1,Mid-Value Occasional Shoppers,1.5944148452743914,0.32456951818979585
C102486,1,Mid-Value Occasional Shoppers,1.4539128438652926,1.05589653670037
C102487,1,Mid-Value Occasional Shoppers,0.8514815747472091,-0.4460443022528698
C102489,1,Mid-Value Occasional Shoppers,0.9816970635136335,-0.0036015130286415624
C102490,1,Mid-Value Occasional Shoppers,-0.8713821694127933,-1.0146323780731372
C102491,2,Low-Engagement / Dormant,-1.5037985434817565,2.0742752044342874
C102492,1,Mid-Value Occasional Shoppers,-0.9967831169275608,-1.4264417143423977
C102493,1,Mid-Value Occasional Shoppers,0.03923136806021494,-1.0000417493221658
C102494,1,Mid-Value Occasional Shoppers,-0.398407066384817,-0.13540739499411197
C102495,1,Mid-Value Occasional Shoppers,0.09302608620620263,-1.0264113791181775
C102496,1,Mid-Value Occasional Shoppers,0.38656384411381606,-0.8208843716720555
C102497,1,Mid-Value Occasional Shoppers,-0.2154244942005977,-0.21534626740841764
C102498,1,Mid-Value Occasional Shoppers,0.1087530490670972,-1.0242007938222073
C102499,1,Mid-Value Occasional Shoppers,-0.9710267530426314,-1.2417908224401082
C102500,1,Mid-Value Occasional Shoppers,-0.5547260468495638,-1.3449917595703091
C102501,3,High-Value Loyalists,2.5556827985012323,0.13786150381906653
C102502,0,Low-Engagement / Dormant,-1.9602708253254195,-0.2564969776590789
C102503,2,Low-Engagement / Dormant,-0.5642386664547429,2.310488631741729
C102504,1,Mid-Value Occasional Shoppers,1.1890742393591487,-0.7171281106590649
C102505,1,Mid-Value Occasional Shoppers,0.6087191622353804,-0.5980033486623296
C102506,1,Mid-Value Occasional Shoppers,-0.2533426749513214,0.544777461161606
C102508,1,Mid-Value Occasional Shoppers,-1.421691967048372,-0.9104926345470408
C102509,3,High-Value Loyalists,6.479393653975555,0.7300960478711919
C102510,2,Low-Engagement / Dormant,-0.6531937656358507,1.5129374549037504
C102511,2,Low-Engagement / Dormant,-1.6802438527675179,2.875719856919121
C102512,1,Mid-Value Occasional Shoppers,-1.0338547428867628,-1.512920352290331
C102513,1,Mid-Value Occasional Shoppers,0.4701450925655998,-0.0632440206833469
C102514,1,Mid-Value Occasional Shoppers,-0.5554935428858527,-1.0163888833906256
C102515,1,Mid-Value Occasional Shoppers,-0.9564233452824603,-1.3908112161622759
C102516,1,Mid-Value Occasional Shoppers,-1.1979692902937884,-0.6164076433280041
C102517,2,Low-Engagement / Dormant,-0.47706803979020174,1.1433809569161029
C102518,2,Low-Engagement / Dormant,-0.8705123750147065,1.8918773184080069
C102519,1,Mid-Value Occasional Shoppers,0.09645350269322191,0.1892937664203266
C102520,1,Mid-Value Occasional Shoppers,-0.34982937599003794,0.41345529318644336
C102521,1,Mid-Value Occasional Shoppers,-1.0040361801109672,-1.1739940348896567
C102522,2,Low-Engagement / Dormant,-1.9571073759752273,3.2972728095783204
C102523,3,High-Value Loyalists,3.999118326130243,-0.41832044742793056
C102524,1,Mid-Value Occasional Shoppers,0.20749761874707123,0.22228249562078967
C102525,1,Mid-Value Occasional Shoppers,-0.24381879966503728,1.1894629377382637
C102526,3,High-Value Loyalists,2.746670862456877,0.1462441359221077
C102527,1,Mid-Value Occasional Shoppers,0.192938867272279,1.0157734687231756
C102528,1,Mid-Value Occasional Shoppers,-0.13733744296538836,-0.6390692440288684
C102529,3,High-Value Loyalists,3.6290215274667856,-0.2681569661229915
C102530,3,High-Value Loyalists,2.301601585792942,-0.32644751692054746
C102531,2,Low-Engagement / Dormant,-2.2462826379061602,1.3862780557470007
C102532,1,Mid-Value Occasional Shoppers,-0.48816719815234083,-1.115208105186331
C102533,1,Mid-Value Occasional Shoppers,-0.9922978041374928,-1.769001808061969
C102534,1,Mid-Value Occasional Shoppers,0.8729212309576806,-0.6978452566615317
C102535,1,Mid-Value Occasional Shoppers,-0.39807235097790516,-0.8702785825899662
C102536,1,Mid-Value Occasional Shoppers,-0.286838959956671,-1.089614578259429
C102537,1,Mid-Value Occasional Shoppers,-0.5015424211872105,-0.7758976147444315
C102538,1,Mid-Value Occasional Shoppers,1.1302328193860507,0.5197203763481525
C102540,3,High-Value Loyalists,6.541732455766366,0.4529778343365174
C102541,1,Mid-Value Occasional Shoppers,0.403563470302516,0.026413388854574598
C102542,1,Mid-Value Occasional Shoppers,-0.604519631621476,-0.7222623018727345
C102543,3,High-Value Loyalists,3.330489781231652,-0.22657190182378878
C102544,2,Low-Engagement / Dormant,-1.0486100998920034,1.507324882891583
C102545,1,Mid-Value Occasional Shoppers,-0.875184886956604,-1.7916683677979226
C102546,3,High-Value Loyalists,1.990932853071954,0.4445696273901366
C102547,3,High-Value Loyalists,1.9044468925352476,0.15781362166001578
C102549,1,Mid-Value Occasional Shoppers,0.09505420993954382,-1.0785225391499802
C102550,1,Mid-Value Occasional Shoppers,0.5143557217793805,1.3289257416440465
C102551,1,Mid-Value Occasional Shoppers,-0.9679309797466111,-1.3001224612201592
C102553,2,Low-Engagement / Dormant,-3.1912409616966286,3.4361178561512062
C102554,0,Low-Engagement / Dormant,-2.980551160432059,1.3667115273586272
C102555,1,Mid-Value Occasional Shoppers,0.47340284224404683,-0.19403335329095966
C102556,3,High-Value Loyalists,4.33496727541616,0.43188701659951517
C102557,1,Mid-Value Occasional Shoppers,0.32003176927881166,0.4389472666122709
C102558,1,Mid-Value Occasional Shoppers,1.112106465725236,0.4234757566789126
C102559,1,Mid-Value Occasional Shoppers,0.6258043214424597,0.8736495648661985
C102560,3,High-Value Loyalists,2.788376489390526,-0.3247556980536215
C102561,0,Low-Engagement / Dormant,-2.9474205774322253,1.04130119555832
C102562,3,High-Value Loyalists,2.1998837421744444,0.2892557754273855
C102563,2,Low-Engagement / Dormant,-2.6030722958049815,2.5348842658457635
C102564,2,Low-Engagement / Dormant,-1.0432772528204612,0.963208918887374
C102565,1,Mid-Value Occasional Shoppers,-0.35366439672352074,-1.163585237584386
C102566,1,Mid-Value Occasional Shoppers,0.5077398547149089,0.48407750139482436
C102567,0,Low-Engagement / Dormant,-1.360868244795104,-1.8454768271781463
C102568,3,High-Value Loyalists,2.0486023494403214,-0.6567381399621038
C102569,1,Mid-Value Occasional Shoppers,-0.8583088507985625,-1.1582172974047884
C102570,1,Mid-Value Occasional Shoppers,-0.05222260515300524,-0.6753628196192276
C102571,1,Mid-Value Occasional Shoppers,1.0246241934405345,1.1090220003462947
C102572,1,Mid-Value Occasional Shoppers,-0.08324196459258186,-0.30580666332503
C102573,2,Low-Engagement / Dormant,-1.9292669317639668,2.1731637694469415
C102574,1,Mid-Value Occasional Shoppers,1.7562669493941294,0.573105140620495
C102575,2,Low-Engagement / Dormant,-1.5135803459840642,2.2645221780130194
C102576,3,High-Value Loyalists,3.5448382156338836,-0.24455219193588984
C102577,1,Mid-Value Occasional Shoppers,1.4980671324101527,0.6306206418839813
C102578,1,Mid-Value Occasional Shoppers,1.336039997432101,1.0072147076893403
C102579,1,Mid-Value Occasional Shoppers,-1.1050729872311036,-1.271511343339413
C102580,1,Mid-Value Occasional Shoppers,0.09173382624992858,-0.632077084541106
C102581,0,Low-Engagement / Dormant,-2.9883161408226453,1.442979573874324
C102582,1,Mid-Value Occasional Shoppers,-0.7750557619962564,-1.7028903844274936
C102583,1,Mid-Value Occasional Shoppers,1.1311674696034486,0.7576077298119
C102584,1,Mid-Value Occasional Shoppers,0.11852650581931029,0.4689872082159492
C102585,1,Mid-Value Occasional Shoppers,-0.8457015243780645,-1.3970480326079964
C102586,1,Mid-Value Occasional Shoppers,-0.11033268918368115,-0.7302221734259845
C102587,1,Mid-Value Occasional Shoppers,-0.6728390768221837,0.38676515608780154
C102588,2,Low-Engagement / Dormant,-1.0965850403320343,2.1625089358319864
C102589,1,Mid-Value Occasional Shoppers,1.255006765839408,0.4870627491976061
C102590,1,Mid-Value Occasional Shoppers,0.21098697743750983,0.1340048831154359
C102591,2,Low-Engagement / Dormant,-1.8090323526677905,4.063515604469245
C102592,1,Mid-Value Occasional Shoppers,-0.41857369815556983,-1.2659789482257426
C102593,1,Mid-Value Occasional Shoppers,-0.3691211297305264,-0.09868842114210603
C102594,1,Mid-Value Occasional Shoppers,-1.2072480263616776,0.04189678432021116
C102595,0,Low-Engagement / Dormant,-2.6636641771259915,-0.685066107089881
C102596,1,Mid-Value Occasional Shoppers,0.2903153784736725,0.7052190376467867
C102597,1,Mid-Value Occasional Shoppers,-0.15628331148091126,0.8386872566842429
C102598,1,Mid-Value Occasional Shoppers,-0.47688837959667385,0.8182925308402299
C102599,0,Low-Engagement / Dormant,-2.6456216729181126,-1.9229835456851048
C102600,1,Mid-Value Occasional Shoppers,0.19602459646435227,-0.4183904222103229
C102601,1,Mid-Value Occasional Shoppers,-0.8234782845377807,-1.253074627515518
C102602,2,Low-Engagement / Dormant,-0.7663517365477992,1.747349444031784
C102603,1,Mid-Value Occasional Shoppers,-0.7049931898380865,-1.2340696399207862
C102604,2,Low-Engagement / Dormant,0.4063052727831926,1.8131579698422755
C102605,1,Mid-Value Occasional Shoppers,0.20030469892245303,0.7817577720804393
C102606,1,Mid-Value Occasional Shoppers,-1.1236598568138965,-0.2319826471558928
C102607,1,Mid-Value Occasional Shoppers,0.9221290073917999,0.5488391920746857
C102608,1,Mid-Value Occasional Shoppers,-1.5408408659311739,-1.0636349494640733
C102609,1,Mid-Value Occasional Shoppers,-0.521899286356296,-1.4015260203696205
C102610,3,High-Value Loyalists,2.264419468886968,-0.6321920311119424
C102611,3,High-Value Loyalists,3.309308151762273,-0.02352420638438027
C102612,1,Mid-Value Occasional Shoppers,0.26831910329401537,1.3280955814134723
C102613,1,Mid-Value Occasional Shoppers,-0.4346118014732619,-0.7827966354306345
C102614,1,Mid-Value Occasional Shoppers,-0.4466599260290505,-0.3249513744325558
C102615,1,Mid-Value Occasional Shoppers,-0.5068176088651275,-1.2914177936108993
C102616,1,Mid-Value Occasional Shoppers,1.3747239475494093,-0.9202082977827494
C102617,2,Low-Engagement / Dormant,-0.3679368559440832,1.1935049064298504
C102618,1,Mid-Value Occasional Shoppers,0.07615358733248505,0.8424554253500746
C102619,1,Mid-Value Occasional Shoppers,-1.1887651125926455,-1.010200583914303
C102620,2,Low-Engagement / Dormant,-0.9892147127295013,2.135110537204556
C102621,0,Low-Engagement / Dormant,-2.6316447082150574,-2.0602660294133597
C102622,2,Low-Engagement / Dormant,-1.9600771835543052,2.888062308135223
C102623,1,Mid-Value Occasional Shoppers,-0.06994011915328639,-0.9290955384638426
C102625,1,Mid-Value Occasional Shoppers,0.20601713898526514,0.012676852273547432
C102626,1,Mid-Value Occasional Shoppers,0.2129135598271453,1.3555681736917649
C102627,1,Mid-Value Occasional Shoppers,-0.7684391392543023,-1.7906192381861739
C102628,3,High-Value Loyalists,2.1351796028595764,0.17031839754029562
C102629,0,Low-Engagement / Dormant,-2.904972017963688,0.6243692079391764
C102631,1,Mid-Value Occasional Shoppers,-1.0726798176668044,-0.7671448360063562
C102632,2,Low-Engagement / Dormant,-2.552090909437199,3.645309307431325
C102633,1,Mid-Value Occasional Shoppers,-0.28150135226213713,-1.2313575613017351
C102634,1,Mid-Value Occasional Shoppers,-0.023998486464791777,0.9337736156889517
C102635,1,Mid-Value Occasional Shoppers,-0.4417035015046042,-0.9841077475894392
C102636,2,Low-Engagement / Dormant,-1.9224286269077946,0.32430355126869626
C102637,3,High-Value Loyalists,2.9444386664651585,0.03068169046014591
C102638,0,Low-Engagement / Dormant,-2.9743391761195905,1.3056970901460698
C102639,3,High-Value Loyalists,6.989070743141569,0.47521028445318253
C102641,1,Mid-Value Occasional Shoppers,0.6847626525942709,0.16416346236515145
C102642,2,Low-Engagement / Dormant,-1.3202577793511903,1.819888724822849
C102643,1,Mid-Value Occasional Shoppers,-0.12038596608402173,0.6218714691917143
C102644,1,Mid-Value Occasional Shoppers,0.675088467447863,-0.9535011636411572
C102645,1,Mid-Value Occasional Shoppers,-0.01687989645506939,-0.3195591726332183
C102646,1,Mid-Value Occasional Shoppers,1.3387691051733979,-0.3550887079509716
C102647,1,Mid-Value Occasional Shoppers,-0.28996206355839876,-0.4758830701147323
C102648,0,Low-Engagement / Dormant,-2.685481905589788,-1.53147424023786
C102649,1,Mid-Value Occasional Shoppers,0.3249075386133662,0.02059599444847406
C102650,1,Mid-Value Occasional Shoppers,-0.8303514281545453,-1.369886033824392
C102651,1,Mid-Value Occasional Shoppers,-0.996450255215979,-1.0830978879663495
C102653,0,Low-Engagement / Dormant,-2.4156592243903328,-1.3540516888750924
C102654,1,Mid-Value Occasional Shoppers,-0.6981335520653151,-0.9922526519617068
C102655,1,Mid-Value Occasional Shoppers,1.1827656468699297,0.5226234917343624
C102656,1,Mid-Value Occasional Shoppers,-0.5873590031735076,-0.9528011308858773
C102657,1,Mid-Value Occasional Shoppers,-0.049657779714244246,-0.9364600018441677
C102658,1,Mid-Value Occasional Shoppers,-0.5354539314220459,1.01529700946606
C102659,1,Mid-Value Occasional Shoppers,-0.6243346979835469,-0.6529811759870968
C102660,2,Low-Engagement / Dormant,-1.3686830969336499,3.142442531311653
C102661,3,High-Value Loyalists,3.134188805870062,-0.6445774752577627
C102662,1,Mid-Value Occasional Shoppers,-1.2120706414056193,-0.8873108405578821
C102663,3,High-Value Loyalists,2.9143294794147687,0.2311072346735596
C102664,1,Mid-Value Occasional Shoppers,0.9511687841200647,0.16780457071029523
C102665,1,Mid-Value Occasional Shoppers,0.3452466462986026,-1.2092072814823152
C102666,1,Mid-Value Occasional Shoppers,0.1942897173523951,-0.534654648783498
C102668,3,High-Value Loyalists,4.81478074322129,0.8151529892346017
C102669,1,Mid-Value Occasional Shoppers,-0.27220044199255633,-0.8646843653682642
C102670,1,Mid-Value Occasional Shoppers,0.07292231593602846,-1.2988363106045577
C102671,0,Low-Engagement / Dormant,-2.64510400755874,-1.9280680821194844
C102672,1,Mid-Value Occasional Shoppers,1.708999537913977,0.7602907552297964
C102674,1,Mid-Value Occasional Shoppers,-0.519694298127927,-0.3286724838127273
C102675,3,High-Value Loyalists,2.02517951263284,0.16917194314137074
C102676,1,Mid-Value Occasional Shoppers,1.4140348072874331,-0.1088231679025282
C102677,0,Low-Engagement / Dormant,-2.8314635369328065,-0.09763496574275583
C102678,1,Mid-Value Occasional Shoppers,0.6825733331408491,-0.8322395520869035
C102679,1,Mid-Value Occasional Shoppers,-0.6575747654460694,-0.6223976150926614
C102680,2,Low-Engagement / Dormant,0.18807484794043983,1.5384604090715595
C102682,3,High-Value Loyalists,4.684910678743457,0.10581545024109107
C102683,1,Mid-Value Occasional Shoppers,0.5964622395420894,0.8753815797007514
C102684,2,Low-Engagement / Dormant,-1.8510966763260184,0.20354845046274406
C102685,3,High-Value Loyalists,2.2996221228189926,-0.30851027461627695
C102686,1,Mid-Value Occasional Shoppers,-0.5151844878999847,-0.7747527623643317
C102687,1,Mid-Value Occasional Shoppers,-0.801465458003823,-1.564468552079593
C102688,1,Mid-Value Occasional Shoppers,0.15982574475012656,0.8873394039277483
C102689,1,Mid-Value Occasional Shoppers,-1.0891461281753312,0.225982266080191
C102690,1,Mid-Value Occasional Shoppers,-0.030475930272174417,-0.4203006639359107
C102691,1,Mid-Value Occasional Shoppers,-0.7625621975064546,-1.0066291754767647
C102692,2,Low-Engagement / Dormant,-1.8406572447062468,0.49640303174590045
C102693,1,Mid-Value Occasional Shoppers,0.5901672289721986,-0.08951170406999522
C102694,1,Mid-Value Occasional Shoppers,0.016839059763004004,-0.9722580185190993
C102696,3,High-Value Loyalists,1.708301219471216,-0.4009556360602684
C102697,0,Low-Engagement / Dormant,-2.667881283371126,-1.704348479006773
C102698,1,Mid-Value Occasional Shoppers,-0.8784939884355458,-1.1162537270295367
C102699,1,Mid-Value Occasional Shoppers,-0.5567633855450922,0.2751107933795871
C102700,3,High-Value Loyalists,4.091228300090835,-0.20575697206072746
C102701,1,Mid-Value Occasional Shoppers,1.0291125990478762,-0.9322190111879322
C102702,1,Mid-Value Occasional Shoppers,0.6085515469344666,0.5885834200282812
C102703,1,Mid-Value Occasional Shoppers,1.0912367670042216,0.24595153541541645
C102704,1,Mid-Value Occasional Shoppers,1.0785951336421418,0.29920011611659125
C102705,1,Mid-Value Occasional Shoppers,-0.062450409330641,-0.34829550129978
C102706,1,Mid-Value Occasional Shoppers,0.9948138864835067,0.26870083386097154
C102707,1,Mid-Value Occasional Shoppers,-1.6582371733050747,-0.04250749331052275
C102708,1,Mid-Value Occasional Shoppers,-1.411437383539511,-1.3377809162571483
C102709,1,Mid-Value Occasional Shoppers,-1.630569345329205,-0.9234309235995546
C102710,0,Low-Engagement / Dormant,-2.624915058543216,-2.1263650030602967
C102711,1,Mid-Value Occasional Shoppers,0.07006293813392651,1.2832446788954823
C102712,1,Mid-Value Occasional Shoppers,1.268378317923285,-0.48276130251004606
C102713,1,Mid-Value Occasional Shoppers,1.2408406897902065,0.19225317877209458
C102714,1,Mid-Value Occasional Shoppers,-0.5383086897991344,-1.3115362451387858
C102715,1,Mid-Value Occasional Shoppers,-0.22322101929481594,-0.7218024050770114
C102716,1,Mid-Value Occasional Shoppers,0.6738612823792007,0.031766843858296576
C102717,1,Mid-Value Occasional Shoppers,-1.031333815802675,0.06519480950960826
C102718,1,Mid-Value Occasional Shoppers,-0.4921762842825731,-0.6466814617829458
C102719,1,Mid-Value Occasional Shoppers,-0.3142907213498915,-0.47165078629472984
C102720,1,Mid-Value Occasional Shoppers,-0.21398832082109728,-0.29057563668189657
C102721,3,High-Value Loyalists,5.024841553710555,0.511858340164021
C102722,3,High-Value Loyalists,2.956484530996225,-0.378463325567065
C102723,1,Mid-Value Occasional Shoppers,-0.4950310570201951,0.05950969713750602
C102724,1,Mid-Value Occasional Shoppers,-1.002285899120904,0.1144548514903306
C102725,1,Mid-Value Occasional Shoppers,-0.6942864153447608,-1.3513716081681642
C102726,0,Low-Engagement / Dormant,-1.789366255273652,-1.0352841059584692
C102727,3,High-Value Loyalists,4.918214484257898,0.562968810902711
C102728,1,Mid-Value Occasional Shoppers,-1.163830894859606,-1.2973476344228212
C102729,1,Mid-Value Occasional Shoppers,-0.7776123175893085,0.7811572576622854
C102730,1,Mid-Value Occasional Shoppers,0.49583881264281177,-0.0965106524033943
C102731,0,Low-Engagement / Dormant,-1.8748535021313533,-1.7569780375818513
C102732,1,Mid-Value Occasional Shoppers,-0.7862960051318648,-1.050769003293828
C102733,1,Mid-Value Occasional Shoppers,-0.30003913228546125,0.5010267856138984
C102734,1,Mid-Value Occasional Shoppers,1.0341729021897192,0.03403554600614182
C102735,1,Mid-Value Occasional Shoppers,1.0340176116096802,-1.0456431318766812
C102736,1,Mid-Value Occasional Shoppers,0.27229798195207094,-0.6898702064308457
C102737,1,Mid-Value Occasional Shoppers,0.12468018686394433,0.44756380152828734
C102738,1,Mid-Value Occasional Shoppers,0.6358265749514616,-0.5411333439629442
C102739,1,Mid-Value Occasional Shoppers,-0.48822082077076007,-1.7338053681842303
C102740,1,Mid-Value Occasional Shoppers,0.009182619620056011,0.3520305897216662
C102741,1,Mid-Value Occasional Shoppers,-0.3570107919418587,-1.2023015346392198
C102742,1,Mid-Value Occasional Shoppers,0.30226436028991843,0.5493295904139874
C102743,1,Mid-Value Occasional Shoppers,-0.6068635231716172,-1.2043274446440473
C102744,3,High-Value Loyalists,3.0547662926850063,-0.22718635305308743
C102745,1,Mid-Value Occasional Shoppers,-0.48499925198348753,1.0395543691972944
C102746,1,Mid-Value Occasional Shoppers,-0.6257263211698791,-0.5181107319507618
C102747,3,High-Value Loyalists,2.9557518343287694,-0.7271409957827268
C102748,1,Mid-Value Occasional Shoppers,0.39886393445511026,0.08663078242307451
C102749,1,Mid-Value Occasional Shoppers,-0.48728923332557106,-1.0518076148310262
C102750,1,Mid-Value Occasional Shoppers,-0.1888295530568713,-0.7922051431242071
C102751,3,High-Value Loyalists,5.827125240388864,0.11201555400672503
C102752,1,Mid-Value Occasional Shoppers,-1.3735403893186935,-1.1124839316748176
C102753,3,High-Value Loyalists,4.342361226012641,-0.015552823419840692
C102754,1,Mid-Value Occasional Shoppers,0.07491689720465868,-0.26404461478008434
C102755,2,Low-Engagement / Dormant,-0.5256041492652807,2.459066100096547
C102756,1,Mid-Value Occasional Shoppers,0.4774395123482427,-0.3670563633525397
C102758,1,Mid-Value Occasional Shoppers,-0.8736883489438481,0.6993614989241121
C102759,1,Mid-Value Occasional Shoppers,-0.6536123944369217,-0.7544820415356508
C102760,2,Low-Engagement / Dormant,-0.46368523586163257,1.553435567241176
C102761,1,Mid-Value Occasional Shoppers,-0.02804612668239587,-0.42931675484068
C102762,1,Mid-Value Occasional Shoppers,-0.05313186305218889,1.043002804239472
C102763,1,Mid-Value Occasional Shoppers,-0.32163642771193596,-0.33154875963977154
C102764,1,Mid-Value Occasional Shoppers,-1.2597191823165657,-1.818475716013172
C102765,1,Mid-Value Occasional Shoppers,0.21791939289772466,0.0564294872869456
C102766,2,Low-Engagement / Dormant,-1.0152503290255719,2.1669274657527278
C102767,1,Mid-Value Occasional Shoppers,0.7661956517265894,-0.32373376917868246
C102768,2,Low-Engagement / Dormant,-0.42485277827691864,2.048225741946523
C102769,1,Mid-Value Occasional Shoppers,-1.094235370370265,-0.14385833721510669
C102770,1,Mid-Value Occasional Shoppers,-0.12814810785952632,1.1911033892813585
C102771,1,Mid-Value Occasional Shoppers,0.977324507645396,-1.0172054817161589
C102772,2,Low-Engagement / Dormant,-2.2779823195232316,3.3931183465578285
C102773,2,Low-Engagement / Dormant,-1.158124994286458,1.7482320337116015
C102774,2,Low-Engagement / Dormant,-0.8201284771499522,3.5407591595345016
C102775,1,Mid-Value Occasional Shoppers,-1.0339870196350143,-1.484628167281463
C102776,1,Mid-Value Occasional Shoppers,-0.8460179806306024,-1.4166623556495317
C102777,0,Low-Engagement / Dormant,-2.2017447951459213,-0.6237324502155115
C102778,2,Low-Engagement / Dormant,-0.4564002049518182,1.4682439704665275
C102779,1,Mid-Value Occasional Shoppers,1.4110148333153576,0.012959756678654776
C102781,1,Mid-Value Occasional Shoppers,-0.05631106743031065,0.27226587243477135
C102782,3,High-Value Loyalists,1.700821956983065,0.5707692558232881
C102783,1,Mid-Value Occasional Shoppers,-0.05520520178757006,1.2819046915589702
C102784,1,Mid-Value Occasional Shoppers,0.28160520919138493,0.38943405912328
C102786,2,Low-Engagement / Dormant,-0.8185230557184642,2.046641434965315
C102787,1,Mid-Value Occasional Shoppers,-0.5295892451141877,-1.7342564577877928
C102788,1,Mid-Value Occasional Shoppers,-0.34416753870735556,-0.6042210860735614
C102789,0,Low-Engagement / Dormant,-2.642515680761878,-1.9534907642913835
C102790,1,Mid-Value Occasional Shoppers,-1.3055188760259477,-0.47206243398917846
C102791,2,Low-Engagement / Dormant,-1.1609181574099017,1.208900840666648
C102792,1,Mid-Value Occasional Shoppers,0.009872121070431752,-1.1951177063770413
C102793,1,Mid-Value Occasional Shoppers,0.6167761573110163,0.6642485307960233
C102794,3,High-Value Loyalists,2.506463410652706,-0.11776975453738917
C102795,1,Mid-Value Occasional Shoppers,-0.27416637292596646,0.4352000238034457
C102796,2,Low-Engagement / Dormant,-0.9710446906063581,1.1463189214821428
C102797,3,High-Value Loyalists,5.882531096986689,0.7343935167569525
C102798,3,High-Value Loyalists,3.4184894965605954,0.35041423298704855
C102799,1,Mid-Value Occasional Shoppers,-0.46710212262946205,0.8615554620428161
C102800,1,Mid-Value Occasional Shoppers,-0.8724117459635188,0.2728984913433258
C102801,2,Low-Engagement / Dormant,-0.17289738922958603,1.6590681088431112
C102802,2,Low-Engagement / Dormant,-0.7149924778343876,3.237905981381982
C102804,1,Mid-Value Occasional Shoppers,1.354736727538941,0.5342275614108086
C102805,1,Mid-Value Occasional Shoppers,0.5137299988883676,0.5603366663305381
C102806,3,High-Value Loyalists,2.3029076598596876,0.5506403224991053
C102807,3,High-Value Loyalists,3.9347225318602765,0.14213537604185572
C102808,1,Mid-Value Occasional Shoppers,1.3021144899762744,-0.7752628612076365
C102809,1,Mid-Value Occasional Shoppers,-0.5712726113810178,-1.3808349878708561
C102810,0,Low-Engagement / Dormant,-3.0604010167458027,-0.6542417190080716
C102811,1,Mid-Value Occasional Shoppers,1.2604901550763847,-0.8538861510027506
C102812,1,Mid-Value Occasional Shoppers,0.19245254875846218,0.8590882499795242
C102813,1,Mid-Value Occasional Shoppers,-0.5996651670194787,-1.4195918063257882
C102814,1,Mid-Value Occasional Shoppers,0.5952964511773391,1.3990300816840935
C102815,1,Mid-Value Occasional Shoppers,0.21519905632094147,-0.93090117811984
C102816,1,Mid-Value Occasional Shoppers,1.5667707000613635,-0.23432019156753947
C102817,1,Mid-Value Occasional Shoppers,-0.8676378903618528,-1.245063008788173
C102818,2,Low-Engagement / Dormant,-2.134382125575401,1.7345632706498124
C102819,1,Mid-Value Occasional Shoppers,0.08268490017152064,-0.8873187152719703
C102820,0,Low-Engagement / Dormant,-2.96346820357277,1.1989218250240938
C102821,1,Mid-Value Occasional Shoppers,-0.722116609537845,0.48500751096883665
C102822,0,Low-Engagement / Dormant,-2.631127042855685,-2.0653505658477394
C102823,0,Low-Engagement / Dormant,-1.6062819344144557,-0.6015028443453905
C102824,3,High-Value Loyalists,2.7938830488432775,-0.45332937368370735
C102825,1,Mid-Value Occasional Shoppers,-0.9227614138846346,-0.2603674581144518
C102826,1,Mid-Value Occasional Shoppers,0.3633856617742115,-0.9234141995067062
C102827,1,Mid-Value Occasional Shoppers,0.858458174868483,-0.2509245953686573
C102828,3,High-Value Loyalists,4.212552635052292,0.228259111351929
C102829,2,Low-Engagement / Dormant,-1.6821337800305503,0.9400244967076301
C102830,2,Low-Engagement / Dormant,-2.3467278988846374,3.0476756667693112
C102831,1,Mid-Value Occasional Shoppers,0.5888875108807097,0.18927132957170476
C102832,1,Mid-Value Occasional Shoppers,-0.0031849957238263746,-0.45887174797510905
C102833,1,Mid-Value Occasional Shoppers,0.12932640315812763,-1.2759713695766846
C102834,1,Mid-Value Occasional Shoppers,-0.8999921541666795,-1.4165824911908127
C102835,1,Mid-Value Occasional Shoppers,0.30341488611329687,0.3704174385682799
C102836,1,Mid-Value Occasional Shoppers,1.2762024979476945,-0.4273287412809851
C102837,2,Low-Engagement / Dormant,-0.3979199595365094,1.4520086220552781
C102838,1,Mid-Value Occasional Shoppers,-1.581042296368001,-0.8449584521798329
C102839,1,Mid-Value Occasional Shoppers,1.665652249075389,0.13657739434023417
C102840,1,Mid-Value Occasional Shoppers,-0.8207969719144707,-1.3266375922032272
C102841,1,Mid-Value Occasional Shoppers,-0.889861095982526,-0.9012831539459072
C102842,1,Mid-Value Occasional Shoppers,-0.016271103326642316,-0.8861121364635335
C102843,1,Mid-Value Occasional Shoppers,-0.7224266562915659,0.8956422451493332
C102844,0,Low-Engagement / Dormant,-2.621809066386982,-2.1568722216665757
C102845,1,Mid-Value Occasional Shoppers,-0.370951813328672,-1.0292899264150517
C102846,1,Mid-Value Occasional Shoppers,-0.2859814906788367,-0.41782568887686206
C102847,1,Mid-Value Occasional Shoppers,-0.5636808765169771,-1.3521232200805324
C102848,1,Mid-Value Occasional Shoppers,-1.2743483439193766,-1.5036332828375967
C102849,1,Mid-Value Occasional Shoppers,1.5179058054305965,0.7718940389101129
C102850,1,Mid-Value Occasional Shoppers,-0.011288283464495891,-1.1507365653422243
C102851,1,Mid-Value Occasional Shoppers,-0.07952382558457474,-0.7170633643162907
C102852,2,Low-Engagement / Dormant,-0.5386001109399607,2.052235572539735
C102853,2,Low-Engagement / Dormant,-2.26787945252756,1.609286159937752
C102854,1,Mid-Value Occasional Shoppers,-0.5018610138065337,-0.8402418444298991
C102855,2,Low-Engagement / Dormant,-0.34356796835014336,0.9906170917439566
C102856,1,Mid-Value Occasional Shoppers,-0.5108802882138224,0.235863484853656
C102857,1,Mid-Value Occasional Shoppers,-0.27055627497378854,-0.9725750717306484
C102858,1,Mid-Value Occasional Shoppers,0.33568557028318435,-0.8351497382911718
C102859,0,Low-Engagement / Dormant,-2.944443976246384,-1.7931778803091474
C102860,1,Mid-Value Occasional Shoppers,0.1634032471506896,1.16178109505225
C102861,3,High-Value Loyalists,2.316458866325146,-0.05284507735426449
C102863,1,Mid-Value Occasional Shoppers,-0.8842660649218967,-0.25455736445661914
C102864,1,Mid-Value Occasional Shoppers,-0.42104569755915505,0.22744116517400795
C102865,2,Low-Engagement / Dormant,-1.8444823461934905,2.7425516577084035
C102866,1,Mid-Value Occasional Shoppers,0.07009873738544467,-0.33524407376650023
C102867,1,Mid-Value Occasional Shoppers,-0.7809390638644204,-0.2740043867922154
C102868,3,High-Value Loyalists,2.076264151882835,0.021676343522076452
C102869,1,Mid-Value Occasional Shoppers,-0.40574294982139963,-0.2894891176863666
C102870,3,High-Value Loyalists,2.8690528531231445,-0.43710645377915763
C102871,1,Mid-Value Occasional Shoppers,-1.370625887246694,-0.4857728572417663
C102872,2,Low-Engagement / Dormant,-3.1529337251030705,3.0598621600071008
C102873,1,Mid-Value Occasional Shoppers,-1.213013530554295,-0.5434451992770232
C102874,0,Low-Engagement / Dormant,-2.6404450193243885,-1.9738289100289028
C102875,2,Low-Engagement / Dormant,-1.3215161100719648,3.03865244586959
C102876,1,Mid-Value Occasional Shoppers,0.09340780909901251,0.5794949222430451
C102877,1,Mid-Value Occasional Shoppers,-0.9517340828014388,-0.22007820472123663
C102878,1,Mid-Value Occasional Shoppers,-0.8797547199303892,-0.3578476443246836
C102879,1,Mid-Value Occasional Shoppers,-0.6784146478228499,-0.9604606440885599
C102880,3,High-Value Loyalists,1.8352484293753448,-0.5892313207662396
C102881,1,Mid-Value Occasional Shoppers,-1.2195970498274424,-0.6001583056539962
C102882,1,Mid-Value Occasional Shoppers,-0.5633611580282528,-0.7285527307518072
C102883,3,High-Value Loyalists,5.225244454949049,0.4256170278888804
C102884,1,Mid-Value Occasional Shoppers,-0.920032577560449,-1.1963655762773537
C102885,3,High-Value Loyalists,3.9449486768044437,-0.22763152768103126
C102886,3,High-Value Loyalists,3.7408688325967487,0.4496356697479447
C102887,0,Low-Engagement / Dormant,-2.9836571525882936,1.3972187459649064
C102888,1,Mid-Value Occasional Shoppers,-0.7734356307581897,0.9267593965275799
C102889,2,Low-Engagement / Dormant,-1.832899841462888,4.661931974385031
C102891,3,High-Value Loyalists,5.97138954844847,0.20205099773342536
C102892,1,Mid-Value Occasional Shoppers,-0.7783017820908088,0.3215305660695337
C102893,2,Low-Engagement / Dormant,-1.0482887655346484,1.1095973739022609
C102894,0,Low-Engagement / Dormant,-2.995692846824252,-1.289808773305547
C102895,1,Mid-Value Occasional Shoppers,-0.09943930818772274,-1.0702941154394805
C102896,1,Mid-Value Occasional Shoppers,0.07255361976822826,-1.2536878027463596
C102897,3,High-Value Loyalists,3.631212095561871,0.12452272158292088
C102898,1,Mid-Value Occasional Shoppers,-0.7932249006251766,-0.6328606071830482
C102899,1,Mid-Value Occasional Shoppers,-0.4428087908780322,-1.262419322755171
C102900,1,Mid-Value Occasional Shoppers,-0.40590160530198516,-0.2605804577023856
C102901,1,Mid-Value Occasional Shoppers,-0.9757830483915615,-0.35356322499030346
C102902,1,Mid-Value Occasional Shoppers,1.1723518176550087,1.4039492490105585
C102903,0,Low-Engagement / Dormant,-2.7501900755113384,-0.8959071859403847
C102905,1,Mid-Value Occasional Shoppers,-1.0201600180439065,0.2898433028030622
C102906,0,Low-Engagement / Dormant,-2.896171706854357,0.5379320885547197
C102907,0,Low-Engagement / Dormant,-1.1861187761115308,-0.627706308163197
C102908,3,High-Value Loyalists,3.748208490066576,0.6483328334964525
C102909,1,Mid-Value Occasional Shoppers,-0.6307716329137216,0.018232693410630416
C102910,1,Mid-Value Occasional Shoppers,-0.7605639038012469,-0.8188580385334719
C102911,1,Mid-Value Occasional Shoppers,-1.0561737758965273,-1.8736215914136065
C102912,0,Low-Engagement / Dormant,-2.1767762326092073,-1.458756556549946
C102913,1,Mid-Value Occasional Shoppers,-0.8976954948097157,-0.23036993822282137
C102915,1,Mid-Value Occasional Shoppers,0.10865042597052571,-0.4618340945453169
C102916,1,Mid-Value Occasional Shoppers,0.11502096525062254,-0.9466444045291589
C102917,1,Mid-Value Occasional Shoppers,-0.2724265426804897,-0.7479995432837941
C102919,0,Low-Engagement / Dormant,-1.7772541232655121,-0.8391212229057622
C102920,1,Mid-Value Occasional Shoppers,0.6766857864226447,0.8489947760171013
C102921,1,Mid-Value Occasional Shoppers,0.3750070985214446,0.9528887262434502
C102922,0,Low-Engagement / Dormant,-3.2033737245298317,1.4513544353046461
C102923,1,Mid-Value Occasional Shoppers,0.5851682191233794,-0.610150915285875
C102924,1,Mid-Value Occasional Shoppers,-0.06374870065263986,-0.6962555178139628
C102925,2,Low-Engagement / Dormant,-1.0711410209818748,1.1272455614007812
C102926,1,Mid-Value Occasional Shoppers,-0.32673698747092644,0.17693690376955196
C102927,0,Low-Engagement / Dormant,-2.642515680761878,-1.9534907642913835
C102928,1,Mid-Value Occasional Shoppers,0.79039430223062,0.4010240599447243
C102929,1,Mid-Value Occasional Shoppers,0.16244000984700727,0.05041517215430304
C102930,1,Mid-Value Occasional Shoppers,-0.14952331811948386,-0.6136907993887276
C102931,2,Low-Engagement / Dormant,-1.5513214605885284,1.075166666232334
C102934,1,Mid-Value Occasional Shoppers,-0.3346306877777837,-0.05851418017288986
C102935,1,Mid-Value Occasional Shoppers,0.580374863088491,-0.319486518446989
C102936,1,Mid-Value Occasional Shoppers,0.6361960896134425,-0.7847608943080748
C102937,2,Low-Engagement / Dormant,-0.8021020964242714,3.067557479013701
C102938,0,Low-Engagement / Dormant,-2.972786180041473,1.2904434808429306
C102939,3,High-Value Loyalists,1.6543826910755948,0.06956126485213034
C102940,2,Low-Engagement / Dormant,-1.9877748609664914,4.046954043839051
C102941,1,Mid-Value Occasional Shoppers,-0.04781453186366642,1.2674605182224885
C102942,1,Mid-Value Occasional Shoppers,1.051154792385247,-0.47093645735977246
C102943,1,Mid-Value Occasional Shoppers,0.6568249415880429,1.1485761577885623
C102944,1,Mid-Value Occasional Shoppers,-0.3025995241733304,-0.03541537522336002
C102945,1,Mid-Value Occasional Shoppers,-0.17039673906383468,-0.19575226576084173
C102946,2,Low-Engagement / Dormant,-1.52556026818473,1.2501264733880468
C102947,1,Mid-Value Occasional Shoppers,0.07280579413896372,-1.3065496032060784
C102948,1,Mid-Value Occasional Shoppers,-0.381190260699178,-0.45009907209329203
C102949,1,Mid-Value Occasional Shoppers,-0.5776874399686281,-1.3403950100226798
C102950,1,Mid-Value Occasional Shoppers,0.9046480873609345,-1.0089348594889638
C102951,3,High-Value Loyalists,5.627459954004609,0.6643905118067644
C102952,3,High-Value Loyalists,1.711233997207256,0.3297840932291292
C102953,0,Low-Engagement / Dormant,-2.877018088557578,0.34980424048266684
C102955,3,High-Value Loyalists,3.4848874575087705,0.33005618209155185
C102956,3,High-Value Loyalists,4.79932744219874,0.4245476179480618
C102957,1,Mid-Value Occasional Shoppers,-0.5076687712219743,-0.25097473934144027
C102959,2,Low-Engagement / Dormant,-1.015895738409372,2.308857938968224
C102960,3,High-Value Loyalists,2.151095127362984,-0.3181425392287649
C102961,1,Mid-Value Occasional Shoppers,0.6936095488313856,-0.9063832719444049
C102962,1,Mid-Value Occasional Shoppers,0.9815414689077395,0.49430791078955677
C102963,2,Low-Engagement / Dormant,-0.9297121686882737,1.1301273831884162
C102964,1,Mid-Value Occasional Shoppers,0.0820070631920263,-0.2520514515404994
C102965,1,Mid-Value Occasional Shoppers,-0.8772981294559886,-0.7666405022663745
C102966,3,High-Value Loyalists,3.119584596518235,0.07540393262207953
C102967,1,Mid-Value Occasional Shoppers,0.492619654017517,-0.34001012462046754
C102968,1,Mid-Value Occasional Shoppers,-0.5465994752444733,0.951653370533999
C102969,1,Mid-Value Occasional Shoppers,-0.19806037055454134,-1.0296414496406474
C102970,3,High-Value Loyalists,2.1196189695693337,0.701347135661962
C102971,2,Low-Engagement / Dormant,-1.3329681249151144,1.8254375375785814
C102972,1,Mid-Value Occasional Shoppers,0.08861977025384402,0.4773494376367493
C102973,1,Mid-Value Occasional Shoppers,-0.9297105879908281,-1.299093810687082
C102974,0,Low-Engagement / Dormant,-2.6275033853400784,-2.100942320888398
C102975,1,Mid-Value Occasional Shoppers,0.09056812902327893,-0.07333368562631706
C102976,1,Mid-Value Occasional Shoppers,0.3251133492578915,1.3374954657853746
C102977,1,Mid-Value Occasional Shoppers,-0.029501167507096877,-1.154116007192927
C102978,1,Mid-Value Occasional Shoppers,-0.36803451890624517,-0.1359695859946449
C102979,1,Mid-Value Occasional Shoppers,-1.0371761702200297,-1.6123763308341548
C102980,2,Low-Engagement / Dormant,-2.1424374255015026,1.6992908502664472
C102982,1,Mid-Value Occasional Shoppers,-0.5008167925152073,-1.2053715209857274
C102983,1,Mid-Value Occasional Shoppers,1.4227999206810582,0.09111777192109273
C102984,1,Mid-Value Occasional Shoppers,0.03772198711278208,-1.0544858227846905
C102985,2,Low-Engagement / Dormant,-1.1417344247859975,1.0381578268684035
C102986,0,Low-Engagement / Dormant,-2.188524811046345,0.9985264222062648
C102987,3,High-Value Loyalists,4.606561398632196,0.03430294883293733
C102988,1,Mid-Value Occasional Shoppers,-0.41645184312541367,-0.8520918009700325
C102989,3,High-Value Loyalists,5.110137601942446,-0.07732595835485942
C102990,1,Mid-Value Occasional Shoppers,1.4400627199812572,-0.9373841958315783
C102991,1,Mid-Value Occasional Shoppers,-1.387505935847545,0.2288889906551031
C102992,1,Mid-Value Occasional Shoppers,-0.3966136232845778,-1.2466558302752455
C102994,3,High-Value Loyalists,3.3257707693963563,0.7511567615463255
C102996,1,Mid-Value Occasional Shoppers,1.635094038253529,0.5096854973005166
C102997,1,Mid-Value Occasional Shoppers,-0.3261251952349465,-0.05284823577687533
C102998,1,Mid-Value Occasional Shoppers,1.4884518240112,-0.09031081156714563
C102999,3,High-Value Loyalists,2.310375890874983,-0.7211405269352755
C103000,1,Mid-Value Occasional Shoppers,-0.16002453776861716,-1.1745888970373233
C103001,1,Mid-Value Occasional Shoppers,-0.5928481087769498,-0.863875599446265
C103002,3,High-Value Loyalists,4.388659755839559,-0.16273723828837924
C103003,0,Low-Engagement / Dormant,-2.6352683657306644,-2.024674274372701
C103004,2,Low-Engagement / Dormant,-1.7646584344488319,1.7022832719557308
C103005,2,Low-Engagement / Dormant,-1.214511133642132,1.5295929037582199
C103006,1,Mid-Value Occasional Shoppers,-0.6083400885158619,0.2666937812018897
C103007,1,Mid-Value Occasional Shoppers,-0.1312541589766957,-0.7275050424967402
C103008,1,Mid-Value Occasional Shoppers,-0.35055048367965,-0.8250329000917788
C103009,1,Mid-Value Occasional Shoppers,-0.8892033538104415,-1.2756553882944006
C103010,1,Mid-Value Occasional Shoppers,1.1072516237118197,0.07666378462843627
C103011,1,Mid-Value Occasional Shoppers,1.127328078105383,0.14579104621506836
C103012,0,Low-Engagement / Dormant,-2.631127042855685,-2.0653505658477394
C103013,1,Mid-Value Occasional Shoppers,-0.26649185026984684,-0.5084452562291885
C103014,3,High-Value Loyalists,4.7566597607873256,0.14788402753971103
C103016,0,Low-Engagement / Dormant,-2.957256219260301,1.1379073878115364
C103018,1,Mid-Value Occasional Shoppers,-1.356932979881302,-1.6353055744143825
C103019,1,Mid-Value Occasional Shoppers,-1.1093041878541017,-1.3387849502707052
C103020,1,Mid-Value Occasional Shoppers,0.5265101813037459,-0.2725567035088076
C103021,1,Mid-Value Occasional Shoppers,-1.6551869315351313,-0.9246588188374872
C103023,1,Mid-Value Occasional Shoppers,0.00016859577942896593,0.4702005995053867
C103024,1,Mid-Value Occasional Shoppers,0.47698951096047376,1.502952280232652
C103025,3,High-Value Loyalists,3.13468498097771,-0.317441497277172
C103026,1,Mid-Value Occasional Shoppers,-0.349140069696881,-0.6586547997768151
C103027,1,Mid-Value Occasional Shoppers,-0.9986530733138317,-0.8364355282729955
C103028,3,High-Value Loyalists,4.760796826547328,0.5121606886602572
C103029,1,Mid-Value Occasional Shoppers,0.380186007733756,-0.53305676023932
C103030,1,Mid-Value Occasional Shoppers,0.1453653429655072,0.7846429060017797
C103031,1,Mid-Value Occasional Shoppers,0.46831908833757546,-0.49474258113773534
C103032,1,Mid-Value Occasional Shoppers,-0.4119291830817434,-0.9579140637778817
C103033,1,Mid-Value Occasional Shoppers,1.1851021571708213,-1.131096402748543
C103034,1,Mid-Value Occasional Shoppers,0.13316621962651964,-0.10619130948172047
C103035,1,Mid-Value Occasional Shoppers,-0.46273127405512776,0.10195916724931156
C103036,1,Mid-Value Occasional Shoppers,-0.9673500746706406,-0.9998392791238684
C103037,1,Mid-Value Occasional Shoppers,-0.8221795050554438,-1.2052413939713045
C103038,1,Mid-Value Occasional Shoppers,0.06274501587854711,-1.39134959989525
C103039,1,Mid-Value Occasional Shoppers,1.3825572020440589,-0.2035980833023796
C103040,1,Mid-Value Occasional Shoppers,-0.03300223414148285,-0.533970157090253
C103041,0,Low-Engagement / Dormant,-3.035941353884907,1.9107569258372663
C103042,1,Mid-Value Occasional Shoppers,0.1865747391315824,0.17234942803477676
C103043,3,High-Value Loyalists,4.070896263156955,0.26695203260419414
C103044,3,High-Value Loyalists,2.4854793674348366,-0.16750678710343625
C103045,2,Low-Engagement / Dormant,-0.0554042758652447,1.4439002163792005
C103046,1,Mid-Value Occasional Shoppers,-0.4868946023360225,0.25051921384565173
C103047,1,Mid-Value Occasional Shoppers,-1.3310756590369845,-1.0525767742980199
C103049,1,Mid-Value Occasional Shoppers,-1.1676964440157918,0.06297687327091424
C103050,1,Mid-Value Occasional Shoppers,-0.5396357824311673,0.7545069916675886
C103051,2,Low-Engagement / Dormant,-0.6763171331529696,1.1687367679953133
C103052,1,Mid-Value Occasional Shoppers,1.643932582535459,0.6349966216520004
C103053,1,Mid-Value Occasional Shoppers,-0.07932097245068984,0.3121296084110589
C103055,0,Low-Engagement / Dormant,-2.8873713957450264,0.45149496917026305
C103056,3,High-Value Loyalists,2.7564324474240296,0.36554148158217237
C103057,3,High-Value Loyalists,5.129119332194531,0.8215002997399015
C103059,3,High-Value Loyalists,4.20742135956956,-0.19473752839921898
C103060,2,Low-Engagement / Dormant,-0.8292328672601917,2.027980923543449
C103061,1,Mid-Value Occasional Shoppers,0.3203554617346141,0.36643260878664924
C103062,2,Low-Engagement / Dormant,-0.84508013260633,1.7536509305405756
C103063,1,Mid-Value Occasional Shoppers,-1.3218348591974278,0.17607756922412712
C103064,1,Mid-Value Occasional Shoppers,-0.9334608942487469,-1.4059307604106746
C103065,1,Mid-Value Occasional Shoppers,1.0433713827052824,-0.16063079508802283
C103066,1,Mid-Value Occasional Shoppers,-1.3475423723848243,-0.5282075754701927
C103067,3,High-Value Loyalists,3.566942845948431,0.7425840103555891
C103068,2,Low-Engagement / Dormant,-3.2497371473057104,4.010670473236124
C103069,2,Low-Engagement / Dormant,-1.5172763402574414,3.498334251825175
C103070,1,Mid-Value Occasional Shoppers,-0.8891868013249111,-1.5732657100112306
C103071,1,Mid-Value Occasional Shoppers,-0.3769431866855871,-0.8009076777249411
C103072,1,Mid-Value Occasional Shoppers,-0.11707614687330757,-1.243695746638158
C103073,3,High-Value Loyalists,5.561371966074172,0.7587442492085057
C103074,3,High-Value Loyalists,2.86609932955206,0.5649527679478153
C103075,1,Mid-Value Occasional Shoppers,-1.392724907760631,-1.0303359793221176
C103076,2,Low-Engagement / Dormant,-1.15791123598621,2.8718805570663335
C103077,2,Low-Engagement / Dormant,-1.1363678764750458,2.9919085229079974
C103078,1,Mid-Value Occasional Shoppers,-0.1953902543327382,0.15036010478427086
C103079,0,Low-Engagement / Dormant,-2.8521701513077025,0.10574649163243625
C103080,2,Low-Engagement / Dormant,-3.1037555159626917,2.5768311987410195
C103081,2,Low-Engagement / Dormant,-1.0216283742554555,0.771117002257204
C103082,1,Mid-Value Occasional Shoppers,0.10661228966498958,-1.0639388194644142
C103083,2,Low-Engagement / Dormant,-1.1694509435043632,1.0785396273585148
C103084,3,High-Value Loyalists,3.935539139825073,-0.4657178645899094
C103085,2,Low-Engagement / Dormant,-0.25984407128251497,1.8286775619387046
C103086,3,High-Value Loyalists,2.8893144251734753,-0.6483768496892245
C103087,1,Mid-Value Occasional Shoppers,-0.3803022103247269,-0.6227782210334641
C103088,1,Mid-Value Occasional Shoppers,-0.9473184552413018,-1.1163621575580842
C103089,1,Mid-Value Occasional Shoppers,-0.6127753739438947,-1.3408752545802938
C103090,1,Mid-Value Occasional Shoppers,-0.229805477534568,0.9246341193712173
C103091,1,Mid-Value Occasional Shoppers,0.9166473956679161,0.6191190277843468
C103092,2,Low-Engagement / Dormant,-1.691679311488379,0.5332656629974492
C103093,1,Mid-Value Occasional Shoppers,0.9221326430022178,0.3653633644515115
C103094,1,Mid-Value Occasional Shoppers,-0.5301090545919369,-0.4061311867505996
C103095,1,Mid-Value Occasional Shoppers,-1.412748693716981,-1.1857552977250811
C103096,1,Mid-Value Occasional Shoppers,0.6940341748511222,0.08540841735517689
C103097,2,Low-Engagement / Dormant,-2.15614448432231,1.293006518404573
C103098,1,Mid-Value Occasional Shoppers,-0.28599818770874796,-0.93949277162138
C103099,3,High-Value Loyalists,5.888326693916705,0.4660866645206892
C103100,0,Low-Engagement / Dormant,-2.6585633069024226,-1.7958701348256096
C103101,1,Mid-Value Occasional Shoppers,0.21894653671347852,0.3492541072508842
C103102,1,Mid-Value Occasional Shoppers,-0.5077964456076345,-1.562394810346705
C103103,1,Mid-Value Occasional Shoppers,1.4534014616722026,-1.11910344070288
C103104,3,High-Value Loyalists,2.344996420753704,0.5563321461647827
C103105,0,Low-Engagement / Dormant,-2.7734850166830967,-0.6671030463932937
C103106,1,Mid-Value Occasional Shoppers,1.642268939132179,0.34275324822312364
C103107,1,Mid-Value Occasional Shoppers,0.8264328504852754,-0.7943786650025247
C103109,0,Low-Engagement / Dormant,-2.621809066386982,-2.1568722216665757
C103110,1,Mid-Value Occasional Shoppers,-0.12639400117945937,-1.435202610302
C103111,1,Mid-Value Occasional Shoppers,0.4758274979299053,-0.37878283914898564
C103112,0,Low-Engagement / Dormant,-1.665841045879992,0.16957688919512443
C103113,1,Mid-Value Occasional Shoppers,-0.3460583780342247,0.5564653278577577
C103114,1,Mid-Value Occasional Shoppers,-0.5709643025914976,-1.3877740637866716
C103115,1,Mid-Value Occasional Shoppers,0.5847164014260058,-0.5073006283366879
C103116,1,Mid-Value Occasional Shoppers,-0.5033301757183917,-1.1455691554278788
C103117,1,Mid-Value Occasional Shoppers,1.1286296268874887,0.026811662085298206
C103118,1,Mid-Value Occasional Shoppers,-1.806318117203483,-0.09908384835186751
C103119,1,Mid-Value Occasional Shoppers,-0.23792654102524322,0.473188658801033
C103120,1,Mid-Value Occasional Shoppers,0.6597684527022492,-1.1970996553431617
C103121,2,Low-Engagement / Dormant,-1.8173156675311093,3.59629289984867
C103122,2,Low-Engagement / Dormant,-1.9292871896401023,3.6471195595283814
C103123,3,High-Value Loyalists,2.5761693767745824,-0.10810793453771894
C103124,1,Mid-Value Occasional Shoppers,-0.7102031796090339,0.2489882894135458
C103125,1,Mid-Value Occasional Shoppers,-0.834486997184222,-0.6563151908084194
C103126,1,Mid-Value Occasional Shoppers,-0.36333675195849924,0.4642450303617023
C103127,2,Low-Engagement / Dormant,-0.17121752867047296,2.927395438063987
C103128,3,High-Value Loyalists,2.2741398872575855,-0.22630282466879892
C103129,2,Low-Engagement / Dormant,-1.553591894510685,2.3469149979384243
C103130,1,Mid-Value Occasional Shoppers,-0.07575773949782416,-0.5444811230867409
C103131,1,Mid-Value Occasional Shoppers,0.7346476198542756,-0.9602972428520604
C103132,1,Mid-Value Occasional Shoppers,-0.10352324663936688,0.8006286620412817
C103133,1,Mid-Value Occasional Shoppers,0.852076808259903,-0.6299142268477051
C103134,1,Mid-Value Occasional Shoppers,0.031096163193497863,-0.8076373355726737
C103135,1,Mid-Value Occasional Shoppers,-1.719799821654328,-0.6505822102260045
C103136,1,Mid-Value Occasional Shoppers,0.9860746665089589,-0.5559294158594039
C103137,1,Mid-Value Occasional Shoppers,-0.36032074766818756,-0.8518382157518093
C103138,1,Mid-Value Occasional Shoppers,1.220168896319968,0.048893239124003465
C103139,1,Mid-Value Occasional Shoppers,-0.5405329970347666,-1.06266295533608
C103140,1,Mid-Value Occasional Shoppers,1.209945288349391,0.7730533787106921
C103141,3,High-Value Loyalists,5.8984768256942814,0.6821039060255567
C103142,1,Mid-Value Occasional Shoppers,-0.6266668945748083,-0.8570685866567657
C103143,2,Low-Engagement / Dormant,-2.004660624665124,0.9516399789371888
C103144,1,Mid-Value Occasional Shoppers,0.5743035167677341,-0.6458690925122912
C103145,1,Mid-Value Occasional Shoppers,0.5215435976118767,-0.5543223005716421
C103146,1,Mid-Value Occasional Shoppers,-0.2320833486894086,-0.7591398678524574
C103147,1,Mid-Value Occasional Shoppers,-0.4811207188375458,1.1758079132192616
C103148,1,Mid-Value Occasional Shoppers,0.6400875044977231,0.7695427186100139
C103149,1,Mid-Value Occasional Shoppers,0.7164370833891512,1.4188161311688892
C103150,1,Mid-Value Occasional Shoppers,-1.2207315335428228,-1.1325003942555645
C103151,3,High-Value Loyalists,4.720914065496682,0.05618786825171892
C103152,1,Mid-Value Occasional Shoppers,-0.5519961739179815,-0.5067817570255704
C103153,1,Mid-Value Occasional Shoppers,0.4582510756757692,-0.5915953000376548
C103154,2,Low-Engagement / Dormant,-0.7354246175571538,2.7726986515963694
C103155,1,Mid-Value Occasional Shoppers,-0.8770044624051913,0.4726506090599287
C103156,3,High-Value Loyalists,3.7383086368477327,0.4981356141395418
C103157,1,Mid-Value Occasional Shoppers,-0.6326285084274167,0.8577823884206272
C103158,3,High-Value Loyalists,4.994973289772928,0.34795797748453855
C103159,1,Mid-Value Occasional Shoppers,-1.5625829120691286,-0.839567551510011
C103160,1,Mid-Value Occasional Shoppers,-0.12718054707970305,-0.4016487372525135
C103161,1,Mid-Value Occasional Shoppers,-1.2092740953781478,-1.5599906572755118
C103162,1,Mid-Value Occasional Shoppers,1.211873833686757,-0.24323816147514607
C103163,2,Low-Engagement / Dormant,-0.11769522012291908,2.175259280596734
C103164,1,Mid-Value Occasional Shoppers,-0.18275850978890376,-0.7927357109767434
C103165,1,Mid-Value Occasional Shoppers,-1.0269737794998768,-1.8966709723987984
C103166,1,Mid-Value Occasional Shoppers,-0.24813119453910978,-0.3551711881379376
C103167,2,Low-Engagement / Dormant,-0.6874521526212842,1.831937622528653
C103168,1,Mid-Value Occasional Shoppers,1.245575778754123,-0.08542299807440339
C103169,1,Mid-Value Occasional Shoppers,-1.0638867872639033,-1.7363639190804643
C103170,1,Mid-Value Occasional Shoppers,0.46398542189331965,-0.7304730403582366
C103171,0,Low-Engagement / Dormant,-2.6223267317463543,-2.151787685232196
C103172,3,High-Value Loyalists,2.4391305925065434,-0.7510659691021159
C103173,2,Low-Engagement / Dormant,-2.2692335642817247,3.790139524628887
C103174,0,Low-Engagement / Dormant,-2.6751285984023396,-1.633164968925456
C103175,1,Mid-Value Occasional Shoppers,-1.0508776631053305,0.1039960345729892
C103176,1,Mid-Value Occasional Shoppers,-0.49702087514130605,-1.0771953332587865
C103178,1,Mid-Value Occasional Shoppers,0.7078023609140827,0.7826708889647912
C103179,1,Mid-Value Occasional Shoppers,-0.7952377823354756,-1.7390521910365084
C103180,1,Mid-Value Occasional Shoppers,0.23322383324521037,0.4999883298080873
C103182,1,Mid-Value Occasional Shoppers,1.1671439085253104,0.08636363598009188
C103183,1,Mid-Value Occasional Shoppers,1.300650473182399,-0.7070488581081549
C103184,0,Low-Engagement / Dormant,-2.730518791855187,-1.0891195704468173
C103185,2,Low-Engagement / Dormant,-0.9296309110508412,1.6963652627244101
C103186,1,Mid-Value Occasional Shoppers,1.3313873325932803,0.7287205508464281
C103187,1,Mid-Value Occasional Shoppers,-1.1553043749149834,-1.1677624937903308
C103188,1,Mid-Value Occasional Shoppers,-0.2444880383973068,0.3452715203745834
C103189,0,Low-Engagement / Dormant,-2.9943339879406246,0.09946581423909777
C103190,0,Low-Engagement / Dormant,-2.6316447082150574,-2.0602660294133597
C103191,2,Low-Engagement / Dormant,-1.8714040638479048,0.11195116281525304
C103192,3,High-Value Loyalists,2.8670675636037037,-0.5170804516416839
C103193,1,Mid-Value Occasional Shoppers,-0.9844152629452609,0.1768099674757778
C103194,1,Mid-Value Occasional Shoppers,0.6363424742530918,-0.964890693865589
C103195,1,Mid-Value Occasional Shoppers,-0.05400936882000017,-0.3059752475835019
C103196,2,Low-Engagement / Dormant,-1.6415851990986714,1.477766965455394
C103197,1,Mid-Value Occasional Shoppers,-0.04400383555063194,1.2717477290464316
C103198,1,Mid-Value Occasional Shoppers,0.1977598411246614,-0.3573579781184192
C103199,1,Mid-Value Occasional Shoppers,-0.4881321138942752,-0.9142609230458875
C103200,1,Mid-Value Occasional Shoppers,-1.2363755601076654,-0.7297294011308723
C103201,2,Low-Engagement / Dormant,-1.4491711483037344,2.31776552163262
C103202,1,Mid-Value Occasional Shoppers,0.17967180775513372,-0.8014200446172852
C103203,1,Mid-Value Occasional Shoppers,-0.4016393917946137,-0.8106821242311256
C103204,1,Mid-Value Occasional Shoppers,1.4721722668339907,0.37476245507372
C103205,1,Mid-Value Occasional Shoppers,-0.7527380641814968,-1.3818565677213672
C103206,1,Mid-Value Occasional Shoppers,-0.09334788085811592,-0.19737192631404646
C103207,1,Mid-Value Occasional Shoppers,0.9636890783433073,-0.2253316264875141
C103208,1,Mid-Value Occasional Shoppers,-0.43219590096294347,-1.068164682353289
C103209,2,Low-Engagement / Dormant,-1.0276326297645064,1.9759430803963864
C103210,1,Mid-Value Occasional Shoppers,-0.6423576188953213,0.35851654992253273
C103211,2,Low-Engagement / Dormant,-1.7132593535639935,1.749735951919674
C103212,0,Low-Engagement / Dormant,-2.638374357886899,-1.994167055766422
C103214,2,Low-Engagement / Dormant,-0.6759258908247743,1.9483757386283718
C103215,1,Mid-Value Occasional Shoppers,-0.24617323462012167,-0.6717293355494988
C103216,2,Low-Engagement / Dormant,-0.34168791514950525,1.6887988944694494
C103217,1,Mid-Value Occasional Shoppers,-0.06798400120794708,0.38290773221245666
C103219,2,Low-Engagement / Dormant,-0.560647127349238,1.5588662073500992
C103220,1,Mid-Value Occasional Shoppers,0.2209332911089551,0.8461911105484192
C103221,2,Low-Engagement / Dormant,-0.5261525565167569,1.8407148040074952
C103222,1,Mid-Value Occasional Shoppers,-0.44857271513523317,-0.9322887772044617
C103223,1,Mid-Value Occasional Shoppers,1.1504621258917413,-0.5326648663029339
C103224,1,Mid-Value Occasional Shoppers,-0.8491492245372801,0.47856560300259593
C103225,0,Low-Engagement / Dormant,-2.9221843657933704,-2.011812946987479
C103226,1,Mid-Value Occasional Shoppers,-0.1329061487349576,-0.36981174000987516
C103227,1,Mid-Value Occasional Shoppers,-1.390476186943661,-0.9288026747752347
C103228,3,High-Value Loyalists,2.628676313879601,0.36642640037587787
C103229,3,High-Value Loyalists,3.0934160035433615,0.0631179827866594
C103230,0,Low-Engagement / Dormant,-2.625950389261961,-2.1161959301915374
C103231,1,Mid-Value Occasional Shoppers,-0.9079648936041058,-1.1575756502345778
C103232,1,Mid-Value Occasional Shoppers,0.9690840133975235,-0.9390202753083157
C103233,1,Mid-Value Occasional Shoppers,0.011188750962601485,0.8178687938621653
C103234,2,Low-Engagement / Dormant,-2.298807110252562,3.627946310227639
C103235,1,Mid-Value Occasional Shoppers,-0.8782806246260574,-1.1163260944361149
C103236,0,Low-Engagement / Dormant,-2.7336247840114214,-1.0586123518405386
C103237,2,Low-Engagement / Dormant,-1.7746967848859168,3.012690772045752
C103238,3,High-Value Loyalists,1.9795090408719238,-0.9660671789036412
C103239,1,Mid-Value Occasional Shoppers,1.3154655347565853,-0.8145655214145245
C103240,1,Mid-Value Occasional Shoppers,-0.8975272167750046,0.2949625626520505
C103241,0,Low-Engagement / Dormant,-2.7128211010392804,-1.9642579076396227
C103242,3,High-Value Loyalists,3.4690093475867623,0.42562594492205785
C103243,3,High-Value Loyalists,3.601426992279899,0.14522790983301193
C103244,2,Low-Engagement / Dormant,-0.2524162339256515,1.815539455614939
C103245,1,Mid-Value Occasional Shoppers,-0.8220708517662072,0.6961329647328368
C103246,1,Mid-Value Occasional Shoppers,0.6919311950805834,-0.8709388873582409
C103248,1,Mid-Value Occasional Shoppers,-1.0280726914300822,-0.16701997787528175
C103249,3,High-Value Loyalists,4.607130448469686,0.35644818045310733
C103250,1,Mid-Value Occasional Shoppers,-0.8235523802635838,-0.26773077467138556
C103251,1,Mid-Value Occasional Shoppers,-0.30910659716370936,1.0132411442962619
C103252,1,Mid-Value Occasional Shoppers,-0.9281090882169379,-1.1968643750250263
C103253,1,Mid-Value Occasional Shoppers,1.2117096738137934,-0.7941824533591525
C103254,1,Mid-Value Occasional Shoppers,0.3546682204612092,-1.053313755826997
C103255,3,High-Value Loyalists,2.1705804117915073,-0.008902061872738731
C103256,1,Mid-Value Occasional Shoppers,1.074917198721725,0.15067592845400554
C103257,2,Low-Engagement / Dormant,-0.7151872485591048,1.9218315110659592
C103258,1,Mid-Value Occasional Shoppers,0.4450317861146616,-0.3291255048623493
C103259,1,Mid-Value Occasional Shoppers,-0.4057530150343694,-0.2708467137954426
C103260,0,Low-Engagement / Dormant,-3.0474593827614926,-0.7813551298675665
C103261,1,Mid-Value Occasional Shoppers,-1.5816008242961428,-0.422878563770604
C103262,2,Low-Engagement / Dormant,-1.6335404794046449,1.7560229677122254
C103263,2,Low-Engagement / Dormant,-1.316139963904428,1.7076906964146261
C103264,1,Mid-Value Occasional Shoppers,-0.7167780973168562,0.09664576850240195
C103265,3,High-Value Loyalists,1.8265051932193295,-0.14951076281085268
C103266,1,Mid-Value Occasional Shoppers,1.1473462715914833,0.6821397216431372
C103267,1,Mid-Value Occasional Shoppers,-0.5999257750642453,-1.2319460223581509
C103268,1,Mid-Value Occasional Shoppers,-0.6465264426427394,-1.0175129621985226
C103269,1,Mid-Value Occasional Shoppers,1.4466668361988124,-0.6531717283335503
C103270,1,Mid-Value Occasional Shoppers,0.22131142123382413,0.09628390729993919
C103271,1,Mid-Value Occasional Shoppers,-0.7276210969500782,-1.1797086557309526
C103272,1,Mid-Value Occasional Shoppers,0.6856967973439336,0.8947815292950084
C103273,1,Mid-Value Occasional Shoppers,1.2621499178672995,-0.3592476735961422
C103274,1,Mid-Value Occasional Shoppers,-0.6388169316379457,-1.225760497945679
C103275,0,Low-Engagement / Dormant,-2.621809066386982,-2.1568722216665757
C103276,2,Low-Engagement / Dormant,-1.6871812091289906,2.3753042864030562
C103277,1,Mid-Value Occasional Shoppers,-1.6036627479400962,-0.13649964937807418
C103278,1,Mid-Value Occasional Shoppers,1.1978702253219358,0.0628339513673336
C103279,2,Low-Engagement / Dormant,-0.6936319213467711,0.9961577594510788
C103280,2,Low-Engagement / Dormant,-1.674078559060722,1.7419162744830443
C103281,1,Mid-Value Occasional Shoppers,-1.2579936719574425,-1.585399547132194
C103282,1,Mid-Value Occasional Shoppers,0.9560142141247185,-0.9506035666509388
C103283,1,Mid-Value Occasional Shoppers,-0.0635027623154769,-0.5215710856286477
C103284,2,Low-Engagement / Dormant,-2.2371760705155106,2.718881880304699
C103285,2,Low-Engagement / Dormant,-0.7174163583265438,1.782239422127017
C103286,1,Mid-Value Occasional Shoppers,0.49405019630851915,0.16830476647304854
C103287,1,Mid-Value Occasional Shoppers,1.2977304540498957,0.3072382118938145
C103288,2,Low-Engagement / Dormant,-1.637205760909825,2.20829906787075
C103289,1,Mid-Value Occasional Shoppers,0.09314019889002172,-1.1079030911235137
C103290,3,High-Value Loyalists,4.387612791316511,0.510414380285445
C103291,2,Low-Engagement / Dormant,-1.9861562549164857,3.345137027502994
C103292,1,Mid-Value Occasional Shoppers,0.3822620037777201,-0.7008331733193073
C103293,1,Mid-Value Occasional Shoppers,0.6629680106268605,0.8076796210839915
C103294,1,Mid-Value Occasional Shoppers,0.18478617591235524,-0.3876560274435953
C103295,2,Low-Engagement / Dormant,0.049738725313660095,1.4354247355107768
C103296,1,Mid-Value Occasional Shoppers,0.7761289193636877,0.7217221197171568
C103297,1,Mid-Value Occasional Shoppers,1.3408199444421676,-0.2581730794344251
C103298,1,Mid-Value Occasional Shoppers,0.24014575384647263,-0.7060595388914039
C103299,1,Mid-Value Occasional Shoppers,0.5425052095877648,0.044795290972541986
C103300,1,Mid-Value Occasional Shoppers,-0.9824238577848851,0.12897755299289715
C103301,1,Mid-Value Occasional Shoppers,-0.609075394648555,-0.9527308225592022
C103302,1,Mid-Value Occasional Shoppers,0.4673307648040129,0.21366290105669686
C103303,1,Mid-Value Occasional Shoppers,-0.7789678180688756,0.05753408638223582
C103304,1,Mid-Value Occasional Shoppers,-0.4917903827871448,0.3639384308964511
C103305,2,Low-Engagement / Dormant,-2.261180394704604,3.8525894505833604
C103306,1,Mid-Value Occasional Shoppers,-0.23255726711461988,-0.6400921904571115
C103307,1,Mid-Value Occasional Shoppers,0.21687849801084425,-1.0148705272393386
C103308,3,High-Value Loyalists,3.6600636420975015,0.126957279982007
C103309,1,Mid-Value Occasional Shoppers,-0.12907840621693428,-0.10054536557550928
C103310,3,High-Value Loyalists,3.157601615898346,-0.10129655843947934
C103311,1,Mid-Value Occasional Shoppers,-1.11297989383668,-0.13573821383703488
C103312,1,Mid-Value Occasional Shoppers,-0.15879408968782513,-1.0093706014274448
C103313,3,High-Value Loyalists,5.065361245003945,0.49027174653708966
C103314,1,Mid-Value Occasional Shoppers,-0.11188267855272223,-0.09813268833875156
C103315,1,Mid-Value Occasional Shoppers,1.217871398345439,0.6720813421919557
C103316,1,Mid-Value Occasional Shoppers,0.31293250805380524,-0.0978366496626838
C103317,1,Mid-Value Occasional Shoppers,0.5549732477068622,0.8961169473413086
C103318,2,Low-Engagement / Dormant,-2.1734212232163763,2.532611713403701
C103319,2,Low-Engagement / Dormant,-1.8947567414958097,1.559728279676263
C103320,3,High-Value Loyalists,3.903170204263657,-0.21934063778457105
C103321,1,Mid-Value Occasional Shoppers,-0.13916376340937467,0.11120013998039519
C103322,1,Mid-Value Occasional Shoppers,-0.1283083761283923,-1.3781974713057976
C103323,1,Mid-Value Occasional Shoppers,-0.9442313323226605,-0.7876297873942381
C103324,1,Mid-Value Occasional Shoppers,0.7905844266318431,1.0173988117254718
C103325,1,Mid-Value Occasional Shoppers,0.4048070353090817,0.2747309084854353
C103326,0,Low-Engagement / Dormant,-1.9821324405773146,-0.9696378781826177
C103327,1,Mid-Value Occasional Shoppers,-0.20772853830271254,-0.6419504654769858
C103328,1,Mid-Value Occasional Shoppers,-0.11475322692464042,0.39926709550530975
C103329,1,Mid-Value Occasional Shoppers,-0.0738934253484491,-0.7963089725435128
C103330,2,Low-Engagement / Dormant,0.17803723680289538,1.7194666404598407
C103331,1,Mid-Value Occasional Shoppers,1.305858029192553,0.5637195573104488
C103332,1,Mid-Value Occasional Shoppers,0.8242595398583784,-0.7480389587557293
C103333,1,Mid-Value Occasional Shoppers,-0.639699438899144,-0.9333567882602342
C103334,1,Mid-Value Occasional Shoppers,-0.5226762338959617,-1.0279566471533979
C103335,1,Mid-Value Occasional Shoppers,-0.6122163259047719,-0.19128544877143755
C103336,1,Mid-Value Occasional Shoppers,-1.0884036137887756,-1.1665691127379039
C103337,1,Mid-Value Occasional Shoppers,0.029373998426413347,-0.2350087654527431
C103338,1,Mid-Value Occasional Shoppers,-0.28981177501055644,-1.3199143583151491
C103339,1,Mid-Value Occasional Shoppers,0.9390417934277935,0.4557050981707792
C103340,2,Low-Engagement / Dormant,-2.0994956230620065,3.1018989700363164
C103341,1,Mid-Value Occasional Shoppers,-1.5358271308850517,-1.1552129059505796
C103342,1,Mid-Value Occasional Shoppers,-0.3383868794153326,-1.3906646014870916
C103343,1,Mid-Value Occasional Shoppers,-1.416643881079256,-1.4781913481298201
C103344,1,Mid-Value Occasional Shoppers,-0.04385065481840931,0.005150750020718205
C103345,3,High-Value Loyalists,3.9020833894043165,0.5771842732910061
C103347,1,Mid-Value Occasional Shoppers,-0.6784937866673724,-0.5574238052634749
C103348,1,Mid-Value Occasional Shoppers,0.34679863623565943,0.7795227365724364
C103349,1,Mid-Value Occasional Shoppers,-0.942256960543137,-1.2529015935477887
C103350,1,Mid-Value Occasional Shoppers,-1.5080709139010189,-0.5660735030495858
C103351,1,Mid-Value Occasional Shoppers,0.4552912106035561,0.30382811094450135
C103352,1,Mid-Value Occasional Shoppers,0.6188807872566399,-1.3776733292980468
C103353,1,Mid-Value Occasional Shoppers,-1.3729390208425014,-0.3571076006323671
C103354,1,Mid-Value Occasional Shoppers,0.4124148291378241,-0.6617901913568947
C103355,1,Mid-Value Occasional Shoppers,-0.7741411607873662,0.044202892532535405
C103356,1,Mid-Value Occasional Shoppers,-0.22084583533102844,0.684131151951467
C103357,0,Low-Engagement / Dormant,-2.6378566925275266,-1.9992515922008016
C103360,1,Mid-Value Occasional Shoppers,-1.5049868436946574,-0.10258006051302579
C103361,3,High-Value Loyalists,3.5717769364552003,0.3430918412231239
C103362,1,Mid-Value Occasional Shoppers,0.06547828324462271,0.17938467744937528
C103363,3,High-Value Loyalists,4.208962517127278,-0.16367138453942823
C103365,2,Low-Engagement / Dormant,-1.706001304750569,0.9611182876322564
C103366,1,Mid-Value Occasional Shoppers,0.12781191938649178,-0.694341169999732
C103367,2,Low-Engagement / Dormant,-1.5397733132498037,3.225801946376974
C103368,0,Low-Engagement / Dormant,-2.727930465058325,-1.1145422526187163
C103369,1,Mid-Value Occasional Shoppers,0.07015101247660897,-0.2589675135652681
C103370,1,Mid-Value Occasional Shoppers,0.5914685024062747,1.0540042909685932
C103372,3,High-Value Loyalists,6.137028332489324,0.3364922522716342
C103373,1,Mid-Value Occasional Shoppers,0.2915714979975598,0.608454873599134
C103374,2,Low-Engagement / Dormant,-0.6406473200765849,2.331133466652183
C103375,1,Mid-Value Occasional Shoppers,-0.2622375023119984,-0.14326657549864352
C103376,1,Mid-Value Occasional Shoppers,0.6141324534825726,0.43264551557166553
C103377,1,Mid-Value Occasional Shoppers,-0.8232534087968805,-1.4484121287052405
C103378,1,Mid-Value Occasional Shoppers,1.6183643232340386,-0.5356017246031578
C103379,3,High-Value Loyalists,2.6160788359034166,-0.17740442235114934
C103380,2,Low-Engagement / Dormant,-1.520997209830167,4.085878912832453
C103381,1,Mid-Value Occasional Shoppers,-0.9064074018992183,-0.07337540806378481
C103382,1,Mid-Value Occasional Shoppers,1.300054428349004,0.1987444802980248
C103384,2,Low-Engagement / Dormant,-1.44604848003858,3.224104808132598
C103385,1,Mid-Value Occasional Shoppers,0.25556441701941474,-0.4411657793201925
C103386,2,Low-Engagement / Dormant,-0.8576441804673107,2.7373526947197866
C103387,1,Mid-Value Occasional Shoppers,0.32365214592936103,0.3596463828577045
C103388,1,Mid-Value Occasional Shoppers,1.5845873622949547,0.20994130830099791
C103389,1,Mid-Value Occasional Shoppers,1.6104317236225232,0.6739599591055531
C103390,1,Mid-Value Occasional Shoppers,-0.3597911879507368,-0.485211503603061
C103391,0,Low-Engagement / Dormant,-2.626985719980706,-2.1060268573227776
C103393,1,Mid-Value Occasional Shoppers,-0.18387821628202866,-0.08331281427851758
C103394,1,Mid-Value Occasional Shoppers,-0.04368697979186034,-1.2615724549428016
C103395,1,Mid-Value Occasional Shoppers,1.4871994956801369,-0.5895137189466669
C103396,1,Mid-Value Occasional Shoppers,1.2595173260018409,0.7466294737171366
C103397,2,Low-Engagement / Dormant,-1.018900500813527,3.591832781740913
C103398,1,Mid-Value Occasional Shoppers,0.6954851287800473,-0.44442051523750986
C103399,1,Mid-Value Occasional Shoppers,-0.18857673383803147,0.0879340991871199
C103400,1,Mid-Value Occasional Shoppers,0.46103482544921265,1.2220294772091451
C103401,0,Low-Engagement / Dormant,-2.6368213618087815,-2.0094206650695616
C103402,1,Mid-Value Occasional Shoppers,-1.1781215185742695,-1.222997666588309
C103403,1,Mid-Value Occasional Shoppers,-0.3573585808830207,-0.3669334992066736
C103407,2,Low-Engagement / Dormant,-0.40407351678076775,1.5125768938877777
C103408,0,Low-Engagement / Dormant,-1.4327328830706503,-1.7960931217921703
C103409,1,Mid-Value Occasional Shoppers,0.9963560860747341,-0.6394692423516731
C103410,1,Mid-Value Occasional Shoppers,-1.9336572014302469,-0.24481770400751152
C103411,1,Mid-Value Occasional Shoppers,-0.4493989720206241,-0.7400102003329958
C103412,2,Low-Engagement / Dormant,-0.6770896369380458,1.6549653383340013
C103413,1,Mid-Value Occasional Shoppers,1.4642459902824192,-0.4583058995507443
C103414,2,Low-Engagement / Dormant,-1.6677303981426732,3.301415290385908
C103415,2,Low-Engagement / Dormant,0.16681516783503822,1.6708544212460874
C103416,2,Low-Engagement / Dormant,-1.4856587444787865,1.7628120768240096
C103417,1,Mid-Value Occasional Shoppers,-1.0036011205389126,-1.2676674746274286
C103418,0,Low-Engagement / Dormant,-2.681858248074181,-1.5670659952785186
C103419,1,Mid-Value Occasional Shoppers,1.4909804572602305,-0.13150319763491908
C103420,2,Low-Engagement / Dormant,-0.6672483647058222,1.4297016488224716
C103421,1,Mid-Value Occasional Shoppers,-0.5327240821230771,-0.36425721214056295
C103422,1,Mid-Value Occasional Shoppers,-0.3879911930208877,-1.287149656056785
C103424,3,High-Value Loyalists,4.671707294980734,0.34686544061795244
C103425,3,High-Value Loyalists,1.7000134831821807,0.2597001724948536
C103426,1,Mid-Value Occasional Shoppers,-1.30426525787502,-0.9677094064929573
C103427,3,High-Value Loyalists,2.2758732490300297,-0.047546692024799164
C103428,3,High-Value Loyalists,2.475613929076383,0.4442879263915455
C103429,3,High-Value Loyalists,5.935506941811993,0.7354003921899889
C103430,1,Mid-Value Occasional Shoppers,1.501643824598739,-0.3806953431360773
C103431,1,Mid-Value Occasional Shoppers,1.028881895922223,0.003414737701305175
C103432,3,High-Value Loyalists,2.1474515469197195,-0.7932782490448154
C103433,3,High-Value Loyalists,2.6116720256687165,0.2255059634028128
C103434,1,Mid-Value Occasional Shoppers,-1.7298232182663364,-0.5049617833529426
C103435,1,Mid-Value Occasional Shoppers,-0.635948765676028,-0.6711314894922824
C103436,1,Mid-Value Occasional Shoppers,-0.5826546615350342,-0.6654451456452173
C103437,2,Low-Engagement / Dormant,-1.6729309101114045,2.0291703952052176
C103438,1,Mid-Value Occasional Shoppers,-1.1401138971351608,0.32519182632170396
C103439,1,Mid-Value Occasional Shoppers,-1.0671897243049415,-0.6500547760597724
C103440,1,Mid-Value Occasional Shoppers,-0.846537817352575,0.6925298369447681
C103441,1,Mid-Value Occasional Shoppers,1.238887420761307,0.11973657922374892
C103442,1,Mid-Value Occasional Shoppers,-0.2059445451198874,-0.31576358322461046
C103443,3,High-Value Loyalists,2.944830758740977,-0.2839221745656337
C103444,1,Mid-Value Occasional Shoppers,0.5979765100894733,-0.2815001195316474
C103445,1,Mid-Value Occasional Shoppers,0.17146369093480224,0.03000381040940277
C103446,3,High-Value Loyalists,2.5073547097657305,0.15944958555723895
C103447,1,Mid-Value Occasional Shoppers,-0.7000263675042288,-0.6158433410171484
C103448,1,Mid-Value Occasional Shoppers,-0.2878703324599151,-0.20108915102345373
C103449,0,Low-Engagement / Dormant,-1.3675097904457485,-0.2240890620157827
C103450,0,Low-Engagement / Dormant,-1.9830090485606235,-0.45608439948700974
C103451,1,Mid-Value Occasional Shoppers,-0.19211405641640264,0.6948543746572973
C103452,1,Mid-Value Occasional Shoppers,0.5587414203268092,0.5483347428108252
C103453,1,Mid-Value Occasional Shoppers,-1.878751125857316,-0.9033469189747083
C103454,1,Mid-Value Occasional Shoppers,1.7175016332104667,0.5067156832815857
C103455,1,Mid-Value Occasional Shoppers,0.3617411178815041,-0.6501655371214566
C103456,1,Mid-Value Occasional Shoppers,0.9103331417531169,0.24037299528810172
C103457,3,High-Value Loyalists,4.695807009885168,0.0004548875452194269
C103458,2,Low-Engagement / Dormant,-2.0662703738120665,3.870060653279429
C103459,1,Mid-Value Occasional Shoppers,-0.6150608303889429,-1.6162342865292458
C103460,1,Mid-Value Occasional Shoppers,1.1759950139957043,-0.25141558992487173
C103461,1,Mid-Value Occasional Shoppers,-0.111810635465119,-0.16000133253503498
C103462,1,Mid-Value Occasional Shoppers,-0.5280431613100273,-1.155108213094475
C103463,2,Low-Engagement / Dormant,-2.860581053392173,4.040379739195668
C103464,1,Mid-Value Occasional Shoppers,-1.0676126253843303,0.5993156022403255
C103465,3,High-Value Loyalists,3.2007994437785663,-0.4665299900568534
C103466,1,Mid-Value Occasional Shoppers,-0.6766831131287991,-0.8230088507994944
C103467,3,High-Value Loyalists,5.5900194614103045,0.47246297320189856
C103468,0,Low-Engagement / Dormant,-2.6223267317463543,-2.151787685232196
C103469,1,Mid-Value Occasional Shoppers,-0.3236911105403519,0.6367600160853918
C103470,1,Mid-Value Occasional Shoppers,-1.2815985592495864,-0.5114925684853339
C103471,1,Mid-Value Occasional Shoppers,-0.09885791162487981,-1.0900963496338012
C103472,1,Mid-Value Occasional Shoppers,0.9213661009609722,-0.14164290385298847
C103473,1,Mid-Value Occasional Shoppers,1.4157188679009856,0.3234288324555212
C103474,1,Mid-Value Occasional Shoppers,0.8954650150897105,0.06013733872945876
C103475,1,Mid-Value Occasional Shoppers,-0.25990059984349995,-1.1414345228120504
C103476,1,Mid-Value Occasional Shoppers,-1.014212677449404,-1.3384147283906982
C103477,0,Low-Engagement / Dormant,-2.632680038933802,-2.0500969565446
C103478,1,Mid-Value Occasional Shoppers,1.0156199018603058,0.4436663961605687
C103479,1,Mid-Value Occasional Shoppers,1.0245299700168382,-0.6729404978473164
C103480,1,Mid-Value Occasional Shoppers,-0.18165530836435287,0.7611061889808625
C103481,1,Mid-Value Occasional Shoppers,-0.14794793875272158,0.03442504448847975
C103482,1,Mid-Value Occasional Shoppers,-0.31334949512718924,-0.21800160851223227
C103483,1,Mid-Value Occasional Shoppers,-0.4399709533691661,-0.2585167810854497
C103484,1,Mid-Value Occasional Shoppers,0.14838668852293177,-0.7230109614008517
C103486,1,Mid-Value Occasional Shoppers,1.6560589952214657,-0.6558104865954968
C103487,1,Mid-Value Occasional Shoppers,-0.11527987036740915,0.06510325703374639
C103488,1,Mid-Value Occasional Shoppers,-0.9363536313124465,0.30907237024626244
C103489,1,Mid-Value Occasional Shoppers,-0.005158663717949824,1.0249979840839682
C103490,3,High-Value Loyalists,1.9949705521356487,0.4393273295536734
C103491,1,Mid-Value Occasional Shoppers,1.6028612968572387,-0.4665187500769909
C103492,1,Mid-Value Occasional Shoppers,-0.45098299093944844,-1.2649700837635243
C103493,1,Mid-Value Occasional Shoppers,0.9206081744095364,-0.7094309551566951
C103494,1,Mid-Value Occasional Shoppers,-1.359831467949503,-0.6629526902119343
C103495,3,High-Value Loyalists,4.0144865644349705,0.16769330675631147
C103496,0,Low-Engagement / Dormant,-2.957256219260301,1.1379073878115364
C103497,1,Mid-Value Occasional Shoppers,-0.07553304065748646,-0.8352749957769731
C103498,1,Mid-Value Occasional Shoppers,-0.6087713570757234,0.26455906586093303
C103499,3,High-Value Loyalists,6.977653534833588,0.5992521450574171
C103500,1,Mid-Value Occasional Shoppers,0.26946929664905794,0.8705439458149214
C103501,0,Low-Engagement / Dormant,-2.6388920232462714,-1.989082519332042
C103502,3,High-Value Loyalists,1.6650983289159111,-0.9566708621323666
C103503,1,Mid-Value Occasional Shoppers,0.5512088612988858,0.030866819129950075
C103504,3,High-Value Loyalists,1.8634195029745428,0.2122621570063328
C103505,3,High-Value Loyalists,4.621824863616067,0.6492867694438079
C103506,0,Low-Engagement / Dormant,-2.6275033853400784,-2.100942320888398
C103507,1,Mid-Value Occasional Shoppers,0.3283904108754042,0.45245777675425886
C103508,1,Mid-Value Occasional Shoppers,-0.4867269283737786,-1.130235163167843
C103509,3,High-Value Loyalists,2.7110843438197496,0.22845014522702184
C103510,1,Mid-Value Occasional Shoppers,0.7142560665988813,0.06241641626412393
C103511,2,Low-Engagement / Dormant,-2.6396001331970003,2.58321839707699
C103512,1,Mid-Value Occasional Shoppers,-0.43582895383270737,-1.1822735000657683
C103513,3,High-Value Loyalists,1.9304695072285598,0.6045959311323852
C103514,1,Mid-Value Occasional Shoppers,-0.40963114821073654,0.3068592950688653
C103515,1,Mid-Value Occasional Shoppers,0.3459029158205886,0.6853363515937521
C103516,1,Mid-Value Occasional Shoppers,-0.30485931517733905,0.5932318103999877
C103517,3,High-Value Loyalists,4.375879895767979,0.3955865610414456
C103518,1,Mid-Value Occasional Shoppers,-1.4681061838325744,-1.3473642646389086
C103519,1,Mid-Value Occasional Shoppers,0.09217451368936116,0.08335534997445211
C103520,1,Mid-Value Occasional Shoppers,0.0034360592448804154,-0.152476724784342
C103521,1,Mid-Value Occasional Shoppers,-0.193123051935571,-0.20296328574608555
C103523,1,Mid-Value Occasional Shoppers,1.4769905856023506,0.04570763581446791
C103524,1,Mid-Value Occasional Shoppers,-0.1259204186618964,0.7574115597289084
C103525,1,Mid-Value Occasional Shoppers,-0.12131531809686587,1.5788083370384824
C103526,1,Mid-Value Occasional Shoppers,0.11376254632173646,0.15978221846094495
C103527,3,High-Value Loyalists,5.345911404305756,0.3808445672757072
C103528,1,Mid-Value Occasional Shoppers,-0.7158976643138507,-1.0476499487826194
C103529,1,Mid-Value Occasional Shoppers,0.6988629300814174,1.1850756263384425
C103530,3,High-Value Loyalists,4.022680078367598,0.10747625199915072
C103531,3,High-Value Loyalists,3.6928383128296978,-0.03381859152882832
C103532,3,High-Value Loyalists,1.884918781913793,0.01560252635361758
C103533,0,Low-Engagement / Dormant,-2.7522607369488283,-0.8755690402028656
C103534,1,Mid-Value Occasional Shoppers,0.5994382748952016,-0.8394593694301503
C103536,3,High-Value Loyalists,4.2647175368302515,-0.2799318295840488
C103537,0,Low-Engagement / Dormant,-2.6378566925275266,-1.9992515922008016
C103538,2,Low-Engagement / Dormant,-0.5589313846429812,1.2430967448959962
C103539,1,Mid-Value Occasional Shoppers,-1.3395506583464476,0.23602617744217785
C103540,1,Mid-Value Occasional Shoppers,-0.2774837807994792,-1.355634710828523
C103541,1,Mid-Value Occasional Shoppers,-0.5204257157682588,-0.5670355845663582
C103542,0,Low-Engagement / Dormant,-2.634750700371292,-2.0297588108070808
C103543,1,Mid-Value Occasional Shoppers,0.745719009136628,0.09703629178308928
C103544,2,Low-Engagement / Dormant,-3.2342071865245385,3.8581343802047305
C103545,1,Mid-Value Occasional Shoppers,-0.7112723135689065,-1.1474486908723995
C103546,3,High-Value Loyalists,1.8363286172136504,0.38133164863590935
C103547,1,Mid-Value Occasional Shoppers,-0.7761025155836351,-1.2247306055968517
C103548,1,Mid-Value Occasional Shoppers,0.1864297239145612,-0.9821400871548683
C103549,0,Low-Engagement / Dormant,-2.694282216699119,-1.4450371208534036
C103550,3,High-Value Loyalists,2.090069519596443,-0.6247173765218065
C103551,1,Mid-Value Occasional Shoppers,-1.2791108961406628,-1.4620968478497922
C103552,2,Low-Engagement / Dormant,-0.8640007942862477,2.555990356087951
C103553,3,High-Value Loyalists,2.2269928837036774,-0.289792606120436
C103554,2,Low-Engagement / Dormant,-1.1499120262212463,2.0579695385012773
C103555,1,Mid-Value Occasional Shoppers,-0.23822087466280478,-1.4275498919120078
C103556,1,Mid-Value Occasional Shoppers,0.05617883031704208,-1.098358645941422
C103557,0,Low-Engagement / Dormant,-2.7191301539489943,-1.200979372003173
C103558,1,Mid-Value Occasional Shoppers,-0.45160325975616566,-0.41958627258474496
C103559,3,High-Value Loyalists,3.3228680936630894,0.03246483235910876
C103560,3,High-Value Loyalists,2.6630027330024033,0.45670747342070134
C103561,0,Low-Engagement / Dormant,-2.637339027168154,-2.0043361286351815
C103562,1,Mid-Value Occasional Shoppers,0.626738077651319,-0.3624924844696338
C103563,1,Mid-Value Occasional Shoppers,1.1009974829298959,0.49486066544187535
C103564,0,Low-Engagement / Dormant,-2.6388920232462714,-1.989082519332042
C103566,1,Mid-Value Occasional Shoppers,-0.3128806230839882,0.13647565998519362
C103567,1,Mid-Value Occasional Shoppers,-0.8614250715787581,-1.0986402045061507
C103568,3,High-Value Loyalists,4.105548398546423,0.5681926183064755
C103569,3,High-Value Loyalists,1.7983691230555587,0.34891268999667285
C103570,2,Low-Engagement / Dormant,-2.5104597815664578,3.0362233417315427
C103571,1,Mid-Value Occasional Shoppers,0.46902402423156037,-0.9651000485079059
C103572,2,Low-Engagement / Dormant,-0.48398828493027274,1.9660345365675718
C103573,2,Low-Engagement / Dormant,-0.6818973814409438,2.680244699275873
C103574,1,Mid-Value Occasional Shoppers,0.4703175775340696,-1.1411032547274886
C103575,1,Mid-Value Occasional Shoppers,-0.6513091964038616,-0.4755118426849322
C103576,0,Low-Engagement / Dormant,-2.7641670402143936,-0.75862470221213
C103577,1,Mid-Value Occasional Shoppers,-0.40743958521968987,-1.4409723257630034
C103578,1,Mid-Value Occasional Shoppers,-1.0887521286407262,-1.1877533386496486
C103579,1,Mid-Value Occasional Shoppers,-1.429062410348785,0.18098886740720208
C103580,1,Mid-Value Occasional Shoppers,0.7087108927867181,-0.09034467692488261
C103581,1,Mid-Value Occasional Shoppers,-0.613827322575667,-0.7497214605815948
C103582,2,Low-Engagement / Dormant,-0.547672047600826,1.2030083681719157
C103583,1,Mid-Value Occasional Shoppers,1.227143607555341,0.7347774596174379
C103584,1,Mid-Value Occasional Shoppers,-0.35366233994995705,-1.2534834229563776
C103585,1,Mid-Value Occasional Shoppers,1.0399115287112426,0.2647429077600173
C103587,1,Mid-Value Occasional Shoppers,0.46136299897061495,0.13641052808016796
C103588,1,Mid-Value Occasional Shoppers,-0.9738792649405728,-1.5457451646203295
C103589,3,High-Value Loyalists,2.6156486364696327,0.47361289745628665
C103590,1,Mid-Value Occasional Shoppers,0.310790155974005,-0.790062570837681
C103591,1,Mid-Value Occasional Shoppers,0.5400467993617042,-0.14310333039363346
C103592,1,Mid-Value Occasional Shoppers,-0.6272178684384495,0.12178615055882677
C103593,1,Mid-Value Occasional Shoppers,1.4322919360800552,-0.05336304693038924
C103595,1,Mid-Value Occasional Shoppers,0.42613373850132585,-0.07689095085823264
C103596,1,Mid-Value Occasional Shoppers,-0.7393354547199301,-0.9192246702815199
C103597,1,Mid-Value Occasional Shoppers,-0.38077081835196913,0.5976047133880006
C103598,1,Mid-Value Occasional Shoppers,1.5546192209169152,0.7570851646707996
C103599,1,Mid-Value Occasional Shoppers,-0.8276734617371044,-1.1093261125864657
C103600,2,Low-Engagement / Dormant,-0.8362045761640923,1.2438102507736941
C103601,1,Mid-Value Occasional Shoppers,0.09697583968322007,0.4176541026365382
C103602,1,Mid-Value Occasional Shoppers,-1.2147960678256193,-1.6951031104665757
C103603,1,Mid-Value Occasional Shoppers,-1.760074905773176,-1.430946387838409
C103604,1,Mid-Value Occasional Shoppers,-0.9023562220563864,-1.4925077287611244
C103605,1,Mid-Value Occasional Shoppers,1.1956463698708157,-0.24012391168319655
C103606,0,Low-Engagement / Dormant,-1.7633514328738147,-0.7576175553023554
C103607,3,High-Value Loyalists,2.9544898526710552,-0.14349801479667015
C103608,1,Mid-Value Occasional Shoppers,-0.14266811028621745,-0.8966042806671846
C103609,2,Low-Engagement / Dormant,-2.3181504615257653,1.648967802017896
C103610,2,Low-Engagement / Dormant,-0.8230421696621053,2.187373501045189
C103611,2,Low-Engagement / Dormant,-1.0520271996751067,1.0195939483452618
C103612,3,High-Value Loyalists,2.1902236571810816,-0.4402262197821979
C103613,1,Mid-Value Occasional Shoppers,0.2254245028489186,0.14813379951080566
C103614,1,Mid-Value Occasional Shoppers,0.5857367248830189,-0.057832415946592636
C103615,3,High-Value Loyalists,2.6576673574109053,-0.4384330599533475
C103616,1,Mid-Value Occasional Shoppers,1.6490864357141453,0.7060721047049884
C103617,1,Mid-Value Occasional Shoppers,0.7670006389525422,0.3046417367024739
C103618,1,Mid-Value Occasional Shoppers,-0.6181237312868129,-1.379435283917469
C103619,1,Mid-Value Occasional Shoppers,-0.2518333590254944,0.8600324955639111
C103620,1,Mid-Value Occasional Shoppers,0.03174834971289515,-0.646078650940634
C103621,1,Mid-Value Occasional Shoppers,-0.2483966342853388,-0.5905783897260808
C103622,1,Mid-Value Occasional Shoppers,-0.9051555749903346,-0.14300086359227088
C103623,1,Mid-Value Occasional Shoppers,0.8592638423553705,-0.41643730996536327
C103624,1,Mid-Value Occasional Shoppers,-0.7338616323416316,0.7809734992417755
C103625,1,Mid-Value Occasional Shoppers,-0.5773074201834729,-1.2852201228591573
C103627,1,Mid-Value Occasional Shoppers,-0.36759411880156595,0.7639619637271658
C103628,1,Mid-Value Occasional Shoppers,-0.15018286956569524,-0.7863079768432925
C103630,2,Low-Engagement / Dormant,-2.2800629781271966,4.205070753826623
C103631,1,Mid-Value Occasional Shoppers,-0.538673576954582,-0.43995661578575507
C103632,1,Mid-Value Occasional Shoppers,0.6552492950213228,-0.4357573002725707
C103634,1,Mid-Value Occasional Shoppers,0.5465324600850248,-0.6552560519719033
C103635,1,Mid-Value Occasional Shoppers,-0.5455628030441014,-1.391977716981555
C103636,1,Mid-Value Occasional Shoppers,0.0190018003427767,0.8960195799476522
C103637,1,Mid-Value Occasional Shoppers,-0.12025555356035782,1.2273086834970475
C103638,1,Mid-Value Occasional Shoppers,-1.491408547161277,-1.0323881445365568
C103639,1,Mid-Value Occasional Shoppers,-0.7329144586162468,0.7727974837616182
C103640,1,Mid-Value Occasional Shoppers,1.6351523928611376,-0.6124659320101026
C103641,3,High-Value Loyalists,2.7306829102233987,0.2339856544751255
C103642,2,Low-Engagement / Dormant,-1.9738451227611036,2.2485798244029023
C103643,1,Mid-Value Occasional Shoppers,-0.7817271308518771,-1.0930033715824279
C103644,3,High-Value Loyalists,4.568516582727403,0.06461868212090957
C103645,3,High-Value Loyalists,1.6718804098964717,-1.019395678781743
C103646,1,Mid-Value Occasional Shoppers,1.2105380687165521,0.10454305909946636
C103647,2,Low-Engagement / Dormant,-2.387604991511611,2.060674260821942
C103648,1,Mid-Value Occasional Shoppers,1.234368952214546,0.46812435498648036
C103649,0,Low-Engagement / Dormant,-2.637339027168154,-2.0043361286351815
C103650,1,Mid-Value Occasional Shoppers,-1.899914072618419,-1.4424378752946687
C103651,3,High-Value Loyalists,2.2751313053406657,0.3834511994559644
C103652,1,Mid-Value Occasional Shoppers,1.5590224690894594,-0.07794743556766072
C103653,1,Mid-Value Occasional Shoppers,-0.8703302131969017,0.5183035584489588
C103654,1,Mid-Value Occasional Shoppers,0.8120981905905758,-0.22318686919520397
C103655,1,Mid-Value Occasional Shoppers,-1.2807195570036267,-1.1825796720939772
C103656,2,Low-Engagement / Dormant,-0.3796257767487318,1.607757340756384
C103657,3,High-Value Loyalists,4.726504627578031,0.578094715056724
C103658,1,Mid-Value Occasional Shoppers,0.3910745766992026,0.3048693464745653
C103659,1,Mid-Value Occasional Shoppers,-0.9987795761684676,-0.13628494733072422
C103660,2,Low-Engagement / Dormant,-2.00263312434131,3.2909367651400894
C103661,1,Mid-Value Occasional Shoppers,0.17513053866842135,-1.2594178955775657
C103662,1,Mid-Value Occasional Shoppers,0.45927989902691396,1.406673662405703
C103663,2,Low-Engagement / Dormant,-0.4832807903423692,1.437749653754919
C103664,1,Mid-Value Occasional Shoppers,-0.5843025049406684,-0.008632368396959184
C103665,1,Mid-Value Occasional Shoppers,-0.42429770223448676,-0.23184612470667607
C103666,1,Mid-Value Occasional Shoppers,-0.70367785637641,0.43620882381745907
C103667,3,High-Value Loyalists,2.935306745932336,-0.04243114050818483
C103668,3,High-Value Loyalists,3.941279016356451,0.44197629217700757
C103669,1,Mid-Value Occasional Shoppers,-1.279434303767367,-0.44349225775955126
C103670,1,Mid-Value Occasional Shoppers,-1.1950998726404685,0.44252827229171227
C103671,1,Mid-Value Occasional Shoppers,1.8179692233393938,0.5677262124027124
C103672,1,Mid-Value Occasional Shoppers,0.18974740214359834,-0.07545362046163313
C103673,1,Mid-Value Occasional Shoppers,-1.3104771200903815,-0.6554644897411068
C103674,1,Mid-Value Occasional Shoppers,-0.028320515271955726,0.36679927670190926
C103675,0,Low-Engagement / Dormant,-2.660633968339912,-1.7755319890880905
C103676,1,Mid-Value Occasional Shoppers,0.8900936310213655,0.259040407976585
C103677,1,Mid-Value Occasional Shoppers,0.2776629390873728,0.2681449851496218
C103678,2,Low-Engagement / Dormant,-2.569098223406261,2.0697816366105264
C103679,3,High-Value Loyalists,2.8599894325034523,0.038013229176226945
C103680,1,Mid-Value Occasional Shoppers,0.3484354684380484,1.0513561978048847
C103681,1,Mid-Value Occasional Shoppers,0.7732013782139427,-0.6900569402206055
C103682,2,Low-Engagement / Dormant,-1.9093246417574892,1.7123661573399638
C103683,1,Mid-Value Occasional Shoppers,-0.9181533103908396,-0.9021042280652565
C103684,1,Mid-Value Occasional Shoppers,-0.7955334047301534,0.415600733196437
C103685,2,Low-Engagement / Dormant,-1.1742807377106135,1.3460750934790184
C103686,3,High-Value Loyalists,1.85904107788172,-0.6651409137364429
C103687,2,Low-Engagement / Dormant,-0.34881095910389337,2.1979806148496497
C103688,1,Mid-Value Occasional Shoppers,0.8592315310689005,-0.8631949708813126
C103689,3,High-Value Loyalists,5.06356364904155,0.315912923663862
C103690,1,Mid-Value Occasional Shoppers,-0.6909980818376952,-1.278723153761182
C103692,1,Mid-Value Occasional Shoppers,0.35912119880122095,-1.0166157634059385
C103693,0,Low-Engagement / Dormant,-2.9531148963853218,1.0972310963364977
C103694,1,Mid-Value Occasional Shoppers,0.40091416673534686,0.25362392706553705
C103695,0,Low-Engagement / Dormant,-2.968774248136887,-1.5542046678932966
C103696,1,Mid-Value Occasional Shoppers,-0.01036839563042849,-0.11508023525935186
C103697,2,Low-Engagement / Dormant,-1.9962682808269794,1.2495618837720042
C103698,1,Mid-Value Occasional Shoppers,-0.7181024492752986,-1.1017746582673766
C103699,1,Mid-Value Occasional Shoppers,-0.48724990785365907,-1.4349957297663551
C103700,0,Low-Engagement / Dormant,-2.496210521253977,-1.9878863783730836
C103701,1,Mid-Value Occasional Shoppers,1.282361091092354,0.9777984612599081
C103702,1,Mid-Value Occasional Shoppers,-0.7996013843055635,-1.065944744405919
C103703,1,Mid-Value Occasional Shoppers,1.492493284332896,0.5174203930304297
C103704,2,Low-Engagement / Dormant,-1.6793535641615742,0.4572825706467818
C103705,0,Low-Engagement / Dormant,-2.637339027168154,-2.0043361286351815
C103706,0,Low-Engagement / Dormant,-2.293222903484578,-0.08997798024639048
C103707,0,Low-Engagement / Dormant,-2.478609899035315,-2.160760617141997
C103708,1,Mid-Value Occasional Shoppers,1.5870818296681233,-0.34747542324507374
C103709,3,High-Value Loyalists,2.241731196609731,-0.1621970435324365
C103710,1,Mid-Value Occasional Shoppers,-0.44975483475815115,1.0389291424422349
C103711,2,Low-Engagement / Dormant,-1.6651944652533068,1.4510645453613138
C103712,1,Mid-Value Occasional Shoppers,-0.03918582927418986,-0.7008655571065374
C103713,1,Mid-Value Occasional Shoppers,-0.7926938260879366,0.22173971174821394
C103714,1,Mid-Value Occasional Shoppers,-0.7096834440222924,-0.510646584943532
C103715,1,Mid-Value Occasional Shoppers,-0.2809659503933009,-0.4063145095441742
C103716,3,High-Value Loyalists,5.238144944567344,-0.18260045519323456
C103717,3,High-Value Loyalists,3.2870741503610454,0.2575829011594766
C103718,1,Mid-Value Occasional Shoppers,-0.6597310238378457,-0.3209431762019543
C103719,1,Mid-Value Occasional Shoppers,-1.5069352332056496,-1.302388385422822
C103720,1,Mid-Value Occasional Shoppers,-0.21759873203481908,-0.693703531670028
C103721,1,Mid-Value Occasional Shoppers,0.5259798033384558,0.16270128129575767
C103722,1,Mid-Value Occasional Shoppers,1.263646060582976,-0.3797834914294221
C103723,1,Mid-Value Occasional Shoppers,-1.0579236091463344,-0.3187414119397934
C103724,1,Mid-Value Occasional Shoppers,-0.8364772220916796,-0.3836194932304671
C103725,3,High-Value Loyalists,5.701172936607757,0.7330944140606868
C103726,3,High-Value Loyalists,1.958257169875163,-0.7188282787222059
C103727,3,High-Value Loyalists,2.5837689449816144,0.4682989842493777
C103728,2,Low-Engagement / Dormant,-0.7518026552343177,1.4481309894694174
C103729,1,Mid-Value Occasional Shoppers,-1.610298222576646,0.04302830131673711
C103730,2,Low-Engagement / Dormant,-0.9497549922862798,0.939916716152742
C103731,1,Mid-Value Occasional Shoppers,0.3776409693077348,0.7211564222598099
C103732,3,High-Value Loyalists,2.4258191818668084,-0.8480655608632477
C103733,1,Mid-Value Occasional Shoppers,-0.03725572178822157,-0.8769504339751836
C103734,1,Mid-Value Occasional Shoppers,0.15377952868089317,-0.33666023364533937
C103735,2,Low-Engagement / Dormant,-1.3274727778797977,3.0086851188131005
C103736,0,Low-Engagement / Dormant,-1.4825087963946224,-1.4357975247340573
C103737,0,Low-Engagement / Dormant,-2.6238797278244714,-2.1365340759290565
C103738,1,Mid-Value Occasional Shoppers,-0.9554021656134832,-1.4810157326571138
C103739,1,Mid-Value Occasional Shoppers,-1.5452710178423414,-0.9987368207962849
C103740,3,High-Value Loyalists,3.050822584330317,-0.10446844601081653
C103741,1,Mid-Value Occasional Shoppers,-1.132992174533428,-1.2517750132891827
C103742,1,Mid-Value Occasional Shoppers,0.4267548348586458,-0.11233744988824018
C103743,1,Mid-Value Occasional Shoppers,0.2489514095567182,0.9254792734375453
C103744,0,Low-Engagement / Dormant,-1.876612596140042,-1.3322860244973123
C103745,3,High-Value Loyalists,2.6580631059537763,-0.16566947245363897
C103746,1,Mid-Value Occasional Shoppers,-0.7540135716976094,-1.664339123974584
C103747,2,Low-Engagement / Dormant,-1.214003904319242,0.6992676177498921
C103748,0,Low-Engagement / Dormant,-2.677199259839829,-1.6128268231879368
C103749,1,Mid-Value Occasional Shoppers,0.45911501863105625,-0.5103655439467029
C103750,2,Low-Engagement / Dormant,-2.1707368447633897,1.3743623628699255
C103751,1,Mid-Value Occasional Shoppers,0.3167504394786877,0.24830209774647513
C103752,1,Mid-Value Occasional Shoppers,-1.2062353801008638,-0.8166857678462892
C103753,1,Mid-Value Occasional Shoppers,-0.18177228250496805,0.8669247701489768
C103754,2,Low-Engagement / Dormant,-1.7283452102355201,1.0767989556698214
C103755,1,Mid-Value Occasional Shoppers,-0.2048563330125833,-0.4781251363431703
C103756,1,Mid-Value Occasional Shoppers,0.3137262026870704,-0.6723872677237038
C103757,1,Mid-Value Occasional Shoppers,0.5394978416945618,0.48252022190723176
C103758,1,Mid-Value Occasional Shoppers,0.49593112659600413,-0.7750075501797578
C103759,1,Mid-Value Occasional Shoppers,0.2385233436133876,0.16259723801739068
C103760,2,Low-Engagement / Dormant,-0.9159292974403916,1.2171412115461067
C103761,1,Mid-Value Occasional Shoppers,0.08062315001308716,0.37135359465085443
C103762,1,Mid-Value Occasional Shoppers,1.3338978302114752,-1.0797302780955025
C103763,2,Low-Engagement / Dormant,-1.1698904556956105,0.7784745759667293
C103764,1,Mid-Value Occasional Shoppers,0.74974306596351,-0.09823732304006086
C103765,1,Mid-Value Occasional Shoppers,-0.7844307624838937,-0.3621941763570339
C103766,2,Low-Engagement / Dormant,-1.1977324692840932,1.3381526162259436
C103767,2,Low-Engagement / Dormant,-2.3182255653818156,1.6086263444058695
C103768,1,Mid-Value Occasional Shoppers,-0.5411331921869963,0.25816836535511695
C103769,1,Mid-Value Occasional Shoppers,-0.17518660749656265,0.3674944608013173
C103770,1,Mid-Value Occasional Shoppers,-1.6868810890550872,-0.5139237641428401
C103771,1,Mid-Value Occasional Shoppers,0.09387837003184274,-0.36056878988442004
C103773,1,Mid-Value Occasional Shoppers,-0.603862038071644,-0.9010503303122395
C103774,2,Low-Engagement / Dormant,-2.177679062825723,3.6249108858104013
C103775,1,Mid-Value Occasional Shoppers,-0.3276513709521366,-0.07871322157926397
C103776,2,Low-Engagement / Dormant,-1.021003797440624,1.406282605102196
C103777,1,Mid-Value Occasional Shoppers,0.79482395959577,-0.4433423862608968
C103778,2,Low-Engagement / Dormant,-1.2189766018634174,1.218673955563406
C103780,1,Mid-Value Occasional Shoppers,0.8216651003922794,0.18381204991693875
C103781,3,High-Value Loyalists,2.4427277036859234,-0.415338767036582
C103782,1,Mid-Value Occasional Shoppers,-0.05100004265889782,0.8882223177201677
C103783,0,Low-Engagement / Dormant,-2.6507983265118367,-1.8721381813413067
C103784,1,Mid-Value Occasional Shoppers,-1.1431811666273806,-1.8637245460028302
C103785,1,Mid-Value Occasional Shoppers,-1.7046139184283324,-0.3584890095477053
C103786,1,Mid-Value Occasional Shoppers,-0.17854526678340327,0.5019855938768282
C103787,2,Low-Engagement / Dormant,-3.2171242296652487,3.690344677870197
C103788,1,Mid-Value Occasional Shoppers,-0.12027804481880819,-0.8990803154284396
C103789,2,Low-Engagement / Dormant,-1.5201072546014667,1.2324409472254914
C103791,1,Mid-Value Occasional Shoppers,-0.6512740282924805,-1.2886229585881026
C103792,1,Mid-Value Occasional Shoppers,0.19709068238487487,-0.6702334010397811
C103794,1,Mid-Value Occasional Shoppers,0.007324531465712988,-0.8695210491914219
C103795,1,Mid-Value Occasional Shoppers,0.1049898391842732,0.511639488071888
C103796,1,Mid-Value Occasional Shoppers,0.9883864869453077,0.5058410161754597
C103797,3,High-Value Loyalists,5.676878891471678,0.47522533707675424
C103798,1,Mid-Value Occasional Shoppers,-0.1051069670941043,0.0555526191886972
C103799,1,Mid-Value Occasional Shoppers,-0.10793428170178412,-0.39970320269655607
C103800,1,Mid-Value Occasional Shoppers,1.1655664896832085,0.680222829443388
C103801,1,Mid-Value Occasional Shoppers,0.9510683791553051,0.6879814510184932
C103802,1,Mid-Value Occasional Shoppers,-1.2128298579523022,-0.905814826916659
C103803,1,Mid-Value Occasional Shoppers,-0.7695217462678798,-0.8446090114324144
C103804,2,Low-Engagement / Dormant,-2.988739572978894,4.018437386921529
C103805,1,Mid-Value Occasional Shoppers,-0.6333714561814535,0.20586879971739366
C103806,2,Low-Engagement / Dormant,-1.0568336677424999,1.3989083094156036
C103807,1,Mid-Value Occasional Shoppers,-1.8601162087077652,-0.3898927106832978
C103808,1,Mid-Value Occasional Shoppers,-0.2045916339426695,-1.1155016151351198
C103809,1,Mid-Value Occasional Shoppers,-1.2052822113875035,-1.1287319774181628
C103810,1,Mid-Value Occasional Shoppers,-1.0892769689231612,-0.0831365758991916
C103811,1,Mid-Value Occasional Shoppers,-0.9057322552694406,-0.08159630628000707
C103812,0,Low-Engagement / Dormant,-2.6394096886056437,-1.9839979828976624
C103813,3,High-Value Loyalists,1.8788814064557693,-0.8753765780074557
C103814,3,High-Value Loyalists,2.0539191632980254,-0.5497599618184176
C103815,1,Mid-Value Occasional Shoppers,-1.9889754711655199,0.20676729206755187
C103816,1,Mid-Value Occasional Shoppers,-0.5167524710462671,-0.49318212609565304
C103817,1,Mid-Value Occasional Shoppers,-1.2616480964806474,-1.1359123289948005
C103818,1,Mid-Value Occasional Shoppers,0.6145746455493855,-0.760958478943844
C103819,0,Low-Engagement / Dormant,-2.6777169251992015,-1.607742286753557
C103820,3,High-Value Loyalists,2.7228624235609002,0.5764153697298882
C103821,2,Low-Engagement / Dormant,-2.083275074079581,4.190677918543253
C103822,2,Low-Engagement / Dormant,-0.6839014319083643,1.3464102928626551
C103823,1,Mid-Value Occasional Shoppers,0.5036100606900056,-0.4620748985260466
C103824,1,Mid-Value Occasional Shoppers,0.48340495060635985,-1.1426841836880117
C103825,2,Low-Engagement / Dormant,-2.1548870734178656,2.890931940998366
C103826,3,High-Value Loyalists,2.6018692470746427,0.2808071521141496
C103827,1,Mid-Value Occasional Shoppers,-0.5215607847000121,-1.1574944401791711
C103828,0,Low-Engagement / Dormant,-2.7564020598238073,-0.834892748727827
C103829,1,Mid-Value Occasional Shoppers,0.7854633924614354,-1.0392937999829392
C103830,1,Mid-Value Occasional Shoppers,-0.23876031800456635,-0.07508231858063061
C103831,2,Low-Engagement / Dormant,-1.8680216032121957,2.006801186201032
C103832,2,Low-Engagement / Dormant,-0.8917461607260936,5.089072918541541
C103833,2,Low-Engagement / Dormant,-0.7376487993332166,2.7013415964795167
C103834,1,Mid-Value Occasional Shoppers,-1.144572234314769,-1.5827319445602355
C103835,1,Mid-Value Occasional Shoppers,-0.32874309246692757,-0.31032743853961064
C103836,1,Mid-Value Occasional Shoppers,0.7673943902017304,-0.891077607088519
C103837,1,Mid-Value Occasional Shoppers,-0.6361384846162639,-1.2519144904599848
C103838,2,Low-Engagement / Dormant,-1.1228033154117794,1.2145560122870729
C103839,3,High-Value Loyalists,2.944455859769211,0.10648718174841668
C103840,1,Mid-Value Occasional Shoppers,-2.054351416199487,-0.09253240679233829
C103841,1,Mid-Value Occasional Shoppers,0.8887695792064497,0.8653604995003588
C103842,3,High-Value Loyalists,2.337132594162371,-0.5274156092776181
C103843,0,Low-Engagement / Dormant,-2.9584209409494386,-1.6558953965808927
C103844,1,Mid-Value Occasional Shoppers,-0.497624399374489,-0.7379613982639338
C103845,1,Mid-Value Occasional Shoppers,-0.9955243403791848,-1.3236667468923105
C103846,1,Mid-Value Occasional Shoppers,1.1610781209060017,1.6212008692865332
C103847,1,Mid-Value Occasional Shoppers,1.503227044218557,0.3649113500418671
C103848,1,Mid-Value Occasional Shoppers,1.1930314050818784,0.5123771857658965
C103849,2,Low-Engagement / Dormant,-3.061824621853527,2.164983747556256
C103850,1,Mid-Value Occasional Shoppers,-0.6431070456597637,0.5384799188863799
C103852,2,Low-Engagement / Dormant,-0.9296339786118842,1.7517810548658204
C103853,1,Mid-Value Occasional Shoppers,-0.8427077954318121,-0.8285936473606077
C103854,1,Mid-Value Occasional Shoppers,-0.41211433749540305,-0.6087510041487156
C103855,1,Mid-Value Occasional Shoppers,-0.2211473716893884,-0.40213436849027967
C103856,3,High-Value Loyalists,1.6307395525225987,0.1234408140678312
C103857,2,Low-Engagement / Dormant,-1.61909617981813,2.2184533462656923
C103858,1,Mid-Value Occasional Shoppers,-0.6098067486750173,-0.5055913069381118
C103859,2,Low-Engagement / Dormant,-1.2324048712894917,1.5171193840935993
C103860,1,Mid-Value Occasional Shoppers,-0.615224378637722,-1.0057154079849369
C103861,3,High-Value Loyalists,3.638900084383488,0.32547349549606935
C103862,2,Low-Engagement / Dormant,-2.2890294418131636,3.9042984538253305
C103863,1,Mid-Value Occasional Shoppers,0.5016297787088326,-1.0121551672263776
C103864,1,Mid-Value Occasional Shoppers,-0.6381793463073238,-0.7837766797444744
C103865,3,High-Value Loyalists,6.617991540405861,0.5459419867436809
C103866,0,Low-Engagement / Dormant,-1.288454753953796,-2.0921780307580122
C103867,3,High-Value Loyalists,4.031351833364469,0.6576182373371974
C103869,1,Mid-Value Occasional Shoppers,-0.4647031023908202,-1.0710999954443896
C103871,0,Low-Engagement / Dormant,-2.624397393183844,-2.131449539494677
C103872,0,Low-Engagement / Dormant,-3.0478476571504722,2.027701263828001
C103873,1,Mid-Value Occasional Shoppers,-0.815670775287909,-1.538075024308773
C103874,1,Mid-Value Occasional Shoppers,0.7293663308833216,0.37362453738212914
C103875,1,Mid-Value Occasional Shoppers,-1.1984564321122513,0.3576587130715173
C103876,2,Low-Engagement / Dormant,-1.088099756827735,1.1461347050705066
C103877,1,Mid-Value Occasional Shoppers,-1.1133274284903005,0.11989007351920389
C103878,1,Mid-Value Occasional Shoppers,-1.0566956788524822,-1.6315334292473047
C103879,1,Mid-Value Occasional Shoppers,0.7458648276283936,-0.6207325033565262
C103880,2,Low-Engagement / Dormant,-1.225129898423941,1.2324554274621156
C103881,3,High-Value Loyalists,4.6295312293769015,-0.14146027849403875
C103882,1,Mid-Value Occasional Shoppers,-0.6607143166264307,-1.0048905791212988
C103883,1,Mid-Value Occasional Shoppers,-1.4014427248504915,0.4125849542979509
C103884,1,Mid-Value Occasional Shoppers,-0.04381185095565772,0.22467126607218266
C103885,1,Mid-Value Occasional Shoppers,0.13007370838798804,0.008301854789219378
C103886,1,Mid-Value Occasional Shoppers,-0.2945619616797757,0.12505620770102677
C103887,1,Mid-Value Occasional Shoppers,0.7674757265413394,-0.6967525281063046
C103888,1,Mid-Value Occasional Shoppers,0.772187349749273,-0.9757805213729749
C103889,1,Mid-Value Occasional Shoppers,-1.2110874471368727,-1.5022670822428814
C103890,1,Mid-Value Occasional Shoppers,-0.5044808569479166,-0.658931646532753
C103892,1,Mid-Value Occasional Shoppers,-1.0146213745259587,-1.4439048523270188
C103893,3,High-Value Loyalists,2.2152548614938334,0.4587788875396692
C103894,1,Mid-Value Occasional Shoppers,0.24204588845239658,0.0089701298322968
C103895,1,Mid-Value Occasional Shoppers,0.34533534897204965,-0.001714195914740865
C103896,1,Mid-Value Occasional Shoppers,0.6749775213506972,0.8128445079074158
C103897,2,Low-Engagement / Dormant,-2.175364179034117,2.9014597625913825
C103898,1,Mid-Value Occasional Shoppers,-0.5122956119508781,-0.7116988951339783
C103899,1,Mid-Value Occasional Shoppers,1.1134824463113953,-0.08158155749095941
C103900,3,High-Value Loyalists,4.226825215098134,0.2739384994519604
C103901,1,Mid-Value Occasional Shoppers,-0.09181716113268631,0.8238191183014398
C103902,3,High-Value Loyalists,5.080164792057174,0.06734745486646128
C103903,1,Mid-Value Occasional Shoppers,0.5314227632617344,0.49138815877287956
C103904,2,Low-Engagement / Dormant,-2.0992962013291723,3.6677301460412366
C103905,1,Mid-Value Occasional Shoppers,-0.5891572591895317,-0.9506857362775296
C103906,1,Mid-Value Occasional Shoppers,0.2117429853431343,-0.9153731252599888
C103907,1,Mid-Value Occasional Shoppers,-1.2968486745841468,-0.37089259905699834
C103908,1,Mid-Value Occasional Shoppers,-0.3754143803973962,-0.6075359060192795
C103909,1,Mid-Value Occasional Shoppers,-0.9416545882219874,-0.9913060987091705
C103910,1,Mid-Value Occasional Shoppers,-0.5184092126299208,-1.0007337316950533
C103911,3,High-Value Loyalists,5.77956153129777,0.9288404714950045
C103912,0,Low-Engagement / Dormant,-2.621809066386982,-2.1568722216665757
C103913,3,High-Value Loyalists,5.3359921215334865,0.4103515571344039
C103914,1,Mid-Value Occasional Shoppers,1.240821262781704,0.9532206662613719
C103915,2,Low-Engagement / Dormant,-1.6243868700343969,1.4834037830963718
C103916,1,Mid-Value Occasional Shoppers,-0.9806313253591642,-1.1478247484983617
C103917,3,High-Value Loyalists,4.3513416028103284,0.6386886708021405
C103918,1,Mid-Value Occasional Shoppers,-0.056761277297038795,0.3759136719142151
C103919,2,Low-Engagement / Dormant,-1.90893469847416,2.572051250249353
C103920,3,High-Value Loyalists,2.3430944660490405,-0.11088452662622253
C103922,3,High-Value Loyalists,2.324657479805573,0.10640624301988323
C103923,1,Mid-Value Occasional Shoppers,0.14581948894774538,0.3707957169106993
C103924,3,High-Value Loyalists,6.179013636321042,0.42651508298822566
C103925,1,Mid-Value Occasional Shoppers,0.869818125922288,0.4266672365649696
C103926,3,High-Value Loyalists,4.013675883467354,0.5140062739264405
C103927,1,Mid-Value Occasional Shoppers,-0.25429585510433467,-0.3849193504731947
C103928,1,Mid-Value Occasional Shoppers,-0.3380884819956145,-0.118955150856223
C103929,3,High-Value Loyalists,1.7652918019776034,-0.47873132414614583
C103930,1,Mid-Value Occasional Shoppers,-0.6239394384680966,-1.3379017375266977
C103931,0,Low-Engagement / Dormant,-2.8697707735263642,0.27862073040134966
C103932,3,High-Value Loyalists,5.671044737120966,0.37465919419873833
C103933,2,Low-Engagement / Dormant,-1.217088624378397,1.6643965169494372
C103934,2,Low-Engagement / Dormant,-0.888074870765344,1.2882490457102536
C103935,1,Mid-Value Occasional Shoppers,-0.6262965332820171,-0.8980628902358196
C103936,1,Mid-Value Occasional Shoppers,-0.7097188988272906,0.8692374661771798
C103937,3,High-Value Loyalists,4.533030807090598,0.3497438962460935
C103938,1,Mid-Value Occasional Shoppers,-0.37924606810512074,-0.5405291151428361
C103939,1,Mid-Value Occasional Shoppers,0.4802203541719241,-0.5016737529204989
C103940,3,High-Value Loyalists,4.879211124185946,0.5312055066142916
C103941,1,Mid-Value Occasional Shoppers,-0.8091650320334519,-0.9550166197804704
C103942,2,Low-Engagement / Dormant,-1.8812527644035593,2.000954464770579
C103943,0,Low-Engagement / Dormant,-2.6782345905585743,-1.6026577503191772
C103944,1,Mid-Value Occasional Shoppers,-1.2241183977090653,-1.2445346270343893
C103945,2,Low-Engagement / Dormant,-1.7740543991300155,0.8534179364639841
C103946,1,Mid-Value Occasional Shoppers,-1.2286663575902963,-0.35503247352267425
C103947,1,Mid-Value Occasional Shoppers,0.2257009808706784,-0.4911080768135612
C103948,3,High-Value Loyalists,2.2468869834951755,-0.9475878022150725
C103949,3,High-Value Loyalists,2.7940780180026006,0.45287460434951776
C103950,1,Mid-Value Occasional Shoppers,0.821176136472407,-0.09593771552942716
C103951,1,Mid-Value Occasional Shoppers,-0.0161953252461519,0.6868527976805996
C103952,1,Mid-Value Occasional Shoppers,-0.359389542807872,-1.032373313181852
C103953,1,Mid-Value Occasional Shoppers,-0.04362188242294966,1.144492729715949
C103954,1,Mid-Value Occasional Shoppers,-0.8190173517211959,-0.015090714244427995
C103955,1,Mid-Value Occasional Shoppers,-0.35374007607023283,-1.2952789884536282
C103956,0,Low-Engagement / Dormant,-2.624915058543216,-2.1263650030602967
C103957,3,High-Value Loyalists,2.11359416334542,-0.14556745299162818
C103958,3,High-Value Loyalists,4.594215841193984,0.6143447135419365
C103959,0,Low-Engagement / Dormant,-2.774520347401842,-0.656933973524534
C103960,2,Low-Engagement / Dormant,-2.232314988412922,3.715367191278356
C103961,1,Mid-Value Occasional Shoppers,0.223025080046822,0.5983212236865445
C103963,0,Low-Engagement / Dormant,-2.1138774884821516,-1.6369957266045083
C103964,1,Mid-Value Occasional Shoppers,-0.23469222173658383,-0.48556291987597505
C103965,0,Low-Engagement / Dormant,-1.3714625992359015,-1.7608912523471334
C103966,1,Mid-Value Occasional Shoppers,0.5690729622988719,1.298458842918056
C103967,2,Low-Engagement / Dormant,-1.9896814102498857,3.6318320379042723
C103968,3,High-Value Loyalists,2.9956705237766075,0.03398085011076179
C103969,3,High-Value Loyalists,2.7299848567783096,0.8458962448928457
C103970,0,Low-Engagement / Dormant,-2.6647752912148914,-1.734855697613052
C103971,2,Low-Engagement / Dormant,-0.5335141308579606,0.9832209934698394
C103972,1,Mid-Value Occasional Shoppers,0.020941258312130357,-0.7997042023138726
C103973,1,Mid-Value Occasional Shoppers,-1.3433330854831198,-1.3299602639183323
C103974,1,Mid-Value Occasional Shoppers,0.012908081397443896,-1.2063589784029753
C103975,1,Mid-Value Occasional Shoppers,-0.06658327973702527,1.1069587000394439
C103976,1,Mid-Value Occasional Shoppers,-0.6806692528526223,0.29712402984180764
C103977,1,Mid-Value Occasional Shoppers,-1.209931381704986,0.38229283761884897
C103978,1,Mid-Value Occasional Shoppers,-0.7271724177356033,-1.2867430698987146
C103979,3,High-Value Loyalists,2.826538300975771,-0.4528413677093768
C103980,1,Mid-Value Occasional Shoppers,-0.145931677106031,1.0735702624706862
C103981,1,Mid-Value Occasional Shoppers,-0.3582594729571591,-1.3119481984954577
C103982,1,Mid-Value Occasional Shoppers,-0.6672803832006006,-1.6236000229605685
C103983,2,Low-Engagement / Dormant,-1.6831421630602355,1.280003997789195
C103984,2,Low-Engagement / Dormant,0.39014902679806,2.604989033785714
C103985,1,Mid-Value Occasional Shoppers,0.34193336355743087,-0.36669524876058945
C103986,1,Mid-Value Occasional Shoppers,-1.8151550684057731,-1.0559878597177221
C103988,3,High-Value Loyalists,3.5337779476990154,-0.20216693751329076
C103989,1,Mid-Value Occasional Shoppers,0.9189576493988579,0.13120473335204252
C103990,3,High-Value Loyalists,1.9039010092948931,-0.7801661250103485
C103991,1,Mid-Value Occasional Shoppers,-0.6057681901484738,-1.475184342510673
C103992,1,Mid-Value Occasional Shoppers,-0.8746286044162326,-1.8384974462709225
C103993,2,Low-Engagement / Dormant,-1.4710073545283573,2.485258114162669
C103994,2,Low-Engagement / Dormant,-1.3368206997442176,0.9958560356217533
C103995,1,Mid-Value Occasional Shoppers,-0.7468228552396744,-0.04304860904961153
C103996,1,Mid-Value Occasional Shoppers,-0.03590446044432461,0.4845736417802623
C103997,1,Mid-Value Occasional Shoppers,-1.0067802524129763,-1.8979828748172218
C103998,1,Mid-Value Occasional Shoppers,-0.2780538643500533,1.0089231345305212
C103999,1,Mid-Value Occasional Shoppers,-0.045747877485308654,-0.9060594501939294
C104000,1,Mid-Value Occasional Shoppers,-2.07548449863604,-1.046497023977756
C104001,1,Mid-Value Occasional Shoppers,1.0105179029959213,-1.1845085124181791
C104002,1,Mid-Value Occasional Shoppers,-1.0861526217037358,-0.9178924818863567
C104003,1,Mid-Value Occasional Shoppers,0.5105386560460097,0.34621549324086864
C104004,1,Mid-Value Occasional Shoppers,-0.45218767454990627,-0.9910311942723322
C104005,2,Low-Engagement / Dormant,-1.340315474574191,1.110843264516751
C104006,1,Mid-Value Occasional Shoppers,0.8918762541602953,0.6953908485935276
C104007,1,Mid-Value Occasional Shoppers,1.0717983695093707,-0.14369392057532215
C104008,1,Mid-Value Occasional Shoppers,-0.456343961675194,0.2371056725029617
C104009,3,High-Value Loyalists,2.1729764353056336,-0.8368131118515246
C104010,1,Mid-Value Occasional Shoppers,0.7102617020772106,0.14623387585467834
C104011,1,Mid-Value Occasional Shoppers,-0.7516912594997412,0.22177501209518177
C104012,1,Mid-Value Occasional Shoppers,0.460056652735441,0.04094625778596698
C104013,2,Low-Engagement / Dormant,-1.3295154743929878,1.177863311805928
C104014,1,Mid-Value Occasional Shoppers,-1.1926228202379017,-0.3311742500130564
C104015,2,Low-Engagement / Dormant,-1.1499881226494306,1.8364846010135543
C104016,1,Mid-Value Occasional Shoppers,0.21619483406425785,-1.3444965837310259
C104017,1,Mid-Value Occasional Shoppers,-0.3391608926000583,0.9821177411609352
C104018,1,Mid-Value Occasional Shoppers,-0.8553188380605142,-1.6015266892537543
C104019,1,Mid-Value Occasional Shoppers,0.19430017176212197,-0.01272083089685938
C104020,2,Low-Engagement / Dormant,-0.960277613774385,1.2436870699731433
C104021,3,High-Value Loyalists,3.745961017215677,0.33642711838690553
C104022,0,Low-Engagement / Dormant,-1.8427762138029207,-1.1966109419858488
C104023,1,Mid-Value Occasional Shoppers,-1.1967856964958576,-1.6201641871405494
C104024,1,Mid-Value Occasional Shoppers,0.65429892181965,0.04384725585834789
C104025,1,Mid-Value Occasional Shoppers,-0.35880379978923604,-0.971456841491091
C104026,1,Mid-Value Occasional Shoppers,-1.356836559590986,0.16696095358056817
C104027,1,Mid-Value Occasional Shoppers,-0.030918137915249874,0.31274910780849385
C104028,1,Mid-Value Occasional Shoppers,0.4581105843116461,-0.5543064659905886
C104029,1,Mid-Value Occasional Shoppers,0.015384459127089868,-0.9633154025557016
C104031,1,Mid-Value Occasional Shoppers,-0.35545498395732583,-0.9951513954803095
C104032,1,Mid-Value Occasional Shoppers,1.4958124042882532,0.9155362928420614
C104033,1,Mid-Value Occasional Shoppers,0.23479035488884276,0.4240388521987553
C104034,2,Low-Engagement / Dormant,-1.4921587660384257,0.8449836364579868
C104035,1,Mid-Value Occasional Shoppers,1.6262657864876104,0.3028243697134343
C104036,1,Mid-Value Occasional Shoppers,-0.10684396068263212,-0.6245421632502177
C104037,1,Mid-Value Occasional Shoppers,-0.32763956064857963,1.2679988896951626
C104038,3,High-Value Loyalists,4.750204117243893,0.5826928215048421
C104039,1,Mid-Value Occasional Shoppers,0.7084697398544908,0.4543854734731603
C104040,1,Mid-Value Occasional Shoppers,0.40731170552314444,-0.014183485486826608
C104041,1,Mid-Value Occasional Shoppers,-1.2919318591234807,-0.6864657588896447
C104042,2,Low-Engagement / Dormant,-1.5108579810933744,2.410727739690073
C104044,2,Low-Engagement / Dormant,-1.143073775604257,1.1506198317430578
C104045,2,Low-Engagement / Dormant,0.3458179103691537,1.9148963574471862
C104046,3,High-Value Loyalists,2.1265655187854375,-0.047218628188771296
C104047,1,Mid-Value Occasional Shoppers,0.2455729943140929,-1.3186369293398077
C104048,3,High-Value Loyalists,2.1676905709555916,0.5507572317125053
C104049,1,Mid-Value Occasional Shoppers,0.019414730081490274,0.7223235282141021
C104050,1,Mid-Value Occasional Shoppers,-1.3469494689348662,-0.8740010678098058
C104051,1,Mid-Value Occasional Shoppers,-0.673577536195885,-0.3230124129672591
C104052,1,Mid-Value Occasional Shoppers,0.6542746234085774,-0.24322978361074904
C104053,1,Mid-Value Occasional Shoppers,-0.530065134186257,-0.9273822601156123
C104054,1,Mid-Value Occasional Shoppers,-1.1979156146932846,-1.0679173041013241
C104055,2,Low-Engagement / Dormant,-0.585880200517311,2.5548038908919377
C104056,1,Mid-Value Occasional Shoppers,1.4089073865837924,-0.6814596314706372
C104057,1,Mid-Value Occasional Shoppers,-0.39061737465556196,0.8096004727984139
C104058,1,Mid-Value Occasional Shoppers,1.3609388171805015,0.05346645341880526
C104059,1,Mid-Value Occasional Shoppers,1.4766484948933507,-0.6946130829723431
C104060,1,Mid-Value Occasional Shoppers,0.24315246042748373,1.14984247992241
C104063,1,Mid-Value Occasional Shoppers,0.3121903310726669,0.18217966291059637
C104064,2,Low-Engagement / Dormant,-0.03193491197254686,2.210326064602158
C104065,3,High-Value Loyalists,2.5724405653934204,0.4615826472127363
C104066,1,Mid-Value Occasional Shoppers,0.08285314898140358,-0.15685588970087191
C104067,2,Low-Engagement / Dormant,-0.452553951258911,1.4719461461151753
C104068,1,Mid-Value Occasional Shoppers,-0.4132478276994582,0.1876460684381053
C104069,1,Mid-Value Occasional Shoppers,0.4353090665084942,-0.6376982821978889
C104070,1,Mid-Value Occasional Shoppers,-0.01894843576880365,-1.026875532900449
C104071,1,Mid-Value Occasional Shoppers,-0.7660840660250937,-0.19302707134745895
C104072,2,Low-Engagement / Dormant,-1.958700078237649,2.5006541617127507
C104073,1,Mid-Value Occasional Shoppers,-1.3531099642141653,-0.9248085462039012
C104074,1,Mid-Value Occasional Shoppers,0.7034967733303261,-0.9759597916688486
C104075,1,Mid-Value Occasional Shoppers,-0.5128744459887965,-1.0776920192298227
C104076,1,Mid-Value Occasional Shoppers,0.22496226073924658,-0.30852123866559844
C104077,0,Low-Engagement / Dormant,-2.6621869644180296,-1.760278379784951
C104078,2,Low-Engagement / Dormant,-0.6959159793600584,1.2553094073316955
C104079,1,Mid-Value Occasional Shoppers,-0.336790823118948,-0.8671541580823766
C104080,1,Mid-Value Occasional Shoppers,0.4432803225825167,0.16063735958030484
C104081,2,Low-Engagement / Dormant,-0.6178633110562236,2.0423814694771267
C104082,1,Mid-Value Occasional Shoppers,-0.5711304256104357,-0.5830325531294532
C104083,0,Low-Engagement / Dormant,-2.000704004994872,0.03555265774142192
C104084,1,Mid-Value Occasional Shoppers,-1.6451410302911498,-0.3739291447337487
C104085,1,Mid-Value Occasional Shoppers,1.091950525496409,0.21647118568828186
C104086,1,Mid-Value Occasional Shoppers,-0.05581201129738922,-1.1518176457415328
C104087,1,Mid-Value Occasional Shoppers,0.4980322279955982,0.32453538220151246
C104088,1,Mid-Value Occasional Shoppers,-0.5998871853500524,0.095274530976253
C104089,1,Mid-Value Occasional Shoppers,-1.6208904262703774,-1.5531691575367135
C104090,1,Mid-Value Occasional Shoppers,-0.2707303579917679,-0.2793537657154433
C104091,1,Mid-Value Occasional Shoppers,-0.9267916350958956,-0.30481699280784474
C104092,1,Mid-Value Occasional Shoppers,-0.8685177818992897,-1.7712468379367168
C104094,1,Mid-Value Occasional Shoppers,0.9021383378207916,-0.4755347599106232
C104095,2,Low-Engagement / Dormant,-1.0004043615583216,1.0009186414189717
C104096,1,Mid-Value Occasional Shoppers,0.05056235127341751,0.38043709920128177
C104097,1,Mid-Value Occasional Shoppers,0.21531024221757897,-0.7436368113702565
C104098,0,Low-Engagement / Dormant,-2.9387496572932874,-1.849107781087325
C104099,2,Low-Engagement / Dormant,-1.3704517091866755,1.5248127254618535
C104100,1,Mid-Value Occasional Shoppers,-0.8149415551122101,0.4458197229545291
C104101,1,Mid-Value Occasional Shoppers,0.7281321597239715,0.6346321657490112
C104102,1,Mid-Value Occasional Shoppers,-0.4682203655549246,0.11332480122730036
C104103,1,Mid-Value Occasional Shoppers,-0.3498206877352866,1.1683155637200697
C104105,1,Mid-Value Occasional Shoppers,1.5314144821401252,-0.7120148058673582
C104106,1,Mid-Value Occasional Shoppers,-0.04954847872002972,0.7485225962319725
C104107,1,Mid-Value Occasional Shoppers,1.089554319224755,0.5444933703173842
C104108,0,Low-Engagement / Dormant,-2.689623228464767,-1.4907979487628218
C104109,0,Low-Engagement / Dormant,-2.8565379337503196,-1.9552849757298216
C104110,1,Mid-Value Occasional Shoppers,-1.395313294490028,-0.3861413695754675
C104111,1,Mid-Value Occasional Shoppers,1.5875528396831726,0.5577245574701206
C104112,2,Low-Engagement / Dormant,-0.9158511209878263,1.7713204112380971
C104113,1,Mid-Value Occasional Shoppers,0.3759557729307435,0.7370153793895697
C104114,1,Mid-Value Occasional Shoppers,-0.7302325576385,-1.3650305010160495
C104115,1,Mid-Value Occasional Shoppers,-0.3424937990275414,-1.115949625063499
C104116,1,Mid-Value Occasional Shoppers,-1.026233134235517,-1.2284863472626126
C104117,3,High-Value Loyalists,4.233309552628216,0.3945038184145652
C104118,1,Mid-Value Occasional Shoppers,0.07153785333971227,0.8423723048356934
C104119,1,Mid-Value Occasional Shoppers,-0.871721216338547,-1.6239256838123104
C104120,1,Mid-Value Occasional Shoppers,-0.8754347074323173,-1.621984898672987
C104121,1,Mid-Value Occasional Shoppers,-0.9325913671142031,-0.7678548988963287
C104122,1,Mid-Value Occasional Shoppers,0.27834956345110073,1.1423197398740739
C104123,2,Low-Engagement / Dormant,-1.675061253173017,2.8636396718707786
C104124,2,Low-Engagement / Dormant,-1.5919213706550515,3.994746778970649
C104125,0,Low-Engagement / Dormant,-2.7957446271361106,-0.4484679797149623
C104126,1,Mid-Value Occasional Shoppers,-0.9623795887682369,-1.4436293894644392
C104127,1,Mid-Value Occasional Shoppers,0.08169020438504378,-0.5423866974185347
C104128,1,Mid-Value Occasional Shoppers,0.9946372971874511,0.18614656434155266
C104129,1,Mid-Value Occasional Shoppers,-0.5823305389155605,-0.9033112249435702
C104130,3,High-Value Loyalists,4.320815834271204,0.6739969208265414
C104131,0,Low-Engagement / Dormant,-2.998281173621114,-1.264386091133648
C104132,1,Mid-Value Occasional Shoppers,-1.1027082946656868,-1.0238713096691852
C104133,1,Mid-Value Occasional Shoppers,-0.5517165945281377,-0.6928638331820252
C104134,1,Mid-Value Occasional Shoppers,-1.0813259733927678,-1.4781992320474506
C104135,1,Mid-Value Occasional Shoppers,-0.3529524060439803,-0.7852559290902451
C104136,1,Mid-Value Occasional Shoppers,-0.19503673969155966,-0.27296429217304724
C104137,1,Mid-Value Occasional Shoppers,0.3582966672830129,0.13813463712572943
C104138,0,Low-Engagement / Dormant,-2.642515680761878,-1.9534907642913835
C104139,0,Low-Engagement / Dormant,-2.7921209696205036,-0.48405973475562086
C104140,3,High-Value Loyalists,1.8761195185506887,0.49974346608089176
C104142,1,Mid-Value Occasional Shoppers,0.34622553872501904,0.5618508767667569
C104143,3,High-Value Loyalists,2.6499292564381123,-0.6774902651025582
C104144,1,Mid-Value Occasional Shoppers,-0.5348595723848626,0.589680666554252
C104145,1,Mid-Value Occasional Shoppers,-0.4428268583249126,-0.7827389060670895
C104146,1,Mid-Value Occasional Shoppers,-0.384251643769547,1.0470258470203513
C104147,1,Mid-Value Occasional Shoppers,-0.7389267028743611,0.44061019928574696
C104148,1,Mid-Value Occasional Shoppers,-1.021585632278217,-1.1566866235333932
C104149,1,Mid-Value Occasional Shoppers,-0.3497653920975941,-1.18817032881484
C104150,2,Low-Engagement / Dormant,-1.7950724069753012,1.3890930154882362
C104152,1,Mid-Value Occasional Shoppers,-0.20443726537716345,-0.08055008020507899
C104153,2,Low-Engagement / Dormant,-1.63224812031143,3.60724525146757
C104154,3,High-Value Loyalists,2.827834085899359,0.7757145148435215
C104155,2,Low-Engagement / Dormant,-2.158369329656993,3.1892782241410846
C104156,1,Mid-Value Occasional Shoppers,-0.8743539962824108,-0.8783356118018072
C104157,1,Mid-Value Occasional Shoppers,1.0582000757170893,-0.5935816905914283
C104158,3,High-Value Loyalists,3.74528238314837,-0.30895878391489273
C104159,1,Mid-Value Occasional Shoppers,-1.2510112358421688,0.19270132428313622
C104160,0,Low-Engagement / Dormant,-2.698423539574098,-1.404360829378365
C104161,1,Mid-Value Occasional Shoppers,1.329516673467146,-0.510443807173131
C104162,2,Low-Engagement / Dormant,-0.842978134360532,2.641775762326658
C104163,3,High-Value Loyalists,3.080305114762412,0.39984279130181943
C104164,1,Mid-Value Occasional Shoppers,1.6625204762274586,-0.5444717102133598
C104165,1,Mid-Value Occasional Shoppers,0.1611791352326835,-0.4635629882118448
C104166,0,Low-Engagement / Dormant,-2.9837865435586868,-1.4067531112962823
C104167,1,Mid-Value Occasional Shoppers,-0.5445195743521966,-0.06540596465548501
C104168,1,Mid-Value Occasional Shoppers,-2.1090010558416616,-0.2713944091040178
C104169,2,Low-Engagement / Dormant,-1.5283328090831343,0.7509591823914585
C104170,1,Mid-Value Occasional Shoppers,0.7716347952145705,-0.14973589434257756
C104171,1,Mid-Value Occasional Shoppers,-0.22893940735066537,-0.7948720157453083
C104172,1,Mid-Value Occasional Shoppers,-0.9843375965992052,-0.47432887503150717
C104173,1,Mid-Value Occasional Shoppers,-0.4630649677878193,-0.8961261004625988
C104174,1,Mid-Value Occasional Shoppers,0.14927926389215526,0.7237886724275123
C104175,1,Mid-Value Occasional Shoppers,0.7370666503027937,-1.00661395983998
C104176,2,Low-Engagement / Dormant,-1.4900124736196778,2.098223665272454
C104177,1,Mid-Value Occasional Shoppers,-1.4560460735684,-0.5406230624382937
C104178,1,Mid-Value Occasional Shoppers,-0.6339428152913984,-0.85781414845903
C104179,1,Mid-Value Occasional Shoppers,-0.396069561208166,-1.0856667481465003
C104180,1,Mid-Value Occasional Shoppers,-1.9481704596008813,-1.4246525077621022
C104181,1,Mid-Value Occasional Shoppers,-0.861965348264976,0.6626800780806017
C104182,1,Mid-Value Occasional Shoppers,1.5082690825809046,0.6207039019436766
C104183,1,Mid-Value Occasional Shoppers,-0.3133887375045182,-0.7089314259958619
C104184,0,Low-Engagement / Dormant,-1.802204697132911,-0.8708560525841217
C104185,2,Low-Engagement / Dormant,-1.0198116972072426,2.20923707071014
C104186,2,Low-Engagement / Dormant,-1.2113924841841774,1.9566990743538695
C104187,2,Low-Engagement / Dormant,-0.4565311146906468,1.062130303875867
C104188,0,Low-Engagement / Dormant,-2.694282216699119,-1.4450371208534036
C104189,1,Mid-Value Occasional Shoppers,-0.02502267543157638,-0.3784415399962914
C104191,1,Mid-Value Occasional Shoppers,-0.9868015224035589,-1.4759379066567313
C104192,1,Mid-Value Occasional Shoppers,-0.616947156808176,0.5238532965914162
C104193,1,Mid-Value Occasional Shoppers,-0.6954943450668335,-0.9261448423421078
C104194,2,Low-Engagement / Dormant,-1.4995671514024218,2.409769514828526
C104195,3,High-Value Loyalists,5.705800001448404,0.4323948990548583
C104196,2,Low-Engagement / Dormant,-2.0334679692351867,1.7337287082784374
C104197,1,Mid-Value Occasional Shoppers,-1.2480011053768323,-0.25150075310025455
C104198,3,High-Value Loyalists,2.0212814219546726,0.16286041912756105
C104199,3,High-Value Loyalists,3.7184420973986487,0.10175078503891638
C104200,2,Low-Engagement / Dormant,-1.6557124874874327,3.375053665655937
C104201,1,Mid-Value Occasional Shoppers,0.7921386686241255,-1.0147014293485066
C104202,0,Low-Engagement / Dormant,-2.657527976183678,-1.8060392076943694
C104203,0,Low-Engagement / Dormant,-2.9987988389804863,-1.259301554699268
C104204,1,Mid-Value Occasional Shoppers,-0.1482189569458529,-0.014854731005817861
C104205,3,High-Value Loyalists,2.2818032342833643,-0.9812552464028814
C104207,1,Mid-Value Occasional Shoppers,1.0880943278091864,-0.2249401484466453
C104208,1,Mid-Value Occasional Shoppers,-0.06427141660409746,0.07048834548706932
C104209,1,Mid-Value Occasional Shoppers,-0.16658048598390673,0.45722612393796214
C104210,1,Mid-Value Occasional Shoppers,-1.3145652355409128,-0.2554379439492725
C104211,3,High-Value Loyalists,2.1497676047782126,-0.33079451754400907
C104212,1,Mid-Value Occasional Shoppers,-0.6736343904881228,-1.5196589407835628
C104213,1,Mid-Value Occasional Shoppers,-0.6278780098837824,-1.5425791679093068
C104214,3,High-Value Loyalists,6.1841585619990465,0.5874837023349055
C104215,1,Mid-Value Occasional Shoppers,-0.1978195576624845,-1.177558011659736
C104216,1,Mid-Value Occasional Shoppers,-0.2364015279402255,-0.28686860703532246
C104217,1,Mid-Value Occasional Shoppers,1.0946859496585333,-0.5807266383813575
C104218,1,Mid-Value Occasional Shoppers,0.054606804741394954,0.6996610584566991
C104219,1,Mid-Value Occasional Shoppers,-0.6004413382850817,-0.014711755328262514
C104220,1,Mid-Value Occasional Shoppers,-0.7121934324665415,0.8095227293822679
C104221,2,Low-Engagement / Dormant,-1.5401432067244114,3.2846519124204354
C104222,0,Low-Engagement / Dormant,-2.735177780089539,-1.0433587425373991
C104223,2,Low-Engagement / Dormant,-0.3616736489247027,1.5896096628664582
C104224,1,Mid-Value Occasional Shoppers,-0.4034607993489079,-0.1393847782766649
C104225,2,Low-Engagement / Dormant,-1.2120532160247264,1.529785508797426
C104226,1,Mid-Value Occasional Shoppers,0.3430087762524603,0.6333013523651417
C104227,1,Mid-Value Occasional Shoppers,-0.3429293835986263,0.28538650411306615
C104228,0,Low-Engagement / Dormant,-2.6445863421993674,-1.933152618553864
C104229,0,Low-Engagement / Dormant,-2.6275033853400784,-2.100942320888398
C104230,3,High-Value Loyalists,2.878635441511232,-0.21511806390722785
C104231,1,Mid-Value Occasional Shoppers,0.836226133424851,-0.4174723882972742
C104233,1,Mid-Value Occasional Shoppers,-0.711630935259682,0.5361020118386806
C104234,0,Low-Engagement / Dormant,-2.6275033853400784,-2.100942320888398
C104235,2,Low-Engagement / Dormant,-0.12088660056358648,1.363206051614089
C104236,1,Mid-Value Occasional Shoppers,-0.376923782890063,0.694174326376583
C104237,1,Mid-Value Occasional Shoppers,0.3325772923128824,-0.013952999714917248
C104238,3,High-Value Loyalists,3.7171316650685395,0.6305128691795504
C104239,1,Mid-Value Occasional Shoppers,-0.5443106066975931,-1.2860633251545925
C104240,0,Low-Engagement / Dormant,-2.0935994200744736,-1.3237639874529306
C104241,1,Mid-Value Occasional Shoppers,-0.47546930936301723,0.7703309402733022
C104242,1,Mid-Value Occasional Shoppers,-1.763580687569698,-0.4027946158568886
C104243,1,Mid-Value Occasional Shoppers,-0.5073700950957928,-0.3138076591056253
C104244,1,Mid-Value Occasional Shoppers,-0.5230357900692599,-1.204933184806548
C104245,1,Mid-Value Occasional Shoppers,-0.046125365025395035,-1.1822040808117567
C104246,1,Mid-Value Occasional Shoppers,0.15185513999849626,-0.5076973784374371
C104247,3,High-Value Loyalists,2.2939626282932903,0.7179680962353798
C104248,1,Mid-Value Occasional Shoppers,-0.9893588277355732,-1.7137870798292054
C104249,1,Mid-Value Occasional Shoppers,-0.9051303467174566,-0.7912742556351902
C104250,0,Low-Engagement / Dormant,-2.6559749801055608,-1.8212928169975087
C104252,2,Low-Engagement / Dormant,-0.6477383957001835,1.4340685373115032
C104253,3,High-Value Loyalists,3.4074459229253784,-0.39580431209386097
C104254,1,Mid-Value Occasional Shoppers,0.37010654774455304,1.0148496782196832
C104255,2,Low-Engagement / Dormant,-0.8617892073096827,1.2999364152413537
C104257,0,Low-Engagement / Dormant,-2.641480350043133,-1.963659837160143
C104258,0,Low-Engagement / Dormant,-1.932137647772861,-1.7489399672631558
C104259,1,Mid-Value Occasional Shoppers,-1.1416687082019907,-1.4099267943879166
C104260,0,Low-Engagement / Dormant,-2.8242162219015925,-0.16881847582407308
C104261,1,Mid-Value Occasional Shoppers,0.41304045819216584,-0.5018008093781532
C104263,1,Mid-Value Occasional Shoppers,-0.5524983475380185,-0.40975405567580947
C104264,1,Mid-Value Occasional Shoppers,0.989206619365947,-0.8214619624547916
C104265,1,Mid-Value Occasional Shoppers,0.3640789415251369,0.3911171100369404
C104266,1,Mid-Value Occasional Shoppers,-0.5378867760850918,-1.133359661057633
C104267,1,Mid-Value Occasional Shoppers,-0.9329845624615722,-1.398883689068785
C104268,1,Mid-Value Occasional Shoppers,-0.7473261534719796,-1.0481812112385422
C104269,1,Mid-Value Occasional Shoppers,0.3307351387157249,-0.5157810759555583
C104270,3,High-Value Loyalists,2.054227432074179,0.43387718254139007
C104271,2,Low-Engagement / Dormant,-0.5092381558987317,1.95983564935742
C104272,1,Mid-Value Occasional Shoppers,-0.35859618947928334,-0.7307152454620336
C104273,1,Mid-Value Occasional Shoppers,-1.1778100627670858,-0.8411711362316173
C104274,1,Mid-Value Occasional Shoppers,0.1827030645455123,-0.40679540596393027
C104275,0,Low-Engagement / Dormant,-2.623362062465099,-2.141618612363436
C104276,1,Mid-Value Occasional Shoppers,0.9674990520002794,-0.04435380500046357
C104277,1,Mid-Value Occasional Shoppers,-1.6816387299728657,-0.2014617921091542
C104278,1,Mid-Value Occasional Shoppers,-0.6455714204387144,-0.8455236392795672
C104279,3,High-Value Loyalists,1.8647458760435713,-0.04357651540717689
C104280,1,Mid-Value Occasional Shoppers,-0.45957029944514854,-1.4266141615213057
C104281,3,High-Value Loyalists,6.748960706427844,0.7787331994005956
C104282,1,Mid-Value Occasional Shoppers,-0.6135662460499364,-0.6737916616332701
C104283,1,Mid-Value Occasional Shoppers,-0.9829912596849837,-1.520809384231757
C104284,1,Mid-Value Occasional Shoppers,0.28673775872485724,-0.9989727534493021
C104285,1,Mid-Value Occasional Shoppers,-2.141982832478688,-1.289081195037096
C104286,1,Mid-Value Occasional Shoppers,1.3675861805266525,0.5725346475985879
C104287,1,Mid-Value Occasional Shoppers,-0.44297795414820423,0.01200376985174902
C104288,1,Mid-Value Occasional Shoppers,-0.3381745429066057,-1.2422595495952817
C104289,1,Mid-Value Occasional Shoppers,1.3839447216494543,-0.7287925957922311
C104290,0,Low-Engagement / Dormant,-2.6699519448086155,-1.684010333269254
C104291,1,Mid-Value Occasional Shoppers,-1.1259503638355657,0.003723519611285917
C104292,0,Low-Engagement / Dormant,-2.3276949583659836,-0.06858499741121897
C104293,1,Mid-Value Occasional Shoppers,0.6641780763922494,-0.3320603402008641
C104294,1,Mid-Value Occasional Shoppers,-0.49085018943529213,-1.232194468720906
C104295,2,Low-Engagement / Dormant,-0.9595715173766498,1.8652875028932865
C104296,2,Low-Engagement / Dormant,-0.3958400120098592,1.4521395013579816
C104297,2,Low-Engagement / Dormant,-0.6119393897649984,1.9120827873361688
C104298,1,Mid-Value Occasional Shoppers,0.015162645678132882,-0.8943244404080788
C104299,3,High-Value Loyalists,3.4543228642664223,-0.011633395938630496
C104300,1,Mid-Value Occasional Shoppers,0.2091937067654891,-0.025606918682459224
C104301,1,Mid-Value Occasional Shoppers,-0.9681121555442332,-1.1602577450413072
C104302,0,Low-Engagement / Dormant,-3.0162700702287553,1.7175445413308335
C104303,3,High-Value Loyalists,1.7252464807865786,0.25342876682697857
C104304,3,High-Value Loyalists,1.7302125243394,0.33402412171076173
C104305,1,Mid-Value Occasional Shoppers,0.16386496278704527,0.1440124883486525
C104306,1,Mid-Value Occasional Shoppers,-1.1744198191519157,-1.6722143520502997
C104307,1,Mid-Value Occasional Shoppers,0.41149920057342737,-0.34607062863022475
C104309,2,Low-Engagement / Dormant,-0.5444891681482219,2.232374026677536
C104310,3,High-Value Loyalists,3.6472473684595728,-0.38109943932810925
C104311,3,High-Value Loyalists,5.538295734653651,0.28830662190041695
C104312,2,Low-Engagement / Dormant,-1.1963921183400463,1.066976043797522
C104313,2,Low-Engagement / Dormant,-1.9646516739776834,0.7379290975488737
C104314,1,Mid-Value Occasional Shoppers,-1.4479105014263205,-1.1678665075142212
C104315,1,Mid-Value Occasional Shoppers,0.4453531857611086,0.10322738633668875
C104316,0,Low-Engagement / Dormant,-2.7424250951207525,-0.9721752324560817
C104317,1,Mid-Value Occasional Shoppers,1.0797099079441919,-0.8615574114467712
C104318,3,High-Value Loyalists,5.057049156333527,-0.07058146071012432
C104319,0,Low-Engagement / Dormant,-2.942373314808894,-1.8135160260466665
C104320,1,Mid-Value Occasional Shoppers,-0.49802856115120875,0.1969315113433559
C104321,1,Mid-Value Occasional Shoppers,-0.24982036453778536,0.44739917028540466
C104323,1,Mid-Value Occasional Shoppers,-1.2604742995169453,-1.9032233475808549
C104324,1,Mid-Value Occasional Shoppers,0.5449704153855556,1.016247660748125
C104325,0,Low-Engagement / Dormant,-2.9491029644807356,-1.7474170523997292
C104326,0,Low-Engagement / Dormant,-2.6254327239025885,-2.121280466625917
C104327,1,Mid-Value Occasional Shoppers,-0.5578630174557363,-0.7348788265735506
C104328,1,Mid-Value Occasional Shoppers,0.10204947167866942,-0.11230026898603518
C104329,1,Mid-Value Occasional Shoppers,0.772740886506692,-1.1095785356868577
C104330,2,Low-Engagement / Dormant,-1.049735148437163,0.8864330844287548
C104331,1,Mid-Value Occasional Shoppers,-0.21779729775532944,-0.6143870420513381
C104332,1,Mid-Value Occasional Shoppers,-0.662910558447398,-0.4053908155926919
C104333,1,Mid-Value Occasional Shoppers,-0.1357845932057303,-0.700953695005911
C104334,0,Low-Engagement / Dormant,-2.913772329073019,0.710806327323633
C104335,1,Mid-Value Occasional Shoppers,-0.43356879539937687,-0.17635347159559314
C104336,1,Mid-Value Occasional Shoppers,-0.06131113169516817,-0.2059311396477253
C104337,1,Mid-Value Occasional Shoppers,0.5021791881893272,1.0324288732119469
C104338,1,Mid-Value Occasional Shoppers,0.17734529450110273,1.0301747256797846
C104340,1,Mid-Value Occasional Shoppers,-0.8778264269048334,-0.9907934570828539
C104341,3,High-Value Loyalists,1.9142815382910816,-0.7368847888832097
C104342,2,Low-Engagement / Dormant,-3.1399920911187604,2.932748749147606
C104343,1,Mid-Value Occasional Shoppers,0.15539062502370646,-1.266536484450404
C104344,1,Mid-Value Occasional Shoppers,0.2759687709798341,0.6912623751108196
C104345,3,High-Value Loyalists,3.5986135697166093,-0.2990276915852641
C104346,1,Mid-Value Occasional Shoppers,1.2836793223967653,-0.20285082517712308
C104347,1,Mid-Value Occasional Shoppers,0.3111081654768808,0.7426395399616726
C104348,1,Mid-Value Occasional Shoppers,-0.48841031286824044,-1.3514552129960364
C104349,1,Mid-Value Occasional Shoppers,1.1037528633530547,-0.4268271689280893
C104350,1,Mid-Value Occasional Shoppers,0.47222317805971464,0.042990709195211904
C104351,1,Mid-Value Occasional Shoppers,-0.3369751441238145,-0.6135259430829888
C104352,1,Mid-Value Occasional Shoppers,0.9677526323463972,0.5979964984665325
C104353,1,Mid-Value Occasional Shoppers,0.6783562671935552,-0.11936625907354606
C104354,1,Mid-Value Occasional Shoppers,-1.1570934251445086,0.3490725873534404
C104355,2,Low-Engagement / Dormant,-0.39225702628328596,1.6066539709757557
C104356,1,Mid-Value Occasional Shoppers,-0.8781537624436139,-1.2724554561874377
C104357,3,High-Value Loyalists,3.402758180746292,0.0630416234660131
C104358,1,Mid-Value Occasional Shoppers,-0.057295116409354446,0.5985422689662047
C104359,1,Mid-Value Occasional Shoppers,1.0628912089962677,-0.6007440113740204
C104360,1,Mid-Value Occasional Shoppers,-0.7047203149940444,-1.4277896367606093
C104361,1,Mid-Value Occasional Shoppers,0.05302380202593388,0.41167622356971395
C104362,2,Low-Engagement / Dormant,-1.030100866204989,3.2331169846928436
C104364,1,Mid-Value Occasional Shoppers,0.2349810924950373,-0.29410376760855966
C104365,3,High-Value Loyalists,5.5614245322763685,0.3232689318556397
C104366,1,Mid-Value Occasional Shoppers,-0.1370301711928047,-0.7317859764627707
C104367,1,Mid-Value Occasional Shoppers,0.013270623641308935,-0.10771360341512967
C104368,1,Mid-Value Occasional Shoppers,-1.0632299338843176,-1.9299977462420796
C104369,1,Mid-Value Occasional Shoppers,-0.07732749236182072,0.48773406886559956
C104370,1,Mid-Value Occasional Shoppers,-0.9995529042523474,0.028923738062063387
C104371,2,Low-Engagement / Dormant,-2.2987786097757175,0.8644737606778558
C104372,1,Mid-Value Occasional Shoppers,0.11248839756285743,0.3471969423153906
C104373,1,Mid-Value Occasional Shoppers,-0.27087429645168554,-0.2431333727461514
C104374,3,High-Value Loyalists,2.0592911551234425,0.5141242077598324
C104375,1,Mid-Value Occasional Shoppers,-0.23631282570822496,-0.571040723890338
C104376,1,Mid-Value Occasional Shoppers,-1.357402615497007,-1.2959983022614663
C104377,0,Low-Engagement / Dormant,-2.6238797278244714,-2.1365340759290565
C104378,1,Mid-Value Occasional Shoppers,-0.30450528047395053,0.7078716324230615
C104379,2,Low-Engagement / Dormant,-0.7416671300918286,1.2643045402862307
C104380,1,Mid-Value Occasional Shoppers,1.21334345381845,-0.7641492638168523
C104381,1,Mid-Value Occasional Shoppers,-0.19807668226938507,-1.0003079229504022
C104383,1,Mid-Value Occasional Shoppers,1.0354576542447786,0.868061825137653
C104384,1,Mid-Value Occasional Shoppers,-0.1729584639532432,-0.035349489818092515
C104385,2,Low-Engagement / Dormant,-1.6552036741933067,2.228578726011543
C104386,3,High-Value Loyalists,4.573991067501482,-0.07220779926481269
C104387,1,Mid-Value Occasional Shoppers,0.3031899781742139,-0.6895145218250563
C104388,1,Mid-Value Occasional Shoppers,-1.1308202479920673,-1.1123263277574298
C104389,1,Mid-Value Occasional Shoppers,1.53832972912954,0.7352723262973255
C104390,0,Low-Engagement / Dormant,-1.4042066400040756,-1.4039454046079691
C104391,1,Mid-Value Occasional Shoppers,-0.5824057791871937,-1.1572813272885485
C104392,1,Mid-Value Occasional Shoppers,-1.6752371989592751,0.10568111436915376
C104393,0,Low-Engagement / Dormant,-2.9513677631127146,-0.32255070981442585
C104394,1,Mid-Value Occasional Shoppers,0.6855284911248081,0.5670023997089322
C104395,1,Mid-Value Occasional Shoppers,-1.2151030895207338,-0.68433179042325
C104396,1,Mid-Value Occasional Shoppers,0.19256039983387335,0.8222208807264549
C104397,1,Mid-Value Occasional Shoppers,-1.4810996170813955,0.17405488585822912
C104398,1,Mid-Value Occasional Shoppers,-0.1781298909659158,-0.515826061162881
C104399,1,Mid-Value Occasional Shoppers,-0.27803278809724785,-0.7619509007411924
C104400,3,High-Value Loyalists,3.057537243582379,-0.23484113612681926
C104401,2,Low-Engagement / Dormant,-1.199556585881115,1.3340413397880528
C104402,1,Mid-Value Occasional Shoppers,0.29234842343377504,-0.25203508222528836
C104403,3,High-Value Loyalists,2.9110047696671573,0.7089828265258131
C104404,1,Mid-Value Occasional Shoppers,-0.13565014076008464,-0.6965567782123363
C104405,1,Mid-Value Occasional Shoppers,1.3536397574739159,0.7232195051410533
C104406,1,Mid-Value Occasional Shoppers,1.6245986628614335,-0.4355830597028055
C104407,1,Mid-Value Occasional Shoppers,-0.03884813051761954,-0.8715530595112008
C104408,2,Low-Engagement / Dormant,-1.5754501851199767,4.008006060597277
C104410,3,High-Value Loyalists,4.596880125059132,-0.12584917136299753
C104411,3,High-Value Loyalists,3.600323483108485,0.5603535743133239
C104412,1,Mid-Value Occasional Shoppers,-0.09967495047960281,-0.9488274921552216
C104413,1,Mid-Value Occasional Shoppers,0.9619923708937874,-0.42586318956678954
C104414,1,Mid-Value Occasional Shoppers,-0.47563644947876876,-0.9912843795209617
C104415,0,Low-Engagement / Dormant,-2.7564020598238073,-0.834892748727827
C104416,1,Mid-Value Occasional Shoppers,-0.24161827552429238,-0.6330903601793468
C104417,0,Low-Engagement / Dormant,-1.5946923614110011,-1.3863256062428204
C104418,3,High-Value Loyalists,3.0405577729304967,-0.2924561351534623
C104419,1,Mid-Value Occasional Shoppers,1.1533396184643991,-0.5944970785290965
C104420,2,Low-Engagement / Dormant,-3.05947421328125,3.4517819057609325
C104421,1,Mid-Value Occasional Shoppers,-1.3077569064578405,0.04469537838310495
C104422,1,Mid-Value Occasional Shoppers,0.5208427424351916,0.17297854222459325
C104423,1,Mid-Value Occasional Shoppers,-0.9801219565390656,-0.8547804417689371
C104424,1,Mid-Value Occasional Shoppers,-1.1087930030303657,-1.0510467008627715
C104425,0,Low-Engagement / Dormant,-2.8312693997383165,-1.50216316259054
C104426,1,Mid-Value Occasional Shoppers,-1.132559703466617,-1.2376525305573336
C104427,2,Low-Engagement / Dormant,-0.5647823132913642,2.0528866609623173
C104428,3,High-Value Loyalists,2.4704034811198774,0.2536018840379851
C104429,0,Low-Engagement / Dormant,-2.6394096886056437,-1.9839979828976624
C104430,3,High-Value Loyalists,3.2776608659998123,-0.29171466598418716
C104431,2,Low-Engagement / Dormant,-1.3919551801757393,3.547469117084212
C104432,3,High-Value Loyalists,4.024244564648973,0.0038680869073810307
C104433,1,Mid-Value Occasional Shoppers,-1.2572188990405853,-1.1242143785248555
C104434,1,Mid-Value Occasional Shoppers,0.6277759642005639,-0.10406977599613973
C104435,3,High-Value Loyalists,1.799892037792188,0.5190161485325766
C104436,0,Low-Engagement / Dormant,-2.7755556781205866,-0.6467649006557743
C104437,2,Low-Engagement / Dormant,-0.8023749972638136,2.200201887524353
C104438,1,Mid-Value Occasional Shoppers,0.40678648524064337,0.3017292687071336
C104439,1,Mid-Value Occasional Shoppers,0.9843960717824671,0.4980054649659745
C104440,1,Mid-Value Occasional Shoppers,1.6438089147032835,-0.7572389971976798
C104441,1,Mid-Value Occasional Shoppers,-0.04110875111975542,-0.02516560940428859
C104442,1,Mid-Value Occasional Shoppers,-0.326072486251052,-1.190591604475284
C104443,1,Mid-Value Occasional Shoppers,1.6250708399951335,0.1294218630066219
C104444,2,Low-Engagement / Dormant,-0.5978143414206825,1.2245161968898475
C104445,3,High-Value Loyalists,3.5753149306870555,0.37036075791624906
C104446,1,Mid-Value Occasional Shoppers,0.6570371820517718,0.10663849732353473
C104447,3,High-Value Loyalists,2.4122746201111864,-0.2812688489596509
C104448,3,High-Value Loyalists,2.2100430852885067,0.5826820674327035
C104449,2,Low-Engagement / Dormant,-1.266218009487565,1.0126724548663768
C104450,1,Mid-Value Occasional Shoppers,0.3960907923872547,-1.4887205827643326
C104451,1,Mid-Value Occasional Shoppers,0.2804442556029369,-1.1685940046737537
C104452,1,Mid-Value Occasional Shoppers,0.29458836882711836,-0.3221282315399316
C104453,0,Low-Engagement / Dormant,-2.6616692990586572,-1.7653629162193307
C104454,1,Mid-Value Occasional Shoppers,-0.6319473700367564,-0.8537737836396048
C104455,1,Mid-Value Occasional Shoppers,-1.4210907918816844,-0.9146743174767611
C104456,0,Low-Engagement / Dormant,-2.681858248074181,-1.5670659952785186
C104457,1,Mid-Value Occasional Shoppers,0.1318451557710664,0.790873696823125
C104458,0,Low-Engagement / Dormant,-2.7113651735584083,-1.27724741851887
C104459,1,Mid-Value Occasional Shoppers,-0.32176816155467247,0.6690845807442339
C104460,0,Low-Engagement / Dormant,-2.1457960156783025,-0.6516800684604093
C104461,0,Low-Engagement / Dormant,-1.8583825809899772,-1.5548629168789705
C104462,1,Mid-Value Occasional Shoppers,-0.022894368487077228,-0.38376157021479784
C104463,1,Mid-Value Occasional Shoppers,1.241722142393525,0.8190950299922423
C104464,1,Mid-Value Occasional Shoppers,0.6127469962227258,0.13584376045733731
C104465,1,Mid-Value Occasional Shoppers,0.663838430146512,-0.44174872973062285
C104466,1,Mid-Value Occasional Shoppers,-0.9336501085788681,-1.1734260072698048
C104467,0,Low-Engagement / Dormant,-2.628538716058823,-2.090773248019638
C104468,1,Mid-Value Occasional Shoppers,-0.07146445197168814,-0.8732020204664885
C104469,0,Low-Engagement / Dormant,-2.623362062465099,-2.141618612363436
C104470,1,Mid-Value Occasional Shoppers,-0.09049544556842447,-0.16938608995374102
C104471,1,Mid-Value Occasional Shoppers,-0.2946061605177335,0.2922376579725356
C104472,1,Mid-Value Occasional Shoppers,-0.04814215204516174,-1.3369199100781757
C104473,1,Mid-Value Occasional Shoppers,-0.2846423405962495,-0.9390215157652435
C104474,1,Mid-Value Occasional Shoppers,0.8430803995503542,-0.5010436277639951
C104475,0,Low-Engagement / Dormant,-2.952079565666577,1.0870620234677382
C104476,1,Mid-Value Occasional Shoppers,-0.08648295174837235,-0.8468388082006327
C104477,1,Mid-Value Occasional Shoppers,0.06047910470240922,-1.0196642268989362
C104478,2,Low-Engagement / Dormant,-1.9766868845366068,1.669758282839778
C104479,1,Mid-Value Occasional Shoppers,0.44112076731587,1.471363143819829
C104480,2,Low-Engagement / Dormant,-2.029562326537013,3.538328244579509
C104481,3,High-Value Loyalists,3.422063011002305,0.14658958320957605
C104482,2,Low-Engagement / Dormant,-1.507630954938636,1.0852362909150008
C104483,1,Mid-Value Occasional Shoppers,1.5188587229282289,-0.716781001453394
C104484,1,Mid-Value Occasional Shoppers,-1.4159875856283985,-0.9041842482085768
C104485,2,Low-Engagement / Dormant,-0.9698196297288784,1.857251204955376
C104486,0,Low-Engagement / Dormant,-3.026235103027224,-0.9898211236771386
C104487,1,Mid-Value Occasional Shoppers,0.5884514756294706,-1.0097043325987916
C104488,1,Mid-Value Occasional Shoppers,0.10138670181389932,0.677140479817145
C104489,2,Low-Engagement / Dormant,-1.5759115263934929,0.7385352915017033
C104490,1,Mid-Value Occasional Shoppers,0.2929688813131752,0.30297522932062115
C104491,1,Mid-Value Occasional Shoppers,-0.6875568273772947,-0.8830885407364669
C104492,1,Mid-Value Occasional Shoppers,-0.9791142157457143,-1.2013259483735954
C104493,1,Mid-Value Occasional Shoppers,-1.0087551559626533,-0.9639021823271722
C104494,1,Mid-Value Occasional Shoppers,0.17861525336453907,-0.37604953296760313
C104495,2,Low-Engagement / Dormant,-2.002675219999012,0.9295697541729638
C104496,1,Mid-Value Occasional Shoppers,0.7585637754362848,0.16418872266887355
C104497,1,Mid-Value Occasional Shoppers,-0.19122630586915068,-1.3728919330933278
C104498,3,High-Value Loyalists,5.505818551989153,0.35978380692386813
C104499,3,High-Value Loyalists,4.517552723001573,0.16731961516796742
C104500,1,Mid-Value Occasional Shoppers,1.829483088290464,0.4976190596486138
C104501,1,Mid-Value Occasional Shoppers,1.4853054675714927,-0.2683504944515534
C104502,1,Mid-Value Occasional Shoppers,0.15844659840040493,0.5438038005663793
C104503,2,Low-Engagement / Dormant,0.20807639270281847,1.554172875589328
C104504,3,High-Value Loyalists,3.9190075957860695,-0.3996621207498607
C104505,1,Mid-Value Occasional Shoppers,-0.6219343143277195,-1.2499738375211658
C104506,1,Mid-Value Occasional Shoppers,-0.7583317602144999,-0.22694743749180568
C104507,1,Mid-Value Occasional Shoppers,-1.4535825880991236,-0.92682499107552
C104508,0,Low-Engagement / Dormant,-2.647692334355602,-1.9026453999475856
C104509,1,Mid-Value Occasional Shoppers,-1.1415203064402066,-1.8387192731242383
C104510,3,High-Value Loyalists,1.7374911005003735,-0.22308369227860123
C104511,1,Mid-Value Occasional Shoppers,-1.175593062539796,-1.323323884563862
C104512,1,Mid-Value Occasional Shoppers,-0.8083742802527698,-1.383021995588007
C104514,3,High-Value Loyalists,4.420253439832228,-0.13681969432693694
C104515,3,High-Value Loyalists,3.468119661188409,0.1468126101859683
C104516,1,Mid-Value Occasional Shoppers,-0.6370644943346793,0.03208964180102145
C104517,0,Low-Engagement / Dormant,-2.6357860310900367,-2.019589737938321
C104518,0,Low-Engagement / Dormant,-2.656492645464933,-1.816208280563129
C104519,1,Mid-Value Occasional Shoppers,-0.16838183827724734,-0.37750129425957396
C104520,2,Low-Engagement / Dormant,-1.08527765954347,2.3718894145098437
C104521,1,Mid-Value Occasional Shoppers,-1.1404787428399448,0.559768177845977
C104522,1,Mid-Value Occasional Shoppers,-0.9861103157386135,-0.9702489108021893
C104523,1,Mid-Value Occasional Shoppers,-0.8261568602936817,0.016177431204030684
C104524,1,Mid-Value Occasional Shoppers,-0.17069808676323323,0.005052160127406907
C104525,3,High-Value Loyalists,4.72471402001413,-0.27164764033380406
C104526,1,Mid-Value Occasional Shoppers,0.5938178743834659,1.2210726657748676
C104527,2,Low-Engagement / Dormant,-1.3791759556499488,0.7826254423293904
C104528,1,Mid-Value Occasional Shoppers,-1.4546279875226247,-0.0028168885088459277
C104529,1,Mid-Value Occasional Shoppers,0.40780246950246135,0.4010500410620619
C104531,1,Mid-Value Occasional Shoppers,1.5846562065090273,0.7062714085907076
C104532,2,Low-Engagement / Dormant,-1.4851268147295298,1.3964396188979222
C104533,1,Mid-Value Occasional Shoppers,0.6982218787877194,-0.28242731888447314
C104534,1,Mid-Value Occasional Shoppers,-1.2796121127620166,-1.3833946732713
C104535,1,Mid-Value Occasional Shoppers,-1.7483128011445386,-1.1834756270786115
C104536,3,High-Value Loyalists,2.2040694809017163,-0.6693024785586655
C104537,1,Mid-Value Occasional Shoppers,-0.34875734892131216,-0.5161432923520395
C104538,1,Mid-Value Occasional Shoppers,-0.2931304903576693,-0.74818694702472
C104539,1,Mid-Value Occasional Shoppers,-0.004312104919933517,-0.47631627289826245
C104540,1,Mid-Value Occasional Shoppers,0.45949137432482645,0.4357893701015281
C104541,2,Low-Engagement / Dormant,-1.0444772905440107,1.2374772920955093
C104542,3,High-Value Loyalists,4.4718113479608474,0.012973275173707824
C104543,3,High-Value Loyalists,3.0792628696136672,-0.46168879582667194
C104544,1,Mid-Value Occasional Shoppers,0.2969959034969674,-0.8143034858692112
C104545,3,High-Value Loyalists,1.798705730658221,0.15869860870962268
C104546,3,High-Value Loyalists,2.1409448387488097,0.44659533085473235
C104547,1,Mid-Value Occasional Shoppers,-0.7940428036293811,-1.462548218727931
C104548,1,Mid-Value Occasional Shoppers,-0.06241252215056685,-0.03523092609383147
C104549,2,Low-Engagement / Dormant,-0.6393435930208499,1.3241444967414742
C104550,1,Mid-Value Occasional Shoppers,-0.8200476108376061,-1.1687265883183198
C104551,1,Mid-Value Occasional Shoppers,-0.5073300597115824,-1.015781450240599
C104552,1,Mid-Value Occasional Shoppers,-1.5546887975123596,-0.5988141663143205
C104553,1,Mid-Value Occasional Shoppers,-0.5297798439886204,-0.9926489608720015
C104555,1,Mid-Value Occasional Shoppers,-0.8035105544722062,0.26739629919160046
C104556,2,Low-Engagement / Dormant,-0.6725385860772535,1.7009708353610133
C104557,1,Mid-Value Occasional Shoppers,-1.3659209510784998,-0.4990169562215075
C104558,1,Mid-Value Occasional Shoppers,-0.0498078827071783,0.5830525833788732
C104559,1,Mid-Value Occasional Shoppers,0.13619063405368875,0.2414640613179138
C104560,0,Low-Engagement / Dormant,-2.7046355238865667,-1.3433463921658075
C104561,1,Mid-Value Occasional Shoppers,-0.9907718807218762,-1.554140356398244
C104562,1,Mid-Value Occasional Shoppers,-0.30138456986887696,-0.13912743925632964
C104563,1,Mid-Value Occasional Shoppers,-0.19708308329707755,-0.6246307944209278
C104564,0,Low-Engagement / Dormant,-2.9356436651370528,-1.879614999693604
C104565,1,Mid-Value Occasional Shoppers,-0.22818824003806598,-0.9992292971919543
C104566,2,Low-Engagement / Dormant,0.1338013225809252,2.1921876067239787
C104567,1,Mid-Value Occasional Shoppers,0.02135085613371898,-0.8383747642976287
C104568,1,Mid-Value Occasional Shoppers,0.6464546682743042,1.0252555537106836
C104569,1,Mid-Value Occasional Shoppers,-1.0507572882561351,-1.6717398871026978
C104570,2,Low-Engagement / Dormant,-0.34149509605159967,1.493156479228575
C104572,1,Mid-Value Occasional Shoppers,-0.3337385546036366,1.5352402273540713
C104573,1,Mid-Value Occasional Shoppers,-0.37066918832669743,0.21356875362674269
C104574,2,Low-Engagement / Dormant,-1.4488711688709321,2.4047963878878735
C104575,1,Mid-Value Occasional Shoppers,-1.7366157545898904,-0.012985108050836037
C104576,1,Mid-Value Occasional Shoppers,-0.3169458532589905,0.2873006820087024
C104577,1,Mid-Value Occasional Shoppers,-0.445760968098763,-1.1708527948599552
C104578,1,Mid-Value Occasional Shoppers,0.7933686697805783,0.5840283180005935
C104579,3,High-Value Loyalists,2.5327737755795434,-0.6815317563233507
C104580,0,Low-Engagement / Dormant,-2.6497629957930915,-1.8823072542100663
C104581,1,Mid-Value Occasional Shoppers,-1.0821532297362746,-1.7683457384491612
C104582,3,High-Value Loyalists,2.4578788634755706,-0.1629047773517747
C104583,3,High-Value Loyalists,3.1049580932510974,-0.3430726182994095
C104584,1,Mid-Value Occasional Shoppers,1.6058518928563406,-0.22059024998588553
C104585,1,Mid-Value Occasional Shoppers,0.6596782222666216,-0.6615753374716783
C104586,1,Mid-Value Occasional Shoppers,-0.28156093928050646,-0.5009010494050707
C104587,2,Low-Engagement / Dormant,0.02668264225926212,1.7332207962866242
C104588,0,Low-Engagement / Dormant,-2.7486370794332213,-0.9111607952435242
C104589,3,High-Value Loyalists,2.3994560918958383,-0.0098124112476517
C104590,3,High-Value Loyalists,3.847497694042181,0.022462311727346855
C104591,1,Mid-Value Occasional Shoppers,-0.6481338997515845,-1.3331918389064974
C104592,1,Mid-Value Occasional Shoppers,0.32417113944083686,-0.9719803017566341
C104593,3,High-Value Loyalists,2.311491279179737,-0.3072536511340125
C104594,0,Low-Engagement / Dormant,-1.7959868894923035,-1.6035412243367984
C104595,0,Low-Engagement / Dormant,-2.9940104597757418,1.4989094746525022
C104596,1,Mid-Value Occasional Shoppers,-0.4641197972942633,-0.23517087226289862
C104597,1,Mid-Value Occasional Shoppers,0.2213283534492496,0.7951766331169384
C104598,1,Mid-Value Occasional Shoppers,0.2741938681535955,1.2042210452822952
C104599,1,Mid-Value Occasional Shoppers,-0.8764282043768613,0.2115926233822069
C104600,1,Mid-Value Occasional Shoppers,-0.1329509002129056,-0.7173308257073943
C104601,1,Mid-Value Occasional Shoppers,-0.3073779064447516,-0.8954541074515578
C104602,1,Mid-Value Occasional Shoppers,0.3618512403420067,-0.12695157526090284
C104603,1,Mid-Value Occasional Shoppers,-0.6637716245002405,-1.1931185722883397
C104604,1,Mid-Value Occasional Shoppers,-0.27989550464124247,-0.8502463299306748
C104605,2,Low-Engagement / Dormant,-0.31150371373748237,1.3646026679522356
C104606,1,Mid-Value Occasional Shoppers,-1.4391906460692634,-1.066787377077753
C104607,3,High-Value Loyalists,2.278161787326841,-0.7387222698492216
C104608,3,High-Value Loyalists,3.741087742669043,-0.22714563935367835
C104609,1,Mid-Value Occasional Shoppers,-0.7006522254846612,-0.07349972039695014
C104610,1,Mid-Value Occasional Shoppers,0.13321016708600916,0.5945099209376002
C104611,1,Mid-Value Occasional Shoppers,-0.880440577985282,-0.21189801120394983
C104612,1,Mid-Value Occasional Shoppers,0.08025003093675301,-0.7722268899983781
C104613,1,Mid-Value Occasional Shoppers,-0.28288439429402273,-0.19820997671732937
C104614,1,Mid-Value Occasional Shoppers,1.0861995116787067,0.07186696644701793
C104615,3,High-Value Loyalists,3.528733751105265,-0.255211361646949
C104616,1,Mid-Value Occasional Shoppers,1.313688928687743,-0.5543250760483862
C104617,1,Mid-Value Occasional Shoppers,0.3652539116543334,-0.41095196347968876
C104618,1,Mid-Value Occasional Shoppers,-0.4746549398559929,0.9922247563178175
C104619,1,Mid-Value Occasional Shoppers,0.9081398197325818,-0.7432179820335814
C104620,2,Low-Engagement / Dormant,-3.1053085120408093,2.592084808044159
C104621,1,Mid-Value Occasional Shoppers,-1.0944791557105247,0.7101855212013009
C104622,2,Low-Engagement / Dormant,-0.051149886817017175,1.7692295841657526
C104623,3,High-Value Loyalists,2.161376392950594,-0.45148362150077065
C104624,1,Mid-Value Occasional Shoppers,-0.4352374834077259,-1.4860588920680422
C104625,1,Mid-Value Occasional Shoppers,-1.3959154009665187,-0.8785187787017386
C104626,1,Mid-Value Occasional Shoppers,-0.7991572392789086,-0.12684097855925394
C104627,1,Mid-Value Occasional Shoppers,-0.9366837820832138,-0.8242007398299112
C104628,1,Mid-Value Occasional Shoppers,0.08902969010581137,1.2402578615163113
C104629,2,Low-Engagement / Dormant,-0.6632089100059871,1.296688505507311
C104630,0,Low-Engagement / Dormant,-2.820592564385986,-0.20441023086473167
C104631,1,Mid-Value Occasional Shoppers,-0.3095016782048507,-0.38874192504989535
C104632,1,Mid-Value Occasional Shoppers,-0.6550133325812109,0.03147103576719412
C104633,1,Mid-Value Occasional Shoppers,-1.735277417714785,-1.0844768269596672
C104634,2,Low-Engagement / Dormant,-0.44857267173891063,1.3191452014210983
C104635,1,Mid-Value Occasional Shoppers,0.5005818091396452,0.9877261604893278
C104636,3,High-Value Loyalists,2.591313270272223,0.5496828682329914
C104637,1,Mid-Value Occasional Shoppers,-0.5774650328522346,-0.6728777027394649
C104638,1,Mid-Value Occasional Shoppers,-1.0986133904631041,-0.2826703405814314
C104639,3,High-Value Loyalists,2.06686369838483,0.01358647128828068
C104640,1,Mid-Value Occasional Shoppers,-0.9712586288281464,-1.3138311143985866
C104641,1,Mid-Value Occasional Shoppers,-1.0657563053079337,-0.6276033065419466
C104642,1,Mid-Value Occasional Shoppers,0.8737959595941175,-0.16347442973440648
C104643,1,Mid-Value Occasional Shoppers,1.342138748643685,0.6757605604153387
C104644,1,Mid-Value Occasional Shoppers,-0.45885856980866185,-1.0175803896761733
C104645,1,Mid-Value Occasional Shoppers,-1.0647005987442588,-0.09961331288426709
C104646,2,Low-Engagement / Dormant,-0.8665602705850954,2.1830525141121435
C104647,3,High-Value Loyalists,4.080740222802539,-0.008308317956310882
C104648,1,Mid-Value Occasional Shoppers,-0.3521164609662178,-0.18810464595289222
C104649,1,Mid-Value Occasional Shoppers,0.3811488143632086,-0.6548213300848276
C104650,1,Mid-Value Occasional Shoppers,1.3070479830969166,0.25849095185022825
C104651,0,Low-Engagement / Dormant,-2.624915058543216,-2.1263650030602967
C104652,1,Mid-Value Occasional Shoppers,0.4955211740109315,0.306164873595909
C104653,3,High-Value Loyalists,1.7843566129735944,-0.35107480352441045
C104654,1,Mid-Value Occasional Shoppers,1.7958763938858862,0.6386280908426093
C104655,1,Mid-Value Occasional Shoppers,-0.7510734962750515,-1.2250817831833305
C104656,1,Mid-Value Occasional Shoppers,-0.45407008462251147,0.8357935478185714
C104658,1,Mid-Value Occasional Shoppers,-0.4850444753853682,-0.6675727186244509
C104659,1,Mid-Value Occasional Shoppers,-0.7277837320656276,-1.0834651005538503
C104660,1,Mid-Value Occasional Shoppers,0.7266046677554541,1.2994752607378994
C104661,3,High-Value Loyalists,3.942017397331684,0.03945670195875158
C104662,1,Mid-Value Occasional Shoppers,-0.3744402863214121,-0.8425862027403787
C104663,1,Mid-Value Occasional Shoppers,0.050173948770781227,-1.5384859078677362
C104664,0,Low-Engagement / Dormant,-1.2970250752104358,-0.5674884524401497
C104665,2,Low-Engagement / Dormant,0.07869671695886983,1.2544084535045616
C104666,1,Mid-Value Occasional Shoppers,-1.7881539647426559,-1.6586390215118587
C104667,2,Low-Engagement / Dormant,-0.8823654021312828,1.3902388029166428
C104668,0,Low-Engagement / Dormant,-2.633197704293175,-2.04501242011022
C104669,1,Mid-Value Occasional Shoppers,-0.782719977900073,-1.2920872706531834
C104670,1,Mid-Value Occasional Shoppers,-0.8933073044824663,-1.66103469189147
C104671,1,Mid-Value Occasional Shoppers,-0.2765992257717681,-0.838582004781767
C104672,1,Mid-Value Occasional Shoppers,-0.3936963904414523,-1.1411505093191374
C104673,1,Mid-Value Occasional Shoppers,-0.6288780166008067,0.05628882794742063
C104674,2,Low-Engagement / Dormant,-1.695209276913038,3.7852065796020122
C104675,1,Mid-Value Occasional Shoppers,0.416376792036717,1.4499213476057193
C104676,1,Mid-Value Occasional Shoppers,-1.211722047272606,-0.3573085130784734
C104677,1,Mid-Value Occasional Shoppers,-1.833712067256519,-0.7267016614400048
C104678,1,Mid-Value Occasional Shoppers,-0.516700200544749,-0.4852574729004294
C104679,1,Mid-Value Occasional Shoppers,-0.43970558552317657,-1.18003217160907
C104680,2,Low-Engagement / Dormant,-0.24934867382983575,2.0017175498341553
C104681,3,High-Value Loyalists,2.965131384838665,-0.4544494221141711
C104682,1,Mid-Value Occasional Shoppers,0.7886720671731744,-0.49146557806486363
C104683,0,Low-Engagement / Dormant,-2.066113458888093,-1.2167075581412572
C104684,2,Low-Engagement / Dormant,-1.1396695419618013,0.5293302540821684
C104685,1,Mid-Value Occasional Shoppers,0.2570877697953973,0.30248880034572
C104686,1,Mid-Value Occasional Shoppers,-0.05624746745923946,-0.11620508915102608
C104687,1,Mid-Value Occasional Shoppers,-0.37676115572875435,1.1353046175107417
C104688,1,Mid-Value Occasional Shoppers,1.0175484622074582,-0.6737714047583471
C104689,2,Low-Engagement / Dormant,-1.6817978194193561,0.7149809162429436
C104690,1,Mid-Value Occasional Shoppers,-1.0182728438776052,-0.8791075332074791
C104692,3,High-Value Loyalists,3.2158046163804546,0.8248308925874082
C104693,2,Low-Engagement / Dormant,-1.6756301642784097,2.4471393929413834
C104694,0,Low-Engagement / Dormant,-3.0561303029004305,2.1090538467780777
C104695,2,Low-Engagement / Dormant,-1.3767106539418819,1.6863798442632474
C104696,1,Mid-Value Occasional Shoppers,-0.6826980712134019,-1.1096149722376705
C104697,2,Low-Engagement / Dormant,-2.3788534007736626,2.993098998681881
C104698,3,High-Value Loyalists,5.026726007657634,0.743607528978804
C104699,1,Mid-Value Occasional Shoppers,-0.3631788853872026,-0.5642609109334255
C104701,2,Low-Engagement / Dormant,-1.3342885610995758,2.462469359456318
C104702,1,Mid-Value Occasional Shoppers,1.6902357665697991,0.01673267163136914
C104703,1,Mid-Value Occasional Shoppers,-1.2319620496794819,0.33586761660010217
C104704,1,Mid-Value Occasional Shoppers,-0.7280328824166884,-0.23661312748911495
C104706,1,Mid-Value Occasional Shoppers,0.16453761281040982,-0.42107437984950835
C104707,3,High-Value Loyalists,5.326198665407241,0.8258220579254923
C104708,3,High-Value Loyalists,2.914219174703511,-0.5065917925037573
C104709,1,Mid-Value Occasional Shoppers,1.4617225284231778,-0.4828071990592317
C104710,3,High-Value Loyalists,2.346812667987442,-0.7070805881291673
C104711,1,Mid-Value Occasional Shoppers,-0.053585824240193466,-0.3466117922787896
C104712,1,Mid-Value Occasional Shoppers,-0.7431759593695241,-1.3704319263714635
C104713,1,Mid-Value Occasional Shoppers,-1.445542853385675,-1.2563559653833365
C104714,2,Low-Engagement / Dormant,-0.801277553296868,1.788169997887704
C104715,3,High-Value Loyalists,2.826127996762008,-0.029489272458752512
C104716,1,Mid-Value Occasional Shoppers,-1.2278568458452452,-0.7642347165363041
C104717,1,Mid-Value Occasional Shoppers,0.6034324733914523,0.02824707548155786
C104718,3,High-Value Loyalists,3.35943362422598,-0.3804918834707872
C104719,3,High-Value Loyalists,4.742474634935624,0.13561938151944294
C104720,1,Mid-Value Occasional Shoppers,0.953831334360063,-0.05317494273616875
C104721,0,Low-Engagement / Dormant,-2.763131709495649,-0.7687937750808895
C104722,1,Mid-Value Occasional Shoppers,-0.7088316373991791,-1.420005768157001
C104723,1,Mid-Value Occasional Shoppers,-0.2063476823280849,-1.1999733087262925
C104724,2,Low-Engagement / Dormant,-2.0268000853883024,1.8969793336612055
C104725,1,Mid-Value Occasional Shoppers,-0.16297305442704285,0.7266322869614757
C104726,3,High-Value Loyalists,5.365941826825272,0.5357975283250568
C104727,1,Mid-Value Occasional Shoppers,0.4770913175412478,-0.13390181070421275
C104728,1,Mid-Value Occasional Shoppers,-0.08232794718487214,-0.7719870192491894
C104729,0,Low-Engagement / Dormant,-2.6616692990586572,-1.7653629162193307
C104730,1,Mid-Value Occasional Shoppers,-1.3332614029410483,-1.234951495715907
C104731,3,High-Value Loyalists,2.607760688217187,0.9301677060779923
C104732,1,Mid-Value Occasional Shoppers,0.14737327358253613,-0.6820949591924921
C104733,3,High-Value Loyalists,5.1799146262922715,0.12314959038388333
C104734,2,Low-Engagement / Dormant,-1.3381188389463958,2.116749128750872
C104735,1,Mid-Value Occasional Shoppers,0.8668897490074154,-0.5884030479223863
C104736,1,Mid-Value Occasional Shoppers,0.45516358580876676,1.0057233337903984
C104737,1,Mid-Value Occasional Shoppers,-0.7233985484877207,0.2125330288816264
C104738,1,Mid-Value Occasional Shoppers,-0.8068971357941016,-0.004841763979232526
C104739,3,High-Value Loyalists,4.061434001096523,-0.05177749094631368
C104740,1,Mid-Value Occasional Shoppers,1.083766703758928,-0.5327115734153495
C104741,0,Low-Engagement / Dormant,-2.5629635430278697,1.118818058750995
C104742,1,Mid-Value Occasional Shoppers,-0.45847980157235124,-1.1818795038956564
C104743,2,Low-Engagement / Dormant,-1.0491390109393233,1.8909519514582882
C104744,3,High-Value Loyalists,4.01140029165865,0.3891383830113236
C104745,1,Mid-Value Occasional Shoppers,-0.46716107833347587,-0.6316015091660971
C104746,1,Mid-Value Occasional Shoppers,-0.7826894904793491,0.7133457869957904
C104747,1,Mid-Value Occasional Shoppers,-0.11964039430625911,-0.9759688701322782
C104748,1,Mid-Value Occasional Shoppers,0.6167132576601286,0.788830803135385
C104749,0,Low-Engagement / Dormant,-2.8733944310419712,0.31421248544200847
C104751,1,Mid-Value Occasional Shoppers,1.0693213722325485,0.33391929928476904
C104752,2,Low-Engagement / Dormant,-1.3830917352519656,2.1079108850286334
C104753,0,Low-Engagement / Dormant,-2.0610547435189845,-1.301629764655477
C104754,1,Mid-Value Occasional Shoppers,0.34670344018961174,-0.7261420091547429
C104755,1,Mid-Value Occasional Shoppers,-0.14492492882169594,0.7464132462694936
C104756,1,Mid-Value Occasional Shoppers,-0.5089729416559595,0.7215199449749788
C104757,1,Mid-Value Occasional Shoppers,-0.5734379812241438,-0.9954493472046476
C104758,0,Low-Engagement / Dormant,-2.6828935787929256,-1.556896922409759
C104759,3,High-Value Loyalists,3.5527485161148316,-0.0808650476943462
C104760,1,Mid-Value Occasional Shoppers,-0.42918649241313805,0.04801431858181905
C104761,1,Mid-Value Occasional Shoppers,-1.3427203281148747,-1.297596778928399
C104762,1,Mid-Value Occasional Shoppers,1.0871716689150837,1.1540804539413034
C104763,1,Mid-Value Occasional Shoppers,1.1692658997684313,0.6504183633503772
C104764,1,Mid-Value Occasional Shoppers,-1.0974891652500447,-1.0237946169154561
C104765,1,Mid-Value Occasional Shoppers,-0.45835854834989265,0.41735742396558917
C104766,1,Mid-Value Occasional Shoppers,-0.9016405959686983,-1.1981707086051439
C104767,1,Mid-Value Occasional Shoppers,0.3812579404442891,-0.41320111749664495
C104769,1,Mid-Value Occasional Shoppers,1.547342593435655,1.2325259246136162
C104770,0,Low-Engagement / Dormant,-2.6264680546213333,-2.1111113937571573
C104771,1,Mid-Value Occasional Shoppers,0.9174138925967553,0.05053940870347329
C104772,1,Mid-Value Occasional Shoppers,0.42269959707195615,0.5158527979418812
C104773,1,Mid-Value Occasional Shoppers,-0.6314041686089512,-1.1688377425523748
C104774,3,High-Value Loyalists,1.8602507446279237,-0.4991529798384315
C104775,1,Mid-Value Occasional Shoppers,0.5099718934022015,-1.420118707582228
C104776,2,Low-Engagement / Dormant,-0.9996384901432036,1.799636408276747
C104777,1,Mid-Value Occasional Shoppers,0.631034973549905,0.6034718352383349
C104778,1,Mid-Value Occasional Shoppers,-1.0339392354698749,-0.32305103836300497
C104779,1,Mid-Value Occasional Shoppers,-1.3793451477679834,-1.5019096933241356
C104780,3,High-Value Loyalists,3.3306076413636343,-0.21646935185221425
C104781,1,Mid-Value Occasional Shoppers,-0.98713455973686,-1.3163195389217102
C104782,1,Mid-Value Occasional Shoppers,-1.0943629950523313,-1.703693385468634
C104783,0,Low-Engagement / Dormant,-2.9708449095743763,-1.5338665221557775
C104784,3,High-Value Loyalists,1.8630821769264814,-0.41485734399422053
C104785,1,Mid-Value Occasional Shoppers,-0.06106171425774539,-0.9837868679440408
C104786,3,High-Value Loyalists,1.8350491378422877,-0.6326728580019384
C104787,1,Mid-Value Occasional Shoppers,-0.08998195909894119,-0.9035056373226982
C104788,1,Mid-Value Occasional Shoppers,-0.8690751956611773,-0.48014583179353265
C104789,1,Mid-Value Occasional Shoppers,1.2050502885177383,-0.539059514488779
C104790,1,Mid-Value Occasional Shoppers,-0.6867335334004985,0.41136833147922164
C104791,1,Mid-Value Occasional Shoppers,0.23438823739016465,-0.8531100248005912
C104792,1,Mid-Value Occasional Shoppers,-0.3022904088195829,-0.8795718675612053
C104793,1,Mid-Value Occasional Shoppers,-1.1279198079924992,-1.3809233012828452
C104794,1,Mid-Value Occasional Shoppers,0.262669554872323,-0.6398802760379583
C104795,1,Mid-Value Occasional Shoppers,-0.28046003050367824,1.3092336889116867
C104796,1,Mid-Value Occasional Shoppers,-0.7298099253204161,0.1333916480332813
C104797,1,Mid-Value Occasional Shoppers,-0.20116183662880446,0.3574430611166136
C104798,1,Mid-Value Occasional Shoppers,0.623267222159606,0.9019552991397687
C104799,1,Mid-Value Occasional Shoppers,0.29414310596683413,0.6131312547107499
C104800,1,Mid-Value Occasional Shoppers,0.3493781193492379,-0.08073925468139684
C104801,0,Low-Engagement / Dormant,-2.626985719980706,-2.1060268573227776
C104802,2,Low-Engagement / Dormant,-2.3104610344314107,1.3436289203855547
C104803,2,Low-Engagement / Dormant,-1.2319440950407388,0.9591629864819887
C104804,3,High-Value Loyalists,2.563773737443578,0.5824590778915588
C104805,1,Mid-Value Occasional Shoppers,-0.5817014526528004,-0.5577488844408713
C104806,1,Mid-Value Occasional Shoppers,1.0086779853941454,0.7411108692687146
C104807,0,Low-Engagement / Dormant,-2.6963528781366084,-1.4246989751158843
C104808,1,Mid-Value Occasional Shoppers,-0.06675099407471631,-1.2944420684760654
C104810,3,High-Value Loyalists,4.3153276984449365,0.12785361135037704
C104811,3,High-Value Loyalists,3.540440036169204,0.29366621415324623
C104812,1,Mid-Value Occasional Shoppers,-0.799276440096296,0.6909118305990875
C104813,1,Mid-Value Occasional Shoppers,-0.8058759366018418,-1.099398592908403
C104814,2,Low-Engagement / Dormant,-0.7228768530816374,0.961261910993198
C104815,1,Mid-Value Occasional Shoppers,-1.475356825341021,-0.6675522965673643
C104816,3,High-Value Loyalists,2.6618294686105703,0.28929825743567184
C104817,1,Mid-Value Occasional Shoppers,1.3563120607976178,0.980908076321067
C104818,3,High-Value Loyalists,1.7316739274843094,-0.019706175339422122
C104819,1,Mid-Value Occasional Shoppers,-0.5826921987636197,-0.3917617341431462
C104820,1,Mid-Value Occasional Shoppers,-0.08410783852490969,-0.5301326319973365
C104821,3,High-Value Loyalists,2.433118180200018,-0.22754659302169028
C104822,1,Mid-Value Occasional Shoppers,-1.185843091022287,0.12974055531907125
C104823,1,Mid-Value Occasional Shoppers,-0.5075084779341721,-0.749966485462619
C104824,1,Mid-Value Occasional Shoppers,-0.2877136183993034,0.5991317781187393
C104825,1,Mid-Value Occasional Shoppers,0.5039330228478732,-0.41180542171580303
C104826,2,Low-Engagement / Dormant,-1.0536499859524195,2.04162604460949
C104827,1,Mid-Value Occasional Shoppers,0.8604859483188845,0.19241767315340946
C104828,1,Mid-Value Occasional Shoppers,0.06374930400311649,-0.36191390882005225
C104829,1,Mid-Value Occasional Shoppers,0.6311210987825514,0.6612576515445829
C104830,1,Mid-Value Occasional Shoppers,-0.8629503044111868,0.36810357439247793
C104831,3,High-Value Loyalists,4.816221951700209,0.3143395439033578
C104832,1,Mid-Value Occasional Shoppers,-0.49912993252208737,-1.081902384507829
C104833,1,Mid-Value Occasional Shoppers,1.4055265277448918,1.0683811675123536
C104834,2,Low-Engagement / Dormant,-1.6526164903664469,2.504161524889891
C104835,1,Mid-Value Occasional Shoppers,-0.6264416347293316,-0.6407350113836509
C104836,1,Mid-Value Occasional Shoppers,-0.3997515813702841,0.6535803505708079
C104837,1,Mid-Value Occasional Shoppers,-0.5930762450433211,0.6365088755102848
C104838,1,Mid-Value Occasional Shoppers,-0.7278802898890636,0.5653175352236302
C104839,3,High-Value Loyalists,4.927261686736286,0.047130354126134345
C104840,1,Mid-Value Occasional Shoppers,-1.2377439596392632,-0.6267325382101048
C104841,1,Mid-Value Occasional Shoppers,-0.2401700707112296,-1.2603569457768338
C104842,3,High-Value Loyalists,1.9076683897728963,-0.011243230500434303
C104843,1,Mid-Value Occasional Shoppers,-0.4183710144875029,0.3980538288550574
C104844,1,Mid-Value Occasional Shoppers,-0.5979498865820247,-0.48135040215691777
C104845,1,Mid-Value Occasional Shoppers,-0.24373919333656024,0.2737162593681748
C104846,1,Mid-Value Occasional Shoppers,-0.6808080682922544,-0.698688271298241
C104847,1,Mid-Value Occasional Shoppers,-1.5822073478592744,-1.408672573763684
C104848,1,Mid-Value Occasional Shoppers,-0.030504641771158265,-0.21267341666302034
C104849,1,Mid-Value Occasional Shoppers,0.7471475292227792,-0.12304787071087457
C104850,1,Mid-Value Occasional Shoppers,-0.2592568070791339,-0.18347450711874255
C104851,1,Mid-Value Occasional Shoppers,-1.6584423943789703,-0.8045673188585769
C104852,1,Mid-Value Occasional Shoppers,1.0680875353818204,-1.1531282043230684
C104853,2,Low-Engagement / Dormant,-1.2249426043878293,2.9886876038819787
C104854,1,Mid-Value Occasional Shoppers,-0.9223381935827452,0.6860532289315324
C104855,1,Mid-Value Occasional Shoppers,-0.21141887404542628,-1.0415174607389284
C104856,1,Mid-Value Occasional Shoppers,0.08533574083094163,0.15763829095803764
C104858,1,Mid-Value Occasional Shoppers,-0.9924337393223139,0.23425479090755635
C104859,0,Low-Engagement / Dormant,-2.9863748703555486,-1.3813304291243833
C104860,1,Mid-Value Occasional Shoppers,0.556884811440525,0.49442151620872077
C104861,1,Mid-Value Occasional Shoppers,-0.1230064848196863,-0.5332159002933976
C104862,1,Mid-Value Occasional Shoppers,-1.1477483927682173,0.11676865263579295
C104863,1,Mid-Value Occasional Shoppers,0.9971372317268071,-0.5792750548850039
C104864,1,Mid-Value Occasional Shoppers,-1.1269001670220062,-1.2647370930070123
C104865,3,High-Value Loyalists,3.465691669711991,-0.201037789156418
C104866,1,Mid-Value Occasional Shoppers,0.8488455736971895,-0.7110236524116916
C104867,1,Mid-Value Occasional Shoppers,-1.1192860279354573,-1.0083970419075794
C104868,1,Mid-Value Occasional Shoppers,-0.2279948782537439,-0.8220477206518937
C104869,1,Mid-Value Occasional Shoppers,0.39985291648904636,-0.9380727147675739
C104870,3,High-Value Loyalists,3.40174049999074,-0.2948214646133155
C104872,3,High-Value Loyalists,5.027062953453449,0.5893543724030277
C104873,1,Mid-Value Occasional Shoppers,-1.0892381863244043,0.19021457996988161
C104874,1,Mid-Value Occasional Shoppers,0.8033818787049057,-0.8083389296476943
C104875,1,Mid-Value Occasional Shoppers,1.4235552157828377,0.5439926320338604
C104876,1,Mid-Value Occasional Shoppers,-0.5484228982916298,-0.13967680423101392
C104877,1,Mid-Value Occasional Shoppers,-0.045435667904876936,-0.6582314453422549
C104878,1,Mid-Value Occasional Shoppers,-1.14181060021599,-0.5086860861528935
C104879,1,Mid-Value Occasional Shoppers,1.2136461857128236,0.953163354413995
C104880,2,Low-Engagement / Dormant,-1.4811651689276397,1.6373209285781962
C104881,3,High-Value Loyalists,4.835809324955522,0.31121993285154076
C104882,1,Mid-Value Occasional Shoppers,-0.2672755442201226,-0.4276742673216084
C104883,2,Low-Engagement / Dormant,-1.9259614601837698,2.2522633166777535
C104884,1,Mid-Value Occasional Shoppers,0.9552554661516867,-0.43825842310787483
C104885,1,Mid-Value Occasional Shoppers,0.17084350222328507,-1.0603559889337364
C104886,1,Mid-Value Occasional Shoppers,-0.5271497979966067,-1.2229818543939155
C104887,2,Low-Engagement / Dormant,-1.71530244678066,2.635872608987754
C104888,0,Low-Engagement / Dormant,-1.4504204385528292,-1.8170121389798333
C104889,1,Mid-Value Occasional Shoppers,0.797468818506085,0.335077534216256
C104890,3,High-Value Loyalists,5.918361969681239,0.7647668706024751
C104891,1,Mid-Value Occasional Shoppers,-0.15800975958029334,0.498155928802713
C104892,2,Low-Engagement / Dormant,-0.9110392589008149,2.7190934182152606
C104893,0,Low-Engagement / Dormant,-1.616186897098481,-1.4908254304181618
C104894,3,High-Value Loyalists,5.332618532997358,0.21313453554485035
C104895,1,Mid-Value Occasional Shoppers,-0.3881476699951054,-0.5218134539616126
C104896,1,Mid-Value Occasional Shoppers,0.8620402579810744,-0.04512725206023894
C104897,1,Mid-Value Occasional Shoppers,1.0541076552887285,0.6356681125647415
C104898,1,Mid-Value Occasional Shoppers,0.045836391646730916,-0.3062854137420431
C104899,1,Mid-Value Occasional Shoppers,1.4449804911892805,0.7790454538668391
C104900,1,Mid-Value Occasional Shoppers,1.0081040010829312,-0.16161060372458902
C104901,1,Mid-Value Occasional Shoppers,1.0920397979618386,-0.8299704618622993
C104902,2,Low-Engagement / Dormant,-1.0467655455471143,1.4053532226423955
C104903,1,Mid-Value Occasional Shoppers,-0.7018264532064926,0.4140012402835868
C104904,1,Mid-Value Occasional Shoppers,-0.4310863134010886,-0.491150024756399
C104905,2,Low-Engagement / Dormant,-1.4615573975714309,0.4748435309180955
C104906,2,Low-Engagement / Dormant,-1.0201022310907937,2.022880915278952
C104907,1,Mid-Value Occasional Shoppers,-0.44929033592501516,-0.4571363867167866
C104908,3,High-Value Loyalists,3.609068031024271,0.22267516114998695
C104909,1,Mid-Value Occasional Shoppers,-0.9716587517082114,-1.8447978900470738
C104910,1,Mid-Value Occasional Shoppers,-1.8898310664070759,-0.6138072985819027
C104911,2,Low-Engagement / Dormant,-2.072094304928895,2.5721854271101208
C104912,1,Mid-Value Occasional Shoppers,-0.2643109729972992,-0.6429856489218042
C104913,1,Mid-Value Occasional Shoppers,-0.07392794650603307,-0.6079223911476048
C104914,1,Mid-Value Occasional Shoppers,-0.5486489768206332,-0.5267873990080503
C104915,3,High-Value Loyalists,5.1220992298896855,0.5438587563090252
C104916,1,Mid-Value Occasional Shoppers,-0.49757825062329847,-1.3011435357288896
C104920,0,Low-Engagement / Dormant,-2.6378566925275266,-1.9992515922008016
C104921,1,Mid-Value Occasional Shoppers,-0.7416902351792088,-0.5261956182721005
C104922,2,Low-Engagement / Dormant,-1.273912168973838,1.9282889504498637
C104923,3,High-Value Loyalists,2.202612963278037,-0.49095456844409296
C104924,3,High-Value Loyalists,4.548514322799764,0.02467272716956967
C104925,1,Mid-Value Occasional Shoppers,1.0643911466892675,0.38716734020148075
C104926,1,Mid-Value Occasional Shoppers,-1.0010394398410407,-0.9552936386416875
C104927,1,Mid-Value Occasional Shoppers,-0.5720321361677253,-1.156361630394705
C104928,1,Mid-Value Occasional Shoppers,0.6526909522189018,-0.5836042042433717
C104929,1,Mid-Value Occasional Shoppers,-0.13109055821507679,-1.1766722818256865
C104930,3,High-Value Loyalists,3.051424654810541,0.6248200683643614
C104931,1,Mid-Value Occasional Shoppers,1.6633914380389396,0.27451788991872345
C104932,0,Low-Engagement / Dormant,-2.977056893886845,-1.4728520849432198
C104933,1,Mid-Value Occasional Shoppers,0.28773006890270814,-0.26042706592597015
C104934,0,Low-Engagement / Dormant,-2.89254804933875,0.5023403335140612
C104935,1,Mid-Value Occasional Shoppers,0.5563989740715846,-0.2634422176683195
C104936,3,High-Value Loyalists,3.294049142313726,0.34686479586620994
C104937,1,Mid-Value Occasional Shoppers,-0.5181680618311182,-1.0815024467893557
C104938,1,Mid-Value Occasional Shoppers,-0.750738207873045,-1.1867451654759458
C104939,1,Mid-Value Occasional Shoppers,0.1433702305654179,-0.7612402674960671
C104940,2,Low-Engagement / Dormant,-1.4336980426929384,0.41173129994834745
C104941,1,Mid-Value Occasional Shoppers,-1.6445295089700862,-0.005480127490388848
C104942,1,Mid-Value Occasional Shoppers,-2.0228289103253805,-1.5574684817800863
C104943,1,Mid-Value Occasional Shoppers,0.5046412704644767,-0.8949208306010866
C104944,2,Low-Engagement / Dormant,-1.9456802081994244,0.6252162799438196
C104945,3,High-Value Loyalists,2.8232675830039713,0.200043450955081
C104946,1,Mid-Value Occasional Shoppers,0.1599596064070962,-0.35436223625301233
C104947,2,Low-Engagement / Dormant,-0.9429157477031989,1.3073674515440954
C104948,1,Mid-Value Occasional Shoppers,-0.7949527983711716,-0.3170425422868092
C104949,2,Low-Engagement / Dormant,-2.029759936350979,3.0460337452147392
C104950,1,Mid-Value Occasional Shoppers,0.7368594303368915,0.4560130691034752
C104951,0,Low-Engagement / Dormant,-2.1495623536748023,-0.8228608829834891
C104952,1,Mid-Value Occasional Shoppers,0.579658926592024,0.06096749928096356
C104953,1,Mid-Value Occasional Shoppers,-0.22614764830533943,-0.3654722501887864
C104954,1,Mid-Value Occasional Shoppers,0.9736729035590368,-0.8613728090092408
C104955,1,Mid-Value Occasional Shoppers,0.004607993326272969,-0.39740366944880573
C104956,1,Mid-Value Occasional Shoppers,-0.7900943541161852,-1.0801421565033194
C104957,1,Mid-Value Occasional Shoppers,0.13883179009168045,0.821943222824136
C104958,1,Mid-Value Occasional Shoppers,-0.43886067836844966,-1.243865176800736
C104959,2,Low-Engagement / Dormant,-0.38981077105341566,1.3803058058764095
C104960,1,Mid-Value Occasional Shoppers,0.11403708091279263,0.21612159375466386
C104961,1,Mid-Value Occasional Shoppers,0.8717991379760183,-0.7004623547433891
C104962,0,Low-Engagement / Dormant,-1.5675462091993697,-1.9461103950537728
C104963,2,Low-Engagement / Dormant,-1.9392022145295011,2.3127595922052264
C104964,1,Mid-Value Occasional Shoppers,0.4721840224163601,-0.5945662151336352
C104965,1,Mid-Value Occasional Shoppers,-0.21346312590766353,1.1902453423660413
C104966,1,Mid-Value Occasional Shoppers,1.5369817421594665,0.6368299854712699
C104967,1,Mid-Value Occasional Shoppers,-0.5287361310936527,-0.4527122266254318
C104968,1,Mid-Value Occasional Shoppers,-0.5076726266646603,-0.4558296013299639
C104969,1,Mid-Value Occasional Shoppers,0.13126225950100584,-0.0571261157572136
C104970,1,Mid-Value Occasional Shoppers,0.1490617052744486,-0.7468402354628936
C104971,3,High-Value Loyalists,4.708815454994136,-0.3246035466971162
C104972,3,High-Value Loyalists,4.227584919978915,0.040080236378475395
C104973,1,Mid-Value Occasional Shoppers,0.8810677395940846,-0.33902207167234505
C104974,1,Mid-Value Occasional Shoppers,0.27143064154062957,0.6302840378971757
C104975,1,Mid-Value Occasional Shoppers,-0.057117913733780314,-1.3471055050925023
C104976,1,Mid-Value Occasional Shoppers,0.27094933067179944,-0.23761540050809865
C104977,1,Mid-Value Occasional Shoppers,-0.25254004240370026,0.3654247581329048
C104978,3,High-Value Loyalists,3.5457152039005777,-0.6332510688670684
C104979,1,Mid-Value Occasional Shoppers,-1.130636524271312,-0.6876954716958692
C104980,1,Mid-Value Occasional Shoppers,0.7017738700149005,0.14402586834966577
C104981,1,Mid-Value Occasional Shoppers,-0.8993257250171022,-0.9990228249876817
C104982,1,Mid-Value Occasional Shoppers,-0.06039650086327216,-0.41552926739557866
C104983,1,Mid-Value Occasional Shoppers,-0.5239359722443216,-0.47693257346560586
C104985,1,Mid-Value Occasional Shoppers,-0.6663617807420099,0.6533836145849667
C104986,1,Mid-Value Occasional Shoppers,0.7220366597943721,0.2217902995588736
C104987,1,Mid-Value Occasional Shoppers,-0.3865664029522924,-0.6657663860315152
C104988,3,High-Value Loyalists,5.3096656765198444,0.5365773725646993
C104989,2,Low-Engagement / Dormant,-2.081716354209905,1.820420940248734
C104991,1,Mid-Value Occasional Shoppers,0.889094598045255,-0.14735305359198472
C104992,1,Mid-Value Occasional Shoppers,-0.0048847013409319415,-1.0080289872953039
C104993,1,Mid-Value Occasional Shoppers,-0.6043294144543123,-0.6562201788766969
C104994,1,Mid-Value Occasional Shoppers,0.5905407753812189,0.4560424795583763
C104995,1,Mid-Value Occasional Shoppers,0.09636201861157302,0.08372710934728969
C104996,1,Mid-Value Occasional Shoppers,-0.2983139070199397,-0.4063195858066865
C104997,2,Low-Engagement / Dormant,-0.6777203966209002,3.292938545838759
C104998,1,Mid-Value Occasional Shoppers,-0.2444207104556227,-0.25580216346172735
C104999,1,Mid-Value Occasional Shoppers,-0.007626089869517018,0.15274553700251434
C105000,1,Mid-Value Occasional Shoppers,-0.8501780950487525,-1.2071834766112128
C105001,1,Mid-Value Occasional Shoppers,1.3824442715510081,0.37251948844772087
C105002,0,Low-Engagement / Dormant,-1.5982043522548202,-1.4127486918642411
C105003,1,Mid-Value Occasional Shoppers,-0.05206208376939264,0.5759810901082549
C105004,1,Mid-Value Occasional Shoppers,-0.9151442189602506,-0.3166466769640696
C105005,1,Mid-Value Occasional Shoppers,0.07204620363331898,0.04154147329173716
C105006,1,Mid-Value Occasional Shoppers,-0.26255102859930657,0.3510151884806745
C105007,0,Low-Engagement / Dormant,-2.6368213618087815,-2.0094206650695616
C105008,3,High-Value Loyalists,2.092560339303949,0.2030194322621255
C105009,2,Low-Engagement / Dormant,-0.7479864797674077,1.695752225152291
C105010,1,Mid-Value Occasional Shoppers,-1.3977788386921155,-0.7430421028091811
C105011,0,Low-Engagement / Dormant,-2.842334509479627,0.009140299379219995
C105012,1,Mid-Value Occasional Shoppers,-1.0033345633672037,-0.8352864803422795
C105013,1,Mid-Value Occasional Shoppers,-0.3768484851280675,-0.046353255767653645
C105014,1,Mid-Value Occasional Shoppers,-0.09472071730703918,1.1562737356742263
C105015,1,Mid-Value Occasional Shoppers,1.324217286229656,0.4197734040086574
C105016,3,High-Value Loyalists,2.8580459248386623,-0.33578664243569767
C105017,1,Mid-Value Occasional Shoppers,1.3947291252353187,0.03690773404785367
C105018,0,Low-Engagement / Dormant,-2.7893385056291518,-1.914010613775304
C105019,3,High-Value Loyalists,3.007127740384765,0.5490945599512513
C105020,1,Mid-Value Occasional Shoppers,-0.8106498490734532,-1.3518260138723257
C105021,2,Low-Engagement / Dormant,-1.5411775701887698,2.0541219829149853
C105022,3,High-Value Loyalists,5.766505022792241,0.3332091385744196
C105023,2,Low-Engagement / Dormant,-0.7814025451059847,1.1013210649392278
C105024,3,High-Value Loyalists,4.317452411181249,0.34908302633985283
C105025,1,Mid-Value Occasional Shoppers,1.589336205137644,-0.46706360773735633
C105026,1,Mid-Value Occasional Shoppers,0.2819108957915825,0.24559067288905675
C105027,1,Mid-Value Occasional Shoppers,-0.49754096886522836,-0.915526014025138
C105028,1,Mid-Value Occasional Shoppers,-0.6375523380397637,-0.2399124688498714
C105029,2,Low-Engagement / Dormant,-1.3733117008269902,3.850880082939764
C105030,2,Low-Engagement / Dormant,-0.764927799355625,2.4445761169423745
C105031,1,Mid-Value Occasional Shoppers,0.26451521441657905,1.9242167862421542
C105032,1,Mid-Value Occasional Shoppers,0.10465740666060977,1.2495235883494566
C105033,3,High-Value Loyalists,1.6289313940716623,0.41369291523525004
C105034,2,Low-Engagement / Dormant,-2.0411680297143038,2.3304651964326513
C105035,1,Mid-Value Occasional Shoppers,-1.2132302868412872,-0.008818781101758667
C105036,3,High-Value Loyalists,1.8996543759278766,-0.29599109487158487
C105037,1,Mid-Value Occasional Shoppers,0.6262138444196431,-0.21322301577479516
C105038,1,Mid-Value Occasional Shoppers,1.2121188028872245,-0.2760620905235114
C105039,1,Mid-Value Occasional Shoppers,-1.0129833274836464,-0.48223318643742225
C105040,2,Low-Engagement / Dormant,-1.1823551561699939,1.3511292481956179
C105041,1,Mid-Value Occasional Shoppers,0.7169414257251301,0.10415854845595995
C105042,1,Mid-Value Occasional Shoppers,1.0598381317143173,-0.20735831054253484
C105043,3,High-Value Loyalists,2.50793363652241,0.5753692752302652
C105044,1,Mid-Value Occasional Shoppers,0.24513913668154116,0.19076391921810748
C105045,0,Low-Engagement / Dormant,-2.629574046777568,-2.080604175150879
C105046,1,Mid-Value Occasional Shoppers,-0.3398249087624352,0.2551647240770673
C105047,3,High-Value Loyalists,2.4338266677241966,0.668794719005894
C105048,1,Mid-Value Occasional Shoppers,-0.3890121118213464,-1.0857119297972706
C105049,1,Mid-Value Occasional Shoppers,0.18460486414584226,0.9682621854448714
C105050,3,High-Value Loyalists,5.067415553426339,0.20612186741593364
C105051,3,High-Value Loyalists,5.530010409331491,0.4761083162329163
C105052,0,Low-Engagement / Dormant,-2.667881283371126,-1.704348479006773
C105054,1,Mid-Value Occasional Shoppers,-0.2448400520106557,-1.1128467431746902
C105055,1,Mid-Value Occasional Shoppers,-2.001966955128021,0.07369584377264013
C105056,1,Mid-Value Occasional Shoppers,-1.4481662223920908,-0.15607875804035656
C105057,3,High-Value Loyalists,2.061242054617518,-0.912616933661972
C105058,1,Mid-Value Occasional Shoppers,0.5764648861865406,-0.5004803021601023
C105060,1,Mid-Value Occasional Shoppers,0.0894244758008298,-0.6860796437397362
C105061,3,High-Value Loyalists,7.151565967499621,0.7170235312075453
C105062,1,Mid-Value Occasional Shoppers,-0.4429200084235521,0.22273908645966395
C105064,1,Mid-Value Occasional Shoppers,0.5331801766829208,-0.2522317681039008
C105065,1,Mid-Value Occasional Shoppers,0.7046000592039077,0.5699178334224977
C105066,1,Mid-Value Occasional Shoppers,-0.9074767984851331,-1.5395910353427313
C105067,1,Mid-Value Occasional Shoppers,0.5088893652437747,-0.7929297664218626
C105068,1,Mid-Value Occasional Shoppers,0.9054753997643359,-0.6518131543378504
C105069,1,Mid-Value Occasional Shoppers,1.2114383902092543,-0.18779216648612096
C105070,1,Mid-Value Occasional Shoppers,1.2765037267863402,0.48279381728795745
C105071,1,Mid-Value Occasional Shoppers,1.237305991163162,0.0987358856668517
C105072,1,Mid-Value Occasional Shoppers,1.4479544613302484,-0.29994718443069246
C105073,0,Low-Engagement / Dormant,-2.636303696449409,-2.0145052015039413
C105074,2,Low-Engagement / Dormant,-0.8293371296647101,1.3660735467099523
C105075,3,High-Value Loyalists,5.468893469511749,0.30390662890358033
C105076,1,Mid-Value Occasional Shoppers,-0.8968339704490979,1.0036413145385863
C105078,1,Mid-Value Occasional Shoppers,0.4734607995067913,0.053557764327085144
C105079,3,High-Value Loyalists,2.7114696975459647,-0.3527878592907529
C105080,1,Mid-Value Occasional Shoppers,-1.248908666541079,-0.6867614167476496
C105081,1,Mid-Value Occasional Shoppers,-0.36065276196549945,-0.09541992123464034
C105082,3,High-Value Loyalists,4.652916406936145,-0.13271163991814794
C105084,1,Mid-Value Occasional Shoppers,-1.066574722459628,-0.07092753203762146
C105085,1,Mid-Value Occasional Shoppers,0.35841212240636594,1.3596089775357811
C105086,3,High-Value Loyalists,3.8593958259797447,-0.21156329504688243
C105087,1,Mid-Value Occasional Shoppers,-1.3392298645736105,-1.330176119688371
C105088,2,Low-Engagement / Dormant,-0.9638326278218778,1.9396998520938247
C105089,2,Low-Engagement / Dormant,-1.551379939355463,0.41396765240379957
C105090,1,Mid-Value Occasional Shoppers,-0.45641558262821946,-0.564837413242996
C105091,1,Mid-Value Occasional Shoppers,0.2245773799175094,-1.1335305026843898
C105092,1,Mid-Value Occasional Shoppers,-0.8821617125757076,-1.224721209265705
C105093,2,Low-Engagement / Dormant,-1.346747101653228,2.526210375141797
C105094,1,Mid-Value Occasional Shoppers,0.5983609944772906,-0.1698699074588168
C105095,1,Mid-Value Occasional Shoppers,0.7613253819844222,-0.7286463378516046
C105096,3,High-Value Loyalists,4.2493559620093695,0.5205175103730749
C105097,1,Mid-Value Occasional Shoppers,-0.5514436684017702,-0.739031772982535
C105098,3,High-Value Loyalists,1.9343979408787715,0.4030248078585845
C105099,2,Low-Engagement / Dormant,-1.0984885533364086,0.8426430937934205
C105100,1,Mid-Value Occasional Shoppers,-0.5512820740274487,0.2507283872604237
C105101,2,Low-Engagement / Dormant,0.2450069254536149,1.892419142974826
C105102,1,Mid-Value Occasional Shoppers,-1.2978550032812883,-1.0575890923290696
C105103,1,Mid-Value Occasional Shoppers,1.2053680373767612,0.295271178266668
C105104,3,High-Value Loyalists,4.140990686858233,-0.1272721640728654
C105105,1,Mid-Value Occasional Shoppers,-0.7871124539879836,-1.0570466568731247
C105106,1,Mid-Value Occasional Shoppers,-0.9045114177830711,-1.54076241109392
C105107,2,Low-Engagement / Dormant,-1.3446158656070655,3.345633686117758
C105108,2,Low-Engagement / Dormant,-1.8778145671687436,2.1829424318843196
C105109,1,Mid-Value Occasional Shoppers,-0.03320234190137283,-1.0756888618498661
C105110,1,Mid-Value Occasional Shoppers,-0.18535037452504818,-1.3035252335152334
C105112,1,Mid-Value Occasional Shoppers,0.8597077467645267,-0.703887603233981
C105113,3,High-Value Loyalists,4.716049515706324,0.6331968641414042
C105114,1,Mid-Value Occasional Shoppers,0.047479776759180685,-1.215992256366733
C105115,2,Low-Engagement / Dormant,-1.1834596045252095,2.3641703101154006
C105116,2,Low-Engagement / Dormant,-0.6367668457009674,1.8077681713192641
C105117,1,Mid-Value Occasional Shoppers,-1.1497730514067106,-0.9592475129913342
C105118,1,Mid-Value Occasional Shoppers,1.6091509180986183,-0.6068466911593491
C105119,2,Low-Engagement / Dormant,-1.8818986609361805,3.7354329918901605
C105120,2,Low-Engagement / Dormant,-1.0755151859869037,2.144710792668095
C105121,1,Mid-Value Occasional Shoppers,-1.1451319937099569,-0.06966367601631351
C105122,2,Low-Engagement / Dormant,-0.6042622731370374,1.215323265691529
C105123,1,Mid-Value Occasional Shoppers,0.3199278085873963,-0.6314443174103238
C105124,1,Mid-Value Occasional Shoppers,-0.4722545288293881,0.04300609791257291
C105125,1,Mid-Value Occasional Shoppers,-0.8308391778607009,0.4096323724510688
C105126,1,Mid-Value Occasional Shoppers,0.21957332581897643,-0.32140774336667227
C105127,1,Mid-Value Occasional Shoppers,0.015020734070986,-0.2844884628312869
C105128,2,Low-Engagement / Dormant,-1.6652647902973832,2.326507743264692
C105129,1,Mid-Value Occasional Shoppers,0.056005797090379644,-0.9154004845833631
C105130,1,Mid-Value Occasional Shoppers,-0.4875535799014136,-0.061390028258815024
C105131,1,Mid-Value Occasional Shoppers,-0.12969871580800388,-0.13794973832219543
C105132,1,Mid-Value Occasional Shoppers,0.5716143292806553,-0.8307124203779849
C105133,2,Low-Engagement / Dormant,-2.14762863632779,2.2817957093038688
C105134,0,Low-Engagement / Dormant,-1.6200616299589128,-1.772748681294599
C105135,1,Mid-Value Occasional Shoppers,-0.9082913188117677,-0.05899979389047564
C105136,1,Mid-Value Occasional Shoppers,-0.46121754198086284,-1.101404705242854
C105137,1,Mid-Value Occasional Shoppers,-0.9178891233369185,-1.4768466190139435
C105138,0,Low-Engagement / Dormant,-2.6404450193243885,-1.9738289100289028
C105139,1,Mid-Value Occasional Shoppers,0.7641073079407744,-0.6546053589280111
C105140,1,Mid-Value Occasional Shoppers,-0.9021755256532419,-1.2177272297849635
C105141,2,Low-Engagement / Dormant,-1.484725006713467,0.6502035608913665
C105142,1,Mid-Value Occasional Shoppers,-0.1657980507426947,-0.9652707080473069
C105143,3,High-Value Loyalists,4.000423094810101,-0.0847258579294618
C105144,1,Mid-Value Occasional Shoppers,-1.0039493240162214,-1.0045655850440651
C105145,1,Mid-Value Occasional Shoppers,0.7442094236565543,0.4569098468519536
C105146,1,Mid-Value Occasional Shoppers,-1.7873433746607599,-1.0013053381958754
C105147,1,Mid-Value Occasional Shoppers,1.4281043629579693,0.07191206755071199
C105148,1,Mid-Value Occasional Shoppers,-0.21537349718563947,-0.8012710072959035
C105149,2,Low-Engagement / Dormant,-0.32082756713852867,2.577639374771425
C105150,2,Low-Engagement / Dormant,-0.654421087654445,1.8603362980440488
C105152,1,Mid-Value Occasional Shoppers,-0.9192225475860897,-0.8001378616368305
C105153,1,Mid-Value Occasional Shoppers,0.3986941948510476,0.31183441170540904
C105154,2,Low-Engagement / Dormant,-0.36228308498079287,1.9829877576283186
C105155,1,Mid-Value Occasional Shoppers,-0.3664480332205381,-1.033414570197656
C105157,2,Low-Engagement / Dormant,-2.1839119915441576,3.1309666878743547
C105158,1,Mid-Value Occasional Shoppers,-0.8081785118041805,-1.0654249226140309
C105159,1,Mid-Value Occasional Shoppers,-0.2550245022657245,0.5514881988467248
C105160,1,Mid-Value Occasional Shoppers,-0.25707566618915134,-1.0810274557185813
C105161,1,Mid-Value Occasional Shoppers,0.5242457932238958,-0.1898636602412322
C105162,2,Low-Engagement / Dormant,-1.5125235776482584,2.875897364193568
C105163,1,Mid-Value Occasional Shoppers,-0.13928206524510603,0.24691577726754319
C105164,1,Mid-Value Occasional Shoppers,-0.13285033840717392,-0.2577565676789078
C105165,1,Mid-Value Occasional Shoppers,-0.7662470328750574,-1.1317288798169298
C105166,2,Low-Engagement / Dormant,-0.7162912827356936,1.9707611342744118
C105168,0,Low-Engagement / Dormant,-2.8236985565422206,-0.17390301225845298
C105169,1,Mid-Value Occasional Shoppers,-1.0863056154088733,-1.2977165687889296
C105170,0,Low-Engagement / Dormant,-1.741426222541255,-1.588225095211726
C105171,1,Mid-Value Occasional Shoppers,-0.07232497767262008,0.4497707649855989
C105172,3,High-Value Loyalists,3.2438344762903957,0.4762431616292502
C105173,0,Low-Engagement / Dormant,-1.927534690745238,-0.934078289280813
C105174,1,Mid-Value Occasional Shoppers,0.8516494983587164,0.41933054780586587
C105175,2,Low-Engagement / Dormant,-1.1903137519434321,1.985980007490204
C105176,1,Mid-Value Occasional Shoppers,1.6112380197483847,-0.5079977572262574
C105177,1,Mid-Value Occasional Shoppers,-0.9941898050554198,-0.8128725514697845
C105178,1,Mid-Value Occasional Shoppers,-0.6211859693950579,-1.3219817717360394
C105179,1,Mid-Value Occasional Shoppers,-1.3762715909658938,0.03700063624315409
C105180,1,Mid-Value Occasional Shoppers,0.6756091354734901,0.16129176457343203
C105181,1,Mid-Value Occasional Shoppers,0.4087971745213984,-0.08321797450595259
C105182,1,Mid-Value Occasional Shoppers,-0.5213298731814127,-1.0600548969557424
C105183,3,High-Value Loyalists,5.1041463224249055,0.2626971655468667
C105184,2,Low-Engagement / Dormant,-1.3680645782545835,1.1171428204917102
C105185,1,Mid-Value Occasional Shoppers,0.2116164238945907,0.5352948879758059
C105186,3,High-Value Loyalists,4.222076951154015,-0.08061273475885881
C105187,2,Low-Engagement / Dormant,-1.1828707767328037,1.5639196494129495
C105188,1,Mid-Value Occasional Shoppers,-0.1622394523247772,-0.37122454140149164
C105189,1,Mid-Value Occasional Shoppers,-1.1040557208651016,-1.850775172162504
C105190,2,Low-Engagement / Dormant,-0.49421240510682085,1.198557279405383
C105191,1,Mid-Value Occasional Shoppers,-0.3755189365623807,-1.3397149623289801
C105192,1,Mid-Value Occasional Shoppers,0.022990237656231267,-0.8103958252398765
C105194,0,Low-Engagement / Dormant,-2.796068155300993,-1.8479116401283666
C105195,1,Mid-Value Occasional Shoppers,0.5796411296162983,0.9036373793069068
C105196,1,Mid-Value Occasional Shoppers,0.8518706212116527,-1.3548682476704215
C105197,1,Mid-Value Occasional Shoppers,-1.0155597112565824,0.5740026236144327
C105198,1,Mid-Value Occasional Shoppers,-0.012570378841218909,0.5228002298615113
C105199,1,Mid-Value Occasional Shoppers,-0.31863975906269937,0.40148082553284803
C105200,1,Mid-Value Occasional Shoppers,-1.561357106151693,-1.7585523689323037
C105201,1,Mid-Value Occasional Shoppers,0.07123600062588599,-0.6218042393575184
C105202,1,Mid-Value Occasional Shoppers,-0.3415369384153577,-0.06251943152808069
C105203,3,High-Value Loyalists,2.8314368216415287,-0.030987637546029723
C105204,1,Mid-Value Occasional Shoppers,-0.39036916382517356,-0.8706179754655364
C105205,1,Mid-Value Occasional Shoppers,0.9021817699380864,0.04126821274666346
C105206,1,Mid-Value Occasional Shoppers,0.32361969173464705,0.48968358730305894
C105207,1,Mid-Value Occasional Shoppers,-0.05461087361017879,-0.5375051729823286
C105209,2,Low-Engagement / Dormant,-1.89255870439153,4.298805121965647
C105210,3,High-Value Loyalists,2.199584486560996,0.047669156219177264
C105211,1,Mid-Value Occasional Shoppers,-0.8172855794359113,-0.3076693684959515
C105212,2,Low-Engagement / Dormant,-0.6837817161256824,1.2657436188568365
C105213,1,Mid-Value Occasional Shoppers,-1.2425481832208716,-0.4653452253464964
C105214,1,Mid-Value Occasional Shoppers,0.18629995743612188,0.14970836867849954
C105215,3,High-Value Loyalists,6.066416114495805,0.4914010913480836
C105216,3,High-Value Loyalists,4.216996502881701,0.029981905103433508
C105217,1,Mid-Value Occasional Shoppers,-1.2084360480355871,-1.8981606202901322
C105218,1,Mid-Value Occasional Shoppers,-1.0542043200592004,-1.5108161104421018
C105219,2,Low-Engagement / Dormant,-1.3108820634873175,1.1725813798335858
C105220,2,Low-Engagement / Dormant,-1.3219665156002285,0.9585228942119453
C105221,1,Mid-Value Occasional Shoppers,-0.9712055295410766,-1.3211914326887442
C105222,2,Low-Engagement / Dormant,-1.3735602917294278,2.231854595053155
C105223,3,High-Value Loyalists,1.9956345512063862,-1.1316772020599826
C105224,1,Mid-Value Occasional Shoppers,-0.20163308518606102,-1.126647611805953
C105225,1,Mid-Value Occasional Shoppers,-1.563843718313706,0.48591602843845744
C105226,2,Low-Engagement / Dormant,-0.7236232967014024,1.4003607418485065
C105227,1,Mid-Value Occasional Shoppers,-0.6114249910264193,-0.889414778971097
C105228,1,Mid-Value Occasional Shoppers,-0.5868630211684217,-0.8888655721760655
C105229,0,Low-Engagement / Dormant,-2.6735756023242225,-1.6484185782285954
C105230,2,Low-Engagement / Dormant,-1.4862786494496671,2.506680844577217
C105231,1,Mid-Value Occasional Shoppers,-1.2281672660805334,-0.3737964259360501
C105232,1,Mid-Value Occasional Shoppers,-1.6269503772862275,-1.058395131918491
C105233,2,Low-Engagement / Dormant,-1.8057179596611828,1.8889424116863018
C105234,1,Mid-Value Occasional Shoppers,0.25838220220904873,-0.896434584137154
C105235,2,Low-Engagement / Dormant,-0.8472649718859069,2.31184441004817
C105236,1,Mid-Value Occasional Shoppers,-0.5410125898551492,-0.9368196797451106
C105237,0,Low-Engagement / Dormant,-2.168239785140615,0.12355723025259031
C105238,1,Mid-Value Occasional Shoppers,0.2437549185447073,1.1338070926817876
C105239,1,Mid-Value Occasional Shoppers,1.1065876194156374,1.082947403402461
C105240,1,Mid-Value Occasional Shoppers,-0.047147867282401536,-0.9858869633799949
C105241,1,Mid-Value Occasional Shoppers,-0.09782153993477767,0.525936442076304
C105242,1,Mid-Value Occasional Shoppers,1.5087727007655776,-0.48282098037914917
C105243,2,Low-Engagement / Dormant,-2.0216300257513184,3.9343678884619195
C105245,1,Mid-Value Occasional Shoppers,0.8427938826519449,-0.624244148964765
C105246,0,Low-Engagement / Dormant,-2.6357860310900367,-2.019589737938321
C105247,2,Low-Engagement / Dormant,-1.7816108834922684,3.7751794576872606
C105248,2,Low-Engagement / Dormant,-0.05281885792979405,1.5027983718163567
C105249,1,Mid-Value Occasional Shoppers,-0.37785304452327134,-0.09122312804320434
C105250,1,Mid-Value Occasional Shoppers,-0.4935220727131514,-0.8049839618489782
C105251,1,Mid-Value Occasional Shoppers,-0.4809347679189138,-0.9020144434415094
C105252,1,Mid-Value Occasional Shoppers,-1.048223587973249,-1.8054042380319848
C105253,1,Mid-Value Occasional Shoppers,-0.7373014066550171,-1.2780643093053836
C105254,3,High-Value Loyalists,5.416994071465088,0.3828022378698729
C105255,3,High-Value Loyalists,2.225698064844422,0.016894303734914587
C105256,0,Low-Engagement / Dormant,-1.678637569170218,-1.7470357825888896
C105257,1,Mid-Value Occasional Shoppers,0.21288041204623875,-0.7041696375057362
C105258,1,Mid-Value Occasional Shoppers,-0.803254429532282,-1.6573251387804635
C105259,1,Mid-Value Occasional Shoppers,-0.3995911512509612,-0.8045726070655733
C105260,2,Low-Engagement / Dormant,-1.904327424982523,4.49547243662393
C105261,2,Low-Engagement / Dormant,-1.9036029930185006,0.7323882789652125
C105262,0,Low-Engagement / Dormant,-2.707223850683429,-1.3179237099939085
C105263,1,Mid-Value Occasional Shoppers,-1.334166740554973,-0.30810764335587515
C105264,1,Mid-Value Occasional Shoppers,-0.12329707247462948,0.6173396285846952
C105265,1,Mid-Value Occasional Shoppers,1.4297813805322357,0.23216216921986527
C105266,1,Mid-Value Occasional Shoppers,-0.6192007611757323,-0.7322660555515982
C105268,1,Mid-Value Occasional Shoppers,-0.3122157161405379,-1.1352841655027879
C105269,3,High-Value Loyalists,3.6150449637761497,0.4002893607913559
C105270,1,Mid-Value Occasional Shoppers,-0.6933500521438404,-0.44800449440107776
C105271,1,Mid-Value Occasional Shoppers,-0.26101201683979103,-0.5529085758048689
C105272,1,Mid-Value Occasional Shoppers,0.4062816125591527,-1.0540415737551538
C105273,1,Mid-Value Occasional Shoppers,0.22481843556040232,-0.8272752971106622
C105274,1,Mid-Value Occasional Shoppers,-0.14490900788605487,-0.13027048579672415
C105275,1,Mid-Value Occasional Shoppers,0.0923758283113562,0.7068864089659007
C105276,2,Low-Engagement / Dormant,-1.139435396732496,1.6277128300138035
C105277,1,Mid-Value Occasional Shoppers,-0.5530615302326964,-0.9256404411561061
C105278,2,Low-Engagement / Dormant,-0.817956098966691,2.3628429195064484
C105279,1,Mid-Value Occasional Shoppers,1.4044157813894729,0.40865905587573775
C105280,3,High-Value Loyalists,4.354022648571929,-0.24637017090630597
C105281,1,Mid-Value Occasional Shoppers,-0.15299899371214346,-1.0785152688565958
C105282,1,Mid-Value Occasional Shoppers,-1.3627582723703107,-0.2658019661673935
C105283,1,Mid-Value Occasional Shoppers,0.10171044292925971,-0.860910424277881
C105284,1,Mid-Value Occasional Shoppers,-0.4712874294271041,-0.5640297541840075
C105285,1,Mid-Value Occasional Shoppers,0.02080290178813509,0.8025040643001591
C105286,3,High-Value Loyalists,2.469067009993716,-0.20946499474019514
C105287,2,Low-Engagement / Dormant,-1.4600724800903693,3.0709337029135098
C105288,1,Mid-Value Occasional Shoppers,-0.46996012125866665,-0.3311173347300718
C105289,1,Mid-Value Occasional Shoppers,0.38502370316363593,-1.1238992343251775
C105290,1,Mid-Value Occasional Shoppers,0.5365677697415668,0.5332299540477401
C105291,3,High-Value Loyalists,1.8831887941788206,-0.12621513811637314
C105292,1,Mid-Value Occasional Shoppers,-0.382823289544928,0.13475822297526469
C105293,1,Mid-Value Occasional Shoppers,-0.8026691476894225,-1.4358646976510603
C105294,1,Mid-Value Occasional Shoppers,-1.4939781807472916,0.18644578111472812
C105295,1,Mid-Value Occasional Shoppers,0.21005584328282192,-1.1467743810744098
C105296,1,Mid-Value Occasional Shoppers,-0.6325946457540222,0.5328383658988989
C105297,1,Mid-Value Occasional Shoppers,1.1157584592666239,-1.0139915745924182
C105298,1,Mid-Value Occasional Shoppers,0.2539152341856575,-0.01802325587841279
C105299,3,High-Value Loyalists,2.648163072006198,0.012641564763419723
C105300,1,Mid-Value Occasional Shoppers,-0.618560642415531,-1.8301237374831238
C105301,1,Mid-Value Occasional Shoppers,-1.6116526907919504,-0.6015963032664737
C105302,1,Mid-Value Occasional Shoppers,-1.1101566718734595,-0.5989955723683239
C105303,0,Low-Engagement / Dormant,-2.624915058543216,-2.1263650030602967
C105304,2,Low-Engagement / Dormant,-0.6958432462924756,1.330818141932069
C105305,1,Mid-Value Occasional Shoppers,0.5903055174658228,0.8885152710321104
C105306,0,Low-Engagement / Dormant,-2.8687354428076195,0.2684516575325901
C105307,1,Mid-Value Occasional Shoppers,1.0743701041666045,0.22940030835075406
C105308,1,Mid-Value Occasional Shoppers,0.296497909310947,-0.4374072919720527
C105309,3,High-Value Loyalists,1.8168799134041296,-0.053988886572135304
C105310,3,High-Value Loyalists,3.7457323026126783,-0.1180135203923072
C105311,2,Low-Engagement / Dormant,-2.4740164239197595,1.9389858265896889
C105312,2,Low-Engagement / Dormant,-1.3327208807667807,1.263664022942285
C105313,1,Mid-Value Occasional Shoppers,0.04475362570079945,-1.011484403717722
C105314,1,Mid-Value Occasional Shoppers,-0.9909336731568293,-0.6999020885332438
C105315,2,Low-Engagement / Dormant,-1.2703599137900305,1.1278436322280758
C105316,2,Low-Engagement / Dormant,-1.0364920329498752,1.8923430360296103
C105317,1,Mid-Value Occasional Shoppers,-0.13592798980651108,-0.23612139754812206
C105318,1,Mid-Value Occasional Shoppers,-0.16786962404556602,1.0469170046757559
C105319,2,Low-Engagement / Dormant,-1.1104145937362226,1.1810671860654427
C105320,3,High-Value Loyalists,4.051418908531316,-0.2779057721236405
C105321,1,Mid-Value Occasional Shoppers,1.5645947627117265,0.6278834202914653
C105322,2,Low-Engagement / Dormant,-1.2083953810675587,0.9570114329606614
C105323,1,Mid-Value Occasional Shoppers,-0.2485110169123025,0.49910698231578166
C105324,1,Mid-Value Occasional Shoppers,-2.0032891540587987,-0.8442610612037871
C105325,1,Mid-Value Occasional Shoppers,-1.1123988719291609,-0.9208185279307012
C105326,3,High-Value Loyalists,3.3521486588106026,0.570326266256737
C105327,1,Mid-Value Occasional Shoppers,-0.29487546371661055,-0.6678493782665738
C105328,1,Mid-Value Occasional Shoppers,-0.830751273809775,-0.40119350735681325
C105329,2,Low-Engagement / Dormant,-1.846585892282557,1.7109802289721976
C105330,1,Mid-Value Occasional Shoppers,-0.4101676173391663,0.601454430645063
C105331,1,Mid-Value Occasional Shoppers,-0.6209895632702339,-1.120182279399906
C105332,1,Mid-Value Occasional Shoppers,-0.4348172730501079,0.9851254096600957
C105333,1,Mid-Value Occasional Shoppers,-0.30093487640779903,0.33169940067800124
C105334,3,High-Value Loyalists,2.116509383328412,-0.3201897494301858
C105335,1,Mid-Value Occasional Shoppers,0.9995254229170829,0.05515784628238382
C105336,1,Mid-Value Occasional Shoppers,-0.0265260782721605,0.17483989110079004
C105337,3,High-Value Loyalists,2.6773089535477004,0.0382859125883679
C105338,1,Mid-Value Occasional Shoppers,0.3304241024830356,0.45155830905497457
C105340,1,Mid-Value Occasional Shoppers,0.42218718164480606,0.5419286394750515
C105341,1,Mid-Value Occasional Shoppers,-0.2816588924604603,-0.6378686665788492
C105342,0,Low-Engagement / Dormant,-1.8793087049345771,-0.9635410587335448
C105343,1,Mid-Value Occasional Shoppers,-0.9524543505808155,-0.22209965499277418
C105344,0,Low-Engagement / Dormant,-2.0862969078434266,-1.4266341146879815
C105345,3,High-Value Loyalists,5.98187826938988,0.7562709703673085
C105346,2,Low-Engagement / Dormant,-1.476453743382558,2.023498180965836
C105347,2,Low-Engagement / Dormant,-1.2930675046623998,2.0377666873494817
C105348,2,Low-Engagement / Dormant,-1.9899772541662575,0.7415639705012512
C105349,1,Mid-Value Occasional Shoppers,-1.1229197689818295,-0.30124731136730637
C105350,0,Low-Engagement / Dormant,-2.805386131769696,-1.75638998430953
C105351,2,Low-Engagement / Dormant,-0.8669839063043644,1.3257528596359558
C105352,2,Low-Engagement / Dormant,-1.49739700823348,1.9343014323660954
C105353,1,Mid-Value Occasional Shoppers,-1.549849003896659,-1.047684537963235
C105354,1,Mid-Value Occasional Shoppers,-0.24195105955275165,-0.7095231201914259
C105355,1,Mid-Value Occasional Shoppers,-1.5205854007449433,-0.4391392403520297
C105356,1,Mid-Value Occasional Shoppers,0.07408530076810381,0.07309678805024852
C105357,1,Mid-Value Occasional Shoppers,0.8610422496326766,-0.22740402370555676
C105358,1,Mid-Value Occasional Shoppers,-0.2473693573173495,0.5691388917189844
C105359,1,Mid-Value Occasional Shoppers,-0.7018589800204091,-1.2728278145890461
C105360,1,Mid-Value Occasional Shoppers,0.7954928336233316,0.8153004501893728
C105362,2,Low-Engagement / Dormant,-0.21606164618607587,1.2061340382892514
C105363,2,Low-Engagement / Dormant,-2.0580659620987998,1.3317488111695466
C105364,3,High-Value Loyalists,2.1764111833062314,-0.05894776194360063
C105365,1,Mid-Value Occasional Shoppers,0.5917377677573569,-1.0899744866634369
C105366,1,Mid-Value Occasional Shoppers,0.20429082490523676,-0.8805867340906119
C105367,1,Mid-Value Occasional Shoppers,-1.7967648232752758,-1.1141016503879773
C105368,0,Low-Engagement / Dormant,-2.4484233234431545,-0.4581466336673436
C105369,1,Mid-Value Occasional Shoppers,1.0914674862272724,2.1677915793611344
C105370,2,Low-Engagement / Dormant,-1.6668888906908468,2.6641007903055716
C105371,1,Mid-Value Occasional Shoppers,-0.32756306694619725,-1.3873475893509635
C105372,1,Mid-Value Occasional Shoppers,0.07049452705710388,-0.36634984152562877
C105373,3,High-Value Loyalists,4.496696163732307,0.49828271943330854
C105374,1,Mid-Value Occasional Shoppers,-0.38905605201562443,-1.311330789357776
C105375,1,Mid-Value Occasional Shoppers,-0.3752442258204474,-1.0574190344581715
C105376,2,Low-Engagement / Dormant,-0.4338704792300285,3.0112824716285522
C105377,1,Mid-Value Occasional Shoppers,-0.24032344713433365,-1.2267494649356927
C105378,1,Mid-Value Occasional Shoppers,-0.06713985833809336,-0.6990047167593556
C105379,1,Mid-Value Occasional Shoppers,0.027090812267445696,-0.9258762713830905
C105380,0,Low-Engagement / Dormant,-2.6803052519960637,-1.5823196045816579
C105381,1,Mid-Value Occasional Shoppers,0.6024246202017481,-0.31631070290358126
C105382,1,Mid-Value Occasional Shoppers,-0.605091427182889,-0.045190625528526235
C105383,1,Mid-Value Occasional Shoppers,-0.6635518735949939,-0.47810737483882076
C105384,1,Mid-Value Occasional Shoppers,0.0219759714310307,0.13443505207054185
C105385,1,Mid-Value Occasional Shoppers,-0.5804941910217647,0.9200081557905636
C105386,0,Low-Engagement / Dormant,-2.694282216699119,-1.4450371208534036
C105387,1,Mid-Value Occasional Shoppers,-0.3184475032839618,0.9214164697933064
C105388,1,Mid-Value Occasional Shoppers,-0.21156276451592107,-0.022905127083705422
C105389,1,Mid-Value Occasional Shoppers,-0.15259157512897484,0.5962585740933659
C105390,1,Mid-Value Occasional Shoppers,0.2418431496921641,0.6049677612361126
C105391,1,Mid-Value Occasional Shoppers,0.4304941092771962,-0.5954801929091117
C105392,1,Mid-Value Occasional Shoppers,0.007874418954805002,-1.255289177719709
C105393,3,High-Value Loyalists,4.469210623262701,-0.4814286481477437
C105394,1,Mid-Value Occasional Shoppers,0.9291909145130801,1.1814132794698045
C105395,2,Low-Engagement / Dormant,-1.6872743457870658,1.505980469829232
C105396,2,Low-Engagement / Dormant,-3.1467217407906016,2.9988477227945434
C105397,1,Mid-Value Occasional Shoppers,-1.4828557480932478,-0.6942484911824244
C105398,1,Mid-Value Occasional Shoppers,0.009161331399719242,0.810152881248366
C105399,1,Mid-Value Occasional Shoppers,-0.23323678806728163,0.18193207171303422
C105400,1,Mid-Value Occasional Shoppers,0.13036987194464308,0.42442626042588
C105401,2,Low-Engagement / Dormant,-1.255208463116577,0.5715649915573524
C105402,1,Mid-Value Occasional Shoppers,-1.0754666289313992,0.06164160486760355
C105403,1,Mid-Value Occasional Shoppers,-1.0267815051794926,0.44822823595513034
C105404,1,Mid-Value Occasional Shoppers,-1.072815394074796,0.15388770939068505
C105405,3,High-Value Loyalists,2.9738456370725874,0.38871534641725913
C105406,2,Low-Engagement / Dormant,-2.132065401744919,2.831874697933563
C105407,1,Mid-Value Occasional Shoppers,-0.7841775845348309,-1.0637950056326992
C105408,1,Mid-Value Occasional Shoppers,1.5226839228222098,0.5798581087816356
C105409,1,Mid-Value Occasional Shoppers,1.0879137033590627,-0.5321433534834834
C105410,1,Mid-Value Occasional Shoppers,-0.4410905306389135,-0.02840460078064913
C105411,2,Low-Engagement / Dormant,-2.1396843074901564,3.7345972630844884
C105412,0,Low-Engagement / Dormant,-2.902383691166826,0.5989465257672774
C105414,1,Mid-Value Occasional Shoppers,0.22414476621276447,1.3646441738154367
C105415,1,Mid-Value Occasional Shoppers,-0.6332808448884625,-0.8617017370737368
C105416,1,Mid-Value Occasional Shoppers,-0.24442127220054313,-0.7371200501298786
C105417,1,Mid-Value Occasional Shoppers,-1.820943707111932,0.08838280538590439
C105418,2,Low-Engagement / Dormant,0.002042383321176054,1.4804721733428137
C105419,1,Mid-Value Occasional Shoppers,-0.9063443058086296,-1.8512470121440447
C105420,1,Mid-Value Occasional Shoppers,0.8744724475281718,1.1221977908823737
C105421,1,Mid-Value Occasional Shoppers,-0.8674442128939679,-1.6886939457669303
C105422,1,Mid-Value Occasional Shoppers,-0.7635841821181267,-0.8324629850293387
C105423,3,High-Value Loyalists,2.5971994272963155,-0.11274739360223654
C105424,2,Low-Engagement / Dormant,-0.5520643431324895,2.6743941548981174
C105425,1,Mid-Value Occasional Shoppers,-1.0541091747550129,0.08302604916660931
C105426,3,High-Value Loyalists,4.6614909861280225,0.5072440862899487
C105427,1,Mid-Value Occasional Shoppers,1.0764689207908213,-0.6599573713882255
C105428,0,Low-Engagement / Dormant,-2.39268675488967,-0.5794938031680382
C105429,2,Low-Engagement / Dormant,-3.078389913353444,2.3276889134564094
C105430,1,Mid-Value Occasional Shoppers,0.044971078495859663,1.0225486087518267
C105431,1,Mid-Value Occasional Shoppers,0.6014728416297034,0.8949268069896681
C105432,1,Mid-Value Occasional Shoppers,-0.089808417795682,0.22951557728043026
C105433,2,Low-Engagement / Dormant,-1.1648401540650617,2.287135623538861
C105434,2,Low-Engagement / Dormant,-0.7885365320821275,1.5240306183572245
C105435,1,Mid-Value Occasional Shoppers,1.1131368155310504,-0.8362588204960109
C105436,3,High-Value Loyalists,4.137590719865164,0.0834444016034602
C105437,1,Mid-Value Occasional Shoppers,-0.3841391921116035,-1.28070356339054
C105438,1,Mid-Value Occasional Shoppers,-0.7665523213225887,-0.9196419585887964
C105439,1,Mid-Value Occasional Shoppers,0.1774573920620782,-1.112341102927928
C105440,1,Mid-Value Occasional Shoppers,-0.28267743580610977,-0.6265029416490232
C105441,1,Mid-Value Occasional Shoppers,0.06356385448639289,0.27824098452578483
C105442,0,Low-Engagement / Dormant,-2.637339027168154,-2.0043361286351815
C105443,2,Low-Engagement / Dormant,-2.421841515661562,3.6480384218713273
C105444,1,Mid-Value Occasional Shoppers,-0.16526401658270268,0.6417793984296265
C105445,1,Mid-Value Occasional Shoppers,0.13593170903781895,-0.2278047709711707
C105446,1,Mid-Value Occasional Shoppers,-0.9875583889604534,-1.1168458010931939
C105447,1,Mid-Value Occasional Shoppers,-0.9889010371498241,0.7132454105071393
C105448,1,Mid-Value Occasional Shoppers,-0.909699589416675,-1.3526454988019065
C105449,1,Mid-Value Occasional Shoppers,-0.915005654417829,-1.1869354777650405
C105450,1,Mid-Value Occasional Shoppers,1.3395307718977363,-0.40277833921356093
C105451,0,Low-Engagement / Dormant,-2.6735756023242225,-1.6484185782285954
C105452,1,Mid-Value Occasional Shoppers,0.800968025306905,0.4640341213876591
C105453,1,Mid-Value Occasional Shoppers,-1.1054539087821564,-1.291381582532962
C105454,1,Mid-Value Occasional Shoppers,0.796379695971376,0.7417680423216291
C105455,1,Mid-Value Occasional Shoppers,-0.8997455136737293,-1.651867318221937
C105456,3,High-Value Loyalists,3.037528389528221,-0.35158027533579495
C105458,1,Mid-Value Occasional Shoppers,0.963883517387271,0.6775209017757846
C105459,1,Mid-Value Occasional Shoppers,1.461765044995671,-0.5836452318543393
C105460,1,Mid-Value Occasional Shoppers,-1.7461124332218456,-1.457396324477924
C105461,1,Mid-Value Occasional Shoppers,0.9401793238499628,0.8664495840742193
C105462,3,High-Value Loyalists,1.8188700033819791,-0.07711232057014795
C105463,1,Mid-Value Occasional Shoppers,-0.08851688016844432,0.924945428094246
C105464,2,Low-Engagement / Dormant,-1.4794330333266839,1.7607741553961056
C105465,3,High-Value Loyalists,3.651662910041484,-0.34146520075644526
C105466,1,Mid-Value Occasional Shoppers,-0.589494792832729,-0.8485652601664541
C105467,1,Mid-Value Occasional Shoppers,-0.05897747873785123,0.9694324696151599
C105468,1,Mid-Value Occasional Shoppers,-0.2689923947741461,0.33808527593552573
C105469,1,Mid-Value Occasional Shoppers,0.7430694787507096,0.19759057668712643
C105470,1,Mid-Value Occasional Shoppers,-1.1722321271752594,-1.6344788121561358
C105471,0,Low-Engagement / Dormant,-2.621809066386982,-2.1568722216665757
C105472,3,High-Value Loyalists,4.666888363211042,0.327531977951226
C105473,1,Mid-Value Occasional Shoppers,0.6109740957711323,0.30791722865338605
C105474,1,Mid-Value Occasional Shoppers,1.3188138028092073,0.5732379632683736
C105476,1,Mid-Value Occasional Shoppers,-0.6762867424554133,-1.0169989983022139
C105477,1,Mid-Value Occasional Shoppers,-0.8965133101903155,-1.3805647481494956
C105478,3,High-Value Loyalists,2.947004611350239,-0.02340985229871703
C105479,1,Mid-Value Occasional Shoppers,-0.2334407474959045,-0.4857728874965314
C105480,2,Low-Engagement / Dormant,-1.8859455000687633,3.1924624970031887
C105481,3,High-Value Loyalists,1.698207565230735,-1.0608899285482716
C105482,1,Mid-Value Occasional Shoppers,-0.4866036857991155,-0.5174867852075975
C105483,0,Low-Engagement / Dormant,-3.035423688525534,1.9056723894028857
C105484,1,Mid-Value Occasional Shoppers,-0.5508729786139992,-0.6898915955385493
C105485,1,Mid-Value Occasional Shoppers,0.9267852409891643,-0.93941680623425
C105486,1,Mid-Value Occasional Shoppers,-0.6250898201743522,-0.18062663694694364
C105487,1,Mid-Value Occasional Shoppers,1.2380767630704457,0.5321948679283195
C105488,1,Mid-Value Occasional Shoppers,0.5582065061304791,1.0730128444877023
C105489,0,Low-Engagement / Dormant,-2.63216237357443,-2.0551814929789796
C105490,1,Mid-Value Occasional Shoppers,-0.11981009716050166,0.2845951472577943
C105491,1,Mid-Value Occasional Shoppers,1.2681623794678762,0.016689453614139604
C105492,1,Mid-Value Occasional Shoppers,-0.5874911885015288,-0.8255112595449261
C105493,1,Mid-Value Occasional Shoppers,-0.13754230042978216,0.6202361494530768
C105494,3,High-Value Loyalists,1.7388946794983782,-0.29700799466443994
C105495,1,Mid-Value Occasional Shoppers,-0.4924023860511229,-0.7215573133738875
C105496,1,Mid-Value Occasional Shoppers,0.11377904034865044,-0.9756646806115913
C105497,1,Mid-Value Occasional Shoppers,0.7073658779159392,-1.0737318403853435
C105498,2,Low-Engagement / Dormant,-1.4787690391579518,3.343040506039252
C105499,1,Mid-Value Occasional Shoppers,-0.03183385276068413,-0.09962162495870112
C105500,1,Mid-Value Occasional Shoppers,-0.6517559123426967,0.48000755730977757
C105501,3,High-Value Loyalists,1.8692140883354016,-0.800074669458295
C105502,3,High-Value Loyalists,4.3268749374030655,0.14504587379173445
C105503,1,Mid-Value Occasional Shoppers,0.8449290566576068,0.6942957330361195
C105504,1,Mid-Value Occasional Shoppers,-0.7881662738726127,-1.3154308215030073
C105505,1,Mid-Value Occasional Shoppers,-0.3379317241737041,-0.3491973060846503
C105506,1,Mid-Value Occasional Shoppers,-1.90581701843877,-0.6406492195964749
C105507,3,High-Value Loyalists,4.1448295165509155,-0.11418356277162714
C105509,1,Mid-Value Occasional Shoppers,1.0862844803471359,0.07947010748495216
C105510,1,Mid-Value Occasional Shoppers,-0.6029620860760351,0.1910413097826544
C105511,3,High-Value Loyalists,2.5145850691607814,0.377294312602577
C105512,0,Low-Engagement / Dormant,-2.6445863421993674,-1.933152618553864
C105513,1,Mid-Value Occasional Shoppers,0.5698621577929602,-0.09708850519631156
C105514,1,Mid-Value Occasional Shoppers,-0.39331426849467516,-1.184139133056635
C105515,1,Mid-Value Occasional Shoppers,0.8415821413860767,0.03071773340102341
C105516,1,Mid-Value Occasional Shoppers,-0.7899448625956343,-1.010354561030057
C105517,3,High-Value Loyalists,2.1943720316957185,-0.41930932056897874
C105518,2,Low-Engagement / Dormant,-0.9062790858731267,1.6976787633602783
C105519,1,Mid-Value Occasional Shoppers,0.09718969354720206,0.38297191601016906
C105520,1,Mid-Value Occasional Shoppers,-1.003528765872385,-0.5303105933853576
C105521,3,High-Value Loyalists,5.574552849450175,0.3431970293960994
C105522,1,Mid-Value Occasional Shoppers,0.4720021906850695,0.09900052531778977
C105523,1,Mid-Value Occasional Shoppers,1.2775860478760306,-0.37342791811844106
C105524,2,Low-Engagement / Dormant,-0.5788338978175576,1.1937758237313871
C105525,1,Mid-Value Occasional Shoppers,-0.11537005406814584,0.9853436725494481
C105526,0,Low-Engagement / Dormant,-1.8605275887683659,-0.22183465772627375
C105527,1,Mid-Value Occasional Shoppers,-0.4179212195732051,-1.214223056985149
C105528,1,Mid-Value Occasional Shoppers,0.7801820765435953,-0.9109038974422956
C105529,0,Low-Engagement / Dormant,-2.628021050699451,-2.0958577844540183
C105530,2,Low-Engagement / Dormant,-1.9235266660470973,3.741013397416423
C105531,1,Mid-Value Occasional Shoppers,-0.05071554670970788,-0.21559240285992254
C105532,2,Low-Engagement / Dormant,-0.4078843942498324,1.6101056030231486
C105533,0,Low-Engagement / Dormant,-2.656492645464933,-1.816208280563129
C105534,1,Mid-Value Occasional Shoppers,1.1834073643368752,-0.6660117131787356
C105535,1,Mid-Value Occasional Shoppers,-0.1080459879423462,1.1927999899679336
C105536,1,Mid-Value Occasional Shoppers,0.6883417489298954,-1.1371653555367958
C105537,3,High-Value Loyalists,4.820735316676026,0.7169550778851365
C105538,2,Low-Engagement / Dormant,-0.8904537413287805,1.0720189413122745
C105539,1,Mid-Value Occasional Shoppers,-0.09602119175472563,-1.2565602860101523
C105540,1,Mid-Value Occasional Shoppers,-0.2816063424727217,-0.1121949697505872
C105541,1,Mid-Value Occasional Shoppers,-1.7631639930914984,-0.25874365302558733
C105542,1,Mid-Value Occasional Shoppers,-1.506677538215447,-0.038862348922168076
C105543,1,Mid-Value Occasional Shoppers,-0.578013206564568,-1.2718519218585587
C105544,0,Low-Engagement / Dormant,-2.7265236417722227,0.7174880765238256
C105545,2,Low-Engagement / Dormant,-2.787810643881017,3.5377359057362248
C105546,1,Mid-Value Occasional Shoppers,0.8799681756560872,0.6540682332457054
C105547,1,Mid-Value Occasional Shoppers,-1.0147665499226686,-1.276629578602848
C105548,1,Mid-Value Occasional Shoppers,0.15391419353552047,1.105497024291213
C105549,1,Mid-Value Occasional Shoppers,0.04718912996861409,0.07526449802149933
C105550,2,Low-Engagement / Dormant,0.17332713388687712,1.969357356328897
C105551,1,Mid-Value Occasional Shoppers,0.43672856018654577,0.688058209588296
C105552,1,Mid-Value Occasional Shoppers,0.361530520156892,-0.5333556885543805
C105553,2,Low-Engagement / Dormant,-1.7066852432021287,1.961316188155673
C105554,1,Mid-Value Occasional Shoppers,1.747073304052339,-0.25693403005501275
C105556,1,Mid-Value Occasional Shoppers,-0.4338125965600381,0.41467132155074565
C105557,3,High-Value Loyalists,4.7776844610536,0.5200691536674495
C105558,2,Low-Engagement / Dormant,-1.1879964541797117,1.9873344538370934
C105559,1,Mid-Value Occasional Shoppers,-1.0678171947558486,-1.0823764152389708
C105560,1,Mid-Value Occasional Shoppers,-0.7240523445969522,0.8338163463182858
C105561,1,Mid-Value Occasional Shoppers,-1.1798869127960203,-0.8971513645660553
C105562,1,Mid-Value Occasional Shoppers,1.4332283438641942,1.4228704109638752
C105563,1,Mid-Value Occasional Shoppers,-1.1216052638079195,-0.5244244536695425
C105564,1,Mid-Value Occasional Shoppers,0.9889485188182081,0.7909986999786732
C105565,1,Mid-Value Occasional Shoppers,1.0502260497714468,-1.0751161554851536
C105566,3,High-Value Loyalists,2.4373912204339105,0.37024518333937095
C105567,1,Mid-Value Occasional Shoppers,-1.000674967509515,-1.3934125016670043
C105568,3,High-Value Loyalists,2.843436057221424,-0.1067116311760792
C105569,1,Mid-Value Occasional Shoppers,0.24426150265102067,0.7799478817246069
C105570,3,High-Value Loyalists,3.134610437060392,-0.3041881228371728
C105571,1,Mid-Value Occasional Shoppers,0.33154970367073094,1.385970657508892
C105572,3,High-Value Loyalists,4.34459176040043,0.383211127200188
C105573,0,Low-Engagement / Dormant,-2.857864470260799,0.16167639241061407
C105574,2,Low-Engagement / Dormant,-1.1367039163400114,1.4953363642068076
C105575,1,Mid-Value Occasional Shoppers,1.0287892536298329,-0.22709427925143677
C105576,1,Mid-Value Occasional Shoppers,-0.6342254475751418,-1.2285679508403533
C105577,1,Mid-Value Occasional Shoppers,-0.17955377460327238,1.040610492850896
C105578,0,Low-Engagement / Dormant,-1.4107060294587908,-0.00647781555326086
C105579,3,High-Value Loyalists,3.267955191952204,0.3646074651748532
C105580,1,Mid-Value Occasional Shoppers,-0.5789231827921603,0.057664631865534825
C105581,1,Mid-Value Occasional Shoppers,0.5757053859512725,0.39308079559952896
C105582,1,Mid-Value Occasional Shoppers,0.4965689548099991,0.7752850178793891
C105583,1,Mid-Value Occasional Shoppers,0.4194760919005909,0.44654159608878125
C105584,1,Mid-Value Occasional Shoppers,-1.6977395003447555,-0.9734124161825177
C105585,3,High-Value Loyalists,5.905845107323584,0.5935503089221539
C105586,1,Mid-Value Occasional Shoppers,-0.8365711350980851,-0.679969473299367
C105587,0,Low-Engagement / Dormant,-2.646139338277485,-1.9178990092507249
C105588,1,Mid-Value Occasional Shoppers,-0.46945352387357814,-0.5468346196422109
C105589,3,High-Value Loyalists,2.791151767014589,-0.19558364673857506
C105590,1,Mid-Value Occasional Shoppers,-0.23497874231178598,-1.1769856134440222
C105592,2,Low-Engagement / Dormant,-2.2204982001249767,3.8782132701563077
C105594,1,Mid-Value Occasional Shoppers,-1.416081779731931,-1.2519417408032743
C105595,1,Mid-Value Occasional Shoppers,0.4402565057405243,0.8798389512724957
C105596,1,Mid-Value Occasional Shoppers,1.116516607358076,1.001191362983515
C105597,1,Mid-Value Occasional Shoppers,-1.1027544802651728,-1.2222823929336233
C105598,3,High-Value Loyalists,2.8826848230585664,0.6944256802811597
C105599,1,Mid-Value Occasional Shoppers,-0.8514375544760618,-0.4012069727439938
C105600,3,High-Value Loyalists,2.848679804116288,0.5769470581341648
C105601,1,Mid-Value Occasional Shoppers,1.812948206170439,-0.779775951232969
C105602,1,Mid-Value Occasional Shoppers,0.4544865756930587,0.398521634000324
C105603,1,Mid-Value Occasional Shoppers,0.6116764457530924,1.0460667151167464
C105604,3,High-Value Loyalists,3.755375703092616,0.49634762837241936
C105605,2,Low-Engagement / Dormant,-1.3153432108386127,2.8367482858993625
C105606,1,Mid-Value Occasional Shoppers,-0.5160314556305045,-0.522039340124011
C105607,3,High-Value Loyalists,4.9241840508381856,0.34813493367975834
C105608,1,Mid-Value Occasional Shoppers,-0.5808894181087408,-1.5208545163864966
C105609,1,Mid-Value Occasional Shoppers,0.9786223048401415,-0.888500863034765
C105610,3,High-Value Loyalists,4.901347796738185,-0.06935991655537639
C105612,1,Mid-Value Occasional Shoppers,0.09913244061129435,-0.853866445316938
C105613,1,Mid-Value Occasional Shoppers,-0.610656588570813,-0.9634647640844929
C105614,1,Mid-Value Occasional Shoppers,1.7924671574970072,0.4281857415891246
C105615,1,Mid-Value Occasional Shoppers,-0.4861241918633249,-0.9767298091220964
C105616,1,Mid-Value Occasional Shoppers,-0.603630574753177,-0.3293856848133258
C105618,3,High-Value Loyalists,2.5011495614807853,-0.5554016939242479
C105619,1,Mid-Value Occasional Shoppers,-1.9194646096739743,-0.036880484127111667
C105620,1,Mid-Value Occasional Shoppers,-0.09987107168934224,-0.04694920415362952
C105621,3,High-Value Loyalists,5.3633952943030865,0.6522814752224882
C105622,2,Low-Engagement / Dormant,-0.8789980280101963,1.3535867139615443
C105623,1,Mid-Value Occasional Shoppers,-1.093366450751743,-1.4841082538035626
C105624,1,Mid-Value Occasional Shoppers,0.0742868789830177,-1.2713334493931523
C105625,1,Mid-Value Occasional Shoppers,0.8484730428202902,-0.21922143783287878
C105626,1,Mid-Value Occasional Shoppers,-0.13139962280348202,-0.6906978169077169
C105627,2,Low-Engagement / Dormant,-0.6335757494371452,2.8271056057239328
C105628,3,High-Value Loyalists,1.7118394803434804,0.594237293974906
C105629,2,Low-Engagement / Dormant,-1.7045332081539724,1.8674485151161138
C105630,1,Mid-Value Occasional Shoppers,-0.7746885149439773,-0.5384018466804446
C105631,0,Low-Engagement / Dormant,-1.8404969898937444,-1.7740943262085647
C105632,1,Mid-Value Occasional Shoppers,-0.5816562332330222,-1.2590576187421985
C105633,1,Mid-Value Occasional Shoppers,0.41800965782340993,0.7207680766837379
C105634,1,Mid-Value Occasional Shoppers,-0.21080120447305375,-0.9788742921458257
C105635,1,Mid-Value Occasional Shoppers,-0.3495396196590232,0.07642327001048208
C105636,0,Low-Engagement / Dormant,-2.7061885199646842,-1.328092782862668
C105637,1,Mid-Value Occasional Shoppers,0.48630221732720946,0.3871334632017431
C105638,2,Low-Engagement / Dormant,-1.2875465113541549,2.260816950606041
C105639,3,High-Value Loyalists,4.295822225156004,0.5402867362217919
C105641,2,Low-Engagement / Dormant,-0.7119394735765364,2.8328119576828565
C105642,1,Mid-Value Occasional Shoppers,-1.4062700155471797,-1.7962027217726166
C105643,1,Mid-Value Occasional Shoppers,0.7951126771205947,-0.9090598298557082
C105644,1,Mid-Value Occasional Shoppers,0.34247868717731444,0.6902519758478195
C105645,0,Low-Engagement / Dormant,-2.680822917355436,-1.5772350681472782
C105646,2,Low-Engagement / Dormant,-1.2605229901982875,1.5204216588812582
C105647,2,Low-Engagement / Dormant,-0.6021773578310844,1.7932605454433854
C105648,1,Mid-Value Occasional Shoppers,0.2037966977288081,-0.7839673415615878
C105649,3,High-Value Loyalists,3.3414977282703404,-0.09233377636809934
C105650,1,Mid-Value Occasional Shoppers,-0.11308036099402709,0.17004323679949934
C105651,3,High-Value Loyalists,4.317969337439683,0.04579411441339014
C105652,1,Mid-Value Occasional Shoppers,-0.5216071189159013,-1.0615694598717806
C105653,3,High-Value Loyalists,6.323465783903755,0.7193737428309463
C105654,3,High-Value Loyalists,4.282971790553503,-0.08432632961660633
C105655,0,Low-Engagement / Dormant,-2.8878890611043984,0.4565795056046427
C105656,1,Mid-Value Occasional Shoppers,0.3548635268963626,-0.3678078632237194
C105657,1,Mid-Value Occasional Shoppers,-1.054675413911756,-0.3144832022003462
C105658,2,Low-Engagement / Dormant,-3.1120381617126505,2.6581837816910965
C105659,1,Mid-Value Occasional Shoppers,-0.7306421447826964,-0.5233200282723472
C105660,1,Mid-Value Occasional Shoppers,-0.6207481862622097,-1.2855727490786626
C105661,1,Mid-Value Occasional Shoppers,1.249853203513892,-0.17676411033534548
C105662,3,High-Value Loyalists,2.160664640140641,0.10118190514757491
C105663,1,Mid-Value Occasional Shoppers,0.16314648167533757,-0.5434365016666199
C105664,1,Mid-Value Occasional Shoppers,-0.2669238408995714,-0.3940988488650127
C105665,2,Low-Engagement / Dormant,-1.4879505379668787,2.9989271238499486
C105666,1,Mid-Value Occasional Shoppers,0.6133903465461769,-0.5892912743536914
C105667,3,High-Value Loyalists,4.675090868692209,0.27047128820575705
C105668,1,Mid-Value Occasional Shoppers,-1.215447096875297,0.6486815543711738
C105669,1,Mid-Value Occasional Shoppers,-1.2890275919658234,-1.3091923287408898
C105670,1,Mid-Value Occasional Shoppers,1.4595591634403529,-0.6985358934537212
C105671,1,Mid-Value Occasional Shoppers,-2.1605439787297764,-0.4053230432150933
C105672,1,Mid-Value Occasional Shoppers,0.4465058038184298,0.5252852302002298
C105673,0,Low-Engagement / Dormant,-1.6959156793225802,-1.8520523311543022
C105674,1,Mid-Value Occasional Shoppers,-1.8524397064570306,-0.016270740014667693
C105675,0,Low-Engagement / Dormant,-1.956571028994017,-1.6981844476607697
C105676,1,Mid-Value Occasional Shoppers,-0.7465293826025469,-0.8924780376243391
C105677,1,Mid-Value Occasional Shoppers,-0.38066116178632015,-0.3259729238193689
C105678,1,Mid-Value Occasional Shoppers,-0.2530635783821629,-0.3198828586660333
C105679,1,Mid-Value Occasional Shoppers,-0.9164150438546775,-1.2252239808841436
C105680,1,Mid-Value Occasional Shoppers,-1.07351129200891,-1.3738187349598323
C105681,1,Mid-Value Occasional Shoppers,0.43418817712569263,-0.2786828452010939
C105682,3,High-Value Loyalists,6.066022744271243,0.7597543690051858
C105683,2,Low-Engagement / Dormant,0.2328145867295183,1.5269958672811486
C105684,2,Low-Engagement / Dormant,-0.9109599463995178,1.216725331749164
C105685,2,Low-Engagement / Dormant,-1.4638008272959548,3.1378545455580555
C105686,1,Mid-Value Occasional Shoppers,-0.7230994792894533,0.6177667961723008
C105687,2,Low-Engagement / Dormant,0.5519093162724776,1.9847854511241976
C105689,1,Mid-Value Occasional Shoppers,0.9207835081250109,0.6184590736582917
C105690,1,Mid-Value Occasional Shoppers,0.5829603422616334,-0.7451872325088655
C105691,3,High-Value Loyalists,4.252761407001186,-0.15153793632451878
C105692,3,High-Value Loyalists,4.887261803936873,0.21788525416638374
C105693,1,Mid-Value Occasional Shoppers,-1.5350883173434382,-0.49694993391692016
C105695,1,Mid-Value Occasional Shoppers,-0.47008141116993296,-1.24831847444439
C105697,1,Mid-Value Occasional Shoppers,-0.4093593335382002,-0.8431091247001689
C105698,1,Mid-Value Occasional Shoppers,-0.0030447424278054343,-0.793510661065072
C105699,3,High-Value Loyalists,4.853587297100335,0.29341222284525936
C105700,1,Mid-Value Occasional Shoppers,-0.607663904885692,-1.2762181471657645
C105701,1,Mid-Value Occasional Shoppers,-0.27769375329136425,-0.9295398861264635
C105702,2,Low-Engagement / Dormant,-0.7000139750670386,1.49259437730801
C105703,2,Low-Engagement / Dormant,-1.0367496956064957,1.524712909125805
C105704,1,Mid-Value Occasional Shoppers,0.8359210983551675,-0.7438804922619617
C105705,2,Low-Engagement / Dormant,-0.7211640310437685,2.298657803635149
C105706,1,Mid-Value Occasional Shoppers,-0.1595133137226903,-1.2469323084525552
C105707,1,Mid-Value Occasional Shoppers,0.9222468086770609,0.29122959168526713
C105708,1,Mid-Value Occasional Shoppers,0.36151609778615823,0.8589457668540369
C105709,1,Mid-Value Occasional Shoppers,-0.3328266622667548,0.3761753653329721
C105710,1,Mid-Value Occasional Shoppers,-0.8037099938302213,-1.6522986214755897
C105711,1,Mid-Value Occasional Shoppers,0.7589215123774442,0.1537296773614799
C105712,1,Mid-Value Occasional Shoppers,0.5480045397971691,-0.826705599208762
C105713,0,Low-Engagement / Dormant,-3.0091521461679345,-1.1576108260116722
C105714,2,Low-Engagement / Dormant,0.03865037274749933,2.1230339970994407
C105715,1,Mid-Value Occasional Shoppers,-0.8019317681568005,-1.0491743614586608
C105716,3,High-Value Loyalists,3.418691488216104,-0.07011768617349344
C105717,1,Mid-Value Occasional Shoppers,0.35610097934341145,-1.054022130539705
C105718,1,Mid-Value Occasional Shoppers,0.1646706845732393,0.45855529239111775
C105719,1,Mid-Value Occasional Shoppers,0.8723971711259567,0.5160943551925067
C105720,1,Mid-Value Occasional Shoppers,-0.5469558911473252,-1.1727779264067033
C105721,1,Mid-Value Occasional Shoppers,-0.9756420889296424,-1.3057468887313717
C105723,1,Mid-Value Occasional Shoppers,0.14258185643358476,-0.8052914470247495
C105724,1,Mid-Value Occasional Shoppers,0.9545228395741359,-0.4367260963885376
C105725,2,Low-Engagement / Dormant,-2.031421231663803,2.93492010066698
C105726,2,Low-Engagement / Dormant,-0.7571142020907968,1.071030505621332
C105727,1,Mid-Value Occasional Shoppers,1.7094297315251181,-0.9362712751299462
C105728,1,Mid-Value Occasional Shoppers,1.230220504797225,-0.0792962818413196
C105729,1,Mid-Value Occasional Shoppers,-0.4435913762398695,-0.5603795723600146
C105730,1,Mid-Value Occasional Shoppers,0.25179729169797677,0.5863263715219624
C105731,3,High-Value Loyalists,3.2133849398235808,-0.5891807130886293
C105732,2,Low-Engagement / Dormant,-0.5140247532676113,1.7629116327463643
C105733,1,Mid-Value Occasional Shoppers,0.8925905067554373,0.38103850591660127
C105734,1,Mid-Value Occasional Shoppers,0.7736153174194204,0.3818296471042252
C105735,1,Mid-Value Occasional Shoppers,0.606187249338034,-0.5111919761046233
C105736,1,Mid-Value Occasional Shoppers,-0.11342295293941763,-0.0235970938562449
C105737,3,High-Value Loyalists,2.7570038452868233,0.3030044339442229
C105738,0,Low-Engagement / Dormant,-2.913772329073019,0.710806327323633
C105739,1,Mid-Value Occasional Shoppers,1.5373636094609846,0.5846781641384922
C105740,3,High-Value Loyalists,2.4133188796971794,0.44698499412800424
C105741,1,Mid-Value Occasional Shoppers,0.90482313786203,0.42130012496105623
C105742,1,Mid-Value Occasional Shoppers,-0.21720721012844568,0.15390745595517294
C105744,2,Low-Engagement / Dormant,-1.1596431772476472,1.439028588258662
C105745,3,High-Value Loyalists,2.4851745539058996,-0.06871280551101507
C105746,3,High-Value Loyalists,3.9162146505197213,0.056025244799259834
C105747,1,Mid-Value Occasional Shoppers,-0.7310946439351337,0.5733660676786083
C105748,1,Mid-Value Occasional Shoppers,-1.4855039453470171,-0.8956784875408809
C105749,1,Mid-Value Occasional Shoppers,-0.592077732010651,0.7803093690597831
C105750,1,Mid-Value Occasional Shoppers,0.08907961134413754,-0.6675535836516877
C105751,1,Mid-Value Occasional Shoppers,-1.0929673894321976,-1.7524162134867174
C105752,0,Low-Engagement / Dormant,-2.6264680546213333,-2.1111113937571573
C105753,1,Mid-Value Occasional Shoppers,-0.40384055643140765,0.3750961147242989
C105754,1,Mid-Value Occasional Shoppers,-1.220571788428831,-0.7401832329758704
C105755,0,Low-Engagement / Dormant,-2.6440686768399955,-1.9382371549882442
C105756,1,Mid-Value Occasional Shoppers,-1.3596174241081345,-0.4077807291913647
C105757,1,Mid-Value Occasional Shoppers,0.3703179519820515,0.5268374081909488
C105758,3,High-Value Loyalists,4.32025162220457,0.10571621323416092
C105759,2,Low-Engagement / Dormant,-1.9101374677602967,3.7209000523764124
C105760,1,Mid-Value Occasional Shoppers,-1.2530720024427,-0.9558660470923132
C105761,1,Mid-Value Occasional Shoppers,-0.18890032847915947,0.03586285981222649
C105762,1,Mid-Value Occasional Shoppers,0.04013699111476457,1.1239852494091636
C105763,2,Low-Engagement / Dormant,-1.8576634137593642,2.395114453021616
C105764,2,Low-Engagement / Dormant,-2.020207426178265,2.0984395220604006
C105765,1,Mid-Value Occasional Shoppers,-0.8766142083430014,-1.0697032808647966
C105766,1,Mid-Value Occasional Shoppers,-1.711215356096495,0.3667138555271713
C105767,1,Mid-Value Occasional Shoppers,-0.8714070593036115,-1.3864578320552887
C105768,3,High-Value Loyalists,4.152286623223988,-0.12413868263188514
C105769,1,Mid-Value Occasional Shoppers,-0.8239257776333708,0.17086411762153603
C105770,2,Low-Engagement / Dormant,-1.5414181674705434,2.0250892444735884
C105772,1,Mid-Value Occasional Shoppers,0.09450980855326388,0.16774538076874163
C105773,1,Mid-Value Occasional Shoppers,0.4707178461330296,-0.7276324379007807
C105774,1,Mid-Value Occasional Shoppers,1.0209653073435736,-0.3303662994485724
C105775,1,Mid-Value Occasional Shoppers,-0.17408645411262103,0.2520878314274879
C105776,0,Low-Engagement / Dormant,-2.9185607082777634,-2.0474047020281376
C105777,1,Mid-Value Occasional Shoppers,0.29115604355923413,-0.5309276781943233
C105778,1,Mid-Value Occasional Shoppers,-0.5658763771615216,-0.594907974991202
C105779,2,Low-Engagement / Dormant,-1.9546052950193753,3.0465145857024343
C105780,3,High-Value Loyalists,2.169729904441264,0.059257262669818594
C105781,1,Mid-Value Occasional Shoppers,-0.5842556178599999,-1.2198995135203485
C105782,3,High-Value Loyalists,2.8140289216461505,0.45076052726883725
C105783,2,Low-Engagement / Dormant,-0.443428115489672,1.3247836158186543
C105784,0,Low-Engagement / Dormant,-2.1301783475357547,-0.9528780762643172
C105785,1,Mid-Value Occasional Shoppers,0.4549422565800129,0.02906450434285439
C105786,2,Low-Engagement / Dormant,-1.5584355028840928,2.3960829717589274
C105787,3,High-Value Loyalists,2.1470571719903258,-0.6548757602829838
C105788,1,Mid-Value Occasional Shoppers,0.4337945883895036,0.06488556615018791
C105789,2,Low-Engagement / Dormant,-3.015740233913064,3.7742209570158782
C105790,1,Mid-Value Occasional Shoppers,1.4813779727598169,0.6637144956141829
C105791,3,High-Value Loyalists,3.9817994974909103,0.3686066079349997
C105792,2,Low-Engagement / Dormant,0.08363567678404277,1.338719322633408
C105793,1,Mid-Value Occasional Shoppers,-0.2785160144946866,-1.2887341778421917
C105794,1,Mid-Value Occasional Shoppers,0.4664737483466026,0.4181682901228989
C105795,1,Mid-Value Occasional Shoppers,-0.12315132392171135,1.0123386473604818
C105796,2,Low-Engagement / Dormant,0.2235368640676975,1.8851475986266175
C105797,1,Mid-Value Occasional Shoppers,-0.545226633954747,0.0014989847771996754
C105798,1,Mid-Value Occasional Shoppers,-1.1245565290080877,-1.3724617137199235
C105799,0,Low-Engagement / Dormant,-3.030764700291183,1.8599115614934674
C105800,2,Low-Engagement / Dormant,-0.5516490607927289,2.274210168237504
C105801,3,High-Value Loyalists,3.809160858331175,0.11795268412481087
C105802,1,Mid-Value Occasional Shoppers,1.5287258960174899,-0.6781642662876398
C105803,1,Mid-Value Occasional Shoppers,-0.0019228714710050688,1.0538543384602272
C105805,1,Mid-Value Occasional Shoppers,-1.321697385162386,-0.8079732468318783
C105806,1,Mid-Value Occasional Shoppers,-0.2837607110563523,0.8086803978390247
C105807,0,Low-Engagement / Dormant,-2.6228443971057267,-2.146703148797816
C105808,1,Mid-Value Occasional Shoppers,-0.4253649852535719,0.6556341713797793
C105809,2,Low-Engagement / Dormant,-2.2941821246530565,3.2425048643338665
C105810,0,Low-Engagement / Dormant,-2.6316447082150574,-2.0602660294133597
C105812,3,High-Value Loyalists,4.054342544729463,-0.15497198129113993
C105813,3,High-Value Loyalists,2.255634658931492,-0.8546541494307877
C105814,1,Mid-Value Occasional Shoppers,0.5115380403059472,0.9113823544182432
C105815,1,Mid-Value Occasional Shoppers,1.0395373061466047,-0.9176297402824423
C105816,1,Mid-Value Occasional Shoppers,-0.15234560093476002,-0.5196966022689442
C105817,1,Mid-Value Occasional Shoppers,-0.4033107767598516,-1.0636250013307849
C105818,1,Mid-Value Occasional Shoppers,-0.8254803891066456,0.2952178283302049
C105819,1,Mid-Value Occasional Shoppers,-0.2788415425198922,-1.0053961651072354
C105820,1,Mid-Value Occasional Shoppers,-0.44166229450189487,-0.3763072953593479
C105821,1,Mid-Value Occasional Shoppers,-1.4355054611413463,-0.6590086394511125
C105822,2,Low-Engagement / Dormant,-2.2029841005382096,3.329753181730464
C105823,1,Mid-Value Occasional Shoppers,0.5360993738039621,-0.36273630156528713
C105824,1,Mid-Value Occasional Shoppers,-0.4094185143697993,0.19115434004400536
C105825,2,Low-Engagement / Dormant,-1.7231185649826004,0.4519594705682674
C105826,3,High-Value Loyalists,2.978176831284217,0.22869231930747064
C105827,2,Low-Engagement / Dormant,-1.1176681196608829,1.0737946618042986
C105829,2,Low-Engagement / Dormant,-1.649419734291434,3.828385884604104
C105830,1,Mid-Value Occasional Shoppers,-0.1969478285393813,0.17888783343336281
C105831,1,Mid-Value Occasional Shoppers,0.83232634875975,-0.9211288093889944
C105832,2,Low-Engagement / Dormant,-1.8294977567337423,0.692921102521707
C105833,1,Mid-Value Occasional Shoppers,1.3168859596526068,0.7132385634244541
C105834,3,High-Value Loyalists,5.469233977818677,0.634142272223765
C105835,3,High-Value Loyalists,4.820029757269982,-0.014305277195404798
C105836,3,High-Value Loyalists,5.602465034657466,0.479265436288241
C105837,1,Mid-Value Occasional Shoppers,0.6377736344816317,1.075396174908241
C105838,1,Mid-Value Occasional Shoppers,0.8027187200990055,0.5492488891624429
C105839,2,Low-Engagement / Dormant,-1.9311944976741113,2.6399254153102363
C105840,1,Mid-Value Occasional Shoppers,-1.4490335743497107,-0.9486965067144434
C105841,1,Mid-Value Occasional Shoppers,-0.444902572326697,-0.9069635857725677
C105842,2,Low-Engagement / Dormant,-2.122695879922117,5.4478098650278435
C105843,1,Mid-Value Occasional Shoppers,0.41872022293507727,-0.8094890987380583
C105844,2,Low-Engagement / Dormant,-0.47331542134440946,2.0490931721173276
C105845,1,Mid-Value Occasional Shoppers,0.011998534129248001,-0.41377079452990756
C105846,3,High-Value Loyalists,4.046237991871532,0.5806124425843202
C105847,2,Low-Engagement / Dormant,-2.155711948589629,3.509517559449252
C105848,3,High-Value Loyalists,2.295154149984926,0.3484356108102544
C105849,1,Mid-Value Occasional Shoppers,0.30258231666419516,-0.10226695941757981
C105850,3,High-Value Loyalists,1.7081681668754773,-0.6064192303323612
C105851,3,High-Value Loyalists,2.6631082492367573,-0.049471900047889684
C105852,1,Mid-Value Occasional Shoppers,-0.7343827683376893,-0.36633528075050353
C105853,1,Mid-Value Occasional Shoppers,0.5693681929642481,-0.8794043443473741
C105854,1,Mid-Value Occasional Shoppers,-0.6665416965059814,-1.0110261628919324
C105855,1,Mid-Value Occasional Shoppers,-0.27988673202241937,-0.21024306723937386
C105856,1,Mid-Value Occasional Shoppers,0.6788114911552834,-0.6968704063346748
C105857,1,Mid-Value Occasional Shoppers,0.795227848138426,-0.5058731649271531
C105858,3,High-Value Loyalists,3.941010095442912,-0.05341208862930776
C105859,2,Low-Engagement / Dormant,-1.4306890160376724,0.4323582059846286
C105860,2,Low-Engagement / Dormant,-1.7255138464582593,3.594121285176277
C105862,1,Mid-Value Occasional Shoppers,1.5457570486441539,-0.20399332673623077
C105863,1,Mid-Value Occasional Shoppers,0.21182575274761908,-1.2603913714499166
C105865,2,Low-Engagement / Dormant,-1.827692591470872,0.8649803919173384
C105866,1,Mid-Value Occasional Shoppers,-0.7147892853158635,-1.1859197527032146
C105867,1,Mid-Value Occasional Shoppers,-0.7790405671274503,0.47205611130823893
C105868,1,Mid-Value Occasional Shoppers,1.6480421882147356,0.7211338664420853
C105869,2,Low-Engagement / Dormant,-0.2749930758252478,2.185276467990568
C105870,1,Mid-Value Occasional Shoppers,0.9433955687480857,0.41087663328528545
C105871,0,Low-Engagement / Dormant,-2.628538716058823,-2.090773248019638
C105872,3,High-Value Loyalists,2.574115565130376,-0.6760366356459158
C105873,1,Mid-Value Occasional Shoppers,0.22385110105676417,0.10195304711783756
C105874,1,Mid-Value Occasional Shoppers,-0.6581527349148382,-0.33066312363724
C105875,3,High-Value Loyalists,1.896640135560537,0.02952208669440124
C105876,1,Mid-Value Occasional Shoppers,-0.6889560583439553,-1.0599148844597421
C105878,1,Mid-Value Occasional Shoppers,-0.47373040223734303,0.7530633849677626
C105879,1,Mid-Value Occasional Shoppers,-0.5337950081957926,-0.27819630885540203
C105880,2,Low-Engagement / Dormant,-1.1607545093939788,1.103935177867856
C105881,1,Mid-Value Occasional Shoppers,0.46138372359089586,0.8662775730180768
C105882,1,Mid-Value Occasional Shoppers,-1.4947137878685366,-1.7302584138692756
C105883,2,Low-Engagement / Dormant,-0.8727692600241778,1.5865491012818764
C105884,1,Mid-Value Occasional Shoppers,0.4224495563229025,0.7795805342597333
C105885,1,Mid-Value Occasional Shoppers,0.138479607123457,1.3618170218892194
C105886,3,High-Value Loyalists,4.40210878927462,-0.5256274994870808
C105887,1,Mid-Value Occasional Shoppers,0.08846867339459809,-0.5698929833926561
C105888,3,High-Value Loyalists,4.642474689024104,-0.0017623748772505902
C105889,2,Low-Engagement / Dormant,0.6868492570516718,1.9187115662161929
C105890,2,Low-Engagement / Dormant,-2.1969948203420886,3.0693887931202974
C105891,1,Mid-Value Occasional Shoppers,0.4826819115619235,-0.6498427163555154
C105892,1,Mid-Value Occasional Shoppers,-0.6326850653532948,-1.0662322039800178
C105893,1,Mid-Value Occasional Shoppers,-1.3792172657513668,-1.6304292708748562
C105894,1,Mid-Value Occasional Shoppers,0.18956767531714072,-0.6916736707472643
C105895,1,Mid-Value Occasional Shoppers,-0.5088873647713164,-0.5175715026631551
C105896,1,Mid-Value Occasional Shoppers,-0.8781689274258447,-1.0730513262629167
C105897,0,Low-Engagement / Dormant,-3.139603816729781,0.12369235545203809
C105898,1,Mid-Value Occasional Shoppers,0.8020393037150431,-0.2862713373756293
C105899,1,Mid-Value Occasional Shoppers,1.3836278505125776,0.40252753805296526
C105900,2,Low-Engagement / Dormant,-1.359444985218385,0.9609947678421229
C105901,3,High-Value Loyalists,3.0369723495567453,0.3499712200471504
C105902,1,Mid-Value Occasional Shoppers,1.084915232042254,0.5033137937251233
C105903,1,Mid-Value Occasional Shoppers,0.49408627687617795,-1.1568860003457044
C105904,1,Mid-Value Occasional Shoppers,-0.6171096177192972,-0.9833720997969146
C105905,1,Mid-Value Occasional Shoppers,-0.0695639876425008,0.698364265412945
C105906,2,Low-Engagement / Dormant,0.14319023812082535,1.415251828641105
C105907,3,High-Value Loyalists,3.2324363101373477,0.4183380580571019
C105908,1,Mid-Value Occasional Shoppers,-0.7783585481478129,-1.3394784230845462
C105909,1,Mid-Value Occasional Shoppers,0.15232849159783007,0.4488515354081467
C105910,3,High-Value Loyalists,2.19355160560549,-0.37443528337142495
C105911,3,High-Value Loyalists,1.717490695616614,0.5824448877110889
C105913,1,Mid-Value Occasional Shoppers,0.4122801968330628,-0.3673628868954543
C105914,1,Mid-Value Occasional Shoppers,-1.2655374582786274,-1.399521500465013
C105915,1,Mid-Value Occasional Shoppers,-0.9000211659474082,-1.2690124183972178
C105916,1,Mid-Value Occasional Shoppers,0.10771674145096825,0.4652182930822804
C105917,1,Mid-Value Occasional Shoppers,-0.8911714805864589,-0.431563638749104
C105918,1,Mid-Value Occasional Shoppers,0.4780178053466542,-0.6627479605274572
C105919,1,Mid-Value Occasional Shoppers,-0.1782442215052998,-0.7104256446383114
C105920,2,Low-Engagement / Dormant,-0.6582331286693573,1.9117331594939109
C105921,1,Mid-Value Occasional Shoppers,-0.32048271347394774,-1.2742125749813398
C105922,0,Low-Engagement / Dormant,-2.6357860310900367,-2.019589737938321
C105923,3,High-Value Loyalists,4.320368016452854,-0.18592495691453975
C105924,2,Low-Engagement / Dormant,-1.0823018615453737,2.943277947896241
C105925,1,Mid-Value Occasional Shoppers,-0.3129085307909808,-1.109893369798961
C105926,0,Low-Engagement / Dormant,-2.665292956574264,-1.7297711611786724
C105927,1,Mid-Value Occasional Shoppers,-0.09738956479363556,-0.2593202677716282
C105928,1,Mid-Value Occasional Shoppers,0.007024410334243611,-0.9408338893749023
C105929,2,Low-Engagement / Dormant,-3.107896838837671,2.617507490216058
C105930,3,High-Value Loyalists,2.8564253285795953,0.6822365852107922
C105931,0,Low-Engagement / Dormant,-2.6275033853400784,-2.100942320888398
C105932,1,Mid-Value Occasional Shoppers,0.3037983862979452,-0.4285009330385432
C105933,2,Low-Engagement / Dormant,-0.42702970712619354,1.7512775075376532
C105934,1,Mid-Value Occasional Shoppers,-0.9747598174420984,-0.1579907828572525
C105935,2,Low-Engagement / Dormant,-1.7211799912738943,3.1162576010428946
C105936,1,Mid-Value Occasional Shoppers,0.608378842635395,0.8470646868672714
C105937,1,Mid-Value Occasional Shoppers,-0.36742073386240387,0.9077349096803893
C105938,1,Mid-Value Occasional Shoppers,-0.2620932682202142,0.05124095929080118
C105939,0,Low-Engagement / Dormant,-3.012128747353776,1.6768682498557952
C105940,2,Low-Engagement / Dormant,-1.6047698320956505,2.430344496606197
C105941,1,Mid-Value Occasional Shoppers,-0.42845006425872034,-0.034534360576079094
C105942,3,High-Value Loyalists,4.159216776269475,-0.03185883622305676
C105943,3,High-Value Loyalists,3.158888174445286,-0.6098132083332908
C105944,1,Mid-Value Occasional Shoppers,0.2745246112650848,-0.6789179256468303
C105945,1,Mid-Value Occasional Shoppers,-1.1803292863137893,-1.2342161102016584
C105946,1,Mid-Value Occasional Shoppers,-0.3703254753890894,-1.3579527552942265
C105947,1,Mid-Value Occasional Shoppers,0.8638992315033243,0.36182143290323476
C105948,0,Low-Engagement / Dormant,-1.5136613161507324,-1.743322456942951
C105949,1,Mid-Value Occasional Shoppers,0.629744549577449,-0.15518155863749805
C105950,2,Low-Engagement / Dormant,-2.275290398847684,3.1470439266271564
C105951,1,Mid-Value Occasional Shoppers,-0.6762359357063816,0.05663618765957593
C105952,1,Mid-Value Occasional Shoppers,-0.5736873039354029,-1.0314892216821048
C105953,1,Mid-Value Occasional Shoppers,-1.091055113725409,-1.1616998160289984
C105954,1,Mid-Value Occasional Shoppers,-0.48708649911310464,0.09013517990911038
C105955,1,Mid-Value Occasional Shoppers,0.9688206497247982,1.1615229977888242
C105956,3,High-Value Loyalists,1.8946004516360366,0.34251835646441464
C105957,2,Low-Engagement / Dormant,0.5361632623773496,1.4667491946761648
C105958,1,Mid-Value Occasional Shoppers,-0.6527364586146643,-1.0756715911885977
C105959,3,High-Value Loyalists,2.467551129454112,-0.5604747801962526
C105960,1,Mid-Value Occasional Shoppers,0.4063550656252344,-0.3182329632039746
C105961,1,Mid-Value Occasional Shoppers,-0.5442867281381405,-0.7082017762602478
C105962,1,Mid-Value Occasional Shoppers,-0.13366401560207578,-0.45470223025161904
C105963,1,Mid-Value Occasional Shoppers,-0.27455047275115235,-1.160326535512272
C105964,3,High-Value Loyalists,4.064558279836481,0.39108984474274766
C105965,1,Mid-Value Occasional Shoppers,1.404548011837402,-0.599754063781213
C105966,1,Mid-Value Occasional Shoppers,-1.1524276861963838,-0.9812561792549563
C105967,1,Mid-Value Occasional Shoppers,-0.39630978776631465,-1.0243704560935454
C105968,1,Mid-Value Occasional Shoppers,-0.599828739802417,0.45120621343104317
C105969,2,Low-Engagement / Dormant,-1.4946051768439084,2.274240275308854
C105970,1,Mid-Value Occasional Shoppers,-1.203460172380944,-1.582888236247163
C105971,2,Low-Engagement / Dormant,-0.6660620678643676,2.7585711610716865
C105972,1,Mid-Value Occasional Shoppers,-1.0020951069985289,-0.0401521234760576
C105973,2,Low-Engagement / Dormant,-1.1853530276937876,1.9689615452625506
C105974,0,Low-Engagement / Dormant,-1.7607133965989799,-1.4605206452272783
C105975,3,High-Value Loyalists,1.8111621281958556,0.8535639561639156
C105976,2,Low-Engagement / Dormant,-2.1234066482518874,3.9748566745978993
C105977,1,Mid-Value Occasional Shoppers,1.1143244283357705,-0.07845692404525445
C105978,3,High-Value Loyalists,5.414513018063151,0.3240485893509838
C105979,1,Mid-Value Occasional Shoppers,-0.7952828746209613,0.7258405707433336
C105980,1,Mid-Value Occasional Shoppers,-0.21330582146088356,0.008329560206406768
C105981,1,Mid-Value Occasional Shoppers,-0.5693389361030611,-0.5444447558685579
C105982,1,Mid-Value Occasional Shoppers,0.30188997473012774,-0.3966479799110385
C105983,1,Mid-Value Occasional Shoppers,-0.5776613770774929,0.017912060693587962
C105984,0,Low-Engagement / Dormant,-1.5754686946549437,-1.7846762211743008
C105985,2,Low-Engagement / Dormant,-0.8379800963362115,1.009186634621015
C105986,1,Mid-Value Occasional Shoppers,0.30443231819457134,-0.5934430328817671
C105987,1,Mid-Value Occasional Shoppers,1.050086061747567,-0.5667024714600339
C105988,1,Mid-Value Occasional Shoppers,-0.05538732672171971,1.2250622323311289
C105989,1,Mid-Value Occasional Shoppers,-0.0693570362714773,-0.45664318503038587
C105990,1,Mid-Value Occasional Shoppers,-1.433504819130282,-1.5762611757048293
C105991,1,Mid-Value Occasional Shoppers,0.20155307819215543,-0.13245754790942368
C105992,1,Mid-Value Occasional Shoppers,-0.15246249400809708,0.7005141692773434
C105993,1,Mid-Value Occasional Shoppers,0.5614902896750091,0.1769733805471451
C105994,1,Mid-Value Occasional Shoppers,0.06538570805185866,1.0123347404508478
C105995,1,Mid-Value Occasional Shoppers,0.39707439610316936,-0.6538833349981905
C105996,1,Mid-Value Occasional Shoppers,-0.6670349655228147,-1.4356077085646664
C105997,1,Mid-Value Occasional Shoppers,-0.10834266742292763,-0.77029904671561
C105998,2,Low-Engagement / Dormant,-2.2421776284257766,2.8974890192046385
C105999,1,Mid-Value Occasional Shoppers,0.691723515152336,-0.0764756764804911
C106000,1,Mid-Value Occasional Shoppers,0.03141118323735084,-1.230582481966564
C106001,1,Mid-Value Occasional Shoppers,-0.7995258593966376,0.5635393845307647
C106002,1,Mid-Value Occasional Shoppers,-1.007126051269394,-0.7266828059152514
C106003,1,Mid-Value Occasional Shoppers,-0.5565442737099291,-0.9668014784729344
C106004,1,Mid-Value Occasional Shoppers,-0.42492969930246355,-0.07934081582033564
C106005,0,Low-Engagement / Dormant,-2.8252515526203372,-0.15864940295531352
C106006,1,Mid-Value Occasional Shoppers,0.40370857532596355,0.43487693811390055
C106007,3,High-Value Loyalists,4.0997294410857394,0.3731769871006005
C106008,3,High-Value Loyalists,1.5271331198298586,-0.4564573310485838
C106009,1,Mid-Value Occasional Shoppers,0.4011418981486412,-0.30117476499753926
C106010,3,High-Value Loyalists,6.950579103637882,0.9886346685315799
C106011,0,Low-Engagement / Dormant,-1.8383084900071127,-1.5227401510608907
C106012,1,Mid-Value Occasional Shoppers,0.09167069367090554,-0.581347055374074
C106013,3,High-Value Loyalists,3.3990046698839276,0.42639090843886973
C106014,0,Low-Engagement / Dormant,-1.293447897896966,-1.7902254986160004
C106015,1,Mid-Value Occasional Shoppers,-0.25725402219797805,-0.7792854744262218
C106016,1,Mid-Value Occasional Shoppers,0.12637046819740336,1.3686352115779739
C106017,1,Mid-Value Occasional Shoppers,0.2352809098521714,0.581158794476149
C106018,1,Mid-Value Occasional Shoppers,1.3645622016683276,-0.03677291427761312
C106019,1,Mid-Value Occasional Shoppers,1.1015269330541035,-0.6823631807145822
C106020,1,Mid-Value Occasional Shoppers,-0.5720107227632159,-1.096055667313624
C106021,1,Mid-Value Occasional Shoppers,0.35315638108603653,0.1930709303323336
C106022,1,Mid-Value Occasional Shoppers,-0.31745802869810835,-0.8005214483123818
C106023,2,Low-Engagement / Dormant,-0.3907499556396367,1.838385659929018
C106024,1,Mid-Value Occasional Shoppers,0.003966901192529055,-0.4685834508397764
C106025,1,Mid-Value Occasional Shoppers,-1.2247060590509793,-1.4661042709764436
C106026,1,Mid-Value Occasional Shoppers,0.17407289367949844,-0.12563149097093146
C106027,1,Mid-Value Occasional Shoppers,0.4438290939240733,-0.23558429839851355
C106028,2,Low-Engagement / Dormant,-1.1634491780418652,0.870600862480154
C106030,2,Low-Engagement / Dormant,-1.3269181488952628,2.900366546814325
C106031,2,Low-Engagement / Dormant,-0.7194148675057531,1.1029781747708765
C106032,3,High-Value Loyalists,5.298891576383716,0.3919784755659212
C106033,1,Mid-Value Occasional Shoppers,-1.268090390047119,-1.6032802781419189
C106034,1,Mid-Value Occasional Shoppers,-0.3684517838531432,0.026000708538826862
C106035,1,Mid-Value Occasional Shoppers,-1.1447645824185877,-0.9018865618881834
C106036,1,Mid-Value Occasional Shoppers,-0.7816927014114236,-0.8322920998320856
C106037,1,Mid-Value Occasional Shoppers,-0.11872382698445755,-0.5578777412609005
C106038,1,Mid-Value Occasional Shoppers,0.09539025052664983,1.1700553367669708
C106039,3,High-Value Loyalists,3.2136958365198987,-0.0118193259112059
C106040,3,High-Value Loyalists,1.6364624851163587,-0.6625996018951846
C106041,0,Low-Engagement / Dormant,-2.2502576969895953,0.06656852104882242
C106043,1,Mid-Value Occasional Shoppers,0.735598608258506,-0.629805517526938
C106044,0,Low-Engagement / Dormant,-2.631127042855685,-2.0653505658477394
C106045,0,Low-Engagement / Dormant,-2.6275033853400784,-2.100942320888398
C106046,1,Mid-Value Occasional Shoppers,0.8039347404654142,-0.5349229938308797
C106047,3,High-Value Loyalists,1.8584016742382412,-0.40018732997362855
C106048,3,High-Value Loyalists,2.439381035961037,0.5962176118284956
C106049,3,High-Value Loyalists,5.967654399226996,0.027215773277551637
C106050,1,Mid-Value Occasional Shoppers,-0.12413448310457491,-0.9266541437491175
C106051,2,Low-Engagement / Dormant,-1.1029053989575492,2.4660569486047947
C106052,2,Low-Engagement / Dormant,-0.8937275451310572,1.1125097970420526
C106053,1,Mid-Value Occasional Shoppers,-0.6898029176962824,-0.9363170655943203
C106054,3,High-Value Loyalists,3.05070492324896,-0.05608148920619651
C106056,1,Mid-Value Occasional Shoppers,0.27401809191265014,-0.8361447560111438
C106057,3,High-Value Loyalists,5.838012158000874,0.5157974024569139
C106058,1,Mid-Value Occasional Shoppers,-0.8533094916398754,0.8610321863541509
C106059,0,Low-Engagement / Dormant,-2.763131709495649,-0.7687937750808895
C106060,1,Mid-Value Occasional Shoppers,-0.5057281123452508,-1.4597585086105431
C106061,0,Low-Engagement / Dormant,-1.6073745839756248,-1.950066920476733
C106062,1,Mid-Value Occasional Shoppers,-1.3095941412960934,-1.5056932313625666
C106063,2,Low-Engagement / Dormant,-1.4107996240935339,3.666947044218262
C106064,1,Mid-Value Occasional Shoppers,-0.6446765143434681,-0.8654606126117481
C106065,1,Mid-Value Occasional Shoppers,0.912644106585075,0.7089401917649892
C106066,2,Low-Engagement / Dormant,-0.5378857228232387,2.500411660396536
C106067,0,Low-Engagement / Dormant,-3.089390276870658,-0.3695076786828028
C106068,3,High-Value Loyalists,1.6649348411517462,-0.6553857962834302
C106069,1,Mid-Value Occasional Shoppers,-0.42752419926603236,-0.7906990670112575
C106070,1,Mid-Value Occasional Shoppers,-1.3167214829960114,-1.2879105376581292
C106071,1,Mid-Value Occasional Shoppers,0.8459648923366097,0.4054135795364049
C106072,1,Mid-Value Occasional Shoppers,0.1024188051059212,0.9938848520733954
C106073,1,Mid-Value Occasional Shoppers,-0.3580238170679784,-1.388940469021266
C106074,1,Mid-Value Occasional Shoppers,0.5902256892166506,-0.4389684129402373
C106075,1,Mid-Value Occasional Shoppers,0.2693293579229501,-0.27906159559990684
C106076,3,High-Value Loyalists,3.3422127316041563,-0.500456572929441
C106077,0,Low-Engagement / Dormant,-2.945996972324501,-1.777924271006008
C106078,2,Low-Engagement / Dormant,-0.3032896081396703,1.5119952404425197
C106079,1,Mid-Value Occasional Shoppers,-0.159492317021724,-1.0886162611438246
C106080,1,Mid-Value Occasional Shoppers,-1.4155084242750398,-1.1691733958998947
C106081,1,Mid-Value Occasional Shoppers,-0.8573324798005291,-1.235201137238626
C106082,1,Mid-Value Occasional Shoppers,-0.5770569281712664,-0.006694934959417305
C106083,1,Mid-Value Occasional Shoppers,-0.594373208383345,-0.43650856184433795
C106084,3,High-Value Loyalists,1.983229573581438,-0.4345957507310253
C106085,3,High-Value Loyalists,4.608687410852395,-0.06533047691187271
C106086,1,Mid-Value Occasional Shoppers,-1.1480076637370045,-1.7099891297900753
C106087,1,Mid-Value Occasional Shoppers,0.31877955423050164,-0.4993515854422936
C106088,1,Mid-Value Occasional Shoppers,-0.2546378802090365,-0.8910180006116477
C106089,1,Mid-Value Occasional Shoppers,0.4009203404643402,1.2718599021253445
C106090,1,Mid-Value Occasional Shoppers,-0.7773582253811737,-0.9330589250406308
C106091,1,Mid-Value Occasional Shoppers,-0.07241301328388836,-0.9744868259308908
C106093,2,Low-Engagement / Dormant,0.08849687384843256,1.3908798072464645
C106094,1,Mid-Value Occasional Shoppers,-1.1245040809026028,0.025314776069124363
C106095,1,Mid-Value Occasional Shoppers,0.6835287653612421,-0.6255393252333035
C106096,1,Mid-Value Occasional Shoppers,0.3288474024389619,-0.3495717796284665
C106097,1,Mid-Value Occasional Shoppers,1.0128856740705217,0.5878583490945115
C106098,1,Mid-Value Occasional Shoppers,0.43495566305512445,-0.43333155218286745
C106099,3,High-Value Loyalists,2.0599593327878916,0.1288613141288094
C106100,1,Mid-Value Occasional Shoppers,-0.09848411102389884,-0.5354627846653892
C106101,2,Low-Engagement / Dormant,-1.309126240276831,1.3863497361408592
C106102,1,Mid-Value Occasional Shoppers,-0.2803774202886093,1.667362941873112
C106103,1,Mid-Value Occasional Shoppers,-0.6530327748384226,-0.4829248395014474
C106104,2,Low-Engagement / Dormant,-0.1523570789663018,1.4042143955616817
C106105,1,Mid-Value Occasional Shoppers,-0.3069887532986992,-0.8169593189836779
C106106,1,Mid-Value Occasional Shoppers,0.9742458888311424,-1.1190322818207077
C106107,2,Low-Engagement / Dormant,-2.4678579852872073,3.392875146686444
C106108,1,Mid-Value Occasional Shoppers,0.06718652505507819,0.9745747701844953
C106109,1,Mid-Value Occasional Shoppers,-0.49358258304874475,-0.8938134633802769
C106110,2,Low-Engagement / Dormant,-0.8710702493704332,1.2399742652117045
C106111,1,Mid-Value Occasional Shoppers,-0.14034466394296444,-1.6146377501791775
C106112,1,Mid-Value Occasional Shoppers,0.4435146228836407,-0.06836501168480268
C106113,1,Mid-Value Occasional Shoppers,0.9676762057559293,0.1552536954731151
C106114,1,Mid-Value Occasional Shoppers,0.20792732486626722,0.26220179101760305
C106115,1,Mid-Value Occasional Shoppers,0.23658804642502673,-0.7939348645190598
C106116,1,Mid-Value Occasional Shoppers,1.091947173011897,0.9023947952274325
C106117,2,Low-Engagement / Dormant,-1.873633520523798,2.0412071914637533
C106118,2,Low-Engagement / Dormant,-1.9556725993495212,2.2373476292339576
C106119,2,Low-Engagement / Dormant,-3.1534513904624424,3.064946696441481
C106120,1,Mid-Value Occasional Shoppers,0.7779179258434273,-0.11319864753032442
C106121,1,Mid-Value Occasional Shoppers,1.606331017112027,-0.7063197798311265
C106122,1,Mid-Value Occasional Shoppers,-1.3233521011376375,-0.7930645934722065
C106123,2,Low-Engagement / Dormant,-0.40693303143963144,1.483287984104355
C106124,1,Mid-Value Occasional Shoppers,-1.3113552095641432,-1.278222694140744
C106125,1,Mid-Value Occasional Shoppers,-0.34142457637866486,-1.1612356207515453
C106126,1,Mid-Value Occasional Shoppers,-0.06355484148896139,-1.158163530824916
C106127,0,Low-Engagement / Dormant,-2.640962684683761,-1.968744373594523
C106128,2,Low-Engagement / Dormant,-1.328029811871499,0.6080905824742654
C106129,1,Mid-Value Occasional Shoppers,-1.0064212149985088,-0.8167219030753154
C106130,1,Mid-Value Occasional Shoppers,-0.8614837362802946,-1.0622084151141626
C106131,1,Mid-Value Occasional Shoppers,-0.3112359301602744,0.30865848362040116
C106132,2,Low-Engagement / Dormant,-0.8743439710725867,1.6059591696878024
C106133,1,Mid-Value Occasional Shoppers,0.2235217421816489,-0.2164959426585114
C106134,1,Mid-Value Occasional Shoppers,-0.8233668179302399,-1.467896813866982
C106136,2,Low-Engagement / Dormant,-2.6859518983010635,1.3752667012323916
C106137,1,Mid-Value Occasional Shoppers,-0.07982241209496888,0.5222290060082508
C106138,1,Mid-Value Occasional Shoppers,-0.0796085408883743,-1.0483936531280365
C106139,3,High-Value Loyalists,3.0444283950311553,0.4439423468862837
C106140,1,Mid-Value Occasional Shoppers,0.4272223464852992,1.5022663190213255
C106141,1,Mid-Value Occasional Shoppers,-0.4399279123283034,-0.5528326645189207
C106143,1,Mid-Value Occasional Shoppers,0.29079344385549816,-0.0052256330498146875
C106144,3,High-Value Loyalists,2.029240912604069,-0.08776739957488455
C106145,1,Mid-Value Occasional Shoppers,-0.024784264966108454,-0.15071083089816725
C106146,3,High-Value Loyalists,2.0882369951695057,-0.3104842260873148
C106147,2,Low-Engagement / Dormant,-1.0785021062046387,2.3917067046112246
C106148,1,Mid-Value Occasional Shoppers,0.41381749721939903,-0.8660742201423905
C106149,1,Mid-Value Occasional Shoppers,1.7404999855925483,-0.7582527547149815
C106150,3,High-Value Loyalists,4.710152065623945,0.08849443397524714
C106151,2,Low-Engagement / Dormant,-1.7580997626182029,1.9396451178856389
C106152,1,Mid-Value Occasional Shoppers,-0.7518815614122626,-1.2283384397914487
C106153,3,High-Value Loyalists,5.32453909450534,0.18901321699957233
C106154,1,Mid-Value Occasional Shoppers,-0.3311673760490831,1.006534690033925
C106155,2,Low-Engagement / Dormant,-1.9873536624767059,3.8057944534417567
C106156,1,Mid-Value Occasional Shoppers,0.6216107360956151,0.07366014173780036
C106157,3,High-Value Loyalists,4.287747730119367,-0.1898365647168414
C106158,1,Mid-Value Occasional Shoppers,0.8304343798440984,0.5692602834812192
C106159,1,Mid-Value Occasional Shoppers,-1.00987844888526,-0.5677939679621443
C106160,1,Mid-Value Occasional Shoppers,0.33737622948096424,0.073388921353505
C106161,2,Low-Engagement / Dormant,-1.7919783818972226,1.318385659457538
C106162,2,Low-Engagement / Dormant,0.5976242137398873,1.7942760304033725
C106163,1,Mid-Value Occasional Shoppers,0.07481628097221332,-0.5267775872697849
C106164,1,Mid-Value Occasional Shoppers,-0.4389951809659126,-0.9098287475141472
C106165,1,Mid-Value Occasional Shoppers,-0.1245764782990873,-1.2346592757743213
C106166,2,Low-Engagement / Dormant,-0.6786382696338278,2.190984208863806
C106167,2,Low-Engagement / Dormant,-1.2083923088390551,0.6892983790706151
C106168,1,Mid-Value Occasional Shoppers,-0.5911660255788264,-1.1881118807990496
C106169,0,Low-Engagement / Dormant,-1.7625110360828562,-1.162873138094655
C106170,1,Mid-Value Occasional Shoppers,0.650852427843305,0.9076452301717998
C106171,1,Mid-Value Occasional Shoppers,-0.5039033627746062,-0.4015269775820773
C106172,1,Mid-Value Occasional Shoppers,-0.7012693156105217,-1.3972076288137192
C106173,1,Mid-Value Occasional Shoppers,-0.267982950500578,-0.5659614861426403
C106174,3,High-Value Loyalists,2.033769279896813,-0.710177656825779
C106175,3,High-Value Loyalists,3.9624065654509795,0.8640866227203855
C106176,1,Mid-Value Occasional Shoppers,0.7711553566581045,0.8386184483604192
C106177,3,High-Value Loyalists,1.9871502896924962,1.1245195917604247
C106178,1,Mid-Value Occasional Shoppers,1.456085213757019,0.19215981920376438
C106180,1,Mid-Value Occasional Shoppers,-0.8407706191557783,-0.4168755860191194
C106181,1,Mid-Value Occasional Shoppers,-0.27391237215585756,-0.48622290241710053
C106182,2,Low-Engagement / Dormant,-2.3191909511545186,2.269574763662874
C106183,1,Mid-Value Occasional Shoppers,-1.4066195734927456,-1.8319757497932088
C106184,1,Mid-Value Occasional Shoppers,0.5466917913601891,0.4105742435080058
C106185,1,Mid-Value Occasional Shoppers,-1.212086899866095,-1.0950923292277825
C106186,2,Low-Engagement / Dormant,-0.6754315848171473,2.7766087254575513
C106187,2,Low-Engagement / Dormant,-0.8537525064456171,2.9829870394347986
C106188,2,Low-Engagement / Dormant,-1.540226119337969,2.8822351744728576
C106189,1,Mid-Value Occasional Shoppers,-0.3329253870980442,-1.2187848232056229
C106190,1,Mid-Value Occasional Shoppers,0.3251373285543966,0.11879853826950582
C106191,3,High-Value Loyalists,3.48310682470736,-0.45159935454726663
C106192,1,Mid-Value Occasional Shoppers,-0.30290818338468584,-0.5283275523294612
C106193,1,Mid-Value Occasional Shoppers,-1.5342831944892348,-0.46692180127714716
C106194,2,Low-Engagement / Dormant,-1.825746519132027,1.7716294555654208
C106195,3,High-Value Loyalists,2.0779517738798874,0.7717958999262803
C106196,1,Mid-Value Occasional Shoppers,-0.2537187212341628,-0.39158311330542167
C106197,1,Mid-Value Occasional Shoppers,-0.7009141737584244,0.6222207712161523
C106198,1,Mid-Value Occasional Shoppers,-1.5853670222328806,-0.41641861997567553
C106199,1,Mid-Value Occasional Shoppers,-1.2747769637037412,-0.6727952822435131
C106200,3,High-Value Loyalists,5.264632112657659,0.3927938615642677
C106201,1,Mid-Value Occasional Shoppers,-1.1945114941566606,-0.3562960882477199
C106202,2,Low-Engagement / Dormant,-2.1265098137010976,2.4872323575571995
C106203,1,Mid-Value Occasional Shoppers,-0.8009569431258138,-0.2158613334537097
C106204,1,Mid-Value Occasional Shoppers,0.8078699583273404,0.08079267741563988
C106205,1,Mid-Value Occasional Shoppers,-0.26372482356506777,0.011181303132221158
C106206,1,Mid-Value Occasional Shoppers,1.330340076500261,-0.35704090632369956
C106207,3,High-Value Loyalists,2.154601839860701,-0.20087141334714398
C106208,1,Mid-Value Occasional Shoppers,-1.158315528573113,-0.8855265139448303
C106210,1,Mid-Value Occasional Shoppers,-1.2259861865674517,-1.1466760726795615
C106211,1,Mid-Value Occasional Shoppers,0.54157911147798,-0.3141486890083941
C106212,1,Mid-Value Occasional Shoppers,-0.524790427504245,0.40149509204630285
C106213,1,Mid-Value Occasional Shoppers,-0.8756956347661934,0.8395767257909611
C106214,1,Mid-Value Occasional Shoppers,-0.44093917999556753,-1.1820966343922883
C106215,1,Mid-Value Occasional Shoppers,1.32223389023255,-0.6710909571312982
C106216,1,Mid-Value Occasional Shoppers,-0.7927341442980509,0.48188410604530585
C106217,1,Mid-Value Occasional Shoppers,-0.161621367765998,0.6387930011355029
C106218,3,High-Value Loyalists,3.086769601651736,-0.20789108283010402
C106219,1,Mid-Value Occasional Shoppers,0.7712577656247024,-0.7210824925900142
C106220,1,Mid-Value Occasional Shoppers,-0.39144157249777695,-1.2027098689362925
C106221,1,Mid-Value Occasional Shoppers,-0.5662004756914001,0.874952006118199
C106222,1,Mid-Value Occasional Shoppers,-0.9634191939026755,-1.342946766269309
C106223,1,Mid-Value Occasional Shoppers,-0.02515075436527283,-1.4137309369837312
C106224,1,Mid-Value Occasional Shoppers,-0.8389606926698256,-0.20909802224544619
C106225,1,Mid-Value Occasional Shoppers,-1.1316210859051026,-1.5850986360583217
C106226,1,Mid-Value Occasional Shoppers,0.3218736637706899,0.2977347820161464
C106227,0,Low-Engagement / Dormant,-2.6357860310900367,-2.019589737938321
C106228,2,Low-Engagement / Dormant,-1.7882961603812824,1.5418090114641203
C106229,3,High-Value Loyalists,2.749906897289021,-0.8563906387554219
C106230,2,Low-Engagement / Dormant,-3.0675189408066235,2.2209136483344336
C106231,1,Mid-Value Occasional Shoppers,-0.4422815102848591,0.3306591181614856
C106232,1,Mid-Value Occasional Shoppers,1.7287271076580282,-0.08476446872717905
C106233,1,Mid-Value Occasional Shoppers,-1.0363443742971303,-0.43685050232250683
C106234,2,Low-Engagement / Dormant,-0.34327654697896665,1.729554940495691
C106235,1,Mid-Value Occasional Shoppers,-0.24876130204236918,-1.044036660383195
C106236,1,Mid-Value Occasional Shoppers,-1.037651514399106,-1.3349445264957889
C106237,1,Mid-Value Occasional Shoppers,0.22460548293320212,-0.4767930687359429
C106238,1,Mid-Value Occasional Shoppers,-0.44853089503886995,-0.39641439767923853
C106239,3,High-Value Loyalists,2.1235283074473106,-0.964668374559996
C106240,3,High-Value Loyalists,4.4905675713409865,0.13613410910206467
C106241,1,Mid-Value Occasional Shoppers,-1.9638869692889007,-0.31629412652938127
C106242,3,High-Value Loyalists,4.137394081344208,0.12815639025687808
C106243,1,Mid-Value Occasional Shoppers,-0.8785166758537333,-1.1700958150313707
C106244,1,Mid-Value Occasional Shoppers,0.24488105812342345,0.1321769523367086
C106245,1,Mid-Value Occasional Shoppers,-0.47029363992905554,-1.0002369493759478
C106246,1,Mid-Value Occasional Shoppers,-1.0301346568172507,-1.13897814207877
C106247,2,Low-Engagement / Dormant,-0.6416452332425487,2.2818616716649114
C106248,1,Mid-Value Occasional Shoppers,-0.6714595962291268,-0.5719803322062319
C106249,2,Low-Engagement / Dormant,-1.3271976008544715,2.091810246383735
C106250,3,High-Value Loyalists,2.2671650197624778,0.013514135082401487
C106251,1,Mid-Value Occasional Shoppers,-0.3370104752227685,-0.44669574686008884
C106253,1,Mid-Value Occasional Shoppers,0.998410129851851,1.1377234285069993
C106255,1,Mid-Value Occasional Shoppers,-1.471927634786994,-0.7992817577569314
C106256,0,Low-Engagement / Dormant,-3.1975823369794902,0.6931604361025762
C106257,1,Mid-Value Occasional Shoppers,-1.0123744566998338,-0.6069390892983775
C106258,1,Mid-Value Occasional Shoppers,0.12326943523501745,0.42509315995041463
C106259,1,Mid-Value Occasional Shoppers,-0.24171085702459358,0.7189596139901092
C106260,1,Mid-Value Occasional Shoppers,-0.9511003643460579,-0.34392408617393067
C106261,1,Mid-Value Occasional Shoppers,-0.702645673907377,-1.142530119764154
C106262,3,High-Value Loyalists,4.616599800013199,0.09323045714105423
C106263,1,Mid-Value Occasional Shoppers,-0.49929617123020087,0.22204410655070989
C106264,1,Mid-Value Occasional Shoppers,-0.014214336494920364,-0.9298087268336793
C106265,1,Mid-Value Occasional Shoppers,-1.6803559195898907,-0.6210819391556074
C106266,3,High-Value Loyalists,3.4475275658453883,-0.036076229552109144
C106267,3,High-Value Loyalists,2.2278160875721604,-0.09590069396602909
C106268,3,High-Value Loyalists,3.0668813402635413,-0.4578719415940077
C106269,0,Low-Engagement / Dormant,-2.9811982167618245,-1.4321757934681814
C106270,0,Low-Engagement / Dormant,-2.017310788342618,-1.4038755487022745
C106271,3,High-Value Loyalists,3.529121365887291,-0.43091209019286303
C106273,1,Mid-Value Occasional Shoppers,-1.2867266611359924,0.19170146923843312
C106274,2,Low-Engagement / Dormant,-1.317640078769978,2.18788368204591
C106275,2,Low-Engagement / Dormant,0.005822230615704243,1.4979840291586433
C106276,1,Mid-Value Occasional Shoppers,-0.2586743846456845,-0.7370865944559483
C106277,1,Mid-Value Occasional Shoppers,-0.7156678717394283,-0.6579130719404691
C106279,1,Mid-Value Occasional Shoppers,-0.3390134358068008,-1.252286962105149
C106280,1,Mid-Value Occasional Shoppers,0.4419161272384023,0.6100314049170019
C106281,1,Mid-Value Occasional Shoppers,-0.4491511288024116,-0.7003394908637143
C106282,0,Low-Engagement / Dormant,-2.7615787134175314,-0.784047384384029
C106283,1,Mid-Value Occasional Shoppers,0.6660064908241411,-0.3728190698093685
C106284,2,Low-Engagement / Dormant,-1.1708692215676353,1.1174674688768307
C106285,1,Mid-Value Occasional Shoppers,-0.6477240535646851,-0.9697885710243479
C106286,1,Mid-Value Occasional Shoppers,-0.1170866498062705,-0.7530617546551777
C106287,1,Mid-Value Occasional Shoppers,-0.11783360930415926,-0.9185803711390355
C106288,1,Mid-Value Occasional Shoppers,-0.5130524975602953,-0.291714470330732
C106289,3,High-Value Loyalists,2.6910296039408172,-0.11742472144399155
C106290,1,Mid-Value Occasional Shoppers,-1.3831543470981875,0.21773888451258286
C106292,1,Mid-Value Occasional Shoppers,-0.9251291910560372,0.30826689783818834
C106293,1,Mid-Value Occasional Shoppers,-0.7708213360799859,-1.2224306683974948
C106294,3,High-Value Loyalists,2.207531240494619,0.75082828677283
C106296,3,High-Value Loyalists,2.290787848747465,0.19669542467353446
C106298,1,Mid-Value Occasional Shoppers,0.8265190571994719,-0.3113909666006151
C106299,0,Low-Engagement / Dormant,-2.6445863421993674,-1.933152618553864
C106300,1,Mid-Value Occasional Shoppers,-0.6983159397283489,-1.4613449059509773
C106301,1,Mid-Value Occasional Shoppers,-0.6400648666182189,-1.501912667423428
C106302,1,Mid-Value Occasional Shoppers,-0.617980201504654,-1.2935907997928542
C106303,1,Mid-Value Occasional Shoppers,-1.498168269224437,0.3836983995041547
C106304,1,Mid-Value Occasional Shoppers,-1.1633362556790283,-1.0366697860166483
C106305,1,Mid-Value Occasional Shoppers,0.6354451855442345,0.41613681734390273
C106306,1,Mid-Value Occasional Shoppers,0.11002926698054834,1.2359624537779799
C106307,1,Mid-Value Occasional Shoppers,-1.0674424927445176,0.3800324852647312
C106308,1,Mid-Value Occasional Shoppers,0.22315775862168308,-1.1333848200302472
C106309,0,Low-Engagement / Dormant,-2.746566417995732,-0.9314989409810434
C106310,1,Mid-Value Occasional Shoppers,1.2773520662226756,-0.3788043938634594
C106311,1,Mid-Value Occasional Shoppers,-1.118496356586651,0.23969270340188664
C106312,3,High-Value Loyalists,2.344696965301117,-0.7276252011259632
C106313,1,Mid-Value Occasional Shoppers,-0.34586109912408514,-1.1613155299723164
C106314,1,Mid-Value Occasional Shoppers,-1.0323667830873402,-0.9521658632748419
C106315,3,High-Value Loyalists,5.1260498052517,0.28143371314259846
C106316,3,High-Value Loyalists,2.046715599472729,-0.9144112864005631
C106317,1,Mid-Value Occasional Shoppers,1.1321638614725964,-0.2798776131733744
C106318,1,Mid-Value Occasional Shoppers,-0.5747392360345416,-0.7739486580819042
C106319,2,Low-Engagement / Dormant,-2.404763089649591,1.306262489312113
C106321,1,Mid-Value Occasional Shoppers,1.3509307685440608,-0.2152954131722691
C106322,1,Mid-Value Occasional Shoppers,-0.42453554095915796,-0.37588264834697743
C106323,1,Mid-Value Occasional Shoppers,1.049515044127423,0.5720059710721818
C106324,1,Mid-Value Occasional Shoppers,-0.8630854063450637,-1.3761638574139807
C106325,3,High-Value Loyalists,2.9853180592990336,0.31920099895078813
C106326,1,Mid-Value Occasional Shoppers,-0.19264335252806122,0.5479271408185431
C106327,1,Mid-Value Occasional Shoppers,-1.3536202633098124,-0.08942945703159465
C106329,1,Mid-Value Occasional Shoppers,-0.3047622877599486,-0.2865365651167683
C106330,1,Mid-Value Occasional Shoppers,-0.2368622161380416,-0.1573154063463387
C106331,1,Mid-Value Occasional Shoppers,0.8374073067054644,0.7208902322297186
C106333,1,Mid-Value Occasional Shoppers,0.5358545015648959,0.824845611304213
C106334,1,Mid-Value Occasional Shoppers,1.3913459117173168,0.9334499483568612
C106335,1,Mid-Value Occasional Shoppers,-0.6015280692903389,0.2778810401110043
C106336,2,Low-Engagement / Dormant,-1.5764892442612393,4.179023626802481
C106337,1,Mid-Value Occasional Shoppers,0.17360915186283318,0.9333179547710189
C106338,0,Low-Engagement / Dormant,-2.1961018091193614,-0.05772362979495533
C106339,0,Low-Engagement / Dormant,-3.0805899657613267,-0.4559447980672595
C106340,3,High-Value Loyalists,4.308279078395768,0.06191478473841967
C106341,1,Mid-Value Occasional Shoppers,0.4613865437035293,-1.3855157667101168
C106342,1,Mid-Value Occasional Shoppers,1.2296319002771545,-0.7688527488463349
C106343,1,Mid-Value Occasional Shoppers,0.8341077368968517,0.4265823605438046
C106344,1,Mid-Value Occasional Shoppers,0.41690252850781806,-0.7973738075953871
C106345,1,Mid-Value Occasional Shoppers,-1.3268454030136811,-0.5084959212483304
C106346,1,Mid-Value Occasional Shoppers,-1.1781418261610623,-1.4261679194293169
C106347,2,Low-Engagement / Dormant,-1.8890335400802225,2.186885016024889
C106348,3,High-Value Loyalists,4.123033226888826,0.0136571134726893
C106349,2,Low-Engagement / Dormant,-1.514904082779077,1.6524939476695057
C106350,3,High-Value Loyalists,2.048100200756207,0.0167586545744822
C106351,1,Mid-Value Occasional Shoppers,-1.745659487257091,-1.100993168978681
C106352,1,Mid-Value Occasional Shoppers,-0.6929140698248001,-1.24344102617447
C106353,1,Mid-Value Occasional Shoppers,0.32729947957657185,-0.6560933631129907
C106354,3,High-Value Loyalists,2.6338854479278933,-0.6783201018594615
C106355,0,Low-Engagement / Dormant,-2.666328287293009,-1.7196020883099126
C106356,1,Mid-Value Occasional Shoppers,-1.0052111747369938,0.10357650237634432
C106357,2,Low-Engagement / Dormant,-0.7959587648870157,1.4410193895634074
C106358,2,Low-Engagement / Dormant,-3.1648400283686358,3.1768064979978363
C106359,1,Mid-Value Occasional Shoppers,0.5331961632626647,0.32578575944634103
C106360,1,Mid-Value Occasional Shoppers,-0.5625229462327536,-0.9318785116663956
C106361,1,Mid-Value Occasional Shoppers,-0.17455978540544534,-0.12049071240939647
C106362,1,Mid-Value Occasional Shoppers,0.9423010579397496,-0.31834709379772536
C106363,1,Mid-Value Occasional Shoppers,-1.1273528900736933,0.48721072992538345
C106366,2,Low-Engagement / Dormant,-2.788422697804492,3.33165288252724
C106367,2,Low-Engagement / Dormant,-2.116685122464841,2.7466652314806566
C106368,2,Low-Engagement / Dormant,-1.2602932021937103,1.7187013454944602
C106369,1,Mid-Value Occasional Shoppers,-0.3329076043405969,-1.3319193542999748
C106370,1,Mid-Value Occasional Shoppers,1.4561461521853802,-0.2569349360995254
C106371,1,Mid-Value Occasional Shoppers,-0.7453025188931227,-1.2021263967835836
C106372,0,Low-Engagement / Dormant,-2.82576921797971,-0.15356486652093362
C106373,1,Mid-Value Occasional Shoppers,-0.2001158958819622,-0.5858474627449645
C106374,2,Low-Engagement / Dormant,-1.2583882597877676,1.9379828901293092
C106375,1,Mid-Value Occasional Shoppers,-0.6234048646307143,0.544144186667139
C106376,2,Low-Engagement / Dormant,-1.818598544938615,2.97652335336714
C106377,1,Mid-Value Occasional Shoppers,-0.6041640938750259,0.42513082851311207
C106378,2,Low-Engagement / Dormant,-0.8519319603361392,1.3820087705048327
C106379,2,Low-Engagement / Dormant,-1.4749671780997402,0.9290466550047772
C106380,1,Mid-Value Occasional Shoppers,0.15718824419884697,0.9383541825351376
C106381,0,Low-Engagement / Dormant,-1.8779509787035134,-1.7512851723445517
C106382,0,Low-Engagement / Dormant,-2.631127042855685,-2.0653505658477394
C106383,1,Mid-Value Occasional Shoppers,-0.46242395394739355,0.31916405645631757
C106384,1,Mid-Value Occasional Shoppers,0.9662585170077636,-0.5013828226509338
C106385,0,Low-Engagement / Dormant,-2.639927353965016,-1.9789134464632825
C106386,1,Mid-Value Occasional Shoppers,-0.07247844908050517,0.08418377669255765
C106387,1,Mid-Value Occasional Shoppers,-0.23482806310650162,-0.8773412325371414
C106388,3,High-Value Loyalists,2.911105945035521,-0.19123748671745483
C106389,1,Mid-Value Occasional Shoppers,0.44438582919689096,-0.7278842882569003
C106390,1,Mid-Value Occasional Shoppers,-0.4550493959043329,-0.35512438506856
C106391,0,Low-Engagement / Dormant,-2.7828029931518,-0.5755813905744572
C106392,1,Mid-Value Occasional Shoppers,-0.028295028171799144,-0.7159867015291713
C106393,1,Mid-Value Occasional Shoppers,-0.5932020058566818,0.45453101320938927
C106394,2,Low-Engagement / Dormant,0.1284279359740023,2.1049426765356847
C106395,0,Low-Engagement / Dormant,-2.653904318668071,-1.841630962735028
C106396,1,Mid-Value Occasional Shoppers,-1.4912631497158118,-1.2487764296925605
C106397,2,Low-Engagement / Dormant,-2.2869479523962792,3.8161804839282585
C106398,1,Mid-Value Occasional Shoppers,0.16766559243054344,0.7747927245605262
C106400,1,Mid-Value Occasional Shoppers,0.8234135490670521,-0.20274126429518008
C106401,0,Low-Engagement / Dormant,-2.7155064964333873,-1.2365711270438315
C106402,1,Mid-Value Occasional Shoppers,0.4546592222843394,-1.4208999261859028
C106403,1,Mid-Value Occasional Shoppers,-0.6031004173241535,-1.2649779641703807
C106404,1,Mid-Value Occasional Shoppers,-0.07367941098273245,1.17455192222169
C106405,1,Mid-Value Occasional Shoppers,-0.09121964054321088,-0.12992027276874132
C106406,1,Mid-Value Occasional Shoppers,-0.4117785399895374,1.4899684215615054
C106407,1,Mid-Value Occasional Shoppers,-0.73250825091863,-1.3308974252774448
C106408,1,Mid-Value Occasional Shoppers,0.31329818628296296,0.4153936377641607
C106409,1,Mid-Value Occasional Shoppers,-0.8034838749623318,0.7473110449282291
C106410,2,Low-Engagement / Dormant,-0.49928962134314137,2.2087985481896055
C106411,1,Mid-Value Occasional Shoppers,-1.336576286341566,0.03825886800416324
C106413,2,Low-Engagement / Dormant,-1.4478039418710313,2.459547018218385
C106414,1,Mid-Value Occasional Shoppers,1.293505244355479,0.27603259704157596
C106415,2,Low-Engagement / Dormant,-1.831861997953174,2.1696517689870456
C106416,1,Mid-Value Occasional Shoppers,-1.2559488668422658,-1.431686513251564
C106417,1,Mid-Value Occasional Shoppers,0.33114617773574073,-0.2723834258858613
C106418,3,High-Value Loyalists,3.499889621176824,0.02089634702950083
C106419,3,High-Value Loyalists,2.1533228757183798,-0.20042201792624484
C106420,1,Mid-Value Occasional Shoppers,-0.8310149001190525,0.30474261816355985
C106421,3,High-Value Loyalists,2.8664387125865516,-0.32286756676943024
C106422,1,Mid-Value Occasional Shoppers,0.4934547363602377,1.0234892340342563
C106423,1,Mid-Value Occasional Shoppers,-0.04241995639924292,-1.1644172111611912
C106424,3,High-Value Loyalists,2.6169699752199183,-0.1727825536678468
C106425,3,High-Value Loyalists,2.746760817230213,-0.15939109377349084
C106426,1,Mid-Value Occasional Shoppers,-0.21940813281563876,-0.7710040576635935
C106427,1,Mid-Value Occasional Shoppers,-0.03694565742397481,-1.147430760472156
C106428,2,Low-Engagement / Dormant,-1.484820129230833,2.85164901500171
C106429,3,High-Value Loyalists,4.5936704159686865,0.6204274380431704
C106430,1,Mid-Value Occasional Shoppers,0.808157770454336,0.964787045919321
C106431,1,Mid-Value Occasional Shoppers,-0.6560508689573271,-1.137233613996379
C106432,1,Mid-Value Occasional Shoppers,-1.2129033593800906,-0.8243825371275753
C106433,1,Mid-Value Occasional Shoppers,-0.4692046103164885,-1.292662437198803
C106434,1,Mid-Value Occasional Shoppers,-0.2157790878859055,-0.6351401844019642
C106435,2,Low-Engagement / Dormant,-1.6979370950611772,0.7395773470447911
C106436,1,Mid-Value Occasional Shoppers,-0.6939440787367175,0.8412386650030559
C106437,1,Mid-Value Occasional Shoppers,-0.6831106422920739,-0.6528217417895854
C106438,1,Mid-Value Occasional Shoppers,-0.3467179694713005,-0.12009546593349588
C106439,0,Low-Engagement / Dormant,-2.6471746689962297,-1.9077299363819653
C106440,1,Mid-Value Occasional Shoppers,-0.6788615500974128,-1.8962558408635228
C106441,1,Mid-Value Occasional Shoppers,-0.7563363572719748,-1.3315715161433803
C106443,2,Low-Engagement / Dormant,-1.4477570382929241,1.1481128355117374
C106444,2,Low-Engagement / Dormant,-2.436813223342061,3.1972532389278383
C106445,2,Low-Engagement / Dormant,-1.3252536251609315,0.580179804838459
C106446,1,Mid-Value Occasional Shoppers,0.7694934700809708,-1.345740913664629
C106447,1,Mid-Value Occasional Shoppers,0.15316273063930408,-1.2541502896052954
C106448,1,Mid-Value Occasional Shoppers,0.19655993461603766,0.34996047631573424
C106449,1,Mid-Value Occasional Shoppers,0.6951555335459131,0.3550892473838772
C106450,1,Mid-Value Occasional Shoppers,-0.36641474555813713,-0.040061670133006884
C106451,1,Mid-Value Occasional Shoppers,-0.06987270022636478,-0.46826744594708974
C106452,3,High-Value Loyalists,2.7036641855229955,0.7224556063570993
C106453,3,High-Value Loyalists,3.000673480498816,-0.069815551733467
C106454,1,Mid-Value Occasional Shoppers,0.6043340694159446,0.17706084414177278
C106455,1,Mid-Value Occasional Shoppers,-0.4331288726935783,-1.0475223416577686
C106456,1,Mid-Value Occasional Shoppers,0.1479400529195036,0.29127887331061614
C106457,2,Low-Engagement / Dormant,-2.2715587925476957,3.851573551210135
C106458,3,High-Value Loyalists,2.102837827682289,-0.10488056008246184
C106459,1,Mid-Value Occasional Shoppers,-0.04192237634712584,0.37118265440462966
C106460,1,Mid-Value Occasional Shoppers,-0.5516277532444694,0.2019885477858775
C106462,1,Mid-Value Occasional Shoppers,-0.28604187654380925,-0.5037214504069419
C106463,1,Mid-Value Occasional Shoppers,-1.2371295536479427,-1.5081099116180468
C106464,1,Mid-Value Occasional Shoppers,-1.4107217483494936,-0.720444359326537
C106465,1,Mid-Value Occasional Shoppers,-1.4338775397606351,-0.4224971064146229
C106466,1,Mid-Value Occasional Shoppers,0.7627049851257186,0.11821523457843384
C106467,0,Low-Engagement / Dormant,-2.6228443971057267,-2.146703148797816
C106468,1,Mid-Value Occasional Shoppers,0.5868453292270738,0.40614210008088775
C106469,1,Mid-Value Occasional Shoppers,-0.3645061498083923,-0.035296896281017356
C106470,0,Low-Engagement / Dormant,-1.4399643940031173,-1.2367022048805534
C106471,3,High-Value Loyalists,4.62204049344258,-0.03614283009285191
C106472,2,Low-Engagement / Dormant,-2.044197527524849,3.3125503280491424
C106473,1,Mid-Value Occasional Shoppers,0.12966560794192394,0.9562150503135842
C106474,3,High-Value Loyalists,5.8362138996835835,0.7188116840861151
C106475,2,Low-Engagement / Dormant,-1.3702198755712973,0.8159429056692161
C106477,2,Low-Engagement / Dormant,-0.9489403326958322,1.596897328949818
C106478,0,Low-Engagement / Dormant,-2.9629505382133976,1.1938372885897142
C106479,0,Low-Engagement / Dormant,-2.633197704293175,-2.04501242011022
C106480,1,Mid-Value Occasional Shoppers,-0.24697859484645157,-1.3964376640028693
C106481,2,Low-Engagement / Dormant,-3.2533608048213174,4.046262228276783
C106482,0,Low-Engagement / Dormant,-2.9230903055417223,0.8023279831424696
C106483,3,High-Value Loyalists,5.298779290460574,0.2834900857089313
C106484,1,Mid-Value Occasional Shoppers,-0.5295043373496656,-0.20325329936958736
C106485,1,Mid-Value Occasional Shoppers,-0.5632465828985318,0.8527536032004174
C106486,1,Mid-Value Occasional Shoppers,0.27120224352483374,-0.029274156690124575
C106487,2,Low-Engagement / Dormant,-1.0723034120816393,2.6827555597135477
C106488,2,Low-Engagement / Dormant,-3.0887432205408922,2.4293796421440055
C106489,1,Mid-Value Occasional Shoppers,1.3336908552121007,0.6888519483128515
C106490,3,High-Value Loyalists,1.897085877029384,-0.32969411464729415
C106491,1,Mid-Value Occasional Shoppers,-0.8831468331645427,-0.636968222387458
C106492,1,Mid-Value Occasional Shoppers,-0.8054904530428608,0.6440974975483926
C106493,1,Mid-Value Occasional Shoppers,0.2574309001968798,-0.2849177941337267
C106494,1,Mid-Value Occasional Shoppers,0.5858963176971235,-0.5449519780825511
C106495,1,Mid-Value Occasional Shoppers,-1.2408536365937597,-0.4750732861508316
C106496,2,Low-Engagement / Dormant,-1.5595807541565827,3.7316827415211615
C106497,1,Mid-Value Occasional Shoppers,-1.4067958391262096,-1.0869876279692163
C106498,1,Mid-Value Occasional Shoppers,-1.0204650848289012,-1.496795799021047
C106499,1,Mid-Value Occasional Shoppers,-1.2193846560026675,-0.26362291187255416
C106500,1,Mid-Value Occasional Shoppers,-1.3297389104758282,0.042728183095305315
C106501,1,Mid-Value Occasional Shoppers,-1.62078824655935,-0.09627228865350022
C106502,1,Mid-Value Occasional Shoppers,-0.11423405967482395,-0.3265786583633214
C106503,1,Mid-Value Occasional Shoppers,-0.8160873382865195,0.16749860871556227
C106504,1,Mid-Value Occasional Shoppers,-0.2711460559793252,0.24582674656984657
C106505,3,High-Value Loyalists,1.8055726433295216,0.34424020931395505
C106506,1,Mid-Value Occasional Shoppers,-1.8892410035770841,-1.040717445501827
C106507,1,Mid-Value Occasional Shoppers,0.3791000069452006,-0.05252096241308689
C106508,1,Mid-Value Occasional Shoppers,-0.7509333335454697,0.2589884027157223
C106510,1,Mid-Value Occasional Shoppers,1.0786531099429126,-0.3796922723827529
C106511,1,Mid-Value Occasional Shoppers,-1.0305626968861772,0.22841191536639324
C106512,2,Low-Engagement / Dormant,-2.639958907504215,2.6551867083011045
C106513,2,Low-Engagement / Dormant,-1.159444653969363,0.8402697620202209
C106514,1,Mid-Value Occasional Shoppers,-0.7585023933801724,-1.1434976352513928
C106515,1,Mid-Value Occasional Shoppers,1.5839182987647376,-0.5537038115827783
C106516,1,Mid-Value Occasional Shoppers,0.6853556287195274,0.42791033633659936
C106517,1,Mid-Value Occasional Shoppers,-1.5526944772915194,-1.0078005132876582
C106518,1,Mid-Value Occasional Shoppers,0.5417809744822173,-0.10856317461417392
C106519,1,Mid-Value Occasional Shoppers,0.7091952051423909,-0.6844843999946306
C106520,2,Low-Engagement / Dormant,-1.5017927370484738,2.519571523934326
C106521,1,Mid-Value Occasional Shoppers,-0.87410428463954,0.011019652673214942
C106522,1,Mid-Value Occasional Shoppers,-0.8845122585720467,-0.7587449623690791
C106523,1,Mid-Value Occasional Shoppers,-1.1129183522532788,-1.5784949728224047
C106524,1,Mid-Value Occasional Shoppers,-0.2019140966151968,0.6530072040934933
C106525,1,Mid-Value Occasional Shoppers,-0.9177755171009907,-0.21302263201483423
C106526,0,Low-Engagement / Dormant,-2.2970159955598706,-1.6776234457339156
C106527,1,Mid-Value Occasional Shoppers,-0.5225744435409607,-0.2993231597850207
C106528,3,High-Value Loyalists,1.7076956086469781,0.47346308305337614
C106529,1,Mid-Value Occasional Shoppers,0.7901575145517513,0.47305424522340284
C106530,3,High-Value Loyalists,4.108893892929792,0.41679672894758657
C106531,3,High-Value Loyalists,3.766541384598927,0.2741844026967883
C106532,1,Mid-Value Occasional Shoppers,-0.5548428921764329,-0.7782138688314514
C106534,1,Mid-Value Occasional Shoppers,1.4791980341062168,-0.5684394466383372
C106535,1,Mid-Value Occasional Shoppers,0.7122106850257344,-0.8460473268678286
C106536,1,Mid-Value Occasional Shoppers,-0.2451805384375524,-1.2427353027550507
C106537,2,Low-Engagement / Dormant,-1.7823070925539946,1.3153365473098035
C106538,1,Mid-Value Occasional Shoppers,-0.7218164761777893,-0.4649058325528017
C106539,1,Mid-Value Occasional Shoppers,-0.4676829982159945,-0.015154839656980373
C106540,3,High-Value Loyalists,2.0806101424242005,-0.26658874310435005
C106541,1,Mid-Value Occasional Shoppers,0.7771053763353933,0.8308046772618793
C106542,1,Mid-Value Occasional Shoppers,0.5587837471221608,-0.10718787784810377
C106543,1,Mid-Value Occasional Shoppers,-1.387783324928217,-1.3574747829825557
C106544,3,High-Value Loyalists,4.403839077750589,0.35982973338506546
C106545,1,Mid-Value Occasional Shoppers,0.13469155946695405,0.71936515007403
C106546,1,Mid-Value Occasional Shoppers,0.32771117244620745,0.4685116378535075
C106547,1,Mid-Value Occasional Shoppers,-0.04935846041211098,-1.2343000242692224
C106548,1,Mid-Value Occasional Shoppers,0.09040088439967858,-0.13631522746390803
C106549,3,High-Value Loyalists,2.963246243685482,-0.562790408727996
C106550,0,Low-Engagement / Dormant,-2.1439181741216875,0.1130814440260278
C106551,2,Low-Engagement / Dormant,-1.3341847441412091,0.9656639411625084
C106552,1,Mid-Value Occasional Shoppers,-0.7403671859177733,-1.2033011682384576
C106553,2,Low-Engagement / Dormant,-0.6694504984451247,2.0587552795209785
C106554,3,High-Value Loyalists,3.7322697554188538,0.5760355493082938
C106555,1,Mid-Value Occasional Shoppers,0.1406209100069441,-0.9829735909987279
C106556,1,Mid-Value Occasional Shoppers,0.9854681829193425,-1.1284911126961976
C106557,2,Low-Engagement / Dormant,-2.447607189870674,3.048950018754599
C106558,1,Mid-Value Occasional Shoppers,-0.13020741300082772,-0.2672286958509272
C106559,2,Low-Engagement / Dormant,-1.9526392233869074,4.181022199013778
C106560,0,Low-Engagement / Dormant,-2.809203926479793,-0.3162700324210873
C106561,1,Mid-Value Occasional Shoppers,-0.7151435507175141,-0.8495136711834571
C106562,3,High-Value Loyalists,3.8742183505822188,0.11304365861590249
C106563,2,Low-Engagement / Dormant,-1.6876903456020942,1.2693605713987177
C106564,1,Mid-Value Occasional Shoppers,1.0553566451607201,0.22062676735544895
C106565,3,High-Value Loyalists,3.0783491670423424,-0.43741120394307664
C106566,3,High-Value Loyalists,1.9473577879527406,0.18917545408420977
C106567,1,Mid-Value Occasional Shoppers,-0.33031796736054014,0.32954226190461955
C106568,3,High-Value Loyalists,1.8886437594401677,-0.570442140167735
C106569,1,Mid-Value Occasional Shoppers,-1.6033588398750194,-1.2136133910944409
C106570,1,Mid-Value Occasional Shoppers,-0.3038517970959857,-1.0084684584740422
C106571,3,High-Value Loyalists,3.0774759770213223,-0.004913006148075963
C106572,0,Low-Engagement / Dormant,-2.628538716058823,-2.090773248019638
C106573,3,High-Value Loyalists,4.428468168435785,0.25490603376486054
C106574,1,Mid-Value Occasional Shoppers,-1.312877889298683,-1.7377803279787079
C106575,1,Mid-Value Occasional Shoppers,0.4820726531109539,-0.14304198511322735
C106576,1,Mid-Value Occasional Shoppers,-0.9025820318518133,-0.3254312704732442
C106577,1,Mid-Value Occasional Shoppers,0.6244786347469244,0.53292951139033
C106578,1,Mid-Value Occasional Shoppers,0.10776791254698997,-1.2254434783671484
C106579,1,Mid-Value Occasional Shoppers,0.31593996540178704,-0.07548271930732478
C106580,1,Mid-Value Occasional Shoppers,-1.0126388999258422,-1.6072618373658343
C106581,3,High-Value Loyalists,2.4259597009267244,0.3714699908516706
C106582,1,Mid-Value Occasional Shoppers,0.09985480333914072,2.188110606809268
C106583,2,Low-Engagement / Dormant,-2.0777291469984553,3.068760380131383
C106584,1,Mid-Value Occasional Shoppers,-0.33148361035357765,-0.874826548471159
C106585,1,Mid-Value Occasional Shoppers,0.7272427642343882,-0.32221030410464746
C106586,1,Mid-Value Occasional Shoppers,0.7310161862665193,-1.0284268324982528
C106587,1,Mid-Value Occasional Shoppers,-1.789251365068018,-1.304215909071841
C106588,1,Mid-Value Occasional Shoppers,-1.002860655542121,0.027473852497988414
C106589,3,High-Value Loyalists,5.502402689382276,0.5857395639395042
C106590,2,Low-Engagement / Dormant,-1.7370164448580105,3.921231270249613
C106591,3,High-Value Loyalists,5.599637608614105,0.17662622548676157
C106592,1,Mid-Value Occasional Shoppers,-1.417504336319256,-1.6709942663242912
C106593,1,Mid-Value Occasional Shoppers,-1.5488887853459545,-1.5883886139724999
C106594,1,Mid-Value Occasional Shoppers,1.004911479665622,-0.4961742476437988
C106595,1,Mid-Value Occasional Shoppers,-1.7927937141531012,-1.3126837433924348
C106596,1,Mid-Value Occasional Shoppers,0.3559546012298762,0.2786745690524662
C106597,1,Mid-Value Occasional Shoppers,-0.10716390134107107,-0.7534651926390357
C106598,1,Mid-Value Occasional Shoppers,0.3270320438714366,-0.34653879198434423
C106599,3,High-Value Loyalists,4.536471625525609,-0.011725374597057166
C106600,2,Low-Engagement / Dormant,-0.5684931128857528,1.432495116066297
C106601,3,High-Value Loyalists,2.3196932074856207,-0.44668066882512525
C106602,1,Mid-Value Occasional Shoppers,0.025271623493430557,0.848022253785731
C106603,2,Low-Engagement / Dormant,-1.1491636282181625,1.6784892497456079
C106604,1,Mid-Value Occasional Shoppers,0.3910466473256406,0.4999455990912056
C106605,2,Low-Engagement / Dormant,-1.8179899615588728,3.2493468643784524
C106607,2,Low-Engagement / Dormant,-1.4307482679485273,1.5674658317271737
C106608,1,Mid-Value Occasional Shoppers,0.013172936726763732,0.8000247595340735
C106609,1,Mid-Value Occasional Shoppers,-0.2106205025178067,-0.6321662328711121
C106610,1,Mid-Value Occasional Shoppers,-0.7587344118093102,-1.4412881932364767
C106611,1,Mid-Value Occasional Shoppers,1.3473300670951973,0.028893956392297793
C106612,1,Mid-Value Occasional Shoppers,-0.6021042402248563,-0.9955286870091222
C106613,1,Mid-Value Occasional Shoppers,-0.719487541692334,0.006577244817705331
C106614,1,Mid-Value Occasional Shoppers,-0.9751725295409889,-1.025259039831842
C106615,1,Mid-Value Occasional Shoppers,-0.8174602925364819,0.9957191004068496
C106616,1,Mid-Value Occasional Shoppers,1.1408079289446449,0.6093051121492121
C106617,3,High-Value Loyalists,4.328100660951015,-0.297858710105823
C106618,0,Low-Engagement / Dormant,-2.640962684683761,-1.968744373594523
C106619,1,Mid-Value Occasional Shoppers,-1.5003600425827546,-1.0507494048514476
C106620,1,Mid-Value Occasional Shoppers,-0.35787421772865446,-1.2032496458461428
C106621,1,Mid-Value Occasional Shoppers,-0.9207600542236931,-1.1967427233927987
C106622,1,Mid-Value Occasional Shoppers,-0.20281076363747974,-0.010736277122584317
C106623,3,High-Value Loyalists,2.3381715797384355,-0.1438856860890713
C106624,1,Mid-Value Occasional Shoppers,-0.8410780352670028,-1.2656061002612373
C106625,1,Mid-Value Occasional Shoppers,0.06824734955686619,-0.6249263307543087
C106626,3,High-Value Loyalists,2.328064650915611,0.028076772485494856
C106627,3,High-Value Loyalists,4.992895488422268,-0.029648793679137163
C106628,0,Low-Engagement / Dormant,-2.672022606246105,-1.6636721875317348
C106629,2,Low-Engagement / Dormant,-1.0858836327922372,3.342399207118684
C106630,2,Low-Engagement / Dormant,0.18705910710478105,1.702239903873041
C106631,1,Mid-Value Occasional Shoppers,-0.9776469325306837,-1.1352620182389719
C106632,3,High-Value Loyalists,5.8080533899146385,0.8360870466784757
C106633,1,Mid-Value Occasional Shoppers,0.2970319003513134,0.625071947013794
C106635,2,Low-Engagement / Dormant,-2.1832286540136447,1.4077364396117251
C106636,1,Mid-Value Occasional Shoppers,-0.172386686591823,-0.9421000032864939
C106637,1,Mid-Value Occasional Shoppers,0.03540085216537171,-0.11052514872491107
C106638,3,High-Value Loyalists,1.7432121384331585,0.6228832162120851
C106639,3,High-Value Loyalists,2.4390511628619795,0.12289130824920598
C106640,1,Mid-Value Occasional Shoppers,0.1577842761052627,-0.05251018822632565
C106641,2,Low-Engagement / Dormant,-3.193311623134118,3.456456001888726
C106642,1,Mid-Value Occasional Shoppers,-0.271588909630645,-0.4786990980056931
C106643,1,Mid-Value Occasional Shoppers,0.7327423310628257,-0.048238809247662204
C106644,1,Mid-Value Occasional Shoppers,0.36157366822396314,-0.27731866152104107
C106645,0,Low-Engagement / Dormant,-2.6223267317463543,-2.151787685232196
C106646,1,Mid-Value Occasional Shoppers,-1.2818527365141354,-0.26688824956792534
C106647,1,Mid-Value Occasional Shoppers,-0.8565112728163224,-0.34940453051055376
C106648,2,Low-Engagement / Dormant,-1.8429498846815644,1.8253958102463321
C106649,2,Low-Engagement / Dormant,-1.4754755731995004,1.6745315475689007
C106650,1,Mid-Value Occasional Shoppers,-0.4483390228359086,-0.9182311977825314
C106651,1,Mid-Value Occasional Shoppers,0.7449661942884576,1.2748454883739733
C106652,1,Mid-Value Occasional Shoppers,0.33311344551037375,0.1427808718737281
C106653,1,Mid-Value Occasional Shoppers,0.40537837734659143,-0.9568894948343145
C106654,1,Mid-Value Occasional Shoppers,0.12619722573910855,-0.545695044461432
C106655,2,Low-Engagement / Dormant,-0.7545888515440934,2.323709556784528
C106656,1,Mid-Value Occasional Shoppers,-0.2682838610822834,-1.004008518301905
C106657,1,Mid-Value Occasional Shoppers,-0.020804227446270987,-0.7138342219704035
C106658,2,Low-Engagement / Dormant,-1.283557680214649,2.344887821753395
C106659,1,Mid-Value Occasional Shoppers,-0.5408216154867764,-1.1966930272258292
C106661,1,Mid-Value Occasional Shoppers,-0.7938811284252889,-0.5157903542074735
C106662,1,Mid-Value Occasional Shoppers,0.11984453225765528,0.22498732057106466
C106663,2,Low-Engagement / Dormant,-1.966519649121123,1.868438153184545
C106664,1,Mid-Value Occasional Shoppers,-0.7663148667464571,-0.02583614099415418
C106665,2,Low-Engagement / Dormant,-1.9472878483132414,4.294740784299525
C106666,1,Mid-Value Occasional Shoppers,-1.127918662390069,0.6536818842966923
C106667,3,High-Value Loyalists,3.7535113563919205,0.5537307782821326
C106668,3,High-Value Loyalists,5.137828232268418,0.5834979910021868
C106669,1,Mid-Value Occasional Shoppers,1.0902339426522438,-0.105688949911638
C106670,1,Mid-Value Occasional Shoppers,0.5998686638155573,-1.2845658048083202
C106671,1,Mid-Value Occasional Shoppers,-0.4978825262430098,-1.0712774449401206
C106672,3,High-Value Loyalists,2.095669966391144,0.43292481391721005
C106673,1,Mid-Value Occasional Shoppers,0.07227532624885198,1.0980914715516379
C106674,3,High-Value Loyalists,2.9369607846372134,-0.35091570128387223
C106675,3,High-Value Loyalists,2.379916725300845,-0.7675253760189322
C106677,1,Mid-Value Occasional Shoppers,-0.8918601472493664,-0.6070465598388443
C106678,3,High-Value Loyalists,2.1075670808190745,-0.7012037955448106
C106679,1,Mid-Value Occasional Shoppers,0.3411123868669267,0.7490253220517183
C106680,1,Mid-Value Occasional Shoppers,0.6881607932837641,0.28986611864742007
C106681,2,Low-Engagement / Dormant,-0.6686042884221773,1.9136326885802597
C106682,1,Mid-Value Occasional Shoppers,-0.7482411717500161,-0.5782374458617349
C106683,2,Low-Engagement / Dormant,-0.9091831857183482,1.0245063082521226
C106684,2,Low-Engagement / Dormant,-1.33542423297378,2.0114007449602163
C106685,1,Mid-Value Occasional Shoppers,-1.2997832896317452,0.5498675158622851
C106686,1,Mid-Value Occasional Shoppers,-1.50129642673164,-0.9458784357302505
C106687,1,Mid-Value Occasional Shoppers,0.6266798613617338,-0.006406027688002457
C106688,1,Mid-Value Occasional Shoppers,-0.9019486874537657,-1.609622544467075
C106689,1,Mid-Value Occasional Shoppers,-2.039176469191643,-0.09254515172236456
C106690,0,Low-Engagement / Dormant,-1.6513391058293079,-0.9836771254328435
C106691,0,Low-Engagement / Dormant,-2.2216738080313587,-1.2290303420484177
C106692,3,High-Value Loyalists,4.890600100834388,0.2401703481547842
C106693,1,Mid-Value Occasional Shoppers,0.02818375503472218,-0.98911131186578
C106696,1,Mid-Value Occasional Shoppers,-1.3747841147435353,-0.1716956306277594
C106697,1,Mid-Value Occasional Shoppers,0.5134535950770548,-1.0807118756493916
C106698,1,Mid-Value Occasional Shoppers,-0.7881060289438683,-1.374200994218765
C106699,1,Mid-Value Occasional Shoppers,-0.9071564369751355,-1.469265056409494
C106700,0,Low-Engagement / Dormant,-2.6585633069024226,-1.7958701348256096
C106701,1,Mid-Value Occasional Shoppers,-0.8827635609011213,-1.2831718910885603
C106702,2,Low-Engagement / Dormant,-2.428557112635276,1.6256356595282218
C106703,1,Mid-Value Occasional Shoppers,-1.4461381161563052,-0.4333840823031665
C106704,3,High-Value Loyalists,3.7316664485264823,-0.24327635029500855
C106705,1,Mid-Value Occasional Shoppers,-0.5445054283876003,-0.8357423836116017
C106706,1,Mid-Value Occasional Shoppers,-1.520320088303758,-0.48899593687586257
C106707,0,Low-Engagement / Dormant,-2.6337153696525473,-2.03992788367584
C106708,1,Mid-Value Occasional Shoppers,0.20704334955003964,-0.34899090098085217
C106709,1,Mid-Value Occasional Shoppers,0.3014349872644835,-0.4816005792842205
C106710,1,Mid-Value Occasional Shoppers,1.2566847057427455,0.34402773798103486
C106711,1,Mid-Value Occasional Shoppers,-1.841172020436653,0.22146298378516824
C106712,1,Mid-Value Occasional Shoppers,-0.22804892971124777,-0.5985105339482227
C106713,1,Mid-Value Occasional Shoppers,0.5204011695318257,-0.6572185710600884
C106714,1,Mid-Value Occasional Shoppers,-0.9018072538862429,-0.8690661708183475
C106715,0,Low-Engagement / Dormant,-2.689623228464767,-1.4907979487628218
C106716,1,Mid-Value Occasional Shoppers,0.03649770393294768,0.6227789581906216
C106717,1,Mid-Value Occasional Shoppers,-0.4186063954527598,-0.4988407176915057
C106718,1,Mid-Value Occasional Shoppers,-0.9421383793233856,-0.9953738992370063
C106719,1,Mid-Value Occasional Shoppers,-0.7150009715830241,-0.9103836872081447
C106720,1,Mid-Value Occasional Shoppers,-1.0748741477114272,-0.8844514487890832
C106721,0,Low-Engagement / Dormant,-2.7243068075427184,-1.150134007659375
C106722,1,Mid-Value Occasional Shoppers,0.198025241737259,-1.1572434815087906
C106724,1,Mid-Value Occasional Shoppers,-1.0615810594996227,-0.30651778887709297
C106725,3,High-Value Loyalists,3.406205861061677,-0.1343597979552494
C106726,1,Mid-Value Occasional Shoppers,0.5142321747944273,-0.5919337340317268
C106727,1,Mid-Value Occasional Shoppers,1.4598282684104618,-1.049365848564964
C106728,1,Mid-Value Occasional Shoppers,0.27011247496174606,0.7653705003393426
C106729,1,Mid-Value Occasional Shoppers,-1.4810343577348313,-0.5659488591566142
C106730,1,Mid-Value Occasional Shoppers,-0.31445007138559394,-0.40514040944628693
C106731,0,Low-Engagement / Dormant,-2.632680038933802,-2.0500969565446
C106732,3,High-Value Loyalists,4.0374916684876165,0.2528296262805243
C106733,0,Low-Engagement / Dormant,-2.6523513225899538,-1.8568845720381673
C106734,1,Mid-Value Occasional Shoppers,-0.4309822255103208,0.6742225936156641
C106735,2,Low-Engagement / Dormant,-1.7630767247822645,0.4251703685415227
C106736,1,Mid-Value Occasional Shoppers,-0.2800025728850046,-0.8223026419567238
C106737,1,Mid-Value Occasional Shoppers,0.5870041898980991,-0.5734132837184447
C106738,1,Mid-Value Occasional Shoppers,-1.4818746820425288,-1.105011812545411
C106739,3,High-Value Loyalists,2.373249513538591,1.1120957784400864
C106740,0,Low-Engagement / Dormant,-1.7561142734157063,-0.890116832779635
C106742,3,High-Value Loyalists,2.0594017571158076,0.4165952953114594
C106743,1,Mid-Value Occasional Shoppers,0.027522713676860995,0.8102880243796498
C106744,1,Mid-Value Occasional Shoppers,0.09884864441881641,-0.37185528705942533
C106745,1,Mid-Value Occasional Shoppers,-0.0126057290286267,-0.9162229230685277
C106747,1,Mid-Value Occasional Shoppers,-0.1261396526947039,-1.0954288649328696
C106748,1,Mid-Value Occasional Shoppers,-0.9379609328704962,-1.012800493097654
C106749,1,Mid-Value Occasional Shoppers,-0.3252370899132087,-0.013830270394027648
C106750,1,Mid-Value Occasional Shoppers,-0.9074450500511034,-0.02310470786800927
C106751,1,Mid-Value Occasional Shoppers,-0.07798575575753768,0.19098741297698354
C106752,1,Mid-Value Occasional Shoppers,0.38328849072781024,0.4536527336299153
C106753,3,High-Value Loyalists,4.678146223479881,0.04786729093396022
C106754,3,High-Value Loyalists,6.125982483962609,0.7465594287225773
C106755,1,Mid-Value Occasional Shoppers,-0.9513403589683287,-1.2933834410013072
C106756,1,Mid-Value Occasional Shoppers,-0.25476650455906424,-1.1928958437005908
C106757,3,High-Value Loyalists,2.7407515697947753,-0.42924850085151367
C106758,2,Low-Engagement / Dormant,-1.6289051821273286,3.188509634001422
C106759,3,High-Value Loyalists,4.261755292492135,0.3155359772955203
C106760,2,Low-Engagement / Dormant,-1.0479607563587716,3.2491373216146284
C106761,1,Mid-Value Occasional Shoppers,-0.8586984527955653,-1.2822727115386825
C106762,2,Low-Engagement / Dormant,-1.219724750117046,2.0392735773876933
C106763,1,Mid-Value Occasional Shoppers,-0.23288351934061854,0.8085752423917381
C106764,1,Mid-Value Occasional Shoppers,-0.4009942664986158,-1.3605667768232674
C106765,1,Mid-Value Occasional Shoppers,-0.865613366899051,-1.596340317372784
C106766,1,Mid-Value Occasional Shoppers,-1.021244266781596,-1.1232473396773288
C106767,2,Low-Engagement / Dormant,-1.7402709797887665,1.1920736856369574
C106768,0,Low-Engagement / Dormant,-1.6770735831586896,-0.08836205390702044
C106769,1,Mid-Value Occasional Shoppers,-0.6078978117398395,0.7728297698296426
C106770,1,Mid-Value Occasional Shoppers,-1.1431894781752163,-0.9805499674090727
C106771,2,Low-Engagement / Dormant,-1.3836843490822162,2.919237717282676
C106772,1,Mid-Value Occasional Shoppers,-1.5393644499428518,-0.0016253903000780202
C106773,1,Mid-Value Occasional Shoppers,-0.7994644198920133,0.08551086959083169
C106774,1,Mid-Value Occasional Shoppers,-0.43861725702581,-0.9017636602943422
C106775,2,Low-Engagement / Dormant,-1.3240122797963367,0.6348299605999456
C106776,3,High-Value Loyalists,4.82215596943618,0.4367036213478665
C106777,1,Mid-Value Occasional Shoppers,-0.6285868388837447,-0.5420127324394796
C106778,0,Low-Engagement / Dormant,-2.1875879074145197,-0.08574659591555062
C106779,1,Mid-Value Occasional Shoppers,-0.39121643797554123,0.22788650136384436
C106780,3,High-Value Loyalists,3.499382564580879,0.03511372594526694
C106781,1,Mid-Value Occasional Shoppers,0.6597534866236252,0.08628500723027939
C106782,1,Mid-Value Occasional Shoppers,0.19011918485770715,-0.5381356167221127
C106783,1,Mid-Value Occasional Shoppers,-0.16394076388920603,0.4182373064873358
C106784,1,Mid-Value Occasional Shoppers,0.6829703415755503,0.23649015897829512
C106785,3,High-Value Loyalists,3.8147019445443586,-0.014827266003551465
C106786,2,Low-Engagement / Dormant,-0.28329204571536193,1.867859488356044
C106787,1,Mid-Value Occasional Shoppers,-2.1977808680491044,-1.1596194879257482
C106788,2,Low-Engagement / Dormant,-3.098578862368968,2.5259858343972215
C106789,1,Mid-Value Occasional Shoppers,0.3844477670969009,0.9476863930219628
C106790,1,Mid-Value Occasional Shoppers,0.1327303817474936,1.2997439922123777
C106792,1,Mid-Value Occasional Shoppers,0.7235264781508474,-0.20970642952582944
C106793,3,High-Value Loyalists,3.6539586742688126,-0.08160033775465961
C106794,1,Mid-Value Occasional Shoppers,-0.29706664369453417,0.2564734501433251
C106795,2,Low-Engagement / Dormant,-1.2521014357770919,1.8149033883761339
C106796,3,High-Value Loyalists,3.950919880204387,-0.2526257992197209
C106797,1,Mid-Value Occasional Shoppers,0.6208224769100947,0.3590858832476354
C106798,1,Mid-Value Occasional Shoppers,-1.7113923735586998,-0.6886707954733984
C106799,1,Mid-Value Occasional Shoppers,0.437437092405153,1.2439090332459648
C106800,2,Low-Engagement / Dormant,-1.5525498841515757,1.5040596352096254
C106801,0,Low-Engagement / Dormant,-1.9591257490319527,-0.8545272928895961
C106802,1,Mid-Value Occasional Shoppers,-1.4089413782700022,-1.5898853391446892
C106803,1,Mid-Value Occasional Shoppers,-0.03767336819139527,-0.49027940070123044
C106804,3,High-Value Loyalists,2.465018867067526,0.1730577867197428
C106805,1,Mid-Value Occasional Shoppers,0.48410957658889825,0.1572383045942905
C106806,3,High-Value Loyalists,2.1279647743245214,0.15047113113750127
C106807,1,Mid-Value Occasional Shoppers,-1.1319371003553695,-0.38607697433748883
C106808,1,Mid-Value Occasional Shoppers,0.36166764276658747,-0.09210587544119037
C106809,1,Mid-Value Occasional Shoppers,-0.24883178615925206,-0.9392002932307881
C106810,1,Mid-Value Occasional Shoppers,-1.493980203743963,-0.4856964455510333
C106811,0,Low-Engagement / Dormant,-2.6306093774963126,-2.070435102282119
C106812,1,Mid-Value Occasional Shoppers,0.11043750010213353,0.07949603429810068
C106814,1,Mid-Value Occasional Shoppers,1.4773301299334078,-0.16270318329228647
C106815,0,Low-Engagement / Dormant,-2.802991942167324,-0.3772844696336449
C106816,1,Mid-Value Occasional Shoppers,-0.21365913048553772,-0.6130607921997073
C106817,1,Mid-Value Occasional Shoppers,0.223388707937275,-0.9272508362683833
C106818,1,Mid-Value Occasional Shoppers,-0.48804617556149993,-0.7489047505658991
C106819,1,Mid-Value Occasional Shoppers,-0.8355368558306476,-1.2602806012218042
C106820,3,High-Value Loyalists,2.8223868956097187,-0.13920127099069224
C106821,1,Mid-Value Occasional Shoppers,-0.13231684376582775,-0.14390747231691559
C106822,1,Mid-Value Occasional Shoppers,-0.8859230811711774,0.6519557703709815
C106823,1,Mid-Value Occasional Shoppers,-0.7160538965825926,-0.6753460634799434
C106824,1,Mid-Value Occasional Shoppers,1.3277773177256333,-0.41512381307473933
C106825,1,Mid-Value Occasional Shoppers,0.8118611152446847,0.6883885012548873
C106826,1,Mid-Value Occasional Shoppers,0.10106201877271107,-1.2901912612247333
C106827,1,Mid-Value Occasional Shoppers,-0.4236318505651033,-1.081392584519073
C106828,3,High-Value Loyalists,2.4054023497240924,0.5063927614035331
C106830,1,Mid-Value Occasional Shoppers,0.0655032807970721,-0.8549057710235246
C106831,1,Mid-Value Occasional Shoppers,0.9917359852712595,0.5688560706446458
C106832,1,Mid-Value Occasional Shoppers,-0.020084597136156675,-0.4883634201069932
C106833,1,Mid-Value Occasional Shoppers,-1.9748282501213719,-0.8519194389934399
C106834,1,Mid-Value Occasional Shoppers,1.1557145137871547,0.062148003112317746
C106835,1,Mid-Value Occasional Shoppers,-1.4083554820588218,-1.547223452212317
C106836,3,High-Value Loyalists,2.588390985453695,-0.37028651609074725
C106837,2,Low-Engagement / Dormant,-1.1165921587648495,2.1493279640650913
C106838,3,High-Value Loyalists,2.543811161526309,-0.3736341060326245
C106839,1,Mid-Value Occasional Shoppers,0.764521660478705,-0.6736437128263316
C106840,1,Mid-Value Occasional Shoppers,-0.00281037094168922,-0.6515449260779071
C106841,0,Low-Engagement / Dormant,-2.491551533019625,-2.033647206282502
C106842,1,Mid-Value Occasional Shoppers,-0.0520782864274852,1.0360907936828248
C106844,1,Mid-Value Occasional Shoppers,0.26609097121209246,-0.5800245439916865
C106845,2,Low-Engagement / Dormant,-0.09829617004592794,1.4819491463542487
C106846,1,Mid-Value Occasional Shoppers,-0.7149416541311556,-0.9790649630296075
C106847,3,High-Value Loyalists,2.4258924034790907,-0.012661122134495778
C106848,0,Low-Engagement / Dormant,-2.8428521748389994,0.014224835813599778
C106849,1,Mid-Value Occasional Shoppers,-1.241604589636781,-0.43534036017006406
C106850,3,High-Value Loyalists,6.172079271757665,0.8406240815931464
C106851,1,Mid-Value Occasional Shoppers,0.13174608811078725,0.6091132896998579
C106852,1,Mid-Value Occasional Shoppers,0.5019834429820668,-0.6142031624468981
C106853,3,High-Value Loyalists,4.37475698106813,0.08330892105326976
C106854,2,Low-Engagement / Dormant,-0.8853574143970765,2.1517658536098767
C106855,3,High-Value Loyalists,4.594175705445581,0.6966507394678412
C106856,0,Low-Engagement / Dormant,-1.521997429825109,-1.4235296032975522
C106857,3,High-Value Loyalists,2.3332686014121586,0.39794478640239556
C106858,3,High-Value Loyalists,5.6121227036009635,0.5561699124677676
C106859,1,Mid-Value Occasional Shoppers,-1.0107012424689559,-0.7264884500251351
C106860,3,High-Value Loyalists,4.978395552455814,0.3014053497381864
C106861,1,Mid-Value Occasional Shoppers,-1.1144547999614225,-0.18712186596734248
C106862,1,Mid-Value Occasional Shoppers,-0.43558944707727687,-0.025378279392126148
C106863,1,Mid-Value Occasional Shoppers,-0.5011599636109549,-0.9902874721478868
C106864,1,Mid-Value Occasional Shoppers,0.07179512543075783,-0.32869935444116566
C106865,1,Mid-Value Occasional Shoppers,-0.9908495226651396,-1.1246953899983663
C106866,1,Mid-Value Occasional Shoppers,-0.5121451037624554,-0.7770327760912479
C106867,1,Mid-Value Occasional Shoppers,1.3078689407327937,-0.34950064081085136
C106868,1,Mid-Value Occasional Shoppers,1.1288913098790994,1.201222657743641
C106869,3,High-Value Loyalists,3.141050642218507,0.1159123738396859
C106870,2,Low-Engagement / Dormant,-1.6632654920033272,1.9271943941800584
C106871,1,Mid-Value Occasional Shoppers,-0.19111752107771027,1.1912046485686256
C106872,1,Mid-Value Occasional Shoppers,0.22659660902366224,0.2331750114581299
C106873,1,Mid-Value Occasional Shoppers,0.48874698942049405,0.5638828216634734
C106874,2,Low-Engagement / Dormant,-2.504718045803131,3.973411572064395
C106875,2,Low-Engagement / Dormant,-1.4395929758116646,1.614315149926628
C106876,1,Mid-Value Occasional Shoppers,-0.14424606268878687,-0.36365609386211145
C106877,2,Low-Engagement / Dormant,-0.7340232595934372,1.035618274667919
C106878,2,Low-Engagement / Dormant,-1.0269240457205209,0.8404820029371339
C106879,3,High-Value Loyalists,3.7485995251999196,0.5589566146326029
C106880,3,High-Value Loyalists,5.70076340250355,0.6644120934007584
C106881,1,Mid-Value Occasional Shoppers,1.1855668218644946,0.6329255996633193
C106882,1,Mid-Value Occasional Shoppers,-0.18019894105509668,0.12692565667526767
C106883,1,Mid-Value Occasional Shoppers,-0.39188311511915175,-0.5406060142691019
C106884,1,Mid-Value Occasional Shoppers,-0.7587703899352388,-0.9464818568985464
C106885,1,Mid-Value Occasional Shoppers,-0.10543230203919463,-0.8256374054111907
C106886,3,High-Value Loyalists,2.111757239822723,-0.8436347262777142
C106887,0,Low-Engagement / Dormant,-2.926843354027722,-1.9660521190780607
C106888,1,Mid-Value Occasional Shoppers,0.09971448052579651,0.8238491249075273
C106889,1,Mid-Value Occasional Shoppers,-1.2092988473307105,-1.3860592254189332
C106890,0,Low-Engagement / Dormant,-2.632680038933802,-2.0500969565446
C106891,1,Mid-Value Occasional Shoppers,0.48237523783739145,-0.8433936963664269
C106892,1,Mid-Value Occasional Shoppers,-1.2433978516878306,-1.3779126193874727
C106893,3,High-Value Loyalists,5.7646371960007095,0.359924692825854
C106894,0,Low-Engagement / Dormant,-2.6709872755273603,-1.6738412604004944
C106895,1,Mid-Value Occasional Shoppers,-0.33287596353660764,-0.45983126804627583
C106896,3,High-Value Loyalists,3.784729190329451,0.1556884230457723
C106897,2,Low-Engagement / Dormant,-2.1349252789884674,3.7223106492216376
C106898,1,Mid-Value Occasional Shoppers,-0.9097831949899335,-1.1613000865069987
C106899,3,High-Value Loyalists,3.480730941082722,-0.35438163158458263
C106900,3,High-Value Loyalists,3.556575920610308,-0.19716725626275297
C106901,1,Mid-Value Occasional Shoppers,1.022364175611316,0.037811255592145626
C106903,1,Mid-Value Occasional Shoppers,-0.20732883381438835,0.012302267845827487
C106904,1,Mid-Value Occasional Shoppers,1.2527231486972978,0.3010988596417655
C106905,1,Mid-Value Occasional Shoppers,0.5143860502893769,0.11722537102853652
C106906,2,Low-Engagement / Dormant,-0.8515979188060512,1.7113763264005162
C106907,1,Mid-Value Occasional Shoppers,-0.6981201814802894,-1.1252940051201317
C106908,1,Mid-Value Occasional Shoppers,0.03676597114659752,-1.0784399840421288
C106909,1,Mid-Value Occasional Shoppers,-0.5130494472810548,-1.000652346441755
C106910,1,Mid-Value Occasional Shoppers,-0.9578598715424942,-0.5766341208887388
C106911,1,Mid-Value Occasional Shoppers,-1.1051236948850944,0.42197059795775854
C106912,1,Mid-Value Occasional Shoppers,-0.21211603878732843,-0.35279333812200536
C106913,1,Mid-Value Occasional Shoppers,1.0073690955049583,-0.9102948698056784
C106914,2,Low-Engagement / Dormant,-0.5448993709957434,2.55484723624501
C106915,1,Mid-Value Occasional Shoppers,-1.1884117993005368,0.3918001513137983
C106916,1,Mid-Value Occasional Shoppers,-0.4966477874266521,-0.4922625316508371
C106917,2,Low-Engagement / Dormant,-1.7960904438839422,3.6521112778620983
C106918,1,Mid-Value Occasional Shoppers,0.2358663075045581,-0.567733333243622
C106919,1,Mid-Value Occasional Shoppers,-0.5838059946785177,-0.7883526998126162
C106920,1,Mid-Value Occasional Shoppers,0.4427004016483338,0.16294318262121948
C106921,1,Mid-Value Occasional Shoppers,-0.5245768168173476,-0.9600004366509186
C106922,1,Mid-Value Occasional Shoppers,0.40428043329433916,0.08165811801011724
C106923,1,Mid-Value Occasional Shoppers,1.3943433006473696,0.2763360222117979
C106924,3,High-Value Loyalists,1.9909395035561672,0.17347006005150326
C106925,1,Mid-Value Occasional Shoppers,-0.7872039158162306,0.6502581271587463
C106926,1,Mid-Value Occasional Shoppers,-0.675084776533176,-1.424616345809445
C106927,0,Low-Engagement / Dormant,-2.926843354027722,-1.9660521190780607
C106928,1,Mid-Value Occasional Shoppers,0.003274176512317074,-0.9469078277869701
C106929,1,Mid-Value Occasional Shoppers,0.14626771348401849,-0.2425504183560133
C106930,1,Mid-Value Occasional Shoppers,0.6938055399243408,-0.8378846602470864
C106931,3,High-Value Loyalists,2.386990523495592,-0.5274771821799153
C106932,3,High-Value Loyalists,2.0024622616413605,-0.47102112454734635
C106933,1,Mid-Value Occasional Shoppers,-1.1429609739501825,-0.652796830029436
C106934,1,Mid-Value Occasional Shoppers,-0.8188026988874607,-0.3100552845775526
C106935,3,High-Value Loyalists,3.1427943662397397,-0.4033480609120397
C106936,0,Low-Engagement / Dormant,-2.87960641535444,0.375226922654566
C106937,2,Low-Engagement / Dormant,-1.7439249550695632,1.388569560092759
C106938,1,Mid-Value Occasional Shoppers,0.8339313250250696,0.21940591225843217
C106939,1,Mid-Value Occasional Shoppers,0.3178240969650466,0.13494442180454128
C106940,3,High-Value Loyalists,3.631022427122714,0.5014097234624109
C106941,1,Mid-Value Occasional Shoppers,-0.8866342611454164,0.7255911140455495
C106942,1,Mid-Value Occasional Shoppers,-0.45370144693495457,-0.8915887222025304
C106943,0,Low-Engagement / Dormant,-2.7998859500110895,-0.4077916882399238
C106945,3,High-Value Loyalists,5.399334924900849,0.596635695576693
C106946,1,Mid-Value Occasional Shoppers,-0.4222053598541431,-1.140270604069942
C106947,1,Mid-Value Occasional Shoppers,-0.8766578353557855,-0.9584471103704407
C106948,1,Mid-Value Occasional Shoppers,0.8726729030201945,-0.4773532744444222
C106949,1,Mid-Value Occasional Shoppers,0.1514218957102152,0.45338413790286464
C106950,0,Low-Engagement / Dormant,-3.0183407316662447,1.7378826870683526
C106951,1,Mid-Value Occasional Shoppers,-0.3889787012714623,-0.9736008619856037
C106952,1,Mid-Value Occasional Shoppers,-0.8243928379748043,-1.2949073173957115
C106953,1,Mid-Value Occasional Shoppers,-0.8888020656309262,-0.3480111602359729
C106954,1,Mid-Value Occasional Shoppers,-0.37507826293146757,-0.22788762250041314
C106955,1,Mid-Value Occasional Shoppers,-0.12102436666587083,-0.8044411469860947
C106956,2,Low-Engagement / Dormant,-0.2555676298418553,1.928210677141856
C106957,1,Mid-Value Occasional Shoppers,-1.1028285137453757,-0.9577236813065267
C106958,1,Mid-Value Occasional Shoppers,0.553409024425652,1.0475095811474615
C106960,1,Mid-Value Occasional Shoppers,-1.2050050524139277,-1.3323510127924876
C106961,1,Mid-Value Occasional Shoppers,1.1162698914720222,-0.497745524933796
C106962,1,Mid-Value Occasional Shoppers,-0.3829776134488334,-0.25877651976369714
C106963,1,Mid-Value Occasional Shoppers,-1.0035454837181974,-0.646595851471863
C106964,1,Mid-Value Occasional Shoppers,-0.24408815771184328,-0.8593832110998499
C106965,1,Mid-Value Occasional Shoppers,-0.12833125835585354,-1.226731698628964
C106966,1,Mid-Value Occasional Shoppers,-0.3347743103665907,-0.4097841845948103
C106967,1,Mid-Value Occasional Shoppers,0.6948567054510217,0.8283550431512994
C106968,1,Mid-Value Occasional Shoppers,0.13687300344171618,0.9257925757596452
C106969,3,High-Value Loyalists,5.695925918039784,0.1675268231593315
C106970,3,High-Value Loyalists,2.933546129280923,-0.6039117301834224
C106971,1,Mid-Value Occasional Shoppers,0.2209880571045506,0.021467087775145843
C106972,1,Mid-Value Occasional Shoppers,0.5429509229350951,-0.31405680386367685
C106973,2,Low-Engagement / Dormant,-0.07671388807060231,1.235516223379602
C106974,0,Low-Engagement / Dormant,-2.6316447082150574,-2.0602660294133597
C106975,2,Low-Engagement / Dormant,-1.828806210917966,1.7193774750251114
C106976,1,Mid-Value Occasional Shoppers,-0.8801033111375575,-1.5415756699322862
C106977,1,Mid-Value Occasional Shoppers,-0.05687013199952024,0.15170850199087368
C106978,1,Mid-Value Occasional Shoppers,0.028040703216734145,-0.0271571717818185
C106979,0,Low-Engagement / Dormant,-1.933464088703786,0.22038811563703664
C106980,3,High-Value Loyalists,3.4017170033283706,-0.12972738898593617
C106981,1,Mid-Value Occasional Shoppers,0.3049382522445122,0.7413048308010489
C106982,1,Mid-Value Occasional Shoppers,-0.3626979355797714,-0.14172142019968229
C106983,0,Low-Engagement / Dormant,-2.867505974894385,-1.1462456121839537
C106984,3,High-Value Loyalists,2.9297836929926064,0.29783219003803707
C106985,1,Mid-Value Occasional Shoppers,-0.7982410573793561,0.9287136905687916
C106986,0,Low-Engagement / Dormant,-2.8086862611204206,-0.3213545688554672
C106987,1,Mid-Value Occasional Shoppers,-0.8166025841694113,-0.8118163772218123
C106988,1,Mid-Value Occasional Shoppers,0.2243545961610872,0.06992094732447311
C106989,1,Mid-Value Occasional Shoppers,1.452001587469952,0.6418610531185917
C106990,1,Mid-Value Occasional Shoppers,1.0923777833060402,0.8597378575136411
C106991,1,Mid-Value Occasional Shoppers,-0.13838177172249244,-0.07165875483562792
C106992,1,Mid-Value Occasional Shoppers,-0.8743133172559538,-1.3047624025907736
C106993,2,Low-Engagement / Dormant,-3.237313178680773,3.8886415988110095
C106994,0,Low-Engagement / Dormant,-2.665292956574264,-1.7297711611786724
C106995,1,Mid-Value Occasional Shoppers,-0.9994690610170532,-0.11580750667737762
C106996,1,Mid-Value Occasional Shoppers,0.9556843533930458,0.5575451788761778
C106997,1,Mid-Value Occasional Shoppers,0.4642996294506593,0.0015087034689060153
C106998,1,Mid-Value Occasional Shoppers,1.1620073775926145,0.7923561876996474
C106999,1,Mid-Value Occasional Shoppers,-1.4649710717979885,-1.8507018092550445
C107000,0,Low-Engagement / Dormant,-2.8868537303856536,0.44641043273588316
C107001,2,Low-Engagement / Dormant,-2.1162745448539773,1.7772528194604214
C107002,2,Low-Engagement / Dormant,-0.900881775795121,1.738281459469842
C107003,1,Mid-Value Occasional Shoppers,0.03197831423179562,0.05749208941213291
C107004,1,Mid-Value Occasional Shoppers,0.2721529965938825,0.9795149907436147
C107005,1,Mid-Value Occasional Shoppers,1.0920957767748471,0.2345734532190047
C107006,3,High-Value Loyalists,4.980979863497493,0.2877863134248977
C107007,1,Mid-Value Occasional Shoppers,-0.2860657669770451,-0.2005267493264412
C107008,1,Mid-Value Occasional Shoppers,-1.487267420219657,-0.35919263066399376
C107009,2,Low-Engagement / Dormant,-1.2915504249769933,0.9135065810308928
C107010,1,Mid-Value Occasional Shoppers,0.955259901986497,0.7289560138758259
C107011,1,Mid-Value Occasional Shoppers,-0.34936746298725885,0.3364847525772841
C107012,1,Mid-Value Occasional Shoppers,-0.24052914759720717,-1.3275884451695785
C107013,2,Low-Engagement / Dormant,-1.0376055489884655,2.0270479568668685
C107014,3,High-Value Loyalists,2.317728628485715,0.4457299207022588
C107015,1,Mid-Value Occasional Shoppers,0.34081748407343865,0.46878618659197546
C107016,1,Mid-Value Occasional Shoppers,-1.489217134431673,-0.6474238843681808
C107017,1,Mid-Value Occasional Shoppers,0.8634756658669375,1.59219640786371
C107018,1,Mid-Value Occasional Shoppers,-0.08425091020525313,-0.4569495487810127
C107020,1,Mid-Value Occasional Shoppers,-0.36249721871734075,-0.7238437518763469
C107021,1,Mid-Value Occasional Shoppers,-0.6897849957322127,-0.0025766923761046958
C107022,1,Mid-Value Occasional Shoppers,0.499319347876537,0.30706097156715007
C107023,2,Low-Engagement / Dormant,-0.9261197192339907,2.2367652060672776
C107024,1,Mid-Value Occasional Shoppers,-0.5669886756590369,1.0842192907292623
C107025,0,Low-Engagement / Dormant,-2.621809066386982,-2.1568722216665757
C107026,3,High-Value Loyalists,2.078639898717514,0.43412232956505625
C107027,2,Low-Engagement / Dormant,-1.1768772159416667,1.9934310599139655
C107028,1,Mid-Value Occasional Shoppers,-1.1349552766632311,-1.4051650490021912
C107029,1,Mid-Value Occasional Shoppers,0.6818381169752508,-0.32241311867229105
C107030,1,Mid-Value Occasional Shoppers,1.0733948565108724,-0.32969524776384773
C107031,1,Mid-Value Occasional Shoppers,-1.2524310527579323,-0.3506821932925576
C107032,3,High-Value Loyalists,2.420417385095236,-0.43155226730592705
C107033,0,Low-Engagement / Dormant,-2.6471746689962297,-1.9077299363819653
C107034,1,Mid-Value Occasional Shoppers,0.718866661689137,-0.31396037960406503
C107035,1,Mid-Value Occasional Shoppers,0.035652885774444545,-1.1172633721783054
C107036,1,Mid-Value Occasional Shoppers,-1.5648501650085915,-0.5851246380495579
C107037,1,Mid-Value Occasional Shoppers,1.6214351123268544,-0.4437921153334729
C107038,1,Mid-Value Occasional Shoppers,-0.2941151373487851,0.8405342458205225
C107040,1,Mid-Value Occasional Shoppers,1.4429702358587713,-0.06652301359630154
C107041,3,High-Value Loyalists,6.343296853604649,0.5754446443188631
C107042,1,Mid-Value Occasional Shoppers,0.3500892604386582,-0.5980629165789927
C107044,2,Low-Engagement / Dormant,-0.9528145840423798,2.050938942705694
C107045,1,Mid-Value Occasional Shoppers,-1.3194387887731405,-1.0789025709830802
C107046,1,Mid-Value Occasional Shoppers,-0.20471859132234674,-0.9682821373893209
C107047,0,Low-Engagement / Dormant,-2.6378566925275266,-1.9992515922008016
C107048,1,Mid-Value Occasional Shoppers,-0.2499688763245363,-0.02200843325266629
C107049,1,Mid-Value Occasional Shoppers,0.18719411673252082,-0.06468139834557636
C107050,1,Mid-Value Occasional Shoppers,-0.13998278792925314,0.5470335073497041
C107051,1,Mid-Value Occasional Shoppers,0.3719628104948465,0.4326780316548648
C107052,1,Mid-Value Occasional Shoppers,-1.3353519061648715,-1.2553809896411272
C107053,1,Mid-Value Occasional Shoppers,-0.255299070950846,-0.5753181476490188
C107054,1,Mid-Value Occasional Shoppers,-1.330898981339368,-0.06919587936218188
C107055,1,Mid-Value Occasional Shoppers,-1.0148902805827758,0.12619506022414168
C107056,1,Mid-Value Occasional Shoppers,0.8283689442953714,-1.2786529375918922
C107057,1,Mid-Value Occasional Shoppers,0.13717969508995062,-0.5243900339617352
C107058,1,Mid-Value Occasional Shoppers,-1.0225831082264372,-0.9297604978505372
C107059,1,Mid-Value Occasional Shoppers,-1.363755373854693,-1.2522405970012336
C107060,0,Low-Engagement / Dormant,-2.6238797278244714,-2.1365340759290565
C107061,1,Mid-Value Occasional Shoppers,-0.2584843589727657,-0.735558305050107
C107062,1,Mid-Value Occasional Shoppers,-0.08624371967724388,-1.2024926402079616
C107063,1,Mid-Value Occasional Shoppers,0.6821026117084964,0.29767571611291166
C107064,3,High-Value Loyalists,1.9070472851943994,0.6349300584830156
C107065,1,Mid-Value Occasional Shoppers,0.17712789183349423,-0.1085665600496795
C107066,1,Mid-Value Occasional Shoppers,-0.6618253329363535,-1.2015869829212613
C107067,1,Mid-Value Occasional Shoppers,-0.19962958389030577,1.2012281363279425
C107068,1,Mid-Value Occasional Shoppers,-0.5120727073524969,-0.1396666824130857
C107069,2,Low-Engagement / Dormant,-2.254149284890699,2.202001058382979
C107070,1,Mid-Value Occasional Shoppers,-0.5461949863684286,-0.267184786296777
C107071,1,Mid-Value Occasional Shoppers,-0.09776760208515721,1.6093946719507155
C107072,1,Mid-Value Occasional Shoppers,-0.024023218621495996,-0.9360402695917283
C107073,1,Mid-Value Occasional Shoppers,-0.9421681745867422,-1.0769526679285375
C107074,1,Mid-Value Occasional Shoppers,-0.7720148602862628,-1.0108647959578616
C107075,1,Mid-Value Occasional Shoppers,-0.8250332721556167,-0.4878162532313954
C107076,3,High-Value Loyalists,4.269309235634836,0.16507272003124462
C107077,1,Mid-Value Occasional Shoppers,0.5205885988579945,-0.6048221520752162
C107078,3,High-Value Loyalists,4.530461703193339,0.28960389259692987
C107079,1,Mid-Value Occasional Shoppers,1.5171142162543778,-0.12941465158737184
C107080,1,Mid-Value Occasional Shoppers,0.22043767721833746,-0.3986627557542459
C107081,1,Mid-Value Occasional Shoppers,0.1736566827284048,-0.9124441599656933
C107082,2,Low-Engagement / Dormant,-0.89957534636393,1.9924279784609729
C107083,1,Mid-Value Occasional Shoppers,-1.522991918970558,-0.5339859988670524
C107084,1,Mid-Value Occasional Shoppers,-0.3581892464335272,-0.6648813489113611
C107085,1,Mid-Value Occasional Shoppers,-1.0665103433675553,-1.5087477200523856
C107086,1,Mid-Value Occasional Shoppers,0.41044243641572953,-0.5044877817977873
C107087,1,Mid-Value Occasional Shoppers,-0.036961429920741994,-0.6923481677308734
C107088,1,Mid-Value Occasional Shoppers,0.41380632447158233,-0.9599813375242418
C107089,1,Mid-Value Occasional Shoppers,-0.2345984423531985,-1.2813074618148077
C107090,2,Low-Engagement / Dormant,-3.151380729024953,3.044608550703962
C107091,2,Low-Engagement / Dormant,-1.608055606235499,0.5703166457723008
C107092,2,Low-Engagement / Dormant,-1.6363532434495083,3.0108775664852714
C107093,1,Mid-Value Occasional Shoppers,-0.3823834855442622,-0.36624657776266767
C107094,1,Mid-Value Occasional Shoppers,-0.9310912000998959,-1.15842693359198
C107095,1,Mid-Value Occasional Shoppers,-0.6871034760123604,-1.268572905347545
C107096,1,Mid-Value Occasional Shoppers,1.4876336500461937,-0.004559480733588854
C107097,1,Mid-Value Occasional Shoppers,1.2411426540478516,0.0771414322631666
C107098,1,Mid-Value Occasional Shoppers,1.2124705545720782,-0.8196480237787475
C107099,3,High-Value Loyalists,3.820721469552086,-0.1507982263456474
C107100,3,High-Value Loyalists,4.735120778025638,0.2674454936844167
C107101,1,Mid-Value Occasional Shoppers,0.7279048289385258,-0.02551630090058592
C107102,1,Mid-Value Occasional Shoppers,0.11546971761742957,-0.5054326175998023
C107103,0,Low-Engagement / Dormant,-2.9106663369167842,0.6802991087173541
C107104,1,Mid-Value Occasional Shoppers,-0.822541881332409,-1.4404115976646585
C107105,1,Mid-Value Occasional Shoppers,-1.0220315919103666,0.2620810926218028
C107106,2,Low-Engagement / Dormant,-1.1874592750053685,1.2995290445778913
C107107,1,Mid-Value Occasional Shoppers,-0.6670247451796978,-0.42656044746303734
C107108,1,Mid-Value Occasional Shoppers,-0.14364398404156375,-1.4744337315341036
C107109,1,Mid-Value Occasional Shoppers,-0.10053446409495305,0.6929503387912053
C107110,1,Mid-Value Occasional Shoppers,0.2086339403064336,-0.6233041488180144
C107111,2,Low-Engagement / Dormant,-1.4017129317414372,2.339556315732997
C107112,1,Mid-Value Occasional Shoppers,-0.9761292042345023,-1.272542797180039
C107113,1,Mid-Value Occasional Shoppers,-1.0752942704302066,-0.685821891439725
C107114,3,High-Value Loyalists,2.585421773222782,0.2806481085253105
C107115,1,Mid-Value Occasional Shoppers,0.34854735912112095,0.08670557943478764
C107116,1,Mid-Value Occasional Shoppers,0.28807885564419394,0.4675952937457729
C107117,1,Mid-Value Occasional Shoppers,-0.8346013580338671,-1.0856072495349174
C107118,2,Low-Engagement / Dormant,-3.2129829067902698,3.6496683863951587
C107119,1,Mid-Value Occasional Shoppers,0.39334157726423863,0.8826884674928931
C107120,3,High-Value Loyalists,3.7628493082572168,-0.07960751981702777
C107121,1,Mid-Value Occasional Shoppers,0.2699261318331813,-0.7920184828955448
C107122,2,Low-Engagement / Dormant,-0.8704146161129424,0.9307925602173265
C107123,1,Mid-Value Occasional Shoppers,-0.5705369743532677,-0.32785477181621875
C107124,1,Mid-Value Occasional Shoppers,-1.1545992898227284,-1.3268743984067548
C107125,1,Mid-Value Occasional Shoppers,-0.007446578810682336,-1.4924994614852096
C107126,2,Low-Engagement / Dormant,-1.7550763863894698,3.562079461441934
C107127,2,Low-Engagement / Dormant,-1.159455619861285,2.734257632163002
C107128,1,Mid-Value Occasional Shoppers,0.7456452231145663,0.5770115132988546
C107129,1,Mid-Value Occasional Shoppers,-0.817571288025756,-1.6826292818933957
C107130,1,Mid-Value Occasional Shoppers,0.09167447694768943,-0.7831823299188801
C107131,1,Mid-Value Occasional Shoppers,1.1352392353869507,-0.4792992375433576
C107132,1,Mid-Value Occasional Shoppers,-1.0918331852495782,-1.3251704659079646
C107133,1,Mid-Value Occasional Shoppers,0.087973021144652,-0.39135596443006804
C107134,1,Mid-Value Occasional Shoppers,1.7228876844632266,0.07767884379366836
C107135,0,Low-Engagement / Dormant,-2.916360655869881,0.7362290094955318
C107136,1,Mid-Value Occasional Shoppers,0.09954628769936887,-0.6104416499548003
C107137,3,High-Value Loyalists,5.242528776393495,0.7544717415042539
C107138,1,Mid-Value Occasional Shoppers,-0.7168557421139905,0.6096373238344922
C107139,1,Mid-Value Occasional Shoppers,0.2754636949874559,-0.256707455481055
C107140,3,High-Value Loyalists,5.74501657240585,0.47647911291162365
C107141,1,Mid-Value Occasional Shoppers,-0.37551126016713643,0.7810955558390994
C107142,1,Mid-Value Occasional Shoppers,1.5558667555182026,-0.49686708729990636
C107143,2,Low-Engagement / Dormant,-1.1870882193051149,1.4008495187383698
C107144,2,Low-Engagement / Dormant,-3.0628599525722717,2.1751528204250152
C107145,1,Mid-Value Occasional Shoppers,1.1703037576554256,-0.8402462247220169
C107146,1,Mid-Value Occasional Shoppers,-0.008104111307223808,0.22369949744987436
C107147,0,Low-Engagement / Dormant,-2.9246433016198394,0.817581592445609
C107148,1,Mid-Value Occasional Shoppers,-0.33539504107912904,-1.4134095469518904
C107149,2,Low-Engagement / Dormant,-0.5196010863987024,1.4664070030969967
C107150,0,Low-Engagement / Dormant,-3.0167877355881276,1.7226290777652136
C107151,3,High-Value Loyalists,1.8762627062065178,0.25751762058656674
C107152,1,Mid-Value Occasional Shoppers,-0.7201796928863669,-1.346535104086577
C107153,3,High-Value Loyalists,3.4170341366364045,0.037574099186555465
C107154,1,Mid-Value Occasional Shoppers,-0.8037816158737279,-0.7345378397686773
C107155,1,Mid-Value Occasional Shoppers,1.2856013816551373,0.5621121700957795
C107156,2,Low-Engagement / Dormant,-1.2191506439173994,1.9896534077240882
C107157,1,Mid-Value Occasional Shoppers,-1.142069810213304,-0.4450362328667289
C107158,1,Mid-Value Occasional Shoppers,-0.8734261532087776,-1.0164724823339728
C107159,1,Mid-Value Occasional Shoppers,1.1761184121388395,0.29536949994283546
C107160,2,Low-Engagement / Dormant,-0.9825137475926629,1.9193628569979746
C107161,1,Mid-Value Occasional Shoppers,-0.9154208381288733,-0.814296062348675
C107162,2,Low-Engagement / Dormant,-1.1983850964856368,0.8911584770894145
C107163,2,Low-Engagement / Dormant,-0.23455224680068723,1.5014025363301806
C107164,1,Mid-Value Occasional Shoppers,-0.7286558447111905,-1.1458214372020132
C107165,1,Mid-Value Occasional Shoppers,1.1425643290959244,0.580964049224483
C107166,1,Mid-Value Occasional Shoppers,-0.501166849840925,-1.5117380978377168
C107167,1,Mid-Value Occasional Shoppers,-1.2160800681207444,-1.6957528988944706
C107168,1,Mid-Value Occasional Shoppers,-0.7186006568200108,-1.353198650513336
C107169,1,Mid-Value Occasional Shoppers,0.1339886527968321,0.4510952046358334
C107170,3,High-Value Loyalists,6.794198826010367,0.6538699392805848
C107171,1,Mid-Value Occasional Shoppers,0.7548807054928449,-0.45286175288344255
C107172,2,Low-Engagement / Dormant,-1.5556975109519207,1.3993685174803387
C107174,1,Mid-Value Occasional Shoppers,-1.026713709648129,-0.4119534603189989
C107175,0,Low-Engagement / Dormant,-2.6275033853400784,-2.100942320888398
C107176,1,Mid-Value Occasional Shoppers,-0.9755696119144176,-0.970472119924611
C107177,1,Mid-Value Occasional Shoppers,-0.8260139848029238,-0.8445460300166687
C107178,1,Mid-Value Occasional Shoppers,1.1475962669302406,0.5159947701758697
C107179,3,High-Value Loyalists,5.613633062528077,0.49980268421051355
C107180,2,Low-Engagement / Dormant,-0.35095140680820314,2.4564783882023704
C107181,1,Mid-Value Occasional Shoppers,-0.46701886858275715,-0.2844022804000083
C107182,1,Mid-Value Occasional Shoppers,0.9695329064176752,0.3275259369587365
C107184,1,Mid-Value Occasional Shoppers,0.35749411683621296,1.070014905929206
C107185,0,Low-Engagement / Dormant,-2.625950389261961,-2.1161959301915374
C107186,1,Mid-Value Occasional Shoppers,0.8386800729843685,-0.9837517244011814
C107187,1,Mid-Value Occasional Shoppers,0.3090122913005654,0.8222257112911987
C107188,1,Mid-Value Occasional Shoppers,0.1383087914862088,0.4238561737439596
C107189,3,High-Value Loyalists,3.107937098334631,-0.3006472045979902
C107190,0,Low-Engagement / Dormant,-3.030764700291183,1.8599115614934674
C107191,2,Low-Engagement / Dormant,-1.617487772182209,1.331110592980238
C107192,1,Mid-Value Occasional Shoppers,0.1354202806817258,-0.05286695762007951
C107193,1,Mid-Value Occasional Shoppers,0.5210876414010557,0.7685765358716404
C107194,1,Mid-Value Occasional Shoppers,1.0466003852334027,0.435097188316644
C107195,1,Mid-Value Occasional Shoppers,0.26713181760785243,-1.187881842555491
C107197,3,High-Value Loyalists,1.8918047449935278,0.08498800940323745
C107198,0,Low-Engagement / Dormant,-2.6357860310900367,-2.019589737938321
C107199,1,Mid-Value Occasional Shoppers,1.4630442579136778,-0.10641689862210106
C107200,3,High-Value Loyalists,1.7943682815380257,-0.25354132431811804
C107201,2,Low-Engagement / Dormant,-3.1027741048558073,3.876831940212387
C107202,1,Mid-Value Occasional Shoppers,1.440759887744503,-0.3133024591665778
C107203,0,Low-Engagement / Dormant,-2.9246433016198394,0.817581592445609
C107204,1,Mid-Value Occasional Shoppers,-0.7033444539719665,-1.025523240149787
C107205,1,Mid-Value Occasional Shoppers,-0.13221789616979288,1.1055907543856196
C107206,3,High-Value Loyalists,5.755379798114974,0.36266471211276424
C107207,1,Mid-Value Occasional Shoppers,1.1226823163218163,-0.3458436320018592
C107208,3,High-Value Loyalists,5.650182481461455,0.4649938253828181
C107209,1,Mid-Value Occasional Shoppers,-0.19951209431587852,0.6676589150694489
C107210,1,Mid-Value Occasional Shoppers,1.6033875361820802,-0.8036409706226549
C107212,1,Mid-Value Occasional Shoppers,0.464718033562732,-0.44275096823151283
C107213,2,Low-Engagement / Dormant,-0.3348272020363616,1.3106465795413234
C107215,1,Mid-Value Occasional Shoppers,1.4627361535392536,-0.3748381735053927
C107216,1,Mid-Value Occasional Shoppers,-0.4548992267231638,-1.2884264389975597
C107217,3,High-Value Loyalists,1.7186047003234812,0.25605383184173797
C107218,3,High-Value Loyalists,3.003898510505204,-0.8572098716611252
C107219,2,Low-Engagement / Dormant,-0.624489193420453,2.5379350412881085
C107220,1,Mid-Value Occasional Shoppers,-0.30654718297555295,-0.4493532364962702
C107221,2,Low-Engagement / Dormant,-1.863948218038565,3.5043362011513475
C107222,1,Mid-Value Occasional Shoppers,-0.6510395063172425,-1.445774942074906
C107223,3,High-Value Loyalists,3.9481007833893917,0.4356546614977381
C107224,0,Low-Engagement / Dormant,-2.8216278951047307,-0.19424115799597205
C107225,2,Low-Engagement / Dormant,-1.9530866534693045,2.6865855180802143
C107226,1,Mid-Value Occasional Shoppers,-0.5452592495282654,-0.9191949755632562
C107227,1,Mid-Value Occasional Shoppers,0.5101148652260749,-0.297967770826245
C107229,1,Mid-Value Occasional Shoppers,0.6189615582906592,-0.8564784940067722
C107230,1,Mid-Value Occasional Shoppers,0.10245919440298795,0.25048723031934544
C107231,3,High-Value Loyalists,3.242899593821225,0.39640224124919915
C107232,1,Mid-Value Occasional Shoppers,-0.7635130834756388,0.09314082546186084
C107233,1,Mid-Value Occasional Shoppers,0.05067562397905221,-0.05999274767109063
C107234,2,Low-Engagement / Dormant,-0.7511758375984743,1.9288153354676298
C107235,1,Mid-Value Occasional Shoppers,0.2575974047971631,-0.6927148785099266
C107236,1,Mid-Value Occasional Shoppers,-0.06321139580415822,0.4623581414414855
C107237,1,Mid-Value Occasional Shoppers,0.2309024072595617,0.8461508493549732
C107238,3,High-Value Loyalists,3.1137016453387365,0.587528931483175
C107239,3,High-Value Loyalists,1.7281668106765862,-0.42085588182678324
C107240,2,Low-Engagement / Dormant,-0.6547401936159315,2.025351693132224
C107241,2,Low-Engagement / Dormant,-2.2078521236321396,3.8258648717329007
C107242,3,High-Value Loyalists,2.1018197820594633,-0.4527752210639881
C107243,2,Low-Engagement / Dormant,-1.7669905015604355,3.0839790709968504
C107244,3,High-Value Loyalists,2.6638443712239415,0.2794603546742804
C107245,1,Mid-Value Occasional Shoppers,1.2143024676735923,-0.2331879648536671
C107246,2,Low-Engagement / Dormant,0.016229427094046914,1.3708686505337206
C107248,1,Mid-Value Occasional Shoppers,-0.2485800987949966,0.2524332601459246
C107250,1,Mid-Value Occasional Shoppers,-0.9822177696699996,-1.1289539449646047
C107252,2,Low-Engagement / Dormant,-1.5015589773500282,0.958640914723921
C107253,1,Mid-Value Occasional Shoppers,-1.0028246470803879,0.6537133533330525
C107254,1,Mid-Value Occasional Shoppers,0.15588590112772263,-1.1413484071096593
C107255,2,Low-Engagement / Dormant,-2.3156749819015143,3.5807784587314186
C107256,0,Low-Engagement / Dormant,-1.8696226109966836,-1.3730972296952693
C107257,3,High-Value Loyalists,2.260440728118871,-0.16278039059447663
C107258,3,High-Value Loyalists,5.032096916171812,0.5181315648243784
C107259,2,Low-Engagement / Dormant,-1.5110331942430053,2.300451803839567
C107260,1,Mid-Value Occasional Shoppers,-0.16269115463536898,0.711275254912888
C107261,2,Low-Engagement / Dormant,-0.30610747327941856,3.0443235349256117
C107262,0,Low-Engagement / Dormant,-1.6396030584433159,-0.5302595409882758
C107263,2,Low-Engagement / Dormant,-1.9561932592337166,3.896261333316327
C107264,1,Mid-Value Occasional Shoppers,-1.6202250866832046,-1.1835622722436627
C107265,1,Mid-Value Occasional Shoppers,-0.0359171906154316,0.014993710569156061
C107266,1,Mid-Value Occasional Shoppers,-1.208961053828258,-0.8651137357573464
C107267,1,Mid-Value Occasional Shoppers,1.202633194020189,0.07098796721185187
C107268,1,Mid-Value Occasional Shoppers,-0.6316302676088008,1.063380061160291
C107269,1,Mid-Value Occasional Shoppers,1.1291537243151886,0.3362936560972421
C107270,1,Mid-Value Occasional Shoppers,0.4366174984432286,0.546480071735851
C107271,1,Mid-Value Occasional Shoppers,-0.18237381889421933,-0.8394025427013077
C107272,1,Mid-Value Occasional Shoppers,-0.2221932735429127,0.700615174769994
C107273,1,Mid-Value Occasional Shoppers,-0.8928304590193357,0.08791796985420611
C107274,1,Mid-Value Occasional Shoppers,-1.2806338543741624,-1.2731334580304217
C107275,1,Mid-Value Occasional Shoppers,0.23366333373477854,-1.0196655183176264
C107276,1,Mid-Value Occasional Shoppers,-0.1565887929822139,-0.17945983606676114
C107277,3,High-Value Loyalists,4.160182439531022,-0.09676200203473513
C107278,2,Low-Engagement / Dormant,-0.9684578826343319,1.2079422607669883
C107279,1,Mid-Value Occasional Shoppers,0.6183943723318543,-0.559821438916587
C107280,1,Mid-Value Occasional Shoppers,0.15160567952292464,-0.5024286600822218
C107281,1,Mid-Value Occasional Shoppers,0.9395756206538984,0.4363958243204966
C107282,3,High-Value Loyalists,4.4666536792445255,0.4412803888122534
C107283,2,Low-Engagement / Dormant,-1.3242978448779785,0.5925789770711258
C107284,1,Mid-Value Occasional Shoppers,-1.1380230115141308,-0.9762983452985464
C107285,1,Mid-Value Occasional Shoppers,-0.396615675437395,0.20492043942339522
C107286,1,Mid-Value Occasional Shoppers,-0.9475646266825566,0.6732205751714785
C107287,2,Low-Engagement / Dormant,-1.8221756263253117,2.630110467115378
C107288,1,Mid-Value Occasional Shoppers,1.3587584255647558,0.3860622190575264
C107289,1,Mid-Value Occasional Shoppers,1.085054365720289,-0.9393093715999744
C107290,2,Low-Engagement / Dormant,-1.1780080200296756,1.6429684693818651
C107291,2,Low-Engagement / Dormant,-0.5744860656859024,1.0143219603436577
C107293,3,High-Value Loyalists,4.5082512240191,0.42710358367469714
C107294,1,Mid-Value Occasional Shoppers,0.688938366957768,0.7810413349169196
C107295,0,Low-Engagement / Dormant,-2.637339027168154,-2.0043361286351815
C107296,1,Mid-Value Occasional Shoppers,0.4158817504969794,0.49343531926651385
C107297,3,High-Value Loyalists,2.29467604167534,0.5945608031940268
C107298,1,Mid-Value Occasional Shoppers,-0.60349520603429,0.7948779409120941
C107299,1,Mid-Value Occasional Shoppers,-0.3970009659257199,-0.4995573040191791
C107300,3,High-Value Loyalists,3.8637617532558117,0.17758004298825214
C107301,1,Mid-Value Occasional Shoppers,-1.3556927620870634,0.29611555835567277
C107302,1,Mid-Value Occasional Shoppers,0.09467535267620004,-0.4552189991643852
C107303,1,Mid-Value Occasional Shoppers,-0.1915097582082745,0.23032240558833736
C107304,1,Mid-Value Occasional Shoppers,-0.9843432601662958,-1.106682254756643
C107305,1,Mid-Value Occasional Shoppers,0.839125920917872,-0.5388483768614662
C107307,1,Mid-Value Occasional Shoppers,0.24840669885190203,0.5808740667969323
C107308,2,Low-Engagement / Dormant,-1.4230968739047152,2.179425610091732
C107309,1,Mid-Value Occasional Shoppers,0.4129122184024386,-1.1419815123470367
C107310,0,Low-Engagement / Dormant,-2.660633968339912,-1.7755319890880905
C107311,0,Low-Engagement / Dormant,-1.1301182325424766,0.10070671837327881
C107313,3,High-Value Loyalists,5.108002511314593,0.25905247791825103
C107314,3,High-Value Loyalists,3.70215245418616,-0.5847404695934464
C107315,2,Low-Engagement / Dormant,-1.0341693723147187,1.1647758181436476
C107316,1,Mid-Value Occasional Shoppers,-0.8128948372532833,0.5158391729489302
C107317,1,Mid-Value Occasional Shoppers,-0.7454268774760424,-1.3739736357206551
C107318,1,Mid-Value Occasional Shoppers,-0.6163502151822436,-1.021698849182991
C107319,1,Mid-Value Occasional Shoppers,-0.9319402089171492,-1.3762546566238893
C107320,3,High-Value Loyalists,3.4346492998978864,-0.021640019180990316
C107321,0,Low-Engagement / Dormant,-2.919596038996508,-2.0372356291593783
C107322,1,Mid-Value Occasional Shoppers,-0.8065500925953872,-0.03543494290463445
C107323,1,Mid-Value Occasional Shoppers,0.6497564468008787,-0.6882407283453007
C107324,1,Mid-Value Occasional Shoppers,-0.052850520172180636,-1.0720156328078148
C107325,0,Low-Engagement / Dormant,-2.8148982454328895,-0.2603401316429094
C107326,1,Mid-Value Occasional Shoppers,0.14023228625131498,-0.6012118537859568
C107327,3,High-Value Loyalists,2.0806367738010625,-0.4395594156529259
C107328,1,Mid-Value Occasional Shoppers,-0.023981437699285724,-0.6584055132691352
C107329,1,Mid-Value Occasional Shoppers,-1.2466463027098034,-1.6496135301333925
C107330,2,Low-Engagement / Dormant,-1.9783465268359126,1.7561661693798727
C107331,2,Low-Engagement / Dormant,-1.4234361908787667,0.582909106592079
C107332,1,Mid-Value Occasional Shoppers,-0.2003765126626415,1.0406953441226414
C107333,3,High-Value Loyalists,3.772504181674817,-0.3415056066907998
C107334,1,Mid-Value Occasional Shoppers,-0.7499830453262969,-1.4060557628917625
C107335,1,Mid-Value Occasional Shoppers,0.6175453731742233,-0.4348076601843802
C107336,3,High-Value Loyalists,2.773544374552509,0.22221049507811672
C107337,0,Low-Engagement / Dormant,-1.5649437015197023,-0.022567999443696675
C107338,0,Low-Engagement / Dormant,-1.9733630919495468,-0.8859020420658964
C107339,3,High-Value Loyalists,4.501592926327529,0.3381627082179901
C107340,2,Low-Engagement / Dormant,-1.5288518403700468,3.0435617189765205
C107341,1,Mid-Value Occasional Shoppers,-0.09442859618548383,0.5135979988780944
C107342,1,Mid-Value Occasional Shoppers,-0.6354743333995648,-0.6844159502318395
C107343,1,Mid-Value Occasional Shoppers,-1.0304838309516822,0.30614988310762903
C107344,1,Mid-Value Occasional Shoppers,-0.4659067612716929,-1.0315508842440264
C107345,1,Mid-Value Occasional Shoppers,-0.6815966650381572,-1.4480452563218007
C107346,3,High-Value Loyalists,2.124750161021484,-0.7861981003942379
C107347,2,Low-Engagement / Dormant,-1.513707635560752,1.3801237581632915
C107348,1,Mid-Value Occasional Shoppers,0.601606535033102,0.6149091253353595
C107349,1,Mid-Value Occasional Shoppers,0.04674913599339941,-1.2047354512582684
C107350,0,Low-Engagement / Dormant,-2.6601163029805397,-1.7806165255224702
C107351,0,Low-Engagement / Dormant,-2.961915207494653,1.1836682157209548
C107352,1,Mid-Value Occasional Shoppers,0.2571336223225099,-0.44035088919631304
C107353,1,Mid-Value Occasional Shoppers,-1.5871079023248333,-0.8112044578297697
C107354,1,Mid-Value Occasional Shoppers,0.6351047358242528,-1.1750831870076328
C107355,3,High-Value Loyalists,4.150503628875928,0.38641634051092905
C107356,1,Mid-Value Occasional Shoppers,1.1998089992609364,-1.0058290580658842
C107357,1,Mid-Value Occasional Shoppers,-1.3798318819381197,-1.1808950150627409
C107358,1,Mid-Value Occasional Shoppers,-0.14935617928689218,-0.5486455322330126
C107359,1,Mid-Value Occasional Shoppers,-0.3302208238046428,-0.3145880326466609
C107360,1,Mid-Value Occasional Shoppers,0.07064655770009322,-0.6335599186977477
C107361,3,High-Value Loyalists,4.726099496626868,0.2216800933550648
C107362,1,Mid-Value Occasional Shoppers,-0.9584643377150533,0.438421691272194
C107363,1,Mid-Value Occasional Shoppers,0.42251750161800056,0.2854146423676276
C107364,3,High-Value Loyalists,3.501859612447093,-0.1357830172383052
C107365,3,High-Value Loyalists,2.3876130184829267,-0.00785117459073347
C107366,3,High-Value Loyalists,2.473875237807373,0.006273551040116551
C107367,1,Mid-Value Occasional Shoppers,-0.031003008697954044,-0.18885108382854793
C107368,1,Mid-Value Occasional Shoppers,1.7049847164821588,0.6673330185668959
C107369,1,Mid-Value Occasional Shoppers,-1.4104605859751078,0.01497129244150059
C107370,1,Mid-Value Occasional Shoppers,-0.6127421908154012,-0.3541304090613347
C107371,0,Low-Engagement / Dormant,-2.6238797278244714,-2.1365340759290565
C107372,2,Low-Engagement / Dormant,-1.4887910779412,1.9651717177936512
C107373,1,Mid-Value Occasional Shoppers,-0.31784510301604335,-0.5385879289328723
C107374,1,Mid-Value Occasional Shoppers,-0.07805886710090991,0.6683866642408686
C107375,1,Mid-Value Occasional Shoppers,-0.45545513184691594,-0.7859669082177858
C107376,3,High-Value Loyalists,4.109655566458696,-0.5588927149703046
C107377,1,Mid-Value Occasional Shoppers,-0.022908092772158786,-0.4339816805059883
C107378,3,High-Value Loyalists,1.7938015299259167,-0.9296576189266048
C107379,0,Low-Engagement / Dormant,-2.101767365667998,-1.0944571828857153
C107380,2,Low-Engagement / Dormant,-2.0550906212055544,2.833160318013694
C107381,1,Mid-Value Occasional Shoppers,-1.0150063599372765,-0.8563169532299205
C107382,1,Mid-Value Occasional Shoppers,-0.508951695923291,1.0161334476095683
C107383,1,Mid-Value Occasional Shoppers,-0.10999729619362134,0.5216306260817762
C107384,1,Mid-Value Occasional Shoppers,0.7949628648903109,0.04809885593064815
C107386,2,Low-Engagement / Dormant,-1.4284703599601891,2.2508580530971676
C107387,3,High-Value Loyalists,2.814943802883046,-0.49573454485528884
C107388,1,Mid-Value Occasional Shoppers,0.1993910438203955,-0.27467302844973707
C107389,1,Mid-Value Occasional Shoppers,-0.26176214771095724,-1.1284398153649713
C107390,1,Mid-Value Occasional Shoppers,0.8052497439251745,-0.34044958030535744
C107392,1,Mid-Value Occasional Shoppers,-1.6266722445226969,-0.5488531098968821
C107393,0,Low-Engagement / Dormant,-2.7879796467455242,-0.5247360262306593
C107394,1,Mid-Value Occasional Shoppers,-0.3744622782283931,-1.1317752577717133
C107395,1,Mid-Value Occasional Shoppers,0.6849668811607037,0.34884742750242387
C107396,1,Mid-Value Occasional Shoppers,1.0162118211671516,-0.422794458106353
C107397,1,Mid-Value Occasional Shoppers,-0.446709158904029,-0.6211973003984436
C107398,2,Low-Engagement / Dormant,-2.490392707948824,3.0375928024366448
C107399,1,Mid-Value Occasional Shoppers,-0.08515325135792948,1.0622517813344874
C107400,3,High-Value Loyalists,5.483998022700641,0.37076939519971847
C107401,1,Mid-Value Occasional Shoppers,-0.9036934284226843,-1.142514106831644
C107402,2,Low-Engagement / Dormant,-1.7778626039077563,0.6646836348034113
C107403,2,Low-Engagement / Dormant,-0.6348312444054981,1.7503069456199112
C107404,1,Mid-Value Occasional Shoppers,-0.2928624073045808,-1.0955714234727674
C107405,1,Mid-Value Occasional Shoppers,-0.07608431695336353,-1.0066163209361243
C107406,0,Low-Engagement / Dormant,-2.712400504277153,-1.2670783456501105
C107407,0,Low-Engagement / Dormant,-2.9439263108870115,-1.7982624167435273
C107408,1,Mid-Value Occasional Shoppers,-0.30737877316609674,-1.4339253307491273
C107409,2,Low-Engagement / Dormant,-1.291544633623443,1.4140929858806919
C107410,0,Low-Engagement / Dormant,-1.5976791488806483,-1.1637689894593637
C107411,1,Mid-Value Occasional Shoppers,0.49697944528589727,-0.29234829183026184
C107412,1,Mid-Value Occasional Shoppers,-0.6538799763496103,0.11650401601924365
C107413,1,Mid-Value Occasional Shoppers,0.30194871849895843,-0.9803607748278474
C107414,1,Mid-Value Occasional Shoppers,0.8464322144240143,-0.7847607799754565
C107415,1,Mid-Value Occasional Shoppers,-0.2436208792868237,-0.08451291784784201
C107417,1,Mid-Value Occasional Shoppers,0.43117322014264914,0.35956183532895625
C107418,2,Low-Engagement / Dormant,-0.06930187707868687,1.3420601282335658
C107419,2,Low-Engagement / Dormant,-1.2529772905650618,3.4772874557152287
C107420,1,Mid-Value Occasional Shoppers,-0.8904670270341338,-1.3922196379833471
C107421,1,Mid-Value Occasional Shoppers,-0.7628358512208291,0.630959239809093
C107422,3,High-Value Loyalists,2.8889917640125633,-0.4583157318812865
C107423,1,Mid-Value Occasional Shoppers,-1.0424922064578783,-0.446839023044226
C107424,1,Mid-Value Occasional Shoppers,-0.9865503079678813,0.04686521728013414
C107425,1,Mid-Value Occasional Shoppers,-0.12230792823358622,-0.6555965301403809
C107426,2,Low-Engagement / Dormant,-1.5656683096168256,3.1482529183783323
C107427,2,Low-Engagement / Dormant,-0.40367195550578716,1.3883940777617234
C107428,0,Low-Engagement / Dormant,-2.6357860310900367,-2.019589737938321
C107429,1,Mid-Value Occasional Shoppers,-0.43670169621181737,-0.3194999020814878
C107430,1,Mid-Value Occasional Shoppers,-0.009305338637371622,0.5452155757514617
C107431,2,Low-Engagement / Dormant,-1.1538841498844392,2.5074513980392594
C107432,2,Low-Engagement / Dormant,-1.0614249446299397,1.403824778955881
C107433,1,Mid-Value Occasional Shoppers,-0.4263640750674629,0.7528186734106918
C107434,1,Mid-Value Occasional Shoppers,0.1511709630870444,0.01874498880959509
C107435,1,Mid-Value Occasional Shoppers,-0.3437201348480645,-0.9825728678240829
C107436,2,Low-Engagement / Dormant,-2.0968542464835207,3.4523468947886684
C107437,1,Mid-Value Occasional Shoppers,0.4680755066590513,-0.1108616242554523
C107438,0,Low-Engagement / Dormant,-1.9257544751089875,0.2831054538428342
C107439,1,Mid-Value Occasional Shoppers,-0.6871669198456047,0.2864116981832359
C107440,1,Mid-Value Occasional Shoppers,-0.9129549072135712,-1.4627213577572236
C107441,1,Mid-Value Occasional Shoppers,-0.5898607627711506,-0.9256191962926053
C107442,1,Mid-Value Occasional Shoppers,1.506795369611273,0.03667110921606199
C107443,2,Low-Engagement / Dormant,-2.616686188609538,0.9105903807338497
C107444,2,Low-Engagement / Dormant,-3.241454501555752,3.929317890286047
C107445,1,Mid-Value Occasional Shoppers,-0.26435765524344235,-0.7818207059477154
C107446,3,High-Value Loyalists,1.9457572105643843,0.43722114986327193
C107447,2,Low-Engagement / Dormant,-1.4310065223626147,3.966066196823788
C107448,1,Mid-Value Occasional Shoppers,0.46944763953497226,-0.8196905042622007
C107449,3,High-Value Loyalists,1.9923884093507593,0.2824953623358057
C107450,1,Mid-Value Occasional Shoppers,-1.2540695046200254,0.2662808462251203
C107451,2,Low-Engagement / Dormant,-1.5150616045319034,2.717412712499307
C107452,1,Mid-Value Occasional Shoppers,-0.4573463773274364,-0.8676381325626401
C107453,0,Low-Engagement / Dormant,-1.7668294184954234,-0.969721865359327
C107454,1,Mid-Value Occasional Shoppers,0.5583884160492063,-0.418881699162278
C107455,1,Mid-Value Occasional Shoppers,-1.2173542357414113,-1.0357850858047175
C107456,1,Mid-Value Occasional Shoppers,0.522535000613699,-0.2535749204873593
C107457,2,Low-Engagement / Dormant,-1.289526437420283,2.503831055024854
C107458,1,Mid-Value Occasional Shoppers,0.30546574409329885,1.0672189172510966
C107459,1,Mid-Value Occasional Shoppers,-0.19202281404148086,0.3999066768701859
C107460,2,Low-Engagement / Dormant,-1.6326554846681682,2.4899102060963894
C107461,1,Mid-Value Occasional Shoppers,0.6981400868853664,0.32007178313374685
C107462,2,Low-Engagement / Dormant,-0.9259086748642816,1.5860890491439574
C107463,1,Mid-Value Occasional Shoppers,0.03439223451575902,-0.6030329236744695
C107464,1,Mid-Value Occasional Shoppers,0.6609210716318928,0.3264155981338529
C107465,0,Low-Engagement / Dormant,-2.842334509479627,0.009140299379219995
C107466,1,Mid-Value Occasional Shoppers,0.23588395859790862,0.002851913677422459
C107467,1,Mid-Value Occasional Shoppers,0.4722587109942412,-0.6194311421608621
C107468,1,Mid-Value Occasional Shoppers,-0.235491447194534,-0.43586215850611293
C107469,1,Mid-Value Occasional Shoppers,-0.9514581498145268,-1.7350672256801345
C107470,1,Mid-Value Occasional Shoppers,0.1800653842215485,-0.4360536483056061
C107471,3,High-Value Loyalists,2.0874941039103656,0.006889966672430277
C107472,1,Mid-Value Occasional Shoppers,0.2269206731866752,-0.8611077773800687
C107473,1,Mid-Value Occasional Shoppers,-0.6749299423416117,-0.6201213263973571
C107474,1,Mid-Value Occasional Shoppers,-0.46657319608750947,0.6114266957126536
C107475,1,Mid-Value Occasional Shoppers,0.289789265121606,-0.8189083855717489
C107476,3,High-Value Loyalists,2.675809820271296,-0.3865744053766776
C107477,1,Mid-Value Occasional Shoppers,0.3660742747154063,0.0031804371350343833
C107478,2,Low-Engagement / Dormant,-1.3837481093524617,1.0945989087788313
C107479,0,Low-Engagement / Dormant,-2.6523513225899538,-1.8568845720381673
C107480,1,Mid-Value Occasional Shoppers,-0.055572065549444695,-0.5018649730583705
C107481,3,High-Value Loyalists,1.6590894618728569,0.5148707673891748
C107483,1,Mid-Value Occasional Shoppers,-0.5466865440000251,-1.0213603529474482
C107484,3,High-Value Loyalists,4.870623892857996,0.4065333147874546
C107485,1,Mid-Value Occasional Shoppers,-0.22442275251073948,-0.8849696033896496
C107486,1,Mid-Value Occasional Shoppers,0.22822036485731162,-0.6564717540794803
C107487,1,Mid-Value Occasional Shoppers,-0.6308927248637439,-1.0776368229389521
C107488,1,Mid-Value Occasional Shoppers,0.6887917630531645,-0.4279015518599308
C107489,3,High-Value Loyalists,3.0452339018761343,-0.48996870153147976
C107490,2,Low-Engagement / Dormant,-1.5203299034468762,2.752663455136371
C107491,2,Low-Engagement / Dormant,-0.6927701515041359,1.5118476164991157
C107492,1,Mid-Value Occasional Shoppers,1.1478546138116732,-0.6756115826904515
C107493,1,Mid-Value Occasional Shoppers,-0.1706094150035182,-0.6087549343059372
C107494,1,Mid-Value Occasional Shoppers,-0.33700619873842974,-1.1269049610060164
C107495,1,Mid-Value Occasional Shoppers,-1.1909720796277352,-0.8178862165007251
C107496,3,High-Value Loyalists,2.854875002115035,-0.7789275687308229
C107497,3,High-Value Loyalists,2.4384949109545326,-0.5004611151106946
C107498,2,Low-Engagement / Dormant,-1.666339932213487,1.0007167869129687
C107499,1,Mid-Value Occasional Shoppers,-1.284847349790897,-0.6882249923112049
C107500,2,Low-Engagement / Dormant,-1.9609164928250427,1.597145899683024
C107501,2,Low-Engagement / Dormant,-1.9130495070885893,2.6889014491083336
C107502,1,Mid-Value Occasional Shoppers,-0.6324727666430904,-1.0002696652441982
C107503,1,Mid-Value Occasional Shoppers,-1.3170340893595973,-0.26796042614071564
C107504,1,Mid-Value Occasional Shoppers,0.03764729082103912,0.0017786179133057022
C107505,1,Mid-Value Occasional Shoppers,-0.7167185189445512,-1.3275806060186928
C107507,2,Low-Engagement / Dormant,-1.367598948394788,0.9588790219485778
C107508,1,Mid-Value Occasional Shoppers,0.020662967054169583,-0.3979327399957309
C107509,3,High-Value Loyalists,1.869406641915064,-0.6954689816397313
C107510,1,Mid-Value Occasional Shoppers,-0.9637041838429915,0.06104910142743231
C107511,0,Low-Engagement / Dormant,-2.6228443971057267,-2.146703148797816
C107512,1,Mid-Value Occasional Shoppers,0.04674603894065677,-0.41928809422119745
C107513,0,Low-Engagement / Dormant,-2.0239571885396686,-0.9910882857349129
C107514,1,Mid-Value Occasional Shoppers,-0.3161368620454769,-0.606332463544984
C107515,1,Mid-Value Occasional Shoppers,-1.2265323440504778,-1.290268113650002
C107516,3,High-Value Loyalists,3.063786845682086,-0.42248499351455576
C107517,3,High-Value Loyalists,2.424587889945514,-0.18393053581727112
C107518,1,Mid-Value Occasional Shoppers,-0.23771823074064127,-0.26143954534019187
C107520,1,Mid-Value Occasional Shoppers,0.13982087062659934,-0.8976859961392881
C107521,1,Mid-Value Occasional Shoppers,1.512066535884986,0.34883235716221833
C107522,1,Mid-Value Occasional Shoppers,-0.214081110529669,1.2307963829506665
C107523,3,High-Value Loyalists,2.5106581646643216,-0.40654574244233244
C107524,1,Mid-Value Occasional Shoppers,-0.5484464661776431,-0.8540932297387748
C107525,1,Mid-Value Occasional Shoppers,0.05653526212345778,-0.21443929228980466
C107526,3,High-Value Loyalists,1.831010976240063,-0.7118594671050732
C107527,1,Mid-Value Occasional Shoppers,-0.5482359666811571,-0.7590395388178727
C107528,1,Mid-Value Occasional Shoppers,-0.7076925598382192,-0.012724197178372082
C107529,0,Low-Engagement / Dormant,-2.651315991871209,-1.867053644906927
C107530,0,Low-Engagement / Dormant,-2.8314635369328065,-0.09763496574275583
C107531,1,Mid-Value Occasional Shoppers,-1.3473483648743747,-0.16802118645163155
C107532,1,Mid-Value Occasional Shoppers,-1.5904049147359756,-0.07961510553211873
C107533,1,Mid-Value Occasional Shoppers,0.12523240112277453,-0.9212054487128194
C107534,1,Mid-Value Occasional Shoppers,0.8143508322813826,0.6551220313012552
C107535,1,Mid-Value Occasional Shoppers,-0.01586774236599199,-0.2251897721385311
C107536,1,Mid-Value Occasional Shoppers,-0.10802124317090023,0.39239280104649193
C107537,1,Mid-Value Occasional Shoppers,-0.45459560150428757,0.3105542076177678
C107538,1,Mid-Value Occasional Shoppers,-0.07272241849840293,0.9672176004286533
C107539,2,Low-Engagement / Dormant,-0.9524300840784502,1.4070884463262447
C107540,1,Mid-Value Occasional Shoppers,-0.9298218135830221,0.39058504447937276
C107541,2,Low-Engagement / Dormant,-0.9500665360087046,2.5603146932919967
C107542,2,Low-Engagement / Dormant,-1.3624171915607857,2.9603484859429234
C107543,1,Mid-Value Occasional Shoppers,0.044752107511795015,-0.57663281131422
C107544,2,Low-Engagement / Dormant,-1.0854078938456475,2.6061727105022054
C107545,1,Mid-Value Occasional Shoppers,-0.6396222982958581,-1.4842895497848152
C107546,1,Mid-Value Occasional Shoppers,-0.6588497491879128,-0.9551316940104413
C107547,1,Mid-Value Occasional Shoppers,0.9086423776449919,-0.9028857298494293
C107548,2,Low-Engagement / Dormant,-0.5226105786414929,1.2084260762578827
C107549,1,Mid-Value Occasional Shoppers,6.560526978017138e-05,-1.0640637651781237
C107550,1,Mid-Value Occasional Shoppers,-0.3602163200017905,0.05966656853378456
C107551,2,Low-Engagement / Dormant,-1.5373700913014097,1.1816922847476086
C107552,1,Mid-Value Occasional Shoppers,1.6574063818640323,0.7645585100636034
C107553,1,Mid-Value Occasional Shoppers,-1.2386921754490547,0.07702721030824292
C107554,1,Mid-Value Occasional Shoppers,-0.5371623223717283,-1.181712914536941
C107555,2,Low-Engagement / Dormant,-1.8927923808710436,3.3729046581794595
C107556,2,Low-Engagement / Dormant,-0.2491142955371893,1.2832938653046595
C107557,3,High-Value Loyalists,2.715123589684313,-0.3923137042580654
C107558,1,Mid-Value Occasional Shoppers,-0.6032963983911194,-0.42265683526611175
C107559,3,High-Value Loyalists,2.2697714678897825,-0.47539418390702426
C107560,1,Mid-Value Occasional Shoppers,0.9225948246620627,-0.3200481870410915
C107561,1,Mid-Value Occasional Shoppers,1.2678242491602798,0.13195827386660486
C107562,1,Mid-Value Occasional Shoppers,1.3675243970569502,0.6354800074451605
C107563,2,Low-Engagement / Dormant,-1.8411193289854886,4.5488000573928895
C107564,1,Mid-Value Occasional Shoppers,1.0935900967457657,0.6687534993978325
C107565,1,Mid-Value Occasional Shoppers,-0.8561114913261406,-0.7624352002087282
C107566,1,Mid-Value Occasional Shoppers,-0.6882632519989883,-1.1195101085598147
C107567,1,Mid-Value Occasional Shoppers,1.1681957088927186,-0.3817068613895474
C107568,1,Mid-Value Occasional Shoppers,0.06534423069954502,0.44707576584528963
C107569,1,Mid-Value Occasional Shoppers,-1.041969636108427,0.5940535758342916
C107571,2,Low-Engagement / Dormant,-1.2346829116335414,1.1841394492501351
C107572,1,Mid-Value Occasional Shoppers,-0.8142688955988496,0.12245645841355954
C107573,1,Mid-Value Occasional Shoppers,-1.4981880098812492,0.28402666359809203
C107574,1,Mid-Value Occasional Shoppers,1.0094085673390076,0.272830058699788
C107575,0,Low-Engagement / Dormant,-2.9645035342915147,1.2090908978928534
C107576,1,Mid-Value Occasional Shoppers,0.046200904770390745,-0.26304142833796107
C107577,1,Mid-Value Occasional Shoppers,-0.8861934900489337,0.21992968900141416
C107578,1,Mid-Value Occasional Shoppers,-0.2507533799036101,-1.3000622379267686
C107579,1,Mid-Value Occasional Shoppers,-0.11755958232780267,-0.5130915279245906
C107580,3,High-Value Loyalists,1.9498980473816017,0.6780551961365658
C107581,3,High-Value Loyalists,4.234463621181098,0.7203419217861394
C107582,3,High-Value Loyalists,3.448901538003183,-0.2974465669636553
C107583,1,Mid-Value Occasional Shoppers,-0.7998455708732937,-1.3402705729569082
C107584,1,Mid-Value Occasional Shoppers,0.35253797272310183,0.8539742587586295
C107585,1,Mid-Value Occasional Shoppers,0.5838335625152316,1.1500544032357816
C107586,1,Mid-Value Occasional Shoppers,-0.08047314737559416,-0.839518699869502
C107587,3,High-Value Loyalists,3.2311408653651026,-0.22335548123776713
C107588,1,Mid-Value Occasional Shoppers,-0.23374684118379602,-0.04508496821241092
C107589,2,Low-Engagement / Dormant,-0.8921403537218421,1.2990245916453318
C107590,1,Mid-Value Occasional Shoppers,0.10236906932153644,-1.0633052471321272
C107591,1,Mid-Value Occasional Shoppers,-0.21083386929216053,-0.20390254527602786
C107592,1,Mid-Value Occasional Shoppers,-0.6273455646675747,-0.4741228739108599
C107593,3,High-Value Loyalists,2.506982191270673,-0.2118159270659967
C107594,2,Low-Engagement / Dormant,-1.5248304503222985,1.018206383250388
C107595,1,Mid-Value Occasional Shoppers,-1.5447199988177482,-0.49862305572245813
C107596,1,Mid-Value Occasional Shoppers,0.38485268949349255,-0.020412936488292736
C107597,1,Mid-Value Occasional Shoppers,1.7212341361406576,-0.18574137502017507
C107598,2,Low-Engagement / Dormant,-2.0495924399759695,3.119483153603442
C107599,1,Mid-Value Occasional Shoppers,-0.10815324003626738,-0.9447167862358404
C107600,2,Low-Engagement / Dormant,0.03746577310223079,2.434017910608442
C107601,2,Low-Engagement / Dormant,-0.5898428546477497,1.1419051446637434
C107602,1,Mid-Value Occasional Shoppers,-1.595028846416167,-0.8719850178642576
C107603,1,Mid-Value Occasional Shoppers,1.5578855950880517,0.7532425596267339
C107605,2,Low-Engagement / Dormant,-2.419960247386906,1.9794225041267566
C107606,2,Low-Engagement / Dormant,-2.3197718831673706,1.552726535580929
C107607,1,Mid-Value Occasional Shoppers,0.2347174449148327,-0.7432472965526654
C107608,1,Mid-Value Occasional Shoppers,-1.7742232982236463,0.10931263171022793
C107609,3,High-Value Loyalists,4.117316892969944,-0.4854244091639569
C107610,1,Mid-Value Occasional Shoppers,-1.2850179556079475,-1.6756209042051355
C107612,1,Mid-Value Occasional Shoppers,0.5641301473881049,0.6845031220630613
C107613,1,Mid-Value Occasional Shoppers,-0.2913308362179875,-0.6151196277426609
C107614,1,Mid-Value Occasional Shoppers,1.4946231955141203,-0.09987419601212019
C107616,2,Low-Engagement / Dormant,-1.795179490897374,2.347215940903545
C107617,1,Mid-Value Occasional Shoppers,-0.35787696872131824,0.09226896890753289
C107618,1,Mid-Value Occasional Shoppers,-0.5718898883834891,-0.7688073798001426
C107619,1,Mid-Value Occasional Shoppers,-0.2766139716288082,-1.2022128179901148
C107620,1,Mid-Value Occasional Shoppers,0.9078148943357581,1.146614575841224
C107621,2,Low-Engagement / Dormant,-1.4575903762901334,0.7367327252543888
C107622,1,Mid-Value Occasional Shoppers,-0.32605739880139784,0.9257959442791407
C107623,1,Mid-Value Occasional Shoppers,0.7820014953316664,-0.7249643004026464
C107624,1,Mid-Value Occasional Shoppers,-0.8069144525502143,-0.40729585457770867
C107626,1,Mid-Value Occasional Shoppers,-1.308039630614445,-1.410954662996489
C107627,1,Mid-Value Occasional Shoppers,0.7511634291318378,-0.8797725957454438
C107628,1,Mid-Value Occasional Shoppers,0.7239063385854962,-0.8899013120276273
C107629,1,Mid-Value Occasional Shoppers,-1.0988857504064322,-1.304955572771067
C107630,3,High-Value Loyalists,4.816970117288196,0.05743922637090292
C107631,1,Mid-Value Occasional Shoppers,-0.3494171566007222,-1.077057905374623
C107632,1,Mid-Value Occasional Shoppers,-0.5780440351069897,-1.1729453609854532
C107633,3,High-Value Loyalists,5.506123923250192,0.35419908319526905
C107634,1,Mid-Value Occasional Shoppers,-1.5143761141957537,-1.3727385753336483
C107635,1,Mid-Value Occasional Shoppers,-0.33564559021515794,-0.474414016109211
C107636,1,Mid-Value Occasional Shoppers,1.4882268313257916,-0.2775439150546394
C107637,0,Low-Engagement / Dormant,-2.933961278088543,0.9091032482644453
C107638,1,Mid-Value Occasional Shoppers,0.16060847458873334,-0.6187374746576229
C107639,1,Mid-Value Occasional Shoppers,-1.7205899453694569,-1.2749356110630798
C107641,1,Mid-Value Occasional Shoppers,-0.6044002985217837,-0.9708548404262222
C107642,1,Mid-Value Occasional Shoppers,0.40489933652202614,-1.0130879615050747
C107643,1,Mid-Value Occasional Shoppers,1.4728705509185442,0.4253062344403056
C107644,0,Low-Engagement / Dormant,-2.6471746689962297,-1.9077299363819653
C107645,3,High-Value Loyalists,4.2137730079942015,0.22083178447065896
C107646,2,Low-Engagement / Dormant,-0.6266705154374598,2.1894434507272362
C107647,2,Low-Engagement / Dormant,-0.7203678784452446,3.372690041461717
C107648,0,Low-Engagement / Dormant,-2.6254327239025885,-2.121280466625917
C107649,1,Mid-Value Occasional Shoppers,-0.4025697292262073,-0.48272534081571333
C107650,1,Mid-Value Occasional Shoppers,1.0005892026700964,0.3537349686655877
C107651,2,Low-Engagement / Dormant,-1.8833320798992472,3.024087261121803
C107652,1,Mid-Value Occasional Shoppers,-0.18969337890899082,-0.371541405142089
C107653,1,Mid-Value Occasional Shoppers,-1.1979257065945506,-0.873036011459518
C107655,1,Mid-Value Occasional Shoppers,1.0837447151898811,-0.8200900353760143
C107656,1,Mid-Value Occasional Shoppers,0.40644887915842937,-0.66819547708607
C107657,1,Mid-Value Occasional Shoppers,-0.5827013217466842,-1.336563709581999
C107658,0,Low-Engagement / Dormant,-1.7193675657001917,-1.8951132115332863
C107659,1,Mid-Value Occasional Shoppers,0.7873887686273712,0.07519875680532197
C107661,1,Mid-Value Occasional Shoppers,0.05207083957299236,-0.3855300039183921
C107662,0,Low-Engagement / Dormant,-2.6368213618087815,-2.0094206650695616
C107663,2,Low-Engagement / Dormant,-1.8478801296808507,3.9976509192359715
C107664,3,High-Value Loyalists,4.163980134638465,0.46251112077969875
C107665,1,Mid-Value Occasional Shoppers,-1.3452337299450479,-1.1957413908287011
C107666,1,Mid-Value Occasional Shoppers,-0.9795663213026921,-0.5281102235711077
C107667,1,Mid-Value Occasional Shoppers,0.8637914400302847,1.0879060922666008
C107668,1,Mid-Value Occasional Shoppers,-0.06360094128293908,-1.1857984006221995
C107669,1,Mid-Value Occasional Shoppers,1.0563186367944173,0.3759543744693377
C107670,1,Mid-Value Occasional Shoppers,-1.246663162590295,-0.41415426320395443
C107671,2,Low-Engagement / Dormant,-3.1198031421032364,2.7344518282067938
C107672,2,Low-Engagement / Dormant,-0.9024858445197329,2.843709995069301
C107673,1,Mid-Value Occasional Shoppers,-0.2119148222863918,-1.001092323776597
C107674,0,Low-Engagement / Dormant,-2.692211555261629,-1.4653752665909228
C107675,3,High-Value Loyalists,4.163701494451262,0.2919894715133254
C107676,1,Mid-Value Occasional Shoppers,0.7919116913455951,0.8417961562793721
C107677,1,Mid-Value Occasional Shoppers,0.24412769379871668,-0.5968832254761406
C107678,2,Low-Engagement / Dormant,-1.1094369762313603,3.6785847217725998
C107679,1,Mid-Value Occasional Shoppers,-0.3757868379281714,-0.814712492555739
C107680,1,Mid-Value Occasional Shoppers,-1.2063715481886108,-1.8032434837433713
C107681,1,Mid-Value Occasional Shoppers,1.1858747599764679,-1.2890949502032232
C107682,2,Low-Engagement / Dormant,-3.102720185243947,2.56666212587226
C107683,1,Mid-Value Occasional Shoppers,0.45740769421540095,0.7350963893236815
C107684,1,Mid-Value Occasional Shoppers,-0.9486570607639169,-0.7712091168322104
C107685,3,High-Value Loyalists,5.395279435936057,0.4923815047010914
C107686,2,Low-Engagement / Dormant,-1.5067884029938021,1.1880420581748754
C107687,1,Mid-Value Occasional Shoppers,1.6729421545433443,-0.38346276976152754
C107688,1,Mid-Value Occasional Shoppers,-0.15449321397332966,-1.2312648731896072
C107689,3,High-Value Loyalists,4.911811030953109,0.10766169016920607
C107690,1,Mid-Value Occasional Shoppers,1.1135663478305853,-1.1512817704005451
C107691,1,Mid-Value Occasional Shoppers,-0.19350654427607017,-0.8969899042503335
C107692,1,Mid-Value Occasional Shoppers,0.3230717114470506,0.4874169209979988
C107693,1,Mid-Value Occasional Shoppers,1.6569770964294321,-0.3151959521319768
C107694,3,High-Value Loyalists,2.294877309215756,0.630111940721361
C107695,2,Low-Engagement / Dormant,-1.9083533273906932,1.8548631978041281
C107696,2,Low-Engagement / Dormant,-1.614889469602211,2.497645712566831
C107697,3,High-Value Loyalists,4.092241575933658,0.22330052629154293
C107698,3,High-Value Loyalists,1.8199846260810635,-0.6813901269199303
C107699,1,Mid-Value Occasional Shoppers,-0.3016127677164342,-0.2805682782945742
C107700,3,High-Value Loyalists,1.8463326548569914,0.5151634177630005
C107701,1,Mid-Value Occasional Shoppers,0.037504556924961664,-0.10498682611856999
C107702,1,Mid-Value Occasional Shoppers,1.3536321679961494,0.7090637316459405
C107703,1,Mid-Value Occasional Shoppers,1.1010978877658102,-0.9647321043279808
C107704,1,Mid-Value Occasional Shoppers,1.5010717319033156,-0.15713007188200878
C107705,1,Mid-Value Occasional Shoppers,0.8538369043579713,0.48364769052759343
C107706,3,High-Value Loyalists,2.923166550851053,0.2306681916695026
C107708,2,Low-Engagement / Dormant,-2.13365249524325,3.4788352434308645
C107709,1,Mid-Value Occasional Shoppers,-0.24854836411219172,-0.7413600388382526
C107710,1,Mid-Value Occasional Shoppers,0.2868488464668078,-0.05515589342035918
C107711,3,High-Value Loyalists,2.412093351259867,0.34818243766684565
C107712,1,Mid-Value Occasional Shoppers,-0.041068842214595835,0.9879911518290628
C107713,2,Low-Engagement / Dormant,-1.0390432878435139,2.860184682713841
C107714,1,Mid-Value Occasional Shoppers,0.35205948909816454,-1.2342592421368275
C107715,1,Mid-Value Occasional Shoppers,0.5887874520066533,-0.3575959900984227
C107716,3,High-Value Loyalists,2.89732673721072,-0.41185716145236195
C107717,1,Mid-Value Occasional Shoppers,0.17074816923377095,0.52070364601731
C107718,0,Low-Engagement / Dormant,-2.7077415160428013,-1.3128391735595286
C107719,2,Low-Engagement / Dormant,-1.0698731307420424,1.490869738159282
C107720,1,Mid-Value Occasional Shoppers,0.25228340468896093,-0.6221499175386126
C107721,1,Mid-Value Occasional Shoppers,-0.37405180891557005,-1.2362824507590287
C107722,1,Mid-Value Occasional Shoppers,-0.2900519718583998,-0.9078663554286316
C107723,1,Mid-Value Occasional Shoppers,-0.20804472460428236,-0.8209431822897895
C107724,1,Mid-Value Occasional Shoppers,-1.292916972287091,-0.9098100193649978
C107725,2,Low-Engagement / Dormant,-2.1923376536517214,3.3600239592231813
C107727,0,Low-Engagement / Dormant,-2.885818399666909,0.4362413598671236
C107728,2,Low-Engagement / Dormant,-1.2425430353496536,2.034292865246312
C107729,1,Mid-Value Occasional Shoppers,1.1827518325137087,0.7544911795447622
C107730,1,Mid-Value Occasional Shoppers,-0.1634373865676776,-1.0084394025615833
C107732,1,Mid-Value Occasional Shoppers,1.4732165677156133,-0.8826650705462921
C107733,3,High-Value Loyalists,2.0498223648712983,0.7672115401515561
C107734,1,Mid-Value Occasional Shoppers,0.08204529587674302,-0.7022029389846401
C107735,1,Mid-Value Occasional Shoppers,-1.2802861137147503,-0.9323488445814978
C107736,1,Mid-Value Occasional Shoppers,-0.3089686022805052,-0.014481779898017967
C107737,1,Mid-Value Occasional Shoppers,-1.0380997674106343,-0.9442263703211952
C107738,1,Mid-Value Occasional Shoppers,-2.006645684556715,-0.29799480108933446
C107739,2,Low-Engagement / Dormant,-1.3387391790796617,2.769630868986987
C107740,1,Mid-Value Occasional Shoppers,-0.8822890311207714,-0.4001866883041988
C107741,2,Low-Engagement / Dormant,-0.34330196980422634,1.4728294397890531
C107742,2,Low-Engagement / Dormant,-2.7061066484248943,1.1388658758145516
C107743,3,High-Value Loyalists,3.0385999231852105,-0.5504111530432912
C107744,1,Mid-Value Occasional Shoppers,-1.8494455615731076,-0.6621327630263746
C107745,1,Mid-Value Occasional Shoppers,-0.6416630585005482,-0.792620190914176
C107746,2,Low-Engagement / Dormant,-1.0007531539760428,1.0370854859663186
C107747,1,Mid-Value Occasional Shoppers,1.054160732985646,-0.6187665019876671
C107748,1,Mid-Value Occasional Shoppers,0.5116953140224219,-0.9504247267008437
C107749,1,Mid-Value Occasional Shoppers,-1.4977360031094067,-0.07630401894389069
C107750,0,Low-Engagement / Dormant,-2.037765311955125,-0.16795780917263914
C107751,0,Low-Engagement / Dormant,-2.735177780089539,-1.0433587425373991
C107753,1,Mid-Value Occasional Shoppers,0.1331138995074187,-1.3970855850023665
C107754,2,Low-Engagement / Dormant,-0.9871227838700546,0.8219002578474562
C107755,1,Mid-Value Occasional Shoppers,0.6332840306298114,-0.28270904342479053
C107756,1,Mid-Value Occasional Shoppers,-0.9428251242383792,-0.024655514608233953
C107757,1,Mid-Value Occasional Shoppers,0.9381001869716793,-0.5010485922086696
C107758,1,Mid-Value Occasional Shoppers,-0.25989602885480007,-0.47974644330008936
C107759,1,Mid-Value Occasional Shoppers,1.0419426768477251,-0.8803817924583718
C107760,1,Mid-Value Occasional Shoppers,1.1173204119157052,-0.1847059337051646
C107761,2,Low-Engagement / Dormant,-0.9397559565949956,2.0212205572620534
C107762,1,Mid-Value Occasional Shoppers,0.4754875260698579,-0.258326175691181
C107763,1,Mid-Value Occasional Shoppers,-0.6239014255111713,-1.3755777354488006
C107764,1,Mid-Value Occasional Shoppers,-0.27124535367559555,0.1345276247017787
C107765,2,Low-Engagement / Dormant,-3.0653709909544924,3.85520949955865
C107767,1,Mid-Value Occasional Shoppers,0.7280856321514072,0.29844076300391353
C107768,1,Mid-Value Occasional Shoppers,-0.3284663992334499,-0.7948464357940224
C107769,1,Mid-Value Occasional Shoppers,-0.9184590037778172,-1.336570807788636
C107770,1,Mid-Value Occasional Shoppers,-0.07562458441766044,0.8990788342108883
C107771,2,Low-Engagement / Dormant,-1.430450063276567,2.9118138330509717
C107772,3,High-Value Loyalists,5.2491379730342285,-0.10364392350946645
C107773,1,Mid-Value Occasional Shoppers,1.2472141778022925,0.8243333420750519
C107774,1,Mid-Value Occasional Shoppers,-0.2870232221921866,0.8987917320125427
C107775,1,Mid-Value Occasional Shoppers,-0.008769940755224852,0.7910495674075539
C107776,1,Mid-Value Occasional Shoppers,0.10170330333369591,-0.30925924908089564
C107777,3,High-Value Loyalists,3.4142049576529243,-0.6045426825050718
C107778,1,Mid-Value Occasional Shoppers,0.14314713931870898,1.507914478219437
C107779,1,Mid-Value Occasional Shoppers,-0.6390414646663414,-0.9332238950162929
C107780,1,Mid-Value Occasional Shoppers,-0.28459771887455726,-0.8038796987894208
C107781,2,Low-Engagement / Dormant,-1.2699391017915989,3.0473083689601506
C107782,1,Mid-Value Occasional Shoppers,-1.4080114762583014,-1.1611013742197938
C107783,2,Low-Engagement / Dormant,-1.769303242026628,3.7080910927060255
C107784,1,Mid-Value Occasional Shoppers,-0.4606818586347027,-0.5437225249905765
C107785,1,Mid-Value Occasional Shoppers,0.18225167591134586,-0.3904963084876094
C107786,0,Low-Engagement / Dormant,-2.0179886165581147,0.44531425201130126
C107788,0,Low-Engagement / Dormant,-1.677701808465784,-1.698552559369486
C107789,3,High-Value Loyalists,3.983882605747696,-0.08745086767650531
C107790,1,Mid-Value Occasional Shoppers,-0.61072420967961,-0.7623403588470301
C107792,1,Mid-Value Occasional Shoppers,-1.810271840628557,-0.35198929680936614
C107793,1,Mid-Value Occasional Shoppers,-1.1282023261833471,-1.7249459327565897
C107794,1,Mid-Value Occasional Shoppers,-0.7645348538589852,-0.008440417226520756
C107795,1,Mid-Value Occasional Shoppers,-0.552063706556746,0.10063267783648987
C107796,1,Mid-Value Occasional Shoppers,0.5594101736500399,-0.5764950389298303
C107797,1,Mid-Value Occasional Shoppers,-0.8066151196265663,-1.1571756449420134
C107798,1,Mid-Value Occasional Shoppers,-0.9959839071107635,-1.9262353837731747
C107799,1,Mid-Value Occasional Shoppers,-0.7011027144519549,-0.37905108203586574
C107800,1,Mid-Value Occasional Shoppers,-2.049625540985368,0.03612166885123151
C107801,0,Low-Engagement / Dormant,-1.8570742757373393,0.31368052002857305
C107802,2,Low-Engagement / Dormant,-1.8713499213686677,2.857424028617146
C107803,1,Mid-Value Occasional Shoppers,0.9648575888075417,0.01406179094128249
C107804,1,Mid-Value Occasional Shoppers,0.24565994723775691,-0.5343374208783764
C107805,1,Mid-Value Occasional Shoppers,-0.7767625289177478,-1.2777790963415778
C107806,1,Mid-Value Occasional Shoppers,-0.005021119534308207,-0.4724922203123007
C107807,1,Mid-Value Occasional Shoppers,-0.8776923879418222,-1.0084763427372625
C107808,1,Mid-Value Occasional Shoppers,1.151912227327924,0.7629273190578624
C107809,1,Mid-Value Occasional Shoppers,-0.9628105683719904,-0.69014954368488
C107810,1,Mid-Value Occasional Shoppers,1.1349019070449093,-0.6927094353760236
C107812,1,Mid-Value Occasional Shoppers,0.2874534061548873,0.05534140653740543
C107813,1,Mid-Value Occasional Shoppers,-0.469223134254823,-0.22873933880772562
C107814,3,High-Value Loyalists,4.744425655354931,0.3503101340364595
C107815,0,Low-Engagement / Dormant,-1.802801830142482,-0.9969808797902762
C107816,1,Mid-Value Occasional Shoppers,0.08393956149839144,-0.9197000936105248
C107817,1,Mid-Value Occasional Shoppers,-2.129496573027971,-0.9981535218585952
C107818,2,Low-Engagement / Dormant,-2.3619596955384035,3.667909559949931
C107819,1,Mid-Value Occasional Shoppers,-0.5904687735381802,0.7515098892973181
C107820,0,Low-Engagement / Dormant,-2.672540271605478,-1.6585876510973552
C107821,3,High-Value Loyalists,5.212548037701282,0.6091837659829308
C107822,3,High-Value Loyalists,2.3743669870774315,-0.7410231591096295
C107823,1,Mid-Value Occasional Shoppers,0.34112498036980005,0.01692546716147888
C107824,0,Low-Engagement / Dormant,-2.6306093774963126,-2.070435102282119
C107825,1,Mid-Value Occasional Shoppers,-1.2212500043654722,-1.473489979191518
C107826,0,Low-Engagement / Dormant,-2.805903797129069,-1.7513054478751504
C107827,1,Mid-Value Occasional Shoppers,0.0948907859446847,0.03330521878854574
C107828,1,Mid-Value Occasional Shoppers,-0.8438082740168974,-0.26879511040168136
C107829,0,Low-Engagement / Dormant,-1.644658911231243,-0.9313787509358609
C107831,2,Low-Engagement / Dormant,-0.054271118530749264,2.0427365274972176
C107833,3,High-Value Loyalists,3.0530375065799764,-0.26419055526937607
C107834,3,High-Value Loyalists,2.3541977428722825,0.49404179341593807
C107835,1,Mid-Value Occasional Shoppers,-0.8082000945287233,-0.6201563794127007
C107836,1,Mid-Value Occasional Shoppers,-0.2651923961304413,-1.5007246444245854
C107837,1,Mid-Value Occasional Shoppers,0.885166973978177,0.47979303405776913
C107838,1,Mid-Value Occasional Shoppers,-0.20262601824719953,1.1331858151983574
C107839,1,Mid-Value Occasional Shoppers,-1.625685389908808,-0.8945639010375027
C107840,1,Mid-Value Occasional Shoppers,-1.55758869631398,-1.653622212664511
C107841,2,Low-Engagement / Dormant,-0.9510170107849624,1.4748930534803208
C107842,0,Low-Engagement / Dormant,-1.504488443551593,-1.847126041647375
C107843,0,Low-Engagement / Dormant,-2.1572906174979476,-1.5177295126035895
C107845,3,High-Value Loyalists,4.504771993784685,0.12550145332438614
C107846,1,Mid-Value Occasional Shoppers,-0.5143988287330181,-0.5030656645258235
C107848,0,Low-Engagement / Dormant,-2.6554573147461884,-1.8263773534318886
C107849,1,Mid-Value Occasional Shoppers,0.019222042732115262,-0.9376772119684047
C107850,2,Low-Engagement / Dormant,-0.2873039323085754,2.1028040930876735
C107851,3,High-Value Loyalists,5.835033423968848,0.5259104381682932
C107852,1,Mid-Value Occasional Shoppers,1.429115880408039,0.20881219619276697
C107853,1,Mid-Value Occasional Shoppers,1.3956764119110732,0.8452458145598014
C107854,1,Mid-Value Occasional Shoppers,-0.21236424919314936,0.2972324415478596
C107855,2,Low-Engagement / Dormant,-2.5856763704789714,3.853164318222863
C107856,1,Mid-Value Occasional Shoppers,-0.6533110495216344,-1.5388820415673878
C107857,1,Mid-Value Occasional Shoppers,-0.35682443170652045,-0.47219013910120333
C107858,1,Mid-Value Occasional Shoppers,-1.2615845658204772,0.026953300989635033
C107859,1,Mid-Value Occasional Shoppers,-1.1650998319372128,-0.9274557754002124
C107860,3,High-Value Loyalists,2.621517821875858,-0.5400777741339708
C107861,2,Low-Engagement / Dormant,-1.6014727084180664,1.360703667280961
C107862,3,High-Value Loyalists,1.8258235950962405,0.36093057798645817
C107863,1,Mid-Value Occasional Shoppers,0.34952433349108025,-0.31730735810186206
C107864,1,Mid-Value Occasional Shoppers,-0.4453645147910336,0.6765101080536935
C107865,1,Mid-Value Occasional Shoppers,-1.4809536298920503,-0.4671447307888531
C107867,1,Mid-Value Occasional Shoppers,0.4296005616611703,-0.5317882833139153
C107868,1,Mid-Value Occasional Shoppers,1.3442309114085942,0.3193425596088626
C107869,1,Mid-Value Occasional Shoppers,-0.16641841116994155,-0.9780633586332976
C107870,1,Mid-Value Occasional Shoppers,-0.641939610695248,-0.21470803938700248
C107871,1,Mid-Value Occasional Shoppers,-0.12377233717706966,-0.2052769381812085
C107872,3,High-Value Loyalists,5.577686498626507,0.008253607863336307
C107873,1,Mid-Value Occasional Shoppers,-0.6725170416171077,-1.1774930039118616
C107874,1,Mid-Value Occasional Shoppers,1.125913253620628,0.6123449239119253
C107876,3,High-Value Loyalists,4.466650497167054,-0.3136013856859877
C107877,3,High-Value Loyalists,1.8630148493779242,-0.17588507883078333
C107878,1,Mid-Value Occasional Shoppers,-0.6465557588265117,-1.0682655547481823
C107879,3,High-Value Loyalists,2.353463657098549,0.4552157711726423
C107880,3,High-Value Loyalists,5.893383127357201,0.0727070750641016
C107881,3,High-Value Loyalists,4.27713524400128,0.24679033004506498
C107882,1,Mid-Value Occasional Shoppers,0.7426107777381782,-0.19112303861624302
C107883,1,Mid-Value Occasional Shoppers,-0.6442487430387128,0.8096598524845727
C107884,3,High-Value Loyalists,4.361397344390814,0.44401210218840104
C107885,3,High-Value Loyalists,2.1230597442223016,-0.2173342806893695
C107886,1,Mid-Value Occasional Shoppers,-0.2396998775054172,-0.8696031823224006
C107887,0,Low-Engagement / Dormant,-1.7831903854315438,-2.255553072029058
C107888,2,Low-Engagement / Dormant,-1.1750056746174946,3.3215074750459626
C107889,1,Mid-Value Occasional Shoppers,-0.04560743340976256,-0.7556399681738907
C107890,3,High-Value Loyalists,2.811373374556339,0.5906538269394493
C107891,2,Low-Engagement / Dormant,-1.596723509701402,0.3757698250364042
C107892,1,Mid-Value Occasional Shoppers,0.09257013535591972,-1.1612146142941235
C107893,1,Mid-Value Occasional Shoppers,-0.7506740919336187,-0.8482593879195175
C107894,1,Mid-Value Occasional Shoppers,1.6271273912791886,0.49522647386148105
C107895,2,Low-Engagement / Dormant,-0.09521955586953026,1.9534030031619494
C107896,0,Low-Engagement / Dormant,-2.734660114730166,-1.0484432789717788
C107897,1,Mid-Value Occasional Shoppers,-0.7684376570644841,-1.4719184935207004
C107898,3,High-Value Loyalists,4.367815922044061,0.024421001523333673
C107899,2,Low-Engagement / Dormant,-2.3225341053968065,4.462674216010867
C107900,0,Low-Engagement / Dormant,-2.9603622114165353,1.1684146064178151
C107901,2,Low-Engagement / Dormant,-2.0408266852087573,0.8884560219508418
C107902,1,Mid-Value Occasional Shoppers,-0.47460389463316865,0.21168051317758865
C107903,1,Mid-Value Occasional Shoppers,-1.5465174885609532,-1.4221876644267029
C107904,0,Low-Engagement / Dormant,-3.0081168154491897,-1.1677798988804318
C107905,1,Mid-Value Occasional Shoppers,-0.23499852898105197,-1.1987964723634439
C107906,2,Low-Engagement / Dormant,-2.0625102690569874,4.227809240773065
C107907,1,Mid-Value Occasional Shoppers,-1.3231808790788977,-1.0004333733917217
C107908,1,Mid-Value Occasional Shoppers,-0.2289835252804155,-1.1054752891928206
C107909,1,Mid-Value Occasional Shoppers,-0.3044818532885634,-0.06905757966716446
C107910,1,Mid-Value Occasional Shoppers,0.7268766007889573,-0.5590546967930905
C107911,1,Mid-Value Occasional Shoppers,-0.49783822779213927,-1.2668309730654774
C107912,1,Mid-Value Occasional Shoppers,-1.5455477978032974,-1.2416126651332773
C107913,1,Mid-Value Occasional Shoppers,1.567963535648518,-0.7150614571326398
C107914,2,Low-Engagement / Dormant,-0.1299260388441066,1.4061286743360826
C107915,1,Mid-Value Occasional Shoppers,-0.42885549743741563,-0.6868985682643418
C107916,1,Mid-Value Occasional Shoppers,-1.1317747462787584,-0.09805461135264533
C107917,1,Mid-Value Occasional Shoppers,0.5636663276822477,0.7191229481449062
C107918,1,Mid-Value Occasional Shoppers,0.060293943265156,-1.421736084063986
C107919,1,Mid-Value Occasional Shoppers,-0.25483144081199893,1.278114668721132
C107920,0,Low-Engagement / Dormant,-1.465993999530633,-1.792725604040525
C107921,3,High-Value Loyalists,2.0519648754547037,-0.6322876556704915
C107922,3,High-Value Loyalists,4.084559500329812,-0.22608251506037186
C107923,1,Mid-Value Occasional Shoppers,0.6230311689130715,0.9033275224806145
C107924,1,Mid-Value Occasional Shoppers,-0.0035231463797191216,1.2469598445433496
C107925,1,Mid-Value Occasional Shoppers,-1.4380220923703073,0.019530639237717178
C107926,1,Mid-Value Occasional Shoppers,1.004177840347551,0.05949898252038429
C107927,1,Mid-Value Occasional Shoppers,-1.1498115298724993,-1.1945937860495397
C107928,1,Mid-Value Occasional Shoppers,0.05352746512407686,0.18103616669138053
C107929,1,Mid-Value Occasional Shoppers,-2.0764878510658034,-1.3136945638967792
C107930,0,Low-Engagement / Dormant,-2.629574046777568,-2.080604175150879
C107931,1,Mid-Value Occasional Shoppers,0.2450705143222463,1.1592733796717607
C107932,1,Mid-Value Occasional Shoppers,-0.17745512102582112,-0.6483930441142081
C107933,0,Low-Engagement / Dormant,-2.6306093774963126,-2.070435102282119
C107934,3,High-Value Loyalists,3.7311709277838974,-0.14725910974180295
C107935,1,Mid-Value Occasional Shoppers,1.4758927656479892,0.607380145659483
C107936,0,Low-Engagement / Dormant,-2.6735756023242225,-1.6484185782285954
C107937,1,Mid-Value Occasional Shoppers,0.9957304422852353,-0.4649669749804499
C107938,2,Low-Engagement / Dormant,0.05266725122236513,2.235995343763348
C107939,1,Mid-Value Occasional Shoppers,-0.8573853458628823,-1.37671517249872
C107940,1,Mid-Value Occasional Shoppers,0.8492851244882961,-0.8392426833388722
C107941,3,High-Value Loyalists,4.194455297795586,0.4152300128215843
C107942,2,Low-Engagement / Dormant,-2.091926608183736,3.2648578285980223
C107943,2,Low-Engagement / Dormant,-0.9582212247642441,2.4342079872818463
C107945,2,Low-Engagement / Dormant,-0.2991390410506234,3.6459978121616428
C107946,1,Mid-Value Occasional Shoppers,-0.7570098894910341,-0.9379659651573585
C107947,1,Mid-Value Occasional Shoppers,0.8692813133186922,-0.5548527446024106
C107948,3,High-Value Loyalists,2.0023536421428685,-0.8909510944324358
C107949,1,Mid-Value Occasional Shoppers,-2.2128508792016586,-0.678730222727201
C107950,1,Mid-Value Occasional Shoppers,-0.9596965793147323,-1.5277128638872928
C107951,3,High-Value Loyalists,5.096758941965996,0.5723068455120046
C107952,3,High-Value Loyalists,7.211266238791634,0.6573010899240799
C107953,2,Low-Engagement / Dormant,-0.24905896933813673,1.2568614299305376
C107954,1,Mid-Value Occasional Shoppers,-0.8044527139027857,-0.5808130958616439
C107955,3,High-Value Loyalists,2.360460623353772,-0.6750894876643346
C107956,2,Low-Engagement / Dormant,-2.548860150000826,3.778375064752814
C107957,2,Low-Engagement / Dormant,-1.2188681224493338,1.6103842555715047
C107958,1,Mid-Value Occasional Shoppers,-0.32830202680004167,-0.12879410785994522
C107959,1,Mid-Value Occasional Shoppers,-0.48722536563256563,-0.99775924600423
C107960,1,Mid-Value Occasional Shoppers,1.5673933689830657,-0.2092312378924714
C107961,0,Low-Engagement / Dormant,-2.6238797278244714,-2.1365340759290565
C107963,1,Mid-Value Occasional Shoppers,-1.1737239247565612,-0.18259786212558915
C107964,1,Mid-Value Occasional Shoppers,1.2403064315536,-0.5594727810542576
C107965,1,Mid-Value Occasional Shoppers,-0.4881457816392715,-1.5504684897843923
C107966,1,Mid-Value Occasional Shoppers,0.9346577679869998,-1.0341226388434652
C107967,1,Mid-Value Occasional Shoppers,-0.8517163474393884,-0.21033536171113879
C107968,1,Mid-Value Occasional Shoppers,-0.8188580804403488,-0.41312966663378525
C107969,1,Mid-Value Occasional Shoppers,0.5761418172120039,-1.3348677048414885
C107970,1,Mid-Value Occasional Shoppers,-1.2014062802587437,0.2550770759734165
C107971,3,High-Value Loyalists,5.561292620459173,0.4957408751586553
C107973,1,Mid-Value Occasional Shoppers,0.18372428494440132,0.370286898108134
C107974,1,Mid-Value Occasional Shoppers,-0.24867254386512855,-0.9155724891635416
C107975,1,Mid-Value Occasional Shoppers,-0.3396549756524358,-0.4559569935647282
C107976,1,Mid-Value Occasional Shoppers,-0.9119038197278552,-0.3593974879740137
C107977,2,Low-Engagement / Dormant,-2.419206815606568,4.309987851829043
C107978,1,Mid-Value Occasional Shoppers,-0.28903960296053965,-0.5090546365860635
C107979,1,Mid-Value Occasional Shoppers,-1.6920582892951999,-1.4587058745705976
C107980,3,High-Value Loyalists,4.813109024892244,0.04497839068460864
C107981,1,Mid-Value Occasional Shoppers,-1.579746087948733,-0.5191438913061113
C107982,1,Mid-Value Occasional Shoppers,-1.9732397449930699,-1.10249342540522
C107983,0,Low-Engagement / Dormant,-2.6223267317463543,-2.151787685232196
C107984,0,Low-Engagement / Dormant,-2.912736998354274,0.7006372544548735
C107985,3,High-Value Loyalists,2.651454528311248,-0.26059284412074335
C107986,1,Mid-Value Occasional Shoppers,-0.8483696316705832,-0.6174855677428366
C107987,1,Mid-Value Occasional Shoppers,0.7436709962709999,-0.4912655174752207
C107988,1,Mid-Value Occasional Shoppers,1.709427840509977,-0.7455368287118848
C107989,1,Mid-Value Occasional Shoppers,-0.19309853555777343,-0.4800849747921443
C107990,1,Mid-Value Occasional Shoppers,-0.1030737843660128,-0.9814534649707302
C107991,2,Low-Engagement / Dormant,-1.2125505215419305,1.5594550693324785
C107992,1,Mid-Value Occasional Shoppers,0.1209422004226804,-1.0405357439356566
C107993,1,Mid-Value Occasional Shoppers,1.0646082791860738,-0.5321910470832673
C107994,0,Low-Engagement / Dormant,-2.6368213618087815,-2.0094206650695616
C107995,0,Low-Engagement / Dormant,-2.816968906870379,-0.24000198590539043
C107996,1,Mid-Value Occasional Shoppers,-0.9626379250950067,-1.3801979698243914
C107999,1,Mid-Value Occasional Shoppers,-0.34851917275076233,-0.9923673854073979
