customer_id,signup_date,age,gender,region,acquisition_channel,acquisition_cost
C100000,2025-07-26,49,Other,North,Organic Search,180
C100001,2024-06-22,24,Male,South,Organic Search,180
C100002,2026-03-31,38,Female,East,Referral,90
C100003,2025-09-22,42,Male,South,Direct,60
C100004,2023-09-25,58,Male,South,Social Media,420
C100005,2025-05-13,48,Male,South,Organic Search,180
C100006,2025-07-28,40,Female,East,Organic Search,180
C100007,2024-03-05,25,Male,Central,Paid Ads,650
C100008,2025-08-07,55,Male,East,Organic Search,180
C100009,2026-03-01,40,Female,East,Email Marketing,140
C100010,2025-11-16,19,Female,West,Organic Search,180
C100011,2025-09-07,32,Female,North,Organic Search,180
C100012,2025-03-26,63,Female,South,Referral,90
C100013,2023-12-14,24,Male,North,Organic Search,180
C100014,2025-10-19,39,Male,South,Paid Ads,650
C100015,2024-04-13,44,Female,Central,Social Media,420
C100016,2024-11-15,22,Female,South,Organic Search,180
C100017,2024-02-09,26,Male,Central,Social Media,420
C100018,2024-02-07,66,Male,North,Paid Ads,650
C100019,2023-07-22,48,Male,South,Social Media,420
C100020,2026-05-21,28,Male,South,Organic Search,180
C100021,2023-07-10,26,Other,North,Paid Ads,650
C100022,2023-04-21,40,Female,South,Social Media,420
C100023,2026-04-18,55,Male,East,Organic Search,180
C100024,2024-12-14,55,Female,East,Organic Search,180
C100025,2024-07-17,28,Female,West,Paid Ads,650
C100026,2025-08-06,55,Male,Central,Organic Search,180
C100027,2024-05-07,64,Male,East,Organic Search,180
C100028,2023-06-14,29,Female,Central,Direct,60
C100029,2025-07-27,19,Male,North,Paid Ads,650
C100030,2023-08-15,67,Female,South,Social Media,420
C100031,2024-12-12,45,Female,South,Organic Search,180
C100032,2026-05-05,58,Female,East,Organic Search,180
C100033,2026-04-18,34,Other,East,Referral,90
C100034,2024-04-08,33,Female,East,Referral,90
C100035,2025-09-30,29,Female,Central,Direct,60
C100036,2025-02-26,29,Male,South,Organic Search,180
C100037,2024-09-08,42,Female,West,Organic Search,180
C100038,2023-06-29,23,Female,East,Referral,90
C100039,2024-04-28,61,Female,East,Paid Ads,650
C100040,2025-04-18,44,Female,South,Organic Search,180
C100041,2026-06-22,65,Male,South,Paid Ads,650
C100042,2023-01-07,44,Female,South,Organic Search,180
C100043,2025-07-12,33,Female,West,Email Marketing,140
C100044,2025-12-24,44,Female,East,Email Marketing,140
C100045,2026-05-08,26,Female,North,Social Media,420
C100046,2024-06-29,60,Female,West,Paid Ads,650
C100047,2023-06-02,55,Female,West,Referral,90
C100048,2023-12-15,25,Male,Central,Social Media,420
C100049,2025-12-29,48,Male,East,Referral,90
C100050,2026-02-03,45,Female,East,Social Media,420
C100051,2025-03-30,28,Female,East,Direct,60
C100052,2023-06-07,24,Female,West,Paid Ads,650
C100053,2023-06-06,57,Male,South,Social Media,420
C100054,2024-09-06,31,Male,North,Email Marketing,140
C100055,2025-01-26,44,Male,Central,Email Marketing,140
C100056,2023-02-11,30,Female,West,Direct,60
C100057,2025-06-01,51,Female,East,Paid Ads,650
C100058,2024-12-01,20,Other,East,Referral,90
C100059,2023-01-16,36,Male,West,Paid Ads,650
C100060,2023-05-04,46,Female,North,Social Media,420
C100061,2024-08-07,40,Female,South,Organic Search,180
C100062,2025-07-18,49,Male,North,Paid Ads,650
C100063,2025-11-27,27,Other,North,Direct,60
C100064,2024-07-08,40,Female,North,Email Marketing,140
C100065,2024-01-15,57,Male,West,Paid Ads,650
C100066,2026-05-30,35,Male,North,Organic Search,180
C100067,2024-08-12,26,Female,West,Paid Ads,650
C100068,2024-02-10,62,Female,Central,Organic Search,180
C100069,2024-07-22,58,Female,North,Organic Search,180
C100070,2023-01-16,53,Female,West,Email Marketing,140
C100071,2024-01-24,59,Male,East,Paid Ads,650
C100072,2024-10-25,58,Female,Central,Organic Search,180
C100073,2026-03-27,56,Female,East,Referral,90
C100074,2025-08-07,44,Male,South,Organic Search,180
C100075,2025-10-01,19,Female,South,Paid Ads,650
C100076,2024-12-01,49,Male,Central,Organic Search,180
C100077,2023-05-23,32,Male,North,Organic Search,180
C100078,2024-05-17,58,Male,West,Social Media,420
C100079,2026-07-06,42,Female,North,Referral,90
C100080,2023-02-26,65,Male,East,Paid Ads,650
C100081,2026-02-04,48,Male,South,Email Marketing,140
C100082,2025-05-30,46,Female,North,Email Marketing,140
C100083,2024-01-01,65,Male,North,Email Marketing,140
C100084,2025-09-27,42,Female,South,Direct,60
C100085,2025-12-12,37,Female,West,Direct,60
C100086,2023-02-25,37,Male,West,Email Marketing,140
C100087,2023-05-17,63,Male,North,Paid Ads,650
C100088,2025-05-06,57,Other,East,Organic Search,180
C100089,2026-07-08,26,Male,North,Referral,90
C100090,2023-01-31,43,Male,West,Email Marketing,140
C100091,2025-05-06,37,Female,West,Email Marketing,140
C100092,2023-06-25,51,Female,Central,Social Media,420
C100093,2025-04-16,20,Female,Central,Email Marketing,140
C100094,2025-03-12,55,Female,South,Referral,90
C100095,2023-04-27,56,Female,South,Social Media,420
C100096,2025-05-25,29,Female,Central,Organic Search,180
C100097,2026-02-27,25,Female,North,Paid Ads,650
C100098,2026-01-15,50,Female,North,Organic Search,180
C100099,2023-02-07,31,Female,South,Organic Search,180
C100100,2023-11-13,66,Female,West,Social Media,420
C100101,2023-11-06,58,Male,West,Organic Search,180
C100102,2024-08-05,67,Female,Central,Email Marketing,140
C100103,2023-07-03,45,Female,South,Paid Ads,650
C100104,2026-01-03,66,Male,South,Referral,90
C100105,2025-09-25,18,Male,South,Organic Search,180
C100106,2025-11-05,33,Female,West,Email Marketing,140
C100107,2023-09-12,18,Male,North,Paid Ads,650
C100108,2023-01-19,53,Male,Central,Social Media,420
C100109,2026-03-17,44,Male,East,Social Media,420
C100110,2024-01-07,32,Male,West,Social Media,420
C100111,2025-04-23,33,Female,West,Social Media,420
C100112,2026-03-15,51,Male,East,Referral,90
C100113,2023-02-16,27,Male,West,Email Marketing,140
C100114,2023-01-08,44,Female,South,Paid Ads,650
C100115,2023-01-07,49,Male,West,Direct,60
C100116,2023-07-21,30,Male,West,Paid Ads,650
C100117,2023-03-08,29,Female,East,Organic Search,180
C100118,2025-11-20,36,Female,North,Paid Ads,650
C100119,2025-02-18,48,Female,Central,Paid Ads,650
C100120,2026-06-14,31,Female,Central,Paid Ads,650
C100121,2025-10-27,37,Female,East,Email Marketing,140
C100122,2026-05-23,46,Male,Central,Social Media,420
C100123,2023-11-03,27,Female,East,Direct,60
C100124,2024-01-06,47,Female,South,Organic Search,180
C100125,2025-12-28,25,Male,East,Social Media,420
C100126,2023-11-11,25,Female,North,Organic Search,180
C100127,2023-03-15,30,Male,East,Paid Ads,650
C100128,2025-05-10,32,Female,West,Paid Ads,650
C100129,2025-10-27,19,Female,North,Referral,90
C100130,2026-05-30,68,Female,South,Referral,90
C100131,2026-04-08,34,Male,West,Organic Search,180
C100132,2023-06-04,59,Female,West,Organic Search,180
C100133,2025-09-19,64,Female,Central,Paid Ads,650
C100134,2025-12-24,59,Male,South,Organic Search,180
C100135,2025-06-16,61,Male,West,Social Media,420
C100136,2025-11-20,23,Female,North,Social Media,420
C100137,2025-12-13,37,Male,North,Email Marketing,140
C100138,2024-07-28,56,Female,West,Direct,60
C100139,2023-02-21,47,Female,South,Paid Ads,650
C100140,2024-08-09,18,Male,West,Email Marketing,140
C100141,2023-09-17,47,Female,South,Referral,90
C100142,2023-05-27,59,Male,North,Organic Search,180
C100143,2023-06-10,61,Female,East,Email Marketing,140
C100144,2025-06-15,37,Female,North,Paid Ads,650
C100145,2024-10-10,30,Male,South,Referral,90
C100146,2024-11-25,34,Female,North,Referral,90
C100147,2025-08-16,33,Female,South,Email Marketing,140
C100148,2024-12-06,36,Other,West,Referral,90
C100149,2025-03-21,33,Male,North,Email Marketing,140
C100150,2023-04-21,41,Female,East,Paid Ads,650
C100151,2025-12-30,20,Female,East,Direct,60
C100152,2024-07-31,32,Male,East,Social Media,420
C100153,2023-07-19,34,Female,East,Referral,90
C100154,2025-11-11,25,Male,West,Email Marketing,140
C100155,2025-08-02,63,Female,Central,Organic Search,180
C100156,2023-03-10,53,Male,North,Paid Ads,650
C100157,2023-09-06,65,Other,West,Email Marketing,140
C100158,2023-01-21,47,Male,North,Direct,60
C100159,2023-12-15,23,Male,East,Referral,90
C100160,2023-05-09,65,Female,East,Paid Ads,650
C100161,2025-07-01,41,Female,North,Organic Search,180
C100162,2024-11-03,53,Female,North,Social Media,420
C100163,2026-06-14,37,Female,North,Paid Ads,650
C100164,2025-08-21,43,Male,North,Email Marketing,140
C100165,2025-02-25,43,Female,East,Social Media,420
C100166,2024-10-16,32,Male,North,Paid Ads,650
C100167,2023-03-12,46,Male,West,Paid Ads,650
C100168,2023-04-01,56,Female,Central,Direct,60
C100169,2025-03-03,19,Female,South,Social Media,420
C100170,2023-01-06,24,Male,North,Organic Search,180
C100171,2023-02-24,61,Male,South,Social Media,420
C100172,2023-10-09,47,Female,Central,Paid Ads,650
C100173,2026-02-11,68,Male,South,Paid Ads,650
C100174,2024-08-13,49,Male,North,Referral,90
C100175,2025-07-01,51,Male,Central,Organic Search,180
C100176,2024-06-13,64,Male,East,Paid Ads,650
C100177,2023-08-11,52,Male,South,Paid Ads,650
C100178,2024-04-22,35,Other,Central,Paid Ads,650
C100179,2023-04-28,45,Male,Central,Social Media,420
C100180,2025-09-17,30,Female,East,Referral,90
C100181,2023-08-25,35,Female,South,Organic Search,180
C100182,2024-04-29,53,Female,East,Paid Ads,650
C100183,2026-06-14,25,Female,North,Referral,90
C100184,2025-01-31,52,Female,East,Email Marketing,140
C100185,2024-08-12,48,Female,North,Organic Search,180
C100186,2024-11-29,34,Female,East,Organic Search,180
C100187,2025-10-05,20,Female,West,Direct,60
C100188,2023-11-24,54,Female,Central,Organic Search,180
C100189,2025-03-29,60,Female,West,Direct,60
C100190,2026-01-27,55,Male,North,Email Marketing,140
C100191,2025-01-06,39,Female,North,Organic Search,180
C100192,2024-07-28,51,Female,East,Organic Search,180
C100193,2023-07-06,39,Male,South,Direct,60
C100194,2023-11-16,36,Female,North,Organic Search,180
C100195,2026-05-01,35,Male,West,Social Media,420
C100196,2024-11-27,28,Male,South,Organic Search,180
C100197,2024-01-23,68,Female,North,Social Media,420
C100198,2024-06-22,52,Male,East,Email Marketing,140
C100199,2025-01-13,27,Male,Central,Social Media,420
C100200,2024-11-22,62,Male,West,Organic Search,180
C100201,2025-06-18,25,Female,North,Social Media,420
C100202,2023-11-28,48,Male,East,Social Media,420
C100203,2025-04-14,26,Female,Central,Organic Search,180
C100204,2024-07-23,36,Female,North,Referral,90
C100205,2026-04-24,52,Female,East,Social Media,420
C100206,2023-07-23,69,Female,West,Organic Search,180
C100207,2023-07-10,69,Female,West,Direct,60
C100208,2024-08-16,64,Male,North,Paid Ads,650
C100209,2024-10-15,30,Female,Central,Organic Search,180
C100210,2025-06-07,22,Female,South,Organic Search,180
C100211,2024-06-03,65,Male,North,Paid Ads,650
C100212,2026-03-21,66,Male,North,Paid Ads,650
C100213,2024-09-01,32,Female,South,Paid Ads,650
C100214,2023-06-16,18,Male,North,Referral,90
C100215,2023-06-03,51,Female,West,Social Media,420
C100216,2026-06-05,21,Male,Central,Organic Search,180
C100217,2023-06-22,20,Female,North,Referral,90
C100218,2026-05-03,66,Male,West,Referral,90
C100219,2023-12-24,43,Female,Central,Social Media,420
C100220,2023-05-01,23,Male,North,Direct,60
C100221,2024-01-27,52,Male,West,Paid Ads,650
C100222,2025-03-01,37,Male,Central,Organic Search,180
C100223,2024-07-04,45,Female,West,Organic Search,180
C100224,2025-10-07,64,Female,East,Paid Ads,650
C100225,2025-02-24,30,Female,Central,Paid Ads,650
C100226,2024-05-30,51,Male,West,Organic Search,180
C100227,2025-03-27,61,Female,South,Social Media,420
C100228,2026-06-03,40,Male,North,Email Marketing,140
C100229,2024-06-13,68,Male,East,Referral,90
C100230,2023-07-17,41,Female,South,Social Media,420
C100231,2024-06-09,41,Female,South,Social Media,420
C100232,2025-12-16,63,Female,North,Referral,90
C100233,2023-10-07,51,Male,West,Paid Ads,650
C100234,2026-05-05,63,Male,West,Paid Ads,650
C100235,2025-01-26,59,Female,South,Paid Ads,650
C100236,2025-02-12,55,Male,North,Organic Search,180
C100237,2024-02-12,30,Male,North,Social Media,420
C100238,2026-03-29,38,Other,North,Paid Ads,650
C100239,2023-02-16,62,Female,East,Organic Search,180
C100240,2024-01-20,50,Male,North,Organic Search,180
C100241,2024-06-22,32,Male,Central,Referral,90
C100242,2024-09-05,35,Female,South,Organic Search,180
C100243,2024-09-01,58,Male,North,Paid Ads,650
C100244,2023-07-10,27,Male,Central,Organic Search,180
C100245,2023-10-18,23,Male,South,Organic Search,180
C100246,2023-05-03,57,Female,South,Referral,90
C100247,2025-01-06,32,Female,North,Organic Search,180
C100248,2024-03-27,57,Male,West,Paid Ads,650
C100249,2024-12-28,45,Male,South,Direct,60
C100250,2025-01-28,69,Female,West,Paid Ads,650
C100251,2025-06-21,45,Female,East,Social Media,420
C100252,2024-12-04,63,Female,Central,Social Media,420
C100253,2025-04-13,62,Male,East,Organic Search,180
C100254,2025-01-25,29,Female,West,Paid Ads,650
C100255,2025-04-19,69,Female,West,Paid Ads,650
C100256,2025-03-04,56,Female,East,Organic Search,180
C100257,2024-02-11,23,Male,West,Organic Search,180
C100258,2023-11-13,18,Female,West,Social Media,420
C100259,2025-10-09,32,Male,North,Organic Search,180
C100260,2024-03-16,18,Male,West,Organic Search,180
C100261,2024-12-07,36,Male,South,Social Media,420
C100262,2023-09-11,69,Female,East,Paid Ads,650
C100263,2024-07-08,42,Male,North,Social Media,420
C100264,2024-11-12,19,Female,North,Organic Search,180
C100265,2025-03-16,43,Female,North,Referral,90
C100266,2024-11-07,29,Female,North,Email Marketing,140
C100267,2024-04-08,62,Male,North,Social Media,420
C100268,2026-05-21,22,Female,North,Email Marketing,140
C100269,2024-10-21,58,Male,East,Paid Ads,650
C100270,2025-11-05,41,Female,South,Organic Search,180
C100271,2025-08-05,18,Male,Central,Paid Ads,650
C100272,2024-12-18,53,Male,West,Paid Ads,650
C100273,2026-02-13,41,Female,North,Email Marketing,140
C100274,2023-06-14,58,Male,South,Paid Ads,650
C100275,2026-03-30,50,Male,South,Paid Ads,650
C100276,2025-12-29,58,Other,South,Email Marketing,140
C100277,2024-10-09,41,Male,East,Organic Search,180
C100278,2025-08-01,18,Male,West,Social Media,420
C100279,2024-10-31,24,Male,East,Paid Ads,650
C100280,2023-12-12,41,Male,South,Direct,60
C100281,2025-10-25,38,Female,West,Organic Search,180
C100282,2023-11-13,59,Male,South,Referral,90
C100283,2024-02-09,39,Male,West,Social Media,420
C100284,2024-10-29,62,Female,Central,Direct,60
C100285,2025-12-12,27,Male,South,Direct,60
C100286,2024-05-08,38,Female,West,Referral,90
C100287,2024-09-27,57,Other,West,Organic Search,180
C100288,2023-02-23,24,Male,East,Paid Ads,650
C100289,2023-05-29,34,Male,North,Email Marketing,140
C100290,2023-03-13,57,Male,West,Social Media,420
C100291,2023-04-03,48,Male,South,Email Marketing,140
C100292,2026-01-21,58,Female,North,Referral,90
C100293,2025-12-18,44,Female,East,Paid Ads,650
C100294,2025-11-22,62,Male,South,Organic Search,180
C100295,2023-03-13,63,Male,North,Paid Ads,650
C100296,2023-04-10,68,Male,Central,Referral,90
C100297,2023-12-27,24,Other,South,Paid Ads,650
C100298,2024-12-27,48,Female,East,Organic Search,180
C100299,2024-03-05,23,Male,West,Referral,90
C100300,2024-09-19,29,Female,North,Organic Search,180
C100301,2023-08-11,33,Male,West,Paid Ads,650
C100302,2025-07-28,51,Female,East,Paid Ads,650
C100303,2024-02-08,40,Female,East,Social Media,420
C100304,2023-03-27,62,Female,East,Organic Search,180
C100305,2025-08-13,33,Male,Central,Referral,90
C100306,2026-03-06,50,Male,Central,Email Marketing,140
C100307,2023-01-19,57,Other,North,Referral,90
C100308,2024-07-15,68,Male,South,Direct,60
C100309,2025-11-29,30,Male,East,Organic Search,180
C100310,2025-06-27,56,Female,Central,Organic Search,180
C100311,2026-01-06,22,Female,West,Organic Search,180
C100312,2024-06-17,46,Female,South,Referral,90
C100313,2024-04-23,39,Female,Central,Organic Search,180
C100314,2025-07-01,67,Female,South,Direct,60
C100315,2023-07-17,58,Male,South,Social Media,420
C100316,2023-11-04,66,Female,East,Email Marketing,140
C100317,2025-02-11,62,Female,South,Paid Ads,650
C100318,2025-05-09,39,Female,East,Referral,90
C100319,2023-06-03,56,Male,South,Paid Ads,650
C100320,2024-10-15,19,Male,West,Social Media,420
C100321,2024-04-14,47,Female,Central,Referral,90
C100322,2024-10-07,20,Male,South,Organic Search,180
C100323,2026-05-17,55,Male,East,Email Marketing,140
C100324,2023-04-09,68,Female,West,Referral,90
C100325,2026-07-04,53,Female,North,Referral,90
C100326,2024-08-01,61,Male,West,Organic Search,180
C100327,2025-09-19,30,Male,East,Organic Search,180
C100328,2024-06-29,69,Male,North,Organic Search,180
C100329,2024-02-04,46,Female,Central,Social Media,420
C100330,2025-09-17,53,Female,South,Organic Search,180
C100331,2025-06-03,58,Male,North,Direct,60
C100332,2023-07-05,51,Male,North,Direct,60
C100333,2025-06-26,34,Male,West,Organic Search,180
C100334,2025-08-26,49,Male,Central,Referral,90
C100335,2024-05-13,52,Male,South,Organic Search,180
C100336,2026-04-05,62,Female,North,Paid Ads,650
C100337,2025-04-04,43,Male,North,Organic Search,180
C100338,2024-03-05,44,Male,East,Email Marketing,140
C100339,2023-01-14,44,Female,South,Email Marketing,140
C100340,2025-05-17,23,Male,South,Organic Search,180
C100341,2023-09-26,22,Male,South,Organic Search,180
C100342,2025-08-30,19,Male,East,Paid Ads,650
C100343,2024-11-06,52,Male,East,Social Media,420
C100344,2024-08-23,39,Male,East,Organic Search,180
C100345,2023-07-30,63,Female,North,Email Marketing,140
C100346,2025-07-03,54,Male,East,Direct,60
C100347,2023-08-02,25,Female,East,Paid Ads,650
C100348,2024-06-21,23,Female,East,Email Marketing,140
C100349,2025-12-11,37,Male,North,Social Media,420
C100350,2026-03-29,65,Male,North,Social Media,420
C100351,2026-06-26,20,Male,East,Email Marketing,140
C100352,2026-05-17,27,Male,South,Paid Ads,650
C100353,2024-12-15,19,Female,East,Social Media,420
C100354,2023-09-15,39,Male,South,Organic Search,180
C100355,2025-12-15,69,Female,North,Referral,90
C100356,2025-10-27,53,Female,East,Organic Search,180
C100357,2026-06-27,43,Female,South,Organic Search,180
C100358,2025-04-17,25,Female,North,Paid Ads,650
C100359,2023-07-02,36,Female,West,Paid Ads,650
C100360,2024-10-08,45,Female,South,Organic Search,180
C100361,2024-07-30,32,Other,Central,Organic Search,180
C100362,2025-12-20,54,Male,North,Email Marketing,140
C100363,2024-05-19,68,Male,Central,Social Media,420
C100364,2024-02-27,28,Male,West,Paid Ads,650
C100365,2023-04-13,31,Male,North,Email Marketing,140
C100366,2025-12-10,24,Female,East,Email Marketing,140
C100367,2025-08-29,55,Male,East,Organic Search,180
C100368,2023-02-23,42,Female,East,Social Media,420
C100369,2024-07-11,32,Female,South,Paid Ads,650
C100370,2024-09-08,29,Male,Central,Social Media,420
C100371,2024-08-26,21,Female,West,Referral,90
C100372,2026-03-27,42,Male,Central,Organic Search,180
C100373,2023-07-13,53,Female,West,Social Media,420
C100374,2024-01-29,30,Female,West,Paid Ads,650
C100375,2023-08-21,18,Male,West,Social Media,420
C100376,2023-11-10,42,Female,East,Organic Search,180
C100377,2026-03-12,53,Male,Central,Email Marketing,140
C100378,2026-04-24,35,Female,East,Social Media,420
C100379,2023-02-27,31,Female,North,Organic Search,180
C100380,2025-03-23,26,Male,East,Referral,90
C100381,2023-10-27,56,Female,North,Organic Search,180
C100382,2023-09-05,62,Female,Central,Social Media,420
C100383,2024-01-11,58,Female,East,Social Media,420
C100384,2023-09-07,44,Female,East,Organic Search,180
C100385,2024-09-22,55,Female,North,Organic Search,180
C100386,2026-07-04,38,Male,East,Organic Search,180
C100387,2025-01-24,19,Female,South,Referral,90
C100388,2025-07-19,37,Female,West,Referral,90
C100389,2024-09-26,54,Male,East,Organic Search,180
C100390,2023-01-18,51,Male,East,Organic Search,180
C100391,2023-04-19,69,Male,South,Email Marketing,140
C100392,2023-12-12,69,Male,East,Organic Search,180
C100393,2023-11-10,30,Male,East,Paid Ads,650
C100394,2025-12-16,18,Male,Central,Referral,90
C100395,2025-12-20,32,Female,Central,Organic Search,180
C100396,2026-01-03,63,Male,West,Direct,60
C100397,2025-03-30,60,Male,South,Organic Search,180
C100398,2024-12-16,23,Female,North,Email Marketing,140
C100399,2025-04-14,26,Male,Central,Paid Ads,650
C100400,2024-06-07,47,Male,Central,Organic Search,180
C100401,2025-05-11,52,Female,North,Paid Ads,650
C100402,2025-10-18,69,Other,West,Direct,60
C100403,2025-09-08,57,Female,South,Social Media,420
C100404,2025-02-28,29,Male,North,Organic Search,180
C100405,2023-03-16,19,Male,Central,Direct,60
C100406,2025-07-21,50,Other,Central,Organic Search,180
C100407,2024-04-16,46,Female,Central,Organic Search,180
C100408,2025-08-14,65,Female,North,Organic Search,180
C100409,2024-11-24,47,Female,East,Email Marketing,140
C100410,2026-02-07,44,Male,Central,Organic Search,180
C100411,2024-03-11,33,Male,West,Organic Search,180
C100412,2026-04-12,22,Female,South,Direct,60
C100413,2025-12-21,63,Female,East,Social Media,420
C100414,2024-03-01,60,Male,North,Paid Ads,650
C100415,2024-09-12,26,Female,East,Social Media,420
C100416,2024-11-14,54,Male,Central,Organic Search,180
C100417,2025-09-15,36,Female,North,Paid Ads,650
C100418,2025-06-05,40,Male,North,Paid Ads,650
C100419,2025-12-31,62,Female,East,Social Media,420
C100420,2024-04-20,61,Male,East,Referral,90
C100421,2024-10-11,27,Female,South,Paid Ads,650
C100422,2024-07-08,33,Female,North,Organic Search,180
C100423,2026-03-15,60,Male,West,Paid Ads,650
C100424,2024-01-28,65,Female,South,Referral,90
C100425,2025-01-25,22,Female,East,Referral,90
C100426,2023-06-04,61,Female,East,Referral,90
C100427,2025-12-29,43,Male,South,Direct,60
C100428,2024-05-09,48,Female,East,Email Marketing,140
C100429,2024-03-13,21,Female,West,Direct,60
C100430,2025-01-19,53,Female,East,Social Media,420
C100431,2024-10-03,53,Female,East,Organic Search,180
C100432,2025-12-26,52,Female,South,Social Media,420
C100433,2024-11-14,59,Male,South,Organic Search,180
C100434,2024-10-26,67,Male,East,Organic Search,180
C100435,2023-05-16,62,Male,South,Paid Ads,650
C100436,2023-01-29,56,Male,South,Paid Ads,650
C100437,2024-05-27,69,Male,North,Referral,90
C100438,2026-07-07,53,Male,West,Paid Ads,650
C100439,2026-03-25,52,Female,North,Organic Search,180
C100440,2025-03-19,46,Female,Central,Email Marketing,140
C100441,2025-03-22,57,Male,East,Social Media,420
C100442,2024-05-18,21,Female,North,Organic Search,180
C100443,2023-08-17,44,Female,East,Organic Search,180
C100444,2023-01-11,40,Female,South,Organic Search,180
C100445,2024-03-11,65,Female,Central,Email Marketing,140
C100446,2024-02-11,21,Other,Central,Organic Search,180
C100447,2023-09-04,51,Female,West,Direct,60
C100448,2023-11-30,27,Other,East,Organic Search,180
C100449,2023-02-01,63,Female,Central,Referral,90
C100450,2025-02-20,62,Male,East,Organic Search,180
C100451,2026-04-07,30,Female,Central,Paid Ads,650
C100452,2025-06-07,63,Female,North,Paid Ads,650
C100453,2024-07-30,43,Female,Central,Paid Ads,650
C100454,2024-06-24,68,Female,West,Direct,60
C100455,2024-01-31,55,Male,South,Referral,90
C100456,2023-07-03,19,Male,Central,Organic Search,180
C100457,2025-02-08,28,Female,West,Referral,90
C100458,2024-12-29,38,Female,Central,Organic Search,180
C100459,2023-01-10,28,Female,North,Direct,60
C100460,2024-06-18,24,Female,East,Paid Ads,650
C100461,2023-12-24,68,Female,West,Organic Search,180
C100462,2023-08-07,63,Female,North,Organic Search,180
C100463,2025-06-23,40,Male,West,Organic Search,180
C100464,2024-11-07,29,Female,East,Direct,60
C100465,2025-03-26,27,Male,South,Paid Ads,650
C100466,2025-07-06,65,Female,West,Organic Search,180
C100467,2026-06-16,35,Male,North,Email Marketing,140
C100468,2025-10-29,18,Female,West,Organic Search,180
C100469,2025-03-08,38,Male,Central,Organic Search,180
C100470,2026-02-04,41,Male,East,Social Media,420
C100471,2024-09-06,50,Female,East,Organic Search,180
C100472,2026-06-20,35,Female,South,Email Marketing,140
C100473,2025-09-06,65,Male,South,Social Media,420
C100474,2025-04-17,51,Female,Central,Organic Search,180
C100475,2026-03-07,69,Male,South,Paid Ads,650
C100476,2024-10-24,37,Male,South,Organic Search,180
C100477,2025-07-15,51,Male,South,Social Media,420
C100478,2024-01-02,36,Female,East,Social Media,420
C100479,2026-05-23,54,Female,West,Referral,90
C100480,2025-03-12,56,Female,North,Paid Ads,650
C100481,2025-10-02,34,Female,South,Referral,90
C100482,2024-08-15,66,Female,North,Organic Search,180
C100483,2026-01-19,62,Female,North,Direct,60
C100484,2023-04-06,64,Other,South,Organic Search,180
C100485,2023-05-27,29,Male,West,Email Marketing,140
C100486,2024-10-14,55,Male,East,Paid Ads,650
C100487,2025-07-30,23,Male,North,Organic Search,180
C100488,2025-11-06,23,Female,East,Paid Ads,650
C100489,2024-07-19,68,Female,West,Email Marketing,140
C100490,2025-04-15,25,Male,South,Email Marketing,140
C100491,2024-12-12,62,Female,South,Referral,90
C100492,2026-05-21,40,Female,West,Paid Ads,650
C100493,2025-04-21,33,Male,North,Social Media,420
C100494,2024-06-20,21,Male,West,Organic Search,180
C100495,2026-06-01,53,Male,West,Social Media,420
C100496,2023-05-18,55,Male,Central,Organic Search,180
C100497,2026-06-20,42,Female,North,Email Marketing,140
C100498,2023-07-18,60,Female,North,Referral,90
C100499,2024-01-06,34,Male,Central,Paid Ads,650
C100500,2025-11-22,46,Female,East,Social Media,420
C100501,2025-08-01,32,Male,South,Paid Ads,650
C100502,2026-06-01,48,Male,East,Organic Search,180
C100503,2025-08-22,25,Male,North,Organic Search,180
C100504,2025-03-30,42,Female,East,Organic Search,180
C100505,2024-03-21,46,Female,Central,Organic Search,180
C100506,2023-01-07,46,Female,West,Social Media,420
C100507,2023-06-09,41,Male,East,Referral,90
C100508,2024-01-18,51,Female,Central,Paid Ads,650
C100509,2023-02-22,44,Male,West,Direct,60
C100510,2024-10-15,32,Male,North,Email Marketing,140
C100511,2025-09-26,29,Female,West,Organic Search,180
C100512,2026-05-23,51,Female,North,Paid Ads,650
C100513,2024-09-21,66,Male,South,Email Marketing,140
C100514,2026-01-30,57,Female,East,Organic Search,180
C100515,2026-06-21,51,Female,North,Paid Ads,650
C100516,2026-01-10,65,Female,North,Direct,60
C100517,2024-08-20,64,Female,East,Referral,90
C100518,2024-02-23,44,Male,South,Email Marketing,140
C100519,2026-06-11,23,Female,East,Email Marketing,140
C100520,2023-11-08,50,Male,South,Organic Search,180
C100521,2024-06-13,50,Male,West,Referral,90
C100522,2023-04-06,32,Female,Central,Email Marketing,140
C100523,2025-10-17,62,Female,North,Organic Search,180
C100524,2025-04-15,63,Male,West,Organic Search,180
C100525,2023-04-20,35,Female,North,Organic Search,180
C100526,2023-10-13,42,Female,South,Referral,90
C100527,2024-12-15,28,Female,South,Referral,90
C100528,2024-11-25,27,Male,North,Email Marketing,140
C100529,2025-10-28,31,Male,North,Paid Ads,650
C100530,2023-12-09,37,Male,West,Social Media,420
C100531,2026-04-04,32,Male,West,Organic Search,180
C100532,2024-07-25,25,Male,Central,Direct,60
C100533,2025-11-23,41,Male,Central,Social Media,420
C100534,2023-11-03,50,Male,South,Referral,90
C100535,2023-02-17,34,Male,North,Paid Ads,650
C100536,2023-03-12,45,Female,North,Organic Search,180
C100537,2024-04-24,32,Female,East,Organic Search,180
C100538,2026-05-10,54,Male,Central,Email Marketing,140
C100539,2023-03-04,51,Female,South,Organic Search,180
C100540,2024-04-19,67,Male,North,Email Marketing,140
C100541,2023-05-21,20,Male,South,Organic Search,180
C100542,2026-04-12,62,Female,Central,Social Media,420
C100543,2025-05-18,35,Male,South,Organic Search,180
C100544,2025-09-07,21,Male,West,Organic Search,180
C100545,2025-07-06,53,Male,East,Social Media,420
C100546,2025-04-24,26,Female,South,Paid Ads,650
C100547,2025-09-22,27,Female,South,Paid Ads,650
C100548,2023-01-11,68,Male,West,Social Media,420
C100549,2026-01-17,29,Male,West,Paid Ads,650
C100550,2025-08-09,46,Male,South,Social Media,420
C100551,2025-08-08,28,Female,South,Social Media,420
C100552,2024-05-20,24,Male,North,Organic Search,180
C100553,2025-10-26,18,Female,North,Paid Ads,650
C100554,2024-05-06,18,Female,North,Organic Search,180
C100555,2023-03-04,42,Male,North,Organic Search,180
C100556,2026-03-13,40,Female,West,Organic Search,180
C100557,2023-10-29,20,Male,West,Social Media,420
C100558,2023-05-12,36,Male,West,Organic Search,180
C100559,2025-03-10,32,Male,West,Email Marketing,140
C100560,2023-10-28,47,Male,Central,Referral,90
C100561,2026-01-08,69,Female,Central,Organic Search,180
C100562,2024-07-24,53,Other,South,Social Media,420
C100563,2023-01-06,65,Male,North,Organic Search,180
C100564,2026-05-08,27,Male,North,Organic Search,180
C100565,2024-10-23,29,Female,Central,Direct,60
C100566,2023-12-05,57,Male,North,Paid Ads,650
C100567,2025-05-20,34,Male,South,Organic Search,180
C100568,2024-11-13,62,Other,East,Email Marketing,140
C100569,2023-02-08,42,Female,East,Email Marketing,140
C100570,2025-09-03,28,Female,East,Social Media,420
C100571,2024-05-31,61,Male,West,Referral,90
C100572,2025-06-18,46,Male,East,Referral,90
C100573,2026-02-25,59,Male,Central,Referral,90
C100574,2025-02-24,41,Female,North,Paid Ads,650
C100575,2025-05-13,24,Male,Central,Email Marketing,140
C100576,2023-11-24,53,Male,East,Social Media,420
C100577,2023-11-02,24,Male,North,Organic Search,180
C100578,2024-06-17,52,Female,Central,Organic Search,180
C100579,2026-01-01,39,Female,Central,Paid Ads,650
C100580,2024-11-05,59,Female,West,Organic Search,180
C100581,2024-03-23,63,Male,Central,Organic Search,180
C100582,2025-09-29,39,Female,South,Paid Ads,650
C100583,2026-01-02,63,Male,North,Direct,60
C100584,2026-03-06,23,Male,North,Organic Search,180
C100585,2024-01-20,23,Male,Central,Organic Search,180
C100586,2025-07-01,69,Female,West,Email Marketing,140
C100587,2025-01-29,47,Male,Central,Paid Ads,650
C100588,2024-07-31,41,Other,West,Referral,90
C100589,2024-05-25,26,Female,East,Social Media,420
C100590,2023-05-28,33,Male,North,Social Media,420
C100591,2023-12-20,53,Female,North,Organic Search,180
C100592,2024-12-07,60,Female,East,Paid Ads,650
C100593,2026-02-14,65,Male,West,Social Media,420
C100594,2026-01-19,39,Female,North,Organic Search,180
C100595,2023-08-30,41,Male,Central,Organic Search,180
C100596,2025-05-23,26,Male,West,Paid Ads,650
C100597,2023-04-20,22,Female,South,Social Media,420
C100598,2025-05-18,40,Female,Central,Social Media,420
C100599,2024-03-15,48,Male,East,Referral,90
C100600,2024-08-01,23,Male,West,Referral,90
C100601,2025-07-11,39,Female,South,Organic Search,180
C100602,2024-06-30,51,Male,South,Email Marketing,140
C100603,2025-11-04,60,Female,North,Email Marketing,140
C100604,2024-11-17,66,Female,East,Organic Search,180
C100605,2026-07-08,35,Female,West,Paid Ads,650
C100606,2025-03-31,38,Male,Central,Paid Ads,650
C100607,2024-01-17,63,Female,Central,Email Marketing,140
C100608,2025-09-24,54,Male,North,Paid Ads,650
C100609,2024-06-08,32,Male,Central,Paid Ads,650
C100610,2024-11-17,53,Male,North,Email Marketing,140
C100611,2023-06-25,26,Male,North,Social Media,420
C100612,2023-06-03,41,Female,West,Organic Search,180
C100613,2025-01-09,33,Female,Central,Social Media,420
C100614,2023-08-29,69,Female,Central,Referral,90
C100615,2026-07-06,19,Female,West,Paid Ads,650
C100616,2026-01-05,62,Female,North,Social Media,420
C100617,2025-06-20,32,Female,North,Social Media,420
C100618,2025-08-02,19,Female,North,Social Media,420
C100619,2025-02-04,52,Female,East,Direct,60
C100620,2023-03-19,53,Female,East,Social Media,420
C100621,2024-05-19,25,Male,North,Social Media,420
C100622,2024-09-29,19,Other,East,Referral,90
C100623,2026-03-23,23,Male,East,Organic Search,180
C100624,2023-10-10,39,Male,West,Organic Search,180
C100625,2024-10-01,24,Female,South,Direct,60
C100626,2024-03-18,54,Male,South,Referral,90
C100627,2023-06-22,22,Male,West,Paid Ads,650
C100628,2023-05-13,59,Male,West,Organic Search,180
C100629,2024-04-14,63,Male,South,Organic Search,180
C100630,2023-04-16,55,Female,North,Organic Search,180
C100631,2023-03-28,67,Female,Central,Paid Ads,650
C100632,2024-03-27,66,Male,West,Social Media,420
C100633,2023-09-17,20,Other,North,Organic Search,180
C100634,2024-12-14,35,Female,East,Social Media,420
C100635,2023-01-23,57,Female,East,Direct,60
C100636,2024-01-24,35,Male,North,Direct,60
C100637,2024-08-05,56,Female,North,Email Marketing,140
C100638,2026-05-23,58,Male,Central,Paid Ads,650
C100639,2025-03-27,69,Male,East,Social Media,420
C100640,2026-02-06,35,Female,North,Social Media,420
C100641,2024-03-17,36,Male,West,Organic Search,180
C100642,2024-08-01,19,Female,East,Email Marketing,140
C100643,2024-06-24,32,Female,East,Social Media,420
C100644,2026-02-15,32,Male,South,Social Media,420
C100645,2026-05-18,41,Male,North,Organic Search,180
C100646,2026-05-22,39,Female,North,Organic Search,180
C100647,2025-08-25,62,Female,Central,Email Marketing,140
C100648,2024-10-09,58,Male,East,Organic Search,180
C100649,2024-11-26,55,Other,West,Organic Search,180
C100650,2026-06-14,18,Female,North,Social Media,420
C100651,2024-01-01,42,Female,West,Referral,90
C100652,2024-03-21,55,Male,East,Organic Search,180
C100653,2026-02-27,30,Female,West,Organic Search,180
C100654,2024-05-11,40,Female,South,Referral,90
C100655,2023-10-30,55,Male,East,Direct,60
C100656,2024-12-21,59,Other,North,Paid Ads,650
C100657,2024-02-23,62,Female,North,Referral,90
C100658,2026-02-19,40,Female,West,Paid Ads,650
C100659,2026-03-15,38,Female,North,Referral,90
C100660,2024-01-29,37,Female,North,Social Media,420
C100661,2024-11-11,52,Female,Central,Email Marketing,140
C100662,2026-06-19,39,Female,South,Referral,90
C100663,2025-08-12,38,Male,East,Paid Ads,650
C100664,2023-10-05,26,Male,West,Organic Search,180
C100665,2025-01-29,42,Male,West,Email Marketing,140
C100666,2025-03-08,30,Female,North,Organic Search,180
C100667,2025-04-20,45,Male,East,Social Media,420
C100668,2023-02-02,64,Female,East,Paid Ads,650
C100669,2024-01-21,58,Male,South,Organic Search,180
C100670,2026-01-04,42,Male,West,Referral,90
C100671,2023-11-07,68,Female,Central,Paid Ads,650
C100672,2024-01-21,68,Female,North,Email Marketing,140
C100673,2024-02-19,41,Male,North,Organic Search,180
C100674,2023-08-17,57,Male,West,Organic Search,180
C100675,2023-07-19,35,Male,South,Organic Search,180
C100676,2024-03-22,63,Male,West,Organic Search,180
C100677,2026-01-29,37,Male,North,Social Media,420
C100678,2023-01-02,31,Female,North,Paid Ads,650
C100679,2023-12-31,24,Male,West,Organic Search,180
C100680,2023-03-19,61,Male,Central,Direct,60
C100681,2024-12-23,33,Male,North,Organic Search,180
C100682,2023-11-19,60,Male,Central,Paid Ads,650
C100683,2025-10-15,22,Other,South,Email Marketing,140
C100684,2025-01-22,44,Male,North,Social Media,420
C100685,2025-10-04,40,Male,East,Paid Ads,650
C100686,2025-03-27,40,Female,South,Direct,60
C100687,2024-07-17,26,Female,West,Social Media,420
C100688,2026-01-12,21,Female,South,Organic Search,180
C100689,2024-09-04,36,Female,East,Organic Search,180
C100690,2026-05-06,42,Female,North,Direct,60
C100691,2026-07-03,59,Female,West,Paid Ads,650
C100692,2025-01-27,42,Other,Central,Email Marketing,140
C100693,2025-05-17,30,Male,South,Organic Search,180
C100694,2023-11-25,31,Female,South,Organic Search,180
C100695,2025-11-13,49,Female,Central,Email Marketing,140
C100696,2025-05-13,40,Female,North,Direct,60
C100697,2026-03-06,64,Female,West,Organic Search,180
C100698,2023-12-10,40,Female,East,Organic Search,180
C100699,2025-10-09,47,Male,Central,Referral,90
C100700,2024-08-27,21,Female,South,Social Media,420
C100701,2023-08-27,28,Male,South,Paid Ads,650
C100702,2023-08-09,62,Female,South,Organic Search,180
C100703,2024-12-23,35,Female,North,Direct,60
C100704,2024-02-15,39,Male,North,Organic Search,180
C100705,2023-05-12,48,Male,Central,Organic Search,180
C100706,2024-07-03,21,Male,South,Paid Ads,650
C100707,2025-04-19,44,Female,North,Organic Search,180
C100708,2024-02-15,36,Female,South,Social Media,420
C100709,2026-05-13,25,Female,South,Paid Ads,650
C100710,2025-09-29,39,Male,East,Social Media,420
C100711,2024-10-21,41,Female,North,Paid Ads,650
C100712,2026-04-16,27,Female,West,Organic Search,180
C100713,2024-07-10,46,Male,West,Email Marketing,140
C100714,2023-06-29,56,Male,North,Social Media,420
C100715,2023-02-16,31,Male,West,Paid Ads,650
C100716,2026-04-21,68,Male,South,Organic Search,180
C100717,2026-05-19,49,Male,South,Social Media,420
C100718,2025-08-08,58,Male,Central,Referral,90
C100719,2023-05-13,21,Male,Central,Social Media,420
C100720,2024-01-13,57,Male,South,Referral,90
C100721,2023-02-22,35,Male,East,Organic Search,180
C100722,2023-03-07,54,Female,South,Direct,60
C100723,2023-11-13,59,Female,East,Organic Search,180
C100724,2025-01-05,31,Male,West,Organic Search,180
C100725,2023-03-26,31,Female,North,Social Media,420
C100726,2026-06-20,21,Female,Central,Organic Search,180
C100727,2024-08-08,49,Male,West,Paid Ads,650
C100728,2023-12-06,58,Male,North,Organic Search,180
C100729,2024-10-25,39,Male,Central,Referral,90
C100730,2025-10-13,26,Female,West,Referral,90
C100731,2024-02-06,34,Male,South,Social Media,420
C100732,2023-03-03,38,Male,East,Paid Ads,650
C100733,2023-03-07,65,Female,Central,Paid Ads,650
C100734,2025-12-31,24,Other,Central,Email Marketing,140
C100735,2023-05-24,35,Male,South,Social Media,420
C100736,2025-03-28,51,Female,East,Paid Ads,650
C100737,2024-05-09,30,Female,Central,Organic Search,180
C100738,2025-09-26,64,Female,Central,Organic Search,180
C100739,2023-03-19,65,Female,North,Paid Ads,650
C100740,2026-02-28,37,Female,East,Referral,90
C100741,2025-06-16,56,Male,Central,Email Marketing,140
C100742,2024-07-31,57,Male,North,Direct,60
C100743,2023-09-24,53,Female,South,Paid Ads,650
C100744,2026-06-10,27,Male,East,Paid Ads,650
C100745,2024-01-24,20,Other,East,Referral,90
C100746,2024-09-22,36,Male,West,Paid Ads,650
C100747,2024-05-21,24,Female,North,Social Media,420
C100748,2023-10-24,33,Female,West,Social Media,420
C100749,2024-06-19,51,Male,South,Organic Search,180
C100750,2023-07-14,48,Female,West,Organic Search,180
C100751,2023-01-03,28,Male,South,Paid Ads,650
C100752,2024-01-08,18,Female,North,Social Media,420
C100753,2023-05-25,29,Female,Central,Organic Search,180
C100754,2024-06-17,41,Female,West,Organic Search,180
C100755,2026-01-14,58,Female,South,Organic Search,180
C100756,2023-07-29,36,Other,South,Email Marketing,140
C100757,2023-01-02,32,Female,East,Email Marketing,140
C100758,2023-05-23,46,Male,Central,Email Marketing,140
C100759,2024-10-15,21,Female,South,Email Marketing,140
C100760,2023-12-20,29,Female,Central,Organic Search,180
C100761,2024-09-21,19,Male,South,Organic Search,180
C100762,2023-02-07,45,Female,West,Paid Ads,650
C100763,2024-03-04,41,Male,South,Social Media,420
C100764,2024-06-11,48,Female,North,Referral,90
C100765,2024-07-08,50,Male,Central,Organic Search,180
C100766,2024-12-09,38,Female,North,Direct,60
C100767,2025-09-30,63,Male,Central,Paid Ads,650
C100768,2024-08-23,65,Female,North,Social Media,420
C100769,2025-12-17,23,Male,South,Email Marketing,140
C100770,2024-11-12,65,Female,Central,Social Media,420
C100771,2023-12-01,28,Female,East,Referral,90
C100772,2023-10-22,30,Female,North,Referral,90
C100773,2024-02-19,45,Male,East,Referral,90
C100774,2025-02-07,19,Male,North,Email Marketing,140
C100775,2023-11-08,36,Male,Central,Paid Ads,650
C100776,2026-03-21,28,Female,North,Paid Ads,650
C100777,2024-09-09,43,Male,East,Email Marketing,140
C100778,2026-01-15,60,Female,North,Social Media,420
C100779,2025-05-28,66,Male,West,Social Media,420
C100780,2024-03-04,29,Female,Central,Paid Ads,650
C100781,2023-10-21,46,Male,West,Organic Search,180
C100782,2025-08-14,42,Male,South,Paid Ads,650
C100783,2024-03-01,39,Male,North,Direct,60
C100784,2023-11-14,50,Male,North,Paid Ads,650
C100785,2026-04-11,69,Male,Central,Organic Search,180
C100786,2024-09-12,39,Male,North,Organic Search,180
C100787,2023-03-04,21,Female,East,Paid Ads,650
C100788,2024-09-28,65,Other,South,Paid Ads,650
C100789,2024-08-15,66,Female,Central,Referral,90
C100790,2026-01-16,34,Female,East,Organic Search,180
C100791,2025-07-04,44,Male,East,Organic Search,180
C100792,2023-09-04,62,Male,Central,Organic Search,180
C100793,2023-07-13,44,Male,Central,Organic Search,180
C100794,2025-02-15,43,Male,East,Email Marketing,140
C100795,2023-03-02,65,Male,West,Email Marketing,140
C100796,2024-02-15,61,Female,East,Referral,90
C100797,2023-06-27,44,Female,South,Email Marketing,140
C100798,2023-01-27,26,Female,North,Organic Search,180
C100799,2026-03-27,40,Female,West,Email Marketing,140
C100800,2023-04-26,53,Male,West,Paid Ads,650
C100801,2023-01-12,32,Female,North,Referral,90
C100802,2026-04-14,45,Male,North,Social Media,420
C100803,2023-08-31,52,Male,West,Paid Ads,650
C100804,2025-11-16,22,Male,North,Organic Search,180
C100805,2023-02-10,47,Male,West,Organic Search,180
C100806,2023-07-17,56,Female,West,Paid Ads,650
C100807,2023-05-23,29,Male,South,Paid Ads,650
C100808,2025-06-27,46,Male,South,Direct,60
C100809,2025-03-08,54,Female,South,Organic Search,180
C100810,2024-09-03,20,Other,South,Social Media,420
C100811,2023-11-07,51,Female,East,Social Media,420
C100812,2023-04-25,31,Female,West,Organic Search,180
C100813,2025-01-02,38,Female,Central,Paid Ads,650
C100814,2023-10-24,51,Male,North,Paid Ads,650
C100815,2025-01-28,18,Male,West,Paid Ads,650
C100816,2025-06-03,18,Male,South,Organic Search,180
C100817,2025-12-28,41,Male,West,Organic Search,180
C100818,2024-09-27,67,Other,North,Paid Ads,650
C100819,2023-01-07,18,Female,East,Email Marketing,140
C100820,2023-12-27,59,Other,East,Email Marketing,140
C100821,2026-01-02,21,Female,South,Organic Search,180
C100822,2024-11-16,43,Female,Central,Social Media,420
C100823,2025-03-07,40,Female,North,Direct,60
C100824,2024-08-11,42,Female,North,Organic Search,180
C100825,2023-07-29,22,Male,East,Organic Search,180
C100826,2026-02-27,57,Male,East,Organic Search,180
C100827,2025-09-20,32,Female,South,Organic Search,180
C100828,2026-07-03,58,Male,South,Email Marketing,140
C100829,2026-01-05,52,Female,North,Email Marketing,140
C100830,2024-01-10,46,Male,Central,Social Media,420
C100831,2023-11-23,34,Female,East,Paid Ads,650
C100832,2023-11-16,51,Male,South,Email Marketing,140
C100833,2026-03-27,69,Male,South,Organic Search,180
C100834,2024-12-17,66,Female,Central,Organic Search,180
C100835,2024-08-07,65,Male,Central,Organic Search,180
C100836,2026-05-30,29,Other,North,Email Marketing,140
C100837,2025-02-15,48,Male,East,Referral,90
C100838,2026-03-15,38,Male,North,Social Media,420
C100839,2026-06-20,68,Male,North,Referral,90
C100840,2023-04-13,67,Female,Central,Organic Search,180
C100841,2024-04-09,63,Female,Central,Paid Ads,650
C100842,2025-08-02,26,Male,North,Email Marketing,140
C100843,2025-11-11,34,Male,Central,Email Marketing,140
C100844,2023-07-10,54,Female,West,Social Media,420
C100845,2024-02-14,56,Female,West,Organic Search,180
C100846,2024-12-05,36,Male,West,Direct,60
C100847,2025-10-24,25,Male,East,Paid Ads,650
C100848,2023-05-26,25,Male,Central,Paid Ads,650
C100849,2025-02-11,53,Male,North,Organic Search,180
C100850,2024-01-17,41,Female,East,Organic Search,180
C100851,2023-10-06,43,Other,South,Social Media,420
C100852,2024-10-24,60,Other,West,Social Media,420
C100853,2024-06-16,18,Female,North,Organic Search,180
C100854,2025-03-28,57,Male,South,Organic Search,180
C100855,2024-02-13,32,Other,West,Social Media,420
C100856,2025-11-24,66,Male,South,Paid Ads,650
C100857,2023-04-11,67,Male,South,Paid Ads,650
C100858,2026-01-13,44,Female,South,Organic Search,180
C100859,2023-02-08,34,Male,West,Email Marketing,140
C100860,2025-08-04,30,Female,South,Direct,60
C100861,2024-03-21,27,Other,South,Paid Ads,650
C100862,2024-05-07,69,Female,East,Referral,90
C100863,2023-01-25,27,Female,Central,Email Marketing,140
C100864,2025-06-21,41,Male,West,Organic Search,180
C100865,2023-08-01,42,Male,North,Email Marketing,140
C100866,2025-04-27,53,Female,Central,Paid Ads,650
C100867,2025-07-21,61,Female,West,Social Media,420
C100868,2025-12-22,47,Female,West,Social Media,420
C100869,2025-06-29,57,Male,East,Organic Search,180
C100870,2024-01-23,47,Male,North,Referral,90
C100871,2025-08-07,40,Male,West,Referral,90
C100872,2025-11-28,26,Female,East,Organic Search,180
C100873,2024-02-12,28,Female,South,Social Media,420
C100874,2023-06-09,40,Other,North,Direct,60
C100875,2026-02-18,20,Male,North,Email Marketing,140
C100876,2023-07-10,34,Female,East,Social Media,420
C100877,2025-02-02,42,Male,North,Organic Search,180
C100878,2023-10-31,42,Male,East,Paid Ads,650
C100879,2023-06-12,60,Male,West,Organic Search,180
C100880,2025-09-25,68,Female,South,Email Marketing,140
C100881,2023-07-04,55,Female,North,Referral,90
C100882,2025-05-11,22,Male,North,Email Marketing,140
C100883,2025-06-10,39,Female,South,Organic Search,180
C100884,2023-03-19,55,Female,West,Direct,60
C100885,2023-08-11,48,Male,East,Direct,60
C100886,2025-10-18,41,Male,Central,Social Media,420
C100887,2024-10-14,40,Female,Central,Email Marketing,140
C100888,2023-06-06,39,Female,North,Paid Ads,650
C100889,2026-06-29,48,Female,West,Paid Ads,650
C100890,2023-12-07,27,Male,East,Organic Search,180
C100891,2023-01-06,44,Female,East,Organic Search,180
C100892,2026-04-03,28,Female,South,Organic Search,180
C100893,2023-01-22,53,Male,South,Referral,90
C100894,2024-12-12,62,Male,West,Paid Ads,650
C100895,2026-07-01,44,Other,East,Organic Search,180
C100896,2025-01-13,38,Male,South,Organic Search,180
C100897,2025-01-21,66,Female,North,Social Media,420
C100898,2024-05-14,52,Female,East,Direct,60
C100899,2023-06-13,40,Male,West,Paid Ads,650
C100900,2025-01-06,19,Female,East,Referral,90
C100901,2026-02-27,18,Male,North,Direct,60
C100902,2023-04-28,29,Female,South,Referral,90
C100903,2026-02-06,30,Female,West,Referral,90
C100904,2024-06-17,55,Female,West,Social Media,420
C100905,2024-11-20,44,Male,North,Direct,60
C100906,2023-08-01,69,Female,East,Paid Ads,650
C100907,2025-03-10,46,Female,South,Referral,90
C100908,2023-08-23,64,Female,East,Paid Ads,650
C100909,2023-12-18,46,Female,North,Organic Search,180
C100910,2025-07-16,36,Male,East,Referral,90
C100911,2023-03-06,55,Female,Central,Email Marketing,140
C100912,2024-07-29,41,Male,South,Email Marketing,140
C100913,2025-02-03,32,Male,South,Direct,60
C100914,2023-06-19,42,Female,North,Referral,90
C100915,2024-01-15,52,Female,North,Social Media,420
C100916,2024-03-17,37,Other,Central,Direct,60
C100917,2025-05-03,54,Female,Central,Organic Search,180
C100918,2026-06-10,68,Male,North,Organic Search,180
C100919,2025-12-11,39,Female,Central,Paid Ads,650
C100920,2023-09-02,33,Male,North,Social Media,420
C100921,2023-01-24,38,Female,East,Social Media,420
C100922,2023-03-08,61,Female,West,Email Marketing,140
C100923,2025-02-05,27,Male,South,Organic Search,180
C100924,2023-07-20,68,Male,East,Email Marketing,140
C100925,2023-10-25,39,Male,East,Social Media,420
C100926,2025-12-25,61,Female,North,Direct,60
C100927,2026-01-28,58,Female,Central,Paid Ads,650
C100928,2025-12-14,58,Male,North,Social Media,420
C100929,2023-11-23,65,Male,North,Referral,90
C100930,2025-03-07,27,Male,Central,Social Media,420
C100931,2025-02-24,48,Male,South,Organic Search,180
C100932,2023-08-27,23,Female,South,Organic Search,180
C100933,2024-12-12,33,Female,South,Organic Search,180
C100934,2024-11-06,20,Male,North,Paid Ads,650
C100935,2024-05-24,53,Female,South,Social Media,420
C100936,2025-08-24,49,Male,South,Social Media,420
C100937,2025-05-21,56,Male,East,Referral,90
C100938,2024-11-15,27,Female,South,Organic Search,180
C100939,2025-07-22,35,Male,Central,Organic Search,180
C100940,2025-09-08,53,Male,Central,Referral,90
C100941,2024-12-30,60,Female,South,Referral,90
C100942,2023-12-11,64,Female,Central,Referral,90
C100943,2025-09-02,21,Male,Central,Referral,90
C100944,2025-07-11,38,Female,Central,Direct,60
C100945,2026-06-18,18,Male,West,Direct,60
C100946,2023-07-12,60,Female,North,Social Media,420
C100947,2024-06-23,24,Male,North,Paid Ads,650
C100948,2026-04-03,60,Female,Central,Organic Search,180
C100949,2024-10-23,26,Male,East,Social Media,420
C100950,2026-04-27,18,Female,Central,Paid Ads,650
C100951,2023-01-17,63,Female,West,Organic Search,180
C100952,2023-02-15,40,Male,North,Organic Search,180
C100953,2025-10-20,40,Female,South,Direct,60
C100954,2024-04-05,51,Male,Central,Organic Search,180
C100955,2024-10-31,32,Female,North,Referral,90
C100956,2024-07-04,53,Male,West,Email Marketing,140
C100957,2024-06-08,40,Male,Central,Referral,90
C100958,2026-04-23,32,Female,North,Organic Search,180
C100959,2023-05-01,38,Male,South,Email Marketing,140
C100960,2025-09-20,18,Female,East,Social Media,420
C100961,2026-02-18,33,Female,West,Organic Search,180
C100962,2025-04-25,48,Male,East,Social Media,420
C100963,2024-05-22,25,Male,North,Organic Search,180
C100964,2023-07-25,24,Female,North,Referral,90
C100965,2025-05-27,52,Female,South,Email Marketing,140
C100966,2024-08-25,40,Male,South,Social Media,420
C100967,2023-07-12,25,Male,North,Direct,60
C100968,2024-04-07,56,Female,West,Paid Ads,650
C100969,2026-05-21,58,Female,North,Email Marketing,140
C100970,2023-12-08,19,Female,West,Referral,90
C100971,2023-08-18,28,Male,Central,Organic Search,180
C100972,2025-05-27,37,Female,East,Email Marketing,140
C100973,2023-09-14,56,Female,East,Email Marketing,140
C100974,2026-03-29,21,Male,North,Paid Ads,650
C100975,2026-01-09,59,Male,East,Referral,90
C100976,2026-06-18,34,Male,South,Organic Search,180
C100977,2026-03-19,24,Female,North,Organic Search,180
C100978,2023-11-10,62,Male,East,Organic Search,180
C100979,2023-09-30,22,Female,North,Paid Ads,650
C100980,2024-03-16,24,Female,South,Organic Search,180
C100981,2024-08-27,67,Male,East,Organic Search,180
C100982,2026-02-05,45,Female,South,Direct,60
C100983,2025-08-01,42,Female,North,Paid Ads,650
C100984,2025-04-08,53,Male,North,Email Marketing,140
C100985,2026-02-03,50,Female,South,Organic Search,180
C100986,2025-04-10,49,Female,East,Organic Search,180
C100987,2024-05-02,19,Male,East,Referral,90
C100988,2024-06-15,46,Female,North,Paid Ads,650
C100989,2024-10-26,32,Female,East,Paid Ads,650
C100990,2023-04-25,59,Male,Central,Direct,60
C100991,2025-08-11,44,Other,East,Paid Ads,650
C100992,2025-04-19,24,Female,East,Paid Ads,650
C100993,2025-07-29,64,Female,East,Social Media,420
C100994,2024-11-17,32,Male,Central,Organic Search,180
C100995,2025-10-03,32,Male,Central,Referral,90
C100996,2026-05-06,66,Male,North,Paid Ads,650
C100997,2025-01-02,58,Female,North,Organic Search,180
C100998,2024-07-25,62,Female,North,Paid Ads,650
C100999,2023-05-15,52,Female,West,Paid Ads,650
C101000,2025-09-28,65,Male,North,Social Media,420
C101001,2026-03-08,23,Female,Central,Direct,60
C101002,2025-06-18,49,Female,North,Referral,90
C101003,2026-01-18,33,Female,East,Paid Ads,650
C101004,2026-01-12,38,Female,South,Direct,60
C101005,2025-10-23,30,Female,East,Referral,90
C101006,2024-10-08,28,Male,South,Organic Search,180
C101007,2023-05-09,41,Female,West,Organic Search,180
C101008,2023-01-05,65,Other,East,Organic Search,180
C101009,2023-09-20,51,Female,South,Organic Search,180
C101010,2024-07-08,36,Male,West,Paid Ads,650
C101011,2025-08-14,40,Other,Central,Paid Ads,650
C101012,2024-08-09,45,Male,West,Direct,60
C101013,2023-01-30,30,Male,West,Paid Ads,650
C101014,2023-09-28,45,Male,East,Organic Search,180
C101015,2026-06-13,54,Male,Central,Direct,60
C101016,2026-06-24,30,Male,East,Social Media,420
C101017,2024-04-30,48,Female,Central,Organic Search,180
C101018,2025-11-01,54,Female,West,Organic Search,180
C101019,2025-07-14,45,Female,North,Social Media,420
C101020,2026-04-12,33,Female,North,Paid Ads,650
C101021,2026-02-15,46,Female,West,Social Media,420
C101022,2025-03-19,59,Female,West,Email Marketing,140
C101023,2024-05-22,29,Male,East,Referral,90
C101024,2025-03-16,47,Male,Central,Email Marketing,140
C101025,2024-02-15,53,Female,East,Referral,90
C101026,2024-03-23,34,Female,South,Social Media,420
C101027,2025-02-21,38,Female,East,Organic Search,180
C101028,2025-01-04,64,Male,North,Paid Ads,650
C101029,2025-01-17,36,Female,East,Paid Ads,650
C101030,2024-05-09,49,Female,Central,Social Media,420
C101031,2024-06-10,25,Female,North,Paid Ads,650
C101032,2023-01-14,66,Female,West,Social Media,420
C101033,2025-02-12,49,Female,West,Paid Ads,650
C101034,2025-01-10,57,Female,North,Social Media,420
C101035,2026-04-17,49,Female,West,Paid Ads,650
C101036,2024-10-10,36,Female,West,Email Marketing,140
C101037,2024-08-24,35,Female,East,Paid Ads,650
C101038,2023-03-29,54,Male,South,Referral,90
C101039,2023-09-11,62,Female,South,Social Media,420
C101040,2024-03-10,24,Female,East,Paid Ads,650
C101041,2024-04-30,61,Female,South,Email Marketing,140
C101042,2024-04-11,61,Male,South,Direct,60
C101043,2024-05-21,23,Female,Central,Referral,90
C101044,2025-09-15,23,Female,West,Direct,60
C101045,2023-06-18,54,Male,West,Paid Ads,650
C101046,2024-03-03,61,Male,Central,Email Marketing,140
C101047,2023-07-29,38,Male,North,Email Marketing,140
C101048,2024-01-31,51,Other,South,Referral,90
C101049,2025-05-30,69,Female,East,Email Marketing,140
C101050,2023-03-02,34,Female,South,Referral,90
C101051,2024-03-12,29,Male,North,Social Media,420
C101052,2023-01-31,69,Female,West,Social Media,420
C101053,2026-05-12,32,Female,North,Paid Ads,650
C101054,2025-07-24,42,Other,East,Social Media,420
C101055,2023-11-10,40,Male,East,Paid Ads,650
C101056,2023-09-12,45,Male,East,Referral,90
C101057,2023-05-08,31,Female,South,Social Media,420
C101058,2024-08-31,53,Male,North,Paid Ads,650
C101059,2025-08-27,53,Female,Central,Organic Search,180
C101060,2025-01-21,28,Female,Central,Organic Search,180
C101061,2026-02-07,43,Male,East,Social Media,420
C101062,2024-03-18,20,Male,North,Paid Ads,650
C101063,2023-12-24,29,Female,East,Organic Search,180
C101064,2024-09-06,69,Female,South,Paid Ads,650
C101065,2023-09-17,44,Female,North,Paid Ads,650
C101066,2026-06-08,50,Male,North,Organic Search,180
C101067,2023-08-27,64,Female,North,Paid Ads,650
C101068,2024-09-07,55,Male,South,Referral,90
C101069,2024-11-02,59,Female,South,Referral,90
C101070,2023-03-15,55,Female,West,Direct,60
C101071,2024-08-25,43,Male,East,Organic Search,180
C101072,2024-08-07,50,Female,South,Paid Ads,650
C101073,2023-11-30,33,Female,North,Organic Search,180
C101074,2023-06-14,64,Male,Central,Social Media,420
C101075,2023-02-28,27,Female,North,Organic Search,180
C101076,2023-01-12,63,Female,North,Organic Search,180
C101077,2024-09-11,63,Female,East,Social Media,420
C101078,2023-04-26,25,Male,West,Paid Ads,650
C101079,2026-05-18,54,Female,West,Social Media,420
C101080,2023-11-11,69,Male,South,Social Media,420
C101081,2025-04-19,47,Female,South,Email Marketing,140
C101082,2025-05-16,35,Female,South,Paid Ads,650
C101083,2024-09-29,63,Male,East,Organic Search,180
C101084,2026-02-10,44,Male,South,Social Media,420
C101085,2023-05-23,24,Female,South,Organic Search,180
C101086,2023-10-28,30,Male,North,Organic Search,180
C101087,2023-11-21,53,Female,Central,Paid Ads,650
C101088,2023-06-24,41,Female,North,Organic Search,180
C101089,2024-01-15,29,Female,South,Organic Search,180
C101090,2024-02-07,59,Male,Central,Social Media,420
C101091,2025-09-10,24,Male,West,Email Marketing,140
C101092,2024-01-23,29,Male,East,Organic Search,180
C101093,2026-02-01,42,Female,West,Social Media,420
C101094,2025-09-20,20,Other,North,Direct,60
C101095,2026-03-05,38,Female,West,Organic Search,180
C101096,2023-05-16,65,Male,South,Referral,90
C101097,2026-06-20,66,Male,Central,Organic Search,180
C101098,2025-02-28,63,Male,North,Direct,60
C101099,2026-06-17,34,Other,East,Organic Search,180
C101100,2024-04-01,21,Male,East,Paid Ads,650
C101101,2026-05-10,60,Male,North,Direct,60
C101102,2025-01-26,37,Female,South,Social Media,420
C101103,2023-04-03,56,Female,West,Organic Search,180
C101104,2024-06-11,24,Male,North,Referral,90
C101105,2023-06-27,52,Female,Central,Email Marketing,140
C101106,2026-04-25,48,Male,South,Paid Ads,650
C101107,2024-01-27,65,Male,East,Organic Search,180
C101108,2023-10-13,23,Male,East,Organic Search,180
C101109,2024-12-12,39,Male,East,Direct,60
C101110,2024-06-30,69,Other,East,Organic Search,180
C101111,2023-05-05,38,Female,West,Paid Ads,650
C101112,2025-11-16,52,Female,East,Organic Search,180
C101113,2025-12-23,26,Male,East,Organic Search,180
C101114,2025-08-13,55,Female,East,Social Media,420
C101115,2025-03-04,32,Other,South,Paid Ads,650
C101116,2024-06-01,47,Male,North,Organic Search,180
C101117,2024-11-28,63,Other,North,Organic Search,180
C101118,2024-11-01,52,Female,East,Organic Search,180
C101119,2023-08-01,42,Female,Central,Organic Search,180
C101120,2023-04-16,27,Male,North,Organic Search,180
C101121,2023-11-22,35,Female,East,Referral,90
C101122,2024-08-07,62,Female,South,Organic Search,180
C101123,2023-07-26,29,Female,East,Paid Ads,650
C101124,2023-05-18,52,Female,West,Social Media,420
C101125,2025-12-31,43,Male,West,Referral,90
C101126,2024-04-27,34,Female,West,Social Media,420
C101127,2025-01-21,55,Female,West,Direct,60
C101128,2024-11-04,36,Female,North,Organic Search,180
C101129,2025-08-03,32,Male,East,Organic Search,180
C101130,2025-08-09,45,Male,South,Organic Search,180
C101131,2024-01-16,57,Male,Central,Organic Search,180
C101132,2025-12-26,62,Male,West,Direct,60
C101133,2024-04-22,50,Other,North,Social Media,420
C101134,2025-12-10,52,Male,South,Referral,90
C101135,2024-06-04,58,Female,South,Direct,60
C101136,2023-05-23,32,Female,Central,Email Marketing,140
C101137,2025-09-04,31,Female,North,Paid Ads,650
C101138,2023-02-08,43,Male,East,Email Marketing,140
C101139,2025-09-20,50,Female,South,Paid Ads,650
C101140,2023-02-25,51,Female,East,Organic Search,180
C101141,2023-09-23,25,Female,East,Social Media,420
C101142,2025-02-14,58,Male,South,Email Marketing,140
C101143,2026-04-25,36,Female,West,Referral,90
C101144,2024-06-09,63,Male,North,Paid Ads,650
C101145,2023-06-05,55,Female,West,Email Marketing,140
C101146,2023-10-27,69,Male,North,Paid Ads,650
C101147,2026-02-26,50,Male,East,Referral,90
C101148,2025-07-23,45,Female,South,Paid Ads,650
C101149,2023-05-10,27,Male,East,Organic Search,180
C101150,2024-05-09,38,Female,South,Paid Ads,650
C101151,2023-12-07,62,Female,East,Email Marketing,140
C101152,2023-08-17,37,Male,North,Direct,60
C101153,2025-12-24,20,Male,South,Organic Search,180
C101154,2025-03-05,30,Male,West,Organic Search,180
C101155,2023-08-19,48,Female,East,Organic Search,180
C101156,2025-04-16,50,Female,East,Referral,90
C101157,2024-06-15,69,Male,East,Social Media,420
C101158,2023-03-21,66,Female,South,Social Media,420
C101159,2024-08-01,45,Male,Central,Organic Search,180
C101160,2023-08-27,46,Female,South,Organic Search,180
C101161,2023-11-12,59,Female,Central,Email Marketing,140
C101162,2026-02-04,20,Male,Central,Social Media,420
C101163,2025-07-02,48,Female,South,Organic Search,180
C101164,2023-06-22,42,Male,South,Organic Search,180
C101165,2025-12-30,58,Female,West,Organic Search,180
C101166,2025-01-08,59,Female,West,Organic Search,180
C101167,2026-01-29,52,Other,North,Organic Search,180
C101168,2025-08-18,52,Female,South,Referral,90
C101169,2024-03-12,53,Female,North,Organic Search,180
C101170,2024-11-18,48,Male,West,Paid Ads,650
C101171,2024-11-13,29,Female,West,Social Media,420
C101172,2025-07-14,32,Male,North,Paid Ads,650
C101173,2023-11-16,56,Female,East,Paid Ads,650
C101174,2024-03-04,50,Male,West,Email Marketing,140
C101175,2023-11-11,30,Other,Central,Organic Search,180
C101176,2024-01-16,63,Female,North,Referral,90
C101177,2023-07-27,68,Male,South,Organic Search,180
C101178,2023-02-16,50,Female,South,Organic Search,180
C101179,2026-04-23,29,Female,East,Organic Search,180
C101180,2023-04-06,66,Male,North,Referral,90
C101181,2026-02-15,30,Female,North,Paid Ads,650
C101182,2023-01-04,40,Female,West,Referral,90
C101183,2025-09-26,62,Female,East,Organic Search,180
C101184,2024-02-27,45,Male,North,Social Media,420
C101185,2024-10-27,30,Female,South,Organic Search,180
C101186,2023-12-29,22,Male,North,Organic Search,180
C101187,2024-09-22,36,Female,South,Social Media,420
C101188,2024-08-03,52,Male,South,Organic Search,180
C101189,2024-11-12,55,Male,North,Paid Ads,650
C101190,2024-05-20,29,Male,North,Social Media,420
C101191,2024-11-21,26,Male,Central,Referral,90
C101192,2025-11-27,54,Female,Central,Referral,90
C101193,2024-07-12,26,Female,North,Organic Search,180
C101194,2024-04-09,21,Female,East,Organic Search,180
C101195,2023-06-19,43,Female,North,Paid Ads,650
C101196,2024-04-07,47,Male,West,Organic Search,180
C101197,2023-06-11,30,Male,Central,Paid Ads,650
C101198,2023-08-23,28,Female,East,Paid Ads,650
C101199,2026-05-09,30,Female,East,Paid Ads,650
C101200,2023-04-25,35,Female,South,Social Media,420
C101201,2024-09-11,18,Male,South,Organic Search,180
C101202,2025-12-08,18,Female,East,Paid Ads,650
C101203,2026-05-10,37,Male,North,Organic Search,180
C101204,2023-07-08,19,Female,West,Organic Search,180
C101205,2023-07-30,34,Male,East,Referral,90
C101206,2024-04-24,48,Female,North,Organic Search,180
C101207,2024-12-13,19,Male,East,Organic Search,180
C101208,2026-05-19,50,Female,West,Email Marketing,140
C101209,2023-09-25,50,Male,East,Paid Ads,650
C101210,2023-07-31,47,Female,East,Organic Search,180
C101211,2023-11-22,50,Male,West,Referral,90
C101212,2026-01-29,60,Female,North,Social Media,420
C101213,2023-02-08,21,Male,East,Direct,60
C101214,2024-05-03,26,Male,South,Email Marketing,140
C101215,2023-06-02,34,Female,North,Referral,90
C101216,2023-07-21,53,Male,Central,Organic Search,180
C101217,2026-03-25,63,Male,South,Paid Ads,650
C101218,2023-01-03,65,Female,South,Organic Search,180
C101219,2024-02-18,48,Female,North,Social Media,420
C101220,2026-03-23,39,Female,Central,Email Marketing,140
C101221,2025-02-21,39,Male,Central,Organic Search,180
C101222,2023-04-03,21,Female,North,Email Marketing,140
C101223,2024-08-21,42,Female,East,Social Media,420
C101224,2026-06-02,44,Male,North,Organic Search,180
C101225,2024-05-29,28,Female,West,Email Marketing,140
C101226,2024-11-10,57,Male,East,Social Media,420
C101227,2024-11-15,60,Female,North,Paid Ads,650
C101228,2025-04-29,33,Female,East,Paid Ads,650
C101229,2023-08-29,65,Female,Central,Organic Search,180
C101230,2025-12-15,23,Female,South,Organic Search,180
C101231,2026-06-25,65,Male,North,Social Media,420
C101232,2023-07-03,57,Male,Central,Email Marketing,140
C101233,2025-11-18,29,Female,North,Referral,90
C101234,2025-11-16,51,Female,East,Email Marketing,140
C101235,2025-08-11,34,Female,East,Email Marketing,140
C101236,2024-04-21,59,Male,North,Organic Search,180
C101237,2024-08-25,26,Female,North,Referral,90
C101238,2025-12-15,30,Male,North,Referral,90
C101239,2023-07-16,33,Male,North,Paid Ads,650
C101240,2025-12-01,28,Female,East,Paid Ads,650
C101241,2026-03-29,35,Female,West,Referral,90
C101242,2025-05-26,49,Female,North,Direct,60
C101243,2024-03-15,50,Other,West,Direct,60
C101244,2024-12-20,46,Male,South,Paid Ads,650
C101245,2023-03-06,27,Female,North,Referral,90
C101246,2026-04-13,28,Female,East,Paid Ads,650
C101247,2024-03-16,65,Female,South,Email Marketing,140
C101248,2023-03-15,31,Male,East,Social Media,420
C101249,2025-10-18,23,Male,South,Direct,60
C101250,2025-04-25,41,Male,West,Direct,60
C101251,2025-03-11,18,Male,Central,Paid Ads,650
C101252,2023-03-11,35,Male,South,Direct,60
C101253,2025-08-23,62,Female,Central,Referral,90
C101254,2025-03-30,31,Female,North,Organic Search,180
C101255,2025-10-17,54,Male,North,Organic Search,180
C101256,2025-11-29,43,Female,North,Referral,90
C101257,2023-09-30,36,Female,West,Organic Search,180
C101258,2023-09-28,52,Female,West,Organic Search,180
C101259,2026-04-02,48,Female,Central,Social Media,420
C101260,2024-11-13,34,Female,West,Organic Search,180
C101261,2024-07-17,29,Male,South,Paid Ads,650
C101262,2024-01-05,65,Male,Central,Referral,90
C101263,2025-04-01,26,Female,Central,Organic Search,180
C101264,2025-08-27,67,Female,West,Social Media,420
C101265,2023-01-03,42,Female,East,Organic Search,180
C101266,2024-12-11,69,Other,West,Email Marketing,140
C101267,2026-07-01,36,Male,North,Paid Ads,650
C101268,2023-12-27,47,Male,Central,Email Marketing,140
C101269,2023-12-28,49,Female,Central,Referral,90
C101270,2026-02-03,35,Male,West,Email Marketing,140
C101271,2023-03-21,29,Female,North,Social Media,420
C101272,2024-05-26,45,Female,North,Paid Ads,650
C101273,2024-08-12,52,Female,Central,Organic Search,180
C101274,2025-10-23,31,Male,Central,Social Media,420
C101275,2023-06-15,57,Female,West,Social Media,420
C101276,2024-07-12,51,Male,Central,Social Media,420
C101277,2023-07-15,26,Female,East,Organic Search,180
C101278,2025-10-09,66,Male,Central,Social Media,420
C101279,2025-03-24,20,Female,North,Paid Ads,650
C101280,2024-09-30,51,Female,North,Social Media,420
C101281,2024-05-20,40,Male,East,Social Media,420
C101282,2023-07-16,51,Female,South,Paid Ads,650
C101283,2026-03-31,58,Male,South,Social Media,420
C101284,2025-04-12,53,Male,West,Paid Ads,650
C101285,2024-02-15,51,Female,North,Referral,90
C101286,2024-06-16,61,Female,West,Referral,90
C101287,2025-07-22,54,Male,North,Paid Ads,650
C101288,2025-07-14,60,Female,West,Organic Search,180
C101289,2024-08-15,38,Female,North,Social Media,420
C101290,2024-01-25,28,Female,West,Referral,90
C101291,2025-04-28,30,Male,East,Organic Search,180
C101292,2025-04-26,49,Male,South,Paid Ads,650
C101293,2025-02-10,45,Female,South,Paid Ads,650
C101294,2023-04-04,22,Male,North,Referral,90
C101295,2024-08-31,28,Male,South,Organic Search,180
C101296,2025-02-28,68,Female,North,Referral,90
C101297,2026-05-06,55,Male,North,Social Media,420
C101298,2024-11-06,57,Female,West,Email Marketing,140
C101299,2024-03-16,28,Male,North,Direct,60
C101300,2024-12-15,21,Female,North,Paid Ads,650
C101301,2023-08-16,33,Other,South,Referral,90
C101302,2023-04-27,62,Other,East,Referral,90
C101303,2025-05-22,44,Female,East,Email Marketing,140
C101304,2026-06-22,58,Female,West,Social Media,420
C101305,2025-12-23,43,Male,East,Organic Search,180
C101306,2025-01-20,43,Other,East,Direct,60
C101307,2023-02-21,49,Female,South,Organic Search,180
C101308,2026-06-24,67,Female,South,Direct,60
C101309,2024-08-01,40,Male,West,Organic Search,180
C101310,2024-01-08,48,Male,South,Paid Ads,650
C101311,2026-02-21,65,Female,West,Direct,60
C101312,2025-08-17,37,Female,East,Social Media,420
C101313,2025-08-22,61,Male,East,Social Media,420
C101314,2023-12-24,45,Male,East,Paid Ads,650
C101315,2026-06-29,63,Female,Central,Paid Ads,650
C101316,2024-08-05,42,Male,South,Organic Search,180
C101317,2024-11-14,50,Female,South,Social Media,420
C101318,2025-08-23,34,Male,Central,Paid Ads,650
C101319,2025-04-28,51,Male,East,Organic Search,180
C101320,2023-08-10,34,Male,South,Paid Ads,650
C101321,2024-01-24,49,Female,South,Direct,60
C101322,2024-04-09,59,Female,South,Email Marketing,140
C101323,2026-05-03,40,Male,West,Paid Ads,650
C101324,2025-07-07,40,Male,South,Direct,60
C101325,2024-04-16,34,Male,North,Paid Ads,650
C101326,2025-08-02,55,Male,North,Paid Ads,650
C101327,2025-08-07,48,Female,Central,Paid Ads,650
C101328,2024-05-21,44,Male,East,Email Marketing,140
C101329,2024-06-02,19,Female,East,Organic Search,180
C101330,2026-02-24,23,Male,Central,Organic Search,180
C101331,2024-12-23,18,Male,South,Direct,60
C101332,2023-07-12,62,Male,West,Referral,90
C101333,2025-07-14,62,Male,West,Referral,90
C101334,2025-01-28,21,Male,East,Referral,90
C101335,2024-10-16,20,Male,West,Referral,90
C101336,2025-07-21,58,Male,Central,Organic Search,180
C101337,2026-03-12,45,Other,North,Referral,90
C101338,2024-02-29,34,Male,North,Organic Search,180
C101339,2024-06-23,49,Male,West,Organic Search,180
C101340,2023-09-01,30,Male,South,Direct,60
C101341,2025-04-12,28,Female,East,Organic Search,180
C101342,2024-06-01,37,Female,North,Organic Search,180
C101343,2024-03-16,64,Female,West,Paid Ads,650
C101344,2025-06-14,57,Female,West,Email Marketing,140
C101345,2024-06-08,27,Female,Central,Direct,60
C101346,2024-08-20,47,Male,East,Organic Search,180
C101347,2024-07-19,63,Female,Central,Paid Ads,650
C101348,2023-11-29,67,Female,East,Referral,90
C101349,2023-06-11,57,Male,East,Social Media,420
C101350,2025-11-29,24,Female,West,Organic Search,180
C101351,2023-04-28,30,Male,East,Paid Ads,650
C101352,2024-02-22,29,Male,East,Social Media,420
C101353,2025-05-08,25,Female,North,Organic Search,180
C101354,2023-06-18,27,Male,South,Referral,90
C101355,2025-04-22,34,Female,West,Organic Search,180
C101356,2025-07-31,46,Other,North,Email Marketing,140
C101357,2025-05-02,38,Female,West,Referral,90
C101358,2024-01-28,39,Male,South,Social Media,420
C101359,2023-01-26,30,Female,South,Referral,90
C101360,2026-02-15,25,Female,West,Organic Search,180
C101361,2024-02-24,69,Male,North,Organic Search,180
C101362,2025-11-01,49,Male,Central,Social Media,420
C101363,2023-09-12,29,Female,Central,Referral,90
C101364,2023-07-28,60,Female,South,Email Marketing,140
C101365,2025-09-27,61,Male,South,Paid Ads,650
C101366,2026-04-23,68,Male,North,Referral,90
C101367,2026-01-11,26,Other,West,Organic Search,180
C101368,2025-08-24,51,Male,North,Organic Search,180
C101369,2023-11-14,68,Male,Central,Organic Search,180
C101370,2026-03-20,59,Female,Central,Email Marketing,140
C101371,2025-05-08,29,Male,North,Social Media,420
C101372,2023-08-10,64,Male,West,Paid Ads,650
C101373,2023-06-16,39,Female,East,Referral,90
C101374,2026-01-25,43,Female,East,Organic Search,180
C101375,2023-12-20,47,Female,North,Organic Search,180
C101376,2025-09-11,58,Male,West,Organic Search,180
C101377,2023-06-28,24,Female,North,Organic Search,180
C101378,2023-12-27,46,Female,Central,Paid Ads,650
C101379,2023-12-31,60,Female,South,Paid Ads,650
C101380,2023-12-28,46,Female,East,Referral,90
C101381,2025-05-17,32,Female,Central,Email Marketing,140
C101382,2026-03-21,20,Female,West,Direct,60
C101383,2026-03-16,46,Female,East,Organic Search,180
C101384,2025-08-11,54,Male,South,Social Media,420
C101385,2023-09-18,46,Female,East,Organic Search,180
C101386,2026-05-20,68,Female,South,Organic Search,180
C101387,2024-11-28,49,Male,Central,Social Media,420
C101388,2024-12-03,44,Male,South,Paid Ads,650
C101389,2025-06-20,20,Female,South,Referral,90
C101390,2025-09-16,47,Male,West,Email Marketing,140
C101391,2026-05-10,26,Female,South,Organic Search,180
C101392,2025-01-18,55,Female,Central,Direct,60
C101393,2025-02-23,26,Male,South,Organic Search,180
C101394,2025-08-16,65,Male,North,Direct,60
C101395,2023-11-25,33,Female,East,Social Media,420
C101396,2024-01-31,40,Male,East,Organic Search,180
C101397,2025-03-15,25,Female,Central,Paid Ads,650
C101398,2023-03-24,28,Male,South,Organic Search,180
C101399,2024-02-17,65,Male,North,Referral,90
C101400,2025-07-12,32,Female,South,Organic Search,180
C101401,2026-06-09,44,Male,South,Email Marketing,140
C101402,2024-10-30,69,Female,East,Paid Ads,650
C101403,2024-05-28,50,Female,South,Direct,60
C101404,2024-07-20,20,Male,East,Organic Search,180
C101405,2025-05-31,36,Male,Central,Referral,90
C101406,2024-12-01,38,Female,South,Email Marketing,140
C101407,2023-01-30,32,Female,East,Organic Search,180
C101408,2024-11-24,30,Female,North,Organic Search,180
C101409,2024-05-29,44,Female,West,Social Media,420
C101410,2025-06-20,37,Male,South,Social Media,420
C101411,2026-01-30,33,Male,East,Email Marketing,140
C101412,2026-05-22,39,Female,South,Organic Search,180
C101413,2025-02-23,35,Female,North,Email Marketing,140
C101414,2024-04-11,29,Female,South,Email Marketing,140
C101415,2024-07-24,41,Male,North,Referral,90
C101416,2023-08-15,66,Female,Central,Organic Search,180
C101417,2026-04-18,44,Female,South,Organic Search,180
C101418,2025-12-25,49,Male,Central,Direct,60
C101419,2026-01-03,69,Female,East,Referral,90
C101420,2024-02-26,49,Female,North,Social Media,420
C101421,2024-02-19,29,Male,South,Email Marketing,140
C101422,2026-01-06,38,Male,North,Organic Search,180
C101423,2024-12-01,43,Male,West,Referral,90
C101424,2025-06-25,42,Female,North,Social Media,420
C101425,2024-09-21,25,Male,Central,Email Marketing,140
C101426,2024-07-23,23,Male,North,Referral,90
C101427,2025-03-24,36,Male,South,Paid Ads,650
C101428,2025-11-11,65,Male,North,Organic Search,180
C101429,2024-03-05,55,Male,West,Email Marketing,140
C101430,2025-11-06,61,Female,East,Referral,90
C101431,2023-11-11,27,Male,Central,Paid Ads,650
C101432,2024-06-02,39,Male,South,Direct,60
C101433,2026-03-19,48,Male,North,Paid Ads,650
C101434,2026-05-12,40,Male,West,Paid Ads,650
C101435,2026-04-03,39,Male,East,Direct,60
C101436,2024-02-11,36,Female,West,Social Media,420
C101437,2025-12-20,20,Female,South,Email Marketing,140
C101438,2026-04-18,62,Female,West,Email Marketing,140
C101439,2026-06-11,66,Male,North,Social Media,420
C101440,2023-01-27,22,Female,Central,Organic Search,180
C101441,2025-08-16,39,Female,North,Email Marketing,140
C101442,2026-07-05,44,Male,West,Social Media,420
C101443,2025-09-10,58,Male,North,Social Media,420
C101444,2023-10-27,69,Female,West,Social Media,420
C101445,2025-09-07,39,Male,Central,Organic Search,180
C101446,2023-05-16,56,Male,Central,Organic Search,180
C101447,2024-09-10,66,Female,East,Social Media,420
C101448,2025-03-16,61,Male,South,Referral,90
C101449,2024-08-09,33,Other,West,Paid Ads,650
C101450,2025-06-18,60,Male,East,Organic Search,180
C101451,2023-11-05,39,Male,East,Paid Ads,650
C101452,2025-02-18,18,Male,North,Referral,90
C101453,2025-04-09,57,Male,South,Organic Search,180
C101454,2025-03-26,61,Female,South,Social Media,420
C101455,2024-01-08,35,Female,West,Referral,90
C101456,2024-01-28,41,Female,North,Paid Ads,650
C101457,2023-11-28,36,Female,South,Social Media,420
C101458,2024-08-16,24,Male,West,Email Marketing,140
C101459,2025-01-23,69,Male,East,Organic Search,180
C101460,2024-04-11,19,Male,Central,Organic Search,180
C101461,2024-06-11,46,Female,North,Organic Search,180
C101462,2024-01-04,18,Female,South,Referral,90
C101463,2023-10-09,53,Male,East,Email Marketing,140
C101464,2025-04-25,64,Female,South,Referral,90
C101465,2025-11-15,51,Female,West,Direct,60
C101466,2024-01-09,49,Male,North,Referral,90
C101467,2026-01-11,61,Female,East,Paid Ads,650
C101468,2025-01-04,68,Female,North,Organic Search,180
C101469,2023-08-04,62,Female,East,Social Media,420
C101470,2024-04-15,30,Male,West,Social Media,420
C101471,2023-01-10,47,Male,North,Social Media,420
C101472,2023-02-20,60,Female,South,Social Media,420
C101473,2024-03-08,33,Female,East,Paid Ads,650
C101474,2024-08-07,53,Other,West,Paid Ads,650
C101475,2025-10-22,19,Female,North,Social Media,420
C101476,2023-06-22,63,Male,South,Referral,90
C101477,2025-12-15,49,Male,West,Email Marketing,140
C101478,2023-10-29,56,Female,East,Paid Ads,650
C101479,2023-06-27,60,Male,West,Email Marketing,140
C101480,2025-06-19,29,Female,South,Paid Ads,650
C101481,2025-09-22,41,Female,Central,Paid Ads,650
C101482,2025-02-16,62,Male,North,Email Marketing,140
C101483,2023-05-29,26,Male,North,Direct,60
C101484,2023-05-29,60,Male,East,Direct,60
C101485,2024-05-16,32,Male,East,Organic Search,180
C101486,2024-08-02,47,Female,East,Paid Ads,650
C101487,2026-07-08,44,Male,North,Referral,90
C101488,2024-01-04,53,Male,North,Email Marketing,140
C101489,2023-09-05,61,Male,West,Social Media,420
C101490,2026-05-01,36,Male,South,Organic Search,180
C101491,2023-07-17,26,Female,West,Social Media,420
C101492,2023-02-03,39,Female,East,Organic Search,180
C101493,2024-06-27,49,Female,North,Paid Ads,650
C101494,2024-05-30,57,Female,West,Social Media,420
C101495,2025-03-07,57,Male,Central,Organic Search,180
C101496,2026-02-02,35,Female,West,Referral,90
C101497,2026-04-14,66,Male,North,Social Media,420
C101498,2024-01-08,22,Female,East,Paid Ads,650
C101499,2026-06-15,24,Male,Central,Paid Ads,650
C101500,2025-03-24,19,Male,East,Email Marketing,140
C101501,2023-03-31,66,Male,South,Social Media,420
C101502,2026-04-21,27,Female,North,Email Marketing,140
C101503,2023-06-27,49,Male,West,Paid Ads,650
C101504,2025-01-26,60,Female,West,Social Media,420
C101505,2025-10-13,57,Male,Central,Direct,60
C101506,2023-11-17,67,Female,Central,Organic Search,180
C101507,2023-12-15,20,Female,South,Organic Search,180
C101508,2024-09-04,39,Male,East,Email Marketing,140
C101509,2026-02-11,44,Male,North,Paid Ads,650
C101510,2023-10-15,54,Male,North,Organic Search,180
C101511,2025-05-03,50,Female,North,Direct,60
C101512,2024-08-05,47,Female,Central,Organic Search,180
C101513,2023-05-24,33,Male,North,Social Media,420
C101514,2025-07-03,23,Male,East,Referral,90
C101515,2025-12-06,40,Male,South,Referral,90
C101516,2025-01-10,31,Male,South,Paid Ads,650
C101517,2023-08-15,46,Female,East,Organic Search,180
C101518,2023-07-20,59,Male,North,Email Marketing,140
C101519,2024-06-28,46,Male,South,Email Marketing,140
C101520,2024-10-13,48,Female,East,Organic Search,180
C101521,2024-12-11,20,Female,West,Paid Ads,650
C101522,2023-11-10,51,Female,West,Social Media,420
C101523,2024-10-05,40,Male,West,Organic Search,180
C101524,2024-01-15,24,Female,South,Email Marketing,140
C101525,2025-06-01,29,Female,North,Direct,60
C101526,2025-10-21,58,Female,South,Paid Ads,650
C101527,2025-04-19,65,Male,Central,Direct,60
C101528,2023-01-02,44,Female,North,Email Marketing,140
C101529,2026-06-29,68,Female,North,Referral,90
C101530,2023-01-31,27,Female,Central,Direct,60
C101531,2026-07-09,33,Female,Central,Paid Ads,650
C101532,2023-02-10,66,Female,North,Email Marketing,140
C101533,2024-10-26,27,Female,West,Organic Search,180
C101534,2023-05-17,52,Female,South,Paid Ads,650
C101535,2023-05-03,29,Male,East,Social Media,420
C101536,2025-05-28,35,Male,East,Organic Search,180
C101537,2025-07-25,42,Female,Central,Referral,90
C101538,2023-06-02,36,Female,North,Paid Ads,650
C101539,2026-06-09,63,Female,West,Paid Ads,650
C101540,2024-02-17,68,Female,North,Social Media,420
C101541,2024-02-14,44,Female,East,Organic Search,180
C101542,2024-01-17,45,Female,East,Organic Search,180
C101543,2024-08-16,20,Male,West,Organic Search,180
C101544,2023-08-17,30,Female,Central,Direct,60
C101545,2024-06-30,20,Male,West,Referral,90
C101546,2023-09-28,62,Female,West,Social Media,420
C101547,2023-03-08,29,Female,South,Social Media,420
C101548,2024-04-19,35,Male,Central,Social Media,420
C101549,2025-05-14,61,Male,East,Organic Search,180
C101550,2025-09-08,55,Male,South,Organic Search,180
C101551,2024-03-30,50,Female,East,Social Media,420
C101552,2024-02-21,20,Male,South,Organic Search,180
C101553,2025-10-09,47,Male,East,Email Marketing,140
C101554,2025-05-26,47,Female,South,Organic Search,180
C101555,2025-12-06,34,Male,North,Social Media,420
C101556,2026-03-11,56,Female,Central,Paid Ads,650
C101557,2025-11-22,66,Female,Central,Referral,90
C101558,2026-04-19,31,Male,East,Direct,60
C101559,2024-06-19,35,Male,Central,Paid Ads,650
C101560,2024-05-22,34,Other,South,Organic Search,180
C101561,2024-02-18,61,Female,South,Social Media,420
C101562,2023-10-30,22,Male,Central,Organic Search,180
C101563,2025-08-20,64,Female,East,Organic Search,180
C101564,2025-07-07,58,Female,West,Social Media,420
C101565,2025-10-27,43,Male,South,Organic Search,180
C101566,2023-08-04,48,Female,South,Organic Search,180
C101567,2024-09-23,64,Female,North,Paid Ads,650
C101568,2023-10-13,58,Male,Central,Paid Ads,650
C101569,2026-02-22,32,Female,North,Email Marketing,140
C101570,2023-12-10,20,Male,East,Organic Search,180
C101571,2023-07-05,52,Male,North,Paid Ads,650
C101572,2025-01-02,25,Male,East,Referral,90
C101573,2026-02-04,22,Female,South,Email Marketing,140
C101574,2026-03-23,69,Female,West,Paid Ads,650
C101575,2023-05-04,42,Female,East,Social Media,420
C101576,2024-02-24,51,Male,North,Social Media,420
C101577,2023-07-17,29,Female,North,Paid Ads,650
C101578,2024-01-31,23,Female,North,Organic Search,180
C101579,2024-11-17,21,Male,West,Referral,90
C101580,2023-12-27,36,Male,West,Organic Search,180
C101581,2023-03-28,18,Female,South,Paid Ads,650
C101582,2024-10-17,39,Male,East,Social Media,420
C101583,2023-03-09,34,Female,South,Organic Search,180
C101584,2023-10-19,45,Female,Central,Organic Search,180
C101585,2023-01-01,48,Male,Central,Paid Ads,650
C101586,2023-04-22,34,Other,West,Email Marketing,140
C101587,2024-07-15,41,Female,North,Referral,90
C101588,2025-12-30,22,Female,South,Paid Ads,650
C101589,2025-09-23,33,Female,Central,Paid Ads,650
C101590,2023-05-08,68,Female,North,Direct,60
C101591,2023-02-14,69,Female,West,Social Media,420
C101592,2024-03-10,43,Male,Central,Referral,90
C101593,2025-04-18,66,Male,West,Organic Search,180
C101594,2025-08-18,44,Male,East,Organic Search,180
C101595,2025-11-24,24,Male,East,Paid Ads,650
C101596,2024-03-16,63,Male,Central,Email Marketing,140
C101597,2023-08-05,39,Male,South,Email Marketing,140
C101598,2023-02-03,49,Other,Central,Organic Search,180
C101599,2023-07-08,51,Male,South,Referral,90
C101600,2023-03-25,34,Male,West,Email Marketing,140
C101601,2026-01-11,56,Male,Central,Email Marketing,140
C101602,2023-12-12,44,Female,East,Paid Ads,650
C101603,2025-11-24,37,Male,South,Organic Search,180
C101604,2024-12-12,33,Female,North,Direct,60
C101605,2024-11-24,56,Female,West,Organic Search,180
C101606,2024-08-07,30,Male,East,Organic Search,180
C101607,2025-11-19,24,Other,South,Organic Search,180
C101608,2023-02-25,63,Male,Central,Social Media,420
C101609,2023-04-30,35,Female,Central,Organic Search,180
C101610,2024-06-28,51,Male,Central,Social Media,420
C101611,2024-05-22,55,Female,East,Direct,60
C101612,2024-12-02,61,Female,Central,Social Media,420
C101613,2025-08-06,50,Male,Central,Direct,60
C101614,2025-01-25,54,Male,North,Email Marketing,140
C101615,2023-11-28,61,Male,Central,Referral,90
C101616,2024-02-25,67,Male,East,Social Media,420
C101617,2025-08-25,20,Other,Central,Email Marketing,140
C101618,2023-09-17,56,Female,West,Social Media,420
C101619,2024-10-10,27,Female,East,Organic Search,180
C101620,2024-11-23,64,Female,South,Direct,60
C101621,2025-08-22,20,Female,North,Social Media,420
C101622,2025-07-07,30,Female,South,Email Marketing,140
C101623,2024-08-20,27,Male,West,Paid Ads,650
C101624,2024-02-02,49,Male,Central,Paid Ads,650
C101625,2024-04-18,18,Male,North,Referral,90
C101626,2024-06-13,18,Male,North,Social Media,420
C101627,2023-10-09,44,Male,West,Paid Ads,650
C101628,2025-03-15,68,Male,South,Email Marketing,140
C101629,2023-09-25,45,Male,North,Social Media,420
C101630,2025-04-14,41,Male,North,Organic Search,180
C101631,2025-08-24,52,Male,East,Referral,90
C101632,2026-05-21,46,Male,East,Organic Search,180
C101633,2023-06-02,38,Male,Central,Paid Ads,650
C101634,2025-09-04,48,Female,South,Organic Search,180
C101635,2023-04-21,18,Female,North,Organic Search,180
C101636,2024-03-09,30,Female,West,Direct,60
C101637,2023-08-15,53,Male,Central,Organic Search,180
C101638,2023-07-28,35,Male,South,Referral,90
C101639,2023-08-14,20,Male,Central,Social Media,420
C101640,2023-02-26,24,Male,West,Organic Search,180
C101641,2025-11-24,63,Male,Central,Direct,60
C101642,2023-03-20,35,Other,South,Organic Search,180
C101643,2024-05-27,19,Male,North,Social Media,420
C101644,2025-06-18,55,Male,North,Referral,90
C101645,2026-06-27,45,Female,West,Referral,90
C101646,2026-01-02,41,Female,Central,Paid Ads,650
C101647,2023-06-26,64,Male,South,Email Marketing,140
C101648,2026-06-24,34,Male,North,Direct,60
C101649,2025-04-20,47,Female,North,Paid Ads,650
C101650,2023-08-19,56,Male,East,Social Media,420
C101651,2024-07-31,49,Female,Central,Paid Ads,650
C101652,2026-03-26,28,Female,South,Paid Ads,650
C101653,2024-05-20,53,Male,East,Paid Ads,650
C101654,2023-08-25,56,Female,East,Organic Search,180
C101655,2026-01-30,24,Male,Central,Referral,90
C101656,2026-05-10,26,Male,West,Organic Search,180
C101657,2026-06-08,53,Male,North,Organic Search,180
C101658,2026-05-14,24,Other,West,Paid Ads,650
C101659,2026-01-27,63,Male,West,Organic Search,180
C101660,2024-08-07,23,Male,Central,Social Media,420
C101661,2023-09-05,68,Female,East,Social Media,420
C101662,2025-03-04,52,Male,North,Organic Search,180
C101663,2023-10-11,41,Female,East,Organic Search,180
C101664,2024-08-31,31,Female,West,Organic Search,180
C101665,2025-04-23,35,Female,South,Social Media,420
C101666,2026-05-02,56,Female,Central,Paid Ads,650
C101667,2024-01-07,57,Female,North,Referral,90
C101668,2023-11-20,28,Male,Central,Social Media,420
C101669,2025-08-02,46,Other,South,Paid Ads,650
C101670,2023-01-09,69,Female,North,Organic Search,180
C101671,2024-12-29,31,Female,East,Paid Ads,650
C101672,2025-08-17,54,Female,East,Paid Ads,650
C101673,2024-12-09,26,Female,Central,Paid Ads,650
C101674,2024-05-08,61,Female,East,Direct,60
C101675,2025-12-01,26,Male,North,Organic Search,180
C101676,2024-04-22,33,Female,Central,Organic Search,180
C101677,2025-07-02,41,Female,East,Email Marketing,140
C101678,2024-08-19,37,Female,South,Direct,60
C101679,2023-02-04,26,Male,Central,Paid Ads,650
C101680,2024-11-13,51,Female,North,Social Media,420
C101681,2023-03-05,19,Female,North,Organic Search,180
C101682,2026-04-12,69,Male,East,Email Marketing,140
C101683,2025-02-12,20,Other,East,Social Media,420
C101684,2024-04-23,35,Female,East,Paid Ads,650
C101685,2024-09-17,66,Male,Central,Paid Ads,650
C101686,2025-03-07,26,Male,South,Paid Ads,650
C101687,2023-12-01,21,Female,Central,Referral,90
C101688,2024-01-06,56,Male,North,Organic Search,180
C101689,2024-06-22,21,Female,North,Social Media,420
C101690,2023-11-29,64,Male,North,Organic Search,180
C101691,2025-09-01,41,Male,North,Referral,90
C101692,2023-05-14,63,Male,South,Organic Search,180
C101693,2025-11-29,30,Female,Central,Email Marketing,140
C101694,2024-03-24,25,Other,West,Paid Ads,650
C101695,2024-12-22,68,Female,West,Paid Ads,650
C101696,2023-07-22,57,Female,North,Paid Ads,650
C101697,2024-05-10,65,Female,Central,Social Media,420
C101698,2025-08-28,34,Male,South,Paid Ads,650
C101699,2023-12-15,39,Female,West,Paid Ads,650
C101700,2023-06-20,48,Female,West,Organic Search,180
C101701,2024-11-02,41,Male,North,Paid Ads,650
C101702,2023-07-28,30,Other,East,Email Marketing,140
C101703,2024-02-09,37,Male,Central,Organic Search,180
C101704,2024-08-02,49,Male,South,Email Marketing,140
C101705,2024-12-26,19,Female,West,Email Marketing,140
C101706,2025-04-02,35,Female,Central,Social Media,420
C101707,2025-05-20,33,Male,South,Organic Search,180
C101708,2025-12-21,21,Female,South,Social Media,420
C101709,2023-03-26,24,Male,South,Email Marketing,140
C101710,2024-04-10,43,Female,West,Paid Ads,650
C101711,2023-01-02,23,Female,South,Paid Ads,650
C101712,2023-01-13,35,Male,East,Paid Ads,650
C101713,2023-09-30,47,Female,North,Paid Ads,650
C101714,2025-02-08,63,Female,Central,Organic Search,180
C101715,2026-02-24,23,Female,Central,Organic Search,180
C101716,2025-09-21,40,Male,East,Social Media,420
C101717,2025-04-11,23,Male,Central,Paid Ads,650
C101718,2025-09-27,40,Female,West,Organic Search,180
C101719,2023-08-10,42,Female,Central,Direct,60
C101720,2025-12-16,59,Female,North,Paid Ads,650
C101721,2026-02-18,40,Female,North,Organic Search,180
C101722,2023-05-03,66,Female,Central,Organic Search,180
C101723,2024-08-27,25,Male,South,Paid Ads,650
C101724,2025-12-03,20,Female,South,Social Media,420
C101725,2024-09-04,18,Female,West,Organic Search,180
C101726,2025-12-16,36,Male,East,Email Marketing,140
C101727,2026-04-18,28,Male,South,Email Marketing,140
C101728,2024-09-02,22,Female,South,Paid Ads,650
C101729,2023-03-18,30,Female,South,Referral,90
C101730,2024-03-13,68,Female,North,Social Media,420
C101731,2023-10-04,59,Male,North,Email Marketing,140
C101732,2024-09-01,18,Other,East,Organic Search,180
C101733,2025-01-23,65,Male,West,Social Media,420
C101734,2024-08-19,28,Male,South,Organic Search,180
C101735,2023-09-09,39,Other,South,Organic Search,180
C101736,2024-01-23,35,Female,East,Email Marketing,140
C101737,2025-05-23,39,Female,North,Paid Ads,650
C101738,2023-02-04,57,Female,South,Paid Ads,650
C101739,2023-10-03,55,Female,North,Organic Search,180
C101740,2026-02-21,48,Male,East,Email Marketing,140
C101741,2023-05-08,50,Male,North,Paid Ads,650
C101742,2024-06-17,55,Female,South,Organic Search,180
C101743,2023-09-24,27,Female,East,Social Media,420
C101744,2023-05-15,38,Male,West,Organic Search,180
C101745,2024-06-27,23,Male,West,Organic Search,180
C101746,2024-11-01,54,Male,Central,Social Media,420
C101747,2023-08-15,40,Male,West,Direct,60
C101748,2023-04-11,51,Female,South,Referral,90
C101749,2023-06-23,47,Male,North,Organic Search,180
C101750,2025-04-17,32,Male,North,Paid Ads,650
C101751,2026-01-11,25,Female,South,Referral,90
C101752,2023-08-20,68,Female,North,Organic Search,180
C101753,2024-02-17,33,Male,South,Referral,90
C101754,2024-03-18,23,Male,West,Paid Ads,650
C101755,2024-04-08,33,Male,West,Email Marketing,140
C101756,2023-11-11,64,Male,South,Paid Ads,650
C101757,2023-03-13,31,Male,East,Direct,60
C101758,2024-11-06,69,Male,North,Paid Ads,650
C101759,2024-04-04,41,Male,East,Referral,90
C101760,2024-03-16,62,Male,East,Organic Search,180
C101761,2023-12-07,51,Male,South,Social Media,420
C101762,2026-04-10,20,Female,South,Paid Ads,650
C101763,2025-02-24,44,Male,Central,Organic Search,180
C101764,2024-06-22,39,Male,East,Paid Ads,650
C101765,2023-09-22,28,Female,East,Organic Search,180
C101766,2025-10-27,46,Male,North,Direct,60
C101767,2026-02-16,23,Female,North,Email Marketing,140
C101768,2023-02-11,54,Female,South,Referral,90
C101769,2026-04-10,60,Female,Central,Paid Ads,650
C101770,2025-06-18,22,Male,North,Organic Search,180
C101771,2023-05-09,42,Female,South,Paid Ads,650
C101772,2025-08-26,52,Female,Central,Organic Search,180
C101773,2023-05-19,21,Male,East,Social Media,420
C101774,2023-03-07,38,Male,South,Email Marketing,140
C101775,2023-05-29,31,Male,East,Organic Search,180
C101776,2024-08-14,20,Female,East,Organic Search,180
C101777,2025-03-07,59,Male,Central,Organic Search,180
C101778,2024-06-07,41,Male,North,Paid Ads,650
C101779,2023-06-06,57,Female,West,Organic Search,180
C101780,2023-09-14,48,Female,South,Paid Ads,650
C101781,2026-01-01,63,Male,West,Organic Search,180
C101782,2026-05-22,69,Male,West,Organic Search,180
C101783,2025-08-27,49,Male,West,Referral,90
C101784,2023-05-13,36,Female,Central,Direct,60
C101785,2025-11-20,39,Female,West,Organic Search,180
C101786,2025-06-08,60,Female,North,Organic Search,180
C101787,2024-11-07,40,Male,North,Paid Ads,650
C101788,2023-07-04,45,Male,South,Referral,90
C101789,2026-07-05,28,Male,East,Social Media,420
C101790,2024-07-23,69,Male,South,Social Media,420
C101791,2023-02-26,51,Female,West,Social Media,420
C101792,2023-09-28,35,Female,West,Direct,60
C101793,2024-05-31,48,Male,Central,Organic Search,180
C101794,2023-03-22,38,Female,South,Organic Search,180
C101795,2024-02-21,26,Male,West,Paid Ads,650
C101796,2024-08-25,63,Female,West,Paid Ads,650
C101797,2026-05-04,64,Male,Central,Organic Search,180
C101798,2023-04-22,61,Female,West,Email Marketing,140
C101799,2025-01-11,37,Male,South,Social Media,420
C101800,2026-03-23,31,Female,North,Direct,60
C101801,2025-11-02,20,Female,Central,Direct,60
C101802,2026-04-04,56,Female,West,Social Media,420
C101803,2023-08-08,35,Female,West,Email Marketing,140
C101804,2025-10-27,64,Male,West,Referral,90
C101805,2026-06-12,63,Female,West,Paid Ads,650
C101806,2024-02-24,24,Male,West,Social Media,420
C101807,2024-10-03,65,Female,Central,Direct,60
C101808,2024-11-13,25,Male,Central,Referral,90
C101809,2024-09-26,43,Male,South,Referral,90
C101810,2024-01-08,42,Female,North,Organic Search,180
C101811,2026-06-02,67,Male,North,Email Marketing,140
C101812,2026-05-15,52,Female,South,Paid Ads,650
C101813,2024-05-04,63,Male,West,Social Media,420
C101814,2025-11-01,48,Female,West,Social Media,420
C101815,2024-05-26,60,Female,South,Social Media,420
C101816,2025-10-19,62,Female,South,Organic Search,180
C101817,2025-01-21,62,Male,East,Referral,90
C101818,2024-08-27,39,Male,West,Organic Search,180
C101819,2023-06-14,37,Male,East,Organic Search,180
C101820,2025-04-21,69,Male,North,Organic Search,180
C101821,2024-02-17,57,Female,South,Social Media,420
C101822,2023-10-06,65,Male,East,Organic Search,180
C101823,2023-09-06,48,Male,East,Paid Ads,650
C101824,2026-06-16,66,Male,West,Email Marketing,140
C101825,2023-05-13,55,Female,Central,Paid Ads,650
C101826,2025-10-23,56,Male,North,Email Marketing,140
C101827,2026-01-18,27,Male,North,Paid Ads,650
C101828,2023-02-09,47,Female,South,Organic Search,180
C101829,2025-01-27,56,Male,South,Referral,90
C101830,2025-01-12,57,Female,South,Paid Ads,650
C101831,2024-04-06,67,Male,North,Direct,60
C101832,2025-05-07,35,Female,North,Organic Search,180
C101833,2024-06-09,33,Female,West,Email Marketing,140
C101834,2024-07-19,68,Female,North,Paid Ads,650
C101835,2024-07-08,69,Female,West,Email Marketing,140
C101836,2025-10-26,27,Female,South,Organic Search,180
C101837,2025-03-25,37,Male,South,Social Media,420
C101838,2024-05-02,67,Female,North,Organic Search,180
C101839,2026-04-06,28,Female,North,Email Marketing,140
C101840,2025-10-28,58,Female,South,Organic Search,180
C101841,2026-04-14,23,Female,West,Paid Ads,650
C101842,2025-07-28,27,Male,Central,Social Media,420
C101843,2024-05-18,58,Male,North,Paid Ads,650
C101844,2025-09-21,49,Male,North,Referral,90
C101845,2024-02-28,46,Male,North,Referral,90
C101846,2023-12-15,62,Male,West,Organic Search,180
C101847,2024-08-03,33,Male,North,Referral,90
C101848,2026-05-31,44,Female,North,Paid Ads,650
C101849,2024-12-31,49,Female,Central,Social Media,420
C101850,2024-05-08,56,Female,Central,Organic Search,180
C101851,2024-08-16,35,Female,West,Paid Ads,650
C101852,2024-01-10,50,Male,North,Email Marketing,140
C101853,2025-04-27,41,Male,South,Direct,60
C101854,2024-03-26,46,Female,North,Direct,60
C101855,2024-12-13,62,Female,West,Referral,90
C101856,2024-04-20,38,Female,West,Organic Search,180
C101857,2024-02-17,52,Female,North,Paid Ads,650
C101858,2026-06-01,66,Female,Central,Organic Search,180
C101859,2024-03-20,57,Female,East,Referral,90
C101860,2023-04-01,69,Female,West,Organic Search,180
C101861,2024-05-01,48,Female,North,Direct,60
C101862,2024-11-15,32,Male,South,Organic Search,180
C101863,2023-05-02,69,Male,North,Organic Search,180
C101864,2024-01-29,51,Male,West,Email Marketing,140
C101865,2023-08-02,30,Female,North,Organic Search,180
C101866,2024-10-05,34,Female,South,Organic Search,180
C101867,2025-07-18,31,Male,West,Social Media,420
C101868,2026-05-30,61,Male,West,Direct,60
C101869,2024-05-15,22,Female,East,Organic Search,180
C101870,2026-01-15,56,Male,West,Paid Ads,650
C101871,2023-10-03,46,Female,East,Organic Search,180
C101872,2025-09-30,21,Male,East,Social Media,420
C101873,2024-12-24,49,Male,South,Paid Ads,650
C101874,2025-09-02,57,Male,North,Social Media,420
C101875,2025-08-29,55,Male,South,Paid Ads,650
C101876,2024-11-15,45,Male,North,Direct,60
C101877,2023-11-28,35,Male,East,Social Media,420
C101878,2024-11-07,26,Male,East,Referral,90
C101879,2025-11-29,18,Male,North,Paid Ads,650
C101880,2026-06-02,36,Female,West,Paid Ads,650
C101881,2026-04-07,50,Male,West,Paid Ads,650
C101882,2023-08-22,19,Male,East,Social Media,420
C101883,2025-02-07,69,Male,Central,Organic Search,180
C101884,2023-05-15,48,Female,South,Organic Search,180
C101885,2025-05-10,33,Female,South,Paid Ads,650
C101886,2026-06-30,68,Other,North,Organic Search,180
C101887,2023-03-09,27,Female,East,Organic Search,180
C101888,2025-04-24,67,Male,North,Social Media,420
C101889,2026-04-30,32,Female,Central,Referral,90
C101890,2025-12-25,37,Male,South,Organic Search,180
C101891,2024-05-19,40,Female,East,Referral,90
C101892,2023-05-14,69,Male,East,Organic Search,180
C101893,2026-04-03,31,Male,South,Direct,60
C101894,2026-03-30,68,Female,West,Social Media,420
C101895,2025-01-14,36,Female,West,Paid Ads,650
C101896,2026-06-12,32,Other,West,Social Media,420
C101897,2023-01-06,51,Male,East,Paid Ads,650
C101898,2025-03-03,54,Male,East,Paid Ads,650
C101899,2023-02-19,35,Male,South,Paid Ads,650
C101900,2026-04-18,24,Male,West,Direct,60
C101901,2025-05-25,38,Female,South,Email Marketing,140
C101902,2026-03-20,46,Male,South,Social Media,420
C101903,2024-12-24,20,Female,North,Email Marketing,140
C101904,2023-04-18,22,Male,West,Organic Search,180
C101905,2023-02-04,65,Female,North,Social Media,420
C101906,2024-03-07,19,Female,Central,Paid Ads,650
C101907,2025-08-14,39,Female,North,Paid Ads,650
C101908,2023-07-14,57,Male,South,Email Marketing,140
C101909,2025-12-31,35,Male,North,Email Marketing,140
C101910,2023-11-04,43,Male,South,Email Marketing,140
C101911,2024-09-30,22,Female,South,Social Media,420
C101912,2023-09-19,59,Male,West,Paid Ads,650
C101913,2024-08-21,50,Male,North,Referral,90
C101914,2024-08-04,62,Other,South,Organic Search,180
C101915,2023-01-08,62,Female,North,Email Marketing,140
C101916,2024-12-31,36,Female,South,Organic Search,180
C101917,2025-10-08,20,Male,Central,Email Marketing,140
C101918,2026-04-19,36,Female,South,Referral,90
C101919,2024-03-01,25,Male,West,Organic Search,180
C101920,2026-02-06,45,Male,East,Organic Search,180
C101921,2026-02-04,25,Female,South,Paid Ads,650
C101922,2026-06-25,65,Female,West,Paid Ads,650
C101923,2024-04-24,49,Female,North,Email Marketing,140
C101924,2025-12-30,31,Male,Central,Organic Search,180
C101925,2024-12-27,65,Male,East,Paid Ads,650
C101926,2023-03-16,58,Female,South,Organic Search,180
C101927,2023-12-14,40,Female,Central,Organic Search,180
C101928,2025-05-14,25,Male,South,Organic Search,180
C101929,2023-07-26,35,Male,Central,Email Marketing,140
C101930,2024-07-13,48,Female,Central,Referral,90
C101931,2025-09-23,57,Female,South,Email Marketing,140
C101932,2023-07-12,31,Male,South,Paid Ads,650
C101933,2024-09-30,56,Female,West,Organic Search,180
C101934,2023-10-04,32,Other,North,Organic Search,180
C101935,2024-11-20,30,Male,West,Paid Ads,650
C101936,2023-11-06,41,Female,North,Organic Search,180
C101937,2026-05-26,26,Female,North,Organic Search,180
C101938,2023-04-09,39,Female,East,Social Media,420
C101939,2026-05-24,36,Female,West,Organic Search,180
C101940,2025-10-15,32,Female,West,Social Media,420
C101941,2026-01-05,58,Female,East,Social Media,420
C101942,2025-12-31,35,Male,South,Referral,90
C101943,2023-08-30,54,Female,South,Paid Ads,650
C101944,2026-04-12,55,Male,South,Referral,90
C101945,2025-02-03,52,Male,South,Paid Ads,650
C101946,2026-05-22,32,Female,South,Organic Search,180
C101947,2026-02-03,61,Female,East,Paid Ads,650
C101948,2025-01-15,30,Other,North,Organic Search,180
C101949,2024-04-26,32,Female,North,Paid Ads,650
C101950,2023-05-31,63,Female,West,Referral,90
C101951,2023-05-11,35,Male,North,Referral,90
C101952,2024-05-16,54,Female,Central,Organic Search,180
C101953,2025-11-08,20,Other,South,Organic Search,180
C101954,2024-10-11,49,Male,North,Organic Search,180
C101955,2024-09-11,63,Female,Central,Direct,60
C101956,2023-11-11,54,Female,East,Paid Ads,650
C101957,2024-12-26,48,Male,West,Paid Ads,650
C101958,2025-03-31,62,Female,South,Organic Search,180
C101959,2026-06-17,33,Male,South,Referral,90
C101960,2025-07-27,37,Male,East,Paid Ads,650
C101961,2025-02-19,21,Male,South,Organic Search,180
C101962,2026-03-16,54,Male,East,Paid Ads,650
C101963,2024-06-30,55,Male,South,Referral,90
C101964,2026-04-17,57,Female,South,Paid Ads,650
C101965,2024-04-20,56,Male,North,Direct,60
C101966,2023-06-14,24,Female,West,Email Marketing,140
C101967,2024-06-21,52,Female,South,Social Media,420
C101968,2023-06-15,57,Male,Central,Direct,60
C101969,2023-06-02,28,Male,South,Email Marketing,140
C101970,2026-02-07,42,Female,East,Paid Ads,650
C101971,2025-10-19,65,Female,South,Referral,90
C101972,2023-10-12,39,Female,West,Social Media,420
C101973,2025-12-13,57,Male,West,Social Media,420
C101974,2023-03-30,45,Female,East,Social Media,420
C101975,2024-01-01,52,Female,South,Email Marketing,140
C101976,2025-06-27,50,Other,West,Email Marketing,140
C101977,2024-01-26,51,Male,North,Paid Ads,650
C101978,2025-07-28,58,Female,East,Social Media,420
C101979,2026-01-29,65,Male,West,Social Media,420
C101980,2023-03-26,33,Female,South,Email Marketing,140
C101981,2023-01-31,66,Female,East,Paid Ads,650
C101982,2026-04-23,50,Female,West,Organic Search,180
C101983,2024-10-31,48,Male,North,Organic Search,180
C101984,2024-10-13,35,Female,South,Organic Search,180
C101985,2024-08-19,39,Male,South,Organic Search,180
C101986,2024-07-11,51,Female,West,Paid Ads,650
C101987,2025-06-06,36,Female,East,Organic Search,180
C101988,2025-01-15,32,Female,South,Email Marketing,140
C101989,2023-07-30,60,Female,South,Paid Ads,650
C101990,2025-03-16,39,Female,North,Paid Ads,650
C101991,2025-05-09,51,Female,North,Referral,90
C101992,2023-05-27,19,Female,South,Paid Ads,650
C101993,2024-04-29,22,Female,North,Referral,90
C101994,2025-10-13,62,Female,North,Email Marketing,140
C101995,2025-03-06,25,Female,East,Paid Ads,650
C101996,2023-06-25,59,Female,East,Paid Ads,650
C101997,2023-02-21,64,Male,North,Paid Ads,650
C101998,2025-01-17,43,Female,East,Paid Ads,650
C101999,2024-08-16,63,Male,North,Social Media,420
C102000,2026-05-20,40,Male,South,Paid Ads,650
C102001,2024-11-02,67,Female,Central,Paid Ads,650
C102002,2026-04-12,30,Male,East,Paid Ads,650
C102003,2023-10-03,40,Female,North,Organic Search,180
C102004,2024-07-29,38,Other,South,Organic Search,180
C102005,2023-06-29,58,Male,West,Social Media,420
C102006,2025-01-08,20,Male,North,Organic Search,180
C102007,2023-08-31,61,Male,Central,Referral,90
C102008,2024-09-25,19,Male,South,Email Marketing,140
C102009,2024-03-18,34,Female,North,Referral,90
C102010,2023-08-27,48,Female,East,Paid Ads,650
C102011,2023-05-05,25,Female,West,Paid Ads,650
C102012,2024-10-20,43,Male,South,Social Media,420
C102013,2026-05-03,69,Female,Central,Referral,90
C102014,2023-09-13,60,Male,Central,Direct,60
C102015,2024-06-04,19,Female,North,Paid Ads,650
C102016,2023-10-16,48,Female,North,Organic Search,180
C102017,2025-11-06,49,Male,South,Paid Ads,650
C102018,2024-06-17,21,Female,East,Direct,60
C102019,2026-06-07,51,Female,East,Social Media,420
C102020,2023-11-12,45,Male,South,Email Marketing,140
C102021,2023-04-14,53,Female,Central,Referral,90
C102022,2025-01-19,33,Female,South,Direct,60
C102023,2025-04-18,31,Male,West,Social Media,420
C102024,2026-06-28,56,Male,West,Direct,60
C102025,2026-01-25,55,Female,North,Email Marketing,140
C102026,2026-02-11,26,Female,North,Email Marketing,140
C102027,2025-03-26,29,Female,North,Direct,60
C102028,2024-04-07,48,Female,Central,Social Media,420
C102029,2024-07-05,61,Female,South,Referral,90
C102030,2023-06-21,28,Male,West,Social Media,420
C102031,2024-07-08,29,Male,East,Referral,90
C102032,2024-04-13,60,Male,South,Referral,90
C102033,2023-02-16,54,Female,Central,Referral,90
C102034,2023-09-20,64,Female,South,Paid Ads,650
C102035,2024-11-18,58,Female,West,Referral,90
C102036,2024-04-19,67,Male,South,Email Marketing,140
C102037,2026-07-01,27,Female,North,Social Media,420
C102038,2024-09-07,32,Female,North,Paid Ads,650
C102039,2026-05-17,30,Male,North,Email Marketing,140
C102040,2025-04-29,20,Male,West,Referral,90
C102041,2023-02-21,58,Female,South,Paid Ads,650
C102042,2023-09-19,52,Female,South,Social Media,420
C102043,2025-06-26,22,Female,North,Referral,90
C102044,2024-12-02,28,Male,East,Referral,90
C102045,2024-01-24,27,Female,West,Paid Ads,650
C102046,2024-11-02,38,Male,East,Paid Ads,650
C102047,2026-03-07,41,Male,Central,Email Marketing,140
C102048,2024-05-14,33,Female,North,Direct,60
C102049,2023-02-28,66,Male,North,Paid Ads,650
C102050,2024-02-04,29,Other,East,Email Marketing,140
C102051,2026-04-18,47,Female,South,Paid Ads,650
C102052,2025-09-06,40,Male,West,Organic Search,180
C102053,2025-12-12,38,Male,West,Referral,90
C102054,2026-03-18,60,Female,North,Organic Search,180
C102055,2023-06-01,68,Male,Central,Organic Search,180
C102056,2023-12-30,18,Male,North,Direct,60
C102057,2023-03-18,42,Male,West,Social Media,420
C102058,2023-01-07,24,Male,South,Organic Search,180
C102059,2025-12-09,40,Female,West,Paid Ads,650
C102060,2026-04-19,50,Female,North,Social Media,420
C102061,2023-07-20,39,Male,Central,Social Media,420
C102062,2025-07-17,34,Female,Central,Paid Ads,650
C102063,2024-11-18,34,Male,East,Paid Ads,650
C102064,2023-03-31,33,Female,East,Social Media,420
C102065,2026-03-23,34,Male,East,Social Media,420
C102066,2026-01-25,37,Female,East,Direct,60
C102067,2024-12-30,53,Male,East,Paid Ads,650
C102068,2025-06-29,22,Female,East,Email Marketing,140
C102069,2024-05-25,20,Male,Central,Direct,60
C102070,2025-10-16,44,Other,East,Paid Ads,650
C102071,2024-07-26,53,Male,North,Organic Search,180
C102072,2026-06-26,31,Female,Central,Social Media,420
C102073,2023-03-23,28,Female,North,Email Marketing,140
C102074,2023-08-10,50,Male,North,Organic Search,180
C102075,2026-05-30,37,Male,Central,Organic Search,180
C102076,2024-01-07,56,Male,North,Social Media,420
C102077,2024-02-04,25,Other,North,Email Marketing,140
C102078,2025-10-14,24,Female,East,Organic Search,180
C102079,2023-09-01,46,Female,West,Paid Ads,650
C102080,2024-10-22,38,Male,North,Organic Search,180
C102081,2024-01-03,55,Female,East,Direct,60
C102082,2023-09-12,44,Male,North,Referral,90
C102083,2026-05-25,36,Male,South,Paid Ads,650
C102084,2023-09-15,26,Male,South,Email Marketing,140
C102085,2023-05-02,26,Female,North,Social Media,420
C102086,2025-05-16,57,Female,Central,Email Marketing,140
C102087,2026-01-20,29,Female,East,Organic Search,180
C102088,2023-06-13,44,Male,West,Organic Search,180
C102089,2025-06-29,60,Male,Central,Paid Ads,650
C102090,2024-11-26,64,Female,Central,Organic Search,180
C102091,2025-12-03,31,Female,West,Email Marketing,140
C102092,2023-06-13,23,Male,South,Social Media,420
C102093,2026-06-09,58,Male,West,Paid Ads,650
C102094,2025-03-07,53,Female,East,Referral,90
C102095,2025-12-19,35,Other,South,Social Media,420
C102096,2024-04-10,48,Female,South,Social Media,420
C102097,2026-04-28,27,Male,South,Organic Search,180
C102098,2025-03-16,54,Female,East,Direct,60
C102099,2023-06-13,55,Male,West,Social Media,420
C102100,2026-04-01,33,Female,East,Email Marketing,140
C102101,2025-10-20,42,Male,South,Referral,90
C102102,2024-01-22,35,Male,North,Social Media,420
C102103,2024-12-02,19,Male,Central,Organic Search,180
C102104,2024-05-14,24,Male,South,Social Media,420
C102105,2024-11-29,67,Male,South,Organic Search,180
C102106,2026-05-26,41,Female,West,Direct,60
C102107,2026-03-02,25,Female,West,Organic Search,180
C102108,2023-10-05,20,Female,East,Paid Ads,650
C102109,2026-06-03,36,Male,East,Social Media,420
C102110,2024-07-17,69,Male,North,Social Media,420
C102111,2025-06-25,38,Female,Central,Social Media,420
C102112,2025-09-09,69,Male,East,Referral,90
C102113,2024-09-13,43,Male,West,Referral,90
C102114,2024-08-10,57,Female,North,Email Marketing,140
C102115,2024-08-09,58,Other,East,Paid Ads,650
C102116,2026-01-14,19,Male,South,Social Media,420
C102117,2024-05-11,18,Female,South,Email Marketing,140
C102118,2023-12-26,65,Female,West,Paid Ads,650
C102119,2024-04-10,66,Male,West,Organic Search,180
C102120,2023-09-08,24,Female,South,Organic Search,180
C102121,2024-05-18,51,Male,Central,Referral,90
C102122,2023-05-27,66,Male,North,Referral,90
C102123,2023-04-26,67,Other,East,Organic Search,180
C102124,2025-07-19,33,Female,North,Organic Search,180
C102125,2023-04-10,60,Male,South,Organic Search,180
C102126,2024-12-31,51,Male,Central,Paid Ads,650
C102127,2025-09-29,66,Female,North,Organic Search,180
C102128,2025-07-20,25,Male,Central,Referral,90
C102129,2024-07-27,49,Female,South,Direct,60
C102130,2023-09-07,19,Female,West,Referral,90
C102131,2026-04-11,36,Male,North,Email Marketing,140
C102132,2025-12-10,18,Female,East,Direct,60
C102133,2025-02-26,41,Female,Central,Referral,90
C102134,2023-04-22,60,Female,East,Social Media,420
C102135,2023-02-15,52,Male,South,Email Marketing,140
C102136,2024-02-10,34,Male,West,Social Media,420
C102137,2023-07-22,40,Male,West,Paid Ads,650
C102138,2026-01-11,37,Female,North,Organic Search,180
C102139,2023-09-22,56,Female,West,Social Media,420
C102140,2023-12-30,31,Female,West,Email Marketing,140
C102141,2026-06-08,22,Female,West,Referral,90
C102142,2025-11-18,44,Male,South,Paid Ads,650
C102143,2023-10-09,61,Male,South,Social Media,420
C102144,2024-05-08,42,Female,Central,Email Marketing,140
C102145,2024-10-25,28,Female,East,Referral,90
C102146,2025-05-04,20,Female,East,Paid Ads,650
C102147,2026-04-18,67,Male,Central,Paid Ads,650
C102148,2026-01-25,57,Male,North,Paid Ads,650
C102149,2026-06-10,26,Female,South,Email Marketing,140
C102150,2023-02-22,21,Male,West,Organic Search,180
C102151,2023-10-31,24,Male,West,Email Marketing,140
C102152,2024-12-25,37,Female,Central,Organic Search,180
C102153,2023-03-05,60,Female,East,Direct,60
C102154,2024-04-01,26,Female,South,Paid Ads,650
C102155,2023-07-17,60,Female,South,Referral,90
C102156,2026-04-14,18,Female,North,Referral,90
C102157,2023-03-23,56,Male,Central,Referral,90
C102158,2023-07-10,32,Female,North,Referral,90
C102159,2023-09-08,67,Female,East,Organic Search,180
C102160,2023-07-11,42,Male,South,Organic Search,180
C102161,2025-01-01,32,Other,North,Organic Search,180
C102162,2024-04-13,30,Female,South,Referral,90
C102163,2026-03-19,60,Male,East,Referral,90
C102164,2023-12-02,38,Female,North,Paid Ads,650
C102165,2024-11-21,36,Female,Central,Referral,90
C102166,2025-04-28,56,Male,Central,Paid Ads,650
C102167,2025-03-16,45,Male,North,Paid Ads,650
C102168,2025-10-21,52,Female,Central,Paid Ads,650
C102169,2023-09-17,41,Male,South,Referral,90
C102170,2024-10-14,21,Male,North,Organic Search,180
C102171,2025-10-26,18,Female,South,Email Marketing,140
C102172,2026-01-14,20,Female,West,Referral,90
C102173,2025-03-05,47,Female,West,Social Media,420
C102174,2025-04-18,44,Female,North,Organic Search,180
C102175,2026-01-16,56,Female,West,Referral,90
C102176,2025-03-14,64,Female,West,Email Marketing,140
C102177,2026-05-05,27,Male,West,Social Media,420
C102178,2023-06-14,67,Female,East,Paid Ads,650
C102179,2024-03-23,66,Male,West,Paid Ads,650
C102180,2023-05-25,50,Female,East,Paid Ads,650
C102181,2023-04-27,45,Female,North,Paid Ads,650
C102182,2024-08-29,27,Male,West,Referral,90
C102183,2023-10-18,27,Female,South,Paid Ads,650
C102184,2024-06-07,18,Female,West,Email Marketing,140
C102185,2024-07-17,51,Female,West,Paid Ads,650
C102186,2025-03-09,40,Male,South,Social Media,420
C102187,2026-05-01,27,Female,North,Direct,60
C102188,2025-12-28,24,Male,West,Paid Ads,650
C102189,2024-05-01,21,Female,West,Organic Search,180
C102190,2024-02-23,51,Female,West,Social Media,420
C102191,2025-09-18,53,Male,East,Paid Ads,650
C102192,2023-06-09,50,Male,North,Referral,90
C102193,2024-11-26,23,Female,South,Email Marketing,140
C102194,2024-06-27,20,Female,West,Referral,90
C102195,2023-08-24,23,Male,South,Direct,60
C102196,2025-03-03,57,Female,West,Organic Search,180
C102197,2024-02-17,56,Female,South,Organic Search,180
C102198,2023-08-27,33,Male,North,Paid Ads,650
C102199,2025-04-20,20,Female,East,Social Media,420
C102200,2023-08-13,34,Male,East,Organic Search,180
C102201,2025-05-15,60,Male,East,Organic Search,180
C102202,2023-07-28,25,Female,South,Direct,60
C102203,2024-07-13,59,Male,West,Paid Ads,650
C102204,2025-11-05,42,Female,East,Organic Search,180
C102205,2023-10-22,25,Female,West,Paid Ads,650
C102206,2025-09-14,66,Female,East,Organic Search,180
C102207,2025-07-17,44,Male,South,Organic Search,180
C102208,2026-03-06,52,Male,West,Paid Ads,650
C102209,2023-08-06,23,Female,East,Paid Ads,650
C102210,2025-07-08,37,Female,East,Email Marketing,140
C102211,2026-04-19,50,Female,East,Paid Ads,650
C102212,2025-09-08,51,Male,North,Referral,90
C102213,2023-08-30,21,Male,Central,Referral,90
C102214,2025-11-23,49,Male,South,Referral,90
C102215,2023-05-19,67,Female,North,Email Marketing,140
C102216,2025-01-27,58,Male,West,Paid Ads,650
C102217,2024-10-01,28,Female,North,Organic Search,180
C102218,2024-11-13,65,Male,Central,Organic Search,180
C102219,2024-10-30,53,Male,South,Organic Search,180
C102220,2023-02-10,20,Female,South,Email Marketing,140
C102221,2024-10-15,24,Female,North,Social Media,420
C102222,2026-04-19,65,Other,North,Organic Search,180
C102223,2024-07-15,28,Male,North,Organic Search,180
C102224,2023-12-23,23,Female,North,Email Marketing,140
C102225,2026-07-03,41,Male,South,Social Media,420
C102226,2023-05-08,45,Female,South,Organic Search,180
C102227,2024-09-17,47,Female,South,Email Marketing,140
C102228,2024-10-21,52,Male,North,Referral,90
C102229,2024-09-06,69,Female,North,Paid Ads,650
C102230,2026-03-31,57,Male,North,Paid Ads,650
C102231,2024-06-26,19,Male,North,Social Media,420
C102232,2026-06-05,22,Female,South,Paid Ads,650
C102233,2023-03-27,18,Male,North,Direct,60
C102234,2025-08-01,38,Female,South,Referral,90
C102235,2025-02-01,36,Female,Central,Social Media,420
C102236,2023-11-06,66,Female,South,Referral,90
C102237,2023-10-21,37,Female,North,Direct,60
C102238,2025-07-14,19,Female,West,Organic Search,180
C102239,2025-03-30,63,Male,East,Organic Search,180
C102240,2025-02-24,31,Male,North,Referral,90
C102241,2023-03-07,65,Male,West,Organic Search,180
C102242,2025-02-07,58,Female,West,Referral,90
C102243,2026-06-16,63,Female,Central,Social Media,420
C102244,2023-01-23,60,Female,Central,Paid Ads,650
C102245,2024-08-26,25,Male,East,Organic Search,180
C102246,2024-09-27,50,Male,West,Referral,90
C102247,2026-02-27,39,Female,South,Organic Search,180
C102248,2023-12-30,50,Male,Central,Organic Search,180
C102249,2024-09-03,56,Female,East,Paid Ads,650
C102250,2025-07-11,44,Male,South,Organic Search,180
C102251,2023-03-19,34,Male,North,Social Media,420
C102252,2025-10-27,65,Female,East,Direct,60
C102253,2025-11-23,52,Female,East,Referral,90
C102254,2025-07-14,64,Female,West,Social Media,420
C102255,2025-04-13,30,Female,North,Paid Ads,650
C102256,2025-08-19,61,Male,West,Direct,60
C102257,2025-10-02,34,Female,North,Email Marketing,140
C102258,2026-03-07,41,Female,East,Email Marketing,140
C102259,2024-07-04,62,Female,South,Organic Search,180
C102260,2024-08-09,36,Female,South,Organic Search,180
C102261,2025-03-31,31,Male,South,Organic Search,180
C102262,2023-09-06,65,Male,North,Organic Search,180
C102263,2026-01-06,68,Female,North,Organic Search,180
C102264,2025-09-17,34,Female,West,Email Marketing,140
C102265,2025-03-22,33,Male,North,Organic Search,180
C102266,2024-01-23,29,Male,West,Organic Search,180
C102267,2024-03-23,19,Other,West,Email Marketing,140
C102268,2024-07-13,46,Female,North,Direct,60
C102269,2025-05-02,31,Female,Central,Organic Search,180
C102270,2025-09-27,62,Male,West,Paid Ads,650
C102271,2025-05-14,26,Other,West,Email Marketing,140
C102272,2026-04-10,51,Female,West,Direct,60
C102273,2026-05-20,44,Female,East,Social Media,420
C102274,2025-06-25,49,Male,Central,Paid Ads,650
C102275,2024-04-21,23,Female,North,Social Media,420
C102276,2025-02-09,42,Female,North,Referral,90
C102277,2024-06-30,50,Female,West,Organic Search,180
C102278,2025-03-20,35,Other,South,Paid Ads,650
C102279,2025-11-10,63,Female,East,Email Marketing,140
C102280,2024-04-19,45,Male,South,Referral,90
C102281,2024-10-12,36,Female,South,Organic Search,180
C102282,2023-02-28,19,Female,Central,Referral,90
C102283,2025-08-05,26,Male,North,Social Media,420
C102284,2024-09-21,42,Male,North,Organic Search,180
C102285,2024-08-14,38,Female,West,Paid Ads,650
C102286,2024-11-15,63,Male,West,Paid Ads,650
C102287,2023-10-05,58,Female,West,Direct,60
C102288,2025-02-07,26,Male,North,Organic Search,180
C102289,2025-08-16,48,Male,Central,Email Marketing,140
C102290,2024-03-25,41,Male,East,Social Media,420
C102291,2023-06-18,23,Female,West,Email Marketing,140
C102292,2024-05-12,52,Female,North,Direct,60
C102293,2023-09-13,45,Male,South,Direct,60
C102294,2024-04-25,22,Female,East,Email Marketing,140
C102295,2025-03-17,42,Male,East,Paid Ads,650
C102296,2023-05-26,56,Female,North,Organic Search,180
C102297,2025-08-18,35,Other,East,Paid Ads,650
C102298,2023-10-16,36,Female,West,Social Media,420
C102299,2026-02-24,23,Male,South,Paid Ads,650
C102300,2025-07-30,28,Female,East,Paid Ads,650
C102301,2023-12-17,69,Male,South,Organic Search,180
C102302,2024-12-25,50,Male,Central,Referral,90
C102303,2023-05-23,27,Male,East,Organic Search,180
C102304,2023-05-09,43,Male,East,Paid Ads,650
C102305,2026-05-14,28,Male,Central,Social Media,420
C102306,2025-10-28,41,Female,West,Social Media,420
C102307,2023-07-18,25,Male,South,Email Marketing,140
C102308,2023-12-30,50,Female,East,Social Media,420
C102309,2023-09-12,47,Female,Central,Referral,90
C102310,2024-05-23,50,Female,North,Paid Ads,650
C102311,2024-01-10,41,Female,East,Organic Search,180
C102312,2024-02-26,32,Female,North,Referral,90
C102313,2024-11-11,30,Male,West,Organic Search,180
C102314,2023-09-01,29,Male,East,Email Marketing,140
C102315,2026-02-09,40,Female,Central,Direct,60
C102316,2025-07-24,41,Female,West,Paid Ads,650
C102317,2025-09-05,53,Female,North,Referral,90
C102318,2023-08-06,20,Female,East,Paid Ads,650
C102319,2025-06-29,32,Female,Central,Paid Ads,650
C102320,2025-12-11,62,Female,North,Paid Ads,650
C102321,2023-08-14,65,Female,North,Social Media,420
C102322,2025-08-24,66,Female,West,Direct,60
C102323,2024-04-04,33,Female,East,Paid Ads,650
C102324,2025-10-09,25,Other,North,Referral,90
C102325,2024-09-07,28,Female,South,Paid Ads,650
C102326,2025-10-28,24,Female,South,Organic Search,180
C102327,2023-07-09,67,Male,West,Social Media,420
C102328,2024-05-15,63,Male,East,Referral,90
C102329,2023-12-18,60,Female,East,Referral,90
C102330,2023-11-16,55,Male,West,Direct,60
C102331,2024-02-01,35,Male,South,Organic Search,180
C102332,2024-05-06,42,Female,West,Social Media,420
C102333,2023-06-13,61,Female,South,Paid Ads,650
C102334,2025-06-28,60,Female,South,Email Marketing,140
C102335,2024-12-08,44,Female,East,Organic Search,180
C102336,2025-12-02,61,Male,West,Organic Search,180
C102337,2025-06-25,36,Male,Central,Referral,90
C102338,2023-07-11,39,Female,South,Paid Ads,650
C102339,2023-03-31,61,Male,North,Referral,90
C102340,2024-06-27,37,Female,South,Direct,60
C102341,2024-09-10,57,Other,East,Paid Ads,650
C102342,2023-11-05,41,Female,North,Social Media,420
C102343,2025-10-02,33,Female,Central,Direct,60
C102344,2025-01-17,29,Female,West,Referral,90
C102345,2025-08-19,49,Female,East,Organic Search,180
C102346,2023-05-21,42,Male,South,Email Marketing,140
C102347,2025-11-14,37,Female,North,Social Media,420
C102348,2023-09-23,56,Male,East,Referral,90
C102349,2024-07-30,18,Female,East,Social Media,420
C102350,2024-07-19,22,Male,Central,Organic Search,180
C102351,2025-11-21,68,Female,East,Email Marketing,140
C102352,2023-12-23,52,Female,North,Organic Search,180
C102353,2023-11-06,46,Male,North,Email Marketing,140
C102354,2024-03-12,18,Female,North,Email Marketing,140
C102355,2024-04-09,49,Male,Central,Direct,60
C102356,2023-08-22,40,Male,West,Organic Search,180
C102357,2023-08-15,49,Male,West,Paid Ads,650
C102358,2023-10-25,20,Male,West,Organic Search,180
C102359,2024-08-24,46,Other,North,Paid Ads,650
C102360,2024-03-17,48,Other,West,Paid Ads,650
C102361,2024-05-19,33,Female,West,Social Media,420
C102362,2025-07-13,20,Female,North,Paid Ads,650
C102363,2023-11-06,68,Female,East,Direct,60
C102364,2026-03-16,54,Female,West,Organic Search,180
C102365,2025-08-24,50,Female,Central,Paid Ads,650
C102366,2023-08-13,57,Male,North,Referral,90
C102367,2024-02-08,52,Female,Central,Organic Search,180
C102368,2023-08-25,24,Other,Central,Referral,90
C102369,2023-12-17,41,Male,Central,Referral,90
C102370,2024-04-15,64,Male,North,Referral,90
C102371,2023-06-18,32,Male,North,Social Media,420
C102372,2023-01-19,68,Male,West,Email Marketing,140
C102373,2024-07-18,21,Female,South,Direct,60
C102374,2025-06-20,35,Male,North,Organic Search,180
C102375,2024-01-25,36,Female,West,Paid Ads,650
C102376,2026-01-11,50,Female,North,Email Marketing,140
C102377,2024-04-19,27,Male,South,Organic Search,180
C102378,2026-03-04,29,Female,Central,Social Media,420
C102379,2023-10-31,52,Female,South,Social Media,420
C102380,2024-11-24,32,Female,Central,Organic Search,180
C102381,2025-09-08,63,Female,South,Paid Ads,650
C102382,2023-03-17,63,Female,South,Referral,90
C102383,2026-04-10,33,Male,North,Organic Search,180
C102384,2024-04-14,47,Male,South,Organic Search,180
C102385,2024-10-02,35,Male,South,Email Marketing,140
C102386,2025-03-19,35,Male,West,Email Marketing,140
C102387,2025-04-06,52,Female,Central,Social Media,420
C102388,2023-01-31,33,Male,North,Paid Ads,650
C102389,2026-01-20,25,Female,North,Organic Search,180
C102390,2025-03-12,31,Male,East,Email Marketing,140
C102391,2026-07-08,66,Female,East,Organic Search,180
C102392,2024-08-29,31,Female,South,Email Marketing,140
C102393,2025-02-27,36,Female,South,Referral,90
C102394,2024-07-21,50,Female,North,Organic Search,180
C102395,2026-02-18,23,Male,East,Social Media,420
C102396,2025-12-06,31,Female,North,Direct,60
C102397,2026-03-14,27,Male,West,Email Marketing,140
C102398,2024-10-10,66,Female,South,Social Media,420
C102399,2025-10-14,66,Female,South,Organic Search,180
C102400,2024-04-06,57,Male,East,Referral,90
C102401,2024-08-15,30,Male,North,Social Media,420
C102402,2025-09-04,50,Male,Central,Social Media,420
C102403,2023-04-15,52,Female,West,Organic Search,180
C102404,2025-07-02,63,Female,Central,Email Marketing,140
C102405,2023-01-21,26,Male,East,Social Media,420
C102406,2025-01-16,56,Male,South,Paid Ads,650
C102407,2024-09-05,28,Male,North,Organic Search,180
C102408,2024-08-25,47,Female,East,Paid Ads,650
C102409,2024-09-27,63,Male,East,Paid Ads,650
C102410,2024-09-24,21,Male,South,Organic Search,180
C102411,2024-06-07,25,Female,North,Social Media,420
C102412,2024-08-03,60,Female,South,Organic Search,180
C102413,2024-12-31,18,Female,North,Organic Search,180
C102414,2025-09-08,53,Female,South,Organic Search,180
C102415,2024-12-11,44,Male,East,Paid Ads,650
C102416,2025-04-06,36,Female,Central,Paid Ads,650
C102417,2025-12-11,62,Male,North,Paid Ads,650
C102418,2026-06-26,62,Male,North,Referral,90
C102419,2023-05-20,34,Other,South,Paid Ads,650
C102420,2025-07-05,18,Female,North,Referral,90
C102421,2023-10-17,24,Female,West,Organic Search,180
C102422,2023-09-11,23,Male,North,Paid Ads,650
C102423,2025-10-16,69,Male,Central,Organic Search,180
C102424,2023-03-30,49,Male,Central,Paid Ads,650
C102425,2025-12-26,53,Female,East,Social Media,420
C102426,2025-09-17,30,Female,Central,Referral,90
C102427,2026-07-03,62,Female,East,Social Media,420
C102428,2025-05-08,55,Other,Central,Paid Ads,650
C102429,2026-01-27,57,Male,South,Organic Search,180
C102430,2023-06-02,42,Female,Central,Direct,60
C102431,2026-02-18,54,Male,North,Organic Search,180
C102432,2023-07-26,46,Male,South,Organic Search,180
C102433,2024-02-09,37,Female,Central,Organic Search,180
C102434,2023-06-14,48,Female,South,Direct,60
C102435,2024-05-31,34,Male,North,Email Marketing,140
C102436,2025-08-21,67,Male,North,Paid Ads,650
C102437,2023-12-11,55,Female,North,Organic Search,180
C102438,2025-11-23,56,Male,South,Referral,90
C102439,2025-02-18,55,Female,South,Paid Ads,650
C102440,2025-03-19,41,Female,East,Organic Search,180
C102441,2026-04-22,67,Male,West,Paid Ads,650
C102442,2024-07-09,28,Male,North,Paid Ads,650
C102443,2024-03-19,47,Male,West,Paid Ads,650
C102444,2026-07-02,21,Female,East,Social Media,420
C102445,2024-12-17,33,Male,West,Referral,90
C102446,2025-03-01,47,Female,West,Social Media,420
C102447,2024-01-17,43,Male,Central,Organic Search,180
C102448,2023-10-05,66,Female,North,Organic Search,180
C102449,2023-08-07,49,Male,East,Email Marketing,140
C102450,2023-10-15,39,Male,Central,Organic Search,180
C102451,2023-09-09,40,Female,West,Paid Ads,650
C102452,2025-08-18,49,Female,North,Organic Search,180
C102453,2023-03-16,59,Male,East,Organic Search,180
C102454,2025-03-20,32,Male,West,Paid Ads,650
C102455,2026-05-05,48,Female,South,Organic Search,180
C102456,2025-09-11,47,Male,East,Social Media,420
C102457,2024-06-02,18,Male,West,Paid Ads,650
C102458,2023-03-18,65,Male,East,Referral,90
C102459,2025-12-08,47,Male,North,Social Media,420
C102460,2023-01-05,30,Female,East,Organic Search,180
C102461,2025-05-26,50,Female,East,Email Marketing,140
C102462,2025-05-12,53,Female,South,Direct,60
C102463,2023-09-04,65,Female,West,Organic Search,180
C102464,2025-08-09,19,Male,South,Social Media,420
C102465,2023-08-14,39,Female,Central,Social Media,420
C102466,2023-10-18,27,Male,West,Social Media,420
C102467,2025-11-10,47,Male,West,Organic Search,180
C102468,2026-06-13,44,Female,East,Organic Search,180
C102469,2023-12-07,42,Male,North,Paid Ads,650
C102470,2026-03-30,69,Male,West,Organic Search,180
C102471,2026-03-20,45,Male,North,Paid Ads,650
C102472,2025-09-16,39,Female,East,Email Marketing,140
C102473,2023-06-30,21,Male,North,Paid Ads,650
C102474,2024-01-21,33,Female,East,Paid Ads,650
C102475,2025-05-21,64,Female,West,Organic Search,180
C102476,2026-07-08,41,Female,South,Paid Ads,650
C102477,2025-11-13,65,Male,South,Referral,90
C102478,2024-06-24,45,Female,North,Email Marketing,140
C102479,2023-10-30,46,Male,South,Paid Ads,650
C102480,2026-05-19,40,Female,South,Paid Ads,650
C102481,2023-12-22,46,Female,Central,Organic Search,180
C102482,2024-03-16,21,Male,Central,Direct,60
C102483,2026-05-25,20,Female,Central,Paid Ads,650
C102484,2024-12-23,42,Female,North,Paid Ads,650
C102485,2023-12-07,49,Male,South,Paid Ads,650
C102486,2023-01-07,46,Male,East,Organic Search,180
C102487,2024-07-06,40,Female,East,Paid Ads,650
C102488,2026-06-21,33,Female,West,Direct,60
C102489,2024-07-10,54,Female,West,Organic Search,180
C102490,2025-06-18,49,Male,East,Organic Search,180
C102491,2023-11-22,20,Female,East,Organic Search,180
C102492,2025-09-24,41,Female,Central,Organic Search,180
C102493,2025-09-24,54,Female,South,Direct,60
C102494,2025-02-21,58,Female,West,Referral,90
C102495,2025-09-19,32,Male,West,Email Marketing,140
C102496,2025-01-14,66,Female,North,Email Marketing,140
C102497,2024-05-01,51,Male,Central,Social Media,420
C102498,2025-08-06,40,Male,Central,Social Media,420
C102499,2025-12-09,50,Female,West,Social Media,420
C102500,2025-12-17,63,Male,North,Referral,90
C102501,2023-10-02,29,Male,North,Referral,90
C102502,2025-05-20,25,Male,West,Social Media,420
C102503,2023-01-06,40,Female,North,Paid Ads,650
C102504,2025-01-05,22,Other,North,Social Media,420
C102505,2025-01-04,61,Male,South,Organic Search,180
C102506,2024-04-12,68,Male,North,Social Media,420
C102507,2026-07-02,49,Female,West,Social Media,420
C102508,2026-02-09,68,Male,East,Social Media,420
C102509,2023-02-19,21,Other,North,Social Media,420
C102510,2023-09-26,50,Female,East,Referral,90
C102511,2023-09-25,41,Male,North,Referral,90
C102512,2026-02-28,32,Female,North,Paid Ads,650
C102513,2024-10-29,34,Male,East,Paid Ads,650
C102514,2025-07-26,46,Female,East,Organic Search,180
C102515,2025-11-07,51,Male,South,Organic Search,180
C102516,2025-09-14,26,Female,East,Organic Search,180
C102517,2023-04-25,49,Female,South,Referral,90
C102518,2023-06-30,66,Female,East,Referral,90
C102519,2024-05-23,18,Female,South,Organic Search,180
C102520,2024-03-11,63,Male,West,Email Marketing,140
C102521,2025-08-18,49,Female,East,Paid Ads,650
C102522,2023-07-20,35,Female,North,Referral,90
C102523,2024-04-22,56,Male,West,Paid Ads,650
C102524,2023-11-01,50,Male,West,Referral,90
C102525,2023-08-31,57,Male,North,Paid Ads,650
C102526,2023-08-11,22,Male,East,Organic Search,180
C102527,2023-09-09,21,Female,West,Organic Search,180
C102528,2024-12-26,51,Male,North,Referral,90
C102529,2024-06-11,33,Female,Central,Email Marketing,140
C102530,2024-07-13,30,Other,South,Social Media,420
C102531,2024-09-08,39,Male,West,Referral,90
C102532,2025-08-11,55,Female,Central,Organic Search,180
C102533,2026-01-13,27,Male,Central,Referral,90
C102534,2024-11-07,68,Male,East,Email Marketing,140
C102535,2025-04-05,39,Male,West,Paid Ads,650
C102536,2025-08-07,25,Male,South,Paid Ads,650
C102537,2025-06-06,21,Male,South,Organic Search,180
C102538,2023-06-22,62,Female,Central,Organic Search,180
C102539,2026-06-18,23,Male,South,Organic Search,180
C102540,2023-07-31,39,Male,West,Referral,90
C102541,2024-06-13,52,Female,North,Referral,90
C102542,2025-04-19,44,Male,North,Organic Search,180
C102543,2024-06-02,31,Female,North,Direct,60
C102544,2023-11-09,23,Female,East,Email Marketing,140
C102545,2026-04-02,54,Female,North,Social Media,420
C102546,2023-04-02,43,Female,South,Direct,60
C102547,2023-11-13,20,Female,Central,Email Marketing,140
C102548,2026-06-30,27,Female,West,Organic Search,180
C102549,2025-07-27,47,Female,West,Direct,60
C102550,2023-04-22,26,Other,North,Paid Ads,650
C102551,2025-08-28,38,Male,South,Organic Search,180
C102552,2026-05-31,24,Female,West,Organic Search,180
C102553,2023-05-06,59,Female,North,Referral,90
C102554,2024-06-16,50,Male,South,Direct,60
C102555,2024-08-25,58,Female,Central,Paid Ads,650
C102556,2023-06-18,20,Female,North,Social Media,420
C102557,2023-09-15,37,Female,Central,Paid Ads,650
C102558,2023-08-12,31,Male,North,Email Marketing,140
C102559,2023-08-27,50,Male,North,Organic Search,180
C102560,2024-06-02,60,Male,North,Social Media,420
C102561,2024-08-19,29,Female,Central,Social Media,420
C102562,2023-11-03,58,Female,East,Organic Search,180
C102563,2024-01-08,48,Female,West,Direct,60
C102564,2023-09-05,60,Male,South,Direct,60
C102565,2025-10-20,22,Male,Central,Paid Ads,650
C102566,2023-09-30,69,Female,East,Referral,90
C102567,2026-03-13,40,Female,East,Email Marketing,140
C102568,2024-11-23,32,Female,West,Organic Search,180
C102569,2025-10-29,27,Male,West,Organic Search,180
C102570,2025-03-29,69,Male,West,Referral,90
C102571,2023-12-09,63,Female,North,Social Media,420
C102572,2025-02-12,24,Female,Central,Social Media,420
C102573,2023-12-19,41,Male,South,Social Media,420
C102574,2023-06-02,56,Female,Central,Referral,90
C102575,2023-11-24,48,Female,South,Organic Search,180
C102576,2023-12-21,27,Female,North,Organic Search,180
C102577,2023-06-23,36,Female,South,Organic Search,180
C102578,2023-01-31,37,Male,East,Paid Ads,650
C102579,2026-04-28,33,Female,South,Referral,90
C102580,2024-10-22,67,Female,West,Email Marketing,140
C102581,2024-06-01,28,Other,West,Paid Ads,650
C102582,2026-04-10,54,Female,North,Social Media,420
C102583,2023-10-16,65,Male,East,Paid Ads,650
C102584,2024-06-02,59,Male,West,Paid Ads,650
C102585,2025-12-24,59,Male,Central,Direct,60
C102586,2025-03-23,26,Female,South,Organic Search,180
C102587,2024-05-28,24,Male,Central,Referral,90
C102588,2023-11-25,58,Female,North,Organic Search,180
C102589,2023-02-15,56,Female,West,Paid Ads,650
C102590,2023-04-20,56,Other,West,Social Media,420
C102591,2023-07-28,39,Female,South,Referral,90
C102592,2025-10-08,45,Female,North,Social Media,420
C102593,2025-04-02,18,Female,West,Email Marketing,140
C102594,2024-07-11,33,Other,South,Email Marketing,140
C102595,2025-10-03,45,Male,North,Social Media,420
C102596,2023-07-26,24,Male,North,Paid Ads,650
C102597,2023-09-29,24,Other,West,Paid Ads,650
C102598,2024-05-20,20,Female,North,Social Media,420
C102599,2026-03-25,28,Female,East,Social Media,420
C102600,2025-02-28,69,Male,Central,Paid Ads,650
C102601,2025-12-30,54,Female,West,Paid Ads,650
C102602,2023-11-16,67,Female,East,Organic Search,180
C102603,2025-12-27,31,Female,East,Organic Search,180
C102604,2023-04-04,49,Male,North,Paid Ads,650
C102605,2023-10-20,64,Female,South,Email Marketing,140
C102606,2024-11-03,36,Female,North,Referral,90
C102607,2023-03-06,52,Female,North,Direct,60
C102608,2026-01-08,54,Male,North,Social Media,420
C102609,2026-01-20,61,Female,East,Organic Search,180
C102610,2024-11-27,68,Male,North,Social Media,420
C102611,2024-01-29,49,Male,North,Email Marketing,140
C102612,2023-05-08,48,Male,Central,Social Media,420
C102613,2025-03-06,63,Female,North,Paid Ads,650
C102614,2024-11-22,53,Female,West,Social Media,420
C102615,2025-09-04,36,Male,South,Organic Search,180
C102616,2025-02-13,50,Male,East,Organic Search,180
C102617,2023-06-14,46,Male,North,Organic Search,180
C102618,2023-06-06,29,Male,North,Paid Ads,650
C102619,2025-10-01,44,Female,West,Email Marketing,140
C102620,2023-07-24,50,Male,East,Organic Search,180
C102621,2026-04-21,64,Male,North,Organic Search,180
C102622,2023-05-17,48,Other,South,Referral,90
C102623,2025-07-25,26,Male,East,Email Marketing,140
C102624,2026-06-08,69,Female,North,Social Media,420
C102625,2024-07-21,48,Female,East,Paid Ads,650
C102626,2023-03-14,32,Female,East,Paid Ads,650
C102627,2026-02-01,57,Female,East,Social Media,420
C102628,2023-08-29,38,Male,West,Email Marketing,140
C102629,2024-11-09,37,Female,South,Organic Search,180
C102630,2026-06-20,61,Female,Central,Email Marketing,140
C102631,2025-08-15,63,Male,East,Social Media,420
C102632,2023-03-01,45,Female,South,Referral,90
C102633,2025-11-21,37,Female,East,Organic Search,180
C102634,2023-07-27,62,Female,East,Email Marketing,140
C102635,2025-08-21,27,Female,North,Social Media,420
C102636,2025-03-09,56,Male,Central,Paid Ads,650
C102637,2024-01-06,48,Female,Central,Paid Ads,650
C102638,2024-06-28,62,Other,South,Paid Ads,650
C102639,2023-06-01,39,Female,East,Organic Search,180
C102640,2026-06-23,61,Male,West,Organic Search,180
C102641,2023-11-03,18,Female,Central,Organic Search,180
C102642,2024-02-01,57,Female,East,Paid Ads,650
C102643,2024-10-08,21,Male,North,Social Media,420
C102644,2025-05-14,51,Female,West,Referral,90
C102645,2024-10-11,28,Female,North,Social Media,420
C102646,2024-10-11,68,Female,West,Organic Search,180
C102647,2025-01-19,58,Female,East,Paid Ads,650
C102648,2026-01-07,23,Male,East,Social Media,420
C102649,2024-05-23,64,Other,North,Referral,90
C102650,2025-12-06,31,Female,East,Paid Ads,650
C102651,2025-10-08,46,Female,East,Direct,60
C102652,2026-05-20,22,Male,South,Referral,90
C102653,2026-03-20,23,Male,North,Email Marketing,140
C102654,2025-10-23,30,Female,North,Social Media,420
C102655,2023-11-14,45,Male,Central,Paid Ads,650
C102656,2025-09-22,46,Female,East,Direct,60
C102657,2025-08-05,62,Other,West,Email Marketing,140
C102658,2024-01-08,26,Female,East,Email Marketing,140
C102659,2025-05-21,56,Male,West,Email Marketing,140
C102660,2023-11-22,18,Female,East,Email Marketing,140
C102661,2024-11-03,33,Male,North,Referral,90
C102662,2025-10-21,27,Female,North,Organic Search,180
C102663,2023-08-31,24,Female,North,Social Media,420
C102664,2024-03-09,48,Female,West,Social Media,420
C102665,2025-10-19,64,Male,West,Referral,90
C102666,2024-08-06,52,Male,West,Paid Ads,650
C102667,2026-05-20,62,Other,West,Social Media,420
C102668,2023-01-11,48,Female,West,Direct,60
C102669,2025-07-17,20,Female,Central,Paid Ads,650
C102670,2025-11-13,35,Female,East,Organic Search,180
C102671,2026-03-26,60,Female,South,Referral,90
C102672,2023-07-21,20,Male,North,Paid Ads,650
C102673,2026-06-19,23,Female,East,Organic Search,180
C102674,2024-05-19,61,Female,West,Social Media,420
C102675,2024-03-28,21,Other,East,Direct,60
C102676,2024-04-02,67,Male,South,Paid Ads,650
C102677,2025-03-31,57,Female,West,Paid Ads,650
C102678,2025-04-27,52,Male,South,Paid Ads,650
C102679,2024-09-01,45,Female,South,Referral,90
C102680,2023-04-02,22,Female,West,Paid Ads,650
C102681,2026-06-22,39,Female,East,Paid Ads,650
C102682,2023-10-13,60,Male,South,Referral,90
C102683,2023-05-01,65,Male,South,Direct,60
C102684,2025-02-07,41,Male,East,Paid Ads,650
C102685,2024-06-14,61,Male,South,Social Media,420
C102686,2025-03-02,58,Male,North,Referral,90
C102687,2026-01-30,20,Female,East,Organic Search,180
C102688,2023-05-06,50,Male,West,Email Marketing,140
C102689,2024-01-01,50,Male,North,Paid Ads,650
C102690,2024-10-26,46,Female,East,Organic Search,180
C102691,2025-10-10,58,Male,East,Organic Search,180
C102692,2025-02-11,64,Male,South,Organic Search,180
C102693,2024-05-07,46,Female,South,Referral,90
C102694,2025-02-23,34,Male,South,Social Media,420
C102695,2026-06-14,69,Male,South,Referral,90
C102696,2024-09-09,68,Female,West,Referral,90
C102697,2026-02-10,53,Male,East,Paid Ads,650
C102698,2025-09-30,51,Male,Central,Direct,60
C102699,2024-01-23,23,Male,South,Email Marketing,140
C102700,2023-11-17,38,Male,West,Paid Ads,650
C102701,2025-09-17,28,Female,East,Referral,90
C102702,2023-09-24,44,Male,West,Email Marketing,140
C102703,2024-03-09,60,Male,Central,Paid Ads,650
C102704,2023-10-30,29,Male,East,Organic Search,180
C102705,2025-02-18,69,Other,East,Paid Ads,650
C102706,2024-01-14,24,Male,Central,Direct,60
C102707,2025-04-26,23,Female,Central,Referral,90
C102708,2026-04-17,68,Male,Central,Referral,90
C102709,2025-12-02,23,Female,North,Email Marketing,140
C102710,2026-05-04,56,Male,North,Organic Search,180
C102711,2023-02-01,57,Male,South,Direct,60
C102712,2024-08-08,35,Female,West,Social Media,420
C102713,2023-10-11,21,Male,North,Referral,90
C102714,2026-03-26,34,Female,South,Paid Ads,650
C102715,2025-07-04,21,Female,East,Paid Ads,650
C102716,2024-02-16,52,Female,North,Paid Ads,650
C102717,2024-12-25,64,Male,West,Paid Ads,650
C102718,2025-02-17,69,Female,North,Organic Search,180
C102719,2024-09-29,59,Male,West,Paid Ads,650
C102720,2024-09-02,58,Other,South,Social Media,420
C102721,2023-03-13,63,Female,East,Email Marketing,140
C102722,2024-08-04,58,Female,East,Organic Search,180
C102723,2024-03-23,51,Female,South,Organic Search,180
C102724,2025-11-18,69,Female,South,Social Media,420
C102725,2026-01-17,34,Female,West,Referral,90
C102726,2025-08-23,39,Male,East,Social Media,420
C102727,2023-02-09,65,Female,North,Direct,60
C102728,2025-12-17,34,Male,West,Organic Search,180
C102729,2024-05-24,33,Male,North,Paid Ads,650
C102730,2024-06-19,25,Female,East,Email Marketing,140
C102731,2026-04-30,32,Male,East,Social Media,420
C102732,2026-01-20,48,Female,East,Social Media,420
C102733,2023-03-07,64,Male,North,Direct,60
C102734,2024-04-07,25,Male,South,Paid Ads,650
C102735,2025-08-22,53,Female,North,Organic Search,180
C102736,2024-11-23,57,Male,South,Organic Search,180
C102737,2023-11-28,64,Female,East,Email Marketing,140
C102738,2024-11-05,57,Female,East,Email Marketing,140
C102739,2026-01-19,26,Female,North,Organic Search,180
C102740,2023-10-15,43,Male,North,Paid Ads,650
C102741,2025-08-17,67,Female,West,Social Media,420
C102742,2025-08-02,65,Male,East,Organic Search,180
C102743,2026-02-13,49,Male,West,Email Marketing,140
C102744,2024-01-19,68,Male,North,Paid Ads,650
C102745,2023-10-05,52,Male,North,Email Marketing,140
C102746,2024-12-05,21,Female,South,Referral,90
C102747,2024-11-14,65,Male,East,Paid Ads,650
C102748,2024-06-10,26,Male,East,Referral,90
C102749,2025-09-29,37,Female,North,Referral,90
C102750,2025-10-24,30,Female,North,Paid Ads,650
C102751,2023-11-12,55,Male,West,Organic Search,180
C102752,2025-10-20,19,Male,South,Email Marketing,140
C102753,2023-10-24,51,Male,West,Social Media,420
C102754,2024-06-08,62,Female,South,Referral,90
C102755,2023-02-04,58,Female,South,Paid Ads,650
C102756,2024-03-13,33,Female,North,Referral,90
C102757,2026-05-17,64,Female,Central,Referral,90
C102758,2024-07-23,36,Male,North,Paid Ads,650
C102759,2025-07-02,53,Female,North,Organic Search,180
C102760,2023-05-19,44,Male,West,Paid Ads,650
C102761,2025-03-28,21,Male,North,Referral,90
C102762,2024-04-22,18,Male,South,Organic Search,180
C102763,2025-08-14,27,Male,South,Email Marketing,140
C102764,2026-04-08,66,Female,West,Organic Search,180
C102765,2024-11-14,67,Male,South,Email Marketing,140
C102766,2023-05-13,39,Male,West,Organic Search,180
C102767,2024-09-04,68,Male,West,Referral,90
C102768,2023-06-08,20,Other,East,Social Media,420
C102769,2024-08-01,68,Female,South,Social Media,420
C102770,2023-03-20,30,Female,West,Direct,60
C102771,2025-04-03,19,Female,Central,Organic Search,180
C102772,2024-02-04,57,Female,West,Organic Search,180
C102773,2023-09-17,37,Female,North,Organic Search,180
C102774,2023-01-23,33,Male,West,Social Media,420
C102775,2026-02-16,57,Male,West,Email Marketing,140
C102776,2025-12-12,35,Male,Central,Organic Search,180
C102777,2025-11-09,57,Female,South,Referral,90
C102778,2023-03-16,28,Male,West,Paid Ads,650
C102779,2024-03-25,22,Male,West,Direct,60
C102780,2026-06-03,34,Female,Central,Paid Ads,650
C102781,2025-01-14,49,Male,West,Direct,60
C102782,2023-06-15,29,Male,Central,Social Media,420
C102783,2023-07-01,25,Male,South,Direct,60
C102784,2023-12-05,56,Female,North,Social Media,420
C102785,2026-06-04,43,Male,South,Paid Ads,650
C102786,2023-08-07,40,Male,West,Email Marketing,140
C102787,2026-03-07,30,Male,North,Paid Ads,650
C102788,2025-05-21,18,Female,East,Paid Ads,650
C102789,2026-03-31,20,Male,Central,Paid Ads,650
C102790,2025-11-28,53,Male,Central,Email Marketing,140
C102791,2024-03-03,22,Female,West,Referral,90
C102792,2025-11-30,30,Female,West,Organic Search,180
C102793,2023-08-06,65,Male,North,Email Marketing,140
C102794,2024-01-10,35,Male,East,Paid Ads,650
C102795,2023-09-30,56,Male,East,Organic Search,180
C102796,2023-06-21,35,Female,West,Organic Search,180
C102797,2023-04-26,66,Male,South,Organic Search,180
C102798,2023-08-29,60,Female,North,Social Media,420
C102799,2023-06-04,42,Female,West,Organic Search,180
C102800,2024-05-04,53,Female,East,Organic Search,180
C102801,2023-04-02,39,Male,West,Paid Ads,650
C102802,2023-03-20,67,Female,East,Email Marketing,140
C102803,2026-06-26,36,Female,West,Social Media,420
C102804,2023-04-23,61,Female,East,Paid Ads,650
C102805,2023-04-06,50,Male,West,Referral,90
C102806,2023-02-08,51,Female,West,Organic Search,180
C102807,2023-06-20,36,Female,South,Email Marketing,140
C102808,2024-11-09,61,Female,South,Organic Search,180
C102809,2025-11-29,56,Female,Central,Organic Search,180
C102810,2025-08-03,60,Female,North,Paid Ads,650
C102811,2025-01-16,59,Male,West,Organic Search,180
C102812,2023-04-20,26,Female,North,Organic Search,180
C102813,2025-09-22,63,Female,West,Referral,90
C102814,2023-02-17,61,Female,North,Paid Ads,650
C102815,2025-03-22,30,Male,East,Organic Search,180
C102816,2024-06-10,69,Male,East,Social Media,420
C102817,2026-02-08,45,Female,North,Referral,90
C102818,2024-01-31,34,Female,East,Email Marketing,140
C102819,2025-04-01,29,Male,Central,Organic Search,180
C102820,2024-07-19,36,Male,West,Email Marketing,140
C102821,2024-11-02,19,Female,Central,Referral,90
C102822,2026-04-22,53,Female,West,Social Media,420
C102823,2025-07-05,54,Male,East,Organic Search,180
C102824,2024-06-17,52,Male,East,Paid Ads,650
C102825,2024-07-29,46,Male,Central,Organic Search,180
C102826,2025-06-25,36,Male,East,Referral,90
C102827,2024-03-21,55,Female,South,Referral,90
C102828,2023-08-04,63,Female,West,Organic Search,180
C102829,2024-08-24,22,Female,Central,Organic Search,180
C102830,2023-03-29,37,Female,East,Email Marketing,140
C102831,2023-08-07,69,Male,North,Paid Ads,650
C102832,2024-06-25,62,Male,East,Social Media,420
C102833,2025-10-21,69,Male,West,Direct,60
C102834,2025-10-01,27,Male,South,Organic Search,180
C102835,2023-12-02,42,Female,West,Social Media,420
C102836,2024-06-26,24,Male,East,Referral,90
C102837,2023-07-17,63,Female,South,Paid Ads,650
C102838,2025-08-29,44,Male,East,Paid Ads,650
C102839,2023-11-13,30,Male,South,Email Marketing,140
C102840,2025-10-25,22,Male,West,Organic Search,180
C102841,2025-12-18,56,Female,North,Organic Search,180
C102842,2025-06-05,60,Female,West,Paid Ads,650
C102843,2024-02-29,63,Female,South,Referral,90
C102844,2026-05-10,68,Male,Central,Paid Ads,650
C102845,2025-06-01,60,Female,West,Organic Search,180
C102846,2025-04-10,58,Female,South,Paid Ads,650
C102847,2026-01-06,60,Male,Central,Paid Ads,650
C102848,2026-02-07,69,Male,East,Referral,90
C102849,2023-04-10,42,Male,East,Email Marketing,140
C102850,2026-02-07,57,Male,Central,Paid Ads,650
C102851,2025-09-10,60,Female,Central,Referral,90
C102852,2023-09-23,24,Male,West,Referral,90
C102853,2024-01-31,53,Female,Central,Referral,90
C102854,2025-08-25,35,Female,South,Social Media,420
C102855,2023-10-06,24,Male,North,Organic Search,180
C102856,2024-08-04,26,Female,North,Social Media,420
C102857,2025-06-04,23,Male,South,Social Media,420
C102858,2025-04-16,64,Female,East,Social Media,420
C102859,2026-03-15,58,Male,South,Paid Ads,650
C102860,2023-05-24,23,Male,East,Organic Search,180
C102861,2024-01-15,50,Male,North,Organic Search,180
C102862,2026-06-20,52,Female,South,Organic Search,180
C102863,2025-01-01,45,Female,West,Organic Search,180
C102864,2023-11-16,49,Female,North,Organic Search,180
C102865,2024-01-08,65,Male,West,Organic Search,180
C102866,2024-03-12,44,Other,West,Organic Search,180
C102867,2024-12-13,52,Male,East,Direct,60
C102868,2024-01-01,47,Female,Central,Social Media,420
C102869,2025-03-10,38,Female,Central,Paid Ads,650
C102870,2024-07-26,64,Female,North,Referral,90
C102871,2025-02-23,39,Male,West,Paid Ads,650
C102872,2023-07-19,59,Female,North,Organic Search,180
C102873,2025-03-12,49,Female,South,Social Media,420
C102874,2026-04-04,53,Male,East,Paid Ads,650
C102875,2023-06-23,57,Female,West,Social Media,420
C102876,2024-02-26,56,Male,West,Organic Search,180
C102877,2025-06-10,47,Female,West,Paid Ads,650
C102878,2025-03-04,50,Female,West,Organic Search,180
C102879,2025-05-17,44,Female,East,Paid Ads,650
C102880,2024-12-20,35,Male,North,Referral,90
C102881,2025-05-27,55,Male,North,Organic Search,180
C102882,2025-02-22,63,Female,East,Paid Ads,650
C102883,2023-04-06,54,Male,West,Organic Search,180
C102884,2025-08-24,58,Female,North,Referral,90
C102885,2024-07-28,61,Male,South,Social Media,420
C102886,2023-03-08,37,Female,South,Email Marketing,140
C102887,2024-06-10,21,Male,East,Social Media,420
C102888,2024-07-13,35,Male,South,Direct,60
C102889,2023-04-22,57,Female,North,Organic Search,180
C102890,2026-07-04,60,Male,North,Referral,90
C102891,2023-10-13,44,Male,South,Paid Ads,650
C102892,2024-03-01,58,Male,East,Paid Ads,650
C102893,2024-07-21,21,Female,Central,Referral,90
C102894,2025-12-06,51,Male,North,Direct,60
C102895,2025-08-13,53,Female,East,Referral,90
C102896,2025-09-18,44,Female,East,Paid Ads,650
C102897,2023-11-01,55,Female,East,Social Media,420
C102898,2025-12-23,43,Male,South,Organic Search,180
C102899,2025-12-03,45,Male,North,Social Media,420
C102900,2024-08-19,49,Male,Central,Paid Ads,650
C102901,2024-12-02,59,Female,Central,Organic Search,180
C102902,2023-02-17,30,Female,South,Organic Search,180
C102903,2025-09-04,33,Male,East,Direct,60
C102904,2026-05-20,39,Male,North,Organic Search,180
C102905,2024-08-30,28,Male,North,Paid Ads,650
C102906,2024-11-26,35,Male,North,Organic Search,180
C102907,2024-10-03,36,Female,West,Paid Ads,650
C102908,2023-04-17,34,Male,North,Organic Search,180
C102909,2025-03-07,39,Male,North,Referral,90
C102910,2025-07-16,44,Male,North,Organic Search,180
C102911,2026-04-08,54,Male,North,Organic Search,180
C102912,2026-04-10,33,Male,South,Organic Search,180
C102913,2024-09-24,61,Male,East,Paid Ads,650
C102914,2026-05-18,42,Male,East,Social Media,420
C102915,2024-11-10,55,Male,South,Organic Search,180
C102916,2025-04-05,23,Female,South,Referral,90
C102917,2025-02-13,27,Female,West,Paid Ads,650
C102918,2026-07-08,41,Male,South,Organic Search,180
C102919,2025-08-06,37,Female,North,Organic Search,180
C102920,2023-06-04,43,Male,Central,Social Media,420
C102921,2023-04-03,26,Other,West,Paid Ads,650
C102922,2024-06-11,42,Female,East,Social Media,420
C102923,2024-10-25,53,Male,South,Email Marketing,140
C102924,2025-05-09,55,Male,North,Organic Search,180
C102925,2024-09-11,30,Female,North,Paid Ads,650
C102926,2024-10-23,35,Male,Central,Paid Ads,650
C102927,2026-03-31,45,Male,East,Organic Search,180
C102928,2024-03-06,44,Female,North,Paid Ads,650
C102929,2024-09-26,59,Female,North,Social Media,420
C102930,2024-12-17,38,Female,South,Social Media,420
C102931,2024-08-25,52,Female,South,Social Media,420
C102932,2026-05-30,63,Female,East,Organic Search,180
C102933,2026-05-22,33,Female,South,Paid Ads,650
C102934,2024-10-21,60,Female,Central,Referral,90
C102935,2024-08-02,35,Female,West,Paid Ads,650
C102936,2025-01-27,35,Other,Central,Social Media,420
C102937,2023-08-21,51,Female,Central,Social Media,420
C102938,2024-07-01,50,Female,Central,Paid Ads,650
C102939,2023-10-06,46,Female,Central,Organic Search,180
C102940,2023-07-05,30,Female,South,Social Media,420
C102941,2023-05-03,23,Male,North,Social Media,420
C102942,2025-01-24,65,Female,North,Organic Search,180
C102943,2023-01-01,63,Male,East,Organic Search,180
C102944,2025-04-10,64,Male,West,Organic Search,180
C102945,2024-07-09,44,Male,North,Social Media,420
C102946,2024-04-16,63,Female,West,Organic Search,180
C102947,2025-09-16,42,Female,West,Email Marketing,140
C102948,2024-11-23,21,Male,East,Direct,60
C102949,2025-08-01,28,Male,South,Direct,60
C102950,2025-07-01,32,Male,North,Organic Search,180
C102951,2023-02-11,37,Male,East,Paid Ads,650
C102952,2023-10-05,66,Male,North,Email Marketing,140
C102953,2025-01-02,35,Female,East,Referral,90
C102954,2026-06-08,49,Male,South,Paid Ads,650
C102955,2023-07-18,32,Male,South,Email Marketing,140
C102956,2023-05-16,51,Male,South,Social Media,420
C102957,2026-04-25,47,Female,East,Referral,90
C102958,2026-05-28,25,Female,South,Direct,60
C102959,2023-08-04,42,Male,Central,Direct,60
C102960,2024-05-31,23,Male,North,Social Media,420
C102961,2025-03-16,64,Female,Central,Organic Search,180
C102962,2023-09-09,54,Male,North,Social Media,420
C102963,2024-02-24,66,Female,North,Social Media,420
C102964,2024-05-23,63,Other,Central,Social Media,420
C102965,2025-04-05,29,Female,West,Paid Ads,650
C102966,2024-02-01,54,Female,East,Social Media,420
C102967,2024-06-14,23,Male,West,Social Media,420
C102968,2024-01-08,67,Male,South,Direct,60
C102969,2025-09-03,58,Male,West,Email Marketing,140
C102970,2023-07-16,53,Male,North,Paid Ads,650
C102971,2023-10-24,69,Male,West,Social Media,420
C102972,2023-11-18,62,Female,Central,Social Media,420
C102973,2026-03-10,62,Female,Central,Social Media,420
C102974,2026-04-29,23,Male,West,Organic Search,180
C102975,2024-10-05,19,Female,East,Referral,90
C102976,2023-07-21,67,Male,East,Referral,90
C102977,2025-08-30,31,Male,South,Paid Ads,650
C102978,2024-09-24,40,Male,Central,Email Marketing,140
C102979,2025-12-28,20,Female,East,Direct,60
C102980,2024-04-07,50,Female,South,Email Marketing,140
C102981,2026-07-08,60,Female,West,Direct,60
C102982,2025-11-03,61,Male,North,Paid Ads,650
C102983,2023-10-15,48,Male,West,Email Marketing,140
C102984,2025-07-22,52,Other,West,Direct,60
C102985,2024-01-04,44,Male,North,Social Media,420
C102986,2024-03-25,41,Male,North,Organic Search,180
C102987,2023-11-19,46,Male,West,Organic Search,180
C102988,2025-05-27,66,Male,North,Paid Ads,650
C102989,2023-12-05,31,Male,Central,Referral,90
C102990,2025-04-01,42,Male,North,Social Media,420
C102991,2025-01-19,49,Female,North,Referral,90
C102992,2025-08-23,47,Female,North,Referral,90
C102993,2026-07-01,19,Male,West,Organic Search,180
C102994,2023-01-12,32,Male,East,Organic Search,180
C102995,2026-06-27,51,Female,West,Referral,90
C102996,2023-05-21,54,Male,Central,Paid Ads,650
C102997,2024-11-08,56,Female,East,Direct,60
C102998,2024-03-14,69,Male,North,Email Marketing,140
C102999,2025-04-01,52,Female,North,Paid Ads,650
C103000,2025-07-17,48,Female,Central,Social Media,420
C103001,2026-01-10,35,Male,South,Email Marketing,140
C103002,2024-05-31,37,Female,Central,Email Marketing,140
C103003,2026-04-14,60,Female,Central,Social Media,420
C103004,2024-02-19,42,Female,East,Direct,60
C103005,2023-09-20,55,Male,East,Social Media,420
C103006,2024-05-02,24,Male,Central,Organic Search,180
C103007,2024-11-10,24,Male,West,Social Media,420
C103008,2025-05-09,29,Other,West,Referral,90
C103009,2025-12-07,28,Male,South,Direct,60
C103010,2023-10-17,49,Male,East,Organic Search,180
C103011,2024-01-25,51,Female,South,Paid Ads,650
C103012,2026-04-22,47,Male,Central,Social Media,420
C103013,2024-07-19,33,Female,East,Email Marketing,140
C103014,2023-11-07,47,Male,West,Referral,90
C103015,2026-06-21,24,Female,North,Organic Search,180
C103016,2024-07-31,42,Male,Central,Email Marketing,140
C103017,2026-06-20,26,Male,South,Social Media,420
C103018,2026-03-28,21,Female,West,Email Marketing,140
C103019,2026-03-11,26,Male,North,Email Marketing,140
C103020,2025-01-18,23,Male,Central,Organic Search,180
C103021,2025-10-23,42,Male,East,Direct,60
C103022,2026-05-20,46,Female,South,Paid Ads,650
C103023,2023-12-13,49,Male,South,Direct,60
C103024,2023-02-18,40,Male,South,Organic Search,180
C103025,2024-02-17,27,Male,South,Referral,90
C103026,2025-03-30,19,Male,North,Paid Ads,650
C103027,2024-12-04,55,Female,East,Organic Search,180
C103028,2023-04-14,69,Male,South,Direct,60
C103029,2024-12-22,32,Female,South,Paid Ads,650
C103030,2023-08-13,28,Female,West,Organic Search,180
C103031,2024-10-12,34,Female,South,Email Marketing,140
C103032,2025-01-10,29,Female,North,Paid Ads,650
C103033,2025-03-29,29,Male,Central,Social Media,420
C103034,2024-06-14,43,Other,South,Direct,60
C103035,2024-06-09,58,Female,East,Paid Ads,650
C103036,2025-05-22,55,Female,Central,Organic Search,180
C103037,2025-08-21,67,Male,West,Referral,90
C103038,2025-11-04,36,Male,East,Referral,90
C103039,2024-03-04,43,Female,East,Organic Search,180
C103040,2024-06-29,37,Male,West,Social Media,420
C103041,2024-03-01,20,Female,West,Paid Ads,650
C103042,2024-11-09,38,Male,North,Organic Search,180
C103043,2023-06-13,31,Female,East,Paid Ads,650
C103044,2024-07-07,42,Male,Central,Email Marketing,140
C103045,2023-08-31,26,Male,West,Paid Ads,650
C103046,2024-11-15,56,Male,North,Organic Search,180
C103047,2025-12-29,61,Female,South,Direct,60
C103048,2026-06-21,67,Female,East,Paid Ads,650
C103049,2024-07-27,22,Female,South,Direct,60
C103050,2023-03-14,24,Female,West,Email Marketing,140
C103051,2023-10-21,68,Female,East,Paid Ads,650
C103052,2023-05-15,62,Female,South,Paid Ads,650
C103053,2025-09-03,48,Female,South,Organic Search,180
C103054,2026-06-20,34,Female,Central,Organic Search,180
C103055,2024-12-13,44,Female,Central,Organic Search,180
C103056,2023-08-16,45,Male,West,Paid Ads,650
C103057,2023-01-28,62,Female,Central,Paid Ads,650
C103058,2026-06-09,45,Male,Central,Email Marketing,140
C103059,2024-02-11,19,Male,East,Paid Ads,650
C103060,2023-05-25,54,Female,North,Paid Ads,650
C103061,2023-08-16,58,Female,West,Organic Search,180
C103062,2023-11-25,33,Male,East,Organic Search,180
C103063,2025-04-23,24,Male,South,Referral,90
C103064,2026-02-20,25,Female,Central,Referral,90
C103065,2023-12-20,61,Male,South,Paid Ads,650
C103066,2025-06-02,41,Male,Central,Social Media,420
C103067,2023-03-25,45,Female,East,Paid Ads,650
C103068,2023-01-13,67,Female,North,Email Marketing,140
C103069,2023-03-12,21,Female,Central,Paid Ads,650
C103070,2026-04-02,28,Female,West,Referral,90
C103071,2025-01-18,61,Male,East,Organic Search,180
C103072,2025-11-01,46,Male,East,Paid Ads,650
C103073,2023-01-28,19,Female,North,Social Media,420
C103074,2023-01-29,54,Female,North,Organic Search,180
C103075,2025-12-27,25,Male,North,Social Media,420
C103076,2023-05-12,58,Male,North,Social Media,420
C103077,2023-07-19,59,Male,South,Organic Search,180
C103078,2024-10-29,60,Male,East,Direct,60
C103079,2025-02-19,42,Male,North,Organic Search,180
C103080,2023-10-22,31,Male,East,Email Marketing,140
C103081,2024-07-25,63,Female,South,Paid Ads,650
C103082,2025-05-17,47,Male,South,Organic Search,180
C103083,2024-07-23,51,Female,Central,Organic Search,180
C103084,2024-05-07,25,Female,Central,Referral,90
C103085,2023-04-03,50,Female,West,Referral,90
C103086,2024-08-04,48,Other,North,Social Media,420
C103087,2025-10-29,33,Male,West,Paid Ads,650
C103088,2025-03-17,57,Male,North,Organic Search,180
C103089,2026-02-22,24,Female,East,Referral,90
C103090,2023-06-12,55,Male,Central,Email Marketing,140
C103091,2023-01-15,67,Male,South,Paid Ads,650
C103092,2024-12-05,47,Male,Central,Email Marketing,140
C103093,2023-08-18,23,Female,West,Social Media,420
C103094,2025-02-02,46,Male,South,Social Media,420
C103095,2026-03-08,45,Female,North,Social Media,420
C103096,2024-03-09,46,Male,West,Organic Search,180
C103097,2024-12-07,32,Female,South,Organic Search,180
C103098,2025-05-26,50,Male,North,Referral,90
C103099,2023-07-12,31,Female,North,Direct,60
C103100,2026-02-28,47,Female,Central,Social Media,420
C103101,2023-09-18,48,Male,South,Organic Search,180
C103102,2025-11-05,51,Male,Central,Organic Search,180
C103103,2025-04-28,59,Female,West,Paid Ads,650
C103104,2023-07-01,63,Female,South,Social Media,420
C103105,2025-07-21,58,Male,South,Organic Search,180
C103106,2023-09-10,59,Male,West,Organic Search,180
C103107,2025-02-09,63,Male,South,Referral,90
C103108,2026-05-19,30,Male,North,Organic Search,180
C103109,2026-05-10,33,Male,North,Paid Ads,650
C103110,2026-01-25,45,Male,Central,Referral,90
C103111,2024-09-27,42,Male,West,Organic Search,180
C103112,2024-12-20,54,Female,East,Paid Ads,650
C103113,2024-01-22,18,Female,South,Organic Search,180
C103114,2026-03-30,25,Female,East,Paid Ads,650
C103115,2024-09-05,56,Female,West,Email Marketing,140
C103116,2025-09-19,60,Female,North,Referral,90
C103117,2024-04-07,33,Male,Central,Organic Search,180
C103118,2025-08-10,34,Female,Central,Organic Search,180
C103119,2023-10-16,47,Male,South,Paid Ads,650
C103120,2025-08-01,42,Female,Central,Email Marketing,140
C103121,2023-03-01,26,Female,West,Referral,90
C103122,2023-05-15,44,Female,West,Social Media,420
C103123,2024-03-28,60,Male,North,Organic Search,180
C103124,2024-09-11,55,Female,Central,Direct,60
C103125,2025-07-03,60,Male,South,Email Marketing,140
C103126,2024-04-06,51,Male,West,Organic Search,180
C103127,2023-01-24,63,Male,South,Paid Ads,650
C103128,2024-02-23,30,Male,South,Paid Ads,650
C103129,2024-07-18,20,Female,Central,Social Media,420
C103130,2024-11-30,23,Male,East,Paid Ads,650
C103131,2025-04-08,69,Male,North,Organic Search,180
C103132,2023-11-15,51,Other,West,Social Media,420
C103133,2025-02-23,30,Female,North,Social Media,420
C103134,2025-03-23,62,Male,Central,Paid Ads,650
C103135,2025-09-25,34,Female,Central,Paid Ads,650
C103136,2024-11-02,49,Female,North,Organic Search,180
C103137,2025-11-08,30,Female,East,Paid Ads,650
C103138,2023-10-12,22,Female,Central,Email Marketing,140
C103139,2025-07-04,31,Female,Central,Social Media,420
C103140,2023-02-28,29,Male,East,Direct,60
C103141,2023-05-13,46,Female,West,Referral,90
C103142,2026-01-17,19,Male,East,Referral,90
C103143,2024-09-02,30,Female,North,Paid Ads,650
C103144,2025-03-09,47,Male,East,Organic Search,180
C103145,2025-02-14,38,Male,South,Email Marketing,140
C103146,2025-06-12,51,Other,South,Social Media,420
C103147,2023-11-12,52,Female,South,Email Marketing,140
C103148,2023-08-18,68,Male,Central,Social Media,420
C103149,2023-02-24,61,Male,North,Paid Ads,650
C103150,2026-01-17,29,Male,South,Organic Search,180
C103151,2023-10-15,54,Other,North,Paid Ads,650
C103152,2025-01-09,50,Male,North,Social Media,420
C103153,2024-08-07,48,Male,Central,Direct,60
C103154,2023-07-28,59,Female,South,Email Marketing,140
C103155,2024-06-16,25,Male,North,Social Media,420
C103156,2023-04-17,37,Male,Central,Paid Ads,650
C103157,2023-08-16,60,Female,North,Organic Search,180
C103158,2023-06-29,64,Male,East,Paid Ads,650
C103159,2025-11-26,19,Female,West,Direct,60
C103160,2024-12-30,42,Female,West,Referral,90
C103161,2026-04-05,31,Male,North,Social Media,420
C103162,2024-07-14,26,Female,West,Email Marketing,140
C103163,2023-09-16,20,Female,East,Organic Search,180
C103164,2025-02-21,45,Female,West,Direct,60
C103165,2026-04-10,52,Female,South,Referral,90
C103166,2024-11-15,45,Male,West,Organic Search,180
C103167,2023-01-23,37,Male,East,Referral,90
C103168,2024-01-26,58,Female,West,Organic Search,180
C103169,2026-04-04,51,Male,Central,Social Media,420
C103170,2024-10-28,65,Male,Central,Paid Ads,650
C103171,2026-05-09,36,Female,West,Organic Search,180
C103172,2024-10-16,30,Male,South,Social Media,420
C103173,2023-01-16,41,Female,North,Paid Ads,650
C103174,2026-01-27,44,Female,East,Organic Search,180
C103175,2025-09-08,41,Female,North,Email Marketing,140
C103176,2025-07-08,61,Male,West,Organic Search,180
C103177,2026-06-01,20,Male,West,Social Media,420
C103178,2023-09-10,45,Female,East,Social Media,420
C103179,2026-03-10,40,Male,North,Organic Search,180
C103180,2023-10-27,28,Female,Central,Direct,60
C103181,2026-06-02,51,Female,East,Paid Ads,650
C103182,2023-09-04,59,Male,East,Organic Search,180
C103183,2024-12-08,46,Male,East,Paid Ads,650
C103184,2025-10-12,22,Female,North,Social Media,420
C103185,2023-04-11,21,Male,West,Organic Search,180
C103186,2023-03-27,39,Female,North,Paid Ads,650
C103187,2025-12-28,52,Female,East,Social Media,420
C103188,2023-03-19,34,Male,North,Referral,90
C103189,2025-02-28,34,Female,North,Paid Ads,650
C103190,2026-04-21,62,Male,North,Paid Ads,650
C103191,2025-03-01,18,Male,North,Organic Search,180
C103192,2024-09-10,22,Other,Central,Paid Ads,650
C103193,2024-06-20,26,Female,West,Referral,90
C103194,2025-03-31,69,Female,North,Paid Ads,650
C103195,2025-01-05,43,Female,North,Organic Search,180
C103196,2024-10-07,26,Female,West,Paid Ads,650
C103197,2023-07-17,34,Male,North,Social Media,420
C103198,2025-05-02,68,Male,East,Social Media,420
C103199,2025-08-09,54,Male,North,Paid Ads,650
C103200,2025-06-30,29,Male,East,Social Media,420
C103201,2023-04-07,30,Male,Central,Social Media,420
C103202,2025-06-22,21,Female,North,Organic Search,180
C103203,2025-07-27,58,Male,Central,Paid Ads,650
C103204,2023-08-24,25,Female,Central,Organic Search,180
C103205,2025-12-27,32,Female,Central,Email Marketing,140
C103206,2024-11-04,36,Other,West,Organic Search,180
C103207,2024-08-30,50,Male,Central,Paid Ads,650
C103208,2025-07-18,49,Female,East,Social Media,420
C103209,2024-10-17,59,Female,Central,Social Media,420
C103210,2024-12-01,33,Male,North,Email Marketing,140
C103211,2024-02-06,38,Male,West,Paid Ads,650
C103212,2026-04-08,38,Male,East,Paid Ads,650
C103213,2026-05-31,20,Female,North,Social Media,420
C103214,2023-06-17,56,Female,South,Referral,90
C103215,2025-07-31,45,Female,North,Direct,60
C103216,2023-01-31,42,Female,South,Social Media,420
C103217,2024-04-19,69,Male,North,Paid Ads,650
C103218,2026-06-01,27,Male,South,Organic Search,180
C103219,2023-08-13,68,Female,South,Direct,60
C103220,2024-04-29,53,Other,East,Referral,90
C103221,2023-10-10,29,Female,North,Organic Search,180
C103222,2025-07-25,53,Male,South,Paid Ads,650
C103223,2024-08-19,57,Male,South,Social Media,420
C103224,2025-02-01,36,Male,South,Organic Search,180
C103225,2026-04-27,35,Male,North,Referral,90
C103226,2024-11-01,61,Male,Central,Social Media,420
C103227,2025-08-02,26,Female,South,Organic Search,180
C103228,2023-05-06,18,Female,South,Direct,60
C103229,2023-10-04,52,Male,East,Direct,60
C103230,2026-05-02,65,Male,Central,Organic Search,180
C103231,2026-01-10,44,Male,South,Paid Ads,650
C103232,2025-04-24,25,Female,South,Email Marketing,140
C103233,2024-05-01,46,Female,East,Paid Ads,650
C103234,2023-09-14,31,Male,East,Direct,60
C103235,2025-12-31,61,Female,South,Organic Search,180
C103236,2025-10-06,49,Male,Central,Referral,90
C103237,2023-11-07,35,Male,Central,Social Media,420
C103238,2025-01-28,50,Other,East,Paid Ads,650
C103239,2025-03-06,52,Male,North,Referral,90
C103240,2024-09-06,53,Male,East,Organic Search,180
C103241,2026-04-06,37,Female,Central,Organic Search,180
C103242,2023-06-09,47,Male,Central,Organic Search,180
C103243,2023-11-28,20,Male,North,Organic Search,180
C103244,2023-05-03,38,Male,North,Organic Search,180
C103245,2025-06-10,37,Male,North,Paid Ads,650
C103246,2025-04-08,45,Female,West,Organic Search,180
C103247,2026-06-23,67,Male,East,Organic Search,180
C103248,2024-11-28,67,Female,South,Organic Search,180
C103249,2023-07-13,43,Female,South,Email Marketing,140
C103250,2024-08-02,51,Male,South,Organic Search,180
C103251,2023-04-24,23,Male,Central,Referral,90
C103252,2025-05-12,43,Male,South,Organic Search,180
C103253,2025-05-17,53,Male,South,Organic Search,180
C103254,2026-01-07,53,Male,West,Paid Ads,650
C103255,2024-03-12,68,Female,East,Paid Ads,650
C103256,2024-02-03,42,Male,West,Social Media,420
C103257,2023-04-02,65,Female,West,Referral,90
C103258,2024-06-17,68,Female,North,Paid Ads,650
C103259,2024-09-03,47,Female,North,Organic Search,180
C103260,2025-08-28,22,Male,North,Email Marketing,140
C103261,2025-08-27,37,Male,West,Organic Search,180
C103262,2023-06-30,57,Other,Central,Referral,90
C103263,2024-01-02,48,Male,South,Social Media,420
C103264,2024-10-19,66,Female,West,Paid Ads,650
C103265,2024-03-06,60,Female,West,Paid Ads,650
C103266,2023-02-02,21,Female,Central,Paid Ads,650
C103267,2025-12-23,62,Male,East,Social Media,420
C103268,2025-07-29,36,Male,North,Direct,60
C103269,2024-10-30,60,Female,West,Paid Ads,650
C103270,2024-02-13,44,Female,West,Direct,60
C103271,2025-12-19,41,Female,West,Organic Search,180
C103272,2023-02-15,21,Female,Central,Organic Search,180
C103273,2024-07-28,24,Female,South,Social Media,420
C103274,2025-10-27,48,Other,West,Direct,60
C103275,2026-05-10,47,Female,South,Paid Ads,650
C103276,2023-11-20,46,Male,South,Referral,90
C103277,2025-04-16,26,Male,South,Paid Ads,650
C103278,2023-09-01,44,Female,North,Email Marketing,140
C103279,2023-05-30,21,Female,North,Email Marketing,140
C103280,2024-03-29,25,Male,West,Referral,90
C103281,2026-02-12,43,Female,Central,Social Media,420
C103282,2025-06-05,50,Male,South,Social Media,420
C103283,2024-09-21,52,Male,South,Direct,60
C103284,2023-12-30,69,Female,North,Social Media,420
C103285,2023-07-02,62,Male,South,Paid Ads,650
C103286,2023-12-15,37,Female,South,Email Marketing,140
C103287,2023-07-16,58,Female,East,Social Media,420
C103288,2023-08-29,22,Female,Central,Social Media,420
C103289,2025-06-03,62,Male,East,Referral,90
C103290,2023-06-20,38,Female,West,Paid Ads,650
C103291,2023-03-02,57,Male,West,Paid Ads,650
C103292,2024-11-28,68,Female,North,Organic Search,180
C103293,2024-01-04,54,Male,South,Email Marketing,140
C103294,2024-08-07,65,Other,North,Social Media,420
C103295,2023-06-29,18,Female,South,Email Marketing,140
C103296,2023-09-28,26,Male,Central,Paid Ads,650
C103297,2024-07-21,50,Male,East,Direct,60
C103298,2025-06-06,46,Male,South,Paid Ads,650
C103299,2024-06-16,24,Female,North,Paid Ads,650
C103300,2024-11-27,55,Female,South,Direct,60
C103301,2024-11-02,21,Female,Central,Social Media,420
C103302,2023-12-12,69,Female,South,Direct,60
C103303,2023-12-26,26,Male,West,Social Media,420
C103304,2024-07-01,41,Female,North,Organic Search,180
C103305,2023-02-11,60,Male,North,Paid Ads,650
C103306,2025-05-31,44,Female,South,Email Marketing,140
C103307,2025-03-01,56,Female,Central,Paid Ads,650
C103308,2024-01-29,54,Female,North,Referral,90
C103309,2024-04-25,67,Male,West,Organic Search,180
C103310,2024-02-27,42,Male,North,Paid Ads,650
C103311,2025-04-17,68,Male,East,Email Marketing,140
C103312,2025-09-04,44,Female,East,Direct,60
C103313,2023-05-20,64,Female,East,Paid Ads,650
C103314,2024-06-15,56,Male,South,Organic Search,180
C103315,2023-01-18,24,Male,North,Organic Search,180
C103316,2024-08-04,51,Male,Central,Organic Search,180
C103317,2023-11-16,63,Female,East,Email Marketing,140
C103318,2024-03-07,24,Other,North,Paid Ads,650
C103319,2024-08-10,61,Female,South,Paid Ads,650
C103320,2024-02-21,23,Female,North,Referral,90
C103321,2024-05-21,63,Male,East,Referral,90
C103322,2025-09-10,59,Male,South,Paid Ads,650
C103323,2025-11-08,25,Female,North,Email Marketing,140
C103324,2023-01-08,55,Female,South,Paid Ads,650
C103325,2024-04-30,24,Male,East,Organic Search,180
C103326,2025-12-25,47,Female,Central,Email Marketing,140
C103327,2024-11-13,66,Male,West,Organic Search,180
C103328,2023-09-21,28,Male,East,Direct,60
C103329,2025-02-02,27,Male,West,Social Media,420
C103330,2023-07-06,39,Female,South,Email Marketing,140
C103331,2023-01-29,37,Female,West,Organic Search,180
C103332,2025-03-24,20,Female,North,Paid Ads,650
C103333,2024-10-24,41,Female,North,Email Marketing,140
C103334,2025-08-30,31,Female,East,Email Marketing,140
C103335,2024-03-19,24,Male,North,Email Marketing,140
C103336,2026-01-03,32,Female,West,Paid Ads,650
C103337,2024-06-25,19,Male,East,Social Media,420
C103338,2025-08-07,65,Female,North,Paid Ads,650
C103339,2023-05-09,69,Male,South,Paid Ads,650
C103340,2023-05-05,37,Male,East,Social Media,420
C103341,2025-10-03,63,Female,West,Referral,90
C103342,2025-12-08,41,Male,West,Social Media,420
C103343,2026-04-26,65,Male,South,Organic Search,180
C103344,2024-02-22,27,Female,West,Email Marketing,140
C103345,2023-01-29,32,Female,South,Direct,60
C103346,2026-06-14,56,Male,North,Paid Ads,650
C103347,2025-02-12,29,Male,East,Email Marketing,140
C103348,2023-11-14,60,Male,South,Email Marketing,140
C103349,2025-09-09,40,Female,North,Organic Search,180
C103350,2026-03-08,39,Female,South,Referral,90
C103351,2024-01-02,41,Male,West,Direct,60
C103352,2025-09-16,59,Female,Central,Referral,90
C103353,2025-10-09,18,Female,Central,Organic Search,180
C103354,2024-10-07,57,Other,South,Social Media,420
C103355,2025-03-24,58,Male,South,Referral,90
C103356,2023-12-13,60,Female,West,Social Media,420
C103357,2026-04-09,69,Female,South,Organic Search,180
C103358,2026-06-18,58,Male,South,Organic Search,180
C103359,2026-06-15,45,Male,North,Email Marketing,140
C103360,2025-08-05,42,Male,East,Paid Ads,650
C103361,2023-02-24,38,Male,East,Direct,60
C103362,2024-04-16,61,Female,South,Paid Ads,650
C103363,2024-07-26,38,Female,North,Email Marketing,140
C103364,2026-05-19,47,Male,West,Organic Search,180
C103365,2024-12-04,22,Female,East,Email Marketing,140
C103366,2024-11-20,34,Male,North,Email Marketing,140
C103367,2023-07-08,31,Other,South,Paid Ads,650
C103368,2025-10-17,40,Male,Central,Paid Ads,650
C103369,2024-03-08,44,Female,East,Email Marketing,140
C103370,2023-04-29,55,Female,East,Referral,90
C103371,2026-06-24,40,Female,East,Social Media,420
C103372,2023-09-02,25,Female,Central,Paid Ads,650
C103373,2023-01-21,46,Male,South,Email Marketing,140
C103374,2023-04-11,20,Female,South,Referral,90
C103375,2024-08-04,62,Female,South,Paid Ads,650
C103376,2023-05-13,58,Male,West,Paid Ads,650
C103377,2025-12-19,29,Other,North,Organic Search,180
C103378,2024-10-21,31,Male,North,Email Marketing,140
C103379,2024-02-21,19,Male,North,Email Marketing,140
C103380,2023-01-05,36,Female,East,Paid Ads,650
C103381,2024-09-09,19,Male,East,Paid Ads,650
C103382,2023-07-14,66,Male,South,Organic Search,180
C103383,2026-06-11,24,Male,South,Organic Search,180
C103384,2024-01-10,52,Female,West,Direct,60
C103385,2024-09-02,47,Female,North,Referral,90
C103386,2023-01-24,30,Male,West,Paid Ads,650
C103387,2023-06-18,60,Female,North,Organic Search,180
C103388,2023-09-24,23,Female,Central,Organic Search,180
C103389,2023-03-08,64,Female,South,Referral,90
C103390,2025-07-22,56,Female,East,Organic Search,180
C103391,2026-04-30,51,Female,North,Paid Ads,650
C103392,2026-06-21,63,Male,South,Direct,60
C103393,2023-12-08,38,Male,West,Social Media,420
C103394,2025-10-11,32,Female,East,Email Marketing,140
C103395,2024-10-10,26,Male,West,Organic Search,180
C103396,2023-02-28,66,Female,East,Paid Ads,650
C103397,2023-04-27,38,Male,East,Email Marketing,140
C103398,2024-12-05,61,Male,Central,Email Marketing,140
C103399,2024-06-28,35,Female,South,Referral,90
C103400,2023-01-11,67,Male,Central,Social Media,420
C103401,2026-04-11,63,Female,South,Organic Search,180
C103402,2025-07-28,34,Female,South,Social Media,420
C103403,2024-10-08,43,Male,West,Organic Search,180
C103404,2026-06-23,59,Male,North,Organic Search,180
C103405,2026-06-02,29,Male,North,Social Media,420
C103406,2026-06-06,19,Female,North,Organic Search,180
C103407,2023-11-29,33,Male,East,Organic Search,180
C103408,2026-02-06,48,Female,East,Organic Search,180
C103409,2024-10-10,25,Male,North,Paid Ads,650
C103410,2025-07-22,35,Male,North,Email Marketing,140
C103411,2026-01-10,65,Male,South,Direct,60
C103412,2023-07-30,21,Male,South,Organic Search,180
C103413,2024-07-30,20,Male,North,Organic Search,180
C103414,2023-06-15,40,Female,North,Email Marketing,140
C103415,2023-12-26,18,Male,West,Organic Search,180
C103416,2024-06-15,19,Female,West,Referral,90
C103417,2026-01-05,27,Female,South,Organic Search,180
C103418,2026-01-14,23,Female,South,Social Media,420
C103419,2024-05-16,60,Female,North,Organic Search,180
C103420,2024-02-28,24,Male,South,Referral,90
C103421,2024-11-13,45,Female,South,Social Media,420
C103422,2026-03-18,54,Male,Central,Organic Search,180
C103423,2026-06-09,50,Female,West,Paid Ads,650
C103424,2023-10-19,52,Male,East,Social Media,420
C103425,2023-08-28,36,Female,North,Direct,60
C103426,2025-06-27,64,Female,East,Paid Ads,650
C103427,2024-01-23,21,Female,Central,Organic Search,180
C103428,2023-09-14,23,Male,North,Social Media,420
C103429,2023-02-09,62,Female,West,Organic Search,180
C103430,2024-06-02,21,Female,North,Email Marketing,140
C103431,2024-05-18,27,Female,West,Email Marketing,140
C103432,2024-12-25,27,Male,North,Organic Search,180
C103433,2023-09-15,19,Male,East,Social Media,420
C103434,2025-07-07,24,Male,North,Referral,90
C103435,2025-05-24,47,Female,East,Organic Search,180
C103436,2024-08-17,52,Male,East,Social Media,420
C103437,2023-08-22,22,Female,East,Paid Ads,650
C103438,2024-10-13,67,Female,West,Paid Ads,650
C103439,2025-05-17,22,Female,North,Social Media,420
C103440,2024-04-24,53,Female,West,Social Media,420
C103441,2023-12-05,59,Female,North,Referral,90
C103442,2024-10-13,45,Female,West,Paid Ads,650
C103443,2024-04-01,43,Male,North,Referral,90
C103444,2024-05-30,23,Female,East,Paid Ads,650
C103445,2024-03-24,30,Other,South,Social Media,420
C103446,2024-01-26,62,Male,Central,Organic Search,180
C103447,2025-07-10,36,Female,East,Social Media,420
C103448,2024-08-14,19,Other,North,Paid Ads,650
C103449,2024-08-22,55,Female,West,Paid Ads,650
C103450,2025-04-19,53,Female,North,Organic Search,180
C103451,2024-04-09,21,Female,South,Social Media,420
C103452,2023-05-10,20,Male,South,Organic Search,180
C103453,2026-01-01,24,Male,West,Paid Ads,650
C103454,2023-03-13,20,Male,Central,Paid Ads,650
C103455,2025-01-05,50,Female,Central,Social Media,420
C103456,2023-12-08,24,Male,North,Direct,60
C103457,2023-10-02,49,Female,North,Email Marketing,140
C103458,2023-02-23,27,Female,West,Direct,60
C103459,2026-03-03,68,Female,South,Direct,60
C103460,2024-07-05,55,Male,East,Organic Search,180
C103461,2024-03-16,37,Female,Central,Paid Ads,650
C103462,2025-08-11,40,Male,North,Paid Ads,650
C103463,2023-02-20,21,Male,South,Organic Search,180
C103464,2024-12-27,20,Male,Central,Email Marketing,140
C103465,2024-09-28,45,Male,East,Email Marketing,140
C103466,2024-12-12,19,Male,Central,Social Media,420
C103467,2023-06-09,51,Female,East,Email Marketing,140
C103468,2026-05-09,37,Male,South,Referral,90
C103469,2023-11-03,25,Male,West,Paid Ads,650
C103470,2025-05-22,45,Female,West,Organic Search,180
C103471,2025-08-18,46,Female,Central,Direct,60
C103472,2024-03-18,56,Female,East,Referral,90
C103473,2023-06-18,28,Female,East,Paid Ads,650
C103474,2024-01-17,46,Male,South,Organic Search,180
C103475,2025-11-03,61,Female,South,Referral,90
C103476,2026-03-11,32,Female,Central,Email Marketing,140
C103477,2026-04-19,61,Female,Central,Social Media,420
C103478,2023-10-19,55,Female,East,Direct,60
C103479,2025-02-19,40,Male,Central,Paid Ads,650
C103480,2023-07-14,63,Female,South,Direct,60
C103481,2025-07-02,68,Female,West,Social Media,420
C103482,2024-06-18,30,Female,East,Referral,90
C103483,2025-07-06,68,Male,West,Email Marketing,140
C103484,2025-05-31,18,Male,West,Email Marketing,140
C103485,2026-06-30,24,Male,East,Paid Ads,650
C103486,2024-09-20,20,Male,Central,Email Marketing,140
C103487,2024-03-15,37,Male,South,Social Media,420
C103488,2024-11-08,66,Female,West,Organic Search,180
C103489,2023-07-29,49,Male,North,Social Media,420
C103490,2023-05-24,50,Male,North,Paid Ads,650
C103491,2024-10-29,22,Male,West,Social Media,420
C103492,2025-11-27,44,Female,West,Paid Ads,650
C103493,2024-11-16,37,Female,Central,Organic Search,180
C103494,2025-10-02,42,Female,South,Organic Search,180
C103495,2023-08-17,31,Female,North,Referral,90
C103496,2024-07-31,28,Other,East,Organic Search,180
C103497,2025-02-27,67,Female,Central,Social Media,420
C103498,2024-03-23,47,Female,Central,Social Media,420
C103499,2023-01-19,39,Male,Central,Organic Search,180
C103500,2023-04-05,21,Female,East,Paid Ads,650
C103501,2026-04-07,57,Male,Central,Paid Ads,650
C103502,2025-02-17,42,Female,North,Email Marketing,140
C103503,2023-12-07,38,Male,Central,Direct,60
C103504,2023-11-29,52,Male,East,Paid Ads,650
C103505,2023-02-20,24,Male,South,Organic Search,180
C103506,2026-04-29,45,Female,East,Social Media,420
C103507,2023-05-20,62,Female,West,Paid Ads,650
C103508,2025-09-03,42,Male,South,Paid Ads,650
C103509,2023-11-05,18,Female,North,Paid Ads,650
C103510,2024-03-07,29,Male,West,Social Media,420
C103511,2023-12-19,20,Female,Central,Paid Ads,650
C103512,2025-11-26,44,Male,East,Email Marketing,140
C103513,2023-02-12,36,Male,North,Paid Ads,650
C103514,2024-03-29,24,Female,East,Paid Ads,650
C103515,2023-12-26,53,Female,North,Direct,60
C103516,2023-12-18,27,Female,South,Paid Ads,650
C103517,2023-09-06,35,Female,North,Organic Search,180
C103518,2026-03-19,69,Female,East,Organic Search,180
C103519,2024-05-01,21,Male,South,Referral,90
C103520,2024-06-21,30,Male,North,Social Media,420
C103521,2024-05-10,34,Other,South,Social Media,420
C103522,2026-06-14,44,Male,East,Organic Search,180
C103523,2024-03-11,30,Female,South,Organic Search,180
C103524,2024-03-15,68,Male,North,Paid Ads,650
C103525,2024-02-26,18,Female,East,Paid Ads,650
C103526,2024-02-25,67,Male,West,Paid Ads,650
C103527,2023-04-26,45,Female,West,Social Media,420
C103528,2025-02-16,19,Female,East,Referral,90
C103529,2023-02-02,24,Male,West,Social Media,420
C103530,2023-10-18,23,Male,West,Social Media,420
C103531,2023-09-17,32,Male,West,Social Media,420
C103532,2024-01-10,35,Male,East,Organic Search,180
C103533,2025-08-31,51,Male,North,Social Media,420
C103534,2025-02-09,34,Female,South,Organic Search,180
C103535,2026-06-28,55,Male,South,Referral,90
C103536,2024-03-27,33,Male,South,Paid Ads,650
C103537,2026-04-09,31,Male,Central,Social Media,420
C103538,2023-02-27,32,Male,North,Email Marketing,140
C103539,2024-10-10,35,Male,East,Paid Ads,650
C103540,2025-10-24,61,Female,Central,Organic Search,180
C103541,2024-11-14,30,Female,East,Email Marketing,140
C103542,2026-04-15,32,Female,North,Paid Ads,650
C103543,2024-02-09,67,Male,Central,Paid Ads,650
C103544,2023-02-12,51,Female,South,Paid Ads,650
C103545,2025-09-22,27,Female,North,Paid Ads,650
C103546,2023-03-29,63,Female,South,Social Media,420
C103547,2025-09-10,27,Female,South,Email Marketing,140
C103548,2025-08-01,26,Male,West,Referral,90
C103549,2025-12-21,41,Other,North,Social Media,420
C103550,2024-09-07,53,Female,West,Referral,90
C103551,2026-02-25,27,Female,North,Email Marketing,140
C103552,2023-08-07,57,Female,Central,Organic Search,180
C103553,2024-07-12,26,Other,North,Social Media,420
C103554,2023-06-06,58,Male,Central,Organic Search,180
C103555,2025-09-13,22,Female,North,Paid Ads,650
C103556,2025-07-07,42,Female,Central,Referral,90
C103557,2025-11-03,51,Female,West,Referral,90
C103558,2025-09-09,31,Female,East,Email Marketing,140
C103559,2024-02-01,49,Male,North,Paid Ads,650
C103560,2023-03-29,53,Male,East,Organic Search,180
C103561,2026-04-10,51,Male,East,Organic Search,180
C103562,2024-09-25,38,Female,East,Organic Search,180
C103563,2023-05-02,58,Female,East,Paid Ads,650
C103564,2026-04-07,56,Female,Central,Social Media,420
C103565,2026-07-02,34,Female,Central,Social Media,420
C103566,2024-07-26,56,Female,East,Organic Search,180
C103567,2025-09-17,65,Male,North,Organic Search,180
C103568,2023-02-16,60,Female,North,Organic Search,180
C103569,2023-04-30,56,Female,West,Referral,90
C103570,2023-12-22,57,Female,Central,Paid Ads,650
C103571,2025-04-23,59,Female,South,Organic Search,180
C103572,2023-06-21,33,Other,North,Paid Ads,650
C103573,2023-02-13,55,Male,South,Organic Search,180
C103574,2025-05-10,28,Female,South,Paid Ads,650
C103575,2025-09-17,36,Female,Central,Email Marketing,140
C103576,2025-08-08,66,Male,West,Paid Ads,650
C103577,2025-10-24,32,Male,North,Organic Search,180
C103578,2025-10-29,61,Male,South,Organic Search,180
C103579,2025-02-13,39,Male,North,Organic Search,180
C103580,2024-10-29,28,Female,East,Email Marketing,140
C103581,2026-01-06,23,Male,West,Referral,90
C103582,2024-03-23,46,Male,North,Paid Ads,650
C103583,2023-05-06,41,Female,South,Social Media,420
C103584,2025-08-25,44,Male,Central,Organic Search,180
C103585,2023-12-21,20,Female,West,Paid Ads,650
C103586,2026-06-12,31,Male,East,Paid Ads,650
C103587,2024-06-16,18,Male,East,Email Marketing,140
C103588,2025-12-31,33,Other,Central,Referral,90
C103589,2023-02-24,66,Female,West,Paid Ads,650
C103590,2025-04-27,25,Female,Central,Referral,90
C103591,2024-07-30,53,Female,North,Organic Search,180
C103592,2024-08-17,18,Male,North,Organic Search,180
C103593,2023-12-08,47,Female,North,Organic Search,180
C103594,2026-06-02,65,Male,Central,Organic Search,180
C103595,2024-05-20,35,Female,West,Organic Search,180
C103596,2025-12-29,28,Male,North,Email Marketing,140
C103597,2024-06-30,47,Female,Central,Paid Ads,650
C103598,2023-03-04,32,Male,Central,Paid Ads,650
C103599,2026-02-04,64,Male,North,Organic Search,180
C103600,2023-08-27,62,Male,East,Organic Search,180
C103601,2023-12-14,51,Female,West,Organic Search,180
C103602,2026-01-12,51,Male,North,Organic Search,180
C103603,2026-02-23,49,Female,West,Paid Ads,650
C103604,2026-03-24,56,Male,North,Organic Search,180
C103605,2024-07-01,41,Female,Central,Organic Search,180
C103606,2025-08-31,68,Male,West,Social Media,420
C103607,2024-02-26,35,Female,Central,Direct,60
C103608,2025-08-10,18,Male,West,Organic Search,180
C103609,2024-10-08,54,Male,North,Referral,90
C103610,2023-03-08,52,Male,South,Social Media,420
C103611,2024-06-21,69,Male,West,Social Media,420
C103612,2024-08-24,38,Male,South,Referral,90
C103613,2023-11-27,40,Male,West,Social Media,420
C103614,2024-04-26,47,Female,South,Direct,60
C103615,2024-10-08,38,Female,North,Organic Search,180
C103616,2023-03-05,58,Male,East,Paid Ads,650
C103617,2023-07-15,40,Male,West,Social Media,420
C103618,2025-09-13,58,Male,East,Email Marketing,140
C103619,2024-03-28,40,Male,East,Paid Ads,650
C103620,2025-02-21,29,Male,South,Direct,60
C103621,2024-12-28,69,Male,West,Social Media,420
C103622,2024-12-09,45,Male,East,Referral,90
C103623,2024-06-15,54,Female,East,Email Marketing,140
C103624,2024-09-13,48,Female,South,Referral,90
C103625,2025-11-25,36,Female,East,Social Media,420
C103626,2026-05-26,68,Male,North,Referral,90
C103627,2023-11-27,37,Female,West,Organic Search,180
C103628,2025-05-10,69,Male,North,Direct,60
C103629,2026-06-01,40,Male,Central,Email Marketing,140
C103630,2023-01-10,19,Female,West,Social Media,420
C103631,2025-10-06,19,Male,East,Organic Search,180
C103632,2024-09-30,68,Male,West,Paid Ads,650
C103633,2026-05-29,45,Female,West,Organic Search,180
C103634,2025-01-13,38,Female,North,Organic Search,180
C103635,2025-12-13,60,Female,West,Social Media,420
C103636,2023-08-02,50,Male,Central,Email Marketing,140
C103637,2023-07-02,52,Male,North,Referral,90
C103638,2026-04-06,53,Other,South,Paid Ads,650
C103639,2024-11-08,28,Male,East,Direct,60
C103640,2024-12-19,22,Male,South,Email Marketing,140
C103641,2023-08-07,55,Male,East,Referral,90
C103642,2023-10-19,19,Female,East,Paid Ads,650
C103643,2025-11-18,55,Female,West,Referral,90
C103644,2024-01-26,24,Male,North,Paid Ads,650
C103645,2025-01-21,31,Female,South,Organic Search,180
C103646,2024-02-12,54,Male,Central,Social Media,420
C103647,2023-12-05,50,Female,South,Referral,90
C103648,2023-08-02,58,Male,East,Paid Ads,650
C103649,2026-04-10,49,Male,North,Direct,60
C103650,2026-04-23,20,Male,North,Email Marketing,140
C103651,2023-05-29,61,Other,East,Social Media,420
C103652,2024-03-30,29,Female,South,Organic Search,180
C103653,2024-12-26,25,Female,West,Organic Search,180
C103654,2024-05-07,63,Male,East,Social Media,420
C103655,2025-07-16,28,Male,Central,Email Marketing,140
C103656,2023-12-01,45,Male,Central,Social Media,420
C103657,2023-03-17,43,Male,South,Organic Search,180
C103658,2024-03-09,58,Male,North,Organic Search,180
C103659,2025-02-07,20,Female,Central,Organic Search,180
C103660,2023-08-21,23,Female,South,Social Media,420
C103661,2025-11-15,39,Female,South,Paid Ads,650
C103662,2023-01-16,42,Female,North,Organic Search,180
C103663,2023-03-28,58,Male,West,Social Media,420
C103664,2024-10-16,49,Female,South,Email Marketing,140
C103665,2024-10-20,25,Male,North,Paid Ads,650
C103666,2024-01-15,68,Female,East,Organic Search,180
C103667,2023-11-29,41,Female,West,Social Media,420
C103668,2023-03-31,68,Male,South,Direct,60
C103669,2025-05-02,69,Male,West,Organic Search,180
C103670,2024-05-02,20,Female,East,Organic Search,180
C103671,2023-06-02,44,Female,South,Social Media,420
C103672,2024-05-29,39,Female,South,Paid Ads,650
C103673,2026-04-20,43,Female,North,Email Marketing,140
C103674,2023-12-02,34,Female,South,Referral,90
C103675,2026-02-24,47,Male,Central,Organic Search,180
C103676,2023-11-29,43,Female,North,Email Marketing,140
C103677,2023-08-28,27,Female,Central,Social Media,420
C103678,2023-12-02,33,Male,North,Paid Ads,650
C103679,2024-02-20,25,Male,South,Organic Search,180
C103680,2023-06-05,61,Female,East,Social Media,420
C103681,2025-01-25,53,Female,West,Email Marketing,140
C103682,2024-03-04,38,Male,North,Organic Search,180
C103683,2025-07-12,38,Female,North,Paid Ads,650
C103684,2024-09-23,22,Female,East,Direct,60
C103685,2024-07-23,33,Female,South,Paid Ads,650
C103686,2024-08-28,66,Male,East,Organic Search,180
C103687,2023-07-20,19,Male,West,Organic Search,180
C103688,2025-07-05,25,Male,North,Referral,90
C103689,2023-05-14,61,Female,West,Referral,90
C103690,2025-07-16,45,Female,North,Organic Search,180
C103691,2026-07-09,19,Male,Central,Organic Search,180
C103692,2025-09-09,43,Female,Central,Social Media,420
C103693,2024-08-08,56,Male,West,Referral,90
C103694,2024-02-09,35,Female,Central,Organic Search,180
C103695,2026-01-27,37,Male,West,Paid Ads,650
C103696,2023-11-27,50,Female,North,Social Media,420
C103697,2024-09-12,49,Female,North,Organic Search,180
C103698,2025-09-18,64,Female,North,Organic Search,180
C103699,2026-04-01,30,Male,South,Email Marketing,140
C103700,2026-03-30,32,Male,East,Email Marketing,140
C103701,2023-04-23,26,Male,East,Paid Ads,650
C103702,2026-03-01,52,Other,West,Email Marketing,140
C103703,2023-05-27,45,Male,South,Social Media,420
C103704,2025-01-21,36,Female,North,Direct,60
C103705,2026-04-10,54,Female,North,Direct,60
C103706,2025-04-22,37,Male,Central,Social Media,420
C103707,2026-05-03,28,Male,South,Paid Ads,650
C103708,2024-03-18,46,Male,South,Organic Search,180
C103709,2024-02-09,40,Female,North,Social Media,420
C103710,2024-02-24,39,Other,Central,Paid Ads,650
C103711,2024-04-01,41,Male,North,Social Media,420
C103712,2025-05-28,65,Other,East,Organic Search,180
C103713,2024-08-04,29,Male,North,Email Marketing,140
C103714,2025-08-06,32,Male,North,Direct,60
C103715,2024-06-19,47,Female,West,Organic Search,180
C103716,2024-01-31,20,Female,East,Social Media,420
C103717,2023-09-02,25,Male,West,Email Marketing,140
C103718,2024-12-09,47,Female,North,Social Media,420
C103719,2026-03-01,44,Female,Central,Direct,60
C103720,2026-01-09,51,Female,East,Social Media,420
C103721,2023-11-22,23,Female,Central,Organic Search,180
C103722,2024-09-06,62,Male,North,Paid Ads,650
C103723,2025-06-25,43,Male,South,Paid Ads,650
C103724,2025-02-26,26,Female,South,Organic Search,180
C103725,2023-03-28,34,Female,West,Referral,90
C103726,2025-01-30,29,Male,West,Social Media,420
C103727,2023-02-19,41,Male,East,Paid Ads,650
C103728,2023-05-30,42,Male,North,Paid Ads,650
C103729,2025-04-20,40,Female,North,Paid Ads,650
C103730,2023-05-12,41,Male,North,Paid Ads,650
C103731,2024-03-11,65,Male,West,Social Media,420
C103732,2025-01-26,67,Male,South,Paid Ads,650
C103733,2025-04-22,43,Female,North,Email Marketing,140
C103734,2024-07-27,68,Female,South,Direct,60
C103735,2023-05-01,60,Male,North,Social Media,420
C103736,2025-10-24,60,Male,Central,Referral,90
C103737,2026-05-06,29,Male,South,Direct,60
C103738,2026-02-16,40,Female,Central,Organic Search,180
C103739,2025-08-20,36,Female,West,Organic Search,180
C103740,2024-06-01,23,Female,East,Organic Search,180
C103741,2026-01-31,21,Female,East,Paid Ads,650
C103742,2024-09-19,50,Male,West,Paid Ads,650
C103743,2023-06-25,39,Male,West,Social Media,420
C103744,2025-12-29,60,Male,North,Paid Ads,650
C103745,2024-02-16,52,Male,Central,Organic Search,180
C103746,2026-04-22,22,Male,South,Paid Ads,650
C103747,2024-04-18,61,Female,South,Organic Search,180
C103748,2026-01-23,43,Male,South,Social Media,420
C103749,2024-11-21,47,Female,West,Organic Search,180
C103750,2024-08-24,68,Male,South,Organic Search,180
C103751,2024-01-17,51,Male,South,Organic Search,180
C103752,2025-12-10,19,Female,North,Referral,90
C103753,2023-03-19,27,Male,South,Organic Search,180
C103754,2024-08-25,40,Male,North,Social Media,420
C103755,2024-04-19,19,Male,Central,Email Marketing,140
C103756,2024-11-29,26,Female,South,Paid Ads,650
C103757,2023-11-24,59,Male,Central,Organic Search,180
C103758,2025-05-04,25,Female,West,Social Media,420
C103759,2024-05-11,26,Other,West,Organic Search,180
C103760,2023-08-30,44,Female,Central,Email Marketing,140
C103761,2023-09-11,22,Male,North,Referral,90
C103762,2025-06-14,31,Female,East,Paid Ads,650
C103763,2023-12-03,66,Male,North,Organic Search,180
C103764,2024-01-31,50,Female,North,Referral,90
C103765,2025-03-17,68,Female,South,Social Media,420
C103766,2024-02-29,36,Male,West,Organic Search,180
C103767,2024-05-14,50,Male,West,Referral,90
C103768,2023-11-11,30,Female,South,Paid Ads,650
C103769,2024-03-20,37,Female,West,Email Marketing,140
C103770,2025-06-09,27,Female,North,Email Marketing,140
C103771,2024-11-17,61,Female,North,Organic Search,180
C103772,2026-07-06,27,Female,North,Organic Search,180
C103773,2025-09-19,28,Female,East,Paid Ads,650
C103774,2023-01-22,42,Female,East,Email Marketing,140
C103775,2024-05-02,40,Male,South,Organic Search,180
C103776,2024-01-08,34,Female,North,Paid Ads,650
C103777,2025-01-25,36,Female,East,Social Media,420
C103778,2023-12-08,33,Male,West,Organic Search,180
C103779,2026-05-27,65,Male,North,Organic Search,180
C103780,2024-01-20,48,Male,West,Referral,90
C103781,2024-11-02,65,Male,East,Social Media,420
C103782,2023-06-08,69,Female,East,Social Media,420
C103783,2026-03-15,51,Male,North,Organic Search,180
C103784,2026-03-18,60,Female,Central,Social Media,420
C103785,2025-10-17,23,Male,East,Social Media,420
C103786,2024-03-28,67,Female,South,Paid Ads,650
C103787,2023-03-17,43,Female,Central,Direct,60
C103788,2025-07-03,55,Female,West,Organic Search,180
C103789,2024-07-05,30,Female,West,Paid Ads,650
C103790,2026-06-27,22,Male,West,Email Marketing,140
C103791,2025-06-17,64,Female,North,Organic Search,180
C103792,2024-11-23,41,Female,West,Direct,60
C103793,2026-06-22,25,Male,South,Paid Ads,650
C103794,2025-10-26,52,Other,Central,Organic Search,180
C103795,2024-08-12,20,Male,South,Organic Search,180
C103796,2023-01-25,41,Female,North,Paid Ads,650
C103797,2023-04-30,54,Male,South,Email Marketing,140
C103798,2024-07-24,55,Female,West,Direct,60
C103799,2024-12-23,41,Male,East,Social Media,420
C103800,2023-02-08,37,Male,West,Organic Search,180
C103801,2023-06-12,61,Male,North,Paid Ads,650
C103802,2025-06-24,27,Other,North,Paid Ads,650
C103803,2025-08-24,21,Male,East,Organic Search,180
C103804,2023-02-08,26,Female,South,Organic Search,180
C103805,2024-10-14,59,Female,West,Paid Ads,650
C103806,2023-04-15,42,Female,Central,Paid Ads,650
C103807,2025-07-19,19,Male,East,Referral,90
C103808,2025-12-08,26,Female,South,Paid Ads,650
C103809,2026-01-22,19,Female,East,Organic Search,180
C103810,2025-02-08,60,Male,Central,Organic Search,180
C103811,2025-03-19,41,Male,West,Referral,90
C103812,2026-04-06,21,Female,West,Social Media,420
C103813,2025-02-26,29,Male,South,Organic Search,180
C103814,2024-07-27,50,Male,West,Email Marketing,140
C103815,2025-08-28,48,Male,North,Social Media,420
C103816,2025-01-29,60,Female,West,Organic Search,180
C103817,2025-12-19,19,Female,Central,Paid Ads,650
C103818,2024-11-05,21,Female,Central,Direct,60
C103819,2026-01-22,19,Female,North,Paid Ads,650
C103820,2023-02-27,38,Male,West,Organic Search,180
C103821,2023-02-16,55,Male,North,Social Media,420
C103822,2023-05-08,52,Male,East,Organic Search,180
C103823,2024-12-16,28,Male,West,Referral,90
C103824,2025-06-30,52,Male,East,Referral,90
C103825,2023-10-06,52,Female,South,Email Marketing,140
C103826,2023-07-20,27,Male,West,Social Media,420
C103827,2026-01-11,56,Male,West,Referral,90
C103828,2025-08-23,39,Male,East,Paid Ads,650
C103829,2025-04-13,21,Male,East,Email Marketing,140
C103830,2024-09-20,38,Male,West,Organic Search,180
C103831,2024-06-24,58,Male,South,Organic Search,180
C103832,2023-01-27,54,Male,North,Direct,60
C103833,2023-08-30,31,Female,East,Direct,60
C103834,2026-02-27,57,Female,West,Social Media,420
C103835,2024-03-11,38,Female,South,Paid Ads,650
C103836,2025-06-25,41,Female,North,Organic Search,180
C103837,2025-06-24,22,Female,Central,Social Media,420
C103838,2024-02-02,69,Female,Central,Organic Search,180
C103839,2023-09-20,61,Female,East,Paid Ads,650
C103840,2025-06-08,28,Female,West,Paid Ads,650
C103841,2023-05-01,47,Male,Central,Email Marketing,140
C103842,2024-09-28,58,Male,East,Direct,60
C103843,2026-02-16,44,Male,South,Direct,60
C103844,2025-07-03,28,Male,East,Referral,90
C103845,2025-09-09,68,Female,Central,Paid Ads,650
C103846,2023-04-18,31,Male,West,Organic Search,180
C103847,2023-09-14,35,Female,North,Paid Ads,650
C103848,2023-12-20,37,Female,Central,Paid Ads,650
C103849,2024-01-11,64,Female,West,Social Media,420
C103850,2023-09-07,44,Male,South,Paid Ads,650
C103851,2026-06-04,55,Male,Central,Email Marketing,140
C103852,2023-08-01,64,Male,West,Paid Ads,650
C103853,2025-06-29,66,Other,West,Paid Ads,650
C103854,2025-01-24,62,Female,Central,Referral,90
C103855,2025-02-24,65,Female,North,Social Media,420
C103856,2023-10-04,67,Female,West,Organic Search,180
C103857,2024-01-31,69,Female,South,Social Media,420
C103858,2025-02-18,51,Female,Central,Social Media,420
C103859,2024-01-20,24,Male,Central,Organic Search,180
C103860,2025-06-11,23,Male,West,Paid Ads,650
C103861,2023-02-20,59,Male,West,Email Marketing,140
C103862,2023-04-04,34,Female,West,Organic Search,180
C103863,2025-07-25,59,Female,South,Paid Ads,650
C103864,2025-03-04,66,Female,South,Organic Search,180
C103865,2023-02-25,51,Female,North,Social Media,420
C103866,2026-03-02,57,Female,West,Direct,60
C103867,2023-01-07,32,Male,East,Paid Ads,650
C103868,2026-05-13,40,Male,East,Email Marketing,140
C103869,2025-07-27,68,Female,South,Email Marketing,140
C103870,2026-06-24,60,Female,East,Organic Search,180
C103871,2026-05-05,28,Female,South,Referral,90
C103872,2024-02-07,66,Male,Central,Direct,60
C103873,2025-08-30,43,Other,Central,Direct,60
C103874,2023-09-29,61,Female,East,Social Media,420
C103875,2024-08-29,45,Female,West,Organic Search,180
C103876,2023-11-05,49,Male,North,Organic Search,180
C103877,2024-09-17,26,Female,North,Organic Search,180
C103878,2026-01-26,35,Female,East,Social Media,420
C103879,2024-07-14,55,Female,West,Paid Ads,650
C103880,2023-04-29,61,Female,North,Referral,90
C103881,2024-02-22,22,Female,North,Referral,90
C103882,2025-10-08,21,Female,East,Organic Search,180
C103883,2024-11-01,54,Female,North,Email Marketing,140
C103884,2024-12-21,41,Male,South,Organic Search,180
C103885,2024-07-08,62,Male,East,Organic Search,180
C103886,2024-01-12,21,Male,Central,Email Marketing,140
C103887,2025-02-08,36,Female,South,Organic Search,180
C103888,2025-03-25,19,Male,North,Organic Search,180
C103889,2026-02-28,54,Male,North,Direct,60
C103890,2025-03-05,62,Female,North,Email Marketing,140
C103891,2026-07-03,26,Female,West,Email Marketing,140
C103892,2025-11-28,34,Male,South,Organic Search,180
C103893,2023-04-12,61,Male,North,Organic Search,180
C103894,2024-05-19,20,Female,Central,Organic Search,180
C103895,2024-05-09,67,Male,West,Organic Search,180
C103896,2023-01-04,64,Male,North,Direct,60
C103897,2023-08-21,25,Male,South,Organic Search,180
C103898,2025-09-07,25,Male,West,Referral,90
C103899,2024-03-28,53,Female,West,Organic Search,180
C103900,2023-07-10,18,Male,Central,Social Media,420
C103901,2024-01-05,44,Female,North,Organic Search,180
C103902,2023-12-20,21,Male,West,Organic Search,180
C103903,2023-08-13,45,Male,North,Organic Search,180
C103904,2023-05-11,36,Male,South,Direct,60
C103905,2025-09-09,54,Female,West,Social Media,420
C103906,2025-11-26,63,Male,West,Social Media,420
C103907,2024-09-30,43,Male,North,Paid Ads,650
C103908,2025-03-02,51,Male,North,Referral,90
C103909,2026-03-28,49,Female,West,Referral,90
C103910,2025-12-19,69,Male,North,Paid Ads,650
C103911,2023-02-11,30,Female,South,Referral,90
C103912,2026-05-10,30,Female,North,Email Marketing,140
C103913,2023-03-28,37,Female,North,Direct,60
C103914,2023-02-04,56,Female,West,Direct,60
C103915,2024-06-02,62,Male,North,Paid Ads,650
C103916,2025-08-17,32,Female,East,Organic Search,180
C103917,2023-04-14,23,Female,West,Organic Search,180
C103918,2024-01-12,49,Male,North,Organic Search,180
C103919,2023-12-04,49,Female,East,Paid Ads,650
C103920,2024-05-26,37,Male,South,Paid Ads,650
C103921,2026-06-22,27,Female,West,Social Media,420
C103922,2024-03-02,62,Female,West,Social Media,420
C103923,2023-09-26,62,Female,West,Social Media,420
C103924,2023-06-07,56,Male,South,Direct,60
C103925,2023-09-12,48,Female,West,Organic Search,180
C103926,2023-06-21,31,Female,East,Organic Search,180
C103927,2025-01-07,38,Male,South,Social Media,420
C103928,2024-06-24,21,Female,North,Social Media,420
C103929,2024-10-02,30,Female,North,Paid Ads,650
C103930,2025-12-06,41,Female,South,Email Marketing,140
C103931,2025-01-16,40,Other,South,Organic Search,180
C103932,2023-07-19,22,Male,Central,Social Media,420
C103933,2024-04-29,67,Male,Central,Direct,60
C103934,2024-02-06,31,Male,North,Paid Ads,650
C103935,2025-11-29,44,Male,Central,Social Media,420
C103936,2024-01-30,42,Male,West,Organic Search,180
C103937,2023-06-28,42,Female,East,Paid Ads,650
C103938,2025-08-04,61,Male,Central,Organic Search,180
C103939,2024-07-04,56,Female,West,Social Media,420
C103940,2023-05-04,63,Male,East,Social Media,420
C103941,2025-06-06,37,Male,North,Direct,60
C103942,2023-09-28,31,Female,South,Social Media,420
C103943,2026-01-21,40,Female,Central,Organic Search,180
C103944,2025-12-06,47,Male,North,Email Marketing,140
C103945,2024-04-20,35,Female,North,Paid Ads,650
C103946,2024-12-15,41,Female,South,Referral,90
C103947,2024-12-31,25,Male,East,Organic Search,180
C103948,2025-04-20,48,Female,South,Referral,90
C103949,2023-03-30,55,Female,Central,Direct,60
C103950,2024-02-22,45,Male,South,Organic Search,180
C103951,2023-08-08,63,Female,Central,Social Media,420
C103952,2025-06-15,69,Female,East,Social Media,420
C103953,2023-03-30,65,Male,East,Paid Ads,650
C103954,2024-10-26,22,Female,North,Paid Ads,650
C103955,2025-07-25,63,Male,South,Social Media,420
C103956,2026-05-04,35,Male,Central,Paid Ads,650
C103957,2024-01-06,41,Male,West,Organic Search,180
C103958,2023-01-11,39,Male,South,Referral,90
C103959,2025-07-19,32,Male,Central,Social Media,420
C103960,2023-01-02,63,Male,West,Organic Search,180
C103961,2023-03-27,51,Female,North,Direct,60
C103962,2026-06-27,68,Male,East,Email Marketing,140
C103963,2026-01-14,67,Male,West,Direct,60
C103964,2025-06-28,39,Female,West,Social Media,420
C103965,2025-12-10,55,Male,North,Organic Search,180
C103966,2023-04-07,44,Female,North,Organic Search,180
C103967,2023-04-25,43,Female,South,Direct,60
C103968,2024-01-22,56,Male,South,Email Marketing,140
C103969,2023-01-31,53,Male,North,Referral,90
C103970,2026-02-16,65,Female,East,Social Media,420
C103971,2023-03-14,58,Male,East,Paid Ads,650
C103972,2024-11-30,50,Female,North,Referral,90
C103973,2026-01-02,65,Female,East,Organic Search,180
C103974,2025-08-03,23,Female,North,Social Media,420
C103975,2023-10-29,57,Male,South,Social Media,420
C103976,2024-08-27,38,Female,West,Referral,90
C103977,2024-12-06,40,Male,Central,Paid Ads,650
C103978,2025-09-14,58,Female,South,Referral,90
C103979,2024-07-02,32,Female,Central,Organic Search,180
C103980,2024-01-02,63,Male,Central,Organic Search,180
C103981,2025-10-20,43,Male,East,Organic Search,180
C103982,2026-02-14,36,Male,Central,Paid Ads,650
C103983,2024-09-20,35,Female,South,Paid Ads,650
C103984,2023-02-06,39,Male,North,Paid Ads,650
C103985,2024-10-05,67,Female,West,Paid Ads,650
C103986,2026-02-17,23,Female,East,Paid Ads,650
C103987,2026-06-25,44,Male,South,Paid Ads,650
C103988,2024-05-30,61,Female,North,Referral,90
C103989,2023-07-13,42,Male,North,Organic Search,180
C103990,2025-01-05,47,Male,North,Paid Ads,650
C103991,2025-12-04,36,Female,North,Organic Search,180
C103992,2026-04-30,25,Male,Central,Organic Search,180
C103993,2023-03-08,51,Female,South,Social Media,420
C103994,2024-01-09,65,Other,West,Email Marketing,140
C103995,2024-09-06,45,Male,North,Paid Ads,650
C103996,2023-05-07,40,Female,South,Paid Ads,650
C103997,2026-02-13,24,Male,Central,Organic Search,180
C103998,2023-05-25,67,Female,North,Organic Search,180
C103999,2025-05-05,63,Other,South,Email Marketing,140
C104000,2026-03-27,64,Female,West,Social Media,420
C104001,2025-05-31,36,Female,North,Referral,90
C104002,2025-09-08,50,Male,North,Email Marketing,140
C104003,2023-12-05,40,Female,Central,Social Media,420
C104004,2025-11-30,30,Male,South,Organic Search,180
C104005,2024-06-22,28,Female,East,Referral,90
C104006,2023-03-20,37,Male,North,Referral,90
C104007,2024-04-16,46,Male,North,Paid Ads,650
C104008,2024-03-25,24,Male,South,Social Media,420
C104009,2024-11-01,54,Male,West,Paid Ads,650
C104010,2023-12-07,41,Male,South,Paid Ads,650
C104011,2024-08-17,63,Male,Central,Social Media,420
C104012,2024-07-04,32,Female,West,Organic Search,180
C104013,2024-02-25,20,Female,East,Paid Ads,650
C104014,2025-06-14,34,Male,South,Paid Ads,650
C104015,2024-01-28,68,Female,East,Social Media,420
C104016,2025-09-11,34,Male,West,Email Marketing,140
C104017,2023-11-19,54,Female,North,Social Media,420
C104018,2026-01-17,61,Male,Central,Referral,90
C104019,2024-04-14,32,Female,East,Paid Ads,650
C104020,2023-02-22,51,Male,Central,Social Media,420
C104021,2023-07-12,28,Male,Central,Organic Search,180
C104022,2025-11-02,36,Female,North,Paid Ads,650
C104023,2026-01-26,33,Female,South,Referral,90
C104024,2023-09-30,52,Female,East,Organic Search,180
C104025,2025-02-13,63,Male,East,Email Marketing,140
C104026,2025-01-08,31,Female,West,Paid Ads,650
C104027,2023-06-22,33,Female,North,Social Media,420
C104028,2024-08-04,60,Male,East,Paid Ads,650
C104029,2025-06-11,42,Male,Central,Referral,90
C104030,2026-05-28,44,Male,Central,Social Media,420
C104031,2025-12-26,54,Male,North,Organic Search,180
C104032,2023-05-06,25,Male,Central,Direct,60
C104033,2023-11-02,63,Male,North,Social Media,420
C104034,2024-07-15,36,Female,East,Paid Ads,650
C104035,2023-07-13,52,Female,South,Social Media,420
C104036,2025-01-03,40,Female,East,Organic Search,180
C104037,2023-01-12,57,Female,North,Referral,90
C104038,2023-05-26,49,Male,North,Paid Ads,650
C104039,2023-03-02,27,Female,South,Email Marketing,140
C104040,2024-01-15,27,Female,Central,Organic Search,180
C104041,2025-09-07,63,Female,East,Referral,90
C104042,2023-08-16,45,Male,West,Email Marketing,140
C104043,2026-06-23,32,Female,West,Direct,60
C104044,2023-12-13,25,Female,South,Referral,90
C104045,2023-02-27,24,Female,North,Referral,90
C104046,2024-03-07,65,Female,North,Social Media,420
C104047,2025-08-20,68,Female,South,Organic Search,180
C104048,2023-05-18,38,Female,Central,Social Media,420
C104049,2023-04-03,28,Female,South,Social Media,420
C104050,2025-12-28,39,Other,West,Organic Search,180
C104051,2025-01-31,25,Female,West,Referral,90
C104052,2024-03-17,46,Male,Central,Organic Search,180
C104053,2025-08-30,50,Female,South,Social Media,420
C104054,2025-12-21,69,Male,Central,Paid Ads,650
C104055,2024-04-06,34,Male,East,Email Marketing,140
C104056,2024-12-22,28,Male,East,Organic Search,180
C104057,2023-01-15,24,Female,West,Organic Search,180
C104058,2024-01-29,37,Male,North,Social Media,420
C104059,2025-02-04,49,Male,West,Paid Ads,650
C104060,2023-09-11,21,Male,East,Organic Search,180
C104061,2026-06-28,57,Female,West,Social Media,420
C104062,2026-06-02,41,Female,Central,Email Marketing,140
C104063,2023-11-28,59,Other,East,Referral,90
C104064,2024-05-24,42,Male,North,Organic Search,180
C104065,2023-09-01,26,Male,South,Organic Search,180
C104066,2024-10-10,19,Female,Central,Social Media,420
C104067,2023-06-09,46,Male,East,Social Media,420
C104068,2024-05-17,46,Other,Central,Direct,60
C104069,2024-12-15,60,Female,South,Organic Search,180
C104070,2025-02-25,63,Female,East,Social Media,420
C104071,2025-02-06,26,Male,Central,Direct,60
C104072,2023-10-12,34,Male,West,Organic Search,180
C104073,2025-10-15,28,Female,South,Direct,60
C104074,2025-06-08,23,Male,North,Paid Ads,650
C104075,2025-08-26,18,Female,Central,Referral,90
C104076,2024-08-24,22,Female,West,Paid Ads,650
C104077,2026-02-21,45,Male,South,Email Marketing,140
C104078,2024-05-16,25,Male,East,Email Marketing,140
C104079,2025-11-02,28,Female,North,Organic Search,180
C104080,2023-09-19,24,Male,South,Referral,90
C104081,2023-11-14,55,Female,North,Organic Search,180
C104082,2024-11-08,51,Female,North,Organic Search,180
C104083,2024-12-15,68,Female,West,Social Media,420
C104084,2025-08-17,23,Male,South,Social Media,420
C104085,2024-01-18,28,Male,West,Paid Ads,650
C104086,2026-01-27,41,Female,East,Organic Search,180
C104087,2024-02-29,51,Female,North,Organic Search,180
C104088,2024-11-17,24,Female,South,Organic Search,180
C104089,2026-04-13,29,Female,North,Organic Search,180
C104090,2024-11-24,39,Female,West,Organic Search,180
C104091,2025-05-26,18,Male,Central,Email Marketing,140
C104092,2026-03-14,38,Male,West,Paid Ads,650
C104093,2026-06-07,57,Female,West,Email Marketing,140
C104094,2024-10-04,45,Male,Central,Organic Search,180
C104095,2024-06-20,40,Female,West,Paid Ads,650
C104096,2023-09-11,43,Male,East,Organic Search,180
C104097,2024-11-22,67,Male,West,Organic Search,180
C104098,2026-03-26,45,Male,South,Social Media,420
C104099,2024-09-18,45,Female,North,Paid Ads,650
C104100,2024-03-24,66,Female,West,Paid Ads,650
C104101,2023-05-18,26,Male,West,Paid Ads,650
C104102,2024-05-16,22,Male,North,Referral,90
C104103,2023-11-01,41,Male,Central,Paid Ads,650
C104104,2026-06-10,34,Male,North,Organic Search,180
C104105,2024-11-09,28,Female,West,Organic Search,180
C104106,2023-06-26,24,Male,Central,Social Media,420
C104107,2023-03-28,63,Male,South,Direct,60
C104108,2025-12-30,49,Male,Central,Organic Search,180
C104109,2026-04-12,53,Female,West,Paid Ads,650
C104110,2025-09-08,24,Female,West,Paid Ads,650
C104111,2023-06-09,35,Female,Central,Direct,60
C104112,2023-05-07,50,Female,East,Organic Search,180
C104113,2023-09-12,45,Other,East,Referral,90
C104114,2025-08-23,54,Female,West,Referral,90
C104115,2025-09-11,52,Female,South,Paid Ads,650
C104116,2025-12-13,39,Female,South,Referral,90
C104117,2023-05-05,58,Male,North,Social Media,420
C104118,2023-07-17,31,Female,South,Organic Search,180
C104119,2026-03-03,22,Female,West,Paid Ads,650
C104120,2026-04-09,65,Female,Central,Paid Ads,650
C104121,2025-07-22,19,Male,Central,Paid Ads,650
C104122,2023-05-17,32,Male,North,Referral,90
C104123,2023-03-30,23,Female,East,Social Media,420
C104124,2023-03-13,30,Male,East,Email Marketing,140
C104125,2025-06-08,38,Male,North,Social Media,420
C104126,2025-12-23,24,Male,East,Paid Ads,650
C104127,2025-03-23,42,Female,South,Organic Search,180
C104128,2023-12-04,66,Female,Central,Referral,90
C104129,2025-08-31,25,Female,South,Organic Search,180
C104130,2023-03-18,66,Female,West,Paid Ads,650
C104131,2025-12-01,39,Male,Central,Social Media,420
C104132,2026-02-20,48,Male,West,Referral,90
C104133,2025-07-12,40,Male,North,Organic Search,180
C104134,2026-02-04,34,Male,South,Social Media,420
C104135,2025-01-23,23,Female,Central,Organic Search,180
C104136,2024-08-25,48,Male,North,Referral,90
C104137,2024-02-19,65,Male,North,Referral,90
C104138,2026-03-31,45,Female,Central,Referral,90
C104139,2025-06-15,49,Female,West,Organic Search,180
C104140,2023-09-02,51,Male,West,Social Media,420
C104141,2026-05-15,38,Female,North,Organic Search,180
C104142,2023-03-18,24,Female,East,Paid Ads,650
C104143,2025-01-25,44,Female,West,Direct,60
C104144,2023-09-03,63,Female,South,Organic Search,180
C104145,2025-05-04,34,Male,North,Social Media,420
C104146,2024-06-14,63,Male,North,Organic Search,180
C104147,2024-07-16,62,Male,East,Social Media,420
C104148,2025-05-13,30,Female,South,Social Media,420
C104149,2025-08-30,47,Female,Central,Paid Ads,650
C104150,2024-05-03,56,Female,South,Social Media,420
C104151,2026-07-07,43,Female,North,Direct,60
C104152,2024-10-03,54,Male,Central,Email Marketing,140
C104153,2023-07-26,65,Male,Central,Direct,60
C104154,2023-01-09,50,Male,West,Organic Search,180
C104155,2023-09-18,61,Male,Central,Direct,60
C104156,2025-06-07,59,Female,North,Paid Ads,650
C104157,2024-11-24,60,Female,East,Organic Search,180
C104158,2024-03-10,62,Male,North,Paid Ads,650
C104159,2024-09-11,29,Female,East,Organic Search,180
C104160,2025-12-13,18,Male,West,Referral,90
C104161,2025-01-05,25,Female,West,Organic Search,180
C104162,2023-03-16,30,Male,North,Social Media,420
C104163,2023-03-05,53,Female,South,Paid Ads,650
C104164,2024-09-11,44,Male,Central,Organic Search,180
C104165,2024-06-03,42,Male,East,Email Marketing,140
C104166,2025-12-29,18,Female,South,Social Media,420
C104167,2025-01-19,53,Male,South,Paid Ads,650
C104168,2025-08-31,36,Female,South,Referral,90
C104169,2025-01-22,57,Male,South,Email Marketing,140
C104170,2024-03-20,23,Female,South,Paid Ads,650
C104171,2025-04-25,33,Male,East,Organic Search,180
C104172,2025-03-10,20,Female,East,Direct,60
C104173,2025-07-15,32,Female,East,Paid Ads,650
C104174,2023-09-01,66,Female,North,Organic Search,180
C104175,2025-04-05,43,Male,North,Organic Search,180
C104176,2024-01-03,40,Female,South,Organic Search,180
C104177,2025-10-13,32,Male,Central,Direct,60
C104178,2025-10-23,31,Female,West,Direct,60
C104179,2025-03-14,52,Male,North,Social Media,420
C104180,2026-05-02,69,Female,East,Referral,90
C104181,2024-11-22,56,Female,East,Email Marketing,140
C104182,2023-02-02,56,Male,East,Social Media,420
C104183,2025-02-18,42,Male,West,Social Media,420
C104184,2025-09-27,23,Male,Central,Direct,60
C104185,2023-05-11,55,Female,North,Organic Search,180
C104186,2023-05-15,60,Male,East,Organic Search,180
C104187,2023-12-18,44,Female,East,Referral,90
C104188,2025-12-21,22,Female,East,Referral,90
C104189,2024-11-09,55,Female,North,Organic Search,180
C104190,2026-06-09,65,Male,East,Paid Ads,650
C104191,2026-01-27,29,Male,North,Referral,90
C104192,2024-12-14,26,Male,West,Paid Ads,650
C104193,2025-05-23,56,Female,West,Email Marketing,140
C104194,2024-03-01,35,Male,South,Email Marketing,140
C104195,2023-04-27,55,Male,Central,Paid Ads,650
C104196,2024-05-27,54,Male,West,Social Media,420
C104197,2025-01-31,31,Female,East,Social Media,420
C104198,2023-08-23,20,Female,Central,Organic Search,180
C104199,2023-10-13,46,Male,West,Paid Ads,650
C104200,2023-01-20,39,Male,North,Paid Ads,650
C104201,2025-08-01,62,Male,East,Email Marketing,140
C104202,2026-03-02,36,Male,East,Email Marketing,140
C104203,2025-11-30,30,Other,East,Organic Search,180
C104204,2024-05-03,62,Male,Central,Email Marketing,140
C104205,2025-02-02,56,Female,East,Social Media,420
C104206,2026-05-20,50,Female,North,Organic Search,180
C104207,2025-01-30,67,Female,East,Paid Ads,650
C104208,2024-01-16,58,Male,West,Email Marketing,140
C104209,2024-03-11,63,Female,South,Paid Ads,650
C104210,2025-07-24,59,Male,North,Social Media,420
C104211,2024-07-27,38,Male,South,Social Media,420
C104212,2025-12-12,21,Other,West,Social Media,420
C104213,2026-01-16,49,Male,North,Paid Ads,650
C104214,2023-02-16,57,Male,South,Paid Ads,650
C104215,2025-07-19,69,Male,North,Email Marketing,140
C104216,2024-04-20,53,Male,East,Paid Ads,650
C104217,2024-10-30,47,Female,North,Organic Search,180
C104218,2023-12-07,47,Female,North,Paid Ads,650
C104219,2024-04-18,23,Female,West,Referral,90
C104220,2024-02-29,18,Male,North,Paid Ads,650
C104221,2023-03-06,20,Male,North,Referral,90
C104222,2025-10-03,65,Female,East,Organic Search,180
C104223,2023-07-03,59,Female,North,Social Media,420
C104224,2024-04-28,31,Female,North,Email Marketing,140
C104225,2023-09-06,40,Female,South,Social Media,420
C104226,2023-07-26,43,Female,South,Social Media,420
C104227,2024-04-25,30,Female,East,Social Media,420
C104228,2026-03-27,39,Male,Central,Referral,90
C104229,2026-04-29,36,Female,South,Paid Ads,650
C104230,2024-05-05,54,Female,East,Social Media,420
C104231,2024-10-11,57,Female,Central,Paid Ads,650
C104232,2026-06-21,23,Male,East,Paid Ads,650
C104233,2023-10-30,42,Female,West,Paid Ads,650
C104234,2026-04-29,69,Male,East,Paid Ads,650
C104235,2023-05-16,63,Female,East,Organic Search,180
C104236,2023-10-18,59,Female,Central,Referral,90
C104237,2024-03-11,56,Female,North,Social Media,420
C104238,2023-02-17,18,Male,Central,Organic Search,180
C104239,2025-11-15,68,Male,East,Organic Search,180
C104240,2026-01-05,56,Female,East,Social Media,420
C104241,2024-05-07,64,Female,South,Social Media,420
C104242,2025-12-11,65,Female,South,Referral,90
C104243,2025-09-20,31,Male,North,Paid Ads,650
C104244,2025-10-27,18,Female,Central,Email Marketing,140
C104245,2025-10-29,52,Female,East,Organic Search,180
C104246,2025-01-07,41,Male,Central,Social Media,420
C104247,2023-05-23,19,Male,South,Paid Ads,650
C104248,2026-04-02,32,Female,South,Paid Ads,650
C104249,2025-02-21,69,Male,South,Direct,60
C104250,2026-03-05,36,Female,North,Email Marketing,140
C104251,2026-05-18,31,Female,East,Organic Search,180
C104252,2023-08-29,52,Female,Central,Organic Search,180
C104253,2024-06-01,52,Male,Central,Email Marketing,140
C104254,2023-09-05,35,Other,East,Organic Search,180
C104255,2023-03-07,62,Female,South,Direct,60
C104256,2026-05-27,48,Female,East,Organic Search,180
C104257,2026-04-02,26,Female,East,Paid Ads,650
C104258,2026-04-13,34,Female,West,Organic Search,180
C104259,2026-02-10,62,Female,East,Social Media,420
C104260,2025-04-14,22,Female,North,Organic Search,180
C104261,2024-11-02,18,Female,North,Paid Ads,650
C104262,2026-06-29,52,Male,Central,Email Marketing,140
C104263,2024-12-11,40,Male,West,Organic Search,180
C104264,2025-04-06,31,Female,Central,Social Media,420
C104265,2023-09-30,42,Male,South,Organic Search,180
C104266,2025-08-18,27,Female,East,Social Media,420
C104267,2025-11-19,37,Female,South,Paid Ads,650
C104268,2025-05-22,30,Male,Central,Referral,90
C104269,2024-10-03,48,Male,South,Referral,90
C104270,2023-09-12,53,Female,West,Email Marketing,140
C104271,2023-02-13,65,Male,North,Email Marketing,140
C104272,2025-03-17,21,Female,North,Organic Search,180
C104273,2025-05-28,35,Female,North,Organic Search,180
C104274,2025-09-20,31,Female,East,Organic Search,180
C104275,2026-05-07,48,Female,West,Referral,90
C104276,2024-10-01,45,Female,Central,Organic Search,180
C104277,2025-12-02,63,Male,East,Email Marketing,140
C104278,2025-07-10,65,Male,East,Direct,60
C104279,2023-12-23,58,Male,West,Organic Search,180
C104280,2025-12-22,28,Female,North,Paid Ads,650
C104281,2023-03-10,20,Male,West,Social Media,420
C104282,2025-02-09,64,Male,West,Paid Ads,650
C104283,2026-04-24,67,Male,East,Paid Ads,650
C104284,2025-04-27,31,Male,North,Organic Search,180
C104285,2026-04-20,20,Male,North,Email Marketing,140
C104286,2023-03-14,53,Female,South,Referral,90
C104287,2024-11-15,48,Male,Central,Organic Search,180
C104288,2025-09-30,64,Female,East,Organic Search,180
C104289,2025-04-06,47,Male,East,Referral,90
C104290,2026-02-06,57,Female,East,Organic Search,180
C104291,2024-08-17,58,Male,West,Email Marketing,140
C104292,2025-05-27,18,Female,South,Social Media,420
C104293,2024-06-23,25,Female,North,Direct,60
C104294,2026-01-26,58,Male,West,Referral,90
C104295,2023-06-03,27,Female,South,Email Marketing,140
C104296,2023-11-23,28,Male,South,Referral,90
C104297,2023-05-05,57,Female,South,Social Media,420
C104298,2025-06-21,28,Female,South,Organic Search,180
C104299,2023-10-27,25,Male,Central,Referral,90
C104300,2024-02-12,18,Male,West,Social Media,420
C104301,2025-12-11,42,Male,Central,Paid Ads,650
C104302,2024-04-08,51,Female,Central,Social Media,420
C104303,2023-07-07,56,Male,South,Organic Search,180
C104304,2023-01-27,65,Female,South,Paid Ads,650
C104305,2023-10-19,51,Male,West,Organic Search,180
C104306,2026-03-22,57,Female,North,Paid Ads,650
C104307,2024-12-06,28,Male,Central,Paid Ads,650
C104308,2026-07-03,35,Female,North,Email Marketing,140
C104309,2023-10-04,33,Male,East,Social Media,420
C104310,2024-03-28,21,Male,West,Email Marketing,140
C104311,2023-07-29,68,Male,Central,Direct,60
C104312,2024-05-27,30,Female,East,Organic Search,180
C104313,2024-12-25,41,Male,East,Social Media,420
C104314,2025-11-05,36,Female,South,Paid Ads,650
C104315,2024-04-18,20,Other,East,Email Marketing,140
C104316,2025-09-19,64,Male,West,Paid Ads,650
C104317,2025-03-16,29,Male,East,Organic Search,180
C104318,2024-01-11,23,Male,West,Organic Search,180
C104319,2026-03-19,35,Male,North,Social Media,420
C104320,2024-07-12,25,Male,South,Organic Search,180
C104321,2023-07-14,69,Female,Central,Paid Ads,650
C104322,2026-05-23,27,Male,South,Email Marketing,140
C104323,2026-03-20,33,Male,East,Organic Search,180
C104324,2023-03-05,32,Female,East,Referral,90
C104325,2026-03-06,19,Male,Central,Social Media,420
C104326,2026-05-03,18,Female,North,Paid Ads,650
C104327,2025-12-02,44,Female,South,Organic Search,180
C104328,2023-11-24,30,Male,Central,Organic Search,180
C104329,2025-03-22,22,Female,West,Direct,60
C104330,2024-11-23,33,Female,East,Social Media,420
C104331,2025-03-08,32,Female,South,Paid Ads,650
C104332,2025-03-03,40,Female,South,Email Marketing,140
C104333,2025-04-02,69,Female,Central,Organic Search,180
C104334,2024-10-23,33,Female,West,Organic Search,180
C104335,2025-06-06,54,Female,Central,Organic Search,180
C104336,2024-11-08,57,Female,Central,Referral,90
C104337,2023-01-22,20,Female,East,Paid Ads,650
C104338,2023-02-15,44,Female,East,Social Media,420
C104339,2026-05-17,41,Male,East,Organic Search,180
C104340,2026-03-15,44,Female,West,Referral,90
C104341,2025-01-23,26,Male,East,Email Marketing,140
C104342,2023-08-13,42,Male,North,Paid Ads,650
C104343,2025-10-01,24,Male,Central,Organic Search,180
C104344,2023-07-04,67,Male,West,Social Media,420
C104345,2024-04-30,48,Female,Central,Organic Search,180
C104346,2024-02-29,19,Male,South,Organic Search,180
C104347,2023-01-16,44,Female,East,Social Media,420
C104348,2025-11-03,66,Female,West,Social Media,420
C104349,2024-10-17,56,Male,West,Referral,90
C104350,2024-02-11,32,Male,North,Paid Ads,650
C104351,2024-10-14,64,Female,South,Organic Search,180
C104352,2023-01-01,27,Female,West,Social Media,420
C104353,2024-07-15,30,Male,Central,Referral,90
C104354,2024-10-30,26,Male,North,Paid Ads,650
C104355,2024-03-12,65,Male,South,Paid Ads,650
C104356,2025-12-03,55,Male,East,Organic Search,180
C104357,2023-11-18,44,Male,North,Paid Ads,650
C104358,2023-06-27,52,Other,North,Direct,60
C104359,2024-11-09,31,Male,East,Organic Search,180
C104360,2026-02-15,21,Male,East,Social Media,420
C104361,2024-04-27,61,Female,South,Organic Search,180
C104362,2023-03-01,68,Female,South,Paid Ads,650
C104363,2026-06-01,19,Male,Central,Referral,90
C104364,2024-07-25,20,Female,East,Social Media,420
C104365,2023-08-11,47,Female,West,Organic Search,180
C104366,2025-03-02,20,Male,South,Paid Ads,650
C104367,2024-02-16,55,Male,West,Organic Search,180
C104368,2026-04-21,67,Female,West,Paid Ads,650
C104369,2024-01-14,32,Female,South,Referral,90
C104370,2024-12-08,33,Other,East,Organic Search,180
C104371,2024-11-29,62,Male,West,Paid Ads,650
C104372,2023-11-08,36,Female,South,Social Media,420
C104373,2024-10-04,30,Male,West,Email Marketing,140
C104374,2023-05-21,22,Female,South,Organic Search,180
C104375,2025-04-07,61,Female,East,Social Media,420
C104376,2025-09-02,66,Male,Central,Organic Search,180
C104377,2026-05-06,22,Male,North,Organic Search,180
C104378,2024-02-23,59,Female,North,Organic Search,180
C104379,2024-01-02,26,Female,North,Referral,90
C104380,2024-12-06,25,Male,Central,Organic Search,180
C104381,2025-06-09,37,Female,North,Direct,60
C104382,2026-06-30,40,Male,North,Paid Ads,650
C104383,2023-02-02,62,Male,West,Email Marketing,140
C104384,2023-11-03,54,Male,West,Organic Search,180
C104385,2023-12-04,25,Female,East,Paid Ads,650
C104386,2023-11-25,48,Male,Central,Referral,90
C104387,2024-08-19,63,Female,North,Paid Ads,650
C104388,2026-01-27,52,Male,East,Social Media,420
C104389,2023-02-09,29,Female,East,Email Marketing,140
C104390,2025-11-15,24,Female,South,Social Media,420
C104391,2025-03-05,41,Male,Central,Email Marketing,140
C104392,2025-03-02,42,Male,East,Organic Search,180
C104393,2025-05-22,36,Male,South,Social Media,420
C104394,2023-05-29,23,Male,North,Social Media,420
C104395,2025-08-18,24,Female,North,Social Media,420
C104396,2023-11-16,45,Female,Central,Social Media,420
C104397,2024-10-26,67,Male,South,Referral,90
C104398,2025-05-20,49,Female,Central,Email Marketing,140
C104399,2025-02-15,40,Male,North,Organic Search,180
C104400,2024-02-20,66,Male,Central,Organic Search,180
C104401,2024-05-24,53,Male,West,Organic Search,180
C104402,2024-09-04,55,Male,North,Organic Search,180
C104403,2023-02-23,47,Female,North,Social Media,420
C104404,2025-07-22,57,Male,West,Paid Ads,650
C104405,2023-05-09,44,Female,North,Paid Ads,650
C104406,2024-08-12,50,Male,South,Email Marketing,140
C104407,2025-04-22,50,Female,West,Email Marketing,140
C104408,2023-04-14,57,Male,Central,Social Media,420
C104409,2026-07-04,64,Male,West,Paid Ads,650
C104410,2024-04-30,33,Male,Central,Organic Search,180
C104411,2023-01-21,54,Male,East,Paid Ads,650
C104412,2025-04-27,19,Male,West,Paid Ads,650
C104413,2024-12-18,45,Male,South,Organic Search,180
C104414,2025-04-03,64,Female,West,Referral,90
C104415,2025-08-23,51,Male,West,Paid Ads,650
C104416,2024-09-03,31,Female,East,Organic Search,180
C104417,2025-11-29,49,Female,Central,Social Media,420
C104418,2024-04-21,36,Female,East,Paid Ads,650
C104419,2024-12-02,40,Female,East,Paid Ads,650
C104420,2023-07-23,29,Male,East,Organic Search,180
C104421,2025-03-08,50,Female,South,Organic Search,180
C104422,2023-12-03,28,Female,South,Social Media,420
C104423,2025-06-14,41,Female,Central,Paid Ads,650
C104424,2025-10-27,66,Male,South,Organic Search,180
C104425,2026-01-09,57,Female,West,Email Marketing,140
C104426,2026-04-09,39,Male,East,Email Marketing,140
C104427,2023-06-07,68,Female,Central,Paid Ads,650
C104428,2023-06-27,18,Male,West,Email Marketing,140
C104429,2026-04-06,67,Male,North,Paid Ads,650
C104430,2024-05-04,36,Female,South,Organic Search,180
C104431,2023-02-03,60,Female,West,Social Media,420
C104432,2024-01-05,67,Male,North,Paid Ads,650
C104433,2025-12-11,49,Female,East,Paid Ads,650
C104434,2024-04-01,49,Female,South,Direct,60
C104435,2023-04-09,56,Female,North,Paid Ads,650
C104436,2025-07-17,30,Female,Central,Organic Search,180
C104437,2023-09-08,27,Male,Central,Organic Search,180
C104438,2024-03-29,35,Male,West,Email Marketing,140
C104439,2023-01-06,42,Female,North,Organic Search,180
C104440,2025-02-13,56,Male,Central,Email Marketing,140
C104441,2024-07-26,31,Female,East,Organic Search,180
C104442,2026-01-20,47,Female,Central,Referral,90
C104443,2024-03-05,18,Female,North,Paid Ads,650
C104444,2023-09-21,19,Male,North,Organic Search,180
C104445,2023-08-02,68,Female,West,Organic Search,180
C104446,2023-09-15,62,Female,Central,Organic Search,180
C104447,2024-08-03,62,Male,North,Organic Search,180
C104448,2023-04-23,35,Male,South,Organic Search,180
C104449,2024-06-01,44,Male,East,Social Media,420
C104450,2026-01-04,53,Male,Central,Social Media,420
C104451,2025-09-14,31,Female,West,Paid Ads,650
C104452,2025-03-30,56,Female,Central,Social Media,420
C104453,2026-02-22,54,Male,West,Referral,90
C104454,2025-09-30,39,Female,Central,Direct,60
C104455,2025-04-19,40,Male,East,Paid Ads,650
C104456,2026-01-14,33,Male,North,Paid Ads,650
C104457,2023-06-09,59,Male,West,Direct,60
C104458,2025-11-18,69,Female,East,Direct,60
C104459,2024-01-15,69,Female,East,Direct,60
C104460,2025-07-31,58,Female,South,Social Media,420
C104461,2026-03-20,36,Female,West,Social Media,420
C104462,2024-09-29,58,Male,West,Direct,60
C104463,2023-04-25,30,Female,South,Paid Ads,650
C104464,2024-04-21,64,Male,Central,Organic Search,180
C104465,2024-06-07,31,Male,South,Direct,60
C104466,2026-04-19,38,Female,North,Email Marketing,140
C104467,2026-04-27,22,Male,North,Organic Search,180
C104468,2025-01-01,22,Male,East,Organic Search,180
C104469,2026-05-07,38,Male,North,Email Marketing,140
C104470,2024-07-15,46,Male,West,Paid Ads,650
C104471,2024-06-12,18,Female,West,Referral,90
C104472,2025-12-11,62,Male,East,Organic Search,180
C104473,2025-05-08,23,Female,Central,Organic Search,180
C104474,2024-11-02,69,Other,Central,Referral,90
C104475,2024-08-10,32,Female,South,Direct,60
C104476,2025-06-26,37,Male,North,Social Media,420
C104477,2025-08-26,26,Female,North,Organic Search,180
C104478,2024-09-22,60,Male,East,Organic Search,180
C104479,2023-02-10,56,Male,South,Organic Search,180
C104480,2023-05-11,22,Female,West,Direct,60
C104481,2023-07-05,23,Male,West,Paid Ads,650
C104482,2024-08-17,49,Female,East,Direct,60
C104483,2025-02-28,63,Male,North,Email Marketing,140
C104484,2025-10-30,23,Female,South,Paid Ads,650
C104485,2023-10-27,29,Female,South,Organic Search,180
C104486,2025-10-08,46,Other,West,Direct,60
C104487,2025-05-06,23,Male,West,Organic Search,180
C104488,2023-03-08,33,Male,East,Email Marketing,140
C104489,2024-03-27,18,Female,West,Paid Ads,650
C104490,2024-01-25,43,Female,East,Paid Ads,650
C104491,2026-02-14,55,Male,North,Paid Ads,650
C104492,2026-03-30,39,Male,North,Paid Ads,650
C104493,2025-11-19,31,Female,North,Referral,90
C104494,2024-11-10,40,Female,North,Social Media,420
C104495,2024-09-25,44,Female,South,Organic Search,180
C104496,2024-02-05,26,Female,West,Social Media,420
C104497,2025-09-20,23,Male,North,Paid Ads,650
C104498,2023-04-21,27,Male,North,Direct,60
C104499,2023-12-15,69,Female,North,Email Marketing,140
C104500,2023-06-23,55,Female,South,Social Media,420
C104501,2024-09-27,24,Male,North,Direct,60
C104502,2024-01-21,33,Female,North,Paid Ads,650
C104503,2023-09-11,39,Male,South,Organic Search,180
C104504,2024-04-29,27,Male,Central,Organic Search,180
C104505,2026-01-12,62,Female,South,Email Marketing,140
C104506,2024-12-18,66,Male,North,Paid Ads,650
C104507,2025-11-24,30,Male,East,Email Marketing,140
C104508,2026-03-21,18,Female,North,Paid Ads,650
C104509,2026-03-06,31,Male,East,Organic Search,180
C104510,2024-03-27,48,Male,South,Social Media,420
C104511,2026-02-02,60,Female,Central,Social Media,420
C104512,2026-03-15,35,Male,Central,Paid Ads,650
C104513,2026-05-19,32,Female,West,Email Marketing,140
C104514,2024-03-27,30,Male,North,Social Media,420
C104515,2023-10-21,18,Male,East,Paid Ads,650
C104516,2025-01-21,18,Female,South,Referral,90
C104517,2026-04-13,40,Male,West,Paid Ads,650
C104518,2026-03-04,50,Female,North,Email Marketing,140
C104519,2025-01-04,18,Female,West,Paid Ads,650
C104520,2023-07-11,28,Female,South,Social Media,420
C104521,2024-06-27,65,Male,East,Paid Ads,650
C104522,2025-07-07,69,Male,South,Organic Search,180
C104523,2024-12-21,51,Female,South,Social Media,420
C104524,2024-03-20,45,Male,West,Paid Ads,650
C104525,2024-03-16,48,Female,East,Social Media,420
C104526,2023-03-18,37,Female,South,Social Media,420
C104527,2024-01-07,28,Male,North,Organic Search,180
C104528,2025-05-10,37,Male,Central,Organic Search,180
C104529,2023-11-07,54,Female,East,Referral,90
C104530,2026-07-01,52,Female,East,Paid Ads,650
C104531,2023-04-17,53,Male,East,Paid Ads,650
C104532,2025-01-27,49,Female,East,Organic Search,180
C104533,2024-09-30,21,Female,East,Paid Ads,650
C104534,2025-12-07,50,Male,North,Social Media,420
C104535,2026-02-15,63,Male,East,Email Marketing,140
C104536,2024-11-29,51,Female,East,Social Media,420
C104537,2025-03-21,48,Female,North,Social Media,420
C104538,2025-06-17,29,Female,West,Paid Ads,650
C104539,2024-10-31,59,Male,North,Social Media,420
C104540,2023-08-26,41,Female,North,Referral,90
C104541,2024-07-05,31,Female,West,Organic Search,180
C104542,2023-11-07,43,Female,Central,Referral,90
C104543,2024-08-20,24,Male,South,Organic Search,180
C104544,2025-03-02,66,Male,West,Organic Search,180
C104545,2023-09-27,54,Female,North,Organic Search,180
C104546,2023-11-17,34,Male,West,Organic Search,180
C104547,2025-11-24,59,Male,East,Paid Ads,650
C104548,2024-04-30,20,Female,West,Organic Search,180
C104549,2023-09-13,38,Male,South,Organic Search,180
C104550,2025-07-06,51,Female,South,Organic Search,180
C104551,2025-07-10,19,Female,West,Organic Search,180
C104552,2025-11-28,54,Female,North,Paid Ads,650
C104553,2025-09-04,60,Male,North,Email Marketing,140
C104554,2026-06-29,48,Female,South,Social Media,420
C104555,2025-01-09,28,Female,East,Organic Search,180
C104556,2024-01-04,56,Female,North,Paid Ads,650
C104557,2026-01-14,35,Male,East,Paid Ads,650
C104558,2023-12-07,56,Male,South,Organic Search,180
C104559,2024-01-10,50,Female,East,Paid Ads,650
C104560,2025-12-01,22,Male,Central,Paid Ads,650
C104561,2026-02-07,23,Female,South,Paid Ads,650
C104562,2024-03-12,18,Male,East,Referral,90
C104563,2025-07-27,21,Male,East,Paid Ads,650
C104564,2026-04-01,33,Female,North,Organic Search,180
C104565,2025-10-24,19,Female,West,Organic Search,180
C104566,2023-01-07,66,Female,Central,Email Marketing,140
C104567,2025-05-04,65,Female,West,Referral,90
C104568,2023-08-07,26,Female,Central,Social Media,420
C104569,2025-12-24,34,Other,East,Email Marketing,140
C104570,2023-03-28,56,Male,East,Social Media,420
C104571,2026-07-01,52,Male,North,Organic Search,180
C104572,2023-08-17,48,Male,Central,Referral,90
C104573,2024-06-24,69,Female,East,Organic Search,180
C104574,2023-10-29,50,Male,South,Social Media,420
C104575,2025-11-12,52,Female,West,Paid Ads,650
C104576,2024-05-21,44,Male,East,Organic Search,180
C104577,2025-08-15,45,Female,Central,Organic Search,180
C104578,2023-03-28,33,Female,West,Paid Ads,650
C104579,2024-08-05,45,Female,Central,Social Media,420
C104580,2026-03-17,65,Female,East,Organic Search,180
C104581,2026-04-07,37,Male,East,Organic Search,180
C104582,2023-09-26,24,Female,West,Paid Ads,650
C104583,2024-05-22,49,Male,North,Email Marketing,140
C104584,2024-06-10,58,Female,North,Referral,90
C104585,2024-12-28,67,Male,Central,Referral,90
C104586,2024-11-22,46,Male,Central,Paid Ads,650
C104587,2023-05-17,58,Male,Central,Paid Ads,650
C104588,2025-09-07,31,Female,North,Organic Search,180
C104589,2023-10-18,40,Female,South,Organic Search,180
C104590,2024-02-10,39,Male,Central,Organic Search,180
C104591,2025-12-17,35,Male,North,Email Marketing,140
C104592,2025-06-05,55,Male,South,Paid Ads,650
C104593,2024-05-24,63,Other,South,Organic Search,180
C104594,2026-03-19,34,Female,Central,Social Media,420
C104595,2024-05-21,25,Male,East,Organic Search,180
C104596,2024-12-28,60,Female,South,Paid Ads,650
C104597,2023-11-13,62,Female,East,Social Media,420
C104598,2023-08-24,66,Female,North,Email Marketing,140
C104599,2024-09-24,31,Female,West,Referral,90
C104600,2024-12-25,55,Female,East,Email Marketing,140
C104601,2025-11-02,55,Female,East,Organic Search,180
C104602,2024-05-17,59,Male,South,Social Media,420
C104603,2026-02-25,59,Male,South,Email Marketing,140
C104604,2025-02-20,67,Male,North,Paid Ads,650
C104605,2023-04-01,42,Male,Central,Referral,90
C104606,2025-08-08,21,Male,South,Direct,60
C104607,2025-01-09,27,Female,East,Social Media,420
C104608,2024-05-15,64,Female,South,Organic Search,180
C104609,2024-08-23,61,Male,Central,Organic Search,180
C104610,2024-01-24,18,Male,West,Social Media,420
C104611,2025-02-28,37,Female,North,Email Marketing,140
C104612,2024-12-30,30,Female,East,Organic Search,180
C104613,2024-07-29,34,Male,East,Paid Ads,650
C104614,2024-01-02,51,Female,West,Organic Search,180
C104615,2024-05-27,44,Male,Central,Paid Ads,650
C104616,2024-10-02,43,Male,West,Referral,90
C104617,2024-08-29,40,Female,Central,Social Media,420
C104618,2024-02-02,51,Female,East,Social Media,420
C104619,2025-01-18,53,Male,South,Social Media,420
C104620,2023-10-19,20,Female,East,Social Media,420
C104621,2024-10-06,25,Female,West,Referral,90
C104622,2023-06-06,35,Male,North,Organic Search,180
C104623,2024-08-30,40,Female,East,Organic Search,180
C104624,2025-10-05,69,Male,North,Email Marketing,140
C104625,2025-11-17,64,Female,North,Paid Ads,650
C104626,2025-06-12,51,Male,Central,Paid Ads,650
C104627,2025-08-16,19,Male,North,Paid Ads,650
C104628,2023-03-26,23,Male,West,Social Media,420
C104629,2024-03-15,41,Female,South,Organic Search,180
C104630,2025-04-21,48,Male,West,Social Media,420
C104631,2025-10-26,52,Female,Central,Organic Search,180
C104632,2025-01-19,25,Male,West,Email Marketing,140
C104633,2026-01-02,64,Female,West,Social Media,420
C104634,2023-12-18,43,Female,South,Email Marketing,140
C104635,2023-07-17,48,Male,South,Referral,90
C104636,2023-04-22,20,Female,West,Email Marketing,140
C104637,2025-01-19,60,Female,West,Paid Ads,650
C104638,2025-05-05,46,Female,West,Organic Search,180
C104639,2024-01-02,29,Male,West,Email Marketing,140
C104640,2025-10-04,34,Female,North,Email Marketing,140
C104641,2025-08-08,36,Female,South,Email Marketing,140
C104642,2024-04-08,19,Male,Central,Direct,60
C104643,2023-11-04,66,Female,East,Social Media,420
C104644,2025-08-12,59,Male,West,Social Media,420
C104645,2025-05-13,64,Male,East,Referral,90
C104646,2023-08-08,36,Female,Central,Organic Search,180
C104647,2023-11-25,47,Other,Central,Referral,90
C104648,2024-09-16,41,Male,South,Email Marketing,140
C104649,2024-10-19,42,Male,Central,Social Media,420
C104650,2023-08-02,48,Male,South,Paid Ads,650
C104651,2026-05-04,41,Female,South,Social Media,420
C104652,2024-05-14,58,Male,Central,Email Marketing,140
C104653,2024-05-05,21,Male,South,Organic Search,180
C104654,2023-03-19,28,Male,South,Paid Ads,650
C104655,2026-01-31,64,Female,West,Social Media,420
C104656,2023-10-30,63,Male,Central,Email Marketing,140
C104657,2026-06-23,60,Female,North,Social Media,420
C104658,2024-09-29,37,Male,West,Social Media,420
C104659,2026-01-30,41,Male,East,Organic Search,180
C104660,2023-08-19,19,Male,South,Paid Ads,650
C104661,2023-08-02,32,Male,West,Email Marketing,140
C104662,2025-10-27,55,Female,East,Paid Ads,650
C104663,2025-11-20,35,Male,West,Paid Ads,650
C104664,2024-11-29,42,Male,West,Paid Ads,650
C104665,2023-02-11,24,Male,Central,Paid Ads,650
C104666,2026-04-28,43,Male,West,Paid Ads,650
C104667,2024-05-20,55,Male,North,Referral,90
C104668,2026-04-18,47,Male,West,Paid Ads,650
C104669,2026-01-24,46,Male,East,Social Media,420
C104670,2025-12-31,65,Female,North,Paid Ads,650
C104671,2025-06-04,30,Female,East,Email Marketing,140
C104672,2025-05-15,33,Female,West,Organic Search,180
C104673,2024-11-16,50,Male,North,Organic Search,180
C104674,2023-02-01,42,Other,South,Paid Ads,650
C104675,2024-05-13,68,Other,East,Direct,60
C104676,2025-07-28,21,Male,South,Referral,90
C104677,2025-11-10,24,Male,Central,Social Media,420
C104678,2024-12-20,35,Female,North,Paid Ads,650
C104679,2025-07-01,41,Other,West,Paid Ads,650
C104680,2023-01-28,64,Female,West,Direct,60
C104681,2024-08-25,43,Female,South,Paid Ads,650
C104682,2024-10-14,40,Female,East,Referral,90
C104683,2026-02-21,26,Other,North,Email Marketing,140
C104684,2024-02-05,40,Male,North,Social Media,420
C104685,2023-10-23,45,Male,East,Organic Search,180
C104686,2024-03-29,48,Female,North,Paid Ads,650
C104687,2023-08-08,49,Male,West,Organic Search,180
C104688,2024-12-19,40,Male,East,Direct,60
C104689,2025-04-06,26,Male,North,Email Marketing,140
C104690,2025-10-27,25,Male,South,Paid Ads,650
C104691,2026-06-03,26,Male,Central,Email Marketing,140
C104692,2023-04-05,50,Female,South,Organic Search,180
C104693,2023-11-14,62,Male,West,Organic Search,180
C104694,2024-01-22,63,Female,North,Organic Search,180
C104695,2023-11-18,34,Male,Central,Email Marketing,140
C104696,2025-11-29,22,Female,South,Organic Search,180
C104697,2023-06-29,50,Female,East,Organic Search,180
C104698,2023-02-08,19,Other,East,Organic Search,180
C104699,2026-01-11,50,Male,South,Paid Ads,650
C104700,2026-05-21,37,Male,West,Paid Ads,650
C104701,2023-10-19,61,Female,North,Organic Search,180
C104702,2024-03-04,50,Female,North,Email Marketing,140
C104703,2024-10-09,56,Male,North,Direct,60
C104704,2024-11-07,39,Female,East,Paid Ads,650
C104705,2026-06-28,61,Female,Central,Direct,60
C104706,2024-06-03,45,Male,North,Email Marketing,140
C104707,2023-01-16,50,Female,Central,Email Marketing,140
C104708,2024-06-27,36,Male,West,Organic Search,180
C104709,2024-12-16,41,Male,North,Email Marketing,140
C104710,2024-10-26,61,Female,North,Social Media,420
C104711,2024-10-20,38,Female,South,Organic Search,180
C104712,2026-04-01,19,Female,North,Referral,90
C104713,2025-11-04,37,Female,West,Organic Search,180
C104714,2023-11-20,38,Other,East,Referral,90
C104715,2024-04-01,39,Male,South,Social Media,420
C104716,2025-05-08,21,Male,West,Paid Ads,650
C104717,2024-06-11,24,Male,South,Organic Search,180
C104718,2024-07-04,34,Female,Central,Email Marketing,140
C104719,2023-08-04,40,Female,East,Organic Search,180
C104720,2023-11-24,19,Female,South,Email Marketing,140
C104721,2025-08-10,38,Male,East,Referral,90
C104722,2025-12-20,34,Male,South,Organic Search,180
C104723,2025-10-06,19,Female,Central,Social Media,420
C104724,2024-01-31,31,Female,South,Direct,60
C104725,2023-06-25,32,Male,Central,Direct,60
C104726,2023-07-25,25,Female,Central,Organic Search,180
C104727,2024-05-20,57,Female,East,Organic Search,180
C104728,2024-10-27,21,Female,West,Organic Search,180
C104729,2026-02-22,48,Male,East,Referral,90
C104730,2026-03-01,52,Female,North,Organic Search,180
C104731,2023-01-04,59,Male,Central,Organic Search,180
C104732,2025-06-28,46,Male,South,Paid Ads,650
C104733,2024-01-20,46,Female,Central,Direct,60
C104734,2023-09-12,57,Male,East,Paid Ads,650
C104735,2024-12-14,62,Male,North,Referral,90
C104736,2023-02-13,28,Male,South,Organic Search,180
C104737,2024-03-05,59,Male,North,Social Media,420
C104738,2024-12-11,42,Female,North,Social Media,420
C104739,2023-12-16,23,Male,West,Email Marketing,140
C104740,2025-02-02,49,Female,North,Referral,90
C104741,2024-08-14,68,Female,Central,Organic Search,180
C104742,2025-10-25,25,Male,South,Paid Ads,650
C104743,2023-08-22,18,Female,East,Organic Search,180
C104744,2023-03-15,65,Male,South,Organic Search,180
C104745,2024-11-12,49,Male,North,Direct,60
C104746,2023-11-27,29,Male,East,Paid Ads,650
C104747,2025-06-27,59,Male,South,Email Marketing,140
C104748,2023-04-30,38,Male,East,Organic Search,180
C104749,2025-01-09,35,Male,East,Email Marketing,140
C104750,2026-06-26,33,Female,North,Email Marketing,140
C104751,2023-04-30,49,Female,East,Social Media,420
C104752,2024-01-24,24,Female,South,Organic Search,180
C104753,2025-12-21,36,Female,North,Email Marketing,140
C104754,2024-11-17,33,Female,West,Email Marketing,140
C104755,2023-08-14,21,Male,North,Organic Search,180
C104756,2023-10-02,57,Female,South,Direct,60
C104757,2025-09-10,18,Male,East,Email Marketing,140
C104758,2026-01-12,67,Female,East,Organic Search,180
C104759,2024-04-08,22,Female,Central,Paid Ads,650
C104760,2024-09-01,36,Male,West,Paid Ads,650
C104761,2025-10-03,23,Female,West,Paid Ads,650
C104762,2023-08-16,37,Female,East,Email Marketing,140
C104763,2023-09-23,49,Female,South,Email Marketing,140
C104764,2025-09-22,22,Male,North,Organic Search,180
C104765,2023-08-29,45,Female,West,Social Media,420
C104766,2025-09-18,58,Female,South,Social Media,420
C104767,2024-10-01,41,Male,South,Paid Ads,650
C104768,2026-06-27,23,Female,East,Referral,90
C104769,2023-02-12,53,Male,West,Social Media,420
C104770,2026-05-01,27,Female,East,Organic Search,180
C104771,2023-10-17,18,Male,North,Paid Ads,650
C104772,2023-02-15,40,Male,Central,Email Marketing,140
C104773,2025-07-20,32,Male,North,Paid Ads,650
C104774,2024-11-15,19,Female,Central,Paid Ads,650
C104775,2025-12-12,58,Female,South,Direct,60
C104776,2023-05-20,49,Male,Central,Email Marketing,140
C104777,2023-04-14,65,Male,Central,Referral,90
C104778,2024-12-30,42,Female,South,Paid Ads,650
C104779,2026-02-08,40,Male,West,Social Media,420
C104780,2024-06-05,61,Male,North,Social Media,420
C104781,2025-10-22,22,Other,North,Paid Ads,650
C104782,2026-03-11,36,Male,South,Organic Search,180
C104783,2026-01-23,59,Female,East,Paid Ads,650
C104784,2024-10-16,33,Male,North,Social Media,420
C104785,2025-06-17,64,Female,East,Direct,60
C104786,2024-11-07,32,Female,Central,Referral,90
C104787,2025-05-16,39,Male,Central,Organic Search,180
C104788,2024-12-30,64,Female,North,Paid Ads,650
C104789,2024-11-06,30,Female,East,Social Media,420
C104790,2024-07-15,68,Female,North,Paid Ads,650
C104791,2025-04-19,20,Male,South,Organic Search,180
C104792,2025-08-23,31,Male,Central,Direct,60
C104793,2026-03-27,48,Female,Central,Email Marketing,140
C104794,2025-02-27,48,Male,South,Direct,60
C104795,2023-05-10,65,Male,North,Paid Ads,650
C104796,2025-01-25,67,Male,South,Email Marketing,140
C104797,2024-02-11,53,Female,South,Referral,90
C104798,2023-02-04,52,Male,North,Social Media,420
C104799,2023-04-04,34,Male,North,Organic Search,180
C104800,2025-01-30,59,Female,South,Organic Search,180
C104801,2026-04-30,51,Male,North,Organic Search,180
C104802,2024-10-12,19,Male,West,Email Marketing,140
C104803,2024-07-26,61,Male,West,Social Media,420
C104804,2023-04-25,36,Male,East,Direct,60
C104805,2025-05-18,42,Other,South,Social Media,420
C104806,2023-03-13,43,Male,West,Organic Search,180
C104807,2025-12-17,60,Female,North,Paid Ads,650
C104808,2025-11-15,31,Female,Central,Organic Search,180
C104809,2026-06-28,38,Male,North,Email Marketing,140
C104810,2024-01-01,20,Male,Central,Organic Search,180
C104811,2023-07-28,36,Female,North,Organic Search,180
C104812,2024-01-21,22,Male,West,Social Media,420
C104813,2025-10-25,48,Male,North,Email Marketing,140
C104814,2023-10-09,64,Female,West,Social Media,420
C104815,2026-02-15,42,Male,East,Organic Search,180
C104816,2023-07-18,65,Female,North,Referral,90
C104817,2023-03-04,68,Male,West,Organic Search,180
C104818,2023-10-10,20,Male,North,Social Media,420
C104819,2025-08-27,44,Female,East,Social Media,420
C104820,2025-02-13,45,Male,South,Organic Search,180
C104821,2024-04-01,38,Male,West,Paid Ads,650
C104822,2025-04-23,61,Male,Central,Organic Search,180
C104823,2025-04-14,38,Male,East,Paid Ads,650
C104824,2024-12-14,20,Female,West,Social Media,420
C104825,2024-10-23,46,Male,Central,Paid Ads,650
C104826,2023-05-11,28,Other,West,Organic Search,180
C104827,2023-12-01,36,Male,South,Social Media,420
C104828,2024-11-09,44,Male,East,Referral,90
C104829,2023-06-23,55,Male,North,Email Marketing,140
C104830,2024-09-03,32,Female,South,Email Marketing,140
C104831,2023-05-31,37,Female,South,Paid Ads,650
C104832,2025-10-09,21,Female,West,Paid Ads,650
C104833,2023-05-13,37,Male,East,Social Media,420
C104834,2023-04-30,48,Male,East,Referral,90
C104835,2025-03-31,50,Female,North,Paid Ads,650
C104836,2023-10-11,33,Male,North,Direct,60
C104837,2024-03-27,21,Female,West,Social Media,420
C104838,2024-02-09,48,Male,East,Paid Ads,650
C104839,2023-10-06,52,Male,Central,Referral,90
C104840,2025-09-06,22,Male,East,Organic Search,180
C104841,2025-06-08,44,Male,North,Direct,60
C104842,2023-11-04,22,Female,West,Paid Ads,650
C104843,2025-06-02,41,Female,West,Referral,90
C104844,2025-07-06,51,Female,North,Social Media,420
C104845,2024-11-24,55,Female,West,Organic Search,180
C104846,2025-01-13,55,Male,North,Referral,90
C104847,2026-04-17,57,Female,South,Paid Ads,650
C104848,2024-08-06,30,Male,North,Paid Ads,650
C104849,2024-05-10,62,Female,East,Organic Search,180
C104850,2024-11-24,36,Male,West,Email Marketing,140
C104851,2025-12-10,37,Female,North,Email Marketing,140
C104852,2025-07-01,58,Female,West,Organic Search,180
C104853,2023-04-07,35,Female,West,Email Marketing,140
C104854,2024-08-13,21,Female,South,Email Marketing,140
C104855,2025-08-09,55,Female,North,Organic Search,180
C104856,2023-10-15,52,Female,South,Direct,60
C104857,2026-06-25,48,Female,North,Organic Search,180
C104858,2025-11-05,25,Male,Central,Email Marketing,140
C104859,2025-12-24,50,Female,West,Social Media,420
C104860,2023-04-16,28,Male,North,Direct,60
C104861,2025-01-15,46,Female,East,Paid Ads,650
C104862,2024-11-09,44,Female,South,Paid Ads,650
C104863,2025-03-17,58,Male,North,Email Marketing,140
C104864,2025-12-29,68,Female,South,Referral,90
C104865,2024-03-30,27,Male,North,Social Media,420
C104866,2024-11-17,23,Female,North,Social Media,420
C104867,2025-05-23,46,Female,South,Referral,90
C104868,2025-08-26,67,Female,South,Organic Search,180
C104869,2025-09-17,26,Female,East,Organic Search,180
C104870,2024-03-09,43,Male,East,Organic Search,180
C104871,2026-07-07,39,Male,South,Organic Search,180
C104872,2023-01-13,34,Female,East,Email Marketing,140
C104873,2024-09-25,52,Male,South,Paid Ads,650
C104874,2025-02-21,33,Male,Central,Paid Ads,650
C104875,2023-03-20,43,Male,North,Organic Search,180
C104876,2024-08-03,61,Male,East,Email Marketing,140
C104877,2025-02-05,37,Other,North,Organic Search,180
C104878,2025-02-20,19,Male,South,Organic Search,180
C104879,2023-06-03,64,Male,East,Email Marketing,140
C104880,2023-12-23,32,Female,West,Organic Search,180
C104881,2023-11-11,58,Other,Central,Referral,90
C104882,2025-04-02,57,Male,East,Paid Ads,650
C104883,2024-02-27,45,Female,South,Referral,90
C104884,2025-01-04,22,Male,West,Organic Search,180
C104885,2025-07-29,67,Female,North,Paid Ads,650
C104886,2025-10-22,53,Male,East,Paid Ads,650
C104887,2023-08-25,40,Male,West,Social Media,420
C104888,2026-03-07,62,Male,South,Email Marketing,140
C104889,2023-08-02,58,Female,East,Organic Search,180
C104890,2023-01-29,57,Male,North,Social Media,420
C104891,2023-02-27,26,Male,North,Organic Search,180
C104892,2023-09-16,50,Female,Central,Referral,90
C104893,2026-01-27,32,Male,North,Direct,60
C104894,2023-09-25,22,Female,South,Organic Search,180
C104895,2025-06-10,35,Male,East,Organic Search,180
C104896,2024-06-22,23,Male,South,Referral,90
C104897,2023-02-21,23,Male,North,Email Marketing,140
C104898,2024-07-25,55,Male,North,Social Media,420
C104899,2023-02-06,44,Male,East,Paid Ads,650
C104900,2024-09-04,38,Female,South,Referral,90
C104901,2024-12-19,27,Female,West,Paid Ads,650
C104902,2024-11-01,58,Male,South,Direct,60
C104903,2023-12-30,50,Male,Central,Email Marketing,140
C104904,2025-09-12,48,Female,South,Email Marketing,140
C104905,2025-02-06,27,Male,South,Email Marketing,140
C104906,2023-11-24,24,Female,Central,Direct,60
C104907,2024-07-12,24,Female,West,Organic Search,180
C104908,2023-05-20,19,Male,South,Email Marketing,140
C104909,2026-04-02,68,Female,South,Organic Search,180
C104910,2025-08-26,37,Female,West,Paid Ads,650
C104911,2024-01-06,52,Female,North,Paid Ads,650
C104912,2025-05-17,69,Other,South,Organic Search,180
C104913,2025-05-23,66,Male,East,Paid Ads,650
C104914,2025-02-23,34,Female,West,Social Media,420
C104915,2023-03-11,43,Male,East,Organic Search,180
C104916,2026-02-03,42,Male,East,Paid Ads,650
C104917,2026-05-14,19,Other,Central,Paid Ads,650
C104918,2026-06-06,57,Male,North,Social Media,420
C104919,2026-06-15,47,Other,West,Social Media,420
C104920,2026-04-09,37,Female,North,Referral,90
C104921,2025-08-08,47,Female,West,Referral,90
C104922,2023-03-15,56,Other,East,Social Media,420
C104923,2024-08-21,18,Female,South,Organic Search,180
C104924,2023-11-12,51,Other,East,Social Media,420
C104925,2023-10-10,62,Female,Central,Paid Ads,650
C104926,2025-12-04,55,Female,East,Organic Search,180
C104927,2025-11-10,50,Female,North,Email Marketing,140
C104928,2024-11-02,22,Male,North,Organic Search,180
C104929,2025-08-04,56,Male,East,Direct,60
C104930,2023-06-16,57,Male,West,Organic Search,180
C104931,2023-10-13,43,Male,South,Referral,90
C104932,2026-01-11,48,Male,South,Paid Ads,650
C104933,2024-08-03,50,Female,West,Email Marketing,140
C104934,2024-12-03,24,Female,South,Email Marketing,140
C104935,2024-08-18,31,Female,North,Organic Search,180
C104936,2023-09-17,59,Female,South,Organic Search,180
C104937,2025-11-28,68,Other,East,Social Media,420
C104938,2025-09-02,32,Female,Central,Organic Search,180
C104939,2025-05-29,38,Female,East,Organic Search,180
C104940,2024-03-30,65,Male,North,Direct,60
C104941,2025-04-07,26,Female,West,Social Media,420
C104942,2026-05-10,31,Male,South,Organic Search,180
C104943,2025-04-15,20,Male,Central,Paid Ads,650
C104944,2024-09-27,30,Male,South,Organic Search,180
C104945,2023-12-14,51,Female,Central,Email Marketing,140
C104946,2024-11-03,36,Female,Central,Organic Search,180
C104947,2024-04-23,69,Male,Central,Paid Ads,650
C104948,2025-02-25,64,Female,North,Organic Search,180
C104949,2023-02-28,64,Male,West,Direct,60
C104950,2023-09-02,55,Male,West,Organic Search,180
C104951,2025-10-09,54,Male,South,Referral,90
C104952,2024-05-04,44,Male,East,Paid Ads,650
C104953,2024-07-10,69,Female,East,Email Marketing,140
C104954,2024-11-30,22,Male,Central,Organic Search,180
C104955,2024-07-17,55,Male,West,Email Marketing,140
C104956,2025-09-02,25,Male,South,Direct,60
C104957,2023-11-12,35,Female,East,Organic Search,180
C104958,2025-09-02,31,Other,North,Organic Search,180
C104959,2023-09-27,49,Female,South,Direct,60
C104960,2024-04-21,58,Female,West,Paid Ads,650
C104961,2025-01-25,22,Female,East,Email Marketing,140
C104962,2026-02-13,49,Male,West,Email Marketing,140
C104963,2023-10-27,29,Male,East,Paid Ads,650
C104964,2025-01-25,22,Female,South,Organic Search,180
C104965,2023-03-24,39,Male,West,Paid Ads,650
C104966,2023-04-07,48,Male,North,Social Media,420
C104967,2025-09-14,28,Male,Central,Paid Ads,650
C104968,2025-07-13,38,Male,Central,Referral,90
C104969,2024-04-29,67,Female,Central,Social Media,420
C104970,2025-03-12,36,Male,Central,Email Marketing,140
C104971,2024-05-03,69,Male,East,Organic Search,180
C104972,2023-12-23,61,Female,East,Paid Ads,650
C104973,2024-07-08,37,Female,West,Organic Search,180
C104974,2024-02-06,47,Male,South,Organic Search,180
C104975,2025-11-14,54,Male,West,Paid Ads,650
C104976,2024-06-13,42,Male,North,Email Marketing,140
C104977,2024-02-17,39,Male,Central,Paid Ads,650
C104978,2024-11-20,35,Male,East,Organic Search,180
C104979,2025-09-01,25,Male,West,Social Media,420
C104980,2023-12-18,19,Female,East,Referral,90
C104981,2026-04-23,35,Female,East,Paid Ads,650
C104982,2024-08-19,59,Female,Central,Paid Ads,650
C104983,2025-04-29,30,Female,South,Paid Ads,650
C104984,2026-05-16,27,Female,North,Organic Search,180
C104985,2024-07-09,35,Female,North,Paid Ads,650
C104986,2023-09-14,49,Female,East,Organic Search,180
C104987,2025-08-19,29,Female,East,Social Media,420
C104988,2023-01-09,29,Female,East,Email Marketing,140
C104989,2024-08-11,23,Female,North,Organic Search,180
C104990,2026-06-14,35,Female,North,Organic Search,180
C104991,2024-06-16,29,Male,Central,Email Marketing,140
C104992,2025-05-29,61,Male,West,Social Media,420
C104993,2024-11-06,65,Male,North,Referral,90
C104994,2023-10-04,37,Male,North,Email Marketing,140
C104995,2024-02-13,22,Male,North,Social Media,420
C104996,2024-11-04,22,Male,West,Referral,90
C104997,2023-05-15,34,Male,West,Paid Ads,650
C104998,2024-06-17,42,Other,East,Direct,60
C104999,2024-06-17,45,Male,East,Referral,90
C105000,2025-12-09,33,Male,Central,Organic Search,180
C105001,2023-06-09,36,Male,South,Social Media,420
C105002,2025-12-19,32,Male,South,Organic Search,180
C105003,2024-06-11,44,Female,South,Social Media,420
C105004,2025-04-17,54,Female,Central,Organic Search,180
C105005,2024-12-17,20,Male,East,Social Media,420
C105006,2024-01-21,42,Female,East,Paid Ads,650
C105007,2026-04-11,51,Male,West,Social Media,420
C105008,2023-10-16,52,Female,North,Social Media,420
C105009,2023-02-16,47,Female,South,Organic Search,180
C105010,2025-08-22,45,Female,East,Paid Ads,650
C105011,2025-03-10,53,Male,Central,Paid Ads,650
C105012,2026-02-19,37,Female,North,Social Media,420
C105013,2024-08-11,47,Female,South,Direct,60
C105014,2023-01-22,34,Female,Central,Paid Ads,650
C105015,2023-01-27,40,Male,West,Social Media,420
C105016,2024-07-11,24,Male,East,Direct,60
C105017,2023-11-17,36,Male,South,Referral,90
C105018,2026-03-31,25,Male,North,Paid Ads,650
C105019,2023-06-02,29,Female,South,Paid Ads,650
C105020,2026-02-06,39,Male,South,Email Marketing,140
C105021,2023-10-06,44,Male,West,Paid Ads,650
C105022,2023-06-03,66,Female,West,Organic Search,180
C105023,2023-12-20,19,Female,West,Social Media,420
C105024,2023-07-05,64,Other,North,Organic Search,180
C105025,2024-05-31,35,Female,South,Social Media,420
C105026,2024-02-29,55,Female,West,Direct,60
C105027,2024-11-11,53,Female,North,Direct,60
C105028,2024-11-21,68,Male,North,Social Media,420
C105029,2023-01-02,23,Male,South,Email Marketing,140
C105030,2023-06-10,68,Female,North,Email Marketing,140
C105031,2023-07-28,21,Male,North,Direct,60
C105032,2023-09-08,63,Male,South,Email Marketing,140
C105033,2023-05-01,51,Female,Central,Email Marketing,140
C105034,2024-02-09,43,Male,North,Organic Search,180
C105035,2024-12-07,38,Male,East,Organic Search,180
C105036,2024-02-02,22,Male,East,Organic Search,180
C105037,2024-02-28,59,Male,East,Social Media,420
C105038,2024-08-26,55,Female,East,Direct,60
C105039,2024-12-06,66,Male,North,Direct,60
C105040,2024-03-01,55,Female,North,Email Marketing,140
C105041,2023-10-13,67,Male,East,Email Marketing,140
C105042,2024-06-10,64,Female,Central,Social Media,420
C105043,2023-02-01,40,Male,South,Paid Ads,650
C105044,2024-09-25,54,Male,East,Social Media,420
C105045,2026-04-25,31,Female,Central,Organic Search,180
C105046,2024-05-26,59,Male,West,Referral,90
C105047,2023-05-20,49,Female,West,Social Media,420
C105048,2025-06-28,40,Male,East,Organic Search,180
C105049,2023-06-13,50,Male,Central,Social Media,420
C105050,2023-09-07,32,Male,East,Social Media,420
C105051,2023-07-08,50,Female,East,Referral,90
C105052,2026-02-10,42,Male,West,Email Marketing,140
C105053,2026-06-15,34,Male,South,Organic Search,180
C105054,2025-01-02,68,Female,Central,Email Marketing,140
C105055,2025-03-05,21,Male,Central,Organic Search,180
C105056,2025-04-10,57,Female,East,Paid Ads,650
C105057,2025-02-23,28,Other,North,Paid Ads,650
C105058,2024-11-30,29,Female,West,Email Marketing,140
C105059,2026-06-22,26,Male,South,Email Marketing,140
C105060,2025-07-31,23,Male,East,Organic Search,180
C105061,2023-04-24,24,Other,North,Referral,90
C105062,2024-05-19,61,Female,West,Email Marketing,140
C105063,2026-06-07,66,Male,Central,Direct,60
C105064,2024-06-03,48,Other,North,Organic Search,180
C105065,2023-09-20,18,Other,West,Organic Search,180
C105066,2026-01-21,62,Male,Central,Paid Ads,650
C105067,2025-03-12,49,Male,North,Email Marketing,140
C105068,2024-12-24,45,Female,South,Paid Ads,650
C105069,2024-06-24,67,Female,South,Social Media,420
C105070,2023-06-09,39,Female,West,Direct,60
C105071,2024-05-08,36,Male,East,Paid Ads,650
C105072,2024-07-16,58,Male,North,Social Media,420
C105073,2026-04-12,45,Male,South,Direct,60
C105074,2024-01-31,55,Male,East,Paid Ads,650
C105075,2023-07-11,54,Female,North,Organic Search,180
C105076,2024-07-03,61,Male,East,Paid Ads,650
C105077,2026-07-06,34,Male,North,Social Media,420
C105078,2024-09-12,21,Female,West,Organic Search,180
C105079,2024-05-02,42,Male,West,Organic Search,180
C105080,2025-05-07,51,Male,Central,Organic Search,180
C105081,2025-04-14,60,Female,North,Social Media,420
C105082,2024-01-20,31,Male,East,Email Marketing,140
C105083,2026-05-29,56,Female,West,Social Media,420
C105084,2025-02-01,61,Male,East,Referral,90
C105085,2023-03-16,60,Male,North,Direct,60
C105086,2024-06-08,60,Female,North,Referral,90
C105087,2026-04-01,69,Male,East,Social Media,420
C105088,2024-05-20,52,Female,East,Organic Search,180
C105089,2024-12-31,37,Male,Central,Paid Ads,650
C105090,2025-02-26,40,Female,West,Organic Search,180
C105091,2025-06-24,56,Male,West,Social Media,420
C105092,2026-01-26,30,Female,Central,Direct,60
C105093,2023-07-11,49,Female,West,Paid Ads,650
C105094,2024-10-26,47,Female,North,Organic Search,180
C105095,2024-11-16,52,Male,North,Email Marketing,140
C105096,2023-07-15,39,Female,West,Direct,60
C105097,2025-05-16,56,Female,South,Referral,90
C105098,2023-06-01,21,Male,Central,Organic Search,180
C105099,2024-08-09,56,Female,North,Social Media,420
C105100,2024-02-29,60,Male,North,Paid Ads,650
C105101,2023-07-19,64,Male,West,Social Media,420
C105102,2025-11-23,65,Female,West,Social Media,420
C105103,2023-11-10,36,Male,Central,Email Marketing,140
C105104,2023-11-25,20,Male,North,Organic Search,180
C105105,2026-01-03,51,Female,South,Direct,60
C105106,2026-02-02,22,Female,East,Organic Search,180
C105107,2023-02-14,32,Male,Central,Organic Search,180
C105108,2023-12-24,54,Male,North,Email Marketing,140
C105109,2025-06-30,48,Male,East,Paid Ads,650
C105110,2025-09-27,49,Female,North,Paid Ads,650
C105111,2026-07-09,57,Male,West,Paid Ads,650
C105112,2024-12-14,26,Female,North,Organic Search,180
C105113,2023-01-10,59,Female,Central,Organic Search,180
C105114,2026-01-28,48,Female,North,Referral,90
C105115,2023-07-27,39,Male,West,Organic Search,180
C105116,2023-06-05,42,Male,West,Direct,60
C105117,2025-05-16,44,Male,South,Referral,90
C105118,2025-02-15,46,Male,South,Email Marketing,140
C105119,2023-03-19,35,Male,East,Email Marketing,140
C105120,2023-08-06,29,Female,East,Referral,90
C105121,2025-01-28,26,Male,West,Paid Ads,650
C105122,2023-11-25,35,Male,East,Email Marketing,140
C105123,2025-05-29,31,Female,North,Paid Ads,650
C105124,2024-06-13,44,Other,Central,Organic Search,180
C105125,2025-01-26,65,Male,North,Social Media,420
C105126,2024-09-02,23,Female,East,Organic Search,180
C105127,2024-04-14,34,Female,Central,Social Media,420
C105128,2024-03-16,20,Male,Central,Direct,60
C105129,2025-06-15,68,Female,North,Social Media,420
C105130,2024-10-23,54,Male,North,Organic Search,180
C105131,2025-02-03,30,Male,East,Organic Search,180
C105132,2025-01-12,39,Male,South,Paid Ads,650
C105133,2023-09-25,55,Male,West,Organic Search,180
C105134,2026-03-20,67,Female,East,Social Media,420
C105135,2024-12-25,47,Female,South,Referral,90
C105136,2025-07-12,32,Male,South,Social Media,420
C105137,2026-02-08,54,Female,West,Social Media,420
C105138,2026-04-04,53,Male,West,Paid Ads,650
C105139,2025-05-07,51,Male,South,Organic Search,180
C105140,2025-10-09,20,Female,North,Social Media,420
C105141,2024-08-29,54,Male,South,Paid Ads,650
C105142,2025-08-06,19,Female,East,Paid Ads,650
C105143,2024-02-18,65,Male,West,Social Media,420
C105144,2025-07-04,63,Female,Central,Paid Ads,650
C105145,2023-04-21,47,Male,Central,Organic Search,180
C105146,2026-03-21,51,Male,East,Paid Ads,650
C105147,2023-11-11,21,Female,Central,Paid Ads,650
C105148,2025-04-24,63,Female,South,Referral,90
C105149,2023-01-15,32,Male,East,Organic Search,180
C105150,2023-07-20,31,Female,East,Email Marketing,140
C105151,2026-06-22,54,Male,West,Paid Ads,650
C105152,2025-12-07,66,Male,West,Organic Search,180
C105153,2023-10-14,43,Male,South,Organic Search,180
C105154,2023-06-18,44,Female,Central,Direct,60
C105155,2025-11-13,46,Female,Central,Social Media,420
C105156,2026-06-27,33,Female,Central,Referral,90
C105157,2023-08-05,49,Female,South,Email Marketing,140
C105158,2025-05-03,67,Male,Central,Paid Ads,650
C105159,2023-12-31,37,Male,West,Social Media,420
C105160,2025-08-15,58,Male,East,Social Media,420
C105161,2024-06-21,58,Female,South,Email Marketing,140
C105162,2023-06-11,62,Male,West,Paid Ads,650
C105163,2024-02-22,55,Female,West,Direct,60
C105164,2024-11-23,65,Female,East,Social Media,420
C105165,2025-10-23,55,Female,Central,Email Marketing,140
C105166,2023-01-28,68,Male,South,Organic Search,180
C105167,2026-05-16,55,Male,East,Paid Ads,650
C105168,2025-04-15,61,Female,South,Organic Search,180
C105169,2026-01-30,64,Female,South,Email Marketing,140
C105170,2026-04-11,69,Male,South,Organic Search,180
C105171,2023-07-17,48,Female,South,Referral,90
C105172,2023-05-01,54,Female,South,Organic Search,180
C105173,2025-09-25,68,Male,North,Organic Search,180
C105174,2023-08-30,37,Female,North,Paid Ads,650
C105175,2023-07-10,24,Male,West,Referral,90
C105176,2024-08-25,63,Other,South,Organic Search,180
C105177,2026-03-20,50,Male,North,Email Marketing,140
C105178,2025-10-20,40,Male,North,Referral,90
C105179,2024-10-27,55,Male,North,Direct,60
C105180,2023-09-10,19,Female,North,Social Media,420
C105181,2024-03-08,42,Other,Central,Social Media,420
C105182,2025-06-04,31,Male,East,Social Media,420
C105183,2023-07-21,32,Male,South,Organic Search,180
C105184,2024-11-05,68,Male,East,Social Media,420
C105185,2023-01-16,46,Male,North,Email Marketing,140
C105186,2024-02-23,25,Female,West,Organic Search,180
C105187,2023-11-15,36,Male,Central,Organic Search,180
C105188,2025-05-25,30,Other,North,Social Media,420
C105189,2026-03-21,65,Female,North,Email Marketing,140
C105190,2023-07-08,33,Male,East,Paid Ads,650
C105191,2025-10-22,36,Female,North,Email Marketing,140
C105192,2025-04-23,35,Other,North,Paid Ads,650
C105193,2026-06-01,27,Female,West,Paid Ads,650
C105194,2026-03-18,58,Female,East,Direct,60
C105195,2023-05-10,47,Male,North,Paid Ads,650
C105196,2025-08-13,40,Male,West,Social Media,420
C105197,2025-01-31,38,Female,North,Direct,60
C105198,2023-05-26,52,Male,South,Organic Search,180
C105199,2023-11-27,22,Female,West,Organic Search,180
C105200,2026-04-07,66,Female,East,Direct,60
C105201,2024-11-29,47,Male,East,Social Media,420
C105202,2024-03-11,29,Male,West,Direct,60
C105203,2024-02-17,45,Male,East,Email Marketing,140
C105204,2025-12-13,62,Female,Central,Social Media,420
C105205,2023-12-31,27,Male,East,Paid Ads,650
C105206,2023-07-24,45,Male,South,Paid Ads,650
C105207,2025-01-07,49,Female,West,Organic Search,180
C105208,2026-06-30,60,Female,South,Paid Ads,650
C105209,2023-08-24,47,Female,West,Email Marketing,140
C105210,2023-11-25,56,Female,South,Direct,60
C105211,2024-08-26,58,Male,East,Direct,60
C105212,2023-09-14,64,Other,West,Direct,60
C105213,2025-04-16,36,Female,East,Organic Search,180
C105214,2023-11-23,54,Male,North,Social Media,420
C105215,2023-06-14,30,Male,South,Organic Search,180
C105216,2023-12-02,61,Male,West,Social Media,420
C105217,2026-04-11,67,Female,Central,Direct,60
C105218,2026-04-17,33,Female,East,Email Marketing,140
C105219,2024-10-12,47,Female,North,Email Marketing,140
C105220,2024-05-29,60,Other,South,Paid Ads,650
C105221,2025-11-19,19,Female,East,Social Media,420
C105222,2023-09-07,54,Female,North,Paid Ads,650
C105223,2025-04-20,60,Female,Central,Social Media,420
C105224,2025-05-24,63,Female,East,Paid Ads,650
C105225,2025-07-02,28,Male,South,Email Marketing,140
C105226,2023-10-08,57,Female,South,Paid Ads,650
C105227,2025-07-09,58,Female,North,Referral,90
C105228,2025-02-26,18,Male,East,Email Marketing,140
C105229,2026-01-30,54,Female,East,Paid Ads,650
C105230,2023-08-13,50,Male,South,Social Media,420
C105231,2025-02-28,68,Male,East,Email Marketing,140
C105232,2025-12-02,20,Female,South,Direct,60
C105233,2023-12-24,68,Male,East,Organic Search,180
C105234,2025-08-14,47,Female,Central,Referral,90
C105235,2023-05-08,32,Female,South,Paid Ads,650
C105236,2025-07-12,38,Male,South,Paid Ads,650
C105237,2025-02-18,57,Male,Central,Organic Search,180
C105238,2023-09-05,69,Male,South,Social Media,420
C105239,2023-03-27,34,Male,South,Paid Ads,650
C105240,2025-08-16,69,Female,West,Social Media,420
C105241,2023-11-07,50,Male,East,Paid Ads,650
C105242,2024-10-01,27,Other,Central,Organic Search,180
C105243,2023-03-20,49,Male,East,Referral,90
C105244,2026-05-24,59,Male,East,Organic Search,180
C105245,2024-12-06,20,Female,North,Organic Search,180
C105246,2026-04-13,22,Female,North,Organic Search,180
C105247,2023-07-26,18,Female,East,Paid Ads,650
C105248,2023-09-22,47,Female,North,Paid Ads,650
C105249,2025-02-23,21,Female,South,Email Marketing,140
C105250,2025-02-16,66,Male,South,Social Media,420
C105251,2025-10-14,24,Male,North,Organic Search,180
C105252,2026-04-08,21,Other,East,Organic Search,180
C105253,2025-11-22,31,Male,East,Email Marketing,140
C105254,2023-06-30,57,Female,South,Organic Search,180
C105255,2024-02-03,65,Female,West,Organic Search,180
C105256,2026-03-21,31,Female,North,Organic Search,180
C105257,2024-12-06,44,Female,North,Referral,90
C105258,2026-01-19,58,Other,Central,Referral,90
C105259,2024-12-25,59,Male,Central,Paid Ads,650
C105260,2023-03-05,25,Female,South,Organic Search,180
C105261,2024-08-31,61,Female,South,Referral,90
C105262,2025-11-26,63,Male,Central,Organic Search,180
C105263,2025-04-22,56,Female,East,Paid Ads,650
C105264,2023-06-20,45,Male,North,Email Marketing,140
C105265,2023-09-28,38,Male,North,Organic Search,180
C105266,2026-01-03,64,Female,North,Paid Ads,650
C105267,2026-06-13,62,Female,West,Social Media,420
C105268,2025-08-26,44,Male,East,Social Media,420
C105269,2023-05-07,56,Female,South,Paid Ads,650
C105270,2025-03-07,38,Male,North,Paid Ads,650
C105271,2025-12-02,56,Male,North,Paid Ads,650
C105272,2025-04-03,22,Male,West,Paid Ads,650
C105273,2025-02-03,64,Female,Central,Paid Ads,650
C105274,2024-08-24,44,Male,East,Organic Search,180
C105275,2023-11-11,49,Male,West,Paid Ads,650
C105276,2023-12-28,27,Female,South,Paid Ads,650
C105277,2025-08-16,45,Male,East,Paid Ads,650
C105278,2023-03-31,18,Male,South,Social Media,420
C105279,2023-04-19,64,Male,North,Social Media,420
C105280,2024-05-25,56,Female,East,Direct,60
C105281,2025-09-22,41,Female,West,Social Media,420
C105282,2025-04-24,61,Female,North,Referral,90
C105283,2025-01-28,60,Male,East,Organic Search,180
C105284,2024-11-17,24,Male,Central,Referral,90
C105285,2023-05-23,20,Female,West,Social Media,420
C105286,2024-03-02,31,Male,East,Email Marketing,140
C105287,2023-04-13,18,Male,North,Direct,60
C105288,2025-09-01,47,Male,West,Organic Search,180
C105289,2025-08-23,45,Male,North,Direct,60
C105290,2023-11-28,45,Male,South,Social Media,420
C105291,2024-01-12,21,Female,North,Referral,90
C105292,2024-02-13,65,Female,South,Paid Ads,650
C105293,2026-02-17,68,Female,East,Paid Ads,650
C105294,2024-09-20,48,Male,West,Email Marketing,140
C105295,2025-09-07,18,Female,East,Organic Search,180
C105296,2024-07-31,38,Female,Central,Social Media,420
C105297,2025-06-16,55,Female,East,Organic Search,180
C105298,2024-11-10,56,Male,East,Organic Search,180
C105299,2023-12-25,30,Female,North,Referral,90
C105300,2026-01-31,60,Male,North,Referral,90
C105301,2025-06-30,68,Female,East,Email Marketing,140
C105302,2025-09-16,44,Female,West,Referral,90
C105303,2026-05-04,37,Female,North,Social Media,420
C105304,2023-11-16,45,Female,East,Direct,60
C105305,2023-04-28,19,Female,South,Social Media,420
C105306,2025-01-18,45,Female,South,Social Media,420
C105307,2024-02-24,19,Male,North,Email Marketing,140
C105308,2024-07-14,19,Male,North,Referral,90
C105309,2023-10-29,46,Female,South,Referral,90
C105310,2024-05-27,44,Other,Central,Social Media,420
C105311,2024-05-20,69,Female,West,Social Media,420
C105312,2024-03-26,44,Male,North,Social Media,420
C105313,2025-08-12,68,Female,North,Referral,90
C105314,2025-02-01,59,Male,East,Social Media,420
C105315,2024-09-01,35,Male,South,Organic Search,180
C105316,2023-05-25,66,Male,West,Organic Search,180
C105317,2025-01-03,43,Male,East,Paid Ads,650
C105318,2023-08-14,48,Female,Central,Organic Search,180
C105319,2024-02-09,23,Male,North,Paid Ads,650
C105320,2024-06-17,29,Male,Central,Organic Search,180
C105321,2023-07-01,45,Female,West,Organic Search,180
C105322,2024-05-15,32,Male,West,Email Marketing,140
C105323,2023-12-10,49,Male,Central,Social Media,420
C105324,2025-12-28,22,Male,East,Referral,90
C105325,2026-01-10,31,Male,North,Organic Search,180
C105326,2023-01-06,52,Female,East,Paid Ads,650
C105327,2025-02-13,49,Male,West,Organic Search,180
C105328,2025-04-03,69,Male,Central,Organic Search,180
C105329,2024-05-01,64,Male,East,Organic Search,180
C105330,2024-08-26,60,Male,West,Social Media,420
C105331,2025-10-12,18,Male,South,Organic Search,180
C105332,2024-05-01,49,Male,North,Referral,90
C105333,2023-03-24,29,Male,East,Social Media,420
C105334,2024-04-24,31,Male,South,Organic Search,180
C105335,2023-11-23,28,Female,North,Email Marketing,140
C105336,2024-05-07,41,Male,West,Social Media,420
C105337,2023-10-23,24,Male,East,Paid Ads,650
C105338,2023-07-12,45,Female,East,Social Media,420
C105339,2026-06-21,26,Male,North,Social Media,420
C105340,2023-06-15,44,Female,South,Social Media,420
C105341,2025-06-27,50,Male,West,Direct,60
C105342,2025-07-11,27,Male,Central,Paid Ads,650
C105343,2025-03-05,23,Female,North,Paid Ads,650
C105344,2026-03-18,59,Male,West,Email Marketing,140
C105345,2023-01-07,56,Male,West,Social Media,420
C105346,2024-01-23,31,Female,West,Direct,60
C105347,2023-08-26,64,Other,East,Referral,90
C105348,2025-01-11,29,Male,South,Social Media,420
C105349,2025-03-28,66,Female,West,Social Media,420
C105350,2026-02-28,23,Male,East,Paid Ads,650
C105351,2024-05-03,52,Female,North,Organic Search,180
C105352,2023-10-31,18,Male,South,Paid Ads,650
C105353,2026-04-03,28,Female,South,Paid Ads,650
C105354,2025-05-15,39,Male,East,Social Media,420
C105355,2025-09-10,22,Female,Central,Social Media,420
C105356,2024-07-26,41,Male,South,Direct,60
C105357,2024-07-29,30,Female,South,Organic Search,180
C105358,2024-05-15,23,Female,Central,Paid Ads,650
C105359,2025-08-21,68,Female,South,Paid Ads,650
C105360,2023-09-28,69,Other,North,Social Media,420
C105361,2026-06-08,68,Male,West,Organic Search,180
C105362,2023-08-15,26,Female,Central,Paid Ads,650
C105363,2024-08-15,37,Male,West,Social Media,420
C105364,2024-02-09,35,Female,South,Paid Ads,650
C105365,2025-04-06,34,Female,East,Social Media,420
C105366,2025-05-25,39,Male,West,Organic Search,180
C105367,2026-03-27,44,Male,Central,Paid Ads,650
C105368,2025-10-11,43,Female,North,Email Marketing,140
C105369,2023-11-16,33,Female,Central,Organic Search,180
C105370,2023-09-23,68,Female,East,Organic Search,180
C105371,2026-02-14,68,Female,North,Direct,60
C105372,2024-09-19,35,Male,North,Organic Search,180
C105373,2023-05-06,29,Female,North,Paid Ads,650
C105374,2025-11-26,45,Female,Central,Paid Ads,650
C105375,2025-04-13,37,Female,South,Social Media,420
C105376,2023-02-02,69,Female,West,Social Media,420
C105377,2025-10-03,40,Female,North,Social Media,420
C105378,2025-02-20,20,Female,West,Direct,60
C105379,2025-03-01,24,Female,East,Paid Ads,650
C105380,2026-01-17,21,Female,Central,Paid Ads,650
C105381,2024-09-29,37,Female,East,Direct,60
C105382,2024-08-16,34,Male,West,Organic Search,180
C105383,2025-03-04,62,Male,East,Direct,60
C105384,2023-09-12,64,Female,East,Direct,60
C105385,2023-07-15,25,Female,Central,Direct,60
C105386,2025-12-21,67,Female,East,Organic Search,180
C105387,2023-10-05,48,Female,Central,Social Media,420
C105388,2024-10-10,33,Male,North,Email Marketing,140
C105389,2023-12-14,39,Male,East,Paid Ads,650
C105390,2023-10-24,40,Female,Central,Social Media,420
C105391,2025-02-07,26,Female,Central,Organic Search,180
C105392,2025-10-28,63,Male,East,Organic Search,180
C105393,2024-07-22,18,Male,East,Email Marketing,140
C105394,2023-06-28,21,Male,West,Direct,60
C105395,2023-11-11,32,Male,South,Organic Search,180
C105396,2023-07-31,25,Female,Central,Organic Search,180
C105397,2026-02-09,21,Male,South,Social Media,420
C105398,2024-02-15,37,Male,North,Organic Search,180
C105399,2024-04-25,37,Female,West,Social Media,420
C105400,2023-04-02,24,Female,South,Referral,90
C105401,2024-07-27,60,Female,South,Paid Ads,650
C105402,2026-03-21,63,Male,South,Referral,90
C105403,2024-06-10,55,Male,Central,Organic Search,180
C105404,2025-04-17,45,Male,East,Paid Ads,650
C105405,2023-08-22,67,Female,Central,Email Marketing,140
C105406,2023-07-03,36,Male,South,Organic Search,180
C105407,2025-07-29,40,Female,South,Paid Ads,650
C105408,2023-03-26,18,Female,North,Social Media,420
C105409,2024-07-30,54,Female,South,Organic Search,180
C105410,2024-02-12,22,Male,North,Paid Ads,650
C105411,2023-01-21,52,Male,North,Email Marketing,140
C105412,2024-11-14,58,Female,South,Organic Search,180
C105413,2026-05-24,29,Male,West,Paid Ads,650
C105414,2023-03-30,49,Female,South,Organic Search,180
C105415,2025-11-15,33,Male,East,Referral,90
C105416,2024-11-24,38,Other,South,Paid Ads,650
C105417,2025-07-19,45,Female,East,Email Marketing,140
C105418,2023-05-05,30,Male,West,Organic Search,180
C105419,2026-01-22,59,Female,West,Referral,90
C105420,2023-01-15,38,Female,West,Email Marketing,140
C105421,2026-03-12,42,Female,North,Referral,90
C105422,2025-04-25,60,Male,South,Referral,90
C105423,2024-03-10,29,Male,West,Organic Search,180
C105424,2023-01-10,41,Female,Central,Paid Ads,650
C105425,2025-02-24,69,Male,East,Paid Ads,650
C105426,2023-04-23,38,Female,East,Organic Search,180
C105427,2025-02-21,24,Male,West,Paid Ads,650
C105428,2025-09-21,32,Female,Central,Referral,90
C105429,2023-12-10,67,Male,South,Paid Ads,650
C105430,2023-11-03,57,Female,North,Direct,60
C105431,2023-10-13,60,Male,West,Referral,90
C105432,2023-10-17,31,Male,West,Paid Ads,650
C105433,2023-05-27,61,Male,North,Paid Ads,650
C105434,2023-11-18,38,Female,South,Social Media,420
C105435,2025-04-27,59,Male,East,Paid Ads,650
C105436,2024-01-25,63,Female,West,Organic Search,180
C105437,2025-10-01,28,Male,West,Social Media,420
C105438,2025-11-19,66,Female,North,Social Media,420
C105439,2025-09-05,50,Female,North,Paid Ads,650
C105440,2024-11-24,56,Male,West,Paid Ads,650
C105441,2024-02-11,57,Male,North,Organic Search,180
C105442,2026-04-10,26,Male,East,Paid Ads,650
C105443,2023-09-21,56,Female,East,Organic Search,180
C105444,2024-08-20,29,Other,South,Referral,90
C105445,2024-08-06,32,Male,West,Social Media,420
C105446,2025-08-16,24,Female,North,Paid Ads,650
C105447,2024-12-04,27,Female,West,Direct,60
C105448,2025-10-25,68,Female,East,Social Media,420
C105449,2026-03-27,35,Female,East,Organic Search,180
C105450,2024-05-17,38,Other,Central,Email Marketing,140
C105451,2026-01-30,42,Female,North,Referral,90
C105452,2023-08-07,55,Female,West,Social Media,420
C105453,2026-03-24,47,Male,North,Organic Search,180
C105454,2023-08-17,45,Female,Central,Email Marketing,140
C105455,2025-12-29,61,Other,North,Organic Search,180
C105456,2024-05-16,43,Female,East,Paid Ads,650
C105457,2026-05-25,57,Male,North,Email Marketing,140
C105458,2023-06-16,65,Female,South,Email Marketing,140
C105459,2024-08-21,53,Male,North,Social Media,420
C105460,2026-03-05,19,Female,North,Organic Search,180
C105461,2023-03-03,31,Male,North,Paid Ads,650
C105462,2023-12-07,50,Female,North,Email Marketing,140
C105463,2023-04-18,42,Male,West,Referral,90
C105464,2024-02-18,32,Male,South,Email Marketing,140
C105465,2024-05-16,35,Male,North,Organic Search,180
C105466,2025-03-06,22,Male,Central,Direct,60
C105467,2023-11-28,30,Male,West,Organic Search,180
C105468,2023-07-24,58,Female,South,Paid Ads,650
C105469,2023-08-07,18,Female,South,Email Marketing,140
C105470,2026-04-21,61,Female,East,Paid Ads,650
C105471,2026-05-10,35,Female,East,Social Media,420
C105472,2023-10-12,60,Male,Central,Social Media,420
C105473,2023-09-09,31,Female,East,Email Marketing,140
C105474,2023-03-11,61,Female,Central,Organic Search,180
C105475,2026-05-18,47,Male,West,Organic Search,180
C105476,2025-06-27,62,Female,Central,Social Media,420
C105477,2025-09-05,21,Female,East,Email Marketing,140
C105478,2024-01-09,59,Female,West,Direct,60
C105479,2025-04-04,32,Female,West,Paid Ads,650
C105480,2023-03-18,36,Male,West,Referral,90
C105481,2025-05-19,20,Female,North,Paid Ads,650
C105482,2025-01-15,67,Male,North,Paid Ads,650
C105483,2024-03-02,51,Female,North,Organic Search,180
C105484,2025-07-02,69,Male,South,Organic Search,180
C105485,2025-04-11,47,Female,Central,Organic Search,180
C105486,2024-07-18,26,Female,West,Organic Search,180
C105487,2023-08-29,35,Male,North,Paid Ads,650
C105488,2023-01-31,40,Male,South,Email Marketing,140
C105489,2026-04-20,25,Male,South,Organic Search,180
C105490,2023-12-28,66,Female,West,Email Marketing,140
C105491,2024-01-24,67,Female,Central,Email Marketing,140
C105492,2025-05-25,47,Male,North,Paid Ads,650
C105493,2023-11-25,48,Female,South,Referral,90
C105494,2024-04-28,54,Female,Central,Paid Ads,650
C105495,2025-07-03,53,Male,East,Organic Search,180
C105496,2025-02-04,21,Female,Central,Referral,90
C105497,2025-04-24,45,Male,South,Social Media,420
C105498,2023-01-07,58,Male,North,Paid Ads,650
C105499,2024-08-03,59,Male,West,Email Marketing,140
C105500,2024-09-03,48,Male,North,Referral,90
C105501,2025-03-24,64,Female,West,Paid Ads,650
C105502,2023-07-14,48,Female,West,Organic Search,180
C105503,2023-07-25,37,Male,South,Email Marketing,140
C105504,2025-09-07,41,Female,East,Direct,60
C105505,2025-05-15,53,Male,West,Social Media,420
C105506,2025-11-09,64,Male,Central,Referral,90
C105507,2023-12-15,29,Female,South,Social Media,420
C105508,2026-07-06,33,Female,West,Organic Search,180
C105509,2023-12-17,51,Female,North,Email Marketing,140
C105510,2025-04-17,57,Male,Central,Referral,90
C105511,2023-07-28,38,Male,West,Social Media,420
C105512,2026-03-27,51,Male,North,Referral,90
C105513,2024-03-03,18,Female,West,Social Media,420
C105514,2025-10-28,33,Male,West,Organic Search,180
C105515,2024-03-01,67,Female,West,Social Media,420
C105516,2025-10-14,47,Male,South,Organic Search,180
C105517,2024-08-07,63,Female,West,Organic Search,180
C105518,2023-03-22,29,Male,West,Organic Search,180
C105519,2023-09-02,33,Female,South,Paid Ads,650
C105520,2025-05-28,68,Female,North,Email Marketing,140
C105521,2023-09-06,69,Other,Central,Organic Search,180
C105522,2023-12-21,63,Female,East,Paid Ads,650
C105523,2024-11-27,34,Female,East,Referral,90
C105524,2023-11-22,59,Male,Central,Email Marketing,140
C105525,2023-06-15,41,Female,North,Referral,90
C105526,2025-03-13,61,Female,West,Direct,60
C105527,2025-06-04,62,Female,East,Referral,90
C105528,2025-07-31,40,Female,North,Referral,90
C105529,2026-04-28,33,Male,Central,Paid Ads,650
C105530,2023-06-10,68,Female,West,Paid Ads,650
C105531,2024-07-02,41,Male,North,Paid Ads,650
C105532,2023-10-28,40,Male,Central,Referral,90
C105533,2026-03-04,52,Male,Central,Social Media,420
C105534,2024-11-25,66,Female,West,Referral,90
C105535,2023-05-07,24,Male,North,Social Media,420
C105536,2025-06-09,69,Female,North,Referral,90
C105537,2023-02-25,39,Female,West,Organic Search,180
C105538,2023-12-19,19,Female,Central,Paid Ads,650
C105539,2025-07-16,34,Male,North,Social Media,420
C105540,2024-10-12,42,Female,East,Organic Search,180
C105541,2025-09-05,53,Male,North,Email Marketing,140
C105542,2025-01-04,47,Male,East,Organic Search,180
C105543,2025-12-20,25,Male,East,Organic Search,180
C105544,2024-12-24,43,Male,North,Social Media,420
C105545,2023-03-15,30,Female,East,Organic Search,180
C105546,2023-04-02,32,Male,East,Social Media,420
C105547,2025-09-26,54,Female,South,Organic Search,180
C105548,2023-02-19,59,Male,Central,Organic Search,180
C105549,2024-04-29,26,Other,North,Referral,90
C105550,2023-01-21,49,Female,North,Paid Ads,650
C105551,2024-01-26,39,Male,East,Social Media,420
C105552,2025-02-04,35,Female,East,Organic Search,180
C105553,2023-08-11,55,Male,South,Social Media,420
C105554,2024-08-22,30,Female,Central,Paid Ads,650
C105555,2026-07-04,57,Female,South,Organic Search,180
C105556,2023-04-01,38,Female,South,Referral,90
C105557,2023-03-23,22,Male,West,Social Media,420
C105558,2023-12-15,59,Other,Central,Direct,60
C105559,2025-11-29,62,Female,East,Email Marketing,140
C105560,2024-06-05,47,Female,North,Social Media,420
C105561,2025-04-02,55,Male,South,Organic Search,180
C105562,2023-02-13,25,Male,North,Referral,90
C105563,2025-08-03,35,Female,East,Social Media,420
C105564,2023-03-28,36,Female,West,Email Marketing,140
C105565,2025-07-04,57,Female,South,Social Media,420
C105566,2023-07-10,36,Female,East,Organic Search,180
C105567,2026-01-08,55,Female,West,Email Marketing,140
C105568,2024-01-16,33,Female,South,Referral,90
C105569,2023-08-25,49,Female,North,Organic Search,180
C105570,2024-03-09,28,Male,West,Referral,90
C105571,2023-01-02,47,Female,North,Social Media,420
C105572,2023-08-01,22,Male,North,Social Media,420
C105573,2025-02-08,56,Female,North,Email Marketing,140
C105574,2024-01-22,19,Female,East,Organic Search,180
C105575,2024-03-31,69,Female,East,Organic Search,180
C105576,2025-11-04,61,Male,East,Organic Search,180
C105577,2023-06-09,48,Female,South,Email Marketing,140
C105578,2024-05-24,65,Male,East,Organic Search,180
C105579,2023-08-28,60,Male,North,Social Media,420
C105580,2024-09-12,25,Female,West,Referral,90
C105581,2024-03-02,56,Female,Central,Email Marketing,140
C105582,2023-03-01,37,Male,East,Organic Search,180
C105583,2023-04-01,62,Female,South,Organic Search,180
C105584,2026-01-01,62,Male,West,Direct,60
C105585,2023-03-15,67,Female,North,Social Media,420
C105586,2025-10-03,41,Female,South,Organic Search,180
C105587,2026-03-24,28,Female,Central,Organic Search,180
C105588,2024-08-22,24,Female,North,Email Marketing,140
C105589,2024-02-06,26,Other,North,Email Marketing,140
C105590,2025-09-25,69,Female,East,Social Media,420
C105591,2026-06-17,48,Male,East,Paid Ads,650
C105592,2023-06-04,36,Male,East,Referral,90
C105593,2026-05-25,41,Female,North,Organic Search,180
C105594,2026-04-28,26,Male,West,Email Marketing,140
C105595,2023-07-03,47,Female,South,Organic Search,180
C105596,2023-03-12,40,Male,Central,Organic Search,180
C105597,2025-07-08,59,Female,North,Paid Ads,650
C105598,2023-04-10,19,Female,North,Organic Search,180
C105599,2025-02-11,66,Female,East,Paid Ads,650
C105600,2023-03-25,21,Female,North,Referral,90
C105601,2025-06-07,39,Male,East,Paid Ads,650
C105602,2023-10-25,35,Female,North,Social Media,420
C105603,2023-05-04,55,Male,South,Organic Search,180
C105604,2023-03-27,52,Female,North,Paid Ads,650
C105605,2023-08-31,28,Female,South,Social Media,420
C105606,2024-11-26,43,Male,North,Social Media,420
C105607,2023-04-09,45,Male,South,Organic Search,180
C105608,2025-10-28,42,Male,North,Email Marketing,140
C105609,2025-02-15,19,Male,West,Organic Search,180
C105610,2024-01-18,27,Female,West,Organic Search,180
C105611,2026-06-22,44,Male,North,Organic Search,180
C105612,2025-04-26,31,Female,North,Social Media,420
C105613,2025-05-14,46,Other,North,Organic Search,180
C105614,2023-08-12,26,Female,North,Organic Search,180
C105615,2025-07-03,56,Female,East,Paid Ads,650
C105616,2024-12-20,27,Male,South,Paid Ads,650
C105617,2026-06-20,51,Female,Central,Organic Search,180
C105618,2024-09-06,61,Female,West,Social Media,420
C105619,2025-05-21,36,Other,North,Social Media,420
C105620,2024-03-14,25,Male,North,Organic Search,180
C105621,2023-02-21,18,Male,North,Organic Search,180
C105622,2023-06-14,36,Other,North,Paid Ads,650
C105623,2026-01-19,24,Female,East,Direct,60
C105624,2025-08-07,63,Male,North,Referral,90
C105625,2024-04-13,68,Female,North,Paid Ads,650
C105626,2025-06-16,68,Male,North,Direct,60
C105627,2023-01-06,65,Female,West,Paid Ads,650
C105628,2023-02-17,48,Male,North,Paid Ads,650
C105629,2024-10-14,34,Male,Central,Direct,60
C105630,2025-03-14,41,Male,South,Referral,90
C105631,2026-04-20,31,Male,South,Social Media,420
C105632,2025-09-03,61,Male,East,Social Media,420
C105633,2023-11-27,40,Male,East,Direct,60
C105634,2025-11-14,38,Male,South,Organic Search,180
C105635,2024-09-24,53,Female,East,Paid Ads,650
C105636,2025-11-28,37,Female,South,Paid Ads,650
C105637,2023-08-12,36,Female,South,Direct,60
C105638,2023-02-03,29,Male,North,Organic Search,180
C105639,2023-03-16,21,Male,West,Organic Search,180
C105640,2026-06-28,19,Female,East,Paid Ads,650
C105641,2023-04-14,38,Female,West,Organic Search,180
C105642,2026-04-23,69,Other,Central,Referral,90
C105643,2025-07-23,31,Female,East,Paid Ads,650
C105644,2023-07-07,51,Female,Central,Email Marketing,140
C105645,2026-01-16,34,Female,South,Referral,90
C105646,2023-07-05,33,Male,East,Paid Ads,650
C105647,2023-07-04,26,Female,East,Email Marketing,140
C105648,2025-01-10,47,Female,North,Organic Search,180
C105649,2024-01-06,52,Female,North,Social Media,420
C105650,2024-01-09,36,Male,East,Social Media,420
C105651,2023-09-08,45,Male,North,Organic Search,180
C105652,2025-02-20,42,Male,North,Organic Search,180
C105653,2023-02-04,32,Male,West,Social Media,420
C105654,2023-11-12,53,Female,East,Social Media,420
C105655,2024-12-12,46,Female,North,Social Media,420
C105656,2024-09-17,21,Male,North,Organic Search,180
C105657,2025-06-19,43,Female,Central,Organic Search,180
C105658,2023-10-06,38,Male,Central,Direct,60
C105659,2025-04-13,59,Female,East,Organic Search,180
C105660,2025-09-04,33,Male,North,Direct,60
C105661,2024-05-14,67,Female,South,Referral,90
C105662,2023-11-27,49,Female,South,Social Media,420
C105663,2024-12-14,24,Female,West,Paid Ads,650
C105664,2025-01-14,38,Female,East,Email Marketing,140
C105665,2023-05-02,63,Male,West,Email Marketing,140
C105666,2024-12-27,31,Female,South,Referral,90
C105667,2023-07-18,54,Male,Central,Referral,90
C105668,2025-01-01,58,Female,South,Paid Ads,650
C105669,2026-04-13,54,Female,South,Organic Search,180
C105670,2024-11-21,22,Female,East,Direct,60
C105671,2025-09-06,37,Female,East,Organic Search,180
C105672,2024-02-03,36,Male,Central,Paid Ads,650
C105673,2026-04-01,35,Female,South,Paid Ads,650
C105674,2025-11-11,63,Male,Central,Referral,90
C105675,2026-03-24,18,Female,South,Referral,90
C105676,2025-08-11,46,Female,South,Social Media,420
C105677,2025-04-15,69,Female,South,Organic Search,180
C105678,2024-11-06,63,Female,North,Organic Search,180
C105679,2026-04-08,49,Female,West,Organic Search,180
C105680,2025-12-26,69,Male,North,Direct,60
C105681,2024-06-19,38,Other,South,Organic Search,180
C105682,2023-04-21,49,Female,South,Direct,60
C105683,2023-01-05,46,Male,West,Organic Search,180
C105684,2023-10-28,20,Male,Central,Email Marketing,140
C105685,2023-03-22,20,Male,West,Social Media,420
C105686,2023-09-29,64,Female,South,Email Marketing,140
C105687,2023-05-21,27,Female,South,Social Media,420
C105688,2026-06-15,36,Female,South,Referral,90
C105689,2023-05-03,50,Male,Central,Referral,90
C105690,2025-03-17,47,Male,North,Organic Search,180
C105691,2024-03-28,44,Female,Central,Direct,60
C105692,2023-08-13,68,Male,West,Social Media,420
C105693,2025-06-20,58,Male,West,Organic Search,180
C105694,2026-06-02,66,Male,West,Paid Ads,650
C105695,2025-10-13,52,Male,South,Social Media,420
C105696,2026-06-08,68,Male,South,Email Marketing,140
C105697,2025-01-29,49,Female,South,Referral,90
C105698,2025-05-16,46,Male,North,Paid Ads,650
C105699,2023-07-08,60,Male,West,Referral,90
C105700,2026-01-01,63,Female,East,Organic Search,180
C105701,2025-08-19,21,Other,Central,Paid Ads,650
C105702,2023-11-23,65,Female,Central,Email Marketing,140
C105703,2024-04-01,53,Female,North,Organic Search,180
C105704,2025-02-24,64,Female,North,Paid Ads,650
C105705,2023-01-17,55,Female,South,Organic Search,180
C105706,2025-11-17,66,Female,North,Organic Search,180
C105707,2023-12-27,32,Female,West,Organic Search,180
C105708,2023-04-07,27,Female,West,Organic Search,180
C105709,2024-03-01,28,Male,West,Paid Ads,650
C105710,2025-12-10,31,Male,East,Email Marketing,140
C105711,2023-12-19,29,Male,West,Organic Search,180
C105712,2024-11-24,40,Male,East,Email Marketing,140
C105713,2025-11-10,28,Male,Central,Social Media,420
C105714,2023-02-13,26,Female,West,Organic Search,180
C105715,2025-09-04,45,Female,West,Paid Ads,650
C105716,2024-01-07,59,Male,North,Organic Search,180
C105717,2025-06-13,25,Male,West,Referral,90
C105718,2023-08-30,44,Male,South,Referral,90
C105719,2023-06-28,52,Female,South,Paid Ads,650
C105720,2025-10-10,54,Male,East,Organic Search,180
C105721,2025-11-04,23,Male,South,Organic Search,180
C105722,2026-06-15,56,Male,North,Social Media,420
C105723,2025-05-20,19,Female,North,Organic Search,180
C105724,2024-08-22,30,Male,West,Social Media,420
C105725,2023-09-08,34,Female,East,Social Media,420
C105726,2024-01-15,62,Female,Central,Referral,90
C105727,2025-04-13,27,Female,West,Organic Search,180
C105728,2024-03-21,58,Female,South,Paid Ads,650
C105729,2024-09-13,69,Male,West,Paid Ads,650
C105730,2023-08-05,67,Male,East,Email Marketing,140
C105731,2024-07-19,33,Female,South,Paid Ads,650
C105732,2023-11-03,22,Male,Central,Paid Ads,650
C105733,2023-05-25,29,Female,Central,Organic Search,180
C105734,2023-06-19,57,Female,North,Referral,90
C105735,2024-10-28,28,Male,West,Social Media,420
C105736,2024-04-16,51,Male,North,Referral,90
C105737,2023-05-09,37,Female,Central,Social Media,420
C105738,2024-10-23,57,Other,East,Email Marketing,140
C105739,2023-07-31,49,Female,North,Email Marketing,140
C105740,2023-01-20,48,Male,West,Paid Ads,650
C105741,2023-06-20,58,Female,East,Organic Search,180
C105742,2024-07-30,67,Male,North,Direct,60
C105743,2026-05-11,36,Male,West,Referral,90
C105744,2023-11-07,45,Female,West,Direct,60
C105745,2024-01-02,50,Other,East,Paid Ads,650
C105746,2023-11-09,60,Male,West,Direct,60
C105747,2024-04-01,43,Female,North,Organic Search,180
C105748,2025-07-11,37,Male,South,Social Media,420
C105749,2024-02-19,62,Male,West,Paid Ads,650
C105750,2025-04-25,67,Male,North,Organic Search,180
C105751,2026-03-01,47,Female,South,Organic Search,180
C105752,2026-05-01,23,Male,Central,Organic Search,180
C105753,2024-12-24,33,Female,West,Organic Search,180
C105754,2025-07-06,42,Male,East,Direct,60
C105755,2026-03-28,54,Female,East,Direct,60
C105756,2025-10-08,52,Male,Central,Email Marketing,140
C105757,2024-01-21,60,Male,Central,Direct,60
C105758,2023-06-19,19,Female,North,Email Marketing,140
C105759,2023-05-28,42,Female,East,Direct,60
C105760,2026-02-08,54,Female,North,Organic Search,180
C105761,2024-12-16,69,Male,North,Organic Search,180
C105762,2024-01-17,25,Female,South,Email Marketing,140
C105763,2024-03-20,63,Female,East,Paid Ads,650
C105764,2023-12-29,18,Male,West,Referral,90
C105765,2025-10-28,28,Female,Central,Social Media,420
C105766,2025-02-26,62,Female,South,Paid Ads,650
C105767,2026-02-04,58,Female,South,Paid Ads,650
C105768,2024-01-24,68,Female,North,Referral,90
C105769,2024-08-30,49,Female,North,Social Media,420
C105770,2023-06-06,50,Female,North,Paid Ads,650
C105771,2026-06-03,45,Female,Central,Social Media,420
C105772,2024-10-20,44,Other,North,Paid Ads,650
C105773,2024-12-12,44,Male,West,Paid Ads,650
C105774,2024-06-15,33,Female,South,Social Media,420
C105775,2023-12-15,62,Female,East,Paid Ads,650
C105776,2026-05-04,36,Male,Central,Direct,60
C105777,2024-09-20,49,Female,Central,Paid Ads,650
C105778,2025-05-17,52,Female,South,Direct,60
C105779,2023-02-17,45,Female,Central,Email Marketing,140
C105780,2023-12-21,49,Female,South,Email Marketing,140
C105781,2025-10-30,20,Male,West,Referral,90
C105782,2023-04-23,34,Female,North,Social Media,420
C105783,2023-05-11,41,Female,East,Social Media,420
C105784,2025-11-07,38,Female,West,Social Media,420
C105785,2024-02-02,65,Male,West,Organic Search,180
C105786,2023-12-19,64,Male,West,Organic Search,180
C105787,2024-12-27,55,Female,South,Organic Search,180
C105788,2023-09-08,36,Male,Central,Referral,90
C105789,2023-02-25,20,Male,South,Organic Search,180
C105790,2023-01-06,57,Female,North,Social Media,420
C105791,2023-04-13,63,Female,North,Organic Search,180
C105792,2023-07-23,43,Female,North,Organic Search,180
C105793,2025-06-14,60,Female,North,Social Media,420
C105794,2024-01-19,66,Female,West,Email Marketing,140
C105795,2023-04-03,46,Female,North,Paid Ads,650
C105796,2023-01-19,28,Female,East,Email Marketing,140
C105797,2024-09-05,19,Female,North,Organic Search,180
C105798,2025-12-16,57,Female,West,Paid Ads,650
C105799,2024-03-11,47,Male,South,Organic Search,180
C105800,2023-03-24,25,Male,South,Paid Ads,650
C105801,2023-10-21,20,Female,East,Organic Search,180
C105802,2024-10-04,68,Female,Central,Organic Search,180
C105803,2023-08-31,34,Female,Central,Referral,90
C105804,2026-06-12,35,Female,South,Social Media,420
C105805,2025-09-08,50,Female,Central,Organic Search,180
C105806,2024-03-19,36,Male,East,Email Marketing,140
C105807,2026-05-08,65,Female,Central,Referral,90
C105808,2024-02-22,53,Female,North,Paid Ads,650
C105809,2023-06-30,36,Male,North,Paid Ads,650
C105810,2026-04-21,31,Female,North,Paid Ads,650
C105811,2026-05-19,62,Female,West,Email Marketing,140
C105812,2024-02-07,48,Female,North,Paid Ads,650
C105813,2025-02-03,65,Male,North,Organic Search,180
C105814,2023-08-11,35,Male,East,Organic Search,180
C105815,2025-04-05,19,Female,Central,Paid Ads,650
C105816,2025-06-06,64,Female,East,Paid Ads,650
C105817,2025-07-01,30,Female,West,Social Media,420
C105818,2025-01-01,61,Male,North,Direct,60
C105819,2025-06-24,54,Female,Central,Organic Search,180
C105820,2024-12-14,30,Male,North,Paid Ads,650
C105821,2025-11-20,57,Male,South,Organic Search,180
C105822,2023-08-19,22,Male,South,Paid Ads,650
C105823,2024-09-13,38,Female,North,Social Media,420
C105824,2024-06-19,36,Female,West,Direct,60
C105825,2024-11-16,52,Male,West,Referral,90
C105826,2023-07-02,45,Female,North,Organic Search,180
C105827,2024-02-21,49,Female,North,Email Marketing,140
C105828,2026-05-12,42,Female,North,Email Marketing,140
C105829,2023-05-16,56,Female,North,Organic Search,180
C105830,2025-03-28,26,Female,Central,Direct,60
C105831,2025-05-04,55,Male,East,Referral,90
C105832,2024-09-02,20,Male,North,Referral,90
C105833,2023-02-13,22,Female,North,Paid Ads,650
C105834,2023-02-14,55,Female,West,Organic Search,180
C105835,2023-12-21,26,Female,West,Referral,90
C105836,2023-05-12,58,Female,Central,Paid Ads,650
C105837,2023-05-02,24,Female,North,Direct,60
C105838,2023-07-25,25,Female,East,Organic Search,180
C105839,2023-09-03,66,Female,North,Paid Ads,650
C105840,2025-12-14,27,Male,West,Referral,90
C105841,2025-04-01,65,Female,South,Social Media,420
C105842,2023-02-09,36,Other,West,Paid Ads,650
C105843,2025-03-19,59,Male,North,Referral,90
C105844,2023-06-25,66,Male,West,Referral,90
C105845,2024-06-25,24,Female,North,Social Media,420
C105846,2023-02-18,35,Female,West,Paid Ads,650
C105847,2023-04-26,47,Male,North,Social Media,420
C105848,2023-06-20,63,Male,West,Social Media,420
C105849,2024-07-11,27,Male,North,Referral,90
C105850,2024-08-18,27,Male,West,Social Media,420
C105851,2024-03-29,37,Female,West,Paid Ads,650
C105852,2025-03-08,28,Female,South,Organic Search,180
C105853,2025-07-15,31,Female,South,Organic Search,180
C105854,2025-07-26,24,Male,South,Paid Ads,650
C105855,2025-01-14,61,Male,South,Social Media,420
C105856,2024-12-02,59,Male,East,Referral,90
C105857,2024-09-24,25,Female,North,Direct,60
C105858,2023-11-02,45,Female,North,Social Media,420
C105859,2024-09-18,51,Male,South,Referral,90
C105860,2023-01-13,50,Other,South,Social Media,420
C105861,2026-05-27,69,Male,North,Paid Ads,650
C105862,2024-04-20,51,Male,West,Social Media,420
C105863,2025-08-30,53,Female,North,Paid Ads,650
C105864,2026-05-15,19,Male,Central,Paid Ads,650
C105865,2024-10-01,22,Female,West,Email Marketing,140
C105866,2026-01-13,50,Male,South,Social Media,420
C105867,2024-09-08,65,Female,Central,Organic Search,180
C105868,2023-06-20,38,Male,East,Social Media,420
C105869,2023-02-04,51,Male,East,Direct,60
C105870,2023-06-24,28,Male,South,Organic Search,180
C105871,2026-04-27,41,Female,West,Direct,60
C105872,2024-09-02,57,Female,North,Direct,60
C105873,2024-02-15,52,Female,East,Social Media,420
C105874,2024-07-27,23,Male,North,Paid Ads,650
C105875,2023-11-26,63,Male,South,Organic Search,180
C105876,2026-01-24,66,Male,East,Organic Search,180
C105877,2026-07-09,42,Female,North,Paid Ads,650
C105878,2023-04-20,35,Male,North,Referral,90
C105879,2025-07-13,45,Male,West,Direct,60
C105880,2024-03-07,59,Female,South,Organic Search,180
C105881,2023-03-02,41,Female,North,Paid Ads,650
C105882,2026-03-31,19,Male,South,Social Media,420
C105883,2023-03-21,21,Male,Central,Paid Ads,650
C105884,2023-09-22,60,Male,West,Social Media,420
C105885,2023-02-02,58,Female,East,Direct,60
C105886,2024-08-29,58,Male,West,Paid Ads,650
C105887,2025-02-10,24,Female,West,Organic Search,180
C105888,2024-02-17,26,Male,West,Social Media,420
C105889,2023-04-03,38,Female,East,Organic Search,180
C105890,2023-05-30,30,Female,Central,Direct,60
C105891,2026-04-15,38,Male,East,Direct,60
C105892,2025-11-02,47,Male,South,Organic Search,180
C105893,2026-04-19,32,Male,North,Social Media,420
C105894,2024-11-13,24,Female,North,Referral,90
C105895,2024-12-03,38,Female,East,Paid Ads,650
C105896,2025-10-07,55,Female,Central,Paid Ads,650
C105897,2025-03-03,50,Male,West,Direct,60
C105898,2024-07-15,34,Male,West,Organic Search,180
C105899,2024-01-11,34,Female,West,Social Media,420
C105900,2024-09-16,48,Female,Central,Organic Search,180
C105901,2023-03-24,26,Female,West,Paid Ads,650
C105902,2023-09-05,61,Female,South,Email Marketing,140
C105903,2025-08-06,63,Female,East,Referral,90
C105904,2026-01-21,19,Female,South,Social Media,420
C105905,2023-05-11,68,Female,North,Organic Search,180
C105906,2023-05-05,19,Female,North,Email Marketing,140
C105907,2023-04-21,41,Female,South,Paid Ads,650
C105908,2025-10-14,52,Other,North,Social Media,420
C105909,2024-02-05,35,Male,North,Organic Search,180
C105910,2024-02-25,28,Female,Central,Social Media,420
C105911,2023-01-17,20,Female,South,Social Media,420
C105912,2026-06-04,55,Male,West,Paid Ads,650
C105913,2024-07-12,19,Female,North,Social Media,420
C105914,2025-10-22,43,Male,Central,Paid Ads,650
C105915,2025-06-29,38,Male,West,Referral,90
C105916,2023-07-02,68,Male,Central,Social Media,420
C105917,2025-10-27,66,Female,East,Email Marketing,140
C105918,2024-12-08,60,Female,East,Organic Search,180
C105919,2025-02-16,55,Female,South,Organic Search,180
C105920,2023-09-15,46,Male,South,Organic Search,180
C105921,2025-12-25,36,Female,West,Organic Search,180
C105922,2026-04-13,26,Male,North,Social Media,420
C105923,2024-06-06,68,Male,North,Organic Search,180
C105924,2023-04-29,38,Male,Central,Organic Search,180
C105925,2025-12-27,40,Female,North,Paid Ads,650
C105926,2026-02-15,25,Male,West,Social Media,420
C105927,2024-10-13,32,Female,North,Referral,90
C105928,2025-01-14,50,Female,South,Paid Ads,650
C105929,2023-10-14,40,Male,South,Direct,60
C105930,2023-03-28,48,Female,East,Organic Search,180
C105931,2026-04-29,29,Male,West,Social Media,420
C105932,2024-09-13,22,Male,Central,Organic Search,180
C105933,2023-12-20,64,Male,North,Email Marketing,140
C105934,2025-06-10,40,Female,South,Organic Search,180
C105935,2023-02-03,36,Female,West,Direct,60
C105936,2023-04-13,32,Female,North,Referral,90
C105937,2023-11-09,52,Female,North,Social Media,420
C105938,2024-08-02,47,Male,East,Social Media,420
C105939,2024-04-16,38,Female,West,Paid Ads,650
C105940,2023-08-29,66,Female,South,Organic Search,180
C105941,2024-03-27,64,Male,North,Email Marketing,140
C105942,2024-03-05,28,Other,Central,Referral,90
C105943,2024-11-05,51,Male,Central,Organic Search,180
C105944,2024-12-24,68,Male,East,Organic Search,180
C105945,2026-02-09,43,Male,West,Paid Ads,650
C105946,2025-11-03,19,Male,Central,Referral,90
C105947,2024-01-11,24,Female,East,Social Media,420
C105948,2026-03-06,52,Female,West,Social Media,420
C105949,2024-10-31,64,Female,East,Organic Search,180
C105950,2023-08-30,24,Male,North,Direct,60
C105951,2024-03-13,46,Female,West,Organic Search,180
C105952,2025-08-11,43,Female,West,Paid Ads,650
C105953,2025-11-22,32,Female,South,Direct,60
C105954,2024-04-26,50,Female,East,Referral,90
C105955,2023-07-22,63,Female,West,Social Media,420
C105956,2023-09-04,30,Female,South,Email Marketing,140
C105957,2023-05-14,20,Female,West,Organic Search,180
C105958,2025-06-17,36,Male,North,Organic Search,180
C105959,2024-10-08,34,Male,East,Organic Search,180
C105960,2024-08-03,55,Female,Central,Organic Search,180
C105961,2025-05-14,45,Male,Central,Referral,90
C105962,2025-12-01,18,Male,Central,Social Media,420
C105963,2025-10-20,35,Other,West,Paid Ads,650
C105964,2023-06-26,56,Male,East,Referral,90
C105965,2025-01-28,42,Male,West,Paid Ads,650
C105966,2026-02-08,47,Female,South,Organic Search,180
C105967,2025-09-22,31,Male,East,Paid Ads,650
C105968,2024-02-28,34,Male,East,Referral,90
C105969,2024-05-20,24,Male,East,Paid Ads,650
C105970,2026-02-18,22,Male,South,Direct,60
C105971,2023-02-12,19,Male,South,Email Marketing,140
C105972,2024-11-06,50,Female,South,Referral,90
C105973,2023-05-30,26,Male,North,Referral,90
C105974,2026-02-24,47,Male,South,Social Media,420
C105975,2023-02-19,67,Female,North,Email Marketing,140
C105976,2023-01-31,54,Male,Central,Social Media,420
C105977,2024-02-28,47,Male,North,Paid Ads,650
C105978,2023-09-15,24,Male,West,Organic Search,180
C105979,2024-09-29,43,Male,South,Email Marketing,140
C105980,2024-01-21,64,Male,Central,Paid Ads,650
C105981,2024-04-03,37,Male,West,Referral,90
C105982,2024-12-27,60,Female,Central,Direct,60
C105983,2024-12-21,54,Other,Central,Paid Ads,650
C105984,2026-04-17,31,Female,West,Paid Ads,650
C105985,2024-09-10,25,Male,North,Organic Search,180
C105986,2024-12-26,18,Female,East,Paid Ads,650
C105987,2025-05-21,32,Female,South,Social Media,420
C105988,2023-08-13,35,Male,Central,Paid Ads,650
C105989,2025-05-07,52,Female,Central,Paid Ads,650
C105990,2026-01-13,47,Female,South,Social Media,420
C105991,2024-02-14,42,Male,West,Organic Search,180
C105992,2023-08-18,55,Other,South,Organic Search,180
C105993,2024-03-21,58,Male,West,Organic Search,180
C105994,2023-12-20,55,Male,East,Email Marketing,140
C105995,2025-01-22,64,Male,East,Organic Search,180
C105996,2026-01-15,36,Male,Central,Organic Search,180
C105997,2025-02-06,60,Other,South,Paid Ads,650
C105998,2023-06-11,39,Female,West,Referral,90
C105999,2024-02-09,27,Male,West,Referral,90
C106000,2025-06-05,25,Female,South,Paid Ads,650
C106001,2024-02-29,22,Female,South,Social Media,420
C106002,2025-01-24,67,Female,North,Referral,90
C106003,2025-06-11,26,Female,East,Email Marketing,140
C106004,2024-02-28,61,Female,Central,Social Media,420
C106005,2025-04-12,58,Female,North,Referral,90
C106006,2024-05-26,40,Male,North,Organic Search,180
C106007,2023-06-23,65,Female,East,Paid Ads,650
C106008,2024-04-23,65,Male,South,Email Marketing,140
C106009,2024-07-21,66,Male,South,Organic Search,180
C106010,2023-01-04,43,Male,East,Paid Ads,650
C106011,2026-02-22,33,Male,South,Social Media,420
C106012,2024-11-09,20,Female,West,Email Marketing,140
C106013,2023-02-16,61,Female,South,Organic Search,180
C106014,2026-01-21,63,Female,East,Email Marketing,140
C106015,2026-01-04,45,Female,South,Organic Search,180
C106016,2023-01-16,21,Male,South,Email Marketing,140
C106017,2023-07-29,60,Female,East,Email Marketing,140
C106018,2024-04-12,33,Male,West,Referral,90
C106019,2024-10-14,46,Male,Central,Direct,60
C106020,2025-07-22,52,Female,North,Direct,60
C106021,2024-06-29,25,Female,East,Direct,60
C106022,2025-02-25,21,Male,East,Social Media,420
C106023,2023-01-14,22,Male,North,Paid Ads,650
C106024,2025-04-26,67,Male,West,Organic Search,180
C106025,2026-03-23,67,Female,South,Organic Search,180
C106026,2024-11-07,40,Male,Central,Social Media,420
C106027,2024-08-08,40,Male,East,Organic Search,180
C106028,2024-01-18,39,Female,North,Direct,60
C106029,2026-05-12,36,Female,West,Organic Search,180
C106030,2023-02-12,46,Male,North,Organic Search,180
C106031,2024-01-04,36,Female,West,Organic Search,180
C106032,2023-06-28,50,Male,West,Organic Search,180
C106033,2026-01-19,37,Male,East,Organic Search,180
C106034,2024-09-12,50,Female,South,Social Media,420
C106035,2026-04-01,67,Male,South,Paid Ads,650
C106036,2025-05-05,28,Male,East,Email Marketing,140
C106037,2024-12-17,21,Female,West,Paid Ads,650
C106038,2024-10-27,45,Female,East,Referral,90
C106039,2023-09-18,24,Female,South,Referral,90
C106040,2024-12-23,30,Female,West,Organic Search,180
C106041,2025-05-31,59,Male,West,Organic Search,180
C106042,2026-05-26,39,Female,West,Email Marketing,140
C106043,2024-12-06,46,Male,South,Referral,90
C106044,2026-04-22,58,Female,East,Organic Search,180
C106045,2026-04-29,24,Male,South,Social Media,420
C106046,2024-11-03,42,Male,West,Paid Ads,650
C106047,2024-07-18,19,Male,West,Organic Search,180
C106048,2023-07-03,43,Female,Central,Organic Search,180
C106049,2023-12-12,29,Male,North,Referral,90
C106050,2026-02-04,65,Female,West,Paid Ads,650
C106051,2023-06-27,31,Female,Central,Social Media,420
C106052,2024-05-25,28,Female,North,Organic Search,180
C106053,2025-06-17,18,Male,North,Organic Search,180
C106054,2023-11-06,24,Male,North,Organic Search,180
C106055,2026-06-06,29,Female,East,Paid Ads,650
C106056,2025-04-15,29,Female,South,Email Marketing,140
C106057,2023-02-06,56,Male,North,Referral,90
C106058,2023-11-14,64,Female,East,Organic Search,180
C106059,2025-08-10,62,Male,West,Organic Search,180
C106060,2026-01-15,67,Male,Central,Organic Search,180
C106061,2026-04-07,64,Male,West,Email Marketing,140
C106062,2025-12-30,41,Male,Central,Social Media,420
C106063,2023-04-07,38,Male,East,Email Marketing,140
C106064,2025-07-27,51,Female,West,Paid Ads,650
C106065,2023-05-22,34,Male,South,Social Media,420
C106066,2023-04-09,49,Female,Central,Social Media,420
C106067,2025-06-08,69,Female,Central,Social Media,420
C106068,2024-09-06,28,Female,West,Paid Ads,650
C106069,2025-04-13,58,Male,South,Organic Search,180
C106070,2025-12-31,66,Female,South,Paid Ads,650
C106071,2023-03-30,45,Male,South,Direct,60
C106072,2024-11-09,36,Female,North,Organic Search,180
C106073,2025-12-09,31,Male,North,Referral,90
C106074,2024-07-20,26,Female,South,Direct,60
C106075,2024-11-04,34,Male,North,Social Media,420
C106076,2024-10-02,56,Female,Central,Paid Ads,650
C106077,2026-03-12,44,Male,East,Organic Search,180
C106078,2023-03-06,29,Male,West,Referral,90
C106079,2026-02-03,46,Female,South,Email Marketing,140
C106080,2025-11-15,60,Male,North,Direct,60
C106081,2025-11-10,18,Female,South,Organic Search,180
C106082,2024-06-14,19,Female,Central,Direct,60
C106083,2024-10-25,67,Female,North,Paid Ads,650
C106084,2024-04-19,56,Female,West,Social Media,420
C106085,2023-11-20,47,Female,North,Organic Search,180
C106086,2026-01-30,65,Female,South,Organic Search,180
C106087,2024-10-12,48,Male,North,Social Media,420
C106088,2025-07-19,45,Female,East,Paid Ads,650
C106089,2023-05-10,28,Female,North,Direct,60
C106090,2025-10-11,60,Male,Central,Organic Search,180
C106091,2025-04-27,57,Male,North,Email Marketing,140
C106092,2026-07-06,33,Male,South,Paid Ads,650
C106093,2023-06-22,56,Female,North,Organic Search,180
C106094,2024-11-25,55,Male,Central,Organic Search,180
C106095,2024-10-19,22,Female,East,Referral,90
C106096,2024-11-23,26,Female,East,Email Marketing,140
C106097,2023-03-11,48,Female,East,Organic Search,180
C106098,2024-08-31,50,Male,Central,Paid Ads,650
C106099,2024-01-21,52,Female,North,Paid Ads,650
C106100,2025-03-04,37,Female,West,Social Media,420
C106101,2023-10-26,61,Male,West,Social Media,420
C106102,2024-07-13,41,Male,North,Email Marketing,140
C106103,2025-03-08,28,Male,North,Organic Search,180
C106104,2023-03-24,23,Female,East,Organic Search,180
C106105,2025-10-08,63,Male,North,Organic Search,180
C106106,2025-07-09,54,Male,South,Direct,60
C106107,2023-03-15,41,Male,South,Social Media,420
C106108,2023-03-25,28,Male,North,Organic Search,180
C106109,2025-12-29,23,Male,West,Referral,90
C106110,2023-12-31,25,Female,East,Social Media,420
C106111,2026-01-11,23,Male,East,Paid Ads,650
C106112,2024-10-04,45,Female,East,Organic Search,180
C106113,2024-03-16,28,Male,South,Referral,90
C106114,2023-12-18,24,Male,East,Referral,90
C106115,2025-04-27,32,Female,Central,Organic Search,180
C106116,2023-05-22,54,Female,South,Organic Search,180
C106117,2024-06-01,43,Female,East,Organic Search,180
C106118,2024-03-20,25,Male,West,Social Media,420
C106119,2023-07-18,56,Female,East,Paid Ads,650
C106120,2024-03-29,43,Female,North,Paid Ads,650
C106121,2024-11-10,27,Male,North,Paid Ads,650
C106122,2025-05-21,53,Female,East,Direct,60
C106123,2023-04-22,69,Male,West,Paid Ads,650
C106124,2026-01-26,46,Male,West,Paid Ads,650
C106125,2026-02-03,26,Female,West,Paid Ads,650
C106126,2025-06-08,34,Female,North,Referral,90
C106127,2026-04-03,49,Female,West,Email Marketing,140
C106128,2024-07-04,69,Female,East,Direct,60
C106129,2025-11-22,66,Male,Central,Paid Ads,650
C106130,2025-07-24,66,Female,West,Paid Ads,650
C106131,2024-12-24,61,Other,South,Paid Ads,650
C106132,2023-08-19,47,Male,West,Referral,90
C106133,2024-12-18,51,Female,East,Social Media,420
C106134,2026-03-05,56,Female,South,Paid Ads,650
C106135,2026-06-20,55,Male,East,Social Media,420
C106136,2024-07-30,51,Female,North,Organic Search,180
C106137,2023-11-15,24,Female,North,Referral,90
C106138,2025-08-19,63,Female,West,Organic Search,180
C106139,2023-04-08,18,Female,South,Paid Ads,650
C106140,2023-07-14,40,Female,West,Organic Search,180
C106141,2024-12-23,40,Female,East,Organic Search,180
C106142,2026-06-27,69,Male,West,Organic Search,180
C106143,2024-02-27,22,Female,West,Referral,90
C106144,2024-07-24,42,Female,West,Referral,90
C106145,2024-02-19,36,Female,South,Social Media,420
C106146,2024-07-20,23,Other,Central,Paid Ads,650
C106147,2023-01-10,29,Female,South,Email Marketing,140
C106148,2025-02-03,39,Female,West,Email Marketing,140
C106149,2025-02-05,65,Female,East,Social Media,420
C106150,2024-02-10,38,Female,North,Social Media,420
C106151,2023-12-06,63,Female,East,Referral,90
C106152,2025-09-06,56,Male,East,Referral,90
C106153,2023-08-30,60,Male,South,Organic Search,180
C106154,2023-03-02,62,Female,South,Social Media,420
C106155,2023-02-21,55,Male,North,Organic Search,180
C106156,2026-02-07,56,Male,Central,Email Marketing,140
C106157,2024-04-13,26,Male,East,Social Media,420
C106158,2023-05-11,55,Female,North,Direct,60
C106159,2026-02-04,20,Other,West,Organic Search,180
C106160,2023-07-11,56,Female,East,Social Media,420
C106161,2024-03-08,52,Female,West,Referral,90
C106162,2023-01-27,57,Female,East,Email Marketing,140
C106163,2025-05-23,51,Male,North,Email Marketing,140
C106164,2025-06-18,37,Male,North,Organic Search,180
C106165,2025-08-30,37,Male,West,Direct,60
C106166,2023-12-05,48,Male,West,Direct,60
C106167,2024-02-26,42,Female,West,Direct,60
C106168,2026-04-21,35,Male,North,Social Media,420
C106169,2025-11-22,43,Female,West,Email Marketing,140
C106170,2023-02-17,45,Female,South,Organic Search,180
C106171,2025-06-08,30,Male,West,Organic Search,180
C106172,2025-11-11,51,Other,South,Organic Search,180
C106173,2024-12-20,34,Female,West,Social Media,420
C106174,2025-04-02,31,Female,Central,Direct,60
C106175,2023-01-02,39,Female,South,Social Media,420
C106176,2023-02-08,23,Other,West,Paid Ads,650
C106177,2023-02-15,49,Female,East,Referral,90
C106178,2023-07-24,56,Female,South,Social Media,420
C106179,2026-06-28,67,Male,South,Paid Ads,650
C106180,2025-03-26,32,Female,West,Social Media,420
C106181,2025-10-03,46,Female,South,Social Media,420
C106182,2024-01-16,44,Male,North,Social Media,420
C106183,2026-04-20,56,Male,Central,Email Marketing,140
C106184,2023-09-13,50,Male,East,Paid Ads,650
C106185,2026-03-06,59,Male,West,Paid Ads,650
C106186,2023-02-09,62,Male,East,Social Media,420
C106187,2023-01-27,23,Male,East,Email Marketing,140
C106188,2023-04-12,36,Female,West,Paid Ads,650
C106189,2025-10-15,51,Female,North,Email Marketing,140
C106190,2023-11-28,46,Female,South,Social Media,420
C106191,2024-08-03,43,Male,East,Organic Search,180
C106192,2024-08-29,27,Female,Central,Paid Ads,650
C106193,2025-10-12,47,Male,South,Organic Search,180
C106194,2024-03-24,56,Male,Central,Organic Search,180
C106195,2023-01-09,19,Female,West,Organic Search,180
C106196,2024-05-12,48,Female,East,Referral,90
C106197,2024-01-06,65,Other,South,Social Media,420
C106198,2025-07-28,47,Female,North,Social Media,420
C106199,2025-08-24,67,Female,East,Paid Ads,650
C106200,2023-04-29,36,Female,North,Paid Ads,650
C106201,2025-10-16,18,Female,South,Email Marketing,140
C106202,2023-04-01,53,Male,North,Direct,60
C106203,2025-03-07,29,Male,Central,Referral,90
C106204,2024-05-15,18,Other,South,Paid Ads,650
C106205,2024-01-23,27,Other,East,Email Marketing,140
C106206,2024-09-13,66,Male,South,Email Marketing,140
C106207,2024-02-04,58,Male,North,Organic Search,180
C106208,2025-10-17,32,Male,South,Paid Ads,650
C106209,2026-05-28,49,Female,West,Paid Ads,650
C106210,2025-11-15,35,Male,East,Referral,90
C106211,2024-07-18,27,Female,South,Social Media,420
C106212,2024-10-09,69,Male,West,Organic Search,180
C106213,2024-07-29,60,Male,North,Organic Search,180
C106214,2025-10-17,36,Male,West,Paid Ads,650
C106215,2024-12-11,36,Female,North,Social Media,420
C106216,2024-08-25,60,Male,Central,Social Media,420
C106217,2024-06-10,41,Female,Central,Organic Search,180
C106218,2024-04-27,37,Female,West,Social Media,420
C106219,2024-12-11,38,Female,North,Direct,60
C106220,2025-06-05,41,Male,East,Organic Search,180
C106221,2024-07-09,45,Female,West,Social Media,420
C106222,2025-11-03,20,Male,East,Paid Ads,650
C106223,2025-11-29,42,Female,South,Organic Search,180
C106224,2024-07-05,40,Male,East,Email Marketing,140
C106225,2026-03-15,32,Female,North,Direct,60
C106226,2023-08-11,36,Other,East,Paid Ads,650
C106227,2026-04-13,40,Female,North,Paid Ads,650
C106228,2024-01-14,37,Female,East,Organic Search,180
C106229,2024-12-26,65,Male,South,Social Media,420
C106230,2023-12-31,45,Female,North,Organic Search,180
C106231,2024-07-22,44,Male,North,Paid Ads,650
C106232,2024-03-13,31,Male,Central,Organic Search,180
C106233,2025-06-25,65,Female,East,Social Media,420
C106234,2023-04-15,19,Female,East,Direct,60
C106235,2025-12-14,46,Female,West,Organic Search,180
C106236,2026-03-08,26,Female,East,Referral,90
C106237,2024-12-24,57,Female,South,Email Marketing,140
C106238,2024-12-04,37,Female,East,Organic Search,180
C106239,2025-06-19,33,Female,South,Direct,60
C106240,2023-09-14,21,Female,East,Social Media,420
C106241,2025-08-22,59,Male,North,Social Media,420
C106242,2023-10-09,38,Female,Central,Social Media,420
C106243,2025-05-19,31,Female,East,Paid Ads,650
C106244,2024-01-28,61,Other,North,Organic Search,180
C106245,2025-08-17,19,Male,East,Paid Ads,650
C106246,2025-10-14,42,Male,North,Referral,90
C106247,2023-09-26,26,Male,South,Email Marketing,140
C106248,2025-03-05,24,Male,Central,Paid Ads,650
C106249,2024-10-02,19,Female,West,Organic Search,180
C106250,2024-01-14,27,Male,West,Organic Search,180
C106251,2025-01-26,67,Male,East,Direct,60
C106252,2026-06-30,41,Female,South,Organic Search,180
C106253,2023-01-04,69,Male,North,Email Marketing,140
C106254,2026-05-15,31,Male,East,Organic Search,180
C106255,2026-01-05,57,Female,East,Organic Search,180
C106256,2024-11-11,22,Female,North,Organic Search,180
C106257,2025-02-23,23,Other,North,Paid Ads,650
C106258,2024-04-19,18,Female,North,Paid Ads,650
C106259,2023-06-16,64,Other,South,Email Marketing,140
C106260,2025-01-04,52,Male,North,Social Media,420
C106261,2025-11-15,56,Female,South,Organic Search,180
C106262,2023-10-25,66,Female,East,Social Media,420
C106263,2025-07-11,35,Female,South,Paid Ads,650
C106264,2025-08-19,55,Male,North,Social Media,420
C106265,2025-09-02,44,Male,East,Referral,90
C106266,2024-03-13,46,Male,West,Direct,60
C106267,2024-05-19,52,Female,South,Social Media,420
C106268,2024-06-19,42,Female,South,Paid Ads,650
C106269,2026-01-03,19,Male,East,Paid Ads,650
C106270,2026-03-03,21,Female,North,Paid Ads,650
C106271,2024-06-16,44,Female,South,Paid Ads,650
C106272,2026-06-01,47,Female,South,Organic Search,180
C106273,2025-01-03,56,Male,South,Organic Search,180
C106274,2024-05-10,47,Female,West,Direct,60
C106275,2023-01-01,27,Female,West,Direct,60
C106276,2025-02-24,37,Female,South,Organic Search,180
C106277,2025-04-09,41,Female,South,Direct,60
C106278,2026-05-30,69,Female,Central,Referral,90
C106279,2025-07-12,45,Male,East,Organic Search,180
C106280,2023-02-08,51,Female,Central,Email Marketing,140
C106281,2024-12-30,56,Male,West,Direct,60
C106282,2025-08-13,36,Female,South,Social Media,420
C106283,2024-09-30,68,Female,North,Referral,90
C106284,2024-07-06,53,Female,North,Paid Ads,650
C106285,2025-11-07,62,Female,West,Social Media,420
C106286,2025-02-25,56,Male,South,Referral,90
C106287,2025-05-26,50,Male,West,Social Media,420
C106288,2024-08-19,19,Female,East,Paid Ads,650
C106289,2023-12-24,48,Male,West,Social Media,420
C106290,2024-10-29,24,Male,West,Email Marketing,140
C106291,2026-05-18,49,Other,North,Email Marketing,140
C106292,2025-02-14,54,Male,South,Organic Search,180
C106293,2025-06-28,46,Male,East,Paid Ads,650
C106294,2023-06-09,34,Male,West,Organic Search,180
C106295,2026-06-24,21,Female,West,Social Media,420
C106296,2023-11-11,52,Female,East,Organic Search,180
C106297,2026-06-03,54,Female,West,Direct,60
C106298,2024-07-27,42,Female,South,Social Media,420
C106299,2026-03-27,55,Male,North,Paid Ads,650
C106300,2026-02-20,58,Female,Central,Referral,90
C106301,2025-08-29,44,Male,East,Organic Search,180
C106302,2026-03-24,20,Female,West,Organic Search,180
C106303,2025-02-22,63,Male,South,Organic Search,180
C106304,2025-12-27,42,Male,East,Social Media,420
C106305,2023-08-10,52,Male,South,Email Marketing,140
C106306,2023-04-01,65,Male,South,Organic Search,180
C106307,2024-11-29,36,Female,North,Referral,90
C106308,2025-11-07,50,Male,West,Organic Search,180
C106309,2025-09-11,19,Female,South,Paid Ads,650
C106310,2024-11-09,64,Male,South,Social Media,420
C106311,2024-10-31,21,Female,South,Email Marketing,140
C106312,2025-02-23,46,Female,South,Direct,60
C106313,2026-01-21,36,Male,East,Social Media,420
C106314,2025-12-18,19,Female,West,Paid Ads,650
C106315,2023-05-22,42,Female,West,Organic Search,180
C106316,2025-02-05,66,Female,South,Organic Search,180
C106317,2024-05-04,26,Female,East,Direct,60
C106318,2025-10-25,33,Female,North,Social Media,420
C106319,2024-10-12,27,Male,East,Paid Ads,650
C106320,2026-06-28,24,Female,Central,Organic Search,180
C106321,2024-07-09,29,Male,East,Organic Search,180
C106322,2025-05-23,47,Female,Central,Referral,90
C106323,2023-05-20,58,Female,North,Paid Ads,650
C106324,2026-04-14,53,Female,West,Direct,60
C106325,2023-07-17,58,Female,West,Paid Ads,650
C106326,2024-05-01,55,Male,West,Email Marketing,140
C106327,2025-12-13,37,Female,West,Organic Search,180
C106328,2026-05-29,64,Male,North,Organic Search,180
C106329,2024-09-14,26,Female,West,Organic Search,180
C106330,2024-09-15,54,Female,East,Organic Search,180
C106331,2023-03-04,23,Male,East,Direct,60
C106332,2026-06-12,57,Female,North,Email Marketing,140
C106333,2023-01-22,22,Male,North,Paid Ads,650
C106334,2023-02-03,29,Female,Central,Social Media,420
C106335,2024-08-31,38,Other,South,Social Media,420
C106336,2023-01-05,54,Female,South,Social Media,420
C106337,2023-07-31,20,Female,North,Organic Search,180
C106338,2025-03-18,31,Male,East,Paid Ads,650
C106339,2025-06-25,35,Male,West,Organic Search,180
C106340,2024-01-19,56,Male,Central,Email Marketing,140
C106341,2025-10-19,67,Male,East,Paid Ads,650
C106342,2025-02-20,49,Male,South,Referral,90
C106343,2023-10-21,44,Female,North,Direct,60
C106344,2025-07-05,35,Female,South,Paid Ads,650
C106345,2025-01-31,60,Male,East,Organic Search,180
C106346,2025-11-10,23,Female,Central,Paid Ads,650
C106347,2023-07-18,24,Female,North,Social Media,420
C106348,2023-10-24,28,Male,South,Paid Ads,650
C106349,2024-01-26,31,Female,West,Organic Search,180
C106350,2024-03-15,42,Male,East,Organic Search,180
C106351,2026-02-16,67,Female,East,Referral,90
C106352,2025-07-31,51,Female,East,Referral,90
C106353,2024-11-30,37,Male,South,Organic Search,180
C106354,2024-11-26,28,Male,East,Referral,90
C106355,2026-02-13,51,Female,South,Paid Ads,650
C106356,2024-07-28,31,Male,West,Organic Search,180
C106357,2023-10-17,68,Female,North,Paid Ads,650
C106358,2023-06-26,42,Female,East,Referral,90
C106359,2024-02-29,46,Male,Central,Social Media,420
C106360,2025-04-20,64,Female,East,Paid Ads,650
C106361,2024-08-28,33,Female,North,Organic Search,180
C106362,2024-06-26,42,Male,Central,Paid Ads,650
C106363,2024-09-09,45,Female,South,Paid Ads,650
C106364,2026-06-07,32,Female,West,Paid Ads,650
C106365,2026-07-06,20,Female,North,Paid Ads,650
C106366,2023-07-27,32,Male,Central,Paid Ads,650
C106367,2023-05-28,23,Male,North,Organic Search,180
C106368,2023-11-11,53,Female,South,Paid Ads,650
C106369,2025-12-31,18,Female,Central,Organic Search,180
C106370,2024-08-13,34,Male,East,Social Media,420
C106371,2026-01-15,63,Female,South,Paid Ads,650
C106372,2025-04-11,47,Female,North,Social Media,420
C106373,2024-12-12,52,Male,North,Organic Search,180
C106374,2023-12-29,52,Female,South,Paid Ads,650
C106375,2024-03-18,33,Female,East,Organic Search,180
C106376,2023-07-09,50,Female,East,Organic Search,180
C106377,2024-10-29,29,Female,Central,Referral,90
C106378,2023-12-27,51,Female,West,Organic Search,180
C106379,2024-01-12,53,Female,Central,Organic Search,180
C106380,2023-02-20,63,Female,East,Paid Ads,650
C106381,2025-10-24,65,Male,South,Paid Ads,650
C106382,2026-04-22,19,Male,East,Email Marketing,140
C106383,2024-10-02,33,Female,South,Direct,60
C106384,2024-11-20,46,Female,North,Paid Ads,650
C106385,2026-04-05,34,Male,West,Organic Search,180
C106386,2024-10-19,50,Male,West,Paid Ads,650
C106387,2025-03-11,62,Male,South,Paid Ads,650
C106388,2024-07-04,31,Female,South,Paid Ads,650
C106389,2024-10-23,64,Female,North,Organic Search,180
C106390,2024-11-02,63,Female,East,Organic Search,180
C106391,2025-07-03,65,Male,South,Organic Search,180
C106392,2025-02-15,21,Female,Central,Paid Ads,650
C106393,2024-10-10,33,Male,East,Social Media,420
C106394,2023-04-08,24,Male,South,Email Marketing,140
C106395,2026-03-09,24,Male,West,Organic Search,180
C106396,2026-02-16,20,Female,Central,Referral,90
C106397,2023-08-26,40,Female,West,Organic Search,180
C106398,2024-01-13,22,Male,East,Organic Search,180
C106399,2026-06-05,33,Male,South,Social Media,420
C106400,2024-02-17,69,Female,West,Organic Search,180
C106401,2025-11-10,63,Male,West,Email Marketing,140
C106402,2025-10-07,66,Female,Central,Direct,60
C106403,2026-01-11,19,Male,South,Organic Search,180
C106404,2023-01-21,52,Male,West,Organic Search,180
C106405,2024-09-13,50,Male,South,Organic Search,180
C106406,2024-12-28,24,Female,North,Email Marketing,140
C106407,2025-12-12,65,Male,South,Organic Search,180
C106408,2023-10-16,39,Male,North,Referral,90
C106409,2024-01-30,68,Female,East,Paid Ads,650
C106410,2023-08-20,23,Male,South,Social Media,420
C106411,2025-09-06,51,Female,West,Organic Search,180
C106412,2026-07-08,24,Male,East,Email Marketing,140
C106413,2023-06-30,67,Female,North,Social Media,420
C106414,2023-10-27,49,Male,West,Organic Search,180
C106415,2024-01-30,21,Female,North,Organic Search,180
C106416,2026-02-17,29,Female,North,Paid Ads,650
C106417,2024-07-27,36,Female,Central,Social Media,420
C106418,2023-12-29,18,Female,North,Email Marketing,140
C106419,2024-02-19,18,Male,South,Paid Ads,650
C106420,2025-02-08,66,Male,East,Direct,60
C106421,2024-05-12,69,Female,South,Organic Search,180
C106422,2023-06-30,45,Female,South,Email Marketing,140
C106423,2025-11-20,64,Female,West,Email Marketing,140
C106424,2024-06-26,52,Female,East,Social Media,420
C106425,2023-11-27,19,Female,East,Direct,60
C106426,2025-07-25,55,Female,Central,Paid Ads,650
C106427,2025-08-16,18,Female,North,Referral,90
C106428,2023-07-19,60,Female,East,Organic Search,180
C106429,2023-04-05,37,Male,North,Organic Search,180
C106430,2023-02-28,25,Female,North,Social Media,420
C106431,2025-09-11,31,Female,Central,Email Marketing,140
C106432,2025-03-15,53,Male,West,Direct,60
C106433,2025-10-15,62,Female,North,Social Media,420
C106434,2025-03-16,47,Female,South,Email Marketing,140
C106435,2024-05-31,26,Male,North,Referral,90
C106436,2025-01-28,64,Female,West,Referral,90
C106437,2025-07-18,59,Male,South,Organic Search,180
C106438,2024-05-27,39,Male,Central,Paid Ads,650
C106439,2026-03-22,46,Female,North,Paid Ads,650
C106440,2026-03-02,68,Female,South,Referral,90
C106441,2025-10-26,37,Female,Central,Social Media,420
C106442,2026-06-30,19,Male,Central,Email Marketing,140
C106443,2024-05-17,25,Female,South,Direct,60
C106444,2023-05-27,49,Male,East,Social Media,420
C106445,2024-09-14,69,Female,Central,Referral,90
C106446,2025-08-17,56,Male,West,Social Media,420
C106447,2025-09-29,50,Female,East,Social Media,420
C106448,2024-05-14,34,Male,West,Paid Ads,650
C106449,2024-01-12,40,Male,Central,Direct,60
C106450,2024-07-26,19,Male,East,Email Marketing,140
C106451,2025-10-30,37,Female,North,Referral,90
C106452,2023-03-19,50,Female,East,Paid Ads,650
C106453,2024-02-26,65,Female,West,Paid Ads,650
C106454,2023-10-23,65,Male,East,Email Marketing,140
C106455,2025-11-02,60,Male,South,Direct,60
C106456,2024-08-26,19,Female,West,Direct,60
C106457,2023-04-22,60,Male,South,Referral,90
C106458,2023-12-03,29,Female,Central,Referral,90
C106459,2023-02-27,50,Female,South,Organic Search,180
C106460,2024-09-03,67,Female,West,Referral,90
C106461,2026-07-07,64,Female,East,Paid Ads,650
C106462,2024-12-30,52,Male,North,Email Marketing,140
C106463,2026-01-23,33,Male,East,Organic Search,180
C106464,2025-08-12,45,Female,North,Direct,60
C106465,2026-02-09,54,Male,West,Paid Ads,650
C106466,2024-02-04,44,Female,West,Organic Search,180
C106467,2026-05-08,39,Female,North,Social Media,420
C106468,2023-11-03,38,Male,East,Referral,90
C106469,2024-07-17,49,Female,Central,Referral,90
C106470,2025-05-26,19,Male,South,Referral,90
C106471,2024-01-04,69,Female,Central,Social Media,420
C106472,2023-12-07,23,Male,North,Organic Search,180
C106473,2023-06-17,69,Female,North,Email Marketing,140
C106474,2023-01-06,19,Male,East,Direct,60
C106475,2024-10-06,44,Male,North,Referral,90
C106476,2026-06-22,39,Male,Central,Organic Search,180
C106477,2023-10-10,47,Male,West,Referral,90
C106478,2024-07-20,40,Female,West,Organic Search,180
C106479,2026-04-18,64,Male,West,Direct,60
C106480,2025-09-20,18,Male,West,Organic Search,180
C106481,2023-01-06,69,Male,West,Organic Search,180
C106482,2024-10-05,53,Male,West,Organic Search,180
C106483,2023-07-04,58,Male,West,Referral,90
C106484,2023-11-14,25,Male,East,Social Media,420
C106485,2023-11-13,21,Female,South,Referral,90
C106486,2025-02-26,38,Female,East,Paid Ads,650
C106487,2023-09-13,34,Female,South,Email Marketing,140
C106488,2023-11-20,58,Male,South,Paid Ads,650
C106489,2023-10-18,64,Female,South,Organic Search,180
C106490,2024-04-03,40,Female,South,Referral,90
C106491,2025-04-23,57,Female,North,Social Media,420
C106492,2024-05-29,21,Male,West,Social Media,420
C106493,2024-02-26,56,Male,West,Paid Ads,650
C106494,2024-10-27,23,Female,South,Referral,90
C106495,2025-03-01,52,Male,Central,Organic Search,180
C106496,2023-01-20,37,Female,Central,Paid Ads,650
C106497,2026-02-18,39,Male,Central,Paid Ads,650
C106498,2026-03-24,32,Male,North,Referral,90
C106499,2025-02-13,38,Male,South,Organic Search,180
C106500,2025-01-08,63,Male,South,Organic Search,180
C106501,2025-06-12,60,Male,West,Paid Ads,650
C106502,2024-07-20,35,Male,East,Paid Ads,650
C106503,2024-04-15,33,Female,West,Organic Search,180
C106504,2024-03-29,44,Male,West,Referral,90
C106505,2023-07-25,53,Female,Central,Paid Ads,650
C106506,2025-12-17,27,Female,East,Paid Ads,650
C106507,2024-02-17,55,Female,Central,Social Media,420
C106508,2024-01-01,67,Female,West,Paid Ads,650
C106509,2026-05-25,61,Male,South,Referral,90
C106510,2024-10-13,46,Female,West,Social Media,420
C106511,2025-03-10,34,Female,North,Referral,90
C106512,2023-11-12,34,Female,North,Social Media,420
C106513,2023-12-23,56,Male,Central,Paid Ads,650
C106514,2025-07-25,41,Female,South,Organic Search,180
C106515,2024-08-02,23,Male,East,Paid Ads,650
C106516,2023-07-09,53,Female,Central,Email Marketing,140
C106517,2025-12-10,25,Male,South,Organic Search,180
C106518,2024-06-01,69,Male,North,Organic Search,180
C106519,2025-05-09,39,Female,North,Social Media,420
C106520,2024-03-14,35,Female,East,Social Media,420
C106521,2024-12-21,20,Female,North,Email Marketing,140
C106522,2025-09-24,26,Female,North,Organic Search,180
C106523,2026-02-12,67,Female,West,Email Marketing,140
C106524,2023-09-24,45,Male,South,Referral,90
C106525,2025-05-14,64,Other,East,Referral,90
C106526,2026-03-22,67,Male,North,Paid Ads,650
C106527,2025-04-06,20,Male,East,Paid Ads,650
C106528,2023-07-04,37,Female,East,Organic Search,180
C106529,2023-09-02,61,Male,South,Referral,90
C106530,2023-09-18,43,Female,South,Organic Search,180
C106531,2023-05-17,44,Male,South,Organic Search,180
C106532,2025-08-27,47,Male,North,Organic Search,180
C106533,2026-05-26,54,Male,North,Email Marketing,140
C106534,2024-10-26,66,Female,East,Paid Ads,650
C106535,2025-02-09,64,Female,North,Paid Ads,650
C106536,2025-09-21,50,Male,North,Referral,90
C106537,2024-06-18,48,Male,North,Email Marketing,140
C106538,2024-08-30,36,Male,West,Referral,90
C106539,2025-01-27,24,Male,South,Social Media,420
C106540,2024-01-27,54,Female,East,Organic Search,180
C106541,2023-03-21,18,Female,East,Organic Search,180
C106542,2024-12-31,54,Male,South,Organic Search,180
C106543,2025-11-23,43,Male,South,Paid Ads,650
C106544,2023-04-05,58,Female,South,Paid Ads,650
C106545,2023-10-06,67,Male,East,Social Media,420
C106546,2023-12-05,46,Male,South,Paid Ads,650
C106547,2025-10-31,47,Female,North,Referral,90
C106548,2024-10-10,43,Male,Central,Organic Search,180
C106549,2024-11-18,37,Male,West,Direct,60
C106550,2025-04-09,22,Male,North,Email Marketing,140
C106551,2023-12-22,19,Female,Central,Paid Ads,650
C106552,2025-07-06,55,Male,North,Paid Ads,650
C106553,2023-02-08,65,Female,North,Direct,60
C106554,2023-05-27,20,Male,North,Direct,60
C106555,2025-11-15,35,Female,Central,Paid Ads,650
C106556,2025-04-26,49,Female,North,Organic Search,180
C106557,2023-08-15,54,Male,West,Direct,60
C106558,2024-07-18,56,Male,East,Social Media,420
C106559,2023-03-08,54,Male,East,Referral,90
C106560,2025-05-13,22,Female,South,Organic Search,180
C106561,2025-08-30,31,Male,North,Email Marketing,140
C106562,2023-12-25,42,Female,West,Social Media,420
C106563,2024-03-26,21,Male,South,Paid Ads,650
C106564,2023-11-01,35,Male,East,Referral,90
C106565,2024-05-15,38,Male,North,Paid Ads,650
C106566,2023-12-17,68,Male,West,Paid Ads,650
C106567,2023-11-14,34,Female,West,Social Media,420
C106568,2024-07-07,68,Male,East,Social Media,420
C106569,2026-01-09,54,Female,East,Direct,60
C106570,2025-09-07,53,Male,South,Social Media,420
C106571,2024-01-18,60,Female,South,Paid Ads,650
C106572,2026-04-27,61,Male,North,Paid Ads,650
C106573,2023-09-28,29,Female,West,Social Media,420
C106574,2026-03-17,39,Male,North,Organic Search,180
C106575,2024-02-02,45,Female,North,Social Media,420
C106576,2024-11-25,68,Female,North,Paid Ads,650
C106577,2023-09-19,20,Female,North,Paid Ads,650
C106578,2025-09-06,42,Male,East,Organic Search,180
C106579,2024-02-13,29,Female,West,Paid Ads,650
C106580,2026-01-27,28,Male,South,Organic Search,180
C106581,2023-04-17,57,Male,South,Social Media,420
C106582,2024-10-07,28,Female,East,Paid Ads,650
C106583,2023-07-23,59,Female,East,Email Marketing,140
C106584,2026-02-17,69,Male,West,Social Media,420
C106585,2024-06-20,58,Female,West,Referral,90
C106586,2025-05-17,26,Female,West,Email Marketing,140
C106587,2026-02-04,25,Male,West,Email Marketing,140
C106588,2024-11-19,40,Male,Central,Email Marketing,140
C106589,2023-03-15,46,Female,East,Organic Search,180
C106590,2023-10-11,58,Male,East,Paid Ads,650
C106591,2023-10-01,39,Male,West,Referral,90
C106592,2026-03-21,26,Male,North,Social Media,420
C106593,2026-03-14,69,Female,South,Social Media,420
C106594,2024-09-05,65,Male,Central,Social Media,420
C106595,2026-02-18,52,Male,East,Organic Search,180
C106596,2023-11-13,54,Male,North,Organic Search,180
C106597,2025-05-23,66,Male,South,Social Media,420
C106598,2024-05-19,42,Other,North,Social Media,420
C106599,2023-11-06,25,Female,South,Email Marketing,140
C106600,2023-11-18,49,Female,East,Referral,90
C106601,2024-06-23,41,Female,East,Organic Search,180
C106602,2024-03-12,59,Male,East,Organic Search,180
C106603,2023-09-29,58,Female,North,Paid Ads,650
C106604,2024-03-05,42,Other,South,Paid Ads,650
C106605,2023-06-15,37,Female,North,Referral,90
C106606,2026-05-31,39,Female,South,Social Media,420
C106607,2024-05-03,50,Male,East,Email Marketing,140
C106608,2023-05-19,51,Female,North,Social Media,420
C106609,2025-01-10,44,Male,Central,Paid Ads,650
C106610,2026-02-09,45,Female,East,Social Media,420
C106611,2024-04-07,69,Male,North,Organic Search,180
C106612,2025-12-22,31,Female,South,Organic Search,180
C106613,2025-02-24,27,Female,North,Paid Ads,650
C106614,2025-08-08,59,Female,North,Paid Ads,650
C106615,2024-01-16,66,Male,Central,Organic Search,180
C106616,2023-02-17,49,Female,West,Referral,90
C106617,2024-03-20,38,Female,West,Social Media,420
C106618,2026-04-03,36,Female,East,Organic Search,180
C106619,2025-10-13,42,Female,Central,Referral,90
C106620,2025-10-05,20,Female,Central,Organic Search,180
C106621,2026-02-03,45,Female,North,Social Media,420
C106622,2024-04-25,32,Male,North,Social Media,420
C106623,2024-02-19,31,Female,South,Paid Ads,650
C106624,2026-04-04,47,Female,South,Referral,90
C106625,2025-01-04,68,Female,East,Paid Ads,650
C106626,2024-01-19,28,Male,South,Organic Search,180
C106627,2023-12-24,65,Male,West,Paid Ads,650
C106628,2026-02-02,45,Male,North,Paid Ads,650
C106629,2023-03-10,68,Female,West,Organic Search,180
C106630,2023-03-21,37,Female,South,Paid Ads,650
C106631,2025-08-06,69,Female,North,Organic Search,180
C106632,2023-01-02,52,Male,West,Paid Ads,650
C106633,2023-08-08,52,Male,South,Social Media,420
C106634,2026-06-27,47,Female,West,Referral,90
C106635,2024-07-01,41,Male,Central,Email Marketing,140
C106636,2025-07-24,45,Male,North,Social Media,420
C106637,2024-09-18,62,Male,South,Email Marketing,140
C106638,2023-04-27,59,Female,North,Social Media,420
C106639,2023-08-26,19,Female,North,Referral,90
C106640,2025-09-05,54,Male,Central,Referral,90
C106641,2023-05-02,61,Male,West,Email Marketing,140
C106642,2025-02-03,56,Female,South,Referral,90
C106643,2024-03-23,43,Male,West,Email Marketing,140
C106644,2024-04-21,35,Male,Central,Paid Ads,650
C106645,2026-05-09,53,Male,North,Direct,60
C106646,2025-02-18,52,Male,North,Paid Ads,650
C106647,2025-03-02,37,Female,West,Organic Search,180
C106648,2024-03-26,39,Female,West,Organic Search,180
C106649,2024-05-05,37,Male,North,Social Media,420
C106650,2025-05-31,20,Female,East,Organic Search,180
C106651,2023-02-20,19,Male,North,Organic Search,180
C106652,2023-11-02,22,Female,East,Paid Ads,650
C106653,2025-02-10,40,Male,East,Social Media,420
C106654,2025-03-12,44,Male,South,Organic Search,180
C106655,2023-04-29,39,Female,West,Social Media,420
C106656,2025-10-10,67,Female,East,Social Media,420
C106657,2024-11-28,29,Female,West,Referral,90
C106658,2023-11-02,38,Female,East,Social Media,420
C106659,2025-08-25,30,Female,South,Organic Search,180
C106660,2026-06-28,33,Female,South,Direct,60
C106661,2024-06-28,48,Male,North,Email Marketing,140
C106662,2023-12-31,34,Male,West,Paid Ads,650
C106663,2024-01-21,34,Female,East,Organic Search,180
C106664,2025-02-01,52,Female,South,Social Media,420
C106665,2023-03-02,61,Female,Central,Email Marketing,140
C106666,2024-09-13,29,Female,West,Email Marketing,140
C106667,2023-02-01,23,Male,North,Email Marketing,140
C106668,2023-02-19,30,Male,North,Direct,60
C106669,2024-07-07,48,Female,East,Referral,90
C106670,2025-08-16,67,Male,North,Organic Search,180
C106671,2026-02-09,26,Female,Central,Organic Search,180
C106672,2023-04-23,20,Male,East,Organic Search,180
C106673,2023-11-10,45,Male,North,Organic Search,180
C106674,2024-06-26,69,Female,South,Organic Search,180
C106675,2025-01-08,46,Male,North,Paid Ads,650
C106676,2026-06-23,66,Female,East,Referral,90
C106677,2025-05-30,51,Male,South,Organic Search,180
C106678,2024-11-23,19,Female,West,Email Marketing,140
C106679,2023-03-20,40,Female,West,Direct,60
C106680,2023-04-14,58,Female,Central,Organic Search,180
C106681,2023-07-16,44,Male,North,Organic Search,180
C106682,2025-04-29,28,Male,South,Paid Ads,650
C106683,2024-03-02,27,Female,West,Email Marketing,140
C106684,2023-11-06,52,Other,South,Referral,90
C106685,2025-05-11,42,Female,South,Organic Search,180
C106686,2025-11-14,47,Female,Central,Social Media,420
C106687,2024-07-18,37,Female,West,Email Marketing,140
C106688,2026-02-08,35,Female,Central,Organic Search,180
C106689,2025-08-02,52,Female,South,Social Media,420
C106690,2025-07-10,18,Female,East,Paid Ads,650
C106691,2026-01-20,40,Female,South,Organic Search,180
C106692,2023-08-25,37,Female,South,Email Marketing,140
C106693,2025-09-02,58,Female,North,Organic Search,180
C106694,2026-05-16,55,Male,West,Email Marketing,140
C106695,2026-06-30,40,Male,South,Referral,90
C106696,2025-01-13,31,Other,East,Organic Search,180
C106697,2025-08-28,30,Female,Central,Referral,90
C106698,2026-02-16,28,Male,West,Organic Search,180
C106699,2025-12-31,32,Female,North,Organic Search,180
C106700,2026-02-28,57,Female,East,Paid Ads,650
C106701,2025-12-06,20,Female,East,Email Marketing,140
C106702,2024-05-05,19,Female,South,Email Marketing,140
C106703,2025-07-28,46,Male,North,Organic Search,180
C106704,2024-06-11,29,Male,East,Paid Ads,650
C106705,2025-10-28,61,Male,West,Direct,60
C106706,2025-11-07,57,Female,Central,Social Media,420
C106707,2026-04-17,57,Male,South,Organic Search,180
C106708,2025-01-26,41,Female,South,Paid Ads,650
C106709,2024-09-03,40,Female,North,Paid Ads,650
C106710,2023-08-01,40,Female,Central,Paid Ads,650
C106711,2025-03-31,28,Female,West,Social Media,420
C106712,2024-12-29,47,Female,Central,Referral,90
C106713,2024-10-24,62,Female,East,Referral,90
C106714,2025-05-19,31,Male,North,Paid Ads,650
C106715,2025-12-30,20,Male,East,Referral,90
C106716,2023-07-11,47,Female,South,Social Media,420
C106717,2024-07-08,38,Male,South,Referral,90
C106718,2025-07-17,59,Female,North,Organic Search,180
C106719,2025-11-20,62,Male,North,Paid Ads,650
C106720,2025-09-28,67,Female,South,Paid Ads,650
C106721,2025-10-24,38,Male,Central,Paid Ads,650
C106722,2026-01-04,64,Female,West,Referral,90
C106723,2026-05-21,24,Male,West,Social Media,420
C106724,2025-02-20,37,Female,North,Paid Ads,650
C106725,2023-11-17,31,Male,West,Social Media,420
C106726,2024-12-25,66,Female,South,Referral,90
C106727,2025-07-01,49,Male,North,Social Media,420
C106728,2023-05-10,37,Female,South,Referral,90
C106729,2025-08-31,25,Female,North,Email Marketing,140
C106730,2024-11-30,58,Female,Central,Referral,90
C106731,2026-04-19,52,Female,West,Organic Search,180
C106732,2023-09-30,62,Female,South,Email Marketing,140
C106733,2026-03-12,40,Female,East,Paid Ads,650
C106734,2024-07-30,25,Male,South,Social Media,420
C106735,2025-01-07,35,Female,North,Direct,60
C106736,2025-04-28,50,Male,East,Paid Ads,650
C106737,2025-01-14,30,Female,West,Organic Search,180
C106738,2026-03-08,21,Male,West,Organic Search,180
C106739,2023-08-04,60,Male,North,Direct,60
C106740,2025-07-27,45,Female,East,Paid Ads,650
C106741,2026-06-07,38,Male,North,Referral,90
C106742,2023-10-11,46,Male,North,Organic Search,180
C106743,2023-11-24,56,Male,North,Organic Search,180
C106744,2024-09-02,18,Female,North,Organic Search,180
C106745,2025-07-21,40,Male,South,Email Marketing,140
C106746,2026-05-18,31,Male,South,Organic Search,180
C106747,2025-10-20,22,Other,West,Direct,60
C106748,2025-10-18,19,Female,South,Social Media,420
C106749,2024-07-21,40,Male,North,Email Marketing,140
C106750,2025-04-09,46,Female,Central,Paid Ads,650
C106751,2023-09-29,44,Male,Central,Social Media,420
C106752,2024-08-18,58,Female,North,Organic Search,180
C106753,2023-09-01,41,Male,South,Paid Ads,650
C106754,2023-02-04,48,Male,North,Social Media,420
C106755,2026-01-06,60,Male,Central,Organic Search,180
C106756,2025-10-31,52,Female,South,Direct,60
C106757,2024-10-18,65,Male,North,Organic Search,180
C106758,2023-01-19,29,Female,West,Organic Search,180
C106759,2023-04-26,58,Female,West,Social Media,420
C106760,2023-05-24,54,Female,South,Paid Ads,650
C106761,2025-07-11,48,Female,South,Organic Search,180
C106762,2023-09-19,18,Male,South,Direct,60
C106763,2023-11-18,46,Male,South,Organic Search,180
C106764,2026-01-12,62,Male,South,Social Media,420
C106765,2026-02-01,51,Female,West,Organic Search,180
C106766,2025-09-08,18,Male,West,Organic Search,180
C106767,2024-02-03,32,Female,West,Paid Ads,650
C106768,2025-01-15,47,Female,West,Email Marketing,140
C106769,2023-09-15,60,Female,East,Social Media,420
C106770,2026-01-08,41,Female,South,Paid Ads,650
C106771,2023-04-20,62,Male,West,Organic Search,180
C106772,2025-08-15,59,Male,North,Direct,60
C106773,2024-10-19,31,Female,North,Organic Search,180
C106774,2025-09-01,28,Male,North,Social Media,420
C106775,2024-08-02,64,Female,West,Organic Search,180
C106776,2023-07-23,48,Female,East,Organic Search,180
C106777,2025-08-24,62,Male,South,Organic Search,180
C106778,2025-03-22,65,Male,East,Organic Search,180
C106779,2024-08-20,40,Male,West,Social Media,420
C106780,2024-04-24,20,Male,North,Paid Ads,650
C106781,2024-03-18,65,Female,South,Email Marketing,140
C106782,2024-09-10,48,Other,West,Organic Search,180
C106783,2023-12-03,24,Male,East,Paid Ads,650
C106784,2023-12-30,45,Female,South,Paid Ads,650
C106785,2023-12-24,19,Male,North,Organic Search,180
C106786,2023-01-17,33,Other,Central,Organic Search,180
C106787,2026-04-08,36,Female,South,Organic Search,180
C106788,2023-11-01,41,Male,Central,Organic Search,180
C106789,2023-08-01,47,Female,West,Paid Ads,650
C106790,2023-07-14,61,Female,Central,Organic Search,180
C106791,2026-06-24,36,Male,North,Paid Ads,650
C106792,2024-09-05,56,Male,East,Paid Ads,650
C106793,2024-02-25,66,Female,South,Paid Ads,650
C106794,2024-06-03,56,Male,South,Organic Search,180
C106795,2023-04-24,31,Male,South,Paid Ads,650
C106796,2024-02-08,53,Male,South,Paid Ads,650
C106797,2023-11-16,32,Female,South,Direct,60
C106798,2025-10-29,42,Male,East,Organic Search,180
C106799,2023-03-17,51,Female,South,Organic Search,180
C106800,2024-07-01,33,Male,South,Email Marketing,140
C106801,2025-10-12,18,Male,South,Organic Search,180
C106802,2025-12-08,61,Female,West,Organic Search,180
C106803,2024-10-21,55,Male,North,Email Marketing,140
C106804,2023-10-14,24,Female,West,Social Media,420
C106805,2024-03-09,37,Male,South,Social Media,420
C106806,2023-10-13,31,Female,East,Organic Search,180
C106807,2025-05-01,68,Male,West,Organic Search,180
C106808,2024-01-12,66,Female,East,Organic Search,180
C106809,2025-03-22,53,Male,East,Referral,90
C106810,2025-04-23,40,Female,Central,Paid Ads,650
C106811,2026-04-23,20,Male,North,Social Media,420
C106812,2024-04-21,30,Male,South,Direct,60
C106813,2026-05-21,22,Female,Central,Direct,60
C106814,2024-05-30,59,Male,West,Organic Search,180
C106815,2025-05-25,22,Male,East,Social Media,420
C106816,2025-04-30,53,Female,North,Referral,90
C106817,2025-11-17,67,Female,South,Referral,90
C106818,2024-08-26,34,Female,Central,Direct,60
C106819,2025-10-16,53,Other,West,Referral,90
C106820,2024-04-01,63,Male,South,Referral,90
C106821,2024-09-23,40,Male,North,Organic Search,180
C106822,2024-10-04,41,Female,West,Social Media,420
C106823,2025-06-24,28,Male,East,Social Media,420
C106824,2025-03-06,40,Male,Central,Referral,90
C106825,2023-04-11,63,Male,South,Social Media,420
C106826,2025-11-06,52,Male,South,Paid Ads,650
C106827,2025-09-01,28,Male,South,Paid Ads,650
C106828,2023-05-15,45,Male,East,Direct,60
C106829,2026-05-21,54,Female,South,Paid Ads,650
C106830,2025-04-29,22,Female,North,Referral,90
C106831,2023-04-20,57,Female,South,Social Media,420
C106832,2024-09-23,28,Male,North,Paid Ads,650
C106833,2025-12-11,33,Male,West,Paid Ads,650
C106834,2023-12-26,39,Female,North,Social Media,420
C106835,2026-04-14,44,Male,South,Referral,90
C106836,2024-06-22,65,Male,West,Organic Search,180
C106837,2023-10-18,29,Female,North,Email Marketing,140
C106838,2024-04-03,31,Female,East,Referral,90
C106839,2024-11-05,37,Male,West,Paid Ads,650
C106840,2025-06-03,62,Female,East,Organic Search,180
C106841,2026-04-08,68,Female,East,Organic Search,180
C106842,2023-09-08,41,Female,West,Organic Search,180
C106843,2026-05-19,54,Male,Central,Organic Search,180
C106844,2024-11-09,65,Female,West,Organic Search,180
C106845,2023-06-14,62,Female,South,Direct,60
C106846,2026-04-06,53,Male,East,Social Media,420
C106847,2024-03-24,46,Female,East,Email Marketing,140
C106848,2025-03-09,69,Female,South,Social Media,420
C106849,2025-06-16,30,Male,South,Social Media,420
C106850,2023-01-18,36,Male,West,Email Marketing,140
C106851,2023-10-12,55,Male,South,Organic Search,180
C106852,2025-06-01,19,Female,Central,Referral,90
C106853,2024-02-22,44,Male,Central,Email Marketing,140
C106854,2023-01-13,62,Female,South,Direct,60
C106855,2023-01-30,27,Male,North,Paid Ads,650
C106856,2025-11-28,59,Female,Central,Email Marketing,140
C106857,2023-07-17,39,Female,North,Social Media,420
C106858,2023-05-10,62,Female,West,Organic Search,180
C106859,2024-12-24,51,Female,North,Organic Search,180
C106860,2023-06-02,26,Male,North,Paid Ads,650
C106861,2025-04-19,56,Male,South,Organic Search,180
C106862,2024-11-30,20,Female,South,Organic Search,180
C106863,2025-04-14,30,Male,Central,Organic Search,180
C106864,2024-09-24,64,Female,North,Email Marketing,140
C106865,2025-09-27,63,Female,North,Email Marketing,140
C106866,2025-04-09,20,Female,West,Email Marketing,140
C106867,2024-06-18,37,Male,Central,Social Media,420
C106868,2023-01-20,22,Female,South,Direct,60
C106869,2023-12-18,32,Male,West,Paid Ads,650
C106870,2023-06-19,68,Female,North,Paid Ads,650
C106871,2023-01-21,28,Female,West,Paid Ads,650
C106872,2023-12-18,51,Female,West,Organic Search,180
C106873,2023-09-23,59,Female,Central,Social Media,420
C106874,2023-04-09,63,Male,East,Paid Ads,650
C106875,2024-02-06,36,Female,Central,Direct,60
C106876,2024-10-13,54,Female,South,Organic Search,180
C106877,2023-08-18,43,Male,West,Organic Search,180
C106878,2023-12-18,23,Female,West,Paid Ads,650
C106879,2023-01-26,29,Female,South,Organic Search,180
C106880,2023-03-06,56,Other,Central,Direct,60
C106881,2023-07-22,53,Female,West,Social Media,420
C106882,2024-08-05,45,Male,Central,Paid Ads,650
C106883,2025-05-06,58,Female,South,Social Media,420
C106884,2025-10-10,53,Male,West,Paid Ads,650
C106885,2025-03-20,35,Female,South,Organic Search,180
C106886,2025-03-04,33,Male,Central,Paid Ads,650
C106887,2026-04-18,67,Female,North,Paid Ads,650
C106888,2023-11-25,68,Male,East,Social Media,420
C106889,2025-10-23,19,Male,North,Email Marketing,140
C106890,2026-04-19,59,Male,West,Organic Search,180
C106891,2024-12-31,24,Female,South,Social Media,420
C106892,2025-12-16,62,Male,Central,Referral,90
C106893,2023-06-26,48,Male,Central,Paid Ads,650
C106894,2026-02-04,53,Male,South,Paid Ads,650
C106895,2024-12-26,54,Male,West,Paid Ads,650
C106896,2023-10-12,49,Female,West,Paid Ads,650
C106897,2023-03-21,31,Female,South,Paid Ads,650
C106898,2025-07-14,59,Male,South,Paid Ads,650
C106899,2024-07-08,46,Male,North,Paid Ads,650
C106900,2024-02-03,46,Male,North,Referral,90
C106901,2024-05-16,34,Male,East,Paid Ads,650
C106902,2026-06-28,18,Male,East,Direct,60
C106903,2024-07-04,46,Male,South,Organic Search,180
C106904,2023-04-12,35,Male,Central,Paid Ads,650
C106905,2023-12-26,52,Male,North,Social Media,420
C106906,2023-07-06,36,Female,Central,Social Media,420
C106907,2025-05-31,68,Male,West,Direct,60
C106908,2025-10-26,53,Female,West,Paid Ads,650
C106909,2025-12-17,41,Female,East,Paid Ads,650
C106910,2025-03-24,54,Female,North,Social Media,420
C106911,2025-09-15,51,Male,Central,Social Media,420
C106912,2024-06-20,50,Female,West,Referral,90
C106913,2025-03-18,48,Female,West,Referral,90
C106914,2023-05-18,66,Other,North,Organic Search,180
C106915,2024-11-23,34,Female,East,Referral,90
C106916,2024-12-17,40,Male,South,Referral,90
C106917,2023-02-09,31,Female,East,Social Media,420
C106918,2024-12-06,47,Female,West,Paid Ads,650
C106919,2025-07-18,69,Male,North,Email Marketing,140
C106920,2024-04-17,49,Male,North,Referral,90
C106921,2024-12-01,28,Female,North,Organic Search,180
C106922,2024-01-03,65,Male,North,Paid Ads,650
C106923,2023-12-15,59,Female,South,Referral,90
C106924,2023-06-16,40,Male,North,Email Marketing,140
C106925,2024-02-26,25,Female,South,Paid Ads,650
C106926,2025-10-29,38,Male,West,Email Marketing,140
C106927,2026-04-18,59,Female,West,Paid Ads,650
C106928,2025-03-28,48,Female,South,Paid Ads,650
C106929,2025-03-13,27,Female,North,Referral,90
C106930,2025-02-28,26,Male,West,Organic Search,180
C106931,2024-09-04,68,Male,South,Organic Search,180
C106932,2024-06-28,41,Male,South,Referral,90
C106933,2025-03-09,53,Male,East,Organic Search,180
C106934,2025-10-05,36,Other,Central,Organic Search,180
C106935,2024-06-16,22,Male,South,Organic Search,180
C106936,2024-12-28,39,Male,Central,Organic Search,180
C106937,2024-08-27,54,Female,South,Organic Search,180
C106938,2024-01-03,35,Male,North,Paid Ads,650
C106939,2024-01-09,49,Male,North,Direct,60
C106940,2023-04-12,40,Female,West,Social Media,420
C106941,2024-07-19,35,Male,East,Referral,90
C106942,2025-07-05,31,Female,East,Organic Search,180
C106943,2025-05-31,31,Female,Central,Organic Search,180
C106944,2026-06-21,31,Male,East,Email Marketing,140
C106945,2023-02-21,55,Female,North,Social Media,420
C106946,2025-09-05,35,Female,West,Email Marketing,140
C106947,2025-10-19,56,Male,North,Paid Ads,650
C106948,2024-07-15,34,Female,East,Social Media,420
C106949,2023-12-30,35,Male,Central,Social Media,420
C106950,2024-04-04,66,Female,East,Organic Search,180
C106951,2025-05-27,63,Female,South,Email Marketing,140
C106952,2026-01-13,38,Male,East,Paid Ads,650
C106953,2025-04-06,31,Male,North,Paid Ads,650
C106954,2024-10-23,55,Male,South,Organic Search,180
C106955,2025-04-19,21,Female,East,Social Media,420
C106956,2023-04-01,41,Female,South,Referral,90
C106957,2025-02-21,49,Male,North,Paid Ads,650
C106958,2023-02-24,53,Male,East,Direct,60
C106959,2026-05-18,23,Female,South,Organic Search,180
C106960,2026-02-17,18,Male,South,Email Marketing,140
C106961,2024-10-15,32,Male,Central,Referral,90
C106962,2024-04-26,24,Male,North,Direct,60
C106963,2025-07-30,44,Female,North,Referral,90
C106964,2025-03-30,65,Male,Central,Paid Ads,650
C106965,2025-06-26,32,Female,North,Paid Ads,650
C106966,2024-10-25,41,Female,Central,Email Marketing,140
C106967,2023-10-31,29,Male,West,Email Marketing,140
C106968,2023-04-05,20,Female,East,Social Media,420
C106969,2023-12-31,54,Male,South,Referral,90
C106970,2024-11-11,31,Male,South,Paid Ads,650
C106971,2024-06-29,46,Female,West,Organic Search,180
C106972,2024-10-13,53,Male,North,Organic Search,180
C106973,2023-12-24,61,Female,West,Social Media,420
C106974,2026-04-21,27,Female,West,Social Media,420
C106975,2024-04-16,48,Male,West,Social Media,420
C106976,2025-12-24,65,Other,North,Social Media,420
C106977,2024-05-17,43,Female,West,Paid Ads,650
C106978,2024-07-24,20,Male,West,Organic Search,180
C106979,2025-02-15,31,Female,North,Organic Search,180
C106980,2023-12-05,59,Female,Central,Organic Search,180
C106981,2023-10-10,59,Male,North,Social Media,420
C106982,2024-05-02,34,Male,Central,Referral,90
C106983,2025-10-31,28,Male,North,Email Marketing,140
C106984,2023-07-05,33,Male,North,Organic Search,180
C106985,2024-07-16,30,Male,West,Email Marketing,140
C106986,2025-05-14,56,Female,North,Social Media,420
C106987,2025-06-27,61,Female,North,Paid Ads,650
C106988,2024-07-12,20,Female,North,Referral,90
C106989,2023-04-15,56,Male,West,Direct,60
C106990,2023-01-21,57,Male,North,Paid Ads,650
C106991,2024-08-27,49,Male,East,Social Media,420
C106992,2025-11-07,63,Male,East,Organic Search,180
C106993,2023-02-06,20,Female,East,Organic Search,180
C106994,2026-02-15,54,Male,South,Organic Search,180
C106995,2025-05-19,24,Female,South,Organic Search,180
C106996,2023-01-11,64,Female,Central,Referral,90
C106997,2024-03-18,43,Female,West,Organic Search,180
C106998,2023-10-11,22,Female,Central,Social Media,420
C106999,2026-05-05,56,Female,West,Email Marketing,140
C107000,2024-12-14,56,Female,West,Email Marketing,140
C107001,2024-02-21,42,Female,Central,Paid Ads,650
C107002,2023-12-24,34,Female,South,Organic Search,180
C107003,2024-12-26,18,Male,Central,Paid Ads,650
C107004,2023-01-07,65,Male,North,Organic Search,180
C107005,2023-11-28,27,Female,North,Paid Ads,650
C107006,2023-08-01,61,Male,East,Social Media,420
C107007,2025-03-08,48,Female,South,Social Media,420
C107008,2025-05-10,53,Male,South,Organic Search,180
C107009,2024-08-23,54,Female,East,Organic Search,180
C107010,2023-06-30,62,Male,East,Email Marketing,140
C107011,2024-04-21,19,Female,Central,Direct,60
C107012,2025-12-19,69,Male,South,Social Media,420
C107013,2023-09-19,20,Male,South,Social Media,420
C107014,2023-07-30,69,Female,West,Social Media,420
C107015,2023-05-24,31,Male,East,Organic Search,180
C107016,2025-11-16,61,Male,West,Email Marketing,140
C107017,2023-06-04,22,Female,South,Organic Search,180
C107018,2025-01-17,41,Female,North,Social Media,420
C107019,2026-07-08,46,Male,Central,Organic Search,180
C107020,2025-04-05,67,Female,North,Referral,90
C107021,2024-06-14,24,Male,West,Referral,90
C107022,2023-09-23,19,Male,South,Referral,90
C107023,2023-01-03,51,Female,South,Paid Ads,650
C107024,2023-07-20,20,Male,West,Social Media,420
C107025,2026-05-10,58,Male,South,Social Media,420
C107026,2023-07-04,19,Male,North,Referral,90
C107027,2023-01-26,68,Female,West,Paid Ads,650
C107028,2025-11-15,45,Female,North,Social Media,420
C107029,2024-06-22,67,Male,South,Referral,90
C107030,2024-04-04,24,Female,East,Organic Search,180
C107031,2025-07-11,32,Female,South,Social Media,420
C107032,2024-11-03,41,Male,East,Organic Search,180
C107033,2026-03-22,19,Other,South,Referral,90
C107034,2024-08-24,23,Male,South,Paid Ads,650
C107035,2025-07-05,35,Male,South,Email Marketing,140
C107036,2026-02-04,56,Male,Central,Organic Search,180
C107037,2024-08-19,54,Male,North,Paid Ads,650
C107038,2024-01-01,22,Female,Central,Organic Search,180
C107039,2026-06-07,21,Female,South,Email Marketing,140
C107040,2023-10-19,52,Female,South,Organic Search,180
C107041,2023-02-20,36,Male,West,Paid Ads,650
C107042,2025-01-13,59,Male,South,Organic Search,180
C107043,2026-06-23,33,Male,East,Referral,90
C107044,2023-04-22,36,Male,Central,Paid Ads,650
C107045,2025-12-28,29,Female,West,Social Media,420
C107046,2025-12-03,31,Female,East,Organic Search,180
C107047,2026-04-09,54,Female,West,Paid Ads,650
C107048,2024-06-26,42,Female,South,Organic Search,180
C107049,2023-11-24,52,Male,West,Social Media,420
C107050,2024-10-20,22,Male,North,Organic Search,180
C107051,2023-07-03,45,Male,North,Direct,60
C107052,2025-12-19,41,Female,East,Paid Ads,650
C107053,2025-05-03,65,Male,North,Social Media,420
C107054,2024-09-13,40,Male,West,Paid Ads,650
C107055,2024-10-25,23,Female,North,Organic Search,180
C107056,2025-07-04,54,Male,North,Email Marketing,140
C107057,2024-11-03,25,Female,West,Referral,90
C107058,2025-12-15,65,Male,East,Social Media,420
C107059,2026-04-04,37,Female,Central,Referral,90
C107060,2026-05-06,58,Male,South,Organic Search,180
C107061,2025-03-08,52,Female,North,Direct,60
C107062,2025-08-12,42,Female,North,Paid Ads,650
C107063,2024-02-05,48,Male,South,Email Marketing,140
C107064,2023-02-19,27,Female,North,Referral,90
C107065,2024-05-29,21,Female,West,Paid Ads,650
C107066,2026-01-26,57,Female,North,Social Media,420
C107067,2023-06-21,67,Female,Central,Direct,60
C107068,2024-12-02,62,Female,East,Organic Search,180
C107069,2023-09-05,33,Male,West,Paid Ads,650
C107070,2024-07-06,36,Male,North,Social Media,420
C107071,2023-07-04,36,Male,North,Paid Ads,650
C107072,2025-08-02,54,Female,South,Paid Ads,650
C107073,2025-11-08,50,Female,East,Referral,90
C107074,2025-09-02,59,Female,East,Email Marketing,140
C107075,2025-06-25,67,Male,South,Social Media,420
C107076,2023-10-30,38,Female,South,Direct,60
C107077,2024-11-13,52,Female,Central,Organic Search,180
C107078,2023-05-15,44,Male,South,Organic Search,180
C107079,2024-04-26,67,Female,North,Organic Search,180
C107080,2024-10-12,36,Male,South,Paid Ads,650
C107081,2025-05-09,27,Female,South,Social Media,420
C107082,2023-05-05,37,Female,South,Organic Search,180
C107083,2025-11-11,50,Female,East,Paid Ads,650
C107084,2024-08-13,67,Male,East,Referral,90
C107085,2026-02-07,61,Male,West,Social Media,420
C107086,2024-11-09,18,Female,North,Social Media,420
C107087,2024-12-04,44,Female,North,Social Media,420
C107088,2025-06-09,26,Male,West,Direct,60
C107089,2025-11-20,36,Male,North,Referral,90
C107090,2023-07-22,67,Female,South,Email Marketing,140
C107091,2024-10-19,69,Female,South,Direct,60
C107092,2023-02-08,25,Male,West,Email Marketing,140
C107093,2024-09-02,25,Male,North,Organic Search,180
C107094,2025-11-12,54,Male,Central,Social Media,420
C107095,2026-01-17,39,Female,South,Paid Ads,650
C107096,2023-12-31,40,Female,Central,Organic Search,180
C107097,2024-05-11,63,Female,South,Social Media,420
C107098,2024-12-10,65,Male,West,Organic Search,180
C107099,2024-05-24,64,Female,South,Social Media,420
C107100,2023-08-18,58,Male,West,Email Marketing,140
C107101,2024-01-28,68,Female,East,Paid Ads,650
C107102,2024-06-03,55,Male,Central,Direct,60
C107103,2024-10-29,64,Male,West,Referral,90
C107104,2026-03-30,46,Male,East,Email Marketing,140
C107105,2024-12-01,20,Male,South,Organic Search,180
C107106,2024-05-12,60,Male,South,Direct,60
C107107,2025-04-29,66,Female,Central,Organic Search,180
C107108,2025-09-21,34,Female,Central,Email Marketing,140
C107109,2024-07-07,40,Female,North,Organic Search,180
C107110,2024-09-21,47,Female,North,Organic Search,180
C107111,2023-10-08,51,Male,North,Paid Ads,650
C107112,2026-01-17,53,Female,North,Referral,90
C107113,2026-01-19,38,Male,South,Email Marketing,140
C107114,2023-08-13,62,Male,West,Social Media,420
C107115,2024-03-20,60,Male,North,Referral,90
C107116,2023-12-16,66,Male,Central,Paid Ads,650
C107117,2026-04-01,47,Female,Central,Direct,60
C107118,2023-03-25,22,Male,South,Paid Ads,650
C107119,2023-09-24,61,Male,South,Email Marketing,140
C107120,2024-02-09,22,Female,East,Referral,90
C107121,2024-12-21,28,Male,North,Paid Ads,650
C107122,2023-11-17,32,Female,West,Paid Ads,650
C107123,2024-11-21,27,Male,East,Social Media,420
C107124,2025-08-18,55,Female,North,Direct,60
C107125,2025-12-01,40,Female,Central,Social Media,420
C107126,2023-05-08,29,Male,South,Email Marketing,140
C107127,2023-06-28,18,Female,North,Direct,60
C107128,2023-05-03,29,Male,Central,Paid Ads,650
C107129,2026-03-16,54,Male,North,Social Media,420
C107130,2025-04-18,59,Female,North,Social Media,420
C107131,2024-11-14,33,Female,North,Organic Search,180
C107132,2025-10-14,21,Male,South,Referral,90
C107133,2025-01-23,46,Male,South,Organic Search,180
C107134,2023-10-30,58,Male,West,Referral,90
C107135,2024-10-18,21,Female,South,Social Media,420
C107136,2025-06-23,59,Female,East,Email Marketing,140
C107137,2023-02-16,26,Male,North,Social Media,420
C107138,2025-02-18,31,Other,South,Social Media,420
C107139,2024-10-01,50,Male,Central,Organic Search,180
C107140,2023-03-31,20,Female,West,Email Marketing,140
C107141,2023-12-05,33,Female,West,Paid Ads,650
C107142,2024-07-30,25,Female,South,Social Media,420
C107143,2024-03-16,29,Male,East,Email Marketing,140
C107144,2024-01-09,58,Male,West,Paid Ads,650
C107145,2025-04-14,29,Male,Central,Organic Search,180
C107146,2024-06-04,20,Female,West,Organic Search,180
C107147,2024-10-02,29,Other,South,Social Media,420
C107148,2025-10-23,22,Male,North,Paid Ads,650
C107149,2023-04-30,50,Male,North,Paid Ads,650
C107150,2024-04-07,68,Male,North,Organic Search,180
C107151,2023-04-04,26,Female,South,Paid Ads,650
C107152,2026-04-07,55,Female,North,Paid Ads,650
C107153,2023-08-27,36,Male,South,Social Media,420
C107154,2025-11-20,21,Female,East,Social Media,420
C107155,2023-09-03,53,Male,East,Social Media,420
C107156,2024-02-21,28,Female,East,Paid Ads,650
C107157,2025-02-21,44,Male,North,Email Marketing,140
C107158,2025-12-05,44,Male,East,Social Media,420
C107159,2023-08-17,49,Female,Central,Email Marketing,140
C107160,2023-10-02,25,Female,South,Social Media,420
C107161,2026-02-07,31,Male,Central,Paid Ads,650
C107162,2024-02-19,56,Female,South,Referral,90
C107163,2023-09-27,66,Female,East,Organic Search,180
C107164,2025-08-14,18,Male,East,Direct,60
C107165,2023-04-28,39,Female,West,Social Media,420
C107166,2026-01-19,63,Female,Central,Organic Search,180
C107167,2026-01-31,32,Male,South,Paid Ads,650
C107168,2026-01-06,41,Female,West,Referral,90
C107169,2024-01-15,65,Female,Central,Organic Search,180
C107170,2023-05-27,68,Male,West,Organic Search,180
C107171,2024-07-01,52,Female,North,Direct,60
C107172,2024-03-06,54,Male,North,Paid Ads,650
C107173,2026-05-18,49,Female,Central,Organic Search,180
C107174,2025-03-23,32,Female,West,Organic Search,180
C107175,2026-04-29,64,Male,Central,Social Media,420
C107176,2025-08-23,19,Female,South,Social Media,420
C107177,2025-07-08,21,Male,West,Social Media,420
C107178,2023-05-24,49,Female,West,Direct,60
C107179,2023-03-30,61,Female,Central,Organic Search,180
C107180,2023-03-01,60,Male,West,Organic Search,180
C107181,2025-02-02,53,Female,North,Organic Search,180
C107182,2023-09-17,37,Male,West,Paid Ads,650
C107183,2026-06-25,36,Female,East,Organic Search,180
C107184,2023-06-20,40,Female,South,Paid Ads,650
C107185,2026-05-02,31,Female,North,Email Marketing,140
C107186,2025-05-08,39,Male,Central,Organic Search,180
C107187,2023-05-17,23,Female,North,Email Marketing,140
C107188,2023-03-17,34,Female,South,Email Marketing,140
C107189,2024-05-24,66,Female,East,Social Media,420
C107190,2024-03-11,54,Female,Central,Email Marketing,140
C107191,2024-02-10,25,Female,West,Referral,90
C107192,2024-11-10,32,Male,South,Paid Ads,650
C107193,2023-06-16,31,Male,North,Social Media,420
C107194,2023-06-16,32,Other,South,Organic Search,180
C107195,2025-06-12,53,Male,South,Paid Ads,650
C107196,2026-06-27,64,Female,West,Email Marketing,140
C107197,2023-12-19,54,Female,South,Social Media,420
C107198,2026-04-13,43,Female,North,Paid Ads,650
C107199,2024-03-19,26,Female,Central,Social Media,420
C107200,2024-03-07,25,Female,North,Direct,60
C107201,2023-04-27,60,Female,North,Organic Search,180
C107202,2024-06-28,53,Female,East,Paid Ads,650
C107203,2024-10-02,44,Male,North,Organic Search,180
C107204,2025-05-03,48,Male,North,Direct,60
C107205,2023-07-23,62,Male,Central,Social Media,420
C107206,2023-08-31,60,Female,West,Organic Search,180
C107207,2024-07-09,22,Male,West,Social Media,420
C107208,2023-03-31,38,Female,West,Social Media,420
C107209,2023-07-04,20,Female,North,Organic Search,180
C107210,2025-03-19,38,Male,West,Email Marketing,140
C107211,2026-05-11,51,Other,East,Referral,90
C107212,2025-01-06,28,Male,North,Organic Search,180
C107213,2023-07-06,25,Female,South,Direct,60
C107214,2026-06-28,43,Male,East,Organic Search,180
C107215,2024-11-02,45,Male,North,Organic Search,180
C107216,2025-07-10,55,Male,South,Paid Ads,650
C107217,2023-09-11,18,Female,South,Organic Search,180
C107218,2025-01-13,30,Male,East,Social Media,420
C107219,2023-04-09,58,Female,North,Paid Ads,650
C107220,2025-03-15,53,Female,East,Organic Search,180
C107221,2023-09-18,64,Male,North,Direct,60
C107222,2026-03-15,60,Male,East,Paid Ads,650
C107223,2023-03-12,61,Male,North,Paid Ads,650
C107224,2025-04-19,44,Female,South,Paid Ads,650
C107225,2023-06-29,67,Female,East,Email Marketing,140
C107226,2025-06-02,39,Male,East,Organic Search,180
C107227,2024-09-26,64,Female,North,Organic Search,180
C107228,2026-05-29,38,Female,East,Email Marketing,140
C107229,2025-04-18,41,Female,West,Organic Search,180
C107230,2024-04-23,53,Male,North,Email Marketing,140
C107231,2023-04-23,38,Male,East,Social Media,420
C107232,2025-02-05,25,Male,South,Email Marketing,140
C107233,2024-07-21,64,Female,West,Organic Search,180
C107234,2023-03-09,41,Female,South,Direct,60
C107235,2025-01-17,66,Male,Central,Paid Ads,650
C107236,2023-09-28,38,Male,East,Organic Search,180
C107237,2023-10-29,68,Female,East,Referral,90
C107238,2023-01-12,49,Male,South,Organic Search,180
C107239,2024-04-23,57,Female,East,Paid Ads,650
C107240,2023-10-08,57,Male,North,Social Media,420
C107241,2023-04-03,28,Male,South,Organic Search,180
C107242,2024-07-12,60,Female,South,Organic Search,180
C107243,2023-10-11,67,Male,West,Paid Ads,650
C107244,2023-06-22,52,Female,West,Paid Ads,650
C107245,2024-08-23,67,Male,Central,Social Media,420
C107246,2023-03-23,61,Male,North,Referral,90
C107247,2026-06-27,52,Female,Central,Paid Ads,650
C107248,2024-08-28,42,Male,West,Paid Ads,650
C107249,2026-07-05,62,Female,Central,Organic Search,180
C107250,2026-02-07,27,Female,West,Paid Ads,650
C107251,2026-06-13,47,Female,South,Organic Search,180
C107252,2024-11-28,60,Male,Central,Social Media,420
C107253,2024-06-28,67,Male,East,Organic Search,180
C107254,2025-07-14,31,Male,West,Referral,90
C107255,2023-04-14,22,Female,North,Organic Search,180
C107256,2025-12-16,35,Male,North,Organic Search,180
C107257,2024-02-21,62,Male,South,Paid Ads,650
C107258,2023-01-10,45,Female,East,Paid Ads,650
C107259,2023-11-02,20,Male,South,Referral,90
C107260,2023-11-08,24,Female,Central,Referral,90
C107261,2023-01-19,35,Male,North,Direct,60
C107262,2025-05-09,35,Female,North,Paid Ads,650
C107263,2023-05-03,25,Female,South,Organic Search,180
C107264,2025-12-24,43,Male,North,Email Marketing,140
C107265,2024-08-05,42,Female,South,Referral,90
C107266,2025-07-12,28,Female,West,Organic Search,180
C107267,2024-03-12,30,Male,Central,Organic Search,180
C107268,2023-06-19,52,Female,North,Paid Ads,650
C107269,2023-08-20,67,Female,South,Paid Ads,650
C107270,2025-04-10,69,Female,West,Social Media,420
C107271,2025-07-09,47,Female,South,Organic Search,180
C107272,2023-12-11,20,Male,West,Direct,60
C107273,2024-04-04,64,Male,East,Social Media,420
C107274,2026-04-30,67,Male,Central,Referral,90
C107275,2025-12-31,32,Male,North,Organic Search,180
C107276,2024-06-15,38,Male,Central,Social Media,420
C107277,2023-11-06,19,Male,Central,Email Marketing,140
C107278,2024-01-23,59,Male,North,Organic Search,180
C107279,2024-11-23,58,Female,East,Social Media,420
C107280,2024-12-29,19,Male,South,Organic Search,180
C107281,2023-08-25,54,Female,South,Paid Ads,650
C107282,2023-03-26,39,Female,Central,Email Marketing,140
C107283,2024-09-28,46,Female,North,Referral,90
C107284,2025-10-22,29,Male,South,Referral,90
C107285,2023-07-16,60,Female,North,Organic Search,180
C107286,2024-06-09,39,Female,East,Email Marketing,140
C107287,2023-07-27,61,Female,Central,Social Media,420
C107288,2023-11-08,25,Male,East,Organic Search,180
C107289,2025-02-26,48,Male,East,Email Marketing,140
C107290,2024-01-04,34,Female,North,Organic Search,180
C107291,2023-12-06,68,Male,West,Organic Search,180
C107292,2026-07-04,46,Female,South,Email Marketing,140
C107293,2023-08-10,55,Female,East,Organic Search,180
C107294,2023-09-01,22,Female,East,Organic Search,180
C107295,2026-04-10,53,Other,Central,Organic Search,180
C107296,2024-12-08,23,Female,West,Email Marketing,140
C107297,2023-02-25,36,Female,West,Organic Search,180
C107298,2024-06-30,29,Female,South,Paid Ads,650
C107299,2024-12-27,18,Male,North,Organic Search,180
C107300,2023-11-22,48,Female,East,Paid Ads,650
C107301,2024-12-06,30,Female,West,Paid Ads,650
C107302,2025-04-13,44,Other,West,Email Marketing,140
C107303,2023-11-19,57,Male,East,Referral,90
C107304,2025-11-10,27,Male,South,Email Marketing,140
C107305,2024-08-05,54,Female,North,Referral,90
C107306,2026-05-24,33,Male,North,Paid Ads,650
C107307,2023-04-23,35,Female,West,Organic Search,180
C107308,2024-02-21,48,Female,Central,Social Media,420
C107309,2025-07-16,50,Male,East,Paid Ads,650
C107310,2026-02-24,52,Male,West,Social Media,420
C107311,2023-10-13,28,Female,West,Organic Search,180
C107312,2026-06-14,48,Male,North,Referral,90
C107313,2023-09-06,31,Female,North,Paid Ads,650
C107314,2024-06-19,32,Female,North,Paid Ads,650
C107315,2024-02-09,67,Female,Central,Direct,60
C107316,2024-06-29,23,Male,North,Organic Search,180
C107317,2026-03-06,39,Male,East,Organic Search,180
C107318,2025-07-31,40,Female,South,Organic Search,180
C107319,2025-10-21,30,Male,East,Paid Ads,650
C107320,2023-11-23,58,Male,North,Social Media,420
C107321,2026-05-02,43,Female,Central,Direct,60
C107322,2024-07-14,55,Male,South,Email Marketing,140
C107323,2025-04-18,38,Male,Central,Referral,90
C107324,2025-06-16,64,Other,East,Referral,90
C107325,2025-05-02,55,Male,South,Paid Ads,650
C107326,2025-02-12,35,Male,West,Direct,60
C107327,2024-09-09,68,Male,East,Social Media,420
C107328,2025-04-12,62,Female,North,Organic Search,180
C107329,2026-03-10,48,Female,West,Direct,60
C107330,2024-05-16,18,Female,East,Social Media,420
C107331,2024-10-18,48,Other,East,Organic Search,180
C107332,2023-08-20,53,Male,West,Referral,90
C107333,2024-04-01,36,Female,East,Organic Search,180
C107334,2025-09-19,25,Male,South,Organic Search,180
C107335,2025-04-03,47,Female,South,Organic Search,180
C107336,2023-09-29,59,Female,South,Social Media,420
C107337,2024-12-03,34,Male,East,Paid Ads,650
C107338,2025-11-10,41,Female,South,Organic Search,180
C107339,2023-06-09,18,Female,North,Paid Ads,650
C107340,2023-03-21,54,Male,West,Organic Search,180
C107341,2024-05-20,63,Female,North,Social Media,420
C107342,2025-04-24,58,Other,North,Paid Ads,650
C107343,2024-02-07,40,Male,West,Organic Search,180
C107344,2025-11-21,20,Male,West,Organic Search,180
C107345,2025-12-25,43,Other,West,Paid Ads,650
C107346,2024-11-15,66,Male,South,Paid Ads,650
C107347,2024-05-02,22,Male,East,Email Marketing,140
C107348,2023-02-23,29,Female,Central,Organic Search,180
C107349,2025-11-22,61,Female,South,Organic Search,180
C107350,2026-02-25,47,Male,North,Organic Search,180
C107351,2024-07-22,26,Male,North,Social Media,420
C107352,2024-10-26,19,Female,Central,Paid Ads,650
C107353,2025-08-27,39,Female,South,Social Media,420
C107354,2025-06-13,48,Female,East,Referral,90
C107355,2023-06-23,61,Female,East,Organic Search,180
C107356,2025-05-14,63,Male,Central,Paid Ads,650
C107357,2026-04-04,41,Female,South,Direct,60
C107358,2025-08-23,39,Female,East,Organic Search,180
C107359,2024-09-10,66,Female,Central,Social Media,420
C107360,2024-11-03,58,Male,North,Social Media,420
C107361,2023-12-01,28,Male,East,Organic Search,180
C107362,2025-04-29,53,Female,North,Referral,90
C107363,2023-11-07,55,Female,South,Organic Search,180
C107364,2024-03-15,30,Other,North,Organic Search,180
C107365,2023-12-07,68,Male,South,Social Media,420
C107366,2024-03-07,33,Female,North,Email Marketing,140
C107367,2024-04-16,46,Male,West,Organic Search,180
C107368,2023-04-17,43,Female,East,Social Media,420
C107369,2025-07-11,53,Female,South,Organic Search,180
C107370,2024-07-21,64,Female,West,Social Media,420
C107371,2026-05-06,38,Male,Central,Paid Ads,650
C107372,2023-08-21,37,Other,South,Paid Ads,650
C107373,2025-05-10,57,Male,North,Direct,60
C107374,2023-08-19,67,Female,North,Referral,90
C107375,2024-12-04,65,Female,Central,Organic Search,180
C107376,2024-09-23,57,Female,West,Direct,60
C107377,2024-07-30,54,Female,East,Organic Search,180
C107378,2025-04-21,57,Female,North,Referral,90
C107379,2025-12-01,66,Male,East,Referral,90
C107380,2024-02-12,18,Male,West,Email Marketing,140
C107381,2025-12-28,48,Female,South,Paid Ads,650
C107382,2023-08-26,19,Female,North,Referral,90
C107383,2024-01-12,48,Female,South,Social Media,420
C107384,2024-02-04,38,Male,West,Paid Ads,650
C107385,2026-05-11,33,Male,Central,Email Marketing,140
C107386,2023-06-02,64,Female,North,Organic Search,180
C107387,2024-05-23,54,Female,Central,Organic Search,180
C107388,2024-06-29,47,Female,South,Social Media,420
C107389,2025-10-25,63,Male,West,Organic Search,180
C107390,2024-09-16,23,Male,Central,Email Marketing,140
C107391,2026-05-28,51,Male,East,Paid Ads,650
C107392,2025-08-10,26,Male,North,Paid Ads,650
C107393,2025-06-23,30,Female,South,Referral,90
C107394,2025-08-26,27,Male,West,Email Marketing,140
C107395,2023-07-27,46,Male,East,Referral,90
C107396,2024-07-31,50,Other,South,Organic Search,180
C107397,2025-01-23,57,Male,East,Paid Ads,650
C107398,2023-09-26,40,Female,South,Referral,90
C107399,2023-06-02,66,Male,South,Email Marketing,140
C107400,2023-06-24,37,Male,West,Social Media,420
C107401,2025-10-11,26,Male,South,Social Media,420
C107402,2025-04-24,19,Female,South,Paid Ads,650
C107403,2023-12-28,24,Female,South,Paid Ads,650
C107404,2025-08-06,41,Female,Central,Paid Ads,650
C107405,2025-06-13,39,Female,North,Organic Search,180
C107406,2025-11-16,62,Male,North,Organic Search,180
C107407,2026-03-16,24,Female,South,Social Media,420
C107408,2026-02-08,31,Male,North,Social Media,420
C107409,2023-08-21,68,Male,North,Organic Search,180
C107410,2025-09-16,19,Female,North,Email Marketing,140
C107411,2024-05-20,40,Male,North,Organic Search,180
C107412,2024-06-02,28,Other,East,Referral,90
C107413,2025-04-12,45,Female,North,Referral,90
C107414,2025-02-13,68,Male,South,Email Marketing,140
C107415,2024-06-23,29,Male,West,Email Marketing,140
C107416,2026-07-09,37,Female,North,Referral,90
C107417,2023-08-13,41,Female,North,Paid Ads,650
C107418,2023-05-05,59,Male,Central,Social Media,420
C107419,2023-02-07,69,Female,East,Email Marketing,140
C107420,2025-11-13,23,Male,East,Paid Ads,650
C107421,2024-06-06,43,Other,East,Social Media,420
C107422,2024-07-16,57,Male,Central,Organic Search,180
C107423,2025-04-14,18,Female,North,Social Media,420
C107424,2024-07-13,59,Female,North,Organic Search,180
C107425,2025-01-08,30,Female,West,Social Media,420
C107426,2023-03-17,44,Female,North,Paid Ads,650
C107427,2023-07-20,68,Female,East,Organic Search,180
C107428,2026-04-13,51,Male,North,Paid Ads,650
C107429,2024-08-02,69,Male,South,Referral,90
C107430,2023-08-04,49,Female,East,Email Marketing,140
C107431,2024-04-20,28,Male,East,Organic Search,180
C107432,2024-03-06,54,Female,East,Organic Search,180
C107433,2023-12-19,49,Male,North,Referral,90
C107434,2024-01-13,34,Female,South,Social Media,420
C107435,2025-07-26,21,Female,West,Paid Ads,650
C107436,2023-05-18,51,Female,North,Social Media,420
C107437,2024-02-03,48,Male,East,Email Marketing,140
C107438,2024-08-24,58,Other,East,Organic Search,180
C107439,2024-11-25,24,Female,South,Paid Ads,650
C107440,2026-02-06,46,Female,South,Organic Search,180
C107441,2026-04-02,60,Female,West,Direct,60
C107442,2024-01-18,64,Male,South,Email Marketing,140
C107443,2024-11-24,66,Male,North,Social Media,420
C107444,2023-01-29,29,Male,Central,Direct,60
C107445,2025-03-04,26,Female,North,Organic Search,180
C107446,2023-07-16,47,Female,West,Referral,90
C107447,2023-04-05,42,Male,North,Referral,90
C107448,2025-05-13,30,Other,South,Email Marketing,140
C107449,2023-08-18,23,Male,East,Referral,90
C107450,2024-09-05,25,Female,North,Organic Search,180
C107451,2023-05-10,35,Female,West,Organic Search,180
C107452,2025-08-16,56,Male,South,Organic Search,180
C107453,2025-09-10,21,Male,East,Email Marketing,140
C107454,2025-01-09,23,Female,West,Paid Ads,650
C107455,2025-12-10,31,Female,East,Social Media,420
C107456,2024-07-15,63,Male,South,Organic Search,180
C107457,2023-08-28,69,Female,South,Paid Ads,650
C107458,2023-07-14,40,Female,North,Paid Ads,650
C107459,2023-10-09,20,Male,Central,Social Media,420
C107460,2023-09-15,18,Female,East,Paid Ads,650
C107461,2024-02-20,62,Male,East,Organic Search,180
C107462,2023-10-03,41,Female,South,Organic Search,180
C107463,2025-01-30,22,Female,South,Direct,60
C107464,2023-07-10,61,Male,North,Social Media,420
C107465,2025-03-10,45,Female,North,Social Media,420
C107466,2024-03-05,36,Male,South,Email Marketing,140
C107467,2025-06-02,41,Female,South,Social Media,420
C107468,2024-10-21,29,Female,North,Social Media,420
C107469,2026-03-10,66,Male,East,Social Media,420
C107470,2024-07-19,58,Female,East,Organic Search,180
C107471,2024-01-15,28,Male,South,Paid Ads,650
C107472,2025-01-27,56,Female,West,Email Marketing,140
C107473,2025-04-27,27,Female,East,Paid Ads,650
C107474,2024-07-18,41,Female,North,Organic Search,180
C107475,2024-12-20,56,Female,West,Email Marketing,140
C107476,2024-08-28,19,Female,East,Organic Search,180
C107477,2024-01-29,55,Male,East,Social Media,420
C107478,2024-02-08,29,Male,Central,Referral,90
C107479,2026-03-12,54,Female,North,Paid Ads,650
C107480,2025-05-18,43,Male,East,Organic Search,180
C107481,2023-05-03,19,Male,South,Paid Ads,650
C107482,2026-05-22,57,Male,North,Referral,90
C107483,2025-07-04,31,Other,South,Email Marketing,140
C107484,2023-03-06,67,Female,South,Email Marketing,140
C107485,2025-07-25,61,Male,North,Organic Search,180
C107486,2025-01-28,28,Male,East,Organic Search,180
C107487,2026-03-23,49,Female,South,Social Media,420
C107488,2024-09-21,36,Male,South,Referral,90
C107489,2024-10-28,49,Other,North,Organic Search,180
C107490,2024-02-09,46,Female,South,Organic Search,180
C107491,2024-02-18,33,Female,East,Organic Search,180
C107492,2025-03-05,51,Male,East,Paid Ads,650
C107493,2025-11-30,31,Female,West,Referral,90
C107494,2026-02-19,65,Other,Central,Direct,60
C107495,2025-09-18,67,Male,North,Organic Search,180
C107496,2025-02-23,26,Female,South,Social Media,420
C107497,2024-10-05,55,Male,Central,Paid Ads,650
C107498,2024-03-12,66,Other,East,Paid Ads,650
C107499,2025-09-14,24,Female,Central,Organic Search,180
C107500,2024-02-14,56,Male,West,Paid Ads,650
C107501,2023-12-11,66,Female,West,Organic Search,180
C107502,2026-01-21,29,Male,North,Referral,90
C107503,2025-01-28,48,Male,South,Social Media,420
C107504,2024-03-31,59,Female,East,Social Media,420
C107505,2026-01-17,35,Male,East,Social Media,420
C107506,2026-05-23,30,Female,West,Paid Ads,650
C107507,2024-02-13,38,Male,Central,Organic Search,180
C107508,2024-11-01,35,Female,North,Organic Search,180
C107509,2024-09-13,55,Other,South,Organic Search,180
C107510,2025-06-21,37,Female,Central,Organic Search,180
C107511,2026-05-08,37,Female,West,Direct,60
C107512,2024-12-06,67,Other,West,Direct,60
C107513,2025-10-23,48,Female,East,Referral,90
C107514,2025-02-04,66,Female,Central,Social Media,420
C107515,2026-02-14,54,Male,South,Social Media,420
C107516,2024-06-04,64,Male,North,Social Media,420
C107517,2024-05-10,28,Male,North,Social Media,420
C107518,2024-06-27,66,Female,South,Organic Search,180
C107519,2026-07-05,67,Female,West,Direct,60
C107520,2025-02-25,20,Female,South,Referral,90
C107521,2023-07-16,36,Female,East,Organic Search,180
C107522,2023-02-22,39,Male,South,Social Media,420
C107523,2024-10-29,39,Female,West,Referral,90
C107524,2025-11-02,58,Male,North,Email Marketing,140
C107525,2024-09-08,54,Male,East,Paid Ads,650
C107526,2024-12-21,29,Female,North,Paid Ads,650
C107527,2025-10-23,49,Male,East,Paid Ads,650
C107528,2024-10-26,68,Female,South,Paid Ads,650
C107529,2026-03-14,40,Female,East,Organic Search,180
C107530,2025-03-31,66,Female,East,Organic Search,180
C107531,2025-07-29,51,Male,Central,Paid Ads,650
C107532,2025-10-01,66,Male,Central,Paid Ads,650
C107533,2025-03-17,64,Male,South,Referral,90
C107534,2023-03-06,18,Female,North,Social Media,420
C107535,2024-07-03,59,Male,North,Paid Ads,650
C107536,2023-07-01,27,Male,North,Paid Ads,650
C107537,2024-10-18,60,Female,North,Referral,90
C107538,2023-07-04,60,Female,Central,Paid Ads,650
C107539,2024-10-16,31,Female,Central,Social Media,420
C107540,2024-03-18,21,Male,North,Organic Search,180
C107541,2023-01-27,39,Female,West,Organic Search,180
C107542,2023-06-10,33,Male,West,Direct,60
C107543,2024-10-08,46,Male,South,Organic Search,180
C107544,2023-04-12,22,Male,Central,Paid Ads,650
C107545,2026-01-05,20,Female,Central,Organic Search,180
C107546,2025-09-02,40,Female,Central,Social Media,420
C107547,2025-07-01,58,Male,West,Referral,90
C107548,2023-08-10,34,Female,South,Referral,90
C107549,2025-10-20,34,Female,North,Email Marketing,140
C107550,2025-03-27,26,Male,Central,Paid Ads,650
C107551,2024-05-17,32,Female,South,Paid Ads,650
C107552,2023-01-01,33,Male,South,Direct,60
C107553,2024-11-11,31,Male,South,Paid Ads,650
C107554,2025-10-20,35,Female,East,Email Marketing,140
C107555,2023-02-13,32,Male,North,Social Media,420
C107556,2023-03-09,53,Female,West,Organic Search,180
C107557,2024-05-07,35,Male,East,Direct,60
C107558,2024-10-19,57,Female,South,Paid Ads,650
C107559,2024-09-02,49,Female,South,Social Media,420
C107560,2024-07-02,51,Female,East,Organic Search,180
C107561,2023-11-25,48,Female,West,Social Media,420
C107562,2023-03-18,65,Female,Central,Social Media,420
C107563,2023-02-10,31,Male,West,Organic Search,180
C107564,2023-05-08,69,Male,South,Direct,60
C107565,2025-06-06,28,Female,West,Organic Search,180
C107566,2025-10-07,25,Female,East,Paid Ads,650
C107567,2024-07-13,60,Male,East,Organic Search,180
C107568,2023-04-10,64,Female,West,Referral,90
C107569,2024-06-18,22,Male,South,Paid Ads,650
C107570,2026-06-21,49,Male,East,Social Media,420
C107571,2023-11-18,44,Female,West,Referral,90
C107572,2024-09-23,29,Female,South,Referral,90
C107573,2024-11-22,45,Female,West,Direct,60
C107574,2024-02-29,53,Male,South,Email Marketing,140
C107575,2024-07-17,47,Male,East,Paid Ads,650
C107576,2024-08-29,45,Female,West,Referral,90
C107577,2024-09-01,64,Male,North,Organic Search,180
C107578,2025-07-11,29,Female,South,Organic Search,180
C107579,2025-01-17,50,Male,East,Paid Ads,650
C107580,2023-03-10,34,Male,North,Paid Ads,650
C107581,2023-01-09,68,Male,North,Social Media,420
C107582,2024-06-12,31,Male,West,Paid Ads,650
C107583,2026-03-13,63,Male,North,Social Media,420
C107584,2023-02-17,50,Female,East,Direct,60
C107585,2023-04-02,29,Female,North,Organic Search,180
C107586,2025-05-23,57,Male,North,Paid Ads,650
C107587,2024-08-02,30,Female,South,Organic Search,180
C107588,2023-10-24,31,Male,Central,Organic Search,180
C107589,2023-09-24,35,Male,East,Direct,60
C107590,2025-05-05,53,Female,South,Organic Search,180
C107591,2024-11-04,38,Female,South,Organic Search,180
C107592,2025-03-31,47,Female,East,Paid Ads,650
C107593,2023-12-27,46,Male,East,Paid Ads,650
C107594,2024-11-07,28,Male,South,Social Media,420
C107595,2026-01-10,30,Female,North,Direct,60
C107596,2024-02-12,33,Female,East,Referral,90
C107597,2024-05-24,29,Female,East,Paid Ads,650
C107598,2023-07-30,65,Other,West,Referral,90
C107599,2025-04-01,37,Male,East,Email Marketing,140
C107600,2023-02-11,39,Female,West,Organic Search,180
C107601,2023-11-17,52,Female,East,Referral,90
C107602,2025-07-05,58,Male,East,Social Media,420
C107603,2023-01-25,53,Male,East,Referral,90
C107604,2026-06-25,46,Female,North,Organic Search,180
C107605,2024-06-03,68,Male,Central,Referral,90
C107606,2024-05-27,64,Female,South,Referral,90
C107607,2024-11-20,28,Female,East,Referral,90
C107608,2025-04-01,26,Male,East,Organic Search,180
C107609,2024-08-13,38,Female,Central,Organic Search,180
C107610,2026-02-11,61,Female,North,Referral,90
C107611,2026-05-22,68,Male,Central,Social Media,420
C107612,2023-09-15,54,Female,North,Direct,60
C107613,2025-06-27,53,Male,North,Paid Ads,650
C107614,2024-01-22,30,Other,Central,Organic Search,180
C107615,2026-07-04,48,Male,South,Referral,90
C107616,2023-11-22,27,Male,East,Referral,90
C107617,2024-01-15,46,Female,East,Social Media,420
C107618,2025-07-07,28,Male,Central,Referral,90
C107619,2025-10-11,21,Male,West,Paid Ads,650
C107620,2023-06-15,68,Male,South,Organic Search,180
C107621,2024-12-15,64,Female,West,Organic Search,180
C107622,2024-03-20,53,Female,North,Paid Ads,650
C107623,2025-02-25,50,Male,East,Social Media,420
C107624,2024-12-16,30,Male,West,Organic Search,180
C107625,2026-06-21,47,Male,West,Email Marketing,140
C107626,2026-04-15,56,Other,East,Organic Search,180
C107627,2025-04-21,46,Male,West,Referral,90
C107628,2025-05-23,32,Female,East,Social Media,420
C107629,2026-03-01,38,Female,Central,Organic Search,180
C107630,2023-08-24,61,Female,North,Social Media,420
C107631,2025-07-22,31,Female,South,Direct,60
C107632,2025-09-19,67,Male,West,Direct,60
C107633,2023-06-13,57,Female,South,Paid Ads,650
C107634,2026-02-07,64,Male,South,Social Media,420
C107635,2025-06-18,44,Female,West,Organic Search,180
C107636,2024-03-22,29,Male,East,Paid Ads,650
C107637,2024-09-14,19,Male,North,Paid Ads,650
C107638,2024-09-21,45,Male,North,Direct,60
C107639,2026-03-27,38,Male,South,Social Media,420
C107640,2026-05-31,23,Female,South,Organic Search,180
C107641,2025-11-03,66,Female,North,Direct,60
C107642,2025-04-18,68,Male,West,Referral,90
C107643,2023-05-14,37,Female,South,Organic Search,180
C107644,2026-03-22,52,Female,West,Referral,90
C107645,2023-06-22,39,Male,Central,Social Media,420
C107646,2023-08-03,43,Male,South,Paid Ads,650
C107647,2023-03-31,50,Female,Central,Organic Search,180
C107648,2026-05-03,39,Male,North,Organic Search,180
C107649,2024-09-26,59,Female,East,Organic Search,180
C107650,2023-10-31,27,Male,Central,Email Marketing,140
C107651,2023-04-14,52,Male,West,Organic Search,180
C107652,2024-06-13,69,Female,North,Paid Ads,650
C107653,2025-07-19,62,Female,South,Direct,60
C107654,2026-07-03,20,Other,South,Direct,60
C107655,2024-12-11,23,Male,Central,Referral,90
C107656,2025-02-19,50,Female,South,Referral,90
C107657,2025-12-10,66,Female,East,Direct,60
C107658,2026-03-05,61,Female,South,Referral,90
C107659,2023-12-26,65,Other,South,Paid Ads,650
C107660,2026-06-29,25,Other,South,Organic Search,180
C107661,2024-10-29,44,Female,South,Organic Search,180
C107662,2026-04-11,55,Other,East,Paid Ads,650
C107663,2023-06-01,50,Female,South,Organic Search,180
C107664,2023-05-06,58,Female,South,Paid Ads,650
C107665,2026-02-11,29,Female,East,Organic Search,180
C107666,2025-05-14,41,Female,South,Social Media,420
C107667,2023-08-14,41,Male,West,Paid Ads,650
C107668,2026-02-24,66,Male,East,Organic Search,180
C107669,2023-05-12,28,Male,East,Social Media,420
C107670,2025-05-27,34,Female,North,Organic Search,180
C107671,2023-09-21,19,Male,North,Paid Ads,650
C107672,2023-04-01,25,Male,West,Organic Search,180
C107673,2025-11-02,69,Female,Central,Referral,90
C107674,2025-12-25,62,Male,South,Email Marketing,140
C107675,2023-05-17,31,Other,South,Organic Search,180
C107676,2023-04-30,54,Female,South,Email Marketing,140
C107677,2025-03-01,48,Male,West,Email Marketing,140
C107678,2023-02-06,65,Male,North,Direct,60
C107679,2025-08-17,33,Female,Central,Email Marketing,140
C107680,2026-03-23,69,Female,North,Social Media,420
C107681,2025-08-23,37,Male,Central,Organic Search,180
C107682,2023-10-24,55,Male,North,Organic Search,180
C107683,2023-09-02,38,Female,South,Organic Search,180
C107684,2025-05-25,52,Female,South,Paid Ads,650
C107685,2023-03-21,35,Female,South,Direct,60
C107686,2024-11-22,61,Male,Central,Organic Search,180
C107687,2024-07-31,51,Other,South,Social Media,420
C107688,2025-08-15,33,Female,North,Direct,60
C107689,2023-09-18,67,Male,Central,Organic Search,180
C107690,2025-09-07,54,Other,South,Organic Search,180
C107691,2025-06-18,40,Female,North,Organic Search,180
C107692,2023-11-03,25,Female,North,Organic Search,180
C107693,2024-04-03,68,Female,East,Paid Ads,650
C107694,2023-03-26,57,Male,Central,Paid Ads,650
C107695,2024-07-31,52,Female,North,Social Media,420
C107696,2023-12-02,61,Male,West,Organic Search,180
C107697,2023-05-26,49,Female,South,Referral,90
C107698,2024-12-21,30,Male,North,Organic Search,180
C107699,2024-12-30,30,Male,West,Paid Ads,650
C107700,2023-04-21,22,Female,West,Organic Search,180
C107701,2023-08-27,21,Male,East,Referral,90
C107702,2023-04-17,55,Female,North,Social Media,420
C107703,2025-05-23,62,Male,North,Organic Search,180
C107704,2024-03-10,26,Male,West,Social Media,420
C107705,2023-04-02,47,Male,East,Paid Ads,650
C107706,2023-09-04,24,Male,South,Email Marketing,140
C107707,2026-06-09,39,Male,North,Direct,60
C107708,2023-11-25,59,Male,West,Organic Search,180
C107709,2025-05-30,60,Female,North,Paid Ads,650
C107710,2024-08-25,67,Female,East,Organic Search,180
C107711,2023-08-22,34,Male,West,Referral,90
C107712,2024-01-31,67,Male,North,Organic Search,180
C107713,2023-01-19,58,Male,East,Social Media,420
C107714,2025-08-18,35,Male,East,Email Marketing,140
C107715,2024-03-06,35,Male,East,Paid Ads,650
C107716,2024-10-04,23,Female,Central,Email Marketing,140
C107717,2023-07-16,65,Female,East,Organic Search,180
C107718,2025-11-25,28,Female,North,Email Marketing,140
C107719,2023-10-08,31,Female,South,Referral,90
C107720,2024-12-29,39,Female,East,Paid Ads,650
C107721,2026-01-27,25,Male,South,Organic Search,180
C107722,2025-07-06,59,Male,West,Social Media,420
C107723,2025-02-14,54,Female,North,Social Media,420
C107724,2026-02-16,26,Male,North,Organic Search,180
C107725,2023-08-15,26,Male,North,Direct,60
C107726,2026-05-24,19,Other,Central,Referral,90
C107727,2024-12-16,67,Male,West,Direct,60
C107728,2024-06-11,40,Male,East,Paid Ads,650
C107729,2023-11-25,52,Female,South,Paid Ads,650
C107730,2025-08-15,25,Male,Central,Organic Search,180
C107731,2026-06-09,30,Male,Central,Organic Search,180
C107732,2025-06-06,46,Male,South,Organic Search,180
C107733,2023-02-12,28,Male,West,Organic Search,180
C107734,2024-08-26,49,Other,Central,Social Media,420
C107735,2025-07-30,66,Female,South,Organic Search,180
C107736,2024-05-26,33,Female,South,Organic Search,180
C107737,2025-09-21,49,Male,East,Social Media,420
C107738,2025-06-28,65,Male,South,Referral,90
C107739,2023-03-28,64,Female,West,Referral,90
C107740,2024-12-18,18,Male,East,Social Media,420
C107741,2023-08-10,23,Male,North,Organic Search,180
C107742,2024-09-17,69,Female,South,Social Media,420
C107743,2024-05-09,66,Female,West,Social Media,420
C107744,2025-11-03,34,Female,North,Organic Search,180
C107745,2026-01-21,45,Female,South,Organic Search,180
C107746,2024-08-16,47,Female,North,Direct,60
C107747,2024-11-21,52,Female,West,Organic Search,180
C107748,2025-03-16,57,Female,North,Organic Search,180
C107749,2025-04-22,37,Male,North,Organic Search,180
C107750,2025-03-28,64,Male,West,Email Marketing,140
C107751,2025-10-03,21,Male,North,Social Media,420
C107752,2026-06-16,19,Other,West,Direct,60
C107753,2025-11-30,67,Female,South,Email Marketing,140
C107754,2023-06-23,27,Female,West,Referral,90
C107755,2024-09-04,69,Male,North,Organic Search,180
C107756,2024-08-16,32,Female,North,Paid Ads,650
C107757,2024-10-16,36,Male,North,Email Marketing,140
C107758,2024-11-10,19,Male,Central,Direct,60
C107759,2025-07-12,67,Female,West,Email Marketing,140
C107760,2024-06-25,36,Female,South,Direct,60
C107761,2023-12-05,26,Female,North,Social Media,420
C107762,2024-08-11,43,Male,North,Paid Ads,650
C107763,2026-01-03,26,Male,North,Social Media,420
C107764,2024-02-05,59,Male,North,Paid Ads,650
C107765,2023-01-27,21,Male,Central,Organic Search,180
C107766,2026-06-09,43,Female,North,Paid Ads,650
C107767,2023-09-09,38,Male,Central,Organic Search,180
C107768,2025-02-14,19,Male,North,Organic Search,180
C107769,2025-10-26,20,Male,West,Paid Ads,650
C107770,2023-12-19,44,Female,South,Social Media,420
C107771,2024-03-13,38,Female,North,Social Media,420
C107772,2023-12-27,24,Male,West,Social Media,420
C107773,2023-07-12,25,Male,South,Referral,90
C107774,2023-07-16,59,Female,Central,Paid Ads,650
C107775,2023-08-29,55,Female,West,Paid Ads,650
C107776,2024-08-12,49,Male,Central,Social Media,420
C107777,2024-11-13,61,Male,West,Organic Search,180
C107778,2023-01-21,21,Other,South,Social Media,420
C107779,2025-12-24,53,Female,South,Referral,90
C107780,2025-05-19,57,Male,West,Organic Search,180
C107781,2023-04-01,28,Male,South,Email Marketing,140
C107782,2025-12-19,45,Male,East,Organic Search,180
C107783,2023-02-09,57,Male,North,Social Media,420
C107784,2024-12-21,49,Male,West,Email Marketing,140
C107785,2024-08-21,30,Male,South,Referral,90
C107786,2024-10-07,52,Male,North,Social Media,420
C107787,2026-05-14,57,Male,Central,Social Media,420
C107788,2026-04-07,18,Female,West,Organic Search,180
C107789,2023-12-25,47,Male,South,Referral,90
C107790,2025-01-15,44,Female,North,Social Media,420
C107791,2026-05-18,37,Male,West,Organic Search,180
C107792,2025-07-26,20,Female,North,Organic Search,180
C107793,2026-02-15,22,Female,East,Direct,60
C107794,2024-07-13,57,Female,West,Organic Search,180
C107795,2023-12-31,61,Male,South,Email Marketing,140
C107796,2024-10-18,39,Male,South,Organic Search,180
C107797,2025-11-16,66,Female,North,Paid Ads,650
C107798,2026-04-09,66,Male,South,Social Media,420
C107799,2025-06-01,52,Male,East,Social Media,420
C107800,2025-06-27,48,Male,North,Paid Ads,650
C107801,2024-10-20,68,Female,Central,Paid Ads,650
C107802,2024-02-16,49,Female,West,Paid Ads,650
C107803,2024-06-27,66,Male,North,Referral,90
C107804,2024-10-02,68,Female,East,Paid Ads,650
C107805,2025-11-14,28,Female,South,Social Media,420
C107806,2024-12-15,52,Male,South,Paid Ads,650
C107807,2025-10-16,56,Male,East,Paid Ads,650
C107808,2023-02-05,60,Male,North,Paid Ads,650
C107809,2025-08-31,36,Female,North,Organic Search,180
C107810,2024-10-14,62,Female,North,Referral,90
C107811,2026-07-07,43,Female,North,Direct,60
C107812,2024-08-29,38,Female,East,Organic Search,180
C107813,2024-09-07,26,Male,Central,Organic Search,180
C107814,2023-06-13,34,Female,East,Direct,60
C107815,2025-11-03,68,Female,Central,Paid Ads,650
C107816,2025-06-21,55,Female,East,Paid Ads,650
C107817,2026-01-14,55,Male,South,Social Media,420
C107818,2023-04-30,64,Male,Central,Paid Ads,650
C107819,2023-09-30,31,Male,North,Paid Ads,650
C107820,2026-02-01,52,Male,North,Email Marketing,140
C107821,2023-02-24,37,Female,Central,Social Media,420
C107822,2024-10-15,62,Female,East,Social Media,420
C107823,2024-06-04,39,Female,Central,Organic Search,180
C107824,2026-04-23,62,Male,North,Organic Search,180
C107825,2026-01-06,56,Male,West,Email Marketing,140
C107826,2026-02-27,58,Male,North,Email Marketing,140
C107827,2024-01-07,66,Other,South,Email Marketing,140
C107828,2025-01-25,59,Female,Central,Organic Search,180
C107829,2025-06-19,34,Female,South,Email Marketing,140
C107830,2026-05-29,45,Female,West,Organic Search,180
C107831,2023-01-10,42,Female,Central,Social Media,420
C107832,2026-06-10,21,Male,Central,Social Media,420
C107833,2024-04-01,48,Male,North,Paid Ads,650
C107834,2023-06-14,40,Male,North,Paid Ads,650
C107835,2025-03-02,38,Male,Central,Referral,90
C107836,2025-10-02,23,Female,East,Email Marketing,140
C107837,2023-06-16,44,Male,East,Organic Search,180
C107838,2023-02-22,48,Female,North,Organic Search,180
C107839,2026-02-27,23,Female,North,Social Media,420
C107840,2026-04-15,51,Female,Central,Organic Search,180
C107841,2023-07-20,26,Female,East,Organic Search,180
C107842,2026-03-08,25,Male,West,Organic Search,180
C107843,2026-03-15,38,Female,North,Organic Search,180
C107844,2026-07-06,38,Male,North,Paid Ads,650
C107845,2023-10-06,65,Female,East,Direct,60
C107846,2025-01-14,21,Female,Central,Email Marketing,140
C107847,2026-07-02,36,Male,South,Social Media,420
C107848,2026-03-06,56,Male,South,Organic Search,180
C107849,2025-02-16,30,Female,East,Social Media,420
C107850,2023-09-11,69,Female,North,Paid Ads,650
C107851,2023-04-19,56,Female,South,Referral,90
C107852,2023-11-30,67,Male,East,Paid Ads,650
C107853,2023-03-25,67,Female,North,Social Media,420
C107854,2023-09-09,23,Female,East,Organic Search,180
C107855,2023-04-07,41,Male,North,Email Marketing,140
C107856,2025-09-07,56,Female,West,Referral,90
C107857,2025-01-28,18,Female,West,Paid Ads,650
C107858,2024-10-28,41,Female,West,Direct,60
C107859,2025-11-07,53,Male,West,Organic Search,180
C107860,2024-06-12,59,Male,East,Organic Search,180
C107861,2024-06-02,39,Other,South,Referral,90
C107862,2023-09-24,62,Female,South,Social Media,420
C107863,2024-07-26,53,Male,North,Organic Search,180
C107864,2023-08-13,20,Female,West,Organic Search,180
C107865,2025-01-27,32,Male,North,Organic Search,180
C107866,2026-07-06,66,Female,South,Organic Search,180
C107867,2024-11-16,18,Male,East,Paid Ads,650
C107868,2024-01-20,23,Male,East,Organic Search,180
C107869,2025-06-03,35,Other,South,Social Media,420
C107870,2025-11-20,69,Male,South,Social Media,420
C107871,2024-08-29,54,Female,East,Referral,90
C107872,2023-11-18,25,Female,Central,Direct,60
C107873,2025-07-07,38,Male,West,Organic Search,180
C107874,2023-08-29,66,Female,South,Organic Search,180
C107875,2026-07-06,29,Female,West,Organic Search,180
C107876,2024-02-13,47,Female,North,Paid Ads,650
C107877,2024-03-26,42,Female,South,Social Media,420
C107878,2025-07-23,57,Male,North,Organic Search,180
C107879,2023-01-16,57,Male,South,Referral,90
C107880,2023-09-18,61,Male,East,Direct,60
C107881,2023-06-11,24,Female,East,Organic Search,180
C107882,2024-05-17,41,Male,West,Organic Search,180
C107883,2024-12-12,53,Male,East,Referral,90
C107884,2023-08-19,39,Female,North,Referral,90
C107885,2024-03-18,52,Male,East,Organic Search,180
C107886,2025-09-20,51,Female,West,Social Media,420
C107887,2026-04-23,37,Male,East,Organic Search,180
C107888,2023-01-19,23,Male,South,Social Media,420
C107889,2025-03-17,68,Male,East,Referral,90
C107890,2023-02-03,60,Male,East,Organic Search,180
C107891,2024-10-31,64,Female,South,Organic Search,180
C107892,2026-02-04,33,Male,Central,Social Media,420
C107893,2025-10-23,34,Female,North,Social Media,420
C107894,2023-10-27,34,Female,North,Email Marketing,140
C107895,2023-11-29,19,Male,West,Social Media,420
C107896,2025-10-04,26,Female,West,Referral,90
C107897,2025-11-20,34,Female,East,Referral,90
C107898,2023-12-28,69,Male,East,Social Media,420
C107899,2023-01-04,28,Female,Central,Organic Search,180
C107900,2024-07-25,44,Male,South,Organic Search,180
C107901,2025-03-07,46,Female,South,Social Media,420
C107902,2024-07-24,36,Male,East,Organic Search,180
C107903,2026-04-17,65,Female,South,Organic Search,180
C107904,2025-11-12,22,Female,East,Organic Search,180
C107905,2025-10-10,63,Other,Central,Direct,60
C107906,2023-01-27,56,Other,North,Referral,90
C107907,2026-01-02,33,Male,North,Email Marketing,140
C107908,2025-08-29,57,Female,South,Direct,60
C107909,2024-05-25,40,Male,East,Referral,90
C107910,2025-01-28,68,Male,West,Social Media,420
C107911,2025-11-25,19,Male,Central,Paid Ads,650
C107912,2026-03-11,19,Female,West,Referral,90
C107913,2024-12-09,46,Female,Central,Email Marketing,140
C107914,2023-02-23,66,Male,South,Email Marketing,140
C107915,2025-03-06,21,Other,North,Paid Ads,650
C107916,2025-05-24,58,Female,South,Referral,90
C107917,2023-03-17,66,Male,West,Paid Ads,650
C107918,2025-11-17,43,Female,North,Paid Ads,650
C107919,2023-09-17,63,Female,North,Paid Ads,650
C107920,2026-02-19,57,Female,South,Organic Search,180
C107921,2024-12-09,29,Male,South,Organic Search,180
C107922,2024-02-19,62,Female,East,Referral,90
C107923,2023-03-17,54,Male,Central,Organic Search,180
C107924,2023-01-23,18,Female,North,Email Marketing,140
C107925,2025-08-11,47,Male,East,Organic Search,180
C107926,2024-04-30,52,Male,North,Organic Search,180
C107927,2025-12-16,59,Male,North,Paid Ads,650
C107928,2023-10-24,58,Female,South,Organic Search,180
C107929,2026-03-29,42,Male,East,Organic Search,180
C107930,2026-04-25,33,Male,East,Organic Search,180
C107931,2023-05-11,27,Male,East,Social Media,420
C107932,2025-04-11,22,Other,West,Organic Search,180
C107933,2026-04-23,51,Male,North,Social Media,420
C107934,2024-02-20,67,Male,West,Organic Search,180
C107935,2023-03-28,22,Male,West,Organic Search,180
C107936,2026-01-30,54,Female,North,Organic Search,180
C107937,2024-09-01,48,Male,South,Organic Search,180
C107938,2023-02-04,26,Male,North,Referral,90
C107939,2025-12-16,29,Female,North,Paid Ads,650
C107940,2025-05-23,32,Female,South,Social Media,420
C107941,2023-04-01,53,Female,South,Email Marketing,140
C107942,2023-11-29,33,Male,Central,Organic Search,180
C107943,2023-01-24,61,Female,Central,Email Marketing,140
C107944,2026-05-12,37,Female,East,Referral,90
C107945,2023-02-02,23,Female,West,Referral,90
C107946,2025-10-20,22,Female,Central,Email Marketing,140
C107947,2024-10-19,38,Female,South,Organic Search,180
C107948,2025-01-19,39,Other,East,Social Media,420
C107949,2025-11-09,56,Male,East,Paid Ads,650
C107950,2026-02-24,42,Other,Central,Social Media,420
C107951,2023-06-13,26,Female,West,Organic Search,180
C107952,2023-01-23,29,Female,North,Organic Search,180
C107953,2023-06-10,47,Male,West,Direct,60
C107954,2025-05-27,35,Male,South,Paid Ads,650
C107955,2025-01-01,52,Female,South,Organic Search,180
C107956,2023-04-18,65,Female,East,Organic Search,180
C107957,2023-10-29,36,Male,West,Social Media,420
C107958,2024-11-21,46,Female,North,Organic Search,180
C107959,2025-07-28,61,Male,South,Organic Search,180
C107960,2024-03-17,28,Female,West,Direct,60
C107961,2026-05-06,44,Female,North,Organic Search,180
C107962,2026-06-30,33,Female,West,Organic Search,180
C107963,2025-09-12,50,Male,South,Social Media,420
C107964,2024-08-07,56,Male,East,Organic Search,180
C107965,2026-02-02,25,Male,North,Organic Search,180
C107966,2025-07-25,27,Female,Central,Social Media,420
C107967,2024-10-30,19,Female,Central,Referral,90
C107968,2024-07-24,18,Female,North,Paid Ads,650
C107969,2025-12-06,20,Female,West,Referral,90
C107970,2024-12-17,54,Male,West,Email Marketing,140
C107971,2023-08-24,65,Male,North,Social Media,420
C107972,2026-07-09,39,Female,East,Social Media,420
C107973,2023-03-29,63,Female,Central,Email Marketing,140
C107974,2025-06-12,55,Male,East,Organic Search,180
C107975,2025-04-23,59,Female,Central,Social Media,420
C107976,2025-01-23,56,Female,North,Organic Search,180
C107977,2023-03-08,28,Male,Central,Organic Search,180
C107978,2024-09-25,45,Male,Central,Direct,60
C107979,2026-02-21,45,Female,North,Organic Search,180
C107980,2023-11-05,51,Male,South,Paid Ads,650
C107981,2025-06-08,59,Male,East,Organic Search,180
C107982,2026-01-09,23,Female,Central,Social Media,420
C107983,2026-05-09,53,Other,North,Email Marketing,140
C107984,2024-10-25,61,Male,South,Paid Ads,650
C107985,2024-02-08,24,Male,West,Email Marketing,140
C107986,2025-06-18,39,Female,South,Paid Ads,650
C107987,2024-09-17,64,Male,East,Email Marketing,140
C107988,2025-03-17,19,Female,East,Email Marketing,140
C107989,2025-08-11,26,Female,Central,Organic Search,180
C107990,2025-07-02,59,Male,North,Email Marketing,140
C107991,2023-11-09,26,Female,Central,Organic Search,180
C107992,2025-08-29,54,Male,East,Paid Ads,650
C107993,2024-11-27,64,Female,Central,Organic Search,180
C107994,2026-04-11,43,Female,North,Paid Ads,650
C107995,2025-04-28,43,Male,East,Direct,60
C107996,2026-02-20,40,Male,West,Referral,90
C107997,2026-06-12,37,Female,West,Social Media,420
C107998,2026-07-02,37,Male,North,Direct,60
C107999,2025-08-15,46,Male,South,Paid Ads,650
