return_id,order_id,customer_id,return_date,refund_amount,reason
R000001,O0000044,C100005,2026-02-19,11879.08,Size Issue
R000002,O0000101,C100014,2025-11-02,3129.77,Size Issue
R000003,O0000113,C100014,2026-02-28,2399.35,Changed Mind
R000004,O0000151,C100015,2024-09-26,1585.19,Not as Described
R000005,O0000199,C100015,2026-03-16,1390.56,Late Delivery
R000006,O0000206,C100015,2026-08-04,31394.28,Not as Described
R000007,O0000220,C100016,2026-02-08,25516.63,Late Delivery
R000008,O0000227,C100017,2024-03-10,2509.6,Not as Described
R000009,O0000232,C100017,2025-09-03,29183.45,Changed Mind
R000010,O0000239,C100018,2024-04-05,50.3,Late Delivery
R000011,O0000246,C100018,2025-11-28,2732.19,Not as Described
R000012,O0000254,C100019,2024-04-25,2127.99,Better Price Found
R000013,O0000267,C100024,2025-01-13,469.9,Better Price Found
R000014,O0000276,C100024,2025-03-14,2016.64,Size Issue
R000015,O0000281,C100024,2025-04-28,8630.45,Better Price Found
R000016,O0000324,C100024,2026-06-18,14335.66,Changed Mind
R000017,O0000335,C100024,2026-08-07,1684.72,Better Price Found
R000018,O0000343,C100025,2024-10-27,2407.69,Better Price Found
R000019,O0000362,C100025,2025-04-06,18314.78,Size Issue
R000020,O0000372,C100025,2025-06-19,22434.39,Not as Described
R000021,O0000381,C100025,2025-07-03,1564.93,Better Price Found
R000022,O0000389,C100025,2025-10-06,5442.85,Late Delivery
R000023,O0000448,C100028,2024-04-22,8046.71,Not as Described
R000024,O0000464,C100030,2023-11-30,9593.21,Not as Described
R000025,O0000470,C100030,2024-04-22,380.83,Not as Described
R000026,O0000482,C100030,2026-02-14,174.12,Not as Described
R000027,O0000491,C100031,2025-04-15,14548.96,Size Issue
R000028,O0000496,C100031,2025-04-28,1596.82,Defective Product
R000029,O0000497,C100031,2025-05-20,22745.98,Not as Described
R000030,O0000504,C100031,2025-07-17,1320.81,Size Issue
R000031,O0000524,C100031,2025-12-19,5230.9,Not as Described
R000032,O0000540,C100031,2026-04-08,225.52,Late Delivery
R000033,O0000562,C100034,2024-08-01,2664.5,Defective Product
R000034,O0000566,C100034,2024-08-09,4781.28,Late Delivery
R000035,O0000570,C100034,2024-09-03,2614.84,Not as Described
R000036,O0000585,C100034,2024-12-21,910.68,Defective Product
R000037,O0000586,C100034,2025-01-01,13047.95,Defective Product
R000038,O0000605,C100034,2025-04-18,7750.94,Defective Product
R000039,O0000609,C100034,2025-06-12,8370.85,Size Issue
R000040,O0000615,C100034,2025-08-04,13875.56,Late Delivery
R000041,O0000628,C100034,2025-10-12,173.48,Size Issue
R000042,O0000631,C100034,2025-11-04,77863.2,Defective Product
R000043,O0000639,C100034,2025-12-16,1751.96,Late Delivery
R000044,O0000642,C100034,2026-01-23,5603.46,Size Issue
R000045,O0000644,C100034,2026-01-24,11588.53,Better Price Found
R000046,O0000652,C100034,2026-04-11,32111.45,Not as Described
R000047,O0000657,C100034,2026-05-17,19554.77,Changed Mind
R000048,O0000661,C100034,2026-06-08,2219.78,Size Issue
R000049,O0000672,C100034,2026-07-25,3631.14,Late Delivery
R000050,O0000682,C100036,2025-05-31,11162.31,Not as Described
R000051,O0000687,C100036,2025-07-26,3228.84,Better Price Found
R000052,O0000729,C100037,2024-11-10,34353.72,Changed Mind
R000053,O0000730,C100037,2024-11-20,7742.11,Better Price Found
R000054,O0000734,C100037,2025-01-16,4867.13,Size Issue
R000055,O0000755,C100037,2025-10-02,30382.01,Better Price Found
R000056,O0000763,C100037,2025-10-13,12431.43,Changed Mind
R000057,O0000780,C100037,2026-02-12,1288.7,Better Price Found
R000058,O0000808,C100038,2023-12-20,12688.09,Better Price Found
R000059,O0000812,C100038,2024-09-14,29790.01,Defective Product
R000060,O0000820,C100039,2024-06-29,1883.47,Not as Described
R000061,O0000827,C100039,2024-11-03,2870.32,Changed Mind
R000062,O0000829,C100039,2024-11-10,47063.86,Defective Product
R000063,O0000838,C100039,2025-05-16,1682.94,Not as Described
R000064,O0000849,C100039,2025-10-30,3113.3,Better Price Found
R000065,O0000864,C100039,2026-05-09,3026.61,Not as Described
R000066,O0000865,C100039,2026-05-26,10211.15,Not as Described
R000067,O0000876,C100041,2026-07-29,2220.77,Changed Mind
R000068,O0000941,C100042,2024-10-18,1308.26,Defective Product
R000069,O0000960,C100042,2025-03-18,6425.61,Late Delivery
R000070,O0000964,C100042,2025-03-27,9585.85,Changed Mind
R000071,O0000967,C100042,2025-04-12,3455.34,Defective Product
R000072,O0000969,C100042,2025-04-24,20477.51,Changed Mind
R000073,O0000986,C100042,2025-06-07,5163.85,Changed Mind
R000074,O0001023,C100042,2026-06-11,3458.72,Changed Mind
R000075,O0001033,C100043,2025-10-13,7397.0,Defective Product
R000076,O0001035,C100043,2025-11-23,83623.34,Late Delivery
R000077,O0001042,C100043,2026-04-22,1908.89,Size Issue
R000078,O0001073,C100046,2025-07-28,23642.91,Changed Mind
R000079,O0001089,C100046,2026-04-10,7662.05,Changed Mind
R000080,O0001104,C100047,2024-08-19,15220.83,Better Price Found
R000081,O0001135,C100048,2024-02-23,17818.6,Not as Described
R000082,O0001139,C100048,2024-05-04,6291.52,Not as Described
R000083,O0001146,C100048,2024-06-18,3597.29,Changed Mind
R000084,O0001151,C100048,2024-08-30,67449.8,Defective Product
R000085,O0001175,C100048,2025-09-10,7697.25,Not as Described
R000086,O0001180,C100048,2025-10-31,5761.96,Changed Mind
R000087,O0001182,C100048,2025-11-22,14079.94,Defective Product
R000088,O0001188,C100048,2026-01-21,3845.72,Not as Described
R000089,O0001197,C100048,2026-04-04,42199.86,Better Price Found
R000090,O0001201,C100048,2026-07-15,1184.28,Size Issue
R000091,O0001210,C100051,2025-04-06,3112.61,Size Issue
R000092,O0001217,C100051,2025-06-23,1947.0,Defective Product
R000093,O0001219,C100051,2025-07-09,4492.96,Not as Described
R000094,O0001229,C100051,2025-11-04,4297.67,Not as Described
R000095,O0001254,C100051,2026-06-10,5436.87,Defective Product
R000096,O0001255,C100051,2026-06-10,4005.9,Better Price Found
R000097,O0001266,C100052,2023-08-11,170060.4,Better Price Found
R000098,O0001278,C100052,2024-07-03,103727.29,Defective Product
R000099,O0001290,C100052,2025-03-15,8401.8,Not as Described
R000100,O0001297,C100052,2025-06-03,5167.23,Not as Described
R000101,O0001299,C100052,2025-07-02,2099.27,Defective Product
R000102,O0001302,C100052,2025-08-02,53466.8,Changed Mind
R000103,O0001310,C100052,2026-01-12,511.7,Better Price Found
R000104,O0001315,C100052,2026-02-22,2551.85,Changed Mind
R000105,O0001318,C100052,2026-06-09,7049.52,Late Delivery
R000106,O0001321,C100052,2026-07-22,28935.21,Better Price Found
R000107,O0001335,C100054,2024-11-12,9429.7,Size Issue
R000108,O0001336,C100054,2024-11-14,3647.07,Better Price Found
R000109,O0001374,C100056,2024-07-10,6022.86,Not as Described
R000110,O0001381,C100059,2023-02-01,2924.95,Defective Product
R000111,O0001385,C100059,2023-03-19,475.06,Changed Mind
R000112,O0001393,C100059,2023-10-03,31608.84,Changed Mind
R000113,O0001394,C100059,2023-10-14,4029.19,Defective Product
R000114,O0001398,C100059,2024-01-24,6359.6,Late Delivery
R000115,O0001401,C100059,2024-05-18,4546.73,Changed Mind
R000116,O0001404,C100059,2024-06-30,56384.05,Better Price Found
R000117,O0001407,C100059,2024-08-02,79674.08,Defective Product
R000118,O0001420,C100059,2025-03-27,20706.63,Defective Product
R000119,O0001429,C100059,2025-12-04,3650.7,Size Issue
R000120,O0001453,C100060,2025-05-05,12010.1,Defective Product
R000121,O0001461,C100061,2024-10-04,5006.88,Size Issue
R000122,O0001474,C100061,2026-04-05,6278.84,Changed Mind
R000123,O0001506,C100065,2026-05-11,1918.39,Size Issue
R000124,O0001527,C100068,2024-05-20,1010.1,Size Issue
R000125,O0001535,C100068,2024-09-14,1302.4,Changed Mind
R000126,O0001582,C100068,2026-06-03,1931.16,Size Issue
R000127,O0001598,C100069,2025-08-20,15573.49,Late Delivery
R000128,O0001607,C100069,2026-04-17,1574.37,Late Delivery
R000129,O0001620,C100071,2025-02-21,15057.52,Size Issue
R000130,O0001626,C100072,2024-11-26,28117.49,Better Price Found
R000131,O0001637,C100074,2025-08-11,3344.8,Size Issue
R000132,O0001647,C100075,2026-02-01,4920.59,Defective Product
R000133,O0001648,C100075,2026-02-04,1839.09,Size Issue
R000134,O0001655,C100076,2025-03-30,268.56,Changed Mind
R000135,O0001656,C100076,2025-04-06,12831.09,Size Issue
R000136,O0001662,C100076,2025-06-05,374.32,Not as Described
R000137,O0001683,C100077,2023-10-02,6276.63,Better Price Found
R000138,O0001711,C100077,2026-02-26,5690.13,Late Delivery
R000139,O0001722,C100077,2026-07-23,18125.91,Size Issue
R000140,O0001725,C100078,2024-08-23,6422.99,Defective Product
R000141,O0001753,C100080,2023-11-30,540.36,Not as Described
R000142,O0001757,C100080,2024-02-07,224.9,Size Issue
R000143,O0001768,C100080,2024-05-07,112101.15,Defective Product
R000144,O0001771,C100080,2024-06-04,12123.29,Size Issue
R000145,O0001772,C100080,2024-06-10,714.87,Changed Mind
R000146,O0001777,C100080,2024-07-21,7232.29,Changed Mind
R000147,O0001783,C100080,2024-09-17,333.53,Changed Mind
R000148,O0001796,C100080,2025-01-21,1564.19,Not as Described
R000149,O0001797,C100080,2025-02-05,299.49,Size Issue
R000150,O0001804,C100080,2025-04-21,180.95,Late Delivery
R000151,O0001829,C100080,2025-09-19,588.34,Not as Described
R000152,O0001854,C100080,2026-02-04,43715.43,Better Price Found
R000153,O0001855,C100080,2026-02-01,5741.25,Size Issue
R000154,O0001866,C100080,2026-04-10,1784.16,Changed Mind
R000155,O0001874,C100080,2026-05-19,19335.24,Defective Product
R000156,O0001876,C100080,2026-05-26,7337.47,Late Delivery
R000157,O0001879,C100080,2026-07-05,5808.48,Late Delivery
R000158,O0001880,C100080,2026-07-12,2906.4,Defective Product
R000159,O0001893,C100083,2024-02-15,31160.28,Defective Product
R000160,O0001897,C100083,2025-04-17,3579.34,Late Delivery
R000161,O0001912,C100085,2026-06-22,1525.7,Better Price Found
R000162,O0001942,C100088,2026-05-03,10217.43,Changed Mind
R000163,O0001958,C100090,2024-05-17,8252.83,Changed Mind
R000164,O0002010,C100094,2026-06-24,519.33,Late Delivery
R000165,O0002020,C100095,2024-01-19,18587.9,Not as Described
R000166,O0002027,C100095,2025-10-17,24803.94,Better Price Found
R000167,O0002028,C100095,2026-01-08,9462.81,Changed Mind
R000168,O0002058,C100100,2024-01-29,4330.52,Better Price Found
R000169,O0002071,C100100,2024-07-10,6624.15,Defective Product
R000170,O0002082,C100100,2025-06-07,11937.76,Late Delivery
R000171,O0002085,C100100,2025-09-13,1868.94,Not as Described
R000172,O0002097,C100101,2024-06-24,2231.88,Defective Product
R000173,O0002101,C100101,2024-09-10,3306.14,Size Issue
R000174,O0002148,C100101,2026-07-31,26177.01,Better Price Found
R000175,O0002175,C100102,2025-05-08,14251.31,Changed Mind
R000176,O0002180,C100102,2025-06-16,40021.48,Not as Described
R000177,O0002212,C100102,2026-02-27,1348.89,Size Issue
R000178,O0002218,C100102,2026-04-26,10629.21,Size Issue
R000179,O0002229,C100102,2026-07-20,792.78,Changed Mind
R000180,O0002239,C100104,2026-02-07,4470.22,Size Issue
R000181,O0002260,C100104,2026-07-06,2470.22,Changed Mind
R000182,O0002262,C100104,2026-07-01,1648.56,Size Issue
R000183,O0002291,C100105,2026-05-03,230.08,Not as Described
R000184,O0002307,C100108,2023-04-29,8524.96,Defective Product
R000185,O0002308,C100108,2023-06-21,440.64,Not as Described
R000186,O0002309,C100108,2023-07-21,2970.61,Changed Mind
R000187,O0002320,C100108,2024-06-07,589.39,Defective Product
R000188,O0002329,C100108,2025-04-09,2197.46,Size Issue
R000189,O0002368,C100111,2025-06-20,4644.45,Not as Described
R000190,O0002373,C100111,2025-10-19,4705.45,Not as Described
R000191,O0002379,C100111,2026-05-26,22759.06,Size Issue
R000192,O0002381,C100111,2026-07-18,3947.82,Late Delivery
R000193,O0002383,C100111,2026-07-28,7892.08,Not as Described
R000194,O0002399,C100113,2024-02-19,3151.88,Size Issue
R000195,O0002409,C100115,2024-01-02,1270.26,Size Issue
R000196,O0002423,C100116,2023-12-23,12716.51,Better Price Found
R000197,O0002479,C100116,2025-03-02,260.31,Late Delivery
R000198,O0002505,C100116,2025-10-02,12247.59,Size Issue
R000199,O0002512,C100116,2025-12-10,9328.36,Better Price Found
R000200,O0002575,C100122,2026-07-12,10400.27,Size Issue
R000201,O0002600,C100124,2024-12-31,9677.38,Late Delivery
R000202,O0002602,C100124,2025-01-30,3792.23,Defective Product
R000203,O0002607,C100124,2025-05-12,21158.67,Defective Product
R000204,O0002638,C100124,2026-06-08,3493.96,Not as Described
R000205,O0002661,C100127,2023-05-22,23692.79,Size Issue
R000206,O0002664,C100127,2023-06-15,6829.63,Changed Mind
R000207,O0002669,C100127,2023-08-01,2107.5,Not as Described
R000208,O0002670,C100127,2023-08-31,2200.66,Late Delivery
R000209,O0002676,C100127,2023-10-03,850.71,Changed Mind
R000210,O0002704,C100127,2024-04-14,5968.55,Defective Product
R000211,O0002705,C100127,2024-04-16,2427.15,Not as Described
R000212,O0002710,C100127,2024-05-05,6012.82,Size Issue
R000213,O0002720,C100127,2024-08-03,1364.63,Changed Mind
R000214,O0002725,C100127,2024-08-19,800.27,Late Delivery
R000215,O0002738,C100127,2024-12-24,1268.78,Size Issue
R000216,O0002741,C100127,2025-01-27,82567.18,Not as Described
R000217,O0002748,C100127,2025-03-22,15678.22,Changed Mind
R000218,O0002755,C100127,2025-06-16,2921.26,Defective Product
R000219,O0002759,C100127,2025-07-01,4732.64,Changed Mind
R000220,O0002770,C100127,2025-08-26,937.47,Defective Product
R000221,O0002787,C100127,2026-02-20,573.24,Not as Described
R000222,O0002791,C100127,2026-04-02,34979.87,Better Price Found
R000223,O0002796,C100127,2026-04-24,4290.2,Size Issue
R000224,O0002798,C100127,2026-04-17,6964.53,Late Delivery
R000225,O0002819,C100133,2026-02-08,1384.85,Better Price Found
R000226,O0002840,C100137,2026-02-02,1451.35,Changed Mind
R000227,O0002860,C100139,2023-04-10,23855.68,Changed Mind
R000228,O0002884,C100141,2024-10-31,9893.83,Better Price Found
R000229,O0002902,C100142,2024-02-01,25778.51,Changed Mind
R000230,O0002910,C100142,2024-05-23,23549.18,Changed Mind
R000231,O0002916,C100142,2024-07-21,1425.81,Better Price Found
R000232,O0002920,C100142,2024-08-11,5576.72,Better Price Found
R000233,O0002923,C100142,2024-10-02,9007.37,Changed Mind
R000234,O0002925,C100142,2024-11-09,19355.83,Defective Product
R000235,O0002934,C100142,2025-02-20,4717.68,Size Issue
R000236,O0002966,C100142,2025-09-05,9841.93,Size Issue
R000237,O0003016,C100143,2023-11-04,14721.92,Size Issue
R000238,O0003018,C100143,2024-01-29,25145.42,Changed Mind
R000239,O0003056,C100148,2025-09-02,55976.63,Defective Product
R000240,O0003087,C100149,2025-10-17,24582.67,Changed Mind
R000241,O0003098,C100149,2026-02-15,1206.05,Late Delivery
R000242,O0003108,C100149,2026-04-06,2920.05,Late Delivery
R000243,O0003141,C100150,2025-02-17,337.67,Not as Described
R000244,O0003144,C100150,2025-06-12,1856.56,Not as Described
R000245,O0003154,C100151,2026-02-01,287.14,Not as Described
R000246,O0003157,C100151,2026-03-14,396.52,Late Delivery
R000247,O0003172,C100152,2025-05-23,8286.31,Size Issue
R000248,O0003199,C100155,2025-12-04,2972.48,Late Delivery
R000249,O0003211,C100156,2024-05-01,760.85,Better Price Found
R000250,O0003212,C100156,2024-09-09,1452.64,Not as Described
R000251,O0003219,C100157,2024-02-20,23156.2,Better Price Found
R000252,O0003244,C100159,2024-07-01,22653.12,Defective Product
R000253,O0003246,C100159,2024-08-17,4250.14,Defective Product
R000254,O0003290,C100160,2026-06-23,7835.31,Late Delivery
R000255,O0003312,C100162,2025-03-06,2999.39,Better Price Found
R000256,O0003321,C100162,2025-05-27,5046.95,Not as Described
R000257,O0003337,C100162,2025-08-22,3246.09,Not as Described
R000258,O0003339,C100162,2025-09-02,2248.85,Late Delivery
R000259,O0003358,C100162,2026-03-06,3551.33,Better Price Found
R000260,O0003361,C100162,2026-04-14,957.87,Size Issue
R000261,O0003370,C100162,2026-07-19,827.44,Late Delivery
R000262,O0003377,C100163,2026-07-30,5035.14,Changed Mind
R000263,O0003386,C100165,2025-07-17,109352.92,Changed Mind
R000264,O0003389,C100165,2025-09-19,1909.91,Not as Described
R000265,O0003392,C100165,2025-11-17,39055.16,Defective Product
R000266,O0003406,C100166,2025-03-27,50073.32,Late Delivery
R000267,O0003416,C100167,2023-09-17,19559.45,Late Delivery
R000268,O0003420,C100167,2025-03-11,3971.21,Size Issue
R000269,O0003428,C100168,2023-09-29,8695.2,Size Issue
R000270,O0003447,C100169,2025-10-14,2913.03,Not as Described
R000271,O0003459,C100170,2023-03-22,62588.79,Changed Mind
R000272,O0003460,C100170,2023-04-15,6746.75,Size Issue
R000273,O0003463,C100170,2023-06-25,8644.39,Changed Mind
R000274,O0003465,C100170,2023-08-29,9323.37,Defective Product
R000275,O0003471,C100170,2023-10-27,22793.74,Not as Described
R000276,O0003487,C100170,2024-04-29,403.53,Not as Described
R000277,O0003494,C100170,2024-06-26,20923.18,Late Delivery
R000278,O0003497,C100170,2024-07-11,12870.08,Changed Mind
R000279,O0003513,C100170,2024-12-08,42061.43,Late Delivery
R000280,O0003520,C100170,2025-01-19,5469.16,Better Price Found
R000281,O0003522,C100170,2025-02-03,7659.31,Changed Mind
R000282,O0003529,C100170,2025-04-10,4067.75,Changed Mind
R000283,O0003546,C100170,2025-10-08,3103.9,Changed Mind
R000284,O0003551,C100170,2025-11-07,10586.27,Late Delivery
R000285,O0003553,C100170,2025-11-22,2309.47,Defective Product
R000286,O0003556,C100170,2025-11-27,1048.11,Not as Described
R000287,O0003565,C100170,2026-02-20,5246.83,Size Issue
R000288,O0003567,C100170,2026-03-10,59855.98,Not as Described
R000289,O0003571,C100170,2026-04-13,163.09,Better Price Found
R000290,O0003572,C100170,2026-04-24,7848.38,Not as Described
R000291,O0003581,C100170,2026-06-20,372.63,Not as Described
R000292,O0003590,C100171,2023-03-20,3741.4,Changed Mind
R000293,O0003597,C100171,2024-10-22,1580.78,Late Delivery
R000294,O0003598,C100172,2023-11-04,5191.78,Late Delivery
R000295,O0003605,C100172,2025-07-26,211.16,Not as Described
R000296,O0003624,C100177,2023-10-23,3352.83,Late Delivery
R000297,O0003639,C100177,2024-11-28,2516.2,Better Price Found
R000298,O0003699,C100177,2026-07-28,87871.1,Better Price Found
R000299,O0003726,C100179,2024-03-12,13125.91,Defective Product
R000300,O0003730,C100179,2025-07-28,663.06,Changed Mind
R000301,O0003739,C100181,2024-07-08,1302.42,Better Price Found
R000302,O0003783,C100188,2024-01-31,3726.69,Better Price Found
R000303,O0003792,C100188,2024-06-24,3226.3,Changed Mind
R000304,O0003835,C100188,2025-07-01,7148.89,Better Price Found
R000305,O0003840,C100188,2025-09-19,17632.41,Defective Product
R000306,O0003854,C100188,2026-01-24,4036.99,Changed Mind
R000307,O0003869,C100188,2026-07-04,5843.44,Better Price Found
R000308,O0003883,C100191,2025-12-28,1990.01,Better Price Found
R000309,O0003884,C100191,2026-02-14,16112.13,Late Delivery
R000310,O0003918,C100192,2025-11-27,1222.44,Changed Mind
R000311,O0003984,C100193,2025-11-08,3517.05,Defective Product
R000312,O0003995,C100193,2026-04-03,1322.22,Size Issue
R000313,O0004017,C100194,2024-07-30,2303.44,Not as Described
R000314,O0004038,C100194,2025-05-31,2713.6,Changed Mind
R000315,O0004041,C100194,2025-06-10,115.66,Not as Described
R000316,O0004048,C100194,2025-09-03,4607.46,Better Price Found
R000317,O0004053,C100194,2025-10-03,11428.18,Size Issue
R000318,O0004059,C100194,2025-11-25,6338.42,Better Price Found
R000319,O0004074,C100194,2026-03-16,8739.61,Changed Mind
R000320,O0004075,C100194,2026-03-25,6561.61,Late Delivery
R000321,O0004076,C100194,2026-04-02,2746.62,Better Price Found
R000322,O0004092,C100194,2026-07-28,1194.3,Defective Product
R000323,O0004102,C100196,2025-03-22,9421.59,Changed Mind
R000324,O0004115,C100197,2024-06-03,661.93,Better Price Found
R000325,O0004138,C100199,2026-05-25,16603.77,Changed Mind
R000326,O0004158,C100200,2025-12-07,11706.33,Late Delivery
R000327,O0004164,C100200,2026-01-20,4646.88,Size Issue
R000328,O0004167,C100200,2026-04-15,8052.22,Better Price Found
R000329,O0004223,C100203,2025-06-22,28216.38,Better Price Found
R000330,O0004227,C100203,2025-08-05,4341.68,Not as Described
R000331,O0004236,C100203,2025-12-09,4744.58,Not as Described
R000332,O0004246,C100203,2026-03-31,17671.3,Changed Mind
R000333,O0004253,C100203,2026-07-23,10541.43,Changed Mind
R000334,O0004277,C100206,2024-05-05,4210.92,Changed Mind
R000335,O0004280,C100207,2024-01-17,636.94,Defective Product
R000336,O0004286,C100207,2024-06-02,479.21,Late Delivery
R000337,O0004287,C100207,2024-10-11,4848.49,Changed Mind
R000338,O0004290,C100208,2024-08-30,6896.17,Not as Described
R000339,O0004302,C100208,2025-02-21,8020.89,Changed Mind
R000340,O0004309,C100208,2025-08-11,3224.02,Defective Product
R000341,O0004341,C100212,2026-04-12,29224.97,Changed Mind
R000342,O0004353,C100214,2023-07-31,1015.32,Better Price Found
R000343,O0004368,C100217,2023-07-25,31184.76,Size Issue
R000344,O0004373,C100217,2023-12-02,4316.96,Not as Described
R000345,O0004388,C100219,2024-01-21,1884.36,Size Issue
R000346,O0004396,C100219,2024-10-01,2913.53,Size Issue
R000347,O0004413,C100220,2024-02-16,13500.53,Late Delivery
R000348,O0004415,C100220,2024-08-12,5678.76,Changed Mind
R000349,O0004421,C100221,2025-03-31,18191.4,Defective Product
R000350,O0004425,C100222,2025-04-13,4298.04,Better Price Found
R000351,O0004437,C100222,2025-08-01,22292.25,Better Price Found
R000352,O0004449,C100222,2026-01-10,14127.63,Late Delivery
R000353,O0004458,C100222,2026-06-27,45557.23,Changed Mind
R000354,O0004463,C100223,2024-08-14,2358.46,Not as Described
R000355,O0004465,C100223,2024-08-29,5404.52,Better Price Found
R000356,O0004468,C100223,2024-10-13,11599.39,Late Delivery
R000357,O0004470,C100223,2024-10-13,29346.79,Defective Product
R000358,O0004490,C100223,2025-03-17,1973.99,Late Delivery
R000359,O0004503,C100223,2025-07-13,10553.67,Not as Described
R000360,O0004504,C100223,2025-07-18,955.02,Changed Mind
R000361,O0004512,C100223,2025-09-12,9891.34,Not as Described
R000362,O0004513,C100223,2025-10-12,18872.28,Late Delivery
R000363,O0004515,C100223,2025-10-15,2421.27,Size Issue
R000364,O0004534,C100223,2026-04-14,22309.85,Better Price Found
R000365,O0004538,C100223,2026-05-22,15300.68,Better Price Found
R000366,O0004548,C100223,2026-08-07,817.6,Defective Product
R000367,O0004571,C100225,2025-07-18,29443.77,Defective Product
R000368,O0004594,C100227,2025-04-18,52424.05,Better Price Found
R000369,O0004595,C100227,2025-05-02,149.28,Late Delivery
R000370,O0004616,C100230,2023-12-28,5584.02,Better Price Found
R000371,O0004617,C100230,2024-01-04,13392.85,Size Issue
R000372,O0004694,C100230,2025-08-16,32723.45,Changed Mind
R000373,O0004700,C100230,2025-09-01,2501.86,Not as Described
R000374,O0004711,C100230,2025-10-22,19237.42,Better Price Found
R000375,O0004713,C100230,2025-11-19,127.95,Changed Mind
R000376,O0004726,C100230,2026-04-27,863.03,Late Delivery
R000377,O0004734,C100230,2026-05-25,21408.99,Not as Described
R000378,O0004757,C100232,2026-03-21,2464.28,Not as Described
R000379,O0004766,C100233,2023-11-17,1385.04,Changed Mind
R000380,O0004767,C100233,2023-11-28,6170.84,Defective Product
R000381,O0004772,C100233,2024-02-20,963.03,Size Issue
R000382,O0004775,C100233,2024-03-21,3114.08,Defective Product
R000383,O0004776,C100233,2024-03-19,1689.03,Size Issue
R000384,O0004791,C100233,2024-08-01,582.88,Changed Mind
R000385,O0004795,C100233,2024-08-25,3033.36,Changed Mind
R000386,O0004797,C100233,2024-09-23,267.68,Changed Mind
R000387,O0004802,C100233,2024-11-03,948.0,Defective Product
R000388,O0004812,C100233,2025-01-25,54867.65,Better Price Found
R000389,O0004815,C100233,2025-03-17,1111.13,Changed Mind
R000390,O0004817,C100233,2025-03-28,3641.34,Size Issue
R000391,O0004818,C100233,2025-04-11,27174.88,Not as Described
R000392,O0004835,C100233,2025-08-04,723.5,Late Delivery
R000393,O0004845,C100233,2025-11-02,4379.5,Late Delivery
R000394,O0004855,C100233,2025-12-14,7403.25,Defective Product
R000395,O0004859,C100233,2026-01-03,2137.51,Size Issue
R000396,O0004860,C100233,2026-01-15,1446.45,Defective Product
R000397,O0004867,C100233,2026-04-03,3871.07,Changed Mind
R000398,O0004870,C100233,2026-04-16,1719.61,Changed Mind
R000399,O0004871,C100233,2026-04-30,3064.25,Changed Mind
R000400,O0004880,C100233,2026-06-15,42290.85,Better Price Found
R000401,O0004887,C100233,2026-08-01,1654.03,Defective Product
R000402,O0004915,C100237,2025-04-18,1877.12,Size Issue
R000403,O0004916,C100238,2026-04-22,4093.82,Size Issue
R000404,O0004939,C100240,2024-06-23,3590.68,Not as Described
R000405,O0004940,C100240,2024-06-24,145578.23,Late Delivery
R000406,O0004941,C100240,2024-06-20,7649.94,Defective Product
R000407,O0004943,C100240,2026-02-04,29905.15,Late Delivery
R000408,O0004949,C100241,2024-11-20,8865.62,Defective Product
R000409,O0004978,C100241,2026-06-06,14534.84,Changed Mind
R000410,O0004981,C100241,2026-07-16,3781.69,Late Delivery
R000411,O0005021,C100242,2025-07-26,6622.3,Better Price Found
R000412,O0005037,C100242,2025-11-27,8573.57,Late Delivery
R000413,O0005038,C100242,2025-11-26,27641.18,Better Price Found
R000414,O0005049,C100242,2026-02-28,392.03,Defective Product
R000415,O0005052,C100242,2026-03-02,2511.6,Size Issue
R000416,O0005055,C100242,2026-03-16,5952.61,Defective Product
R000417,O0005093,C100243,2025-04-19,3694.0,Size Issue
R000418,O0005099,C100243,2025-08-05,4016.28,Better Price Found
R000419,O0005103,C100243,2025-12-07,2947.65,Not as Described
R000420,O0005108,C100243,2026-03-02,43571.54,Better Price Found
R000421,O0005112,C100243,2026-06-26,6111.96,Defective Product
R000422,O0005121,C100244,2023-10-08,9975.6,Not as Described
R000423,O0005125,C100244,2024-01-01,805.48,Size Issue
R000424,O0005145,C100244,2025-10-10,8351.42,Better Price Found
R000425,O0005147,C100244,2025-11-18,3002.0,Defective Product
R000426,O0005149,C100244,2026-07-11,6299.93,Size Issue
R000427,O0005159,C100245,2024-11-30,2851.0,Late Delivery
R000428,O0005170,C100245,2025-02-10,1510.47,Defective Product
R000429,O0005185,C100245,2025-10-07,95.04,Better Price Found
R000430,O0005229,C100246,2024-07-08,809.28,Better Price Found
R000431,O0005286,C100246,2026-04-30,5339.05,Not as Described
R000432,O0005319,C100252,2025-01-03,2629.8,Changed Mind
R000433,O0005323,C100252,2025-02-21,3008.48,Not as Described
R000434,O0005325,C100252,2025-04-04,9252.71,Better Price Found
R000435,O0005352,C100254,2026-06-13,5021.88,Changed Mind
R000436,O0005374,C100255,2026-04-29,4865.53,Not as Described
R000437,O0005383,C100257,2024-03-28,3678.7,Not as Described
R000438,O0005384,C100257,2024-05-19,4999.63,Size Issue
R000439,O0005413,C100258,2025-12-28,308.84,Size Issue
R000440,O0005416,C100259,2025-12-10,996.66,Changed Mind
R000441,O0005427,C100260,2025-03-11,13312.33,Size Issue
R000442,O0005432,C100261,2025-01-25,6957.8,Late Delivery
R000443,O0005433,C100261,2025-02-04,229.47,Changed Mind
R000444,O0005438,C100261,2025-04-02,70516.92,Changed Mind
R000445,O0005440,C100261,2025-04-21,3258.07,Not as Described
R000446,O0005441,C100261,2025-04-30,13106.54,Not as Described
R000447,O0005467,C100261,2026-01-29,2676.07,Late Delivery
R000448,O0005485,C100261,2026-05-21,20705.0,Size Issue
R000449,O0005499,C100263,2024-08-13,19418.45,Defective Product
R000450,O0005521,C100263,2026-06-03,1125.76,Late Delivery
R000451,O0005525,C100264,2025-01-13,12629.46,Size Issue
R000452,O0005535,C100264,2025-07-12,5070.24,Size Issue
R000453,O0005544,C100265,2025-06-25,2231.16,Changed Mind
R000454,O0005549,C100266,2024-11-28,776.14,Size Issue
R000455,O0005553,C100266,2024-12-07,710.98,Defective Product
R000456,O0005554,C100266,2024-12-12,2141.18,Better Price Found
R000457,O0005556,C100266,2024-12-15,18950.56,Changed Mind
R000458,O0005557,C100266,2025-01-02,21040.36,Defective Product
R000459,O0005570,C100266,2025-05-01,7953.77,Late Delivery
R000460,O0005578,C100266,2025-08-26,876.44,Size Issue
R000461,O0005588,C100266,2026-02-20,32711.02,Not as Described
R000462,O0005602,C100267,2025-04-26,5885.99,Changed Mind
R000463,O0005643,C100269,2025-08-21,203.75,Size Issue
R000464,O0005685,C100271,2025-10-10,5893.46,Changed Mind
R000465,O0005686,C100271,2025-10-11,5823.75,Defective Product
R000466,O0005691,C100272,2025-01-13,421.86,Better Price Found
R000467,O0005698,C100272,2025-05-23,6175.17,Size Issue
R000468,O0005720,C100272,2026-05-10,5570.48,Size Issue
R000469,O0005736,C100274,2024-01-10,2673.87,Better Price Found
R000470,O0005746,C100274,2024-08-01,3779.27,Changed Mind
R000471,O0005753,C100274,2024-10-15,249.95,Better Price Found
R000472,O0005774,C100274,2025-03-26,12198.77,Defective Product
R000473,O0005776,C100274,2025-05-16,33461.5,Changed Mind
R000474,O0005780,C100274,2025-06-15,4443.35,Better Price Found
R000475,O0005806,C100274,2026-01-22,2192.72,Defective Product
R000476,O0005820,C100274,2026-07-07,680.97,Size Issue
R000477,O0005821,C100274,2026-07-23,4711.55,Not as Described
R000478,O0005829,C100276,2026-02-02,969.45,Better Price Found
R000479,O0005836,C100277,2024-10-29,1545.86,Late Delivery
R000480,O0005845,C100279,2024-11-12,5081.38,Better Price Found
R000481,O0005855,C100279,2025-01-08,1568.4,Late Delivery
R000482,O0005864,C100279,2025-03-14,4533.34,Defective Product
R000483,O0005886,C100279,2025-11-24,12732.64,Better Price Found
R000484,O0005904,C100279,2026-05-30,2233.61,Changed Mind
R000485,O0005945,C100282,2024-06-20,2996.87,Late Delivery
R000486,O0005949,C100282,2025-02-27,1003.7,Not as Described
R000487,O0005960,C100283,2024-07-07,2822.83,Better Price Found
R000488,O0005967,C100283,2024-10-08,1432.86,Better Price Found
R000489,O0005981,C100283,2025-02-10,1239.93,Defective Product
R000490,O0005985,C100283,2025-03-06,2318.88,Better Price Found
R000491,O0005992,C100283,2025-06-11,4273.45,Defective Product
R000492,O0006001,C100283,2026-01-01,1845.61,Late Delivery
R000493,O0006036,C100284,2025-10-05,4762.52,Not as Described
R000494,O0006046,C100284,2026-01-13,2768.38,Size Issue
R000495,O0006050,C100284,2026-02-17,11541.33,Late Delivery
R000496,O0006056,C100284,2026-04-26,1395.3,Better Price Found
R000497,O0006057,C100284,2026-05-01,2240.4,Changed Mind
R000498,O0006059,C100284,2026-05-16,7383.55,Defective Product
R000499,O0006067,C100284,2026-08-01,2035.53,Late Delivery
R000500,O0006079,C100286,2024-07-19,678.3,Late Delivery
R000501,O0006112,C100286,2025-06-28,3003.38,Better Price Found
R000502,O0006117,C100286,2025-07-30,17316.22,Size Issue
R000503,O0006133,C100286,2026-02-04,8912.11,Size Issue
R000504,O0006144,C100286,2026-06-12,79651.4,Size Issue
R000505,O0006150,C100286,2026-08-04,45139.0,Changed Mind
R000506,O0006178,C100289,2025-08-05,1282.41,Not as Described
R000507,O0006198,C100291,2024-06-26,8974.58,Changed Mind
R000508,O0006209,C100292,2026-03-08,12796.21,Late Delivery
R000509,O0006220,C100293,2026-06-01,13912.02,Not as Described
R000510,O0006243,C100294,2026-06-11,18156.17,Size Issue
R000511,O0006251,C100296,2023-06-17,20281.66,Late Delivery
R000512,O0006258,C100296,2025-09-14,3385.58,Not as Described
R000513,O0006271,C100297,2024-02-28,1938.69,Size Issue
R000514,O0006276,C100297,2024-06-05,604.64,Defective Product
R000515,O0006279,C100297,2024-07-21,8121.78,Defective Product
R000516,O0006301,C100297,2025-10-15,7700.63,Late Delivery
R000517,O0006303,C100297,2025-10-26,494.13,Defective Product
R000518,O0006316,C100297,2026-03-06,5511.47,Changed Mind
R000519,O0006342,C100299,2024-05-26,26732.61,Size Issue
R000520,O0006389,C100303,2026-02-01,12684.55,Size Issue
R000521,O0006390,C100303,2026-02-10,190.15,Size Issue
R000522,O0006393,C100303,2026-06-06,19870.96,Size Issue
R000523,O0006427,C100305,2026-06-25,5729.97,Not as Described
R000524,O0006432,C100306,2026-06-17,2082.37,Not as Described
R000525,O0006436,C100307,2023-01-24,49060.53,Better Price Found
R000526,O0006439,C100307,2023-02-19,878.73,Not as Described
R000527,O0006448,C100307,2023-09-11,16027.46,Not as Described
R000528,O0006452,C100307,2024-04-22,21023.33,Size Issue
R000529,O0006475,C100308,2026-02-17,23581.9,Better Price Found
R000530,O0006478,C100308,2026-07-12,21333.92,Better Price Found
R000531,O0006489,C100310,2025-10-14,3733.23,Defective Product
R000532,O0006502,C100312,2024-07-09,1018.58,Late Delivery
R000533,O0006508,C100312,2024-09-11,6750.16,Changed Mind
R000534,O0006512,C100312,2024-11-13,3486.62,Size Issue
R000535,O0006534,C100314,2025-08-18,4860.54,Changed Mind
R000536,O0006543,C100314,2025-12-20,4774.15,Not as Described
R000537,O0006547,C100314,2026-03-09,51379.16,Late Delivery
R000538,O0006552,C100314,2026-05-15,8116.84,Size Issue
R000539,O0006553,C100314,2026-06-18,18864.71,Late Delivery
R000540,O0006576,C100315,2024-04-07,2983.46,Better Price Found
R000541,O0006588,C100315,2024-11-30,237.12,Better Price Found
R000542,O0006592,C100315,2025-03-28,30957.34,Better Price Found
R000543,O0006598,C100315,2025-05-28,764.94,Better Price Found
R000544,O0006605,C100315,2025-08-28,9076.0,Better Price Found
R000545,O0006607,C100315,2025-09-06,17228.58,Defective Product
R000546,O0006618,C100315,2026-02-19,5837.96,Not as Described
R000547,O0006621,C100315,2026-03-06,4490.05,Changed Mind
R000548,O0006623,C100315,2026-03-25,1405.86,Changed Mind
R000549,O0006646,C100316,2024-08-17,7291.99,Late Delivery
R000550,O0006669,C100320,2024-12-17,5897.31,Changed Mind
R000551,O0006686,C100320,2025-06-10,18731.16,Better Price Found
R000552,O0006712,C100320,2026-05-23,5359.38,Not as Described
R000553,O0006714,C100320,2026-06-25,2444.48,Better Price Found
R000554,O0006716,C100320,2026-08-07,639.15,Late Delivery
R000555,O0006758,C100326,2024-08-16,2974.1,Changed Mind
R000556,O0006776,C100326,2026-01-06,3569.47,Changed Mind
R000557,O0006783,C100327,2026-06-20,16759.46,Defective Product
R000558,O0006790,C100328,2024-08-24,1752.71,Better Price Found
R000559,O0006798,C100328,2025-02-09,54001.97,Late Delivery
R000560,O0006816,C100328,2026-03-16,47070.98,Better Price Found
R000561,O0006830,C100330,2025-12-24,39112.76,Better Price Found
R000562,O0006847,C100332,2023-08-18,27808.86,Late Delivery
R000563,O0006851,C100332,2023-10-14,327.87,Defective Product
R000564,O0006867,C100332,2024-10-04,32398.82,Defective Product
R000565,O0006870,C100332,2024-12-09,925.47,Size Issue
R000566,O0006883,C100332,2025-07-31,4119.99,Late Delivery
R000567,O0006905,C100333,2025-09-21,43103.51,Changed Mind
R000568,O0006909,C100333,2026-01-15,4963.26,Size Issue
R000569,O0006913,C100334,2026-04-18,32565.07,Not as Described
R000570,O0006914,C100335,2024-09-27,2445.59,Not as Described
R000571,O0006925,C100335,2026-07-23,973.52,Late Delivery
R000572,O0006940,C100337,2026-02-06,17674.57,Defective Product
R000573,O0006942,C100338,2024-03-28,134.49,Not as Described
R000574,O0006954,C100338,2026-05-04,9251.83,Not as Described
R000575,O0006956,C100339,2024-06-04,16930.61,Better Price Found
R000576,O0006958,C100339,2024-08-10,23424.17,Size Issue
R000577,O0006963,C100340,2025-06-12,1634.51,Better Price Found
R000578,O0006984,C100343,2025-02-06,1550.56,Better Price Found
R000579,O0006990,C100343,2025-08-27,2955.52,Better Price Found
R000580,O0006992,C100343,2025-12-16,78130.24,Changed Mind
R000581,O0006998,C100343,2026-07-29,2168.37,Not as Described
R000582,O0007004,C100344,2024-12-23,4640.53,Better Price Found
R000583,O0007005,C100344,2025-01-05,1025.73,Better Price Found
R000584,O0007018,C100344,2025-08-23,4009.14,Size Issue
R000585,O0007028,C100344,2026-04-28,405.7,Defective Product
R000586,O0007031,C100344,2026-06-28,10642.6,Late Delivery
R000587,O0007037,C100345,2023-08-15,10441.52,Defective Product
R000588,O0007044,C100345,2024-04-01,241.8,Defective Product
R000589,O0007050,C100345,2024-10-09,6666.17,Changed Mind
R000590,O0007053,C100345,2025-04-17,3505.41,Changed Mind
R000591,O0007066,C100347,2023-10-26,25452.42,Late Delivery
R000592,O0007071,C100347,2025-08-13,735.92,Changed Mind
R000593,O0007082,C100348,2025-04-14,5717.59,Defective Product
R000594,O0007116,C100353,2025-09-28,631.92,Late Delivery
R000595,O0007122,C100353,2026-03-22,10542.67,Late Delivery
R000596,O0007124,C100353,2026-04-30,1148.41,Not as Described
R000597,O0007153,C100355,2026-06-10,41450.02,Defective Product
R000598,O0007168,C100358,2026-03-01,243.25,Better Price Found
R000599,O0007182,C100359,2024-08-17,101393.36,Size Issue
R000600,O0007202,C100359,2025-09-17,8017.21,Defective Product
R000601,O0007204,C100359,2025-10-21,1733.79,Size Issue
R000602,O0007231,C100359,2026-06-08,1084.58,Not as Described
R000603,O0007240,C100360,2025-01-10,1422.93,Not as Described
R000604,O0007242,C100360,2025-02-17,6404.64,Late Delivery
R000605,O0007257,C100360,2025-09-03,4172.9,Defective Product
R000606,O0007258,C100360,2025-09-07,5044.73,Size Issue
R000607,O0007263,C100360,2025-10-02,1027.04,Changed Mind
R000608,O0007264,C100360,2025-09-27,38541.59,Defective Product
R000609,O0007288,C100360,2026-04-28,1805.43,Better Price Found
R000610,O0007292,C100360,2026-06-09,4567.44,Size Issue
R000611,O0007306,C100361,2025-01-18,9955.8,Defective Product
R000612,O0007319,C100361,2026-07-31,3554.34,Defective Product
R000613,O0007336,C100363,2024-09-09,1924.72,Size Issue
R000614,O0007339,C100363,2024-09-12,9579.7,Late Delivery
R000615,O0007347,C100363,2024-12-08,72960.81,Changed Mind
R000616,O0007366,C100363,2025-04-11,13138.86,Defective Product
R000617,O0007372,C100363,2025-06-08,28575.93,Not as Described
R000618,O0007374,C100363,2025-07-01,430.6,Size Issue
R000619,O0007382,C100363,2025-09-03,45128.98,Size Issue
R000620,O0007386,C100363,2025-10-22,26470.4,Changed Mind
R000621,O0007388,C100363,2025-11-17,7781.45,Changed Mind
R000622,O0007390,C100363,2025-11-25,11690.17,Not as Described
R000623,O0007400,C100363,2026-04-04,314.61,Changed Mind
R000624,O0007412,C100363,2026-06-22,1582.09,Defective Product
R000625,O0007424,C100364,2024-06-08,3409.97,Changed Mind
R000626,O0007461,C100364,2025-05-22,897.69,Late Delivery
R000627,O0007473,C100364,2025-10-26,8858.46,Defective Product
R000628,O0007482,C100364,2026-01-13,3165.56,Not as Described
R000629,O0007490,C100364,2026-03-14,1817.15,Changed Mind
R000630,O0007511,C100365,2023-11-13,1419.86,Size Issue
R000631,O0007514,C100365,2024-01-15,3062.59,Size Issue
R000632,O0007523,C100365,2024-03-29,30188.05,Better Price Found
R000633,O0007541,C100365,2024-08-22,9442.52,Not as Described
R000634,O0007555,C100365,2025-02-28,8629.11,Not as Described
R000635,O0007581,C100365,2025-07-30,2469.9,Not as Described
R000636,O0007582,C100365,2025-08-15,24008.52,Not as Described
R000637,O0007605,C100365,2026-02-20,2362.17,Not as Described
R000638,O0007628,C100366,2025-12-28,8076.68,Changed Mind
R000639,O0007635,C100366,2026-02-24,17422.21,Defective Product
R000640,O0007688,C100368,2023-07-06,3963.01,Better Price Found
R000641,O0007692,C100368,2023-08-28,15089.79,Late Delivery
R000642,O0007698,C100368,2024-02-11,1819.17,Changed Mind
R000643,O0007703,C100368,2024-03-30,26963.64,Late Delivery
R000644,O0007705,C100368,2024-05-03,9743.55,Changed Mind
R000645,O0007707,C100368,2024-05-14,6039.98,Changed Mind
R000646,O0007708,C100368,2024-07-17,11024.41,Size Issue
R000647,O0007716,C100368,2024-12-07,1805.12,Size Issue
R000648,O0007723,C100368,2025-05-14,1074.66,Not as Described
R000649,O0007727,C100368,2025-09-06,8750.7,Not as Described
R000650,O0007745,C100368,2026-01-15,2366.49,Changed Mind
R000651,O0007748,C100368,2026-02-20,295.12,Size Issue
R000652,O0007754,C100368,2026-04-26,2566.69,Late Delivery
R000653,O0007761,C100368,2026-07-12,3248.42,Late Delivery
R000654,O0007765,C100369,2024-11-10,5173.44,Defective Product
R000655,O0007806,C100373,2023-09-08,9354.48,Size Issue
R000656,O0007818,C100373,2023-12-06,3045.76,Not as Described
R000657,O0007829,C100373,2024-03-09,3023.4,Late Delivery
R000658,O0007832,C100373,2024-04-18,4150.08,Not as Described
R000659,O0007834,C100373,2024-05-11,16223.22,Not as Described
R000660,O0007843,C100373,2024-08-23,4849.82,Not as Described
R000661,O0007867,C100373,2025-11-24,10899.7,Not as Described
R000662,O0007887,C100374,2024-10-07,3421.09,Size Issue
R000663,O0007903,C100376,2024-01-14,2457.07,Not as Described
R000664,O0007908,C100377,2026-08-05,61075.74,Not as Described
R000665,O0007952,C100381,2026-03-29,582.99,Better Price Found
R000666,O0007960,C100382,2026-02-26,655.05,Late Delivery
R000667,O0007974,C100383,2026-08-05,21230.01,Late Delivery
R000668,O0007985,C100384,2024-04-10,411.33,Not as Described
R000669,O0007991,C100384,2024-10-23,15617.25,Defective Product
R000670,O0007994,C100384,2025-09-01,16025.13,Changed Mind
R000671,O0007996,C100384,2025-12-08,20973.04,Better Price Found
R000672,O0008016,C100389,2024-11-11,2925.92,Late Delivery
R000673,O0008033,C100389,2026-05-12,3663.32,Defective Product
R000674,O0008047,C100390,2023-06-18,180904.47,Changed Mind
R000675,O0008050,C100390,2023-08-06,1262.61,Size Issue
R000676,O0008064,C100390,2024-06-19,3352.98,Changed Mind
R000677,O0008076,C100390,2025-01-26,6860.7,Changed Mind
R000678,O0008077,C100390,2025-01-28,1444.75,Not as Described
R000679,O0008078,C100390,2025-03-04,28018.1,Better Price Found
R000680,O0008122,C100390,2026-08-06,21298.3,Late Delivery
R000681,O0008152,C100395,2026-01-06,536.07,Not as Described
R000682,O0008161,C100397,2025-07-07,6485.27,Defective Product
R000683,O0008165,C100397,2025-12-14,4551.78,Defective Product
R000684,O0008176,C100398,2026-03-30,214.51,Better Price Found
R000685,O0008182,C100398,2026-07-17,882.18,Better Price Found
R000686,O0008194,C100399,2025-09-02,4795.03,Not as Described
R000687,O0008201,C100399,2026-03-04,10057.47,Defective Product
R000688,O0008204,C100399,2026-07-22,1200.76,Not as Described
R000689,O0008217,C100401,2025-07-22,5380.85,Better Price Found
R000690,O0008218,C100401,2025-08-17,2785.58,Defective Product
R000691,O0008234,C100401,2026-01-02,25771.96,Better Price Found
R000692,O0008246,C100401,2026-02-20,43799.88,Changed Mind
R000693,O0008247,C100401,2026-02-25,9558.3,Late Delivery
R000694,O0008251,C100401,2026-03-28,5618.46,Better Price Found
R000695,O0008254,C100401,2026-03-26,43989.25,Better Price Found
R000696,O0008264,C100401,2026-05-18,7297.63,Late Delivery
R000697,O0008284,C100403,2026-04-16,623.02,Not as Described
R000698,O0008290,C100404,2025-07-13,570.74,Better Price Found
R000699,O0008299,C100405,2023-07-17,3624.47,Changed Mind
R000700,O0008308,C100405,2023-12-21,18878.49,Size Issue
R000701,O0008328,C100405,2024-08-09,4342.07,Better Price Found
R000702,O0008332,C100405,2024-09-04,17449.68,Better Price Found
R000703,O0008342,C100405,2025-01-07,1438.58,Defective Product
R000704,O0008352,C100405,2025-05-10,2079.9,Changed Mind
R000705,O0008357,C100405,2025-07-01,20699.87,Late Delivery
R000706,O0008377,C100405,2026-02-22,2150.6,Size Issue
R000707,O0008388,C100405,2026-04-29,2523.26,Not as Described
R000708,O0008390,C100405,2026-04-24,22668.39,Defective Product
R000709,O0008392,C100405,2026-05-23,3201.16,Not as Described
R000710,O0008396,C100405,2026-06-17,2009.76,Late Delivery
R000711,O0008399,C100405,2026-06-30,4291.8,Better Price Found
R000712,O0008401,C100405,2026-07-05,12326.03,Not as Described
R000713,O0008432,C100406,2026-05-24,4162.9,Defective Product
R000714,O0008436,C100407,2024-05-11,2452.61,Changed Mind
R000715,O0008440,C100407,2025-01-03,7462.51,Late Delivery
R000716,O0008468,C100409,2025-01-12,5609.26,Not as Described
R000717,O0008470,C100409,2025-01-31,1685.98,Not as Described
R000718,O0008472,C100409,2025-03-07,445.76,Better Price Found
R000719,O0008491,C100409,2025-11-29,2948.99,Defective Product
R000720,O0008492,C100409,2025-12-12,5225.62,Size Issue
R000721,O0008495,C100409,2026-01-09,2900.27,Late Delivery
R000722,O0008507,C100409,2026-03-09,52952.44,Defective Product
R000723,O0008555,C100414,2024-06-27,997.71,Not as Described
R000724,O0008557,C100414,2024-08-18,29237.11,Size Issue
R000725,O0008561,C100414,2024-09-28,3268.93,Not as Described
R000726,O0008583,C100414,2025-07-11,2993.72,Changed Mind
R000727,O0008598,C100414,2026-01-10,8364.25,Better Price Found
R000728,O0008609,C100414,2026-06-06,6471.14,Defective Product
R000729,O0008613,C100414,2026-06-25,6270.75,Late Delivery
R000730,O0008615,C100414,2026-07-22,3567.66,Late Delivery
R000731,O0008642,C100416,2025-04-25,1949.71,Defective Product
R000732,O0008654,C100416,2025-08-16,5343.03,Changed Mind
R000733,O0008659,C100416,2025-08-31,4693.41,Size Issue
R000734,O0008721,C100420,2024-06-01,25164.89,Better Price Found
R000735,O0008736,C100421,2024-12-24,3505.13,Not as Described
R000736,O0008740,C100421,2025-04-02,940.92,Defective Product
R000737,O0008747,C100421,2025-12-20,1934.14,Late Delivery
R000738,O0008815,C100422,2026-08-09,16564.94,Late Delivery
R000739,O0008828,C100424,2026-01-10,9681.2,Size Issue
R000740,O0008834,C100425,2025-06-03,2567.36,Not as Described
R000741,O0008869,C100427,2026-06-26,8338.06,Changed Mind
R000742,O0008890,C100428,2025-11-06,1576.43,Defective Product
R000743,O0008913,C100430,2025-06-22,2444.46,Better Price Found
R000744,O0008914,C100430,2025-06-28,964.64,Defective Product
R000745,O0008919,C100430,2025-09-27,705.57,Changed Mind
R000746,O0008950,C100432,2026-03-11,23753.18,Size Issue
R000747,O0008991,C100436,2024-08-18,16676.04,Better Price Found
R000748,O0009004,C100441,2025-06-13,4495.75,Changed Mind
R000749,O0009030,C100443,2023-09-15,32029.46,Not as Described
R000750,O0009045,C100443,2024-08-28,6811.29,Size Issue
R000751,O0009046,C100443,2024-09-19,2612.2,Changed Mind
R000752,O0009055,C100443,2025-03-04,1985.7,Better Price Found
R000753,O0009060,C100443,2025-05-28,16841.33,Better Price Found
R000754,O0009065,C100443,2025-07-22,33348.56,Better Price Found
R000755,O0009068,C100443,2025-10-11,5337.37,Late Delivery
R000756,O0009071,C100443,2025-11-08,1275.86,Defective Product
R000757,O0009083,C100444,2023-02-05,17393.63,Size Issue
R000758,O0009094,C100445,2025-01-16,8981.68,Size Issue
R000759,O0009096,C100445,2025-06-19,20033.5,Size Issue
R000760,O0009099,C100445,2025-07-31,20108.99,Defective Product
R000761,O0009100,C100445,2025-10-02,3239.64,Defective Product
R000762,O0009123,C100446,2026-02-12,214.19,Late Delivery
R000763,O0009130,C100447,2024-02-14,4372.37,Defective Product
R000764,O0009145,C100447,2025-05-24,5938.52,Better Price Found
R000765,O0009162,C100447,2026-04-09,566.26,Not as Described
R000766,O0009165,C100447,2026-06-18,17783.48,Size Issue
R000767,O0009185,C100448,2025-06-24,3892.24,Not as Described
R000768,O0009189,C100448,2025-10-02,10073.87,Defective Product
R000769,O0009193,C100450,2025-05-10,30300.5,Better Price Found
R000770,O0009211,C100453,2025-08-08,76709.78,Size Issue
R000771,O0009232,C100454,2025-03-17,10374.4,Not as Described
R000772,O0009236,C100454,2025-04-07,47820.58,Size Issue
R000773,O0009242,C100454,2025-06-06,937.07,Defective Product
R000774,O0009247,C100454,2025-07-15,358.11,Size Issue
R000775,O0009266,C100454,2025-12-16,9975.68,Size Issue
R000776,O0009269,C100454,2026-01-02,5892.43,Late Delivery
R000777,O0009283,C100454,2026-03-20,8490.23,Defective Product
R000778,O0009311,C100456,2025-01-10,5169.34,Late Delivery
R000779,O0009322,C100457,2025-10-05,3073.38,Late Delivery
R000780,O0009323,C100457,2025-11-01,12970.24,Size Issue
R000781,O0009332,C100457,2026-04-15,15197.07,Defective Product
R000782,O0009376,C100459,2024-01-29,14116.8,Size Issue
R000783,O0009393,C100459,2024-11-07,2125.02,Better Price Found
R000784,O0009397,C100459,2025-05-26,1410.27,Defective Product
R000785,O0009407,C100459,2026-02-27,19165.91,Defective Product
R000786,O0009412,C100460,2024-12-11,5942.71,Changed Mind
R000787,O0009419,C100460,2025-03-04,25324.89,Changed Mind
R000788,O0009423,C100460,2025-05-19,7166.88,Changed Mind
R000789,O0009426,C100460,2026-08-09,15261.27,Better Price Found
R000790,O0009462,C100464,2025-06-05,2786.84,Defective Product
R000791,O0009464,C100464,2025-11-12,5678.62,Size Issue
R000792,O0009471,C100466,2026-05-18,17501.33,Late Delivery
R000793,O0009487,C100471,2025-02-13,869.34,Not as Described
R000794,O0009505,C100475,2026-07-22,1621.55,Better Price Found
R000795,O0009546,C100477,2026-08-03,5402.75,Late Delivery
R000796,O0009555,C100478,2024-08-03,15493.14,Defective Product
R000797,O0009569,C100478,2025-01-21,8272.85,Late Delivery
R000798,O0009593,C100478,2025-08-19,16464.21,Changed Mind
R000799,O0009600,C100478,2025-10-29,69551.93,Better Price Found
R000800,O0009605,C100478,2025-11-24,23543.46,Defective Product
R000801,O0009614,C100478,2026-02-11,2381.36,Defective Product
R000802,O0009618,C100478,2026-02-28,3251.0,Late Delivery
R000803,O0009622,C100478,2026-04-15,4580.35,Late Delivery
R000804,O0009640,C100478,2026-08-08,372.14,Not as Described
R000805,O0009643,C100479,2026-08-07,17060.85,Late Delivery
R000806,O0009697,C100485,2023-11-28,74.3,Not as Described
R000807,O0009713,C100485,2024-05-24,2968.47,Size Issue
R000808,O0009714,C100485,2024-06-07,4733.99,Defective Product
R000809,O0009725,C100485,2024-10-22,8850.34,Defective Product
R000810,O0009734,C100485,2025-03-10,45047.22,Changed Mind
R000811,O0009741,C100485,2025-06-06,5289.55,Defective Product
R000812,O0009755,C100485,2025-11-20,55845.21,Changed Mind
R000813,O0009756,C100485,2025-12-08,24564.67,Not as Described
R000814,O0009757,C100485,2025-12-02,10328.42,Not as Described
R000815,O0009789,C100486,2026-02-15,14506.33,Defective Product
R000816,O0009798,C100487,2026-01-15,1095.66,Changed Mind
R000817,O0009800,C100487,2026-03-10,566.98,Defective Product
R000818,O0009803,C100487,2026-07-02,730.2,Size Issue
R000819,O0009806,C100487,2026-07-08,688.32,Size Issue
R000820,O0009826,C100490,2025-09-14,15672.22,Better Price Found
R000821,O0009832,C100490,2025-11-22,2110.23,Size Issue
R000822,O0009833,C100490,2025-11-27,11845.7,Not as Described
R000823,O0009844,C100490,2026-08-04,14163.54,Size Issue
R000824,O0009851,C100491,2025-09-28,7678.65,Better Price Found
R000825,O0009852,C100491,2026-01-03,28979.21,Better Price Found
R000826,O0009860,C100493,2025-12-21,1593.49,Better Price Found
R000827,O0009869,C100494,2026-07-27,1991.96,Better Price Found
R000828,O0009873,C100495,2026-06-29,2024.71,Changed Mind
R000829,O0009910,C100498,2025-08-12,616.48,Defective Product
R000830,O0009914,C100500,2025-12-05,705.36,Better Price Found
R000831,O0009922,C100501,2025-10-30,7939.34,Changed Mind
R000832,O0009923,C100501,2025-11-30,892.34,Size Issue
R000833,O0009924,C100501,2026-01-02,3059.54,Changed Mind
R000834,O0009942,C100504,2025-05-27,12412.43,Late Delivery
R000835,O0009961,C100504,2025-11-20,26366.08,Size Issue
R000836,O0009962,C100504,2025-12-06,1687.07,Defective Product
R000837,O0009977,C100504,2026-03-31,13396.25,Size Issue
R000838,O0009980,C100504,2026-05-16,460.23,Size Issue
R000839,O0010002,C100507,2023-09-21,822.13,Changed Mind
R000840,O0010012,C100507,2024-01-27,945.87,Not as Described
R000841,O0010018,C100507,2024-04-01,1670.73,Better Price Found
R000842,O0010037,C100507,2024-12-09,1383.27,Defective Product
R000843,O0010039,C100507,2024-12-18,1037.36,Not as Described
R000844,O0010044,C100507,2025-04-08,1052.3,Defective Product
R000845,O0010046,C100507,2025-05-23,1526.11,Late Delivery
R000846,O0010051,C100507,2025-08-09,8773.22,Not as Described
R000847,O0010057,C100507,2025-11-19,1390.41,Not as Described
R000848,O0010066,C100507,2026-01-17,847.18,Better Price Found
R000849,O0010076,C100507,2026-07-05,6159.52,Better Price Found
R000850,O0010081,C100508,2024-09-04,14459.76,Defective Product
R000851,O0010093,C100509,2023-06-21,78562.2,Better Price Found
R000852,O0010102,C100509,2023-09-17,2586.05,Size Issue
R000853,O0010117,C100509,2024-02-10,39252.7,Changed Mind
R000854,O0010118,C100509,2024-02-14,70981.18,Late Delivery
R000855,O0010127,C100509,2024-06-07,7413.35,Changed Mind
R000856,O0010141,C100509,2024-10-09,5076.34,Not as Described
R000857,O0010147,C100509,2024-11-06,484.83,Size Issue
R000858,O0010160,C100509,2025-02-09,92923.52,Late Delivery
R000859,O0010171,C100509,2025-06-17,4268.88,Defective Product
R000860,O0010179,C100509,2025-09-24,9172.66,Not as Described
R000861,O0010193,C100509,2026-01-15,1328.36,Late Delivery
R000862,O0010197,C100509,2026-02-25,6456.48,Defective Product
R000863,O0010201,C100509,2026-03-26,2697.19,Better Price Found
R000864,O0010206,C100509,2026-06-02,7649.58,Better Price Found
R000865,O0010208,C100509,2026-06-27,35699.7,Defective Product
R000866,O0010219,C100509,2026-08-06,5461.66,Better Price Found
R000867,O0010221,C100510,2024-10-25,2511.88,Not as Described
R000868,O0010247,C100510,2025-10-29,7854.85,Better Price Found
R000869,O0010279,C100511,2026-01-19,10429.91,Late Delivery
R000870,O0010280,C100511,2026-01-25,2525.34,Not as Described
R000871,O0010281,C100511,2026-02-14,391.39,Late Delivery
R000872,O0010288,C100513,2025-02-18,10870.6,Not as Described
R000873,O0010291,C100513,2025-05-19,5058.09,Defective Product
R000874,O0010302,C100514,2026-03-24,2056.7,Late Delivery
R000875,O0010322,C100517,2024-10-10,3618.63,Defective Product
R000876,O0010327,C100517,2025-04-18,46244.86,Better Price Found
R000877,O0010346,C100517,2026-06-27,3469.48,Size Issue
R000878,O0010348,C100517,2026-08-04,10868.76,Size Issue
R000879,O0010349,C100517,2026-08-04,1152.99,Defective Product
R000880,O0010379,C100518,2024-11-19,2816.92,Late Delivery
R000881,O0010387,C100518,2025-05-29,17922.89,Not as Described
R000882,O0010439,C100521,2025-01-09,523.13,Changed Mind
R000883,O0010440,C100521,2025-01-13,13817.99,Not as Described
R000884,O0010447,C100521,2025-03-07,35430.61,Defective Product
R000885,O0010451,C100521,2025-04-17,2895.64,Better Price Found
R000886,O0010455,C100521,2025-05-16,5825.17,Better Price Found
R000887,O0010501,C100521,2026-07-17,3559.21,Late Delivery
R000888,O0010505,C100521,2026-07-30,23270.63,Size Issue
R000889,O0010522,C100522,2023-12-29,672.06,Not as Described
R000890,O0010539,C100522,2024-09-30,38633.04,Defective Product
R000891,O0010551,C100522,2025-02-09,15780.73,Defective Product
R000892,O0010553,C100522,2025-03-01,2572.41,Not as Described
R000893,O0010558,C100522,2025-05-14,900.4,Late Delivery
R000894,O0010578,C100522,2025-10-16,41798.49,Size Issue
R000895,O0010600,C100522,2026-04-18,2203.6,Defective Product
R000896,O0010606,C100522,2026-07-06,6889.13,Defective Product
R000897,O0010610,C100522,2026-07-14,15235.2,Not as Described
R000898,O0010613,C100523,2025-11-11,11702.91,Size Issue
R000899,O0010618,C100523,2026-04-06,1475.36,Not as Described
R000900,O0010636,C100525,2023-11-02,2163.75,Better Price Found
R000901,O0010644,C100525,2024-01-28,27115.73,Better Price Found
R000902,O0010648,C100525,2024-03-21,352.46,Not as Described
R000903,O0010650,C100525,2024-05-02,12414.23,Changed Mind
R000904,O0010679,C100525,2025-02-05,3911.35,Defective Product
R000905,O0010681,C100525,2025-02-20,5193.76,Not as Described
R000906,O0010682,C100525,2025-03-06,7677.52,Late Delivery
R000907,O0010689,C100525,2025-04-29,4178.0,Changed Mind
R000908,O0010693,C100525,2025-05-26,3625.46,Better Price Found
R000909,O0010713,C100525,2025-12-17,2409.26,Late Delivery
R000910,O0010727,C100525,2026-04-29,2325.92,Not as Described
R000911,O0010778,C100528,2025-03-08,5027.6,Late Delivery
R000912,O0010786,C100528,2025-11-22,982.34,Size Issue
R000913,O0010787,C100528,2026-01-16,10401.28,Defective Product
R000914,O0010798,C100531,2026-06-10,575.83,Not as Described
R000915,O0010825,C100532,2026-02-26,2712.98,Changed Mind
R000916,O0010832,C100532,2026-06-11,8402.46,Late Delivery
R000917,O0010840,C100533,2026-06-18,1963.53,Defective Product
R000918,O0010857,C100536,2023-06-19,18422.15,Late Delivery
R000919,O0010864,C100536,2024-03-18,648.34,Defective Product
R000920,O0010865,C100536,2024-03-20,57875.37,Better Price Found
R000921,O0010868,C100536,2024-07-17,2055.02,Late Delivery
R000922,O0010875,C100536,2024-11-16,9567.19,Not as Described
R000923,O0010891,C100536,2025-06-16,727.01,Better Price Found
R000924,O0010908,C100536,2025-10-28,554.71,Late Delivery
R000925,O0010914,C100536,2025-11-27,214.14,Better Price Found
R000926,O0010915,C100536,2025-12-20,3166.75,Late Delivery
R000927,O0010929,C100536,2026-04-28,78444.94,Not as Described
R000928,O0010936,C100536,2026-06-24,3530.66,Not as Described
R000929,O0010940,C100536,2026-08-04,3592.89,Better Price Found
R000930,O0010942,C100537,2024-05-19,3033.62,Size Issue
R000931,O0010945,C100537,2024-05-31,14713.14,Late Delivery
R000932,O0010950,C100537,2025-09-28,2031.48,Not as Described
R000933,O0010955,C100539,2023-04-30,267.51,Better Price Found
R000934,O0010965,C100539,2024-01-08,3204.41,Size Issue
R000935,O0010968,C100539,2024-08-03,4819.52,Changed Mind
R000936,O0010978,C100540,2024-04-25,970.69,Changed Mind
R000937,O0010979,C100540,2024-05-19,11109.64,Better Price Found
R000938,O0010981,C100540,2024-10-17,6094.29,Defective Product
R000939,O0010986,C100541,2023-08-02,18833.64,Size Issue
R000940,O0011038,C100546,2025-10-04,48048.96,Defective Product
R000941,O0011042,C100546,2025-11-07,8854.02,Defective Product
R000942,O0011052,C100546,2026-01-24,34079.87,Late Delivery
R000943,O0011060,C100546,2026-04-07,46692.41,Late Delivery
R000944,O0011071,C100547,2025-10-07,55521.22,Changed Mind
R000945,O0011090,C100547,2026-04-23,8232.11,Defective Product
R000946,O0011096,C100547,2026-05-14,327.38,Late Delivery
R000947,O0011116,C100548,2024-09-06,12880.3,Changed Mind
R000948,O0011125,C100548,2025-02-25,886.28,Better Price Found
R000949,O0011133,C100548,2025-07-30,11212.56,Better Price Found
R000950,O0011140,C100548,2026-01-02,28645.6,Better Price Found
R000951,O0011142,C100548,2026-01-06,9174.42,Better Price Found
R000952,O0011143,C100548,2026-03-22,8016.7,Size Issue
R000953,O0011146,C100548,2026-07-07,5041.65,Changed Mind
R000954,O0011161,C100550,2026-06-30,3310.92,Changed Mind
R000955,O0011174,C100552,2024-09-24,4248.37,Better Price Found
R000956,O0011189,C100554,2024-05-25,8749.27,Not as Described
R000957,O0011220,C100554,2025-05-31,11576.6,Late Delivery
R000958,O0011265,C100555,2024-09-14,29674.49,Size Issue
R000959,O0011283,C100557,2025-06-04,1820.51,Late Delivery
R000960,O0011294,C100557,2026-05-10,6013.6,Late Delivery
R000961,O0011297,C100558,2023-08-03,4981.54,Changed Mind
R000962,O0011321,C100558,2025-12-06,1584.33,Better Price Found
R000963,O0011324,C100558,2026-01-25,219.27,Late Delivery
R000964,O0011351,C100561,2026-02-21,6225.62,Changed Mind
R000965,O0011360,C100561,2026-05-24,16576.27,Defective Product
R000966,O0011361,C100561,2026-06-07,6931.22,Not as Described
R000967,O0011364,C100561,2026-07-30,4716.76,Size Issue
R000968,O0011370,C100562,2024-12-03,13346.69,Late Delivery
R000969,O0011383,C100564,2026-06-30,16161.74,Late Delivery
R000970,O0011389,C100565,2025-02-05,1534.57,Better Price Found
R000971,O0011390,C100565,2025-07-05,8771.15,Not as Described
R000972,O0011405,C100568,2025-01-04,30598.33,Not as Described
R000973,O0011411,C100568,2025-05-04,416.11,Not as Described
R000974,O0011442,C100569,2023-12-16,3120.13,Not as Described
R000975,O0011483,C100569,2025-04-24,1714.22,Size Issue
R000976,O0011501,C100569,2025-07-12,32474.16,Defective Product
R000977,O0011511,C100569,2025-10-01,7390.69,Not as Described
R000978,O0011517,C100569,2025-12-01,15882.53,Late Delivery
R000979,O0011518,C100569,2025-12-29,1309.73,Not as Described
R000980,O0011544,C100569,2026-07-24,827.97,Defective Product
R000981,O0011547,C100570,2025-09-26,34410.21,Size Issue
R000982,O0011563,C100572,2025-07-13,1725.98,Size Issue
R000983,O0011565,C100572,2025-08-04,4145.41,Defective Product
R000984,O0011570,C100572,2025-08-23,2398.94,Changed Mind
R000985,O0011612,C100576,2024-02-12,2832.66,Not as Described
R000986,O0011616,C100576,2024-05-14,4251.21,Late Delivery
R000987,O0011628,C100576,2025-10-06,25489.91,Size Issue
R000988,O0011636,C100576,2026-07-26,630.59,Changed Mind
R000989,O0011643,C100577,2026-05-27,2046.16,Better Price Found
R000990,O0011647,C100578,2024-09-13,2029.83,Defective Product
R000991,O0011650,C100578,2024-12-26,6756.76,Not as Described
R000992,O0011651,C100578,2025-02-03,975.68,Better Price Found
R000993,O0011653,C100578,2025-02-24,9997.48,Defective Product
R000994,O0011662,C100578,2026-05-04,4312.18,Late Delivery
R000995,O0011668,C100578,2026-07-29,9121.08,Better Price Found
R000996,O0011688,C100581,2024-12-13,11724.69,Late Delivery
R000997,O0011714,C100581,2026-02-08,1592.79,Better Price Found
R000998,O0011716,C100581,2026-03-11,1880.55,Late Delivery
R000999,O0011720,C100581,2026-05-11,19455.48,Not as Described
R001000,O0011726,C100581,2026-08-01,1193.89,Size Issue
R001001,O0011733,C100582,2026-03-02,7169.29,Late Delivery
R001002,O0011762,C100585,2024-08-03,14777.86,Size Issue
R001003,O0011763,C100585,2024-09-17,1194.3,Size Issue
R001004,O0011826,C100588,2024-11-25,144.65,Not as Described
R001005,O0011830,C100588,2025-05-05,6472.99,Better Price Found
R001006,O0011847,C100589,2024-12-19,16503.47,Late Delivery
R001007,O0011880,C100590,2024-06-05,38231.33,Late Delivery
R001008,O0011896,C100590,2024-09-26,1985.99,Defective Product
R001009,O0011910,C100590,2024-12-06,430.99,Better Price Found
R001010,O0011921,C100590,2025-03-17,21253.71,Not as Described
R001011,O0011924,C100590,2025-03-30,3202.08,Size Issue
R001012,O0011939,C100590,2025-07-19,3232.67,Size Issue
R001013,O0011951,C100590,2025-10-27,682.96,Defective Product
R001014,O0011954,C100590,2025-11-19,21192.17,Not as Described
R001015,O0011963,C100590,2026-02-08,1496.14,Better Price Found
R001016,O0011985,C100591,2024-01-05,15884.4,Late Delivery
R001017,O0011987,C100591,2024-03-28,9178.7,Defective Product
R001018,O0011996,C100591,2025-04-17,59169.36,Better Price Found
R001019,O0012009,C100592,2025-03-04,133965.68,Changed Mind
R001020,O0012026,C100592,2026-03-29,884.73,Better Price Found
R001021,O0012027,C100592,2026-04-04,27462.37,Changed Mind
R001022,O0012028,C100592,2026-04-22,11992.58,Better Price Found
R001023,O0012039,C100593,2026-04-18,4268.78,Size Issue
R001024,O0012042,C100593,2026-06-20,10570.37,Size Issue
R001025,O0012049,C100594,2026-05-29,6268.41,Defective Product
R001026,O0012079,C100595,2024-08-12,4196.68,Defective Product
R001027,O0012084,C100595,2024-09-18,1048.92,Size Issue
R001028,O0012086,C100595,2024-10-22,2729.12,Defective Product
R001029,O0012104,C100595,2025-02-12,695.71,Defective Product
R001030,O0012105,C100595,2025-02-26,438.31,Late Delivery
R001031,O0012109,C100595,2025-03-17,2254.25,Defective Product
R001032,O0012121,C100595,2025-08-01,1908.38,Changed Mind
R001033,O0012124,C100595,2025-09-03,6611.36,Late Delivery
R001034,O0012132,C100595,2025-11-19,2528.46,Size Issue
R001035,O0012134,C100595,2025-12-07,6780.97,Size Issue
R001036,O0012150,C100595,2026-03-13,79412.04,Defective Product
R001037,O0012175,C100597,2023-07-27,2559.43,Late Delivery
R001038,O0012178,C100598,2025-07-25,408.33,Late Delivery
R001039,O0012194,C100599,2024-12-04,19891.02,Defective Product
R001040,O0012223,C100600,2025-02-16,3905.43,Late Delivery
R001041,O0012232,C100600,2025-06-25,7418.21,Changed Mind
R001042,O0012252,C100600,2026-05-28,101879.12,Changed Mind
R001043,O0012296,C100602,2024-12-04,602.26,Defective Product
R001044,O0012298,C100602,2024-12-27,8786.64,Size Issue
R001045,O0012300,C100602,2025-02-19,13094.92,Size Issue
R001046,O0012319,C100603,2025-11-14,12241.73,Changed Mind
R001047,O0012330,C100604,2025-10-23,82.49,Better Price Found
R001048,O0012338,C100604,2025-12-31,5880.84,Better Price Found
R001049,O0012342,C100604,2026-04-26,54325.1,Changed Mind
R001050,O0012365,C100607,2025-02-11,76195.94,Late Delivery
R001051,O0012369,C100607,2025-08-02,5715.27,Better Price Found
R001052,O0012378,C100607,2026-05-31,946.21,Not as Described
R001053,O0012388,C100610,2026-06-15,4046.95,Size Issue
R001054,O0012390,C100611,2023-07-23,6007.99,Changed Mind
R001055,O0012391,C100611,2023-08-19,10004.72,Better Price Found
R001056,O0012412,C100611,2024-05-08,6187.7,Late Delivery
R001057,O0012431,C100611,2024-11-12,44599.36,Not as Described
R001058,O0012443,C100611,2025-04-20,13244.94,Defective Product
R001059,O0012464,C100611,2025-10-24,7268.55,Size Issue
R001060,O0012485,C100611,2026-03-12,24729.93,Late Delivery
R001061,O0012496,C100611,2026-06-17,15429.98,Late Delivery
R001062,O0012510,C100612,2025-09-28,16450.7,Size Issue
R001063,O0012524,C100614,2024-03-16,161.03,Late Delivery
R001064,O0012526,C100614,2024-09-15,5128.12,Size Issue
R001065,O0012571,C100619,2025-08-07,20146.57,Not as Described
R001066,O0012578,C100619,2025-09-18,1212.71,Late Delivery
R001067,O0012594,C100619,2026-03-17,2437.28,Changed Mind
R001068,O0012596,C100619,2026-04-09,6671.89,Changed Mind
R001069,O0012607,C100619,2026-07-01,4843.82,Changed Mind
R001070,O0012684,C100622,2025-06-15,90463.59,Size Issue
R001071,O0012686,C100622,2025-08-12,7167.44,Better Price Found
R001072,O0012687,C100622,2025-10-03,6261.28,Better Price Found
R001073,O0012699,C100624,2024-04-09,3343.81,Better Price Found
R001074,O0012703,C100624,2024-09-18,1937.74,Not as Described
R001075,O0012706,C100624,2024-12-17,48928.47,Defective Product
R001076,O0012707,C100624,2025-02-11,3276.75,Not as Described
R001077,O0012712,C100624,2025-04-12,156551.23,Defective Product
R001078,O0012715,C100624,2025-05-02,7933.42,Defective Product
R001079,O0012723,C100624,2025-10-26,2212.06,Defective Product
R001080,O0012733,C100624,2026-01-31,2060.74,Size Issue
R001081,O0012752,C100624,2026-07-29,2503.58,Changed Mind
R001082,O0012758,C100625,2024-11-28,1906.67,Size Issue
R001083,O0012784,C100625,2025-11-03,2061.92,Size Issue
R001084,O0012799,C100625,2026-05-28,66087.85,Defective Product
R001085,O0012824,C100627,2026-02-28,2777.89,Not as Described
R001086,O0012832,C100628,2023-07-16,140.7,Late Delivery
R001087,O0012842,C100629,2025-02-08,7349.0,Size Issue
R001088,O0012856,C100630,2023-12-27,6519.53,Late Delivery
R001089,O0012858,C100630,2024-01-26,33433.41,Not as Described
R001090,O0012859,C100630,2024-02-19,4051.48,Not as Described
R001091,O0012890,C100631,2023-04-22,2953.09,Changed Mind
R001092,O0012902,C100631,2025-02-14,48034.55,Not as Described
R001093,O0012918,C100634,2025-08-25,7613.92,Late Delivery
R001094,O0012922,C100634,2025-12-06,176194.09,Changed Mind
R001095,O0012927,C100635,2023-05-02,2378.18,Changed Mind
R001096,O0012935,C100635,2023-09-30,475.39,Defective Product
R001097,O0012948,C100635,2024-03-29,2008.11,Defective Product
R001098,O0012949,C100635,2024-03-20,3308.59,Not as Described
R001099,O0012952,C100635,2024-04-16,577.77,Late Delivery
R001100,O0012963,C100635,2024-08-16,6064.98,Better Price Found
R001101,O0012967,C100635,2024-09-19,3774.88,Not as Described
R001102,O0012979,C100635,2024-12-16,10201.78,Better Price Found
R001103,O0012999,C100635,2025-07-04,5442.35,Better Price Found
R001104,O0013016,C100635,2025-11-01,5461.16,Late Delivery
R001105,O0013021,C100635,2026-01-25,11609.66,Not as Described
R001106,O0013034,C100635,2026-06-11,7140.34,Defective Product
R001107,O0013035,C100635,2026-06-24,568.38,Better Price Found
R001108,O0013043,C100636,2024-08-08,4656.59,Changed Mind
R001109,O0013052,C100636,2024-12-16,3677.91,Late Delivery
R001110,O0013059,C100636,2025-09-18,1588.7,Better Price Found
R001111,O0013060,C100636,2025-10-11,1878.06,Not as Described
R001112,O0013074,C100636,2026-07-18,4226.74,Defective Product
R001113,O0013080,C100637,2024-09-22,4417.89,Better Price Found
R001114,O0013095,C100637,2025-01-31,4071.13,Changed Mind
R001115,O0013125,C100637,2025-09-12,4140.68,Late Delivery
R001116,O0013136,C100637,2025-12-09,17105.25,Changed Mind
R001117,O0013180,C100639,2025-08-10,1531.51,Late Delivery
R001118,O0013218,C100642,2024-09-12,3477.95,Better Price Found
R001119,O0013221,C100642,2025-01-07,42488.99,Size Issue
R001120,O0013293,C100643,2025-03-05,5134.78,Defective Product
R001121,O0013315,C100644,2026-07-21,534.08,Better Price Found
R001122,O0013318,C100645,2026-06-30,18119.72,Not as Described
R001123,O0013327,C100647,2025-12-22,10522.95,Late Delivery
R001124,O0013349,C100648,2025-03-12,28553.26,Size Issue
R001125,O0013351,C100649,2025-01-12,555.13,Better Price Found
R001126,O0013352,C100649,2025-03-27,1189.36,Better Price Found
R001127,O0013353,C100649,2025-04-05,3532.08,Defective Product
R001128,O0013368,C100654,2024-06-12,93584.48,Better Price Found
R001129,O0013371,C100654,2024-07-21,9700.28,Size Issue
R001130,O0013372,C100654,2024-07-31,22001.76,Size Issue
R001131,O0013376,C100654,2024-09-20,10181.48,Size Issue
R001132,O0013382,C100654,2025-01-14,28611.51,Changed Mind
R001133,O0013394,C100654,2025-04-18,21278.98,Defective Product
R001134,O0013396,C100654,2025-04-28,3216.84,Defective Product
R001135,O0013400,C100654,2025-06-05,9913.46,Better Price Found
R001136,O0013403,C100654,2025-06-21,16141.82,Not as Described
R001137,O0013409,C100654,2025-10-09,15730.81,Size Issue
R001138,O0013422,C100654,2026-04-28,12033.77,Defective Product
R001139,O0013438,C100655,2025-10-10,1870.63,Not as Described
R001140,O0013523,C100656,2026-08-09,6157.9,Better Price Found
R001141,O0013541,C100657,2025-04-08,2203.11,Size Issue
R001142,O0013557,C100658,2026-03-27,38128.56,Not as Described
R001143,O0013571,C100661,2025-04-18,7247.67,Defective Product
R001144,O0013584,C100661,2026-03-11,691.18,Better Price Found
R001145,O0013585,C100661,2026-04-17,1859.62,Changed Mind
R001146,O0013597,C100663,2026-02-18,21931.09,Size Issue
R001147,O0013601,C100664,2024-08-04,1485.15,Not as Described
R001148,O0013608,C100665,2025-04-05,32686.02,Changed Mind
R001149,O0013621,C100666,2026-03-16,455.18,Better Price Found
R001150,O0013636,C100668,2023-07-23,6839.02,Late Delivery
R001151,O0013641,C100668,2024-03-19,34974.06,Changed Mind
R001152,O0013642,C100668,2024-05-05,657.93,Late Delivery
R001153,O0013644,C100668,2024-05-11,2666.97,Not as Described
R001154,O0013648,C100668,2024-08-06,1371.4,Defective Product
R001155,O0013657,C100669,2025-10-19,3537.2,Size Issue
R001156,O0013664,C100672,2024-09-16,14060.7,Defective Product
R001157,O0013687,C100673,2025-10-16,3928.91,Not as Described
R001158,O0013689,C100673,2025-11-01,11859.94,Not as Described
R001159,O0013703,C100674,2023-10-22,774.86,Better Price Found
R001160,O0013704,C100674,2023-10-29,41076.23,Defective Product
R001161,O0013705,C100674,2023-11-09,8905.48,Changed Mind
R001162,O0013715,C100674,2024-01-24,5079.42,Better Price Found
R001163,O0013728,C100674,2026-01-07,3404.41,Not as Described
R001164,O0013765,C100676,2025-03-15,296.12,Changed Mind
R001165,O0013787,C100679,2024-02-18,28569.26,Better Price Found
R001166,O0013791,C100680,2023-06-25,8925.2,Better Price Found
R001167,O0013811,C100682,2024-02-20,18081.43,Late Delivery
R001168,O0013830,C100684,2026-06-21,40304.56,Not as Described
R001169,O0013835,C100687,2024-08-17,1329.69,Size Issue
R001170,O0013836,C100687,2024-08-31,335.99,Late Delivery
R001171,O0013838,C100687,2024-09-15,9300.02,Not as Described
R001172,O0013847,C100687,2025-03-11,23040.16,Defective Product
R001173,O0013853,C100687,2025-05-01,24843.37,Changed Mind
R001174,O0013855,C100687,2025-05-27,17803.63,Defective Product
R001175,O0013857,C100687,2025-06-18,13203.76,Changed Mind
R001176,O0013867,C100687,2025-09-04,11227.68,Better Price Found
R001177,O0013872,C100687,2026-01-05,46.8,Not as Described
R001178,O0013881,C100687,2026-03-09,416.28,Not as Described
R001179,O0013901,C100689,2024-09-26,1494.76,Defective Product
R001180,O0013906,C100689,2025-07-01,6012.88,Defective Product
R001181,O0013925,C100693,2026-01-20,1872.58,Changed Mind
R001182,O0013937,C100696,2025-07-16,780.63,Size Issue
R001183,O0013956,C100696,2026-01-09,819.6,Changed Mind
R001184,O0013975,C100696,2026-06-12,18979.64,Not as Described
R001185,O0013986,C100699,2025-12-03,1202.46,Size Issue
R001186,O0013997,C100699,2026-05-22,2394.17,Changed Mind
R001187,O0014008,C100699,2026-08-09,3660.57,Size Issue
R001188,O0014024,C100700,2025-02-25,11923.54,Late Delivery
R001189,O0014032,C100700,2025-05-23,24679.21,Not as Described
R001190,O0014066,C100700,2026-04-11,1887.29,Late Delivery
R001191,O0014068,C100700,2026-04-23,5269.95,Better Price Found
R001192,O0014070,C100700,2026-04-26,3049.15,Not as Described
R001193,O0014078,C100700,2026-08-06,6099.5,Not as Described
R001194,O0014084,C100701,2023-10-28,68379.6,Late Delivery
R001195,O0014085,C100701,2023-11-19,12478.4,Not as Described
R001196,O0014095,C100701,2024-07-09,565.5,Not as Described
R001197,O0014097,C100701,2024-07-24,3172.4,Better Price Found
R001198,O0014100,C100701,2024-09-22,4155.28,Defective Product
R001199,O0014101,C100701,2024-12-05,1196.72,Changed Mind
R001200,O0014103,C100701,2025-01-30,25824.46,Defective Product
R001201,O0014105,C100701,2025-02-01,5213.01,Changed Mind
R001202,O0014110,C100701,2025-03-20,2231.25,Not as Described
R001203,O0014118,C100701,2025-07-29,2474.27,Changed Mind
R001204,O0014135,C100701,2026-03-15,24696.23,Not as Described
R001205,O0014136,C100701,2026-03-13,62287.88,Changed Mind
R001206,O0014149,C100701,2026-06-12,4703.82,Changed Mind
R001207,O0014153,C100701,2026-08-07,1558.43,Not as Described
R001208,O0014167,C100703,2026-01-07,16552.65,Size Issue
R001209,O0014170,C100703,2026-08-04,10750.36,Defective Product
R001210,O0014178,C100704,2024-10-01,12690.4,Size Issue
R001211,O0014180,C100704,2024-10-29,859.09,Size Issue
R001212,O0014181,C100704,2025-01-14,1854.85,Size Issue
R001213,O0014182,C100704,2025-01-08,4095.31,Size Issue
R001214,O0014207,C100704,2026-08-07,3992.22,Defective Product
R001215,O0014208,C100705,2023-09-24,4513.75,Better Price Found
R001216,O0014216,C100706,2025-01-26,14486.17,Size Issue
R001217,O0014224,C100707,2025-07-08,6800.83,Changed Mind
R001218,O0014234,C100707,2025-09-19,2932.17,Changed Mind
R001219,O0014238,C100707,2025-10-11,7267.03,Better Price Found
R001220,O0014239,C100707,2025-10-11,8492.45,Changed Mind
R001221,O0014242,C100707,2025-10-27,8648.46,Size Issue
R001222,O0014247,C100707,2025-12-13,8712.44,Not as Described
R001223,O0014250,C100707,2026-01-19,2983.84,Changed Mind
R001224,O0014251,C100707,2026-01-19,3598.1,Size Issue
R001225,O0014264,C100707,2026-06-15,198.01,Not as Described
R001226,O0014267,C100707,2026-07-22,9424.29,Not as Described
R001227,O0014270,C100707,2026-08-05,330.94,Late Delivery
R001228,O0014292,C100711,2025-01-31,1725.91,Not as Described
R001229,O0014294,C100711,2025-02-18,2020.25,Size Issue
R001230,O0014295,C100711,2025-03-15,5911.89,Size Issue
R001231,O0014311,C100713,2024-12-19,23170.46,Better Price Found
R001232,O0014324,C100715,2023-04-20,141.3,Late Delivery
R001233,O0014334,C100715,2023-08-04,37289.47,Defective Product
R001234,O0014336,C100715,2023-08-18,8756.8,Defective Product
R001235,O0014340,C100715,2023-09-24,45226.09,Changed Mind
R001236,O0014358,C100715,2024-02-19,2598.83,Better Price Found
R001237,O0014370,C100715,2024-06-28,18139.75,Better Price Found
R001238,O0014371,C100715,2024-07-02,2428.95,Better Price Found
R001239,O0014400,C100715,2025-04-17,20542.31,Better Price Found
R001240,O0014412,C100715,2025-09-23,4551.84,Late Delivery
R001241,O0014418,C100715,2025-11-13,1123.49,Better Price Found
R001242,O0014438,C100715,2026-05-12,109.86,Late Delivery
R001243,O0014446,C100719,2023-05-29,18701.58,Not as Described
R001244,O0014478,C100720,2024-02-25,1866.41,Size Issue
R001245,O0014490,C100720,2024-09-02,6690.98,Late Delivery
R001246,O0014494,C100720,2024-10-29,385.06,Size Issue
R001247,O0014496,C100720,2024-11-30,6188.22,Defective Product
R001248,O0014505,C100720,2025-06-25,7352.63,Changed Mind
R001249,O0014508,C100720,2025-07-27,3265.66,Size Issue
R001250,O0014531,C100721,2023-05-23,929.6,Not as Described
R001251,O0014572,C100721,2026-06-18,1672.31,Better Price Found
R001252,O0014581,C100722,2024-01-02,10713.67,Changed Mind
R001253,O0014584,C100722,2024-02-06,11840.45,Size Issue
R001254,O0014585,C100722,2024-02-08,54646.49,Size Issue
R001255,O0014587,C100722,2024-03-18,30446.51,Size Issue
R001256,O0014600,C100722,2025-02-15,724.29,Defective Product
R001257,O0014605,C100722,2025-07-31,412.33,Defective Product
R001258,O0014610,C100722,2025-12-31,1208.12,Late Delivery
R001259,O0014615,C100722,2026-03-01,1064.35,Not as Described
R001260,O0014640,C100725,2023-10-04,7830.07,Size Issue
R001261,O0014642,C100725,2023-11-15,4194.83,Not as Described
R001262,O0014649,C100725,2024-03-23,1311.96,Not as Described
R001263,O0014651,C100725,2024-03-26,133.32,Defective Product
R001264,O0014663,C100725,2024-07-21,6774.89,Changed Mind
R001265,O0014665,C100725,2024-08-05,11770.33,Late Delivery
R001266,O0014666,C100725,2024-10-09,1354.76,Better Price Found
R001267,O0014667,C100725,2024-10-25,8414.72,Better Price Found
R001268,O0014671,C100725,2025-01-11,3781.18,Better Price Found
R001269,O0014676,C100725,2025-02-17,1033.99,Defective Product
R001270,O0014683,C100725,2025-03-07,50058.09,Size Issue
R001271,O0014686,C100725,2025-03-29,4345.78,Better Price Found
R001272,O0014725,C100725,2026-01-17,965.71,Not as Described
R001273,O0014740,C100725,2026-06-08,27753.1,Changed Mind
R001274,O0014762,C100727,2024-09-22,327.42,Size Issue
R001275,O0014763,C100727,2024-09-22,1375.58,Changed Mind
R001276,O0014767,C100727,2024-10-18,14486.19,Late Delivery
R001277,O0014781,C100727,2025-02-04,25558.96,Defective Product
R001278,O0014788,C100727,2025-03-08,5661.77,Changed Mind
R001279,O0014789,C100727,2025-03-27,25067.08,Late Delivery
R001280,O0014790,C100727,2025-04-09,7883.75,Better Price Found
R001281,O0014793,C100727,2025-05-27,12017.74,Size Issue
R001282,O0014803,C100727,2025-08-10,10191.62,Size Issue
R001283,O0014814,C100727,2025-11-09,2776.38,Late Delivery
R001284,O0014834,C100727,2026-06-15,578.79,Not as Described
R001285,O0014850,C100731,2024-06-16,7937.6,Size Issue
R001286,O0014867,C100734,2026-01-13,19996.15,Not as Described
R001287,O0014872,C100735,2023-07-02,4749.63,Size Issue
R001288,O0014881,C100735,2024-08-07,23269.44,Size Issue
R001289,O0014886,C100735,2024-12-06,3555.8,Changed Mind
R001290,O0014887,C100735,2024-12-19,3038.84,Better Price Found
R001291,O0014904,C100735,2026-01-10,2521.25,Changed Mind
R001292,O0014906,C100735,2026-03-05,2534.69,Not as Described
R001293,O0014915,C100735,2026-06-10,11896.05,Not as Described
R001294,O0014923,C100737,2024-06-09,622.6,Late Delivery
R001295,O0014925,C100737,2024-07-31,1913.37,Late Delivery
R001296,O0014947,C100737,2025-07-13,1799.8,Late Delivery
R001297,O0014956,C100737,2025-10-06,1462.31,Better Price Found
R001298,O0014967,C100737,2025-12-21,20709.1,Size Issue
R001299,O0015004,C100738,2026-01-26,48073.07,Late Delivery
R001300,O0015010,C100739,2023-05-23,929.81,Defective Product
R001301,O0015013,C100739,2024-02-26,69199.95,Not as Described
R001302,O0015029,C100743,2023-11-25,879.42,Defective Product
R001303,O0015037,C100743,2025-11-12,6761.19,Better Price Found
R001304,O0015106,C100745,2026-05-15,523.28,Better Price Found
R001305,O0015119,C100745,2026-08-03,5708.28,Better Price Found
R001306,O0015132,C100747,2024-09-05,590.16,Size Issue
R001307,O0015133,C100747,2024-09-05,25733.99,Late Delivery
R001308,O0015136,C100747,2024-09-27,4179.67,Defective Product
R001309,O0015142,C100747,2025-09-04,18424.99,Changed Mind
R001310,O0015143,C100747,2025-09-17,13381.01,Defective Product
R001311,O0015147,C100747,2026-03-30,5859.22,Not as Described
R001312,O0015149,C100747,2026-06-16,13100.41,Size Issue
R001313,O0015184,C100748,2024-12-28,5651.69,Size Issue
R001314,O0015192,C100748,2025-04-11,16576.38,Size Issue
R001315,O0015196,C100748,2025-07-26,43451.67,Size Issue
R001316,O0015211,C100748,2026-01-03,442.58,Better Price Found
R001317,O0015286,C100751,2025-06-03,5973.73,Size Issue
R001318,O0015323,C100754,2024-08-02,2446.65,Changed Mind
R001319,O0015328,C100754,2024-12-08,3397.51,Defective Product
R001320,O0015334,C100754,2025-03-14,101.47,Size Issue
R001321,O0015357,C100754,2025-08-06,2392.01,Not as Described
R001322,O0015360,C100754,2025-08-23,16133.79,Better Price Found
R001323,O0015379,C100754,2026-05-06,15766.56,Late Delivery
R001324,O0015388,C100754,2026-07-03,19677.89,Not as Described
R001325,O0015389,C100754,2026-07-10,4626.49,Size Issue
R001326,O0015407,C100756,2025-07-08,546.41,Size Issue
R001327,O0015408,C100757,2023-02-06,5270.14,Not as Described
R001328,O0015421,C100758,2023-07-03,2387.54,Better Price Found
R001329,O0015422,C100758,2023-06-30,41050.05,Size Issue
R001330,O0015424,C100758,2023-07-21,1474.23,Better Price Found
R001331,O0015445,C100758,2024-02-01,18008.62,Better Price Found
R001332,O0015477,C100758,2024-12-10,35415.58,Size Issue
R001333,O0015492,C100758,2025-04-12,21781.44,Not as Described
R001334,O0015542,C100759,2024-12-17,385.77,Defective Product
R001335,O0015549,C100759,2025-05-12,11327.78,Changed Mind
R001336,O0015584,C100761,2025-11-30,1352.07,Not as Described
R001337,O0015593,C100762,2023-03-14,32357.2,Size Issue
R001338,O0015600,C100762,2023-08-02,9275.3,Late Delivery
R001339,O0015642,C100762,2024-10-05,642.41,Defective Product
R001340,O0015664,C100762,2025-05-27,12535.3,Better Price Found
R001341,O0015672,C100762,2025-07-30,19961.05,Not as Described
R001342,O0015674,C100762,2025-08-12,5247.36,Changed Mind
R001343,O0015685,C100762,2025-10-24,10291.35,Late Delivery
R001344,O0015693,C100762,2025-12-14,56683.51,Defective Product
R001345,O0015695,C100762,2025-12-26,1924.58,Not as Described
R001346,O0015697,C100762,2026-01-22,5414.46,Size Issue
R001347,O0015713,C100763,2024-07-23,1712.62,Not as Described
R001348,O0015715,C100763,2024-09-18,5850.69,Late Delivery
R001349,O0015733,C100764,2025-09-23,44773.92,Not as Described
R001350,O0015735,C100764,2025-10-12,11211.33,Not as Described
R001351,O0015780,C100766,2025-05-03,706.01,Defective Product
R001352,O0015783,C100766,2025-06-23,17110.16,Size Issue
R001353,O0015833,C100768,2025-12-02,1347.68,Not as Described
R001354,O0015842,C100770,2025-04-01,924.57,Better Price Found
R001355,O0015845,C100771,2024-01-26,1488.72,Not as Described
R001356,O0015884,C100771,2025-04-20,6073.9,Late Delivery
R001357,O0015886,C100771,2025-04-18,3101.9,Size Issue
R001358,O0015940,C100772,2024-07-21,16447.71,Changed Mind
R001359,O0015955,C100772,2025-03-19,3179.49,Changed Mind
R001360,O0015987,C100773,2025-02-15,692.24,Changed Mind
R001361,O0016002,C100774,2025-06-09,419.56,Size Issue
R001362,O0016003,C100774,2025-06-15,44505.9,Defective Product
R001363,O0016019,C100774,2025-11-28,707.05,Changed Mind
R001364,O0016020,C100774,2025-12-17,28785.17,Changed Mind
R001365,O0016025,C100774,2026-02-04,4358.14,Defective Product
R001366,O0016027,C100774,2026-02-13,2001.98,Late Delivery
R001367,O0016030,C100774,2026-03-17,7668.77,Changed Mind
R001368,O0016063,C100777,2025-02-10,3345.01,Defective Product
R001369,O0016072,C100779,2025-06-04,5751.14,Better Price Found
R001370,O0016098,C100781,2023-12-21,4504.79,Not as Described
R001371,O0016117,C100783,2024-04-20,11452.26,Not as Described
R001372,O0016126,C100784,2024-06-04,13002.45,Late Delivery
R001373,O0016147,C100787,2023-03-13,21509.12,Size Issue
R001374,O0016160,C100787,2023-06-11,9990.39,Not as Described
R001375,O0016195,C100789,2024-11-26,37932.99,Changed Mind
R001376,O0016205,C100789,2025-04-28,5566.55,Not as Described
R001377,O0016207,C100789,2025-05-22,6549.51,Late Delivery
R001378,O0016218,C100789,2026-06-10,3134.75,Size Issue
R001379,O0016241,C100792,2023-10-13,1070.83,Changed Mind
R001380,O0016252,C100792,2025-11-16,9262.13,Better Price Found
R001381,O0016254,C100792,2026-02-12,2518.31,Not as Described
R001382,O0016299,C100794,2025-11-05,9019.15,Better Price Found
R001383,O0016309,C100794,2026-03-21,907.7,Size Issue
R001384,O0016343,C100796,2024-08-05,5158.85,Better Price Found
R001385,O0016372,C100796,2025-02-23,2143.91,Not as Described
R001386,O0016404,C100796,2025-09-22,8338.07,Not as Described
R001387,O0016410,C100796,2025-11-28,492.97,Defective Product
R001388,O0016411,C100796,2025-12-21,1779.31,Better Price Found
R001389,O0016428,C100796,2026-05-12,10122.75,Late Delivery
R001390,O0016440,C100796,2026-07-10,2751.41,Better Price Found
R001391,O0016459,C100797,2024-01-08,3984.38,Not as Described
R001392,O0016483,C100797,2024-06-13,4683.11,Size Issue
R001393,O0016497,C100797,2024-10-02,1318.92,Late Delivery
R001394,O0016502,C100797,2024-10-30,19835.05,Late Delivery
R001395,O0016508,C100797,2024-12-01,50236.78,Late Delivery
R001396,O0016520,C100797,2025-02-08,10258.94,Late Delivery
R001397,O0016558,C100797,2025-12-02,3522.59,Better Price Found
R001398,O0016574,C100797,2026-05-06,6302.24,Late Delivery
R001399,O0016586,C100797,2026-07-19,4989.03,Changed Mind
R001400,O0016587,C100797,2026-07-20,2293.65,Changed Mind
R001401,O0016589,C100797,2026-07-31,35078.84,Size Issue
R001402,O0016594,C100798,2023-05-26,600.89,Defective Product
R001403,O0016630,C100801,2024-04-21,920.36,Defective Product
R001404,O0016644,C100803,2023-10-13,3123.97,Better Price Found
R001405,O0016649,C100803,2024-02-07,384.36,Better Price Found
R001406,O0016654,C100803,2024-04-11,12669.66,Late Delivery
R001407,O0016656,C100803,2024-04-29,1040.0,Late Delivery
R001408,O0016659,C100803,2024-05-12,14311.07,Defective Product
R001409,O0016667,C100803,2024-08-05,1331.51,Defective Product
R001410,O0016669,C100803,2024-08-18,7634.89,Size Issue
R001411,O0016681,C100803,2024-11-15,8536.47,Late Delivery
R001412,O0016682,C100803,2024-12-07,6014.36,Changed Mind
R001413,O0016688,C100803,2025-01-31,7213.27,Late Delivery
R001414,O0016701,C100803,2025-05-12,3912.33,Changed Mind
R001415,O0016704,C100803,2025-05-30,25325.96,Size Issue
R001416,O0016716,C100803,2025-09-06,1522.11,Defective Product
R001417,O0016719,C100803,2025-09-30,2528.64,Defective Product
R001418,O0016720,C100803,2025-10-15,2305.26,Better Price Found
R001419,O0016745,C100803,2026-06-26,10554.65,Changed Mind
R001420,O0016753,C100804,2026-01-19,2318.57,Late Delivery
R001421,O0016769,C100805,2023-10-24,5006.74,Late Delivery
R001422,O0016771,C100805,2023-11-03,10382.68,Changed Mind
R001423,O0016775,C100805,2024-01-14,12306.64,Late Delivery
R001424,O0016820,C100805,2025-01-20,2107.88,Late Delivery
R001425,O0016831,C100805,2025-05-05,10020.45,Better Price Found
R001426,O0016839,C100805,2025-08-11,826.97,Not as Described
R001427,O0016882,C100806,2023-07-24,37079.74,Late Delivery
R001428,O0016924,C100806,2024-06-29,229.8,Size Issue
R001429,O0016944,C100806,2024-12-20,5228.96,Not as Described
R001430,O0016946,C100806,2024-12-30,729.72,Changed Mind
R001431,O0016973,C100806,2025-07-20,22424.68,Defective Product
R001432,O0016982,C100806,2025-09-11,1193.58,Not as Described
R001433,O0017009,C100806,2026-05-15,131101.87,Defective Product
R001434,O0017016,C100806,2026-06-28,72297.32,Late Delivery
R001435,O0017041,C100808,2026-07-31,2148.72,Late Delivery
R001436,O0017052,C100809,2026-06-04,9687.19,Size Issue
R001437,O0017055,C100810,2024-10-16,7139.91,Not as Described
R001438,O0017056,C100810,2024-11-13,6538.46,Late Delivery
R001439,O0017060,C100810,2025-06-07,1790.09,Late Delivery
R001440,O0017061,C100810,2025-07-02,1958.79,Size Issue
R001441,O0017066,C100810,2025-09-27,5145.64,Defective Product
R001442,O0017087,C100812,2023-08-31,4549.47,Defective Product
R001443,O0017088,C100812,2023-09-17,26919.36,Late Delivery
R001444,O0017091,C100812,2024-07-09,1372.35,Late Delivery
R001445,O0017093,C100813,2025-06-15,7757.7,Late Delivery
R001446,O0017119,C100816,2025-06-16,35773.12,Size Issue
R001447,O0017144,C100816,2026-04-19,1278.99,Late Delivery
R001448,O0017145,C100816,2026-05-22,42611.58,Changed Mind
R001449,O0017147,C100816,2026-05-31,3086.35,Size Issue
R001450,O0017149,C100816,2026-06-30,4998.09,Better Price Found
R001451,O0017176,C100818,2026-04-19,3595.52,Defective Product
R001452,O0017187,C100818,2026-06-28,2988.87,Size Issue
R001453,O0017229,C100822,2026-07-19,51515.84,Better Price Found
R001454,O0017234,C100823,2025-03-15,19287.84,Not as Described
R001455,O0017245,C100823,2026-05-19,893.5,Better Price Found
R001456,O0017251,C100824,2024-11-29,7372.42,Defective Product
R001457,O0017258,C100824,2025-05-10,75710.26,Not as Described
R001458,O0017269,C100824,2025-09-21,920.67,Changed Mind
R001459,O0017272,C100824,2025-10-28,92182.81,Not as Described
R001460,O0017278,C100824,2025-12-18,3367.96,Changed Mind
R001461,O0017377,C100831,2026-04-09,11716.15,Better Price Found
R001462,O0017380,C100831,2026-04-21,860.99,Late Delivery
R001463,O0017398,C100832,2024-01-22,2948.11,Defective Product
R001464,O0017401,C100832,2024-04-20,670.64,Better Price Found
R001465,O0017414,C100832,2025-08-16,1925.08,Size Issue
R001466,O0017427,C100832,2026-02-22,34808.49,Size Issue
R001467,O0017428,C100832,2026-04-05,4309.13,Size Issue
R001468,O0017472,C100837,2025-10-24,8400.85,Not as Described
R001469,O0017474,C100837,2025-12-05,1348.5,Changed Mind
R001470,O0017507,C100841,2024-09-02,1669.07,Size Issue
R001471,O0017509,C100841,2024-10-10,3152.59,Better Price Found
R001472,O0017521,C100841,2025-11-17,1938.06,Late Delivery
R001473,O0017529,C100844,2024-11-18,59771.75,Late Delivery
R001474,O0017554,C100845,2025-01-13,371.1,Size Issue
R001475,O0017557,C100845,2025-01-13,6963.45,Late Delivery
R001476,O0017560,C100845,2025-02-05,43608.09,Defective Product
R001477,O0017593,C100845,2025-12-11,31713.84,Defective Product
R001478,O0017629,C100846,2025-02-12,4654.25,Not as Described
R001479,O0017647,C100846,2025-05-23,4569.04,Not as Described
R001480,O0017652,C100846,2025-06-28,10952.07,Size Issue
R001481,O0017654,C100846,2025-07-05,364.6,Changed Mind
R001482,O0017668,C100846,2025-10-17,15577.47,Late Delivery
R001483,O0017682,C100846,2026-01-17,2739.71,Changed Mind
R001484,O0017700,C100846,2026-06-27,10364.84,Defective Product
R001485,O0017701,C100846,2026-06-30,1549.54,Better Price Found
R001486,O0017759,C100849,2025-05-25,7116.69,Changed Mind
R001487,O0017763,C100849,2025-07-15,5692.69,Changed Mind
R001488,O0017825,C100854,2026-06-01,661.71,Not as Described
R001489,O0017849,C100857,2023-08-20,7746.66,Changed Mind
R001490,O0017851,C100857,2023-09-24,2396.52,Better Price Found
R001491,O0017866,C100857,2024-02-26,1294.23,Late Delivery
R001492,O0017874,C100857,2024-04-30,5003.76,Size Issue
R001493,O0017878,C100857,2024-08-09,4396.84,Late Delivery
R001494,O0017934,C100857,2026-05-25,962.38,Better Price Found
R001495,O0017939,C100858,2026-05-13,37003.18,Better Price Found
R001496,O0017954,C100860,2025-09-07,2319.19,Changed Mind
R001497,O0017957,C100860,2025-10-01,8922.87,Better Price Found
R001498,O0017972,C100860,2026-05-09,24387.27,Late Delivery
R001499,O0017973,C100860,2026-05-28,7340.31,Defective Product
R001500,O0017986,C100861,2024-12-13,2953.17,Better Price Found
R001501,O0018056,C100863,2026-07-29,4834.12,Better Price Found
R001502,O0018066,C100869,2025-12-02,262.31,Not as Described
R001503,O0018090,C100873,2024-12-02,13124.7,Late Delivery
R001504,O0018094,C100874,2024-01-31,3028.79,Not as Described
R001505,O0018103,C100874,2025-06-29,2899.63,Late Delivery
R001506,O0018105,C100874,2025-12-19,1182.28,Late Delivery
R001507,O0018111,C100876,2023-11-26,1504.31,Size Issue
R001508,O0018118,C100876,2024-04-25,2553.52,Late Delivery
R001509,O0018134,C100876,2025-05-20,2341.17,Defective Product
R001510,O0018180,C100878,2024-05-26,3898.14,Changed Mind
R001511,O0018191,C100878,2024-10-27,9761.13,Late Delivery
R001512,O0018193,C100878,2024-11-14,2064.11,Changed Mind
R001513,O0018196,C100878,2024-12-04,2660.92,Size Issue
R001514,O0018209,C100878,2025-03-11,4739.51,Better Price Found
R001515,O0018212,C100878,2025-03-24,316.42,Changed Mind
R001516,O0018218,C100878,2025-05-15,11501.67,Defective Product
R001517,O0018222,C100878,2025-06-29,2505.31,Defective Product
R001518,O0018228,C100878,2025-08-09,4896.51,Not as Described
R001519,O0018234,C100878,2025-10-31,2016.13,Better Price Found
R001520,O0018249,C100878,2026-04-02,115696.11,Changed Mind
R001521,O0018250,C100878,2026-04-04,31860.33,Defective Product
R001522,O0018256,C100878,2026-05-17,6525.58,Defective Product
R001523,O0018266,C100878,2026-07-10,23382.77,Changed Mind
R001524,O0018271,C100879,2023-06-16,35239.41,Better Price Found
R001525,O0018296,C100879,2024-01-23,8107.15,Late Delivery
R001526,O0018319,C100879,2025-03-15,77290.92,Defective Product
R001527,O0018322,C100879,2025-04-15,7789.0,Late Delivery
R001528,O0018338,C100880,2025-11-01,61215.02,Not as Described
R001529,O0018348,C100881,2024-05-26,30616.26,Late Delivery
R001530,O0018358,C100882,2026-05-01,269.32,Not as Described
R001531,O0018361,C100883,2025-07-09,29009.89,Size Issue
R001532,O0018387,C100884,2023-04-13,4625.41,Changed Mind
R001533,O0018398,C100885,2023-08-18,658.59,Defective Product
R001534,O0018423,C100886,2026-02-03,13974.23,Late Delivery
R001535,O0018446,C100886,2026-07-02,1580.23,Late Delivery
R001536,O0018450,C100886,2026-07-27,20444.22,Late Delivery
R001537,O0018473,C100891,2024-03-30,30882.35,Defective Product
R001538,O0018488,C100893,2023-10-09,2333.1,Changed Mind
R001539,O0018508,C100893,2026-01-10,6908.97,Defective Product
R001540,O0018549,C100898,2025-12-01,13235.74,Size Issue
R001541,O0018551,C100898,2026-05-21,2738.56,Better Price Found
R001542,O0018563,C100899,2023-10-17,30280.24,Better Price Found
R001543,O0018606,C100899,2025-03-08,38187.3,Changed Mind
R001544,O0018612,C100899,2025-04-06,29277.39,Defective Product
R001545,O0018619,C100899,2025-05-16,23614.69,Size Issue
R001546,O0018661,C100899,2026-06-06,8214.96,Late Delivery
R001547,O0018663,C100899,2026-06-13,2083.16,Changed Mind
R001548,O0018664,C100899,2026-06-23,8958.53,Not as Described
R001549,O0018680,C100902,2023-11-13,712.61,Defective Product
R001550,O0018683,C100902,2023-12-29,2402.33,Late Delivery
R001551,O0018690,C100902,2024-07-28,93.45,Not as Described
R001552,O0018691,C100902,2024-08-09,1147.69,Late Delivery
R001553,O0018692,C100902,2024-08-29,4805.02,Size Issue
R001554,O0018693,C100902,2024-09-03,40877.62,Changed Mind
R001555,O0018709,C100902,2025-07-07,12553.82,Changed Mind
R001556,O0018726,C100902,2026-05-31,1096.54,Size Issue
R001557,O0018733,C100903,2026-08-02,839.55,Changed Mind
R001558,O0018735,C100904,2024-07-26,13498.59,Not as Described
R001559,O0018737,C100904,2024-08-06,9515.22,Better Price Found
R001560,O0018738,C100904,2024-08-17,8847.67,Defective Product
R001561,O0018739,C100904,2024-08-09,4217.92,Not as Described
R001562,O0018741,C100904,2024-09-08,7774.46,Size Issue
R001563,O0018746,C100904,2025-01-12,22785.12,Size Issue
R001564,O0018747,C100904,2025-03-07,33710.95,Size Issue
R001565,O0018752,C100904,2025-11-03,2912.87,Better Price Found
R001566,O0018763,C100906,2026-05-22,10652.04,Changed Mind
R001567,O0018787,C100908,2024-03-23,324.82,Size Issue
R001568,O0018812,C100908,2024-12-30,4702.86,Late Delivery
R001569,O0018840,C100908,2025-08-23,15311.36,Better Price Found
R001570,O0018852,C100908,2025-12-09,10094.25,Late Delivery
R001571,O0018861,C100908,2026-02-20,30385.53,Size Issue
R001572,O0018864,C100908,2026-03-10,4103.28,Late Delivery
R001573,O0018922,C100912,2026-03-09,3410.74,Changed Mind
R001574,O0018966,C100915,2024-01-25,21097.74,Defective Product
R001575,O0018984,C100915,2024-10-31,525.03,Changed Mind
R001576,O0019007,C100915,2025-10-23,1156.16,Late Delivery
R001577,O0019034,C100915,2026-07-09,4996.96,Changed Mind
R001578,O0019042,C100916,2024-07-17,1607.48,Size Issue
R001579,O0019055,C100916,2025-09-04,250.45,Changed Mind
R001580,O0019057,C100916,2025-11-28,708.76,Late Delivery
R001581,O0019076,C100918,2026-06-30,1035.63,Changed Mind
R001582,O0019088,C100919,2026-05-12,2879.87,Defective Product
R001583,O0019089,C100919,2026-05-14,3411.5,Better Price Found
R001584,O0019095,C100920,2023-09-09,29983.89,Not as Described
R001585,O0019128,C100922,2024-08-28,56299.88,Better Price Found
R001586,O0019132,C100922,2024-10-28,1140.67,Size Issue
R001587,O0019133,C100922,2024-12-05,3918.39,Size Issue
R001588,O0019147,C100922,2025-12-27,89582.96,Size Issue
R001589,O0019173,C100923,2025-08-17,17893.04,Defective Product
R001590,O0019177,C100923,2025-10-16,423.72,Defective Product
R001591,O0019181,C100923,2025-12-24,35018.18,Size Issue
R001592,O0019184,C100923,2026-01-14,774.6,Better Price Found
R001593,O0019191,C100923,2026-05-03,51067.71,Defective Product
R001594,O0019192,C100923,2026-07-07,12958.56,Size Issue
R001595,O0019194,C100924,2023-08-07,7424.11,Defective Product
R001596,O0019219,C100925,2026-01-28,13572.93,Changed Mind
R001597,O0019235,C100926,2026-03-26,110.7,Late Delivery
R001598,O0019239,C100926,2026-05-27,27000.61,Changed Mind
R001599,O0019251,C100928,2026-05-22,2032.34,Defective Product
R001600,O0019266,C100929,2025-11-25,842.88,Late Delivery
R001601,O0019271,C100930,2025-07-15,32351.74,Late Delivery
R001602,O0019274,C100930,2025-09-28,26514.11,Changed Mind
R001603,O0019284,C100931,2025-11-02,46375.41,Defective Product
R001604,O0019285,C100931,2025-11-19,6496.3,Better Price Found
R001605,O0019288,C100931,2026-01-04,12057.14,Not as Described
R001606,O0019293,C100931,2026-04-04,958.87,Better Price Found
R001607,O0019301,C100932,2023-10-20,7319.66,Better Price Found
R001608,O0019314,C100933,2025-04-15,48329.9,Defective Product
R001609,O0019342,C100934,2025-11-13,7779.11,Size Issue
R001610,O0019348,C100935,2024-06-21,1266.34,Size Issue
R001611,O0019352,C100935,2024-12-23,3258.57,Late Delivery
R001612,O0019377,C100936,2026-02-07,20844.14,Defective Product
R001613,O0019381,C100936,2026-04-06,2489.49,Not as Described
R001614,O0019396,C100939,2025-10-20,131.46,Not as Described
R001615,O0019414,C100943,2025-10-09,3669.81,Changed Mind
R001616,O0019424,C100944,2025-10-12,135.51,Better Price Found
R001617,O0019425,C100944,2026-01-07,12187.41,Changed Mind
R001618,O0019435,C100946,2024-01-13,958.34,Size Issue
R001619,O0019444,C100946,2024-04-21,5839.28,Changed Mind
R001620,O0019463,C100946,2025-01-13,22835.6,Defective Product
R001621,O0019469,C100946,2025-02-25,3400.52,Size Issue
R001622,O0019482,C100946,2025-07-18,42519.63,Defective Product
R001623,O0019489,C100946,2025-08-31,27059.72,Late Delivery
R001624,O0019491,C100946,2025-09-21,1848.52,Not as Described
R001625,O0019498,C100946,2025-11-17,6556.2,Changed Mind
R001626,O0019501,C100946,2025-12-23,395.41,Size Issue
R001627,O0019511,C100946,2026-03-16,2393.3,Size Issue
R001628,O0019518,C100946,2026-04-13,439.93,Defective Product
R001629,O0019520,C100946,2026-05-10,4705.37,Late Delivery
R001630,O0019528,C100946,2026-07-06,1210.56,Not as Described
R001631,O0019534,C100947,2024-07-07,11144.8,Late Delivery
R001632,O0019539,C100947,2024-08-20,6997.35,Better Price Found
R001633,O0019558,C100947,2025-07-03,16371.79,Size Issue
R001634,O0019560,C100947,2025-08-06,30202.41,Better Price Found
R001635,O0019569,C100947,2026-04-16,74883.32,Late Delivery
R001636,O0019573,C100947,2026-07-13,800.35,Not as Described
R001637,O0019581,C100949,2024-11-18,1761.45,Size Issue
R001638,O0019626,C100949,2026-02-28,13064.55,Better Price Found
R001639,O0019643,C100949,2026-06-21,2143.12,Size Issue
R001640,O0019673,C100952,2023-12-13,19422.17,Defective Product
R001641,O0019677,C100952,2024-01-28,7564.73,Better Price Found
R001642,O0019686,C100952,2024-08-16,3417.27,Size Issue
R001643,O0019692,C100952,2024-11-19,12544.22,Size Issue
R001644,O0019699,C100952,2025-06-03,7892.13,Size Issue
R001645,O0019703,C100952,2026-02-10,2552.02,Defective Product
R001646,O0019705,C100952,2026-03-17,12878.98,Late Delivery
R001647,O0019708,C100952,2026-04-15,1918.13,Not as Described
R001648,O0019712,C100952,2026-05-26,3395.27,Changed Mind
R001649,O0019735,C100954,2024-05-16,18958.5,Size Issue
R001650,O0019747,C100954,2024-11-19,1870.38,Late Delivery
R001651,O0019770,C100954,2025-07-22,10890.43,Size Issue
R001652,O0019803,C100955,2025-06-25,18944.29,Changed Mind
R001653,O0019829,C100955,2026-01-11,978.18,Better Price Found
R001654,O0019847,C100955,2026-03-28,3185.96,Better Price Found
R001655,O0019854,C100955,2026-05-12,2714.61,Changed Mind
R001656,O0019859,C100955,2026-06-28,784.98,Size Issue
R001657,O0019863,C100955,2026-07-17,14362.83,Size Issue
R001658,O0019872,C100956,2024-12-15,420.42,Size Issue
R001659,O0019875,C100956,2025-04-22,2944.2,Not as Described
R001660,O0019888,C100957,2024-09-02,10332.81,Late Delivery
R001661,O0019895,C100957,2025-06-17,3963.42,Defective Product
R001662,O0019901,C100958,2026-05-25,3513.9,Defective Product
R001663,O0019910,C100959,2023-05-23,183.02,Changed Mind
R001664,O0019912,C100959,2023-06-19,7987.5,Not as Described
R001665,O0019913,C100959,2023-06-11,6637.37,Changed Mind
R001666,O0019916,C100959,2023-07-16,696.13,Changed Mind
R001667,O0019942,C100959,2024-08-04,5707.86,Changed Mind
R001668,O0019947,C100959,2024-10-27,19865.06,Defective Product
R001669,O0019949,C100959,2025-01-09,97863.05,Defective Product
R001670,O0019983,C100962,2025-08-18,8659.95,Size Issue
R001671,O0019990,C100962,2025-11-25,1723.42,Not as Described
R001672,O0019998,C100962,2026-07-26,6122.9,Changed Mind
R001673,O0020008,C100963,2025-06-16,822.9,Changed Mind
R001674,O0020017,C100964,2023-08-19,1720.88,Defective Product
R001675,O0020032,C100964,2024-10-23,35432.2,Late Delivery
R001676,O0020047,C100964,2026-01-25,4792.8,Late Delivery
R001677,O0020056,C100964,2026-06-24,3233.23,Late Delivery
R001678,O0020058,C100965,2025-07-18,1793.2,Size Issue
R001679,O0020068,C100966,2024-11-26,3967.73,Not as Described
R001680,O0020087,C100968,2024-04-25,10310.38,Not as Described
R001681,O0020094,C100968,2024-11-02,2420.13,Changed Mind
R001682,O0020096,C100968,2024-12-18,23544.18,Better Price Found
R001683,O0020113,C100971,2024-04-19,10065.33,Late Delivery
R001684,O0020116,C100971,2024-11-06,19129.39,Size Issue
R001685,O0020121,C100971,2025-04-02,2798.72,Not as Described
R001686,O0020124,C100971,2025-06-08,5911.81,Better Price Found
R001687,O0020125,C100971,2025-06-24,1728.77,Late Delivery
R001688,O0020130,C100971,2025-08-03,2762.64,Size Issue
R001689,O0020133,C100971,2025-09-30,7818.59,Not as Described
R001690,O0020138,C100971,2025-12-23,1670.28,Not as Described
R001691,O0020140,C100971,2026-01-22,10663.56,Defective Product
R001692,O0020152,C100971,2026-06-07,3797.26,Changed Mind
R001693,O0020162,C100972,2025-12-30,1541.99,Size Issue
R001694,O0020178,C100973,2024-06-26,3928.06,Better Price Found
R001695,O0020182,C100973,2025-07-09,25185.99,Late Delivery
R001696,O0020197,C100975,2026-07-07,14580.1,Defective Product
R001697,O0020200,C100975,2026-07-26,3187.8,Better Price Found
R001698,O0020224,C100979,2023-10-26,2229.66,Defective Product
R001699,O0020236,C100981,2024-10-02,5493.4,Not as Described
R001700,O0020248,C100982,2026-08-09,3373.14,Size Issue
R001701,O0020253,C100983,2025-12-12,12356.98,Defective Product
R001702,O0020261,C100984,2025-09-28,3293.32,Late Delivery
R001703,O0020273,C100987,2025-01-14,821.36,Late Delivery
R001704,O0020312,C100988,2026-07-03,1407.73,Defective Product
R001705,O0020354,C100990,2023-11-18,15494.89,Changed Mind
R001706,O0020361,C100990,2024-11-19,3819.13,Defective Product
R001707,O0020377,C100992,2025-07-08,9132.4,Size Issue
R001708,O0020388,C100992,2026-02-02,7806.72,Defective Product
R001709,O0020394,C100992,2026-04-02,25080.93,Better Price Found
R001710,O0020406,C100993,2025-08-01,18267.06,Size Issue
R001711,O0020425,C100993,2026-05-15,60456.71,Changed Mind
R001712,O0020426,C100993,2026-06-27,697.73,Defective Product
R001713,O0020441,C100994,2025-09-12,5094.15,Changed Mind
R001714,O0020467,C100994,2026-07-23,6852.59,Defective Product
R001715,O0020477,C100995,2026-04-19,2424.84,Changed Mind
R001716,O0020487,C100997,2026-03-24,8418.19,Better Price Found
R001717,O0020493,C100998,2024-10-11,3053.29,Late Delivery
R001718,O0020494,C100998,2024-12-04,132938.71,Size Issue
R001719,O0020496,C100998,2025-07-29,4182.16,Defective Product
R001720,O0020499,C100998,2025-11-09,3378.67,Not as Described
R001721,O0020501,C100998,2026-05-08,1165.64,Not as Described
R001722,O0020522,C101003,2026-06-01,7056.4,Better Price Found
R001723,O0020525,C101004,2026-07-07,3946.04,Defective Product
R001724,O0020537,C101005,2026-05-21,1462.47,Not as Described
R001725,O0020569,C101010,2024-08-15,6877.94,Late Delivery
R001726,O0020579,C101010,2024-11-13,7683.32,Not as Described
R001727,O0020617,C101010,2025-10-23,4885.97,Defective Product
R001728,O0020627,C101010,2025-12-15,54.24,Changed Mind
R001729,O0020628,C101010,2025-12-20,992.79,Not as Described
R001730,O0020629,C101010,2025-12-26,77714.72,Better Price Found
R001731,O0020640,C101010,2026-05-30,4516.48,Defective Product
R001732,O0020642,C101010,2026-06-07,277.88,Not as Described
R001733,O0020738,C101013,2024-10-24,8229.57,Defective Product
R001734,O0020740,C101013,2024-11-25,693.41,Defective Product
R001735,O0020795,C101014,2023-10-18,5672.23,Defective Product
R001736,O0020809,C101014,2024-07-30,3570.15,Defective Product
R001737,O0020817,C101014,2024-10-18,17455.64,Better Price Found
R001738,O0020819,C101014,2024-10-30,2505.16,Better Price Found
R001739,O0020824,C101014,2024-12-12,17910.95,Late Delivery
R001740,O0020828,C101014,2025-01-06,4236.73,Not as Described
R001741,O0020834,C101014,2025-02-14,57101.77,Changed Mind
R001742,O0020839,C101014,2025-03-26,11760.6,Changed Mind
R001743,O0020846,C101014,2025-06-11,3552.93,Better Price Found
R001744,O0020858,C101014,2025-09-19,1708.61,Size Issue
R001745,O0020865,C101014,2025-11-12,5442.98,Late Delivery
R001746,O0020891,C101014,2026-07-01,726.25,Size Issue
R001747,O0020892,C101014,2026-07-04,1644.22,Better Price Found
R001748,O0020901,C101017,2025-08-07,7235.08,Late Delivery
R001749,O0020934,C101022,2025-06-10,44536.05,Changed Mind
R001750,O0020954,C101022,2025-11-26,56265.69,Better Price Found
R001751,O0020958,C101022,2026-01-22,26478.57,Size Issue
R001752,O0020964,C101022,2026-02-16,2506.36,Better Price Found
R001753,O0020969,C101022,2026-02-27,1151.58,Changed Mind
R001754,O0020991,C101022,2026-07-21,1397.35,Size Issue
R001755,O0021011,C101024,2025-10-31,8676.1,Late Delivery
R001756,O0021019,C101025,2024-07-28,9817.5,Better Price Found
R001757,O0021022,C101025,2024-12-22,2087.08,Defective Product
R001758,O0021024,C101025,2025-01-19,1453.77,Defective Product
R001759,O0021033,C101026,2024-06-29,20861.77,Late Delivery
R001760,O0021037,C101027,2025-11-10,1649.78,Size Issue
R001761,O0021045,C101027,2026-07-23,4902.87,Better Price Found
R001762,O0021049,C101028,2025-04-12,29104.41,Late Delivery
R001763,O0021051,C101028,2025-06-01,10402.83,Defective Product
R001764,O0021058,C101028,2025-12-15,22773.48,Not as Described
R001765,O0021061,C101028,2026-03-07,8983.5,Late Delivery
R001766,O0021078,C101029,2025-12-13,21653.6,Better Price Found
R001767,O0021080,C101029,2026-02-14,14972.88,Changed Mind
R001768,O0021085,C101030,2025-07-01,13401.32,Size Issue
R001769,O0021093,C101030,2026-07-07,7710.3,Better Price Found
R001770,O0021097,C101031,2024-06-22,1698.98,Defective Product
R001771,O0021125,C101034,2025-02-07,2674.05,Size Issue
R001772,O0021126,C101034,2025-01-31,145155.42,Changed Mind
R001773,O0021162,C101036,2025-02-05,274.34,Late Delivery
R001774,O0021163,C101036,2025-02-24,3339.37,Defective Product
R001775,O0021250,C101040,2025-04-19,15213.73,Better Price Found
R001776,O0021253,C101041,2024-07-04,2671.34,Late Delivery
R001777,O0021264,C101041,2025-05-30,7937.61,Better Price Found
R001778,O0021275,C101041,2025-11-06,11509.43,Better Price Found
R001779,O0021302,C101041,2026-07-16,3720.37,Defective Product
R001780,O0021303,C101041,2026-07-08,21092.27,Late Delivery
R001781,O0021304,C101041,2026-07-09,2827.93,Better Price Found
R001782,O0021310,C101042,2024-06-06,9921.22,Changed Mind
R001783,O0021319,C101042,2024-11-21,1198.34,Better Price Found
R001784,O0021321,C101042,2025-01-11,2463.88,Not as Described
R001785,O0021327,C101043,2024-08-28,1101.19,Better Price Found
R001786,O0021335,C101044,2026-04-23,4035.87,Size Issue
R001787,O0021336,C101044,2026-06-18,462.87,Not as Described
R001788,O0021375,C101045,2025-02-12,45181.68,Changed Mind
R001789,O0021377,C101045,2025-03-07,6635.46,Size Issue
R001790,O0021419,C101045,2026-07-23,1174.06,Late Delivery
R001791,O0021478,C101049,2025-10-25,1793.28,Better Price Found
R001792,O0021482,C101049,2025-12-12,4761.27,Better Price Found
R001793,O0021487,C101049,2026-01-31,13978.95,Late Delivery
R001794,O0021496,C101049,2026-06-08,5333.32,Size Issue
R001795,O0021530,C101052,2024-03-07,2427.5,Changed Mind
R001796,O0021543,C101052,2024-08-09,2667.78,Better Price Found
R001797,O0021553,C101052,2025-02-19,18024.16,Not as Described
R001798,O0021616,C101055,2024-03-08,88.07,Better Price Found
R001799,O0021617,C101055,2024-03-16,17695.61,Changed Mind
R001800,O0021624,C101055,2024-08-22,1635.49,Better Price Found
R001801,O0021628,C101055,2024-11-14,36379.62,Defective Product
R001802,O0021638,C101055,2025-08-12,657.56,Better Price Found
R001803,O0021655,C101056,2024-03-19,486.48,Late Delivery
R001804,O0021660,C101056,2024-09-18,3170.68,Not as Described
R001805,O0021664,C101057,2023-06-08,13346.58,Size Issue
R001806,O0021683,C101057,2024-09-12,89793.22,Better Price Found
R001807,O0021691,C101057,2026-01-14,13043.43,Changed Mind
R001808,O0021740,C101058,2025-07-28,11303.73,Defective Product
R001809,O0021743,C101058,2025-08-10,890.07,Not as Described
R001810,O0021748,C101058,2025-09-14,10248.81,Better Price Found
R001811,O0021751,C101058,2025-11-05,40265.95,Late Delivery
R001812,O0021754,C101058,2025-12-01,5839.62,Better Price Found
R001813,O0021763,C101058,2026-02-08,6651.55,Size Issue
R001814,O0021770,C101058,2026-04-27,13900.8,Defective Product
R001815,O0021775,C101058,2026-07-24,852.13,Not as Described
R001816,O0021789,C101060,2025-04-05,3410.36,Late Delivery
R001817,O0021793,C101060,2025-05-19,2651.3,Size Issue
R001818,O0021801,C101060,2025-09-05,3530.55,Defective Product
R001819,O0021817,C101060,2026-02-19,16998.76,Better Price Found
R001820,O0021819,C101060,2026-03-11,982.06,Not as Described
R001821,O0021821,C101060,2026-03-20,3901.84,Defective Product
R001822,O0021825,C101060,2026-04-11,4029.21,Better Price Found
R001823,O0021832,C101060,2026-06-25,7072.52,Defective Product
R001824,O0021847,C101062,2024-07-29,989.95,Defective Product
R001825,O0021864,C101062,2025-01-04,29668.51,Late Delivery
R001826,O0021875,C101062,2025-04-30,11444.08,Changed Mind
R001827,O0021885,C101062,2025-08-15,2069.74,Not as Described
R001828,O0021902,C101062,2026-01-21,6209.0,Size Issue
R001829,O0021903,C101062,2026-01-25,20381.41,Changed Mind
R001830,O0021934,C101063,2024-03-19,44763.29,Better Price Found
R001831,O0021951,C101063,2024-10-02,2293.38,Defective Product
R001832,O0021956,C101063,2025-01-09,25260.9,Late Delivery
R001833,O0021962,C101063,2025-07-20,1498.61,Late Delivery
R001834,O0021968,C101064,2024-09-18,6165.1,Defective Product
R001835,O0021976,C101064,2024-11-15,11514.26,Defective Product
R001836,O0021988,C101064,2025-06-30,25299.34,Defective Product
R001837,O0021995,C101064,2025-11-24,2941.4,Better Price Found
R001838,O0022023,C101068,2024-11-21,45281.25,Late Delivery
R001839,O0022033,C101068,2026-02-24,151041.54,Changed Mind
R001840,O0022049,C101070,2023-08-08,2149.92,Defective Product
R001841,O0022073,C101070,2024-02-26,325.87,Not as Described
R001842,O0022096,C101070,2024-10-01,1761.76,Changed Mind
R001843,O0022110,C101070,2024-12-11,5508.32,Late Delivery
R001844,O0022138,C101070,2025-06-11,3111.39,Late Delivery
R001845,O0022152,C101070,2025-09-23,5483.59,Late Delivery
R001846,O0022178,C101070,2026-07-21,11622.87,Size Issue
R001847,O0022205,C101071,2025-07-12,2443.93,Late Delivery
R001848,O0022234,C101071,2026-06-14,967.1,Better Price Found
R001849,O0022241,C101072,2025-06-22,18735.3,Changed Mind
R001850,O0022246,C101073,2024-02-02,2770.26,Late Delivery
R001851,O0022258,C101073,2025-05-03,8787.29,Size Issue
R001852,O0022331,C101074,2026-06-17,5030.45,Defective Product
R001853,O0022333,C101074,2026-07-10,2854.98,Changed Mind
R001854,O0022373,C101075,2024-12-28,4247.84,Defective Product
R001855,O0022374,C101075,2025-01-15,2276.56,Size Issue
R001856,O0022378,C101075,2025-02-14,2116.55,Better Price Found
R001857,O0022384,C101075,2025-04-07,6156.5,Changed Mind
R001858,O0022402,C101075,2025-09-16,772.41,Better Price Found
R001859,O0022404,C101075,2025-09-10,15528.58,Better Price Found
R001860,O0022411,C101075,2025-10-31,11659.99,Not as Described
R001861,O0022430,C101075,2026-05-21,2541.06,Late Delivery
R001862,O0022451,C101076,2023-09-21,27795.19,Better Price Found
R001863,O0022452,C101076,2023-11-02,803.37,Defective Product
R001864,O0022454,C101076,2024-01-02,3075.09,Better Price Found
R001865,O0022455,C101076,2024-01-13,3819.79,Better Price Found
R001866,O0022463,C101076,2024-11-29,44725.35,Better Price Found
R001867,O0022478,C101076,2026-07-22,27458.21,Defective Product
R001868,O0022499,C101078,2025-07-24,35733.94,Size Issue
R001869,O0022512,C101078,2026-04-14,10192.94,Better Price Found
R001870,O0022530,C101080,2024-03-25,494.88,Changed Mind
R001871,O0022531,C101080,2024-04-02,11217.74,Better Price Found
R001872,O0022536,C101080,2024-04-26,4125.54,Changed Mind
R001873,O0022557,C101080,2024-11-13,1684.05,Not as Described
R001874,O0022563,C101080,2024-12-08,7073.51,Better Price Found
R001875,O0022574,C101080,2025-02-23,10972.7,Defective Product
R001876,O0022582,C101080,2025-04-27,25729.12,Late Delivery
R001877,O0022586,C101080,2025-05-23,10744.22,Defective Product
R001878,O0022599,C101080,2025-08-17,2311.81,Changed Mind
R001879,O0022608,C101080,2025-11-28,1029.89,Not as Described
R001880,O0022616,C101080,2026-03-12,1044.28,Better Price Found
R001881,O0022640,C101081,2025-10-17,77006.91,Size Issue
R001882,O0022661,C101082,2026-01-25,1146.03,Changed Mind
R001883,O0022689,C101083,2024-11-18,20372.01,Not as Described
R001884,O0022695,C101083,2025-03-25,488.12,Late Delivery
R001885,O0022700,C101083,2025-08-12,2465.4,Late Delivery
R001886,O0022710,C101084,2026-05-12,183.49,Size Issue
R001887,O0022756,C101086,2024-12-14,63614.75,Better Price Found
R001888,O0022757,C101086,2024-12-21,3183.34,Better Price Found
R001889,O0022758,C101086,2024-12-25,2741.01,Better Price Found
R001890,O0022760,C101086,2025-01-03,1832.08,Better Price Found
R001891,O0022795,C101086,2025-10-04,1546.15,Late Delivery
R001892,O0022799,C101086,2025-11-08,7050.7,Better Price Found
R001893,O0022804,C101086,2025-12-26,2204.32,Size Issue
R001894,O0022807,C101086,2026-01-13,32052.14,Size Issue
R001895,O0022845,C101087,2024-06-19,60456.99,Late Delivery
R001896,O0022863,C101087,2025-06-12,204.41,Late Delivery
R001897,O0022883,C101087,2026-02-19,5369.26,Size Issue
R001898,O0022885,C101087,2026-02-24,2403.7,Size Issue
R001899,O0022907,C101088,2025-04-08,24977.42,Late Delivery
R001900,O0022912,C101088,2026-04-18,1632.62,Better Price Found
R001901,O0022919,C101090,2024-04-11,2359.59,Late Delivery
R001902,O0022923,C101091,2025-10-03,1659.7,Not as Described
R001903,O0022931,C101091,2026-02-07,1707.52,Changed Mind
R001904,O0022955,C101092,2024-04-22,2821.65,Size Issue
R001905,O0022988,C101094,2026-07-06,4171.27,Better Price Found
R001906,O0023033,C101100,2025-02-05,1599.64,Changed Mind
R001907,O0023035,C101100,2025-03-28,31601.66,Changed Mind
R001908,O0023042,C101100,2025-05-18,52704.71,Better Price Found
R001909,O0023044,C101100,2025-06-28,4132.91,Defective Product
R001910,O0023050,C101100,2025-10-19,2563.89,Not as Described
R001911,O0023058,C101100,2025-11-24,79694.97,Late Delivery
R001912,O0023067,C101100,2026-05-03,38907.59,Late Delivery
R001913,O0023090,C101102,2026-05-04,1779.99,Changed Mind
R001914,O0023124,C101105,2024-08-29,2543.64,Defective Product
R001915,O0023127,C101105,2026-03-05,724.88,Size Issue
R001916,O0023130,C101106,2026-07-02,14849.7,Size Issue
R001917,O0023146,C101107,2024-06-14,13577.36,Late Delivery
R001918,O0023155,C101107,2024-09-05,11137.11,Size Issue
R001919,O0023161,C101107,2024-12-06,26867.12,Late Delivery
R001920,O0023162,C101107,2024-12-18,4888.05,Changed Mind
R001921,O0023170,C101107,2025-05-27,1249.04,Better Price Found
R001922,O0023178,C101107,2025-11-03,502.82,Size Issue
R001923,O0023179,C101107,2025-11-26,580.83,Defective Product
R001924,O0023189,C101107,2026-03-11,9097.22,Defective Product
R001925,O0023203,C101108,2024-02-29,1997.09,Defective Product
R001926,O0023214,C101108,2024-05-08,1191.74,Changed Mind
R001927,O0023226,C101108,2024-08-17,2028.44,Changed Mind
R001928,O0023234,C101108,2024-11-12,1423.9,Changed Mind
R001929,O0023245,C101108,2025-03-06,35250.68,Changed Mind
R001930,O0023271,C101108,2025-08-27,3786.27,Better Price Found
R001931,O0023303,C101108,2026-05-23,646.39,Not as Described
R001932,O0023331,C101111,2023-12-06,4931.71,Defective Product
R001933,O0023375,C101112,2026-01-31,1158.31,Better Price Found
R001934,O0023376,C101112,2026-02-20,17833.36,Changed Mind
R001935,O0023390,C101115,2025-05-14,1277.76,Changed Mind
R001936,O0023396,C101115,2025-08-21,18413.63,Not as Described
R001937,O0023405,C101115,2025-12-17,18699.68,Defective Product
R001938,O0023409,C101115,2026-04-08,1996.93,Defective Product
R001939,O0023411,C101115,2026-07-01,1057.78,Defective Product
R001940,O0023414,C101116,2024-08-15,60253.05,Late Delivery
R001941,O0023416,C101116,2024-09-10,898.9,Changed Mind
R001942,O0023419,C101116,2024-10-05,23849.59,Defective Product
R001943,O0023421,C101116,2024-10-21,557.89,Changed Mind
R001944,O0023423,C101116,2024-12-08,2788.29,Size Issue
R001945,O0023433,C101116,2025-02-26,5039.15,Late Delivery
R001946,O0023445,C101116,2025-05-16,1017.87,Not as Described
R001947,O0023462,C101116,2025-11-15,5422.53,Size Issue
R001948,O0023464,C101116,2025-11-30,1208.25,Size Issue
R001949,O0023466,C101116,2026-01-18,6752.03,Defective Product
R001950,O0023468,C101116,2026-01-17,64547.43,Size Issue
R001951,O0023472,C101116,2026-02-21,20325.18,Late Delivery
R001952,O0023473,C101116,2026-03-01,133196.73,Late Delivery
R001953,O0023474,C101116,2026-02-21,17759.45,Better Price Found
R001954,O0023511,C101117,2025-09-25,4588.75,Better Price Found
R001955,O0023535,C101119,2025-02-23,2548.43,Defective Product
R001956,O0023537,C101119,2025-03-30,1070.09,Late Delivery
R001957,O0023542,C101119,2026-04-14,6299.13,Not as Described
R001958,O0023558,C101121,2024-01-05,4854.55,Better Price Found
R001959,O0023569,C101121,2024-05-17,3158.14,Size Issue
R001960,O0023575,C101121,2024-07-21,26948.62,Not as Described
R001961,O0023591,C101121,2024-12-19,1449.29,Late Delivery
R001962,O0023595,C101121,2025-01-09,3082.68,Better Price Found
R001963,O0023596,C101121,2025-01-13,4412.59,Changed Mind
R001964,O0023608,C101121,2025-06-14,27940.42,Not as Described
R001965,O0023611,C101121,2025-07-09,757.32,Size Issue
R001966,O0023614,C101121,2025-07-26,12697.83,Late Delivery
R001967,O0023617,C101121,2025-09-25,424.07,Changed Mind
R001968,O0023620,C101121,2025-10-18,13180.81,Better Price Found
R001969,O0023627,C101121,2025-11-12,3192.09,Late Delivery
R001970,O0023629,C101121,2025-12-01,26412.02,Not as Described
R001971,O0023630,C101121,2025-12-22,47283.95,Size Issue
R001972,O0023632,C101121,2025-12-22,63844.97,Changed Mind
R001973,O0023640,C101121,2026-01-25,399.28,Size Issue
R001974,O0023641,C101121,2026-01-27,9731.13,Not as Described
R001975,O0023644,C101121,2026-02-21,15629.24,Better Price Found
R001976,O0023646,C101121,2026-02-26,32420.99,Better Price Found
R001977,O0023652,C101121,2026-04-16,910.23,Changed Mind
R001978,O0023687,C101122,2025-06-30,6396.38,Late Delivery
R001979,O0023691,C101122,2025-09-19,1127.96,Better Price Found
R001980,O0023694,C101122,2025-11-16,4353.14,Late Delivery
R001981,O0023705,C101122,2026-06-06,2664.74,Changed Mind
R001982,O0023746,C101125,2026-02-03,45736.09,Better Price Found
R001983,O0023772,C101125,2026-06-05,3044.93,Defective Product
R001984,O0023774,C101125,2026-06-10,38494.54,Changed Mind
R001985,O0023779,C101125,2026-07-22,8019.35,Late Delivery
R001986,O0023794,C101126,2024-09-12,3191.19,Changed Mind
R001987,O0023795,C101126,2024-11-21,4110.3,Better Price Found
R001988,O0023813,C101126,2025-12-22,136.15,Changed Mind
R001989,O0023825,C101127,2025-12-23,1903.53,Defective Product
R001990,O0023831,C101127,2026-04-18,2945.93,Changed Mind
R001991,O0023875,C101130,2026-07-02,530.88,Defective Product
R001992,O0023877,C101130,2026-07-03,21772.48,Defective Product
R001993,O0023878,C101130,2026-08-03,7060.46,Better Price Found
R001994,O0023881,C101131,2025-03-27,5140.94,Better Price Found
R001995,O0023892,C101132,2026-06-22,67903.64,Defective Product
R001996,O0023921,C101136,2023-07-28,1426.63,Not as Described
R001997,O0023922,C101136,2023-09-16,10916.54,Size Issue
R001998,O0023933,C101136,2025-05-05,8274.98,Defective Product
R001999,O0023935,C101136,2025-10-08,8932.17,Better Price Found
R002000,O0023944,C101138,2023-04-09,13565.47,Defective Product
R002001,O0023955,C101138,2023-09-30,2755.81,Late Delivery
R002002,O0023957,C101138,2023-09-27,6011.15,Changed Mind
R002003,O0023964,C101138,2023-11-20,2441.7,Defective Product
R002004,O0023968,C101138,2023-12-31,2881.26,Better Price Found
R002005,O0023973,C101138,2024-02-21,3100.14,Changed Mind
R002006,O0023974,C101138,2024-03-20,10940.05,Better Price Found
R002007,O0023977,C101138,2024-05-03,30804.93,Better Price Found
R002008,O0023994,C101138,2024-11-15,580.3,Late Delivery
R002009,O0024005,C101138,2025-06-07,14652.82,Late Delivery
R002010,O0024017,C101138,2025-12-08,17371.74,Changed Mind
R002011,O0024019,C101138,2025-12-21,37233.13,Better Price Found
R002012,O0024021,C101138,2026-02-19,12172.32,Late Delivery
R002013,O0024029,C101138,2026-08-07,4741.89,Size Issue
R002014,O0024032,C101139,2026-04-25,4720.34,Defective Product
R002015,O0024046,C101140,2023-10-06,2855.9,Defective Product
R002016,O0024113,C101140,2025-05-12,4812.62,Size Issue
R002017,O0024169,C101140,2026-07-09,1786.2,Better Price Found
R002018,O0024177,C101142,2026-02-17,654.07,Size Issue
R002019,O0024195,C101145,2024-01-10,5018.56,Defective Product
R002020,O0024199,C101145,2025-03-06,706.21,Changed Mind
R002021,O0024206,C101146,2024-03-08,19193.34,Changed Mind
R002022,O0024215,C101146,2025-03-29,2332.55,Late Delivery
R002023,O0024250,C101148,2026-01-11,11502.8,Not as Described
R002024,O0024270,C101149,2023-12-16,625.32,Better Price Found
R002025,O0024294,C101150,2026-01-16,1639.37,Late Delivery
R002026,O0024302,C101151,2024-06-26,3230.08,Size Issue
R002027,O0024341,C101152,2025-10-14,818.15,Size Issue
R002028,O0024350,C101152,2026-03-20,59083.41,Defective Product
R002029,O0024351,C101152,2026-04-14,25204.96,Changed Mind
R002030,O0024365,C101154,2025-03-18,2918.25,Better Price Found
R002031,O0024385,C101154,2026-02-19,452.51,Late Delivery
R002032,O0024386,C101154,2026-03-06,429.6,Defective Product
R002033,O0024387,C101154,2026-03-04,2436.96,Late Delivery
R002034,O0024407,C101156,2025-07-26,3748.52,Changed Mind
R002035,O0024410,C101156,2025-11-24,26517.01,Changed Mind
R002036,O0024415,C101156,2026-01-10,8769.14,Late Delivery
R002037,O0024424,C101157,2025-01-02,4833.75,Late Delivery
R002038,O0024427,C101158,2023-04-10,8613.88,Late Delivery
R002039,O0024430,C101158,2023-07-04,6093.96,Defective Product
R002040,O0024431,C101158,2023-07-24,22769.27,Changed Mind
R002041,O0024450,C101158,2025-01-16,230.31,Changed Mind
R002042,O0024459,C101158,2026-06-27,5396.79,Not as Described
R002043,O0024460,C101159,2024-08-13,15473.6,Better Price Found
R002044,O0024463,C101159,2025-03-11,2416.95,Size Issue
R002045,O0024474,C101159,2026-07-04,1055.75,Changed Mind
R002046,O0024486,C101161,2024-09-21,180.37,Size Issue
R002047,O0024502,C101163,2026-05-22,20965.5,Size Issue
R002048,O0024505,C101164,2023-11-24,408.83,Changed Mind
R002049,O0024530,C101164,2025-01-28,2300.63,Better Price Found
R002050,O0024587,C101166,2025-05-28,5009.52,Late Delivery
R002051,O0024601,C101168,2025-09-28,85733.45,Better Price Found
R002052,O0024614,C101168,2026-01-11,3206.43,Late Delivery
R002053,O0024619,C101168,2026-03-03,918.25,Late Delivery
R002054,O0024626,C101168,2026-04-22,10379.0,Changed Mind
R002055,O0024632,C101168,2026-06-16,339.2,Better Price Found
R002056,O0024652,C101169,2025-03-23,6268.16,Late Delivery
R002057,O0024654,C101169,2025-07-08,42249.61,Late Delivery
R002058,O0024663,C101170,2025-01-11,12193.06,Defective Product
R002059,O0024666,C101171,2024-12-26,13106.43,Size Issue
R002060,O0024669,C101171,2025-02-14,2210.69,Better Price Found
R002061,O0024671,C101171,2025-06-14,878.36,Better Price Found
R002062,O0024672,C101171,2025-06-30,3169.98,Late Delivery
R002063,O0024697,C101172,2025-12-07,6731.47,Better Price Found
R002064,O0024709,C101174,2024-08-14,2202.6,Not as Described
R002065,O0024713,C101174,2025-04-02,8432.31,Late Delivery
R002066,O0024737,C101176,2024-03-05,8710.69,Changed Mind
R002067,O0024741,C101176,2025-07-23,171.23,Late Delivery
R002068,O0024743,C101176,2025-08-15,18558.38,Changed Mind
R002069,O0024765,C101177,2024-02-17,29609.66,Changed Mind
R002070,O0024771,C101177,2024-04-12,58155.13,Not as Described
R002071,O0024781,C101177,2024-06-29,25452.47,Not as Described
R002072,O0024786,C101177,2024-08-20,3305.15,Size Issue
R002073,O0024823,C101177,2025-05-11,2357.63,Size Issue
R002074,O0024825,C101177,2025-06-03,391.23,Defective Product
R002075,O0024849,C101177,2026-01-11,20425.51,Not as Described
R002076,O0024871,C101177,2026-07-06,7118.64,Changed Mind
R002077,O0024874,C101177,2026-07-30,4407.57,Not as Described
R002078,O0024880,C101178,2023-10-19,919.14,Not as Described
R002079,O0024886,C101178,2025-03-13,2074.54,Size Issue
R002080,O0024887,C101178,2025-07-10,25067.68,Changed Mind
R002081,O0024891,C101178,2025-09-14,2572.62,Defective Product
R002082,O0024892,C101178,2025-09-18,4156.53,Late Delivery
R002083,O0024907,C101182,2023-02-10,3216.75,Not as Described
R002084,O0024910,C101182,2023-03-13,157131.55,Size Issue
R002085,O0024933,C101182,2023-11-30,19610.21,Better Price Found
R002086,O0024941,C101182,2024-02-03,7781.49,Changed Mind
R002087,O0024943,C101182,2024-02-15,4145.68,Defective Product
R002088,O0024949,C101182,2024-04-02,929.99,Changed Mind
R002089,O0024954,C101182,2024-05-12,49896.34,Not as Described
R002090,O0024963,C101182,2024-07-18,6243.27,Size Issue
R002091,O0024966,C101182,2024-08-16,50948.48,Defective Product
R002092,O0024973,C101182,2024-09-07,4941.97,Late Delivery
R002093,O0024992,C101182,2025-01-18,80783.89,Not as Described
R002094,O0024995,C101182,2025-01-23,4103.54,Not as Described
R002095,O0025009,C101182,2025-05-04,15015.14,Better Price Found
R002096,O0025027,C101182,2025-10-22,319.16,Changed Mind
R002097,O0025047,C101182,2026-04-21,1665.01,Late Delivery
R002098,O0025049,C101182,2026-04-23,8638.05,Better Price Found
R002099,O0025051,C101182,2026-05-12,39171.61,Size Issue
R002100,O0025066,C101183,2025-11-25,25661.63,Size Issue
R002101,O0025069,C101183,2026-02-10,5566.51,Not as Described
R002102,O0025078,C101183,2026-07-01,26531.0,Not as Described
R002103,O0025079,C101183,2026-07-06,4375.96,Changed Mind
R002104,O0025080,C101183,2026-07-17,98104.86,Changed Mind
R002105,O0025087,C101184,2024-07-08,1058.86,Better Price Found
R002106,O0025093,C101185,2026-07-23,2308.75,Not as Described
R002107,O0025109,C101187,2025-03-24,14062.49,Changed Mind
R002108,O0025110,C101187,2025-07-06,134.86,Size Issue
R002109,O0025114,C101187,2026-02-15,17373.0,Size Issue
R002110,O0025117,C101187,2026-04-05,23594.3,Late Delivery
R002111,O0025122,C101187,2026-07-24,5746.62,Better Price Found
R002112,O0025132,C101188,2025-03-02,8045.96,Late Delivery
R002113,O0025138,C101188,2025-06-11,4608.49,Better Price Found
R002114,O0025148,C101189,2025-03-21,31247.01,Size Issue
R002115,O0025160,C101191,2025-01-13,5560.77,Better Price Found
R002116,O0025171,C101191,2025-10-21,30871.85,Not as Described
R002117,O0025175,C101191,2025-12-04,1059.52,Not as Described
R002118,O0025187,C101192,2026-02-05,1415.48,Late Delivery
R002119,O0025241,C101195,2024-11-03,7394.54,Defective Product
R002120,O0025246,C101195,2024-12-07,2946.0,Not as Described
R002121,O0025248,C101195,2024-12-23,23269.39,Better Price Found
R002122,O0025251,C101195,2025-01-02,2788.92,Defective Product
R002123,O0025257,C101195,2025-02-16,8066.71,Better Price Found
R002124,O0025274,C101195,2025-06-12,6665.25,Late Delivery
R002125,O0025284,C101195,2026-01-06,2571.37,Better Price Found
R002126,O0025287,C101195,2026-02-04,2208.71,Changed Mind
R002127,O0025305,C101195,2026-06-25,654.34,Size Issue
R002128,O0025341,C101196,2025-09-27,63.25,Size Issue
R002129,O0025383,C101200,2024-02-22,6864.47,Size Issue
R002130,O0025411,C101201,2025-12-28,4240.25,Defective Product
R002131,O0025426,C101201,2026-07-23,8655.4,Changed Mind
R002132,O0025436,C101202,2026-04-01,47177.5,Defective Product
R002133,O0025456,C101203,2026-06-06,326.16,Size Issue
R002134,O0025462,C101204,2023-10-04,456.54,Size Issue
R002135,O0025468,C101204,2024-03-11,15452.22,Not as Described
R002136,O0025472,C101204,2024-05-27,17123.79,Changed Mind
R002137,O0025519,C101205,2023-08-19,1234.92,Better Price Found
R002138,O0025527,C101205,2024-05-13,30183.74,Changed Mind
R002139,O0025550,C101206,2025-01-29,8993.63,Defective Product
R002140,O0025553,C101206,2025-04-23,1850.35,Defective Product
R002141,O0025559,C101206,2025-08-27,54265.24,Late Delivery
R002142,O0025568,C101207,2024-12-25,6787.62,Not as Described
R002143,O0025579,C101207,2026-07-13,7934.32,Changed Mind
R002144,O0025584,C101209,2024-06-02,12071.29,Not as Described
R002145,O0025614,C101209,2025-10-25,3883.39,Defective Product
R002146,O0025645,C101209,2026-08-01,60008.65,Late Delivery
R002147,O0025650,C101210,2023-08-04,2699.38,Better Price Found
R002148,O0025660,C101210,2024-04-03,28332.4,Changed Mind
R002149,O0025665,C101210,2024-07-18,126.3,Defective Product
R002150,O0025674,C101210,2024-12-09,63747.7,Not as Described
R002151,O0025681,C101210,2025-02-28,4902.6,Late Delivery
R002152,O0025694,C101210,2025-07-21,24013.82,Not as Described
R002153,O0025718,C101210,2026-06-17,10979.92,Not as Described
R002154,O0025722,C101211,2024-02-08,4477.48,Not as Described
R002155,O0025734,C101212,2026-02-18,7300.61,Not as Described
R002156,O0025735,C101212,2026-03-12,63300.19,Changed Mind
R002157,O0025749,C101213,2023-12-28,1147.25,Defective Product
R002158,O0025761,C101214,2024-06-16,2652.19,Not as Described
R002159,O0025762,C101214,2024-07-11,12064.84,Defective Product
R002160,O0025764,C101214,2024-09-01,1027.6,Late Delivery
R002161,O0025768,C101215,2023-08-12,88947.17,Defective Product
R002162,O0025772,C101215,2025-02-20,36169.94,Better Price Found
R002163,O0025779,C101217,2026-04-28,25447.08,Changed Mind
R002164,O0025792,C101218,2023-09-02,21705.58,Not as Described
R002165,O0025813,C101218,2026-05-06,24318.34,Not as Described
R002166,O0025826,C101221,2025-05-02,3469.64,Defective Product
R002167,O0025830,C101221,2025-07-12,34821.79,Not as Described
R002168,O0025839,C101221,2026-04-22,26222.25,Late Delivery
R002169,O0025853,C101222,2023-12-09,336.01,Not as Described
R002170,O0025859,C101222,2024-03-31,9595.32,Late Delivery
R002171,O0025868,C101222,2024-06-21,8059.59,Changed Mind
R002172,O0025879,C101222,2025-01-18,39028.58,Defective Product
R002173,O0025888,C101222,2025-03-14,1846.15,Size Issue
R002174,O0025899,C101222,2025-07-16,13135.41,Size Issue
R002175,O0025918,C101222,2026-01-24,2438.65,Not as Described
R002176,O0025944,C101223,2025-06-09,11139.24,Defective Product
R002177,O0025947,C101223,2026-02-03,14845.2,Better Price Found
R002178,O0025952,C101224,2026-07-19,4137.17,Size Issue
R002179,O0025965,C101225,2024-12-06,20773.38,Defective Product
R002180,O0025973,C101225,2025-01-24,9504.82,Defective Product
R002181,O0025986,C101225,2025-06-29,2497.91,Changed Mind
R002182,O0026003,C101225,2025-11-13,1232.56,Size Issue
R002183,O0026012,C101225,2025-12-31,3830.72,Not as Described
R002184,O0026014,C101225,2026-01-07,2155.63,Size Issue
R002185,O0026022,C101225,2026-03-26,7021.32,Not as Described
R002186,O0026024,C101225,2026-04-13,4334.79,Defective Product
R002187,O0026025,C101225,2026-04-28,33804.9,Size Issue
R002188,O0026035,C101225,2026-06-17,1231.84,Better Price Found
R002189,O0026037,C101225,2026-06-16,2081.79,Late Delivery
R002190,O0026050,C101226,2025-05-22,34896.19,Late Delivery
R002191,O0026062,C101226,2025-08-13,80247.76,Changed Mind
R002192,O0026068,C101226,2025-09-30,30192.23,Not as Described
R002193,O0026097,C101226,2026-04-19,25617.3,Defective Product
R002194,O0026127,C101227,2026-01-29,3263.32,Not as Described
R002195,O0026130,C101228,2025-07-26,3287.8,Not as Described
R002196,O0026142,C101231,2026-07-14,10970.85,Late Delivery
R002197,O0026156,C101233,2026-03-07,3055.28,Defective Product
R002198,O0026157,C101233,2026-03-23,1586.56,Defective Product
R002199,O0026160,C101233,2026-06-06,2086.87,Changed Mind
R002200,O0026178,C101235,2025-10-20,842.94,Defective Product
R002201,O0026179,C101235,2025-11-05,12609.42,Better Price Found
R002202,O0026183,C101235,2025-12-26,9261.06,Changed Mind
R002203,O0026184,C101235,2025-12-29,10917.67,Late Delivery
R002204,O0026195,C101235,2026-03-04,35982.2,Late Delivery
R002205,O0026197,C101235,2026-03-14,653.41,Better Price Found
R002206,O0026198,C101235,2026-03-28,9660.2,Defective Product
R002207,O0026200,C101235,2026-05-12,2741.08,Changed Mind
R002208,O0026206,C101235,2026-07-29,776.55,Size Issue
R002209,O0026218,C101236,2024-10-16,1620.7,Changed Mind
R002210,O0026245,C101239,2023-11-03,3651.59,Size Issue
R002211,O0026260,C101239,2024-06-25,6048.35,Not as Described
R002212,O0026296,C101239,2025-12-17,161518.53,Not as Described
R002213,O0026334,C101243,2024-08-28,26002.49,Late Delivery
R002214,O0026338,C101244,2025-01-07,452.4,Size Issue
R002215,O0026343,C101244,2025-02-18,1627.05,Changed Mind
R002216,O0026362,C101245,2024-03-11,28961.4,Not as Described
R002217,O0026376,C101247,2025-06-10,3800.49,Defective Product
R002218,O0026383,C101248,2023-04-06,12909.8,Not as Described
R002219,O0026389,C101248,2023-10-20,1995.78,Not as Described
R002220,O0026404,C101248,2024-04-22,4424.39,Late Delivery
R002221,O0026406,C101248,2024-05-05,27989.67,Late Delivery
R002222,O0026416,C101248,2024-07-19,890.23,Changed Mind
R002223,O0026424,C101248,2024-10-14,803.17,Changed Mind
R002224,O0026429,C101248,2024-11-01,576.19,Size Issue
R002225,O0026433,C101248,2024-12-11,41019.49,Better Price Found
R002226,O0026440,C101248,2024-12-28,575.73,Better Price Found
R002227,O0026472,C101248,2025-10-18,4318.94,Not as Described
R002228,O0026489,C101248,2026-03-07,2461.29,Not as Described
R002229,O0026516,C101249,2026-04-26,2182.66,Better Price Found
R002230,O0026538,C101250,2026-01-05,2559.41,Better Price Found
R002231,O0026542,C101250,2026-01-31,9231.05,Size Issue
R002232,O0026571,C101251,2025-12-05,296.69,Changed Mind
R002233,O0026588,C101252,2024-09-24,35407.71,Not as Described
R002234,O0026597,C101252,2025-08-06,398.16,Late Delivery
R002235,O0026612,C101252,2026-01-19,5117.91,Not as Described
R002236,O0026615,C101252,2026-02-28,372.54,Late Delivery
R002237,O0026617,C101252,2026-03-19,6137.32,Defective Product
R002238,O0026643,C101256,2026-08-05,21950.64,Size Issue
R002239,O0026678,C101258,2025-06-16,8874.3,Changed Mind
R002240,O0026681,C101258,2025-07-29,5913.26,Size Issue
R002241,O0026687,C101258,2025-08-22,10514.54,Better Price Found
R002242,O0026757,C101262,2024-10-09,5679.29,Size Issue
R002243,O0026786,C101266,2026-06-04,1479.7,Changed Mind
R002244,O0026791,C101268,2024-04-02,3541.63,Not as Described
R002245,O0026792,C101268,2024-04-07,2996.02,Better Price Found
R002246,O0026793,C101268,2024-04-03,220.87,Size Issue
R002247,O0026815,C101268,2024-11-21,1414.45,Size Issue
R002248,O0026827,C101268,2024-12-30,6164.91,Changed Mind
R002249,O0026829,C101268,2025-01-05,10146.34,Late Delivery
R002250,O0026835,C101268,2025-02-11,1408.63,Size Issue
R002251,O0026838,C101268,2025-03-01,4455.02,Size Issue
R002252,O0026842,C101268,2025-03-14,6590.5,Size Issue
R002253,O0026873,C101268,2025-12-05,9913.14,Size Issue
R002254,O0026880,C101268,2026-02-02,2684.34,Changed Mind
R002255,O0026885,C101268,2026-04-06,21518.38,Size Issue
R002256,O0026899,C101268,2026-07-24,1538.87,Better Price Found
R002257,O0026900,C101268,2026-07-22,895.36,Defective Product
R002258,O0026914,C101269,2025-07-02,908.07,Not as Described
R002259,O0026940,C101271,2024-12-10,5930.18,Size Issue
R002260,O0026965,C101271,2025-11-30,2543.72,Size Issue
R002261,O0026998,C101273,2024-10-16,797.53,Not as Described
R002262,O0027003,C101273,2025-02-17,240.7,Late Delivery
R002263,O0027026,C101274,2026-02-07,10220.37,Better Price Found
R002264,O0027030,C101274,2026-06-04,9663.89,Defective Product
R002265,O0027038,C101276,2024-07-17,3961.21,Defective Product
R002266,O0027047,C101277,2023-08-05,1067.85,Not as Described
R002267,O0027064,C101279,2025-05-14,36675.84,Not as Described
R002268,O0027074,C101279,2025-09-22,4873.22,Better Price Found
R002269,O0027084,C101279,2026-01-26,1692.57,Not as Described
R002270,O0027095,C101279,2026-05-02,3800.8,Better Price Found
R002271,O0027097,C101279,2026-06-13,4920.53,Size Issue
R002272,O0027098,C101279,2026-06-10,7202.22,Defective Product
R002273,O0027109,C101280,2024-11-26,70713.05,Not as Described
R002274,O0027118,C101280,2025-03-15,3944.08,Defective Product
R002275,O0027126,C101280,2025-06-01,17187.87,Not as Described
R002276,O0027132,C101280,2025-07-06,210.16,Not as Described
R002277,O0027194,C101281,2025-02-03,3215.2,Size Issue
R002278,O0027219,C101281,2025-12-10,41244.17,Late Delivery
R002279,O0027233,C101281,2026-03-10,4628.09,Size Issue
R002280,O0027241,C101281,2026-05-08,2292.62,Not as Described
R002281,O0027243,C101281,2026-05-07,4007.37,Changed Mind
R002282,O0027280,C101286,2024-11-22,4585.33,Better Price Found
R002283,O0027288,C101286,2025-04-23,28249.58,Size Issue
R002284,O0027305,C101288,2025-07-26,30951.13,Not as Described
R002285,O0027308,C101288,2025-10-14,17196.15,Not as Described
R002286,O0027311,C101288,2026-03-21,3829.59,Defective Product
R002287,O0027319,C101289,2025-05-01,2602.6,Late Delivery
R002288,O0027393,C101296,2025-07-27,2954.09,Not as Described
R002289,O0027413,C101298,2025-02-20,13592.66,Defective Product
R002290,O0027424,C101298,2025-08-27,7128.13,Better Price Found
R002291,O0027425,C101298,2025-09-05,241.34,Changed Mind
R002292,O0027427,C101298,2025-11-24,19450.95,Size Issue
R002293,O0027440,C101298,2026-06-23,9404.25,Size Issue
R002294,O0027443,C101299,2024-09-27,2032.27,Not as Described
R002295,O0027450,C101299,2025-06-17,9384.7,Changed Mind
R002296,O0027451,C101299,2025-07-07,5696.36,Changed Mind
R002297,O0027464,C101300,2025-01-08,30993.78,Defective Product
R002298,O0027468,C101300,2025-03-13,40200.87,Not as Described
R002299,O0027490,C101302,2023-05-05,3267.7,Size Issue
R002300,O0027498,C101302,2023-08-18,6540.06,Not as Described
R002301,O0027499,C101302,2023-08-19,21092.41,Defective Product
R002302,O0027522,C101302,2024-03-10,7486.25,Defective Product
R002303,O0027548,C101302,2024-09-24,1839.87,Late Delivery
R002304,O0027550,C101302,2024-11-25,43380.48,Size Issue
R002305,O0027586,C101302,2025-11-08,1592.87,Not as Described
R002306,O0027589,C101302,2025-11-27,1750.19,Size Issue
R002307,O0027648,C101307,2023-04-02,2211.31,Late Delivery
R002308,O0027652,C101307,2023-05-29,8574.31,Late Delivery
R002309,O0027734,C101309,2026-04-10,8444.11,Size Issue
R002310,O0027736,C101309,2026-05-14,19863.61,Size Issue
R002311,O0027781,C101314,2024-04-17,22483.84,Defective Product
R002312,O0027782,C101314,2024-04-28,27185.79,Changed Mind
R002313,O0027819,C101314,2024-12-26,865.25,Not as Described
R002314,O0027831,C101314,2025-02-17,2420.31,Size Issue
R002315,O0027838,C101314,2025-05-17,26496.77,Not as Described
R002316,O0027839,C101314,2025-05-20,6306.7,Not as Described
R002317,O0027840,C101314,2025-05-20,1135.66,Not as Described
R002318,O0027841,C101314,2025-05-18,3173.89,Size Issue
R002319,O0027845,C101314,2025-07-22,39499.3,Late Delivery
R002320,O0027847,C101314,2025-08-13,25216.67,Late Delivery
R002321,O0027862,C101314,2026-01-09,25299.0,Late Delivery
R002322,O0027877,C101314,2026-05-10,2386.59,Changed Mind
R002323,O0027884,C101314,2026-08-02,31371.37,Late Delivery
R002324,O0027905,C101317,2026-06-29,56726.01,Late Delivery
R002325,O0027914,C101318,2026-03-18,4333.91,Changed Mind
R002326,O0027918,C101318,2026-05-15,12440.97,Late Delivery
R002327,O0027920,C101318,2026-07-08,17960.55,Changed Mind
R002328,O0027932,C101319,2026-01-07,78686.45,Defective Product
R002329,O0027939,C101319,2026-06-03,8219.41,Late Delivery
R002330,O0027976,C101321,2024-12-27,981.92,Better Price Found
R002331,O0027981,C101321,2025-04-05,3555.42,Size Issue
R002332,O0027995,C101321,2025-07-16,4347.88,Not as Described
R002333,O0028014,C101321,2026-01-04,1664.29,Size Issue
R002334,O0028020,C101321,2026-03-26,2683.72,Better Price Found
R002335,O0028027,C101321,2026-06-27,23058.5,Better Price Found
R002336,O0028037,C101322,2025-08-22,1356.37,Changed Mind
R002337,O0028043,C101322,2025-12-22,6292.24,Better Price Found
R002338,O0028059,C101325,2024-07-12,14114.17,Better Price Found
R002339,O0028063,C101326,2025-11-26,18451.21,Size Issue
R002340,O0028075,C101327,2026-03-01,14184.76,Not as Described
R002341,O0028082,C101328,2024-12-03,76759.06,Size Issue
R002342,O0028084,C101328,2025-01-08,5541.73,Not as Described
R002343,O0028085,C101328,2025-02-13,989.52,Late Delivery
R002344,O0028086,C101328,2025-03-28,18470.37,Late Delivery
R002345,O0028100,C101328,2026-02-25,1158.44,Size Issue
R002346,O0028101,C101328,2026-03-04,6605.76,Not as Described
R002347,O0028102,C101328,2026-03-30,2892.09,Size Issue
R002348,O0028111,C101328,2026-06-16,7393.09,Better Price Found
R002349,O0028113,C101328,2026-07-19,58201.46,Size Issue
R002350,O0028119,C101329,2024-11-11,1693.25,Better Price Found
R002351,O0028125,C101329,2025-06-29,1887.79,Not as Described
R002352,O0028126,C101329,2025-08-08,69146.02,Size Issue
R002353,O0028163,C101331,2025-04-14,1215.24,Size Issue
R002354,O0028167,C101331,2025-06-20,55310.47,Defective Product
R002355,O0028180,C101332,2023-09-21,30045.08,Defective Product
R002356,O0028183,C101332,2023-12-19,29371.68,Defective Product
R002357,O0028199,C101332,2024-10-07,18274.29,Defective Product
R002358,O0028219,C101332,2025-12-08,621.0,Size Issue
R002359,O0028221,C101332,2026-07-14,10557.47,Defective Product
R002360,O0028225,C101333,2025-09-15,4713.73,Better Price Found
R002361,O0028229,C101333,2025-11-22,2947.0,Defective Product
R002362,O0028239,C101333,2026-02-17,334.27,Changed Mind
R002363,O0028249,C101334,2026-03-22,8031.72,Not as Described
R002364,O0028266,C101335,2026-05-09,9603.86,Late Delivery
R002365,O0028277,C101337,2026-07-02,51771.9,Not as Described
R002366,O0028292,C101339,2025-04-12,3055.23,Late Delivery
R002367,O0028295,C101339,2025-07-12,130835.05,Size Issue
R002368,O0028296,C101339,2025-08-03,6092.89,Size Issue
R002369,O0028333,C101340,2023-11-07,7409.8,Defective Product
R002370,O0028339,C101340,2023-12-22,287.81,Changed Mind
R002371,O0028354,C101340,2024-05-07,42640.23,Not as Described
R002372,O0028373,C101340,2024-10-15,21954.06,Size Issue
R002373,O0028389,C101340,2025-04-11,84585.47,Defective Product
R002374,O0028413,C101340,2026-02-14,8303.23,Better Price Found
R002375,O0028441,C101341,2026-07-29,4410.8,Defective Product
R002376,O0028464,C101345,2024-08-28,17493.1,Late Delivery
R002377,O0028479,C101347,2024-10-08,3651.18,Size Issue
R002378,O0028496,C101348,2024-12-13,15948.65,Not as Described
R002379,O0028500,C101348,2025-05-16,1536.19,Changed Mind
R002380,O0028511,C101348,2026-05-27,5482.03,Not as Described
R002381,O0028515,C101349,2024-03-21,6448.23,Late Delivery
R002382,O0028518,C101351,2023-05-22,754.13,Late Delivery
R002383,O0028528,C101351,2024-09-28,9780.68,Not as Described
R002384,O0028534,C101351,2025-03-25,10856.85,Size Issue
R002385,O0028536,C101351,2025-10-25,2189.68,Size Issue
R002386,O0028550,C101352,2024-04-11,6201.66,Size Issue
R002387,O0028554,C101352,2024-06-21,6210.02,Late Delivery
R002388,O0028573,C101352,2025-08-08,22704.22,Size Issue
R002389,O0028579,C101352,2025-12-04,24486.31,Late Delivery
R002390,O0028595,C101353,2025-05-09,5039.27,Changed Mind
R002391,O0028630,C101354,2025-10-05,23051.4,Size Issue
R002392,O0028631,C101354,2025-10-23,727.24,Changed Mind
R002393,O0028649,C101355,2025-10-13,9580.72,Late Delivery
R002394,O0028658,C101356,2025-11-09,3020.3,Late Delivery
R002395,O0028665,C101357,2025-08-28,1609.75,Changed Mind
R002396,O0028668,C101358,2024-02-28,12834.4,Size Issue
R002397,O0028676,C101359,2023-12-31,2201.73,Not as Described
R002398,O0028687,C101360,2026-05-19,4399.94,Changed Mind
R002399,O0028791,C101363,2025-03-26,3951.13,Late Delivery
R002400,O0028792,C101363,2025-03-31,8624.16,Changed Mind
R002401,O0028798,C101363,2025-05-16,6352.88,Not as Described
R002402,O0028829,C101363,2025-12-24,6636.03,Size Issue
R002403,O0028896,C101367,2026-07-23,30463.51,Better Price Found
R002404,O0028902,C101368,2026-02-02,3811.56,Size Issue
R002405,O0028916,C101369,2024-08-06,2513.71,Size Issue
R002406,O0028921,C101369,2024-10-06,754.75,Better Price Found
R002407,O0028962,C101369,2025-11-05,910.09,Defective Product
R002408,O0028994,C101370,2026-08-08,5517.82,Late Delivery
R002409,O0029001,C101371,2025-08-30,1658.26,Better Price Found
R002410,O0029006,C101371,2025-10-27,71494.97,Size Issue
R002411,O0029013,C101371,2026-05-05,871.29,Better Price Found
R002412,O0029035,C101375,2025-04-12,1656.74,Late Delivery
R002413,O0029059,C101377,2024-06-20,15049.57,Better Price Found
R002414,O0029079,C101381,2025-06-24,505.65,Not as Described
R002415,O0029083,C101383,2026-05-07,2472.8,Defective Product
R002416,O0029107,C101386,2026-07-13,3060.12,Defective Product
R002417,O0029111,C101387,2025-04-28,620.93,Size Issue
R002418,O0029120,C101388,2025-07-30,1035.7,Changed Mind
R002419,O0029122,C101388,2026-03-01,17216.61,Size Issue
R002420,O0029137,C101390,2025-12-08,3616.73,Size Issue
R002421,O0029159,C101390,2026-06-19,3777.7,Defective Product
R002422,O0029171,C101391,2026-08-06,7572.56,Better Price Found
R002423,O0029193,C101393,2025-06-15,1210.17,Not as Described
R002424,O0029200,C101393,2025-09-14,11576.14,Better Price Found
R002425,O0029202,C101393,2025-11-13,20446.99,Late Delivery
R002426,O0029210,C101395,2025-11-13,1578.76,Size Issue
R002427,O0029221,C101396,2024-04-14,2727.07,Defective Product
R002428,O0029228,C101396,2024-05-08,28193.96,Defective Product
R002429,O0029233,C101396,2024-06-16,1626.5,Changed Mind
R002430,O0029236,C101396,2024-07-23,17028.12,Late Delivery
R002431,O0029241,C101396,2024-08-19,1670.72,Not as Described
R002432,O0029243,C101396,2024-09-05,38448.73,Changed Mind
R002433,O0029245,C101396,2024-11-01,22048.91,Not as Described
R002434,O0029254,C101396,2025-02-03,18428.87,Size Issue
R002435,O0029286,C101396,2025-12-06,39208.49,Better Price Found
R002436,O0029291,C101396,2026-01-04,3503.19,Not as Described
R002437,O0029300,C101396,2026-04-29,755.8,Not as Described
R002438,O0029303,C101396,2026-05-19,4266.24,Late Delivery
R002439,O0029307,C101396,2026-07-27,9264.96,Size Issue
R002440,O0029310,C101396,2026-08-06,8047.84,Late Delivery
R002441,O0029312,C101397,2025-04-19,6193.5,Changed Mind
R002442,O0029341,C101399,2024-04-14,6710.23,Changed Mind
R002443,O0029365,C101402,2024-11-06,4001.01,Changed Mind
R002444,O0029368,C101402,2024-12-27,3076.77,Late Delivery
R002445,O0029371,C101402,2025-02-27,74729.71,Defective Product
R002446,O0029373,C101402,2025-04-08,41440.51,Changed Mind
R002447,O0029374,C101402,2025-04-27,7996.54,Better Price Found
R002448,O0029387,C101403,2024-09-10,19421.85,Better Price Found
R002449,O0029429,C101404,2025-09-10,1740.51,Size Issue
R002450,O0029447,C101404,2026-01-06,822.01,Defective Product
R002451,O0029454,C101404,2026-02-20,2456.46,Defective Product
R002452,O0029475,C101405,2025-06-15,566.33,Changed Mind
R002453,O0029476,C101405,2025-08-05,21751.37,Size Issue
R002454,O0029483,C101405,2026-01-03,22289.85,Better Price Found
R002455,O0029503,C101406,2025-11-18,29346.81,Changed Mind
R002456,O0029504,C101406,2026-01-14,2676.21,Changed Mind
R002457,O0029509,C101406,2026-07-08,2332.27,Not as Described
R002458,O0029517,C101408,2025-02-12,2367.94,Late Delivery
R002459,O0029521,C101408,2025-03-30,1638.6,Changed Mind
R002460,O0029530,C101408,2025-08-19,2997.49,Changed Mind
R002461,O0029534,C101408,2025-09-17,412.6,Better Price Found
R002462,O0029558,C101408,2026-08-08,24623.4,Size Issue
R002463,O0029562,C101409,2025-02-08,7219.71,Better Price Found
R002464,O0029566,C101409,2025-12-29,10173.19,Not as Described
R002465,O0029567,C101409,2026-01-06,3046.29,Better Price Found
R002466,O0029589,C101411,2026-08-09,5887.61,Defective Product
R002467,O0029598,C101414,2025-01-28,952.57,Late Delivery
R002468,O0029615,C101414,2025-06-09,4521.2,Not as Described
R002469,O0029624,C101414,2025-09-23,1298.11,Not as Described
R002470,O0029625,C101414,2025-10-03,1562.93,Not as Described
R002471,O0029631,C101414,2025-11-17,2838.52,Defective Product
R002472,O0029632,C101414,2025-11-27,4732.23,Defective Product
R002473,O0029633,C101414,2025-11-26,18533.27,Better Price Found
R002474,O0029647,C101414,2026-03-08,2702.34,Late Delivery
R002475,O0029667,C101415,2025-03-21,18882.6,Changed Mind
R002476,O0029674,C101415,2025-08-15,28381.66,Size Issue
R002477,O0029677,C101415,2025-09-22,2806.83,Size Issue
R002478,O0029684,C101415,2025-11-06,9485.0,Changed Mind
R002479,O0029714,C101416,2024-01-11,2336.54,Defective Product
R002480,O0029749,C101420,2024-09-07,261.67,Changed Mind
R002481,O0029752,C101420,2024-09-17,25315.22,Late Delivery
R002482,O0029764,C101420,2024-12-31,9999.79,Late Delivery
R002483,O0029792,C101420,2025-07-24,657.05,Not as Described
R002484,O0029817,C101420,2026-02-28,9540.42,Not as Described
R002485,O0029819,C101420,2026-04-15,2663.28,Late Delivery
R002486,O0029823,C101420,2026-04-29,6995.04,Late Delivery
R002487,O0029836,C101420,2026-07-27,3808.51,Defective Product
R002488,O0029839,C101420,2026-08-03,1400.82,Changed Mind
R002489,O0029846,C101421,2024-07-23,51509.39,Size Issue
R002490,O0029855,C101421,2024-11-02,4719.08,Better Price Found
R002491,O0029867,C101421,2025-03-09,10194.53,Late Delivery
R002492,O0029869,C101421,2025-03-13,17058.88,Defective Product
R002493,O0029895,C101421,2025-12-11,10247.02,Late Delivery
R002494,O0029896,C101421,2025-12-31,35314.25,Size Issue
R002495,O0029900,C101421,2026-02-12,14119.11,Defective Product
R002496,O0029922,C101421,2026-07-21,5187.98,Not as Described
R002497,O0029941,C101423,2025-04-21,6248.62,Changed Mind
R002498,O0029944,C101424,2025-09-13,2022.53,Size Issue
R002499,O0029959,C101425,2024-11-10,18573.58,Defective Product
R002500,O0029999,C101425,2025-12-01,3941.25,Better Price Found
R002501,O0030008,C101425,2026-02-17,6633.31,Changed Mind
R002502,O0030028,C101425,2026-07-14,2508.62,Changed Mind
R002503,O0030045,C101427,2026-05-30,2553.24,Late Delivery
R002504,O0030071,C101430,2026-02-22,20221.12,Late Delivery
R002505,O0030075,C101430,2026-04-29,964.32,Late Delivery
R002506,O0030095,C101432,2024-07-13,39536.32,Better Price Found
R002507,O0030102,C101432,2025-02-02,2081.16,Changed Mind
R002508,O0030109,C101432,2025-07-07,38635.85,Size Issue
R002509,O0030122,C101432,2025-11-29,5082.06,Defective Product
R002510,O0030124,C101432,2025-12-10,6635.55,Not as Described
R002511,O0030141,C101432,2026-04-22,2593.76,Late Delivery
R002512,O0030162,C101436,2026-03-28,1177.62,Size Issue
R002513,O0030163,C101437,2026-02-02,236.26,Better Price Found
R002514,O0030182,C101440,2023-06-07,3133.34,Changed Mind
R002515,O0030183,C101440,2023-06-05,402.88,Changed Mind
R002516,O0030191,C101440,2023-09-17,609.0,Size Issue
R002517,O0030259,C101441,2025-08-26,27056.92,Better Price Found
R002518,O0030266,C101441,2026-05-31,2839.99,Changed Mind
R002519,O0030269,C101442,2026-08-09,4684.38,Better Price Found
R002520,O0030271,C101443,2025-11-20,14605.17,Late Delivery
R002521,O0030287,C101444,2026-08-05,127.01,Late Delivery
R002522,O0030288,C101445,2025-09-30,8249.77,Size Issue
R002523,O0030297,C101446,2024-02-03,3309.34,Changed Mind
R002524,O0030299,C101446,2024-08-27,12956.61,Changed Mind
R002525,O0030328,C101447,2025-03-05,8689.77,Changed Mind
R002526,O0030333,C101447,2025-05-06,10497.95,Better Price Found
R002527,O0030353,C101447,2025-11-03,25159.71,Defective Product
R002528,O0030362,C101447,2026-02-18,187.53,Changed Mind
R002529,O0030365,C101447,2026-03-19,8612.86,Defective Product
R002530,O0030368,C101447,2026-04-09,7023.94,Not as Described
R002531,O0030389,C101448,2025-12-01,8701.06,Defective Product
R002532,O0030403,C101449,2024-09-25,3571.05,Better Price Found
R002533,O0030412,C101449,2024-12-24,80186.6,Changed Mind
R002534,O0030415,C101449,2025-01-30,9679.37,Not as Described
R002535,O0030419,C101449,2025-03-23,2220.78,Late Delivery
R002536,O0030428,C101449,2025-11-06,84.63,Size Issue
R002537,O0030432,C101449,2026-02-11,8414.37,Late Delivery
R002538,O0030442,C101450,2026-01-16,6690.14,Changed Mind
R002539,O0030458,C101452,2025-09-24,149.91,Not as Described
R002540,O0030462,C101453,2025-05-01,8057.44,Better Price Found
R002541,O0030464,C101453,2025-05-31,6286.32,Changed Mind
R002542,O0030487,C101455,2024-10-11,1427.37,Not as Described
R002543,O0030488,C101455,2024-10-10,15478.71,Late Delivery
R002544,O0030492,C101455,2025-01-03,1174.9,Late Delivery
R002545,O0030495,C101455,2025-05-12,5225.02,Defective Product
R002546,O0030504,C101455,2026-01-10,28103.72,Size Issue
R002547,O0030510,C101456,2024-03-05,5479.43,Late Delivery
R002548,O0030513,C101456,2024-07-15,3978.61,Better Price Found
R002549,O0030526,C101458,2024-11-29,12973.11,Not as Described
R002550,O0030531,C101458,2025-01-19,279.48,Size Issue
R002551,O0030537,C101459,2025-03-06,2530.6,Defective Product
R002552,O0030540,C101459,2025-06-25,1193.79,Late Delivery
R002553,O0030542,C101459,2025-07-12,9958.95,Better Price Found
R002554,O0030545,C101459,2025-08-15,4293.73,Changed Mind
R002555,O0030556,C101460,2024-06-05,9752.12,Size Issue
R002556,O0030576,C101460,2025-10-30,2119.47,Better Price Found
R002557,O0030577,C101460,2025-11-08,8271.19,Late Delivery
R002558,O0030596,C101460,2026-07-11,3071.02,Late Delivery
R002559,O0030605,C101462,2024-03-22,1254.94,Size Issue
R002560,O0030619,C101463,2023-12-23,5690.64,Better Price Found
R002561,O0030624,C101463,2025-05-23,19530.3,Changed Mind
R002562,O0030665,C101469,2024-07-09,7825.02,Not as Described
R002563,O0030677,C101469,2024-11-20,1551.26,Changed Mind
R002564,O0030711,C101469,2025-06-13,24227.31,Defective Product
R002565,O0030763,C101470,2024-06-23,11891.6,Better Price Found
R002566,O0030782,C101470,2025-10-18,6237.59,Size Issue
R002567,O0030789,C101470,2026-07-21,3306.14,Defective Product
R002568,O0030791,C101470,2026-07-31,47705.81,Not as Described
R002569,O0030819,C101471,2024-01-29,1299.17,Not as Described
R002570,O0030856,C101471,2025-12-09,11066.31,Not as Described
R002571,O0030871,C101472,2023-11-02,3587.02,Not as Described
R002572,O0030877,C101472,2024-01-09,8969.48,Size Issue
R002573,O0030884,C101472,2024-07-19,74848.15,Late Delivery
R002574,O0030887,C101472,2024-08-12,2613.45,Better Price Found
R002575,O0030890,C101472,2024-10-02,45494.78,Size Issue
R002576,O0030906,C101472,2025-07-07,913.62,Size Issue
R002577,O0030934,C101473,2024-08-24,920.94,Changed Mind
R002578,O0030944,C101474,2025-01-22,57246.96,Not as Described
R002579,O0030952,C101474,2025-05-16,15047.46,Changed Mind
R002580,O0031012,C101475,2026-02-20,9376.18,Defective Product
R002581,O0031013,C101475,2026-02-21,15640.07,Not as Described
R002582,O0031038,C101477,2026-07-04,502.81,Defective Product
R002583,O0031042,C101478,2024-03-31,11292.7,Not as Described
R002584,O0031063,C101479,2023-12-21,1887.07,Defective Product
R002585,O0031070,C101479,2024-02-23,4508.0,Changed Mind
R002586,O0031097,C101479,2024-11-21,33276.61,Changed Mind
R002587,O0031105,C101479,2024-12-10,27574.1,Changed Mind
R002588,O0031116,C101479,2025-03-21,351.61,Changed Mind
R002589,O0031117,C101479,2025-03-25,2081.35,Size Issue
R002590,O0031137,C101479,2025-09-11,15040.93,Better Price Found
R002591,O0031159,C101479,2026-03-13,13191.63,Not as Described
R002592,O0031173,C101480,2025-08-11,1750.61,Late Delivery
R002593,O0031187,C101480,2026-01-29,14659.6,Changed Mind
R002594,O0031189,C101480,2026-02-19,1963.78,Better Price Found
R002595,O0031201,C101480,2026-06-18,882.53,Size Issue
R002596,O0031203,C101480,2026-07-10,576.33,Late Delivery
R002597,O0031208,C101481,2026-05-01,4135.6,Changed Mind
R002598,O0031226,C101483,2023-09-22,133400.27,Better Price Found
R002599,O0031229,C101483,2023-11-24,7610.58,Changed Mind
R002600,O0031233,C101483,2024-02-15,15221.86,Size Issue
R002601,O0031238,C101483,2024-05-10,459.77,Late Delivery
R002602,O0031249,C101483,2024-09-07,1508.57,Size Issue
R002603,O0031252,C101483,2024-10-13,2963.04,Not as Described
R002604,O0031256,C101483,2024-11-13,45951.43,Late Delivery
R002605,O0031278,C101483,2025-07-06,2455.67,Size Issue
R002606,O0031304,C101483,2026-01-25,48952.12,Defective Product
R002607,O0031307,C101483,2026-02-10,5280.22,Size Issue
R002608,O0031315,C101483,2026-06-14,4579.21,Changed Mind
R002609,O0031317,C101483,2026-06-26,603.27,Better Price Found
R002610,O0031320,C101483,2026-07-22,76030.56,Late Delivery
R002611,O0031326,C101484,2023-08-06,18680.91,Better Price Found
R002612,O0031336,C101484,2024-01-19,3397.27,Better Price Found
R002613,O0031339,C101484,2024-03-22,2100.36,Late Delivery
R002614,O0031347,C101484,2024-08-21,3900.66,Late Delivery
R002615,O0031366,C101485,2024-12-19,2220.95,Defective Product
R002616,O0031375,C101486,2024-09-18,3697.04,Changed Mind
R002617,O0031395,C101486,2025-05-25,1074.8,Changed Mind
R002618,O0031397,C101486,2025-06-06,2329.25,Not as Described
R002619,O0031433,C101486,2026-04-14,19665.1,Defective Product
R002620,O0031446,C101486,2026-08-05,26049.28,Better Price Found
R002621,O0031453,C101487,2026-08-03,6721.57,Defective Product
R002622,O0031493,C101488,2025-06-22,697.29,Not as Described
R002623,O0031515,C101488,2026-02-09,14800.93,Size Issue
R002624,O0031533,C101488,2026-07-13,25009.92,Better Price Found
R002625,O0031545,C101489,2024-12-05,26537.1,Not as Described
R002626,O0031550,C101490,2026-06-07,677.93,Not as Described
R002627,O0031551,C101490,2026-06-27,892.13,Size Issue
R002628,O0031561,C101492,2023-10-03,9436.12,Changed Mind
R002629,O0031596,C101493,2025-02-23,23360.49,Defective Product
R002630,O0031613,C101493,2025-07-05,30492.79,Changed Mind
R002631,O0031623,C101493,2025-10-30,1792.38,Not as Described
R002632,O0031624,C101493,2025-11-05,458.16,Defective Product
R002633,O0031662,C101494,2025-07-23,2602.91,Defective Product
R002634,O0031664,C101494,2025-11-06,5013.3,Better Price Found
R002635,O0031675,C101497,2026-04-27,1357.83,Late Delivery
R002636,O0031676,C101497,2026-05-05,3781.2,Not as Described
R002637,O0031691,C101500,2025-07-26,1390.22,Late Delivery
R002638,O0031697,C101500,2025-12-30,7122.26,Late Delivery
R002639,O0031724,C101501,2023-10-05,2090.16,Better Price Found
R002640,O0031728,C101501,2024-05-19,2817.82,Better Price Found
R002641,O0031729,C101501,2024-05-31,4644.3,Changed Mind
R002642,O0031746,C101501,2025-07-16,6549.21,Defective Product
R002643,O0031750,C101501,2025-10-15,3510.48,Size Issue
R002644,O0031761,C101501,2026-02-08,24765.4,Not as Described
R002645,O0031811,C101506,2023-12-22,7467.17,Changed Mind
R002646,O0031817,C101506,2024-03-01,21021.86,Better Price Found
R002647,O0031818,C101506,2024-03-03,1624.78,Size Issue
R002648,O0031819,C101506,2024-03-29,5013.09,Better Price Found
R002649,O0031825,C101506,2024-07-19,2116.84,Late Delivery
R002650,O0031828,C101506,2024-08-23,425.02,Not as Described
R002651,O0031834,C101506,2025-01-09,329.29,Late Delivery
R002652,O0031852,C101506,2026-05-21,4088.01,Defective Product
R002653,O0031855,C101506,2026-08-05,16383.49,Better Price Found
R002654,O0031866,C101507,2024-12-21,10447.72,Changed Mind
R002655,O0031892,C101507,2025-08-20,10225.96,Defective Product
R002656,O0031895,C101507,2025-09-23,33617.59,Size Issue
R002657,O0031903,C101507,2025-11-21,899.53,Better Price Found
R002658,O0031904,C101507,2025-11-21,4619.12,Not as Described
R002659,O0031912,C101507,2026-01-10,6674.94,Size Issue
R002660,O0031924,C101507,2026-06-15,37060.9,Size Issue
R002661,O0031932,C101508,2024-09-29,22579.19,Better Price Found
R002662,O0031951,C101512,2024-08-15,25521.48,Size Issue
R002663,O0031953,C101512,2024-11-04,9962.54,Better Price Found
R002664,O0031955,C101512,2024-12-07,2227.7,Late Delivery
R002665,O0031967,C101514,2025-12-15,7766.47,Size Issue
R002666,O0032017,C101517,2024-11-06,6855.84,Better Price Found
R002667,O0032020,C101517,2024-11-28,1200.81,Defective Product
R002668,O0032030,C101517,2025-04-03,10250.77,Defective Product
R002669,O0032047,C101517,2025-09-12,6954.85,Defective Product
R002670,O0032052,C101517,2025-11-06,30577.21,Not as Described
R002671,O0032069,C101517,2026-05-08,3163.74,Late Delivery
R002672,O0032092,C101519,2024-12-31,1071.21,Changed Mind
R002673,O0032116,C101519,2026-02-22,1374.16,Late Delivery
R002674,O0032129,C101521,2024-12-22,16079.31,Size Issue
R002675,O0032134,C101521,2025-01-23,1659.8,Size Issue
R002676,O0032138,C101521,2025-02-14,21638.7,Defective Product
R002677,O0032143,C101521,2025-05-21,8564.67,Better Price Found
R002678,O0032146,C101521,2025-12-14,3090.25,Changed Mind
R002679,O0032173,C101522,2024-11-30,9160.3,Not as Described
R002680,O0032175,C101522,2024-12-15,42162.86,Not as Described
R002681,O0032207,C101522,2025-09-18,3429.98,Size Issue
R002682,O0032211,C101522,2025-10-31,4274.95,Not as Described
R002683,O0032212,C101522,2025-11-01,6606.47,Size Issue
R002684,O0032221,C101522,2026-02-06,1703.77,Defective Product
R002685,O0032223,C101522,2026-02-26,178.02,Late Delivery
R002686,O0032245,C101523,2024-10-16,1834.54,Late Delivery
R002687,O0032300,C101523,2026-06-23,476.97,Not as Described
R002688,O0032306,C101524,2024-06-03,23930.62,Defective Product
R002689,O0032310,C101525,2025-11-10,6071.75,Not as Described
R002690,O0032325,C101526,2026-02-09,4023.76,Defective Product
R002691,O0032327,C101526,2026-03-20,238.38,Better Price Found
R002692,O0032339,C101527,2025-05-22,2145.85,Size Issue
R002693,O0032355,C101528,2023-04-04,3423.02,Not as Described
R002694,O0032372,C101528,2025-03-30,1874.8,Not as Described
R002695,O0032380,C101530,2024-03-11,806.2,Late Delivery
R002696,O0032389,C101530,2025-06-02,4294.76,Late Delivery
R002697,O0032409,C101530,2026-02-10,1949.47,Changed Mind
R002698,O0032412,C101530,2026-03-25,2066.7,Changed Mind
R002699,O0032416,C101530,2026-04-15,36485.72,Size Issue
R002700,O0032421,C101530,2026-06-24,3156.86,Late Delivery
R002701,O0032422,C101530,2026-07-08,2105.2,Not as Described
R002702,O0032462,C101533,2025-03-13,54177.22,Defective Product
R002703,O0032465,C101533,2025-03-20,3970.25,Late Delivery
R002704,O0032478,C101533,2025-08-22,2635.78,Late Delivery
R002705,O0032485,C101533,2025-11-02,35753.02,Size Issue
R002706,O0032486,C101533,2025-12-05,3555.82,Defective Product
R002707,O0032504,C101534,2023-08-21,463.44,Late Delivery
R002708,O0032505,C101534,2023-08-29,3669.96,Size Issue
R002709,O0032511,C101534,2023-10-17,4371.73,Not as Described
R002710,O0032531,C101534,2025-04-03,13470.41,Better Price Found
R002711,O0032533,C101534,2025-06-05,2733.07,Late Delivery
R002712,O0032534,C101534,2025-07-27,7899.75,Not as Described
R002713,O0032544,C101535,2023-07-14,4882.88,Late Delivery
R002714,O0032596,C101540,2024-04-10,35050.69,Better Price Found
R002715,O0032598,C101540,2024-08-09,17708.52,Changed Mind
R002716,O0032602,C101540,2024-10-20,1319.38,Defective Product
R002717,O0032609,C101541,2024-04-01,65348.94,Changed Mind
R002718,O0032610,C101541,2024-04-20,17083.4,Defective Product
R002719,O0032647,C101541,2026-04-15,4189.78,Size Issue
R002720,O0032650,C101541,2026-06-04,4246.02,Late Delivery
R002721,O0032673,C101542,2024-09-21,1801.16,Late Delivery
R002722,O0032674,C101542,2024-10-15,806.09,Not as Described
R002723,O0032678,C101542,2025-03-06,1272.64,Size Issue
R002724,O0032682,C101542,2025-11-09,6114.54,Size Issue
R002725,O0032699,C101543,2025-01-16,8077.02,Defective Product
R002726,O0032718,C101543,2026-05-01,1035.09,Size Issue
R002727,O0032724,C101545,2024-07-14,1269.63,Late Delivery
R002728,O0032725,C101545,2024-07-30,2096.23,Changed Mind
R002729,O0032732,C101545,2025-01-08,1081.0,Changed Mind
R002730,O0032734,C101545,2025-04-21,7057.22,Defective Product
R002731,O0032738,C101545,2026-04-27,759.89,Not as Described
R002732,O0032766,C101550,2025-10-23,19022.98,Not as Described
R002733,O0032771,C101550,2026-01-04,3637.95,Defective Product
R002734,O0032836,C101552,2025-07-30,990.22,Changed Mind
R002735,O0032858,C101552,2026-03-03,2793.73,Better Price Found
R002736,O0032866,C101552,2026-05-21,678.15,Defective Product
R002737,O0032893,C101554,2025-11-13,12625.04,Better Price Found
R002738,O0032897,C101555,2026-04-02,24564.46,Late Delivery
R002739,O0032903,C101556,2026-05-24,1186.65,Late Delivery
R002740,O0032933,C101559,2025-08-07,17010.13,Defective Product
R002741,O0032935,C101559,2025-08-18,152408.04,Size Issue
R002742,O0032942,C101559,2025-12-08,30255.49,Defective Product
R002743,O0032968,C101559,2026-07-08,3383.62,Not as Described
R002744,O0032975,C101560,2024-09-28,2703.21,Not as Described
R002745,O0032977,C101560,2024-10-26,4435.81,Late Delivery
R002746,O0032989,C101561,2024-12-16,1272.97,Changed Mind
R002747,O0032994,C101561,2025-03-02,400.47,Size Issue
R002748,O0032999,C101561,2026-05-03,32590.24,Late Delivery
R002749,O0033001,C101561,2026-05-30,1186.29,Better Price Found
R002750,O0033008,C101562,2024-03-09,15593.55,Not as Described
R002751,O0033038,C101564,2025-12-06,1825.84,Size Issue
R002752,O0033087,C101570,2024-01-25,2812.67,Late Delivery
R002753,O0033096,C101570,2024-05-15,11009.92,Late Delivery
R002754,O0033097,C101570,2024-05-25,2839.73,Defective Product
R002755,O0033109,C101570,2025-01-16,1675.71,Not as Described
R002756,O0033111,C101570,2025-02-26,885.6,Better Price Found
R002757,O0033116,C101570,2025-08-06,5619.6,Size Issue
R002758,O0033131,C101571,2025-07-13,179.83,Not as Described
R002759,O0033137,C101573,2026-02-07,969.52,Changed Mind
R002760,O0033142,C101573,2026-03-04,870.05,Defective Product
R002761,O0033195,C101575,2024-11-04,6859.68,Late Delivery
R002762,O0033199,C101575,2025-02-03,18955.71,Changed Mind
R002763,O0033205,C101575,2025-04-21,1335.67,Late Delivery
R002764,O0033208,C101575,2025-04-30,1932.68,Defective Product
R002765,O0033228,C101575,2025-10-13,3744.59,Late Delivery
R002766,O0033233,C101575,2025-11-04,12162.27,Defective Product
R002767,O0033239,C101575,2025-12-03,21954.31,Better Price Found
R002768,O0033251,C101575,2026-04-01,7725.72,Changed Mind
R002769,O0033253,C101575,2026-04-14,3935.38,Late Delivery
R002770,O0033254,C101575,2026-04-09,6369.82,Not as Described
R002771,O0033268,C101575,2026-07-15,1408.7,Late Delivery
R002772,O0033269,C101575,2026-08-05,496.96,Defective Product
R002773,O0033289,C101578,2025-06-01,1525.55,Not as Described
R002774,O0033301,C101579,2025-05-02,4181.77,Size Issue
R002775,O0033324,C101581,2024-04-30,1206.53,Late Delivery
R002776,O0033332,C101581,2025-09-16,3457.37,Defective Product
R002777,O0033339,C101582,2025-03-14,3236.83,Changed Mind
R002778,O0033340,C101582,2025-03-23,4476.74,Late Delivery
R002779,O0033341,C101582,2025-04-13,7800.08,Size Issue
R002780,O0033362,C101582,2025-11-03,864.02,Late Delivery
R002781,O0033364,C101582,2025-11-17,105608.41,Not as Described
R002782,O0033379,C101582,2026-04-08,5233.57,Size Issue
R002783,O0033386,C101582,2026-05-24,3563.58,Late Delivery
R002784,O0033427,C101583,2024-05-27,3064.7,Defective Product
R002785,O0033439,C101583,2024-09-24,18471.68,Late Delivery
R002786,O0033443,C101583,2024-11-05,565.42,Defective Product
R002787,O0033473,C101583,2025-10-06,13674.01,Size Issue
R002788,O0033501,C101583,2026-05-01,8466.18,Better Price Found
R002789,O0033502,C101583,2026-05-07,36141.75,Late Delivery
R002790,O0033504,C101583,2026-06-03,2136.85,Defective Product
R002791,O0033526,C101585,2023-08-27,69008.66,Size Issue
R002792,O0033528,C101585,2023-10-24,2468.05,Late Delivery
R002793,O0033531,C101585,2023-12-20,11505.34,Defective Product
R002794,O0033542,C101585,2024-04-20,9612.94,Not as Described
R002795,O0033559,C101585,2024-09-09,5495.84,Not as Described
R002796,O0033563,C101585,2024-10-10,18638.95,Not as Described
R002797,O0033564,C101585,2024-10-16,12350.05,Defective Product
R002798,O0033583,C101585,2025-05-05,258.11,Defective Product
R002799,O0033597,C101585,2025-09-22,2109.8,Size Issue
R002800,O0033603,C101585,2025-11-03,6784.5,Late Delivery
R002801,O0033632,C101585,2026-05-26,4047.42,Size Issue
R002802,O0033649,C101587,2025-06-11,4908.52,Better Price Found
R002803,O0033653,C101588,2026-03-09,3470.57,Changed Mind
R002804,O0033690,C101590,2024-03-14,21052.97,Not as Described
R002805,O0033699,C101590,2024-05-03,1704.84,Late Delivery
R002806,O0033715,C101590,2024-11-14,29469.19,Size Issue
R002807,O0033719,C101590,2024-11-24,10720.43,Changed Mind
R002808,O0033731,C101590,2024-12-27,38848.3,Better Price Found
R002809,O0033734,C101590,2025-01-07,162.65,Changed Mind
R002810,O0033744,C101590,2025-04-26,4993.21,Better Price Found
R002811,O0033746,C101590,2025-05-01,3152.99,Better Price Found
R002812,O0033749,C101590,2025-05-18,775.87,Late Delivery
R002813,O0033755,C101590,2025-06-15,24660.51,Better Price Found
R002814,O0033757,C101590,2025-07-21,779.79,Changed Mind
R002815,O0033759,C101590,2025-08-05,845.88,Late Delivery
R002816,O0033764,C101590,2025-09-09,2081.97,Late Delivery
R002817,O0033770,C101590,2025-10-28,12608.45,Changed Mind
R002818,O0033778,C101590,2025-12-19,13200.41,Size Issue
R002819,O0033784,C101590,2026-01-28,14012.17,Changed Mind
R002820,O0033793,C101590,2026-03-30,1023.87,Better Price Found
R002821,O0033801,C101590,2026-05-23,67164.81,Not as Described
R002822,O0033802,C101590,2026-05-15,1764.96,Size Issue
R002823,O0033805,C101590,2026-06-01,12880.43,Changed Mind
R002824,O0033819,C101591,2023-04-11,482.7,Late Delivery
R002825,O0033861,C101591,2024-01-26,10846.17,Not as Described
R002826,O0033874,C101591,2024-05-10,19436.02,Changed Mind
R002827,O0033875,C101591,2024-05-10,505.76,Late Delivery
R002828,O0033894,C101591,2024-10-16,11577.47,Size Issue
R002829,O0033898,C101591,2024-11-09,2066.96,Changed Mind
R002830,O0033900,C101591,2024-11-30,3275.74,Better Price Found
R002831,O0033907,C101591,2024-12-11,7608.0,Not as Described
R002832,O0033909,C101591,2024-12-16,5156.26,Size Issue
R002833,O0033912,C101591,2025-01-24,23126.47,Better Price Found
R002834,O0033918,C101591,2025-03-22,282.24,Late Delivery
R002835,O0033931,C101591,2025-07-08,2047.02,Changed Mind
R002836,O0033934,C101591,2025-08-27,9417.01,Defective Product
R002837,O0033980,C101591,2026-07-29,2770.16,Not as Described
R002838,O0033994,C101592,2025-03-28,2580.28,Changed Mind
R002839,O0033995,C101592,2025-04-06,17677.24,Defective Product
R002840,O0033999,C101592,2025-05-06,12157.15,Better Price Found
R002841,O0034000,C101592,2025-06-14,3115.23,Changed Mind
R002842,O0034006,C101592,2025-10-21,5660.58,Defective Product
R002843,O0034007,C101592,2025-10-19,14206.55,Size Issue
R002844,O0034008,C101592,2025-11-01,36095.76,Changed Mind
R002845,O0034011,C101592,2026-01-02,5846.84,Changed Mind
R002846,O0034016,C101592,2026-02-25,3187.91,Defective Product
R002847,O0034038,C101593,2025-06-16,1554.84,Better Price Found
R002848,O0034047,C101593,2026-06-27,5190.26,Defective Product
R002849,O0034064,C101594,2026-05-20,18997.36,Late Delivery
R002850,O0034087,C101596,2025-06-02,9282.36,Size Issue
R002851,O0034092,C101596,2025-08-17,108786.55,Defective Product
R002852,O0034099,C101596,2026-01-31,6366.13,Not as Described
R002853,O0034108,C101596,2026-05-04,24667.31,Defective Product
R002854,O0034132,C101598,2024-12-30,5704.85,Defective Product
R002855,O0034144,C101599,2025-09-29,7173.01,Size Issue
R002856,O0034155,C101600,2024-01-05,1604.34,Not as Described
R002857,O0034171,C101602,2023-12-19,7558.92,Changed Mind
R002858,O0034187,C101602,2024-06-16,7691.89,Not as Described
R002859,O0034195,C101602,2024-10-29,27982.44,Not as Described
R002860,O0034204,C101602,2025-01-20,8267.81,Late Delivery
R002861,O0034207,C101602,2025-02-21,776.04,Changed Mind
R002862,O0034209,C101602,2025-03-03,876.7,Size Issue
R002863,O0034214,C101602,2025-03-28,17832.62,Not as Described
R002864,O0034223,C101602,2025-06-13,431.07,Size Issue
R002865,O0034231,C101602,2025-09-20,17880.7,Late Delivery
R002866,O0034240,C101602,2025-11-11,442.07,Late Delivery
R002867,O0034249,C101602,2025-12-04,1969.85,Not as Described
R002868,O0034255,C101602,2026-02-04,1531.57,Defective Product
R002869,O0034288,C101604,2025-03-02,71631.57,Not as Described
R002870,O0034293,C101604,2025-11-11,3090.2,Size Issue
R002871,O0034300,C101605,2025-03-12,880.19,Not as Described
R002872,O0034304,C101605,2025-08-15,2351.58,Defective Product
R002873,O0034316,C101605,2026-05-24,765.62,Late Delivery
R002874,O0034324,C101606,2024-08-16,6303.67,Late Delivery
R002875,O0034328,C101606,2024-10-18,2374.4,Late Delivery
R002876,O0034344,C101607,2025-11-28,4885.58,Changed Mind
R002877,O0034345,C101607,2025-12-04,19555.92,Better Price Found
R002878,O0034353,C101607,2026-02-08,8534.91,Changed Mind
R002879,O0034355,C101607,2026-03-06,3190.15,Changed Mind
R002880,O0034356,C101607,2026-03-05,6476.04,Better Price Found
R002881,O0034359,C101607,2026-04-19,7771.3,Late Delivery
R002882,O0034369,C101608,2023-07-07,4081.06,Late Delivery
R002883,O0034376,C101610,2025-01-07,19971.55,Size Issue
R002884,O0034397,C101612,2025-02-10,1198.93,Late Delivery
R002885,O0034399,C101612,2025-02-12,955.33,Changed Mind
R002886,O0034402,C101612,2025-03-18,2292.32,Not as Described
R002887,O0034414,C101613,2025-08-25,13250.22,Size Issue
R002888,O0034422,C101613,2026-01-22,6994.29,Defective Product
R002889,O0034432,C101613,2026-04-24,1958.05,Late Delivery
R002890,O0034435,C101613,2026-06-13,1812.91,Not as Described
R002891,O0034447,C101615,2024-07-15,10504.98,Not as Described
R002892,O0034470,C101616,2025-06-22,20291.21,Better Price Found
R002893,O0034483,C101617,2026-06-15,16124.54,Changed Mind
R002894,O0034489,C101619,2024-10-23,8027.69,Size Issue
R002895,O0034494,C101620,2025-02-22,1725.71,Changed Mind
R002896,O0034521,C101623,2025-09-15,454.12,Better Price Found
R002897,O0034525,C101623,2026-02-07,8297.34,Late Delivery
R002898,O0034526,C101623,2026-04-10,512.45,Better Price Found
R002899,O0034529,C101624,2024-05-15,2296.69,Late Delivery
R002900,O0034531,C101624,2024-12-23,2024.27,Late Delivery
R002901,O0034541,C101624,2025-12-10,12025.61,Size Issue
R002902,O0034559,C101625,2024-09-27,16180.29,Not as Described
R002903,O0034568,C101625,2024-11-29,41632.57,Size Issue
R002904,O0034577,C101625,2025-01-14,32230.12,Changed Mind
R002905,O0034592,C101625,2025-03-18,4125.31,Changed Mind
R002906,O0034600,C101625,2025-06-17,20597.65,Better Price Found
R002907,O0034601,C101625,2025-06-20,20064.65,Not as Described
R002908,O0034604,C101625,2025-07-14,3184.91,Defective Product
R002909,O0034616,C101625,2025-10-13,45415.88,Not as Described
R002910,O0034621,C101625,2025-12-03,13044.85,Late Delivery
R002911,O0034625,C101625,2025-12-31,48392.33,Defective Product
R002912,O0034632,C101625,2026-03-29,10637.76,Not as Described
R002913,O0034648,C101625,2026-08-06,21281.53,Size Issue
R002914,O0034734,C101627,2025-06-28,15026.35,Defective Product
R002915,O0034755,C101627,2025-11-10,73813.92,Changed Mind
R002916,O0034778,C101627,2026-04-25,6343.45,Not as Described
R002917,O0034800,C101629,2025-12-07,52350.71,Better Price Found
R002918,O0034822,C101630,2026-04-29,3079.73,Not as Described
R002919,O0034847,C101633,2023-09-05,4995.88,Not as Described
R002920,O0034869,C101636,2025-01-06,7206.63,Defective Product
R002921,O0034873,C101636,2025-04-13,38114.03,Better Price Found
R002922,O0034876,C101636,2025-06-07,2226.16,Defective Product
R002923,O0034886,C101636,2025-10-09,16109.47,Better Price Found
R002924,O0034888,C101636,2025-11-03,9527.3,Defective Product
R002925,O0034912,C101637,2024-05-01,8714.79,Not as Described
R002926,O0034917,C101637,2025-01-10,2472.59,Not as Described
R002927,O0034924,C101637,2025-11-23,12095.33,Better Price Found
R002928,O0034931,C101637,2026-03-21,421.83,Size Issue
R002929,O0034934,C101637,2026-05-15,1163.27,Defective Product
R002930,O0034936,C101637,2026-05-21,31214.99,Defective Product
R002931,O0034941,C101638,2024-01-08,45283.38,Better Price Found
R002932,O0034981,C101639,2024-01-06,16560.8,Not as Described
R002933,O0034994,C101639,2025-03-17,18046.45,Defective Product
R002934,O0034998,C101640,2025-11-14,9895.04,Late Delivery
R002935,O0035005,C101642,2025-08-17,1695.8,Changed Mind
R002936,O0035008,C101642,2026-04-30,2962.89,Better Price Found
R002937,O0035016,C101644,2025-10-14,48465.33,Changed Mind
R002938,O0035017,C101644,2025-10-24,8217.85,Defective Product
R002939,O0035019,C101644,2025-11-24,43815.86,Changed Mind
R002940,O0035020,C101644,2025-12-06,2884.89,Size Issue
R002941,O0035027,C101644,2026-02-12,8651.95,Better Price Found
R002942,O0035044,C101644,2026-07-27,479.11,Size Issue
R002943,O0035046,C101645,2026-07-10,3855.15,Size Issue
R002944,O0035094,C101647,2026-07-18,14337.37,Late Delivery
R002945,O0035100,C101649,2025-08-02,39025.96,Late Delivery
R002946,O0035109,C101650,2024-02-08,7343.79,Defective Product
R002947,O0035112,C101650,2024-07-17,1493.39,Size Issue
R002948,O0035120,C101650,2026-02-28,437.81,Better Price Found
R002949,O0035131,C101653,2024-10-20,19735.49,Better Price Found
R002950,O0035143,C101653,2026-01-19,1401.71,Better Price Found
R002951,O0035147,C101653,2026-02-23,21725.57,Changed Mind
R002952,O0035151,C101653,2026-03-29,4816.21,Defective Product
R002953,O0035181,C101654,2026-03-29,7670.02,Size Issue
R002954,O0035209,C101660,2025-12-25,6782.82,Changed Mind
R002955,O0035229,C101661,2024-07-05,2951.09,Defective Product
R002956,O0035232,C101661,2025-07-02,12205.46,Defective Product
R002957,O0035238,C101662,2025-08-15,2331.95,Defective Product
R002958,O0035239,C101662,2025-09-08,47882.06,Late Delivery
R002959,O0035291,C101663,2024-11-06,2356.74,Not as Described
R002960,O0035301,C101663,2024-12-31,17593.69,Better Price Found
R002961,O0035303,C101663,2024-12-27,1195.52,Changed Mind
R002962,O0035308,C101663,2025-03-12,26823.37,Defective Product
R002963,O0035309,C101663,2025-03-19,17532.28,Changed Mind
R002964,O0035311,C101663,2025-04-21,2640.56,Size Issue
R002965,O0035312,C101663,2025-04-17,9695.49,Late Delivery
R002966,O0035318,C101663,2025-06-25,3395.29,Better Price Found
R002967,O0035349,C101663,2026-03-16,11575.17,Size Issue
R002968,O0035385,C101664,2026-05-27,3574.81,Not as Described
R002969,O0035389,C101664,2026-08-09,13307.6,Defective Product
R002970,O0035398,C101667,2024-04-19,5940.6,Better Price Found
R002971,O0035400,C101667,2024-05-06,5081.05,Size Issue
R002972,O0035405,C101667,2024-08-14,13951.47,Late Delivery
R002973,O0035415,C101667,2024-12-27,38168.49,Defective Product
R002974,O0035417,C101667,2025-01-19,7006.46,Not as Described
R002975,O0035437,C101667,2026-02-27,235.56,Not as Described
R002976,O0035441,C101667,2026-04-10,11527.68,Defective Product
R002977,O0035442,C101667,2026-04-10,720.44,Defective Product
R002978,O0035454,C101668,2024-08-01,64008.81,Not as Described
R002979,O0035462,C101669,2025-10-30,1360.63,Size Issue
R002980,O0035479,C101670,2023-10-29,1813.59,Not as Described
R002981,O0035483,C101671,2025-02-08,3797.24,Defective Product
R002982,O0035502,C101673,2026-05-12,2714.81,Size Issue
R002983,O0035521,C101677,2025-07-08,1012.58,Changed Mind
R002984,O0035534,C101677,2025-12-13,16530.56,Size Issue
R002985,O0035541,C101677,2026-03-04,14118.5,Defective Product
R002986,O0035550,C101678,2024-09-09,20987.89,Size Issue
R002987,O0035557,C101678,2025-05-27,25120.65,Changed Mind
R002988,O0035561,C101680,2025-02-26,2983.56,Changed Mind
R002989,O0035562,C101680,2025-07-07,38094.02,Better Price Found
R002990,O0035591,C101683,2026-01-12,627.4,Better Price Found
R002991,O0035600,C101683,2026-07-13,2105.87,Changed Mind
R002992,O0035604,C101684,2024-05-11,74557.01,Changed Mind
R002993,O0035626,C101684,2025-04-20,8361.79,Late Delivery
R002994,O0035630,C101684,2025-05-12,16937.36,Changed Mind
R002995,O0035633,C101684,2025-07-15,2920.13,Late Delivery
R002996,O0035638,C101684,2025-11-16,3071.44,Defective Product
R002997,O0035644,C101684,2026-07-20,345.47,Not as Described
R002998,O0035649,C101686,2025-07-24,6443.91,Late Delivery
R002999,O0035653,C101686,2026-03-04,1726.51,Not as Described
R003000,O0035664,C101687,2024-01-15,1622.03,Late Delivery
R003001,O0035668,C101687,2024-02-22,1237.83,Changed Mind
R003002,O0035672,C101687,2024-06-01,460.25,Late Delivery
R003003,O0035675,C101687,2024-06-06,1176.07,Late Delivery
R003004,O0035706,C101687,2025-12-22,5051.12,Late Delivery
R003005,O0035709,C101687,2026-03-03,11562.91,Size Issue
R003006,O0035723,C101688,2024-03-20,6491.73,Late Delivery
R003007,O0035727,C101688,2024-08-28,21684.69,Late Delivery
R003008,O0035730,C101688,2025-05-12,4390.28,Size Issue
R003009,O0035758,C101689,2025-11-29,1423.62,Defective Product
R003010,O0035761,C101689,2026-02-13,31125.08,Changed Mind
R003011,O0035762,C101690,2024-01-12,19862.11,Not as Described
R003012,O0035790,C101691,2026-03-13,22861.87,Not as Described
R003013,O0035803,C101691,2026-07-02,591.27,Changed Mind
R003014,O0035827,C101695,2025-12-27,74958.81,Not as Described
R003015,O0035842,C101696,2026-06-03,14784.37,Size Issue
R003016,O0035847,C101698,2025-10-07,4169.63,Better Price Found
R003017,O0035849,C101698,2025-11-04,1137.09,Defective Product
R003018,O0035858,C101698,2026-03-21,33272.13,Not as Described
R003019,O0035870,C101698,2026-07-12,48477.18,Late Delivery
R003020,O0035887,C101699,2024-09-25,19706.87,Late Delivery
R003021,O0035906,C101699,2025-08-27,26923.06,Not as Described
R003022,O0035907,C101699,2025-08-29,22016.52,Size Issue
R003023,O0035922,C101699,2026-06-29,195.57,Better Price Found
R003024,O0035925,C101700,2023-10-18,27203.39,Size Issue
R003025,O0035926,C101700,2023-11-07,215.32,Late Delivery
R003026,O0035950,C101702,2024-10-01,12305.94,Size Issue
R003027,O0035960,C101702,2025-01-24,16831.68,Size Issue
R003028,O0035962,C101702,2025-02-06,744.76,Defective Product
R003029,O0035970,C101702,2025-06-16,1391.25,Better Price Found
R003030,O0035982,C101702,2025-10-17,33592.52,Better Price Found
R003031,O0035991,C101702,2025-12-26,27015.23,Changed Mind
R003032,O0035992,C101702,2026-01-03,12429.11,Better Price Found
R003033,O0035995,C101702,2026-01-12,5005.8,Late Delivery
R003034,O0036001,C101702,2026-03-06,18163.86,Not as Described
R003035,O0036007,C101702,2026-06-07,1791.73,Defective Product
R003036,O0036040,C101704,2025-04-29,8681.81,Defective Product
R003037,O0036046,C101704,2025-11-20,2589.63,Late Delivery
R003038,O0036108,C101706,2025-09-23,16844.87,Not as Described
R003039,O0036126,C101708,2026-02-12,1461.38,Changed Mind
R003040,O0036160,C101709,2024-07-24,9657.56,Changed Mind
R003041,O0036212,C101709,2025-11-28,2015.35,Defective Product
R003042,O0036226,C101709,2026-03-24,48983.95,Defective Product
R003043,O0036227,C101709,2026-03-27,4777.62,Size Issue
R003044,O0036242,C101709,2026-06-25,1029.21,Better Price Found
R003045,O0036263,C101711,2023-11-20,3749.93,Not as Described
R003046,O0036266,C101712,2023-02-15,2455.01,Size Issue
R003047,O0036267,C101712,2023-02-23,77605.31,Size Issue
R003048,O0036284,C101713,2024-04-20,23134.01,Better Price Found
R003049,O0036287,C101713,2025-08-01,2461.11,Size Issue
R003050,O0036311,C101716,2026-05-12,2264.28,Defective Product
R003051,O0036320,C101718,2025-12-13,932.43,Size Issue
R003052,O0036324,C101718,2026-02-10,51255.35,Changed Mind
R003053,O0036329,C101718,2026-03-04,45454.91,Late Delivery
R003054,O0036335,C101718,2026-04-12,1015.93,Changed Mind
R003055,O0036354,C101720,2026-03-18,167887.66,Late Delivery
R003056,O0036369,C101721,2026-06-21,3817.72,Late Delivery
R003057,O0036370,C101721,2026-07-15,6328.41,Late Delivery
R003058,O0036397,C101724,2026-01-11,55285.71,Better Price Found
R003059,O0036400,C101724,2026-02-28,19509.74,Late Delivery
R003060,O0036404,C101724,2026-07-17,3689.82,Better Price Found
R003061,O0036421,C101726,2026-01-23,41660.38,Defective Product
R003062,O0036423,C101726,2026-02-20,36290.27,Size Issue
R003063,O0036435,C101726,2026-07-06,85577.78,Defective Product
R003064,O0036438,C101726,2026-08-03,1027.13,Defective Product
R003065,O0036448,C101728,2024-10-09,2668.03,Late Delivery
R003066,O0036463,C101729,2023-07-21,14134.5,Changed Mind
R003067,O0036482,C101729,2024-11-07,20504.44,Late Delivery
R003068,O0036494,C101729,2025-04-06,18538.05,Not as Described
R003069,O0036522,C101729,2026-01-15,12462.0,Size Issue
R003070,O0036525,C101729,2026-02-11,5262.14,Changed Mind
R003071,O0036547,C101730,2024-05-06,11749.52,Changed Mind
R003072,O0036568,C101732,2024-11-10,1540.87,Late Delivery
R003073,O0036573,C101732,2025-07-04,677.29,Not as Described
R003074,O0036599,C101732,2026-07-26,4894.44,Changed Mind
R003075,O0036604,C101733,2025-05-31,2029.84,Size Issue
R003076,O0036632,C101736,2024-10-30,1673.39,Defective Product
R003077,O0036633,C101736,2024-11-14,20497.49,Late Delivery
R003078,O0036637,C101736,2025-04-04,1555.54,Size Issue
R003079,O0036644,C101736,2025-09-27,3012.41,Changed Mind
R003080,O0036660,C101737,2025-12-19,1135.91,Not as Described
R003081,O0036705,C101739,2025-04-24,643.11,Changed Mind
R003082,O0036740,C101740,2026-07-14,2021.86,Late Delivery
R003083,O0036751,C101742,2024-10-05,3834.22,Not as Described
R003084,O0036757,C101742,2025-02-26,973.65,Defective Product
R003085,O0036770,C101742,2025-09-27,56830.74,Better Price Found
R003086,O0036791,C101744,2024-02-11,13179.12,Defective Product
R003087,O0036810,C101745,2024-09-08,3350.21,Changed Mind
R003088,O0036816,C101745,2024-12-17,3003.01,Not as Described
R003089,O0036823,C101745,2025-03-03,5580.65,Late Delivery
R003090,O0036838,C101745,2025-07-22,24503.94,Not as Described
R003091,O0036862,C101746,2025-02-05,10740.07,Better Price Found
R003092,O0036864,C101746,2025-03-26,32394.48,Size Issue
R003093,O0036869,C101747,2023-09-09,4781.01,Late Delivery
R003094,O0036882,C101747,2024-07-09,19276.7,Defective Product
R003095,O0036883,C101747,2024-08-25,1394.02,Size Issue
R003096,O0036887,C101747,2024-10-27,4190.94,Size Issue
R003097,O0036891,C101747,2025-08-21,5380.76,Size Issue
R003098,O0036892,C101747,2025-09-14,23831.07,Changed Mind
R003099,O0036907,C101748,2023-05-31,4387.71,Size Issue
R003100,O0036943,C101750,2025-09-23,43849.27,Changed Mind
R003101,O0036976,C101752,2024-08-30,16107.82,Size Issue
R003102,O0036992,C101754,2024-05-22,1738.91,Size Issue
R003103,O0036995,C101754,2024-08-25,20679.62,Better Price Found
R003104,O0036999,C101754,2024-11-07,5080.67,Defective Product
R003105,O0037007,C101754,2025-05-30,2642.19,Size Issue
R003106,O0037009,C101754,2025-06-08,2391.31,Better Price Found
R003107,O0037015,C101754,2025-09-21,6634.12,Size Issue
R003108,O0037018,C101754,2025-10-14,510.98,Late Delivery
R003109,O0037019,C101754,2025-10-27,738.9,Changed Mind
R003110,O0037023,C101754,2025-12-28,6691.53,Late Delivery
R003111,O0037045,C101754,2026-07-29,9314.35,Size Issue
R003112,O0037048,C101754,2026-08-06,27428.02,Late Delivery
R003113,O0037052,C101755,2025-05-24,23830.03,Better Price Found
R003114,O0037054,C101756,2023-11-30,11832.45,Better Price Found
R003115,O0037083,C101756,2024-08-03,18763.41,Not as Described
R003116,O0037124,C101756,2025-05-31,14687.05,Better Price Found
R003117,O0037132,C101756,2025-08-21,1698.26,Late Delivery
R003118,O0037171,C101756,2026-04-07,6658.73,Not as Described
R003119,O0037193,C101757,2023-04-06,1172.39,Changed Mind
R003120,O0037195,C101757,2023-05-12,1699.77,Better Price Found
R003121,O0037224,C101757,2024-12-21,15077.88,Changed Mind
R003122,O0037229,C101757,2025-05-17,5598.62,Better Price Found
R003123,O0037234,C101757,2025-06-13,16717.38,Not as Described
R003124,O0037242,C101757,2025-09-28,7916.5,Better Price Found
R003125,O0037260,C101759,2025-04-21,1732.5,Size Issue
R003126,O0037268,C101760,2024-10-31,11974.4,Not as Described
R003127,O0037296,C101761,2024-06-24,3844.11,Better Price Found
R003128,O0037307,C101761,2024-10-03,1972.77,Size Issue
R003129,O0037326,C101761,2025-07-18,11197.83,Size Issue
R003130,O0037327,C101761,2025-07-21,2003.54,Changed Mind
R003131,O0037346,C101761,2026-01-30,927.18,Size Issue
R003132,O0037362,C101761,2026-05-06,6988.42,Better Price Found
R003133,O0037375,C101761,2026-07-25,10272.22,Late Delivery
R003134,O0037380,C101762,2026-05-06,19091.12,Better Price Found
R003135,O0037465,C101767,2026-05-06,1865.87,Changed Mind
R003136,O0037467,C101768,2023-04-22,36577.84,Changed Mind
R003137,O0037491,C101772,2026-01-28,3185.23,Size Issue
R003138,O0037508,C101773,2026-04-18,43365.58,Changed Mind
R003139,O0037513,C101774,2023-05-04,11883.62,Not as Described
R003140,O0037520,C101774,2023-08-21,9364.2,Changed Mind
R003141,O0037549,C101774,2025-02-12,1094.39,Not as Described
R003142,O0037555,C101774,2025-09-14,35329.85,Defective Product
R003143,O0037575,C101775,2023-12-21,2130.98,Defective Product
R003144,O0037588,C101775,2024-12-27,30488.34,Changed Mind
R003145,O0037599,C101775,2026-06-17,1036.7,Better Price Found
R003146,O0037616,C101777,2026-01-09,17554.37,Changed Mind
R003147,O0037620,C101778,2024-08-02,5744.05,Late Delivery
R003148,O0037638,C101778,2025-10-01,2154.57,Better Price Found
R003149,O0037653,C101778,2026-06-15,2030.36,Better Price Found
R003150,O0037672,C101779,2025-04-15,3197.67,Size Issue
R003151,O0037675,C101779,2025-06-03,6448.57,Size Issue
R003152,O0037698,C101779,2026-05-15,11139.95,Changed Mind
R003153,O0037704,C101780,2023-10-06,749.14,Defective Product
R003154,O0037712,C101781,2026-02-23,7405.47,Not as Described
R003155,O0037714,C101781,2026-03-14,4657.81,Defective Product
R003156,O0037726,C101783,2025-08-30,71.71,Better Price Found
R003157,O0037732,C101784,2023-09-28,8641.09,Size Issue
R003158,O0037734,C101784,2023-10-21,417.32,Changed Mind
R003159,O0037761,C101784,2025-03-31,7717.12,Size Issue
R003160,O0037763,C101784,2025-04-17,1939.77,Better Price Found
R003161,O0037773,C101784,2025-07-16,5390.82,Late Delivery
R003162,O0037805,C101784,2026-03-03,588.81,Defective Product
R003163,O0037814,C101784,2026-05-22,5434.64,Better Price Found
R003164,O0037825,C101785,2026-01-10,643.46,Late Delivery
R003165,O0037838,C101786,2026-01-19,1680.73,Late Delivery
R003166,O0037862,C101787,2024-12-24,2317.38,Late Delivery
R003167,O0037875,C101787,2025-07-05,6535.54,Size Issue
R003168,O0037887,C101787,2025-11-13,5643.33,Not as Described
R003169,O0037897,C101787,2026-02-05,1192.94,Better Price Found
R003170,O0037932,C101788,2024-02-03,4570.37,Defective Product
R003171,O0037946,C101788,2024-12-07,2195.23,Size Issue
R003172,O0038010,C101792,2024-12-01,1947.34,Size Issue
R003173,O0038014,C101792,2025-01-02,1268.09,Size Issue
R003174,O0038034,C101792,2025-06-05,5332.88,Late Delivery
R003175,O0038068,C101792,2026-01-02,3381.96,Size Issue
R003176,O0038069,C101792,2026-01-12,17032.46,Not as Described
R003177,O0038070,C101792,2026-01-11,22486.45,Changed Mind
R003178,O0038092,C101793,2024-07-01,9850.59,Not as Described
R003179,O0038117,C101793,2025-03-15,1832.38,Better Price Found
R003180,O0038119,C101793,2025-03-08,457.64,Changed Mind
R003181,O0038134,C101793,2025-08-04,536.83,Defective Product
R003182,O0038142,C101793,2025-11-19,5118.7,Defective Product
R003183,O0038152,C101793,2026-04-11,271.52,Defective Product
R003184,O0038180,C101795,2025-02-02,3935.48,Defective Product
R003185,O0038204,C101798,2023-09-11,556.19,Better Price Found
R003186,O0038205,C101798,2023-09-17,1438.13,Not as Described
R003187,O0038208,C101798,2023-11-02,1166.54,Size Issue
R003188,O0038215,C101798,2024-09-29,20692.01,Late Delivery
R003189,O0038232,C101799,2025-12-07,2659.53,Better Price Found
R003190,O0038241,C101800,2026-06-11,25710.45,Changed Mind
R003191,O0038249,C101801,2026-03-06,1436.71,Late Delivery
R003192,O0038251,C101803,2023-12-10,76914.09,Defective Product
R003193,O0038303,C101807,2026-03-15,1189.93,Changed Mind
R003194,O0038311,C101809,2024-12-02,1067.27,Defective Product
R003195,O0038338,C101814,2026-03-28,954.88,Changed Mind
R003196,O0038345,C101815,2024-06-20,1058.61,Changed Mind
R003197,O0038385,C101818,2025-01-04,15336.92,Late Delivery
R003198,O0038388,C101818,2025-04-15,1272.38,Changed Mind
R003199,O0038402,C101819,2023-10-17,5638.5,Defective Product
R003200,O0038417,C101819,2025-02-22,6092.05,Changed Mind
R003201,O0038419,C101819,2025-05-18,2633.23,Changed Mind
R003202,O0038431,C101819,2026-06-22,6031.81,Better Price Found
R003203,O0038493,C101821,2025-09-27,165905.04,Defective Product
R003204,O0038507,C101821,2026-01-17,1901.34,Changed Mind
R003205,O0038548,C101823,2024-02-03,4035.8,Better Price Found
R003206,O0038549,C101823,2024-05-02,76050.15,Defective Product
R003207,O0038569,C101827,2026-04-01,10095.57,Size Issue
R003208,O0038571,C101827,2026-06-29,4806.98,Size Issue
R003209,O0038575,C101828,2024-02-29,1801.48,Size Issue
R003210,O0038579,C101829,2025-03-05,8882.3,Late Delivery
R003211,O0038602,C101830,2025-05-27,69947.38,Better Price Found
R003212,O0038624,C101830,2026-07-06,4252.14,Size Issue
R003213,O0038663,C101835,2025-10-09,3192.13,Defective Product
R003214,O0038677,C101836,2026-04-07,4118.1,Late Delivery
R003215,O0038682,C101837,2025-04-16,2354.48,Late Delivery
R003216,O0038692,C101837,2025-12-23,628.26,Defective Product
R003217,O0038695,C101837,2026-03-30,26761.78,Not as Described
R003218,O0038707,C101842,2025-10-13,3715.68,Better Price Found
R003219,O0038711,C101842,2026-01-27,15617.99,Size Issue
R003220,O0038732,C101843,2024-11-07,487.24,Defective Product
R003221,O0038742,C101843,2024-12-28,29612.03,Late Delivery
R003222,O0038749,C101843,2025-02-17,36742.6,Size Issue
R003223,O0038750,C101843,2025-02-15,7511.71,Not as Described
R003224,O0038802,C101843,2026-05-09,2371.61,Late Delivery
R003225,O0038830,C101844,2026-07-19,639.36,Size Issue
R003226,O0038834,C101845,2024-03-14,13360.87,Not as Described
R003227,O0038846,C101846,2025-10-12,9071.33,Late Delivery
R003228,O0038862,C101847,2026-05-11,1727.9,Late Delivery
R003229,O0038873,C101848,2026-06-10,11122.27,Defective Product
R003230,O0038913,C101849,2026-08-04,47685.12,Not as Described
R003231,O0038924,C101850,2024-12-13,6123.9,Size Issue
R003232,O0038929,C101850,2025-05-20,32308.07,Size Issue
R003233,O0038933,C101850,2025-11-22,615.3,Size Issue
R003234,O0038934,C101850,2026-01-06,1738.42,Defective Product
R003235,O0038935,C101850,2026-02-09,3235.92,Changed Mind
R003236,O0038937,C101850,2026-02-28,655.52,Better Price Found
R003237,O0038943,C101851,2024-08-24,2437.91,Changed Mind
R003238,O0038949,C101851,2024-10-09,5053.54,Better Price Found
R003239,O0038951,C101851,2024-10-11,4227.68,Changed Mind
R003240,O0038958,C101851,2024-12-07,454.52,Size Issue
R003241,O0038966,C101851,2025-04-27,20729.01,Better Price Found
R003242,O0038977,C101851,2025-07-14,17624.56,Changed Mind
R003243,O0039022,C101851,2026-04-09,83350.9,Better Price Found
R003244,O0039025,C101851,2026-05-12,1447.15,Size Issue
R003245,O0039051,C101853,2025-10-06,41209.98,Changed Mind
R003246,O0039067,C101853,2026-03-02,5047.51,Defective Product
R003247,O0039069,C101853,2026-03-16,2655.29,Defective Product
R003248,O0039085,C101853,2026-06-19,2266.02,Defective Product
R003249,O0039089,C101853,2026-07-12,9066.12,Not as Described
R003250,O0039098,C101854,2024-07-01,44199.58,Late Delivery
R003251,O0039100,C101854,2024-08-06,1918.54,Defective Product
R003252,O0039103,C101854,2024-10-12,1771.03,Better Price Found
R003253,O0039105,C101854,2024-12-16,2955.0,Late Delivery
R003254,O0039121,C101854,2026-03-27,16530.85,Not as Described
R003255,O0039124,C101855,2024-12-18,389.71,Late Delivery
R003256,O0039126,C101855,2025-06-10,40141.72,Late Delivery
R003257,O0039127,C101855,2025-07-01,1541.99,Changed Mind
R003258,O0039129,C101855,2026-04-27,5937.7,Defective Product
R003259,O0039130,C101856,2024-07-14,28323.43,Not as Described
R003260,O0039148,C101857,2025-09-03,2131.68,Not as Described
R003261,O0039157,C101859,2024-10-21,4228.5,Late Delivery
R003262,O0039161,C101859,2025-04-12,2518.93,Defective Product
R003263,O0039196,C101860,2024-11-24,3470.06,Better Price Found
R003264,O0039207,C101860,2025-05-11,61921.39,Size Issue
R003265,O0039211,C101860,2025-07-08,712.57,Changed Mind
R003266,O0039228,C101860,2026-05-03,443.61,Late Delivery
R003267,O0039237,C101860,2026-08-06,7640.61,Not as Described
R003268,O0039244,C101861,2024-07-11,4793.34,Defective Product
R003269,O0039248,C101861,2024-09-14,26437.84,Not as Described
R003270,O0039252,C101861,2024-10-07,13828.7,Size Issue
R003271,O0039254,C101861,2024-12-27,764.21,Late Delivery
R003272,O0039271,C101861,2025-08-01,10384.24,Not as Described
R003273,O0039273,C101861,2025-08-16,16963.15,Changed Mind
R003274,O0039285,C101861,2026-01-27,2932.75,Defective Product
R003275,O0039289,C101861,2026-03-26,681.08,Not as Described
R003276,O0039303,C101861,2026-07-06,2910.05,Size Issue
R003277,O0039322,C101863,2023-08-27,16224.7,Size Issue
R003278,O0039333,C101863,2023-11-29,10109.5,Changed Mind
R003279,O0039337,C101863,2024-01-06,3903.15,Size Issue
R003280,O0039352,C101863,2024-07-09,30466.31,Late Delivery
R003281,O0039354,C101863,2024-08-17,6434.2,Changed Mind
R003282,O0039355,C101863,2024-11-06,3435.47,Late Delivery
R003283,O0039368,C101863,2025-05-09,2624.22,Late Delivery
R003284,O0039386,C101863,2026-06-07,5646.26,Better Price Found
R003285,O0039392,C101864,2024-02-28,18657.27,Better Price Found
R003286,O0039394,C101864,2024-03-27,25812.4,Size Issue
R003287,O0039402,C101865,2023-11-14,1905.43,Defective Product
R003288,O0039422,C101867,2026-02-20,916.87,Defective Product
R003289,O0039489,C101872,2025-11-29,13408.1,Changed Mind
R003290,O0039512,C101873,2026-05-13,1120.05,Better Price Found
R003291,O0039532,C101875,2026-05-09,556.32,Not as Described
R003292,O0039539,C101876,2024-11-26,1593.16,Size Issue
R003293,O0039542,C101876,2024-11-28,16098.17,Late Delivery
R003294,O0039549,C101876,2025-02-28,8159.07,Size Issue
R003295,O0039550,C101876,2025-02-25,1480.64,Changed Mind
R003296,O0039565,C101876,2025-07-19,2264.07,Better Price Found
R003297,O0039568,C101876,2025-09-07,21946.04,Late Delivery
R003298,O0039592,C101876,2026-07-09,22938.26,Not as Described
R003299,O0039612,C101878,2025-01-10,21193.54,Late Delivery
R003300,O0039613,C101878,2025-01-25,14136.29,Changed Mind
R003301,O0039622,C101878,2025-04-26,59459.63,Size Issue
R003302,O0039638,C101878,2026-01-01,3546.53,Changed Mind
R003303,O0039649,C101878,2026-05-30,14202.84,Defective Product
R003304,O0039661,C101881,2026-07-10,3102.76,Better Price Found
R003305,O0039669,C101882,2024-01-15,4497.16,Late Delivery
R003306,O0039676,C101882,2024-09-01,1232.39,Defective Product
R003307,O0039679,C101882,2024-10-14,5213.83,Not as Described
R003308,O0039683,C101882,2024-12-09,13791.18,Size Issue
R003309,O0039684,C101882,2024-12-07,2080.1,Not as Described
R003310,O0039685,C101882,2025-01-12,3111.05,Defective Product
R003311,O0039688,C101882,2025-01-31,598.82,Not as Described
R003312,O0039693,C101882,2025-04-08,5709.27,Changed Mind
R003313,O0039709,C101882,2025-12-10,35873.78,Not as Described
R003314,O0039723,C101882,2026-04-09,7234.49,Better Price Found
R003315,O0039729,C101882,2026-05-25,8773.07,Not as Described
R003316,O0039741,C101883,2025-02-24,181.07,Late Delivery
R003317,O0039744,C101883,2025-09-15,3083.23,Better Price Found
R003318,O0039746,C101883,2026-07-04,11250.65,Defective Product
R003319,O0039751,C101885,2025-07-24,6242.2,Defective Product
R003320,O0039756,C101885,2025-11-10,10298.26,Better Price Found
R003321,O0039760,C101885,2026-02-11,5755.77,Changed Mind
R003322,O0039773,C101885,2026-07-28,10900.17,Better Price Found
R003323,O0039782,C101887,2023-04-28,1434.7,Size Issue
R003324,O0039786,C101887,2023-06-19,45354.29,Size Issue
R003325,O0039800,C101887,2024-11-09,1309.7,Size Issue
R003326,O0039806,C101888,2025-10-19,18492.68,Late Delivery
R003327,O0039827,C101891,2025-02-06,13406.34,Not as Described
R003328,O0039840,C101891,2025-12-16,2721.94,Not as Described
R003329,O0039850,C101892,2024-01-09,3206.2,Late Delivery
R003330,O0039851,C101892,2024-02-03,1032.81,Defective Product
R003331,O0039866,C101892,2025-05-31,919.79,Late Delivery
R003332,O0039868,C101892,2025-08-11,20188.47,Late Delivery
R003333,O0039877,C101892,2026-01-18,13443.32,Size Issue
R003334,O0039889,C101892,2026-06-22,2150.71,Not as Described
R003335,O0039896,C101893,2026-08-09,2010.0,Better Price Found
R003336,O0039900,C101894,2026-06-12,6772.37,Defective Product
R003337,O0039903,C101894,2026-07-21,7268.12,Size Issue
R003338,O0039934,C101895,2026-02-28,72590.78,Defective Product
R003339,O0039942,C101895,2026-05-14,1756.19,Changed Mind
R003340,O0039951,C101895,2026-07-16,20942.91,Better Price Found
R003341,O0039959,C101897,2023-01-20,3585.63,Size Issue
R003342,O0039963,C101897,2023-02-19,8446.95,Changed Mind
R003343,O0040017,C101899,2023-10-28,238.37,Better Price Found
R003344,O0040025,C101899,2024-03-12,1904.61,Changed Mind
R003345,O0040031,C101899,2024-04-11,781.33,Better Price Found
R003346,O0040044,C101899,2024-08-20,1319.67,Defective Product
R003347,O0040075,C101899,2025-05-06,32714.94,Better Price Found
R003348,O0040080,C101899,2025-06-25,11793.66,Better Price Found
R003349,O0040086,C101899,2025-08-15,2203.48,Not as Described
R003350,O0040109,C101899,2025-12-15,1862.21,Better Price Found
R003351,O0040146,C101901,2025-09-21,97954.16,Size Issue
R003352,O0040147,C101901,2025-09-20,910.66,Late Delivery
R003353,O0040148,C101901,2025-11-04,2773.04,Better Price Found
R003354,O0040167,C101901,2026-03-01,4952.09,Changed Mind
R003355,O0040200,C101903,2025-07-08,2522.07,Late Delivery
R003356,O0040204,C101903,2025-09-08,12471.5,Changed Mind
R003357,O0040212,C101903,2026-01-24,4659.78,Defective Product
R003358,O0040231,C101903,2026-08-01,17089.44,Size Issue
R003359,O0040258,C101905,2024-07-22,3182.99,Not as Described
R003360,O0040318,C101913,2025-03-05,37663.99,Not as Described
R003361,O0040355,C101916,2025-06-29,4494.33,Better Price Found
R003362,O0040365,C101917,2025-12-26,3588.21,Not as Described
R003363,O0040367,C101917,2026-05-05,2385.37,Size Issue
R003364,O0040401,C101919,2025-05-29,3033.02,Changed Mind
R003365,O0040403,C101919,2025-06-25,648.02,Defective Product
R003366,O0040418,C101919,2026-01-18,3034.91,Changed Mind
R003367,O0040420,C101919,2026-02-25,11064.85,Defective Product
R003368,O0040422,C101919,2026-03-19,588.57,Late Delivery
R003369,O0040433,C101920,2026-05-11,8765.84,Better Price Found
R003370,O0040434,C101920,2026-05-30,110819.44,Not as Described
R003371,O0040435,C101923,2024-07-06,2470.1,Not as Described
R003372,O0040461,C101923,2026-02-19,7516.82,Size Issue
R003373,O0040464,C101923,2026-03-19,2390.57,Late Delivery
R003374,O0040477,C101925,2025-05-30,7489.9,Size Issue
R003375,O0040484,C101926,2023-05-01,17952.69,Late Delivery
R003376,O0040486,C101926,2023-07-12,576.62,Not as Described
R003377,O0040518,C101926,2024-05-04,2239.89,Size Issue
R003378,O0040529,C101926,2024-08-06,359.34,Defective Product
R003379,O0040543,C101926,2024-11-03,15169.67,Size Issue
R003380,O0040544,C101926,2024-12-18,1500.67,Late Delivery
R003381,O0040560,C101926,2025-05-23,78030.34,Size Issue
R003382,O0040568,C101926,2025-07-12,19460.46,Not as Described
R003383,O0040586,C101926,2025-12-18,19095.57,Changed Mind
R003384,O0040608,C101926,2026-07-17,5491.02,Size Issue
R003385,O0040646,C101927,2025-12-12,3609.32,Size Issue
R003386,O0040651,C101927,2026-03-27,30627.34,Size Issue
R003387,O0040731,C101934,2024-02-20,531.69,Size Issue
R003388,O0040737,C101934,2024-10-17,811.9,Size Issue
R003389,O0040738,C101934,2024-12-08,4455.81,Changed Mind
R003390,O0040757,C101935,2025-03-15,3586.79,Changed Mind
R003391,O0040802,C101936,2026-05-31,4484.35,Late Delivery
R003392,O0040806,C101936,2026-07-17,3603.69,Defective Product
R003393,O0040815,C101938,2023-04-22,24779.09,Size Issue
R003394,O0040843,C101940,2026-05-20,176.85,Changed Mind
R003395,O0040859,C101942,2026-01-16,14384.67,Late Delivery
R003396,O0040860,C101942,2026-01-22,8076.9,Not as Described
R003397,O0040871,C101943,2024-06-26,70701.83,Size Issue
R003398,O0040878,C101943,2025-02-26,67665.93,Better Price Found
R003399,O0040885,C101943,2025-10-24,63051.89,Better Price Found
R003400,O0040893,C101943,2026-04-09,2886.72,Late Delivery
R003401,O0040897,C101943,2026-06-16,4378.11,Size Issue
R003402,O0040902,C101944,2026-04-23,1659.81,Size Issue
R003403,O0040936,C101945,2026-03-26,24239.96,Better Price Found
R003404,O0040983,C101949,2025-06-22,7612.28,Better Price Found
R003405,O0040985,C101949,2025-06-23,6944.99,Changed Mind
R003406,O0040989,C101949,2025-07-31,11765.49,Changed Mind
R003407,O0041021,C101950,2023-09-19,19848.94,Not as Described
R003408,O0041041,C101950,2024-03-17,126.4,Not as Described
R003409,O0041044,C101950,2024-04-13,3468.82,Late Delivery
R003410,O0041050,C101950,2024-06-06,14016.39,Defective Product
R003411,O0041055,C101950,2024-07-23,2936.61,Better Price Found
R003412,O0041056,C101950,2024-08-03,5291.96,Not as Described
R003413,O0041076,C101950,2025-02-18,9127.35,Defective Product
R003414,O0041089,C101950,2025-05-05,23924.82,Changed Mind
R003415,O0041094,C101950,2025-07-28,3283.75,Defective Product
R003416,O0041121,C101950,2026-04-05,729.06,Not as Described
R003417,O0041131,C101950,2026-06-12,21262.75,Not as Described
R003418,O0041150,C101951,2024-11-20,9796.97,Changed Mind
R003419,O0041153,C101951,2025-04-11,7157.75,Late Delivery
R003420,O0041154,C101951,2025-04-29,2861.73,Size Issue
R003421,O0041163,C101951,2026-05-30,468.43,Defective Product
R003422,O0041167,C101953,2025-11-23,379.72,Late Delivery
R003423,O0041172,C101954,2024-12-28,20909.99,Late Delivery
R003424,O0041181,C101954,2025-05-15,2365.56,Better Price Found
R003425,O0041184,C101954,2025-06-07,11682.89,Defective Product
R003426,O0041205,C101954,2026-03-14,8020.29,Late Delivery
R003427,O0041215,C101954,2026-05-26,3163.08,Defective Product
R003428,O0041238,C101955,2025-08-07,4132.32,Size Issue
R003429,O0041245,C101955,2025-10-29,6703.02,Not as Described
R003430,O0041254,C101955,2026-08-03,3912.85,Size Issue
R003431,O0041257,C101956,2024-02-06,294.4,Not as Described
R003432,O0041263,C101956,2024-06-13,5589.51,Defective Product
R003433,O0041274,C101956,2024-12-21,28881.94,Changed Mind
R003434,O0041278,C101956,2025-03-04,8508.05,Late Delivery
R003435,O0041304,C101956,2025-11-28,11048.13,Defective Product
R003436,O0041309,C101956,2025-12-26,996.56,Size Issue
R003437,O0041316,C101956,2026-01-27,2736.86,Changed Mind
R003438,O0041359,C101957,2026-06-23,3182.55,Late Delivery
R003439,O0041371,C101960,2025-09-23,7237.91,Size Issue
R003440,O0041405,C101963,2025-04-10,111697.89,Changed Mind
R003441,O0041451,C101963,2026-05-29,3459.13,Defective Product
R003442,O0041472,C101965,2026-03-12,4082.6,Size Issue
R003443,O0041531,C101969,2025-01-15,36079.56,Not as Described
R003444,O0041532,C101969,2025-01-26,408.89,Not as Described
R003445,O0041538,C101969,2025-09-13,26992.99,Defective Product
R003446,O0041573,C101972,2024-01-17,2815.08,Defective Product
R003447,O0041579,C101972,2024-07-04,11424.15,Not as Described
R003448,O0041580,C101972,2024-08-20,31944.37,Defective Product
R003449,O0041598,C101972,2025-03-15,2221.38,Not as Described
R003450,O0041620,C101972,2025-08-02,10582.84,Size Issue
R003451,O0041656,C101972,2026-04-09,3363.54,Defective Product
R003452,O0041657,C101972,2026-04-06,7065.99,Changed Mind
R003453,O0041661,C101972,2026-05-28,4324.84,Not as Described
R003454,O0041678,C101973,2026-06-26,237.03,Defective Product
R003455,O0041686,C101974,2023-07-13,812.17,Better Price Found
R003456,O0041688,C101974,2023-08-15,1573.62,Changed Mind
R003457,O0041696,C101974,2023-12-28,22673.97,Changed Mind
R003458,O0041697,C101974,2024-01-11,3358.47,Changed Mind
R003459,O0041698,C101974,2024-01-20,3523.03,Not as Described
R003460,O0041718,C101974,2024-08-19,23242.86,Late Delivery
R003461,O0041720,C101974,2024-08-26,2315.54,Late Delivery
R003462,O0041731,C101974,2024-12-06,210.78,Better Price Found
R003463,O0041732,C101974,2024-12-04,11571.0,Changed Mind
R003464,O0041760,C101974,2025-07-17,709.59,Changed Mind
R003465,O0041765,C101974,2025-08-20,5933.17,Better Price Found
R003466,O0041778,C101974,2025-12-04,4440.66,Better Price Found
R003467,O0041792,C101974,2026-03-10,10932.96,Defective Product
R003468,O0041802,C101974,2026-04-23,7103.32,Defective Product
R003469,O0041804,C101974,2026-05-04,10123.1,Not as Described
R003470,O0041805,C101974,2026-05-11,27041.57,Changed Mind
R003471,O0041806,C101974,2026-05-20,1171.61,Size Issue
R003472,O0041811,C101974,2026-07-16,6627.32,Late Delivery
R003473,O0041822,C101975,2024-01-29,839.61,Better Price Found
R003474,O0041872,C101976,2025-10-03,1819.73,Late Delivery
R003475,O0041879,C101976,2026-01-11,1812.43,Changed Mind
R003476,O0041888,C101977,2024-02-07,6414.09,Size Issue
R003477,O0041899,C101977,2025-04-29,68705.16,Changed Mind
R003478,O0041902,C101977,2025-11-21,6935.83,Late Delivery
R003479,O0041956,C101981,2023-06-22,1980.41,Size Issue
R003480,O0041965,C101981,2024-05-17,65000.5,Defective Product
R003481,O0041969,C101981,2024-08-14,7896.32,Size Issue
R003482,O0041972,C101981,2024-08-31,9624.77,Better Price Found
R003483,O0041976,C101981,2024-10-29,5273.83,Not as Described
R003484,O0041997,C101981,2025-08-05,1725.82,Late Delivery
R003485,O0042013,C101981,2026-07-28,396.69,Better Price Found
R003486,O0042027,C101983,2026-04-14,7057.66,Late Delivery
R003487,O0042056,C101984,2025-10-09,37084.57,Defective Product
R003488,O0042062,C101984,2026-03-02,6483.86,Late Delivery
R003489,O0042077,C101985,2024-08-26,659.64,Not as Described
R003490,O0042089,C101985,2025-01-27,4649.43,Defective Product
R003491,O0042174,C101986,2024-12-25,7871.68,Changed Mind
R003492,O0042180,C101986,2025-02-05,1331.49,Changed Mind
R003493,O0042197,C101986,2026-01-07,1453.72,Changed Mind
R003494,O0042201,C101986,2026-04-28,6132.01,Late Delivery
R003495,O0042205,C101986,2026-06-10,10898.24,Better Price Found
R003496,O0042210,C101986,2026-07-28,999.41,Better Price Found
R003497,O0042219,C101987,2025-08-30,2786.08,Not as Described
R003498,O0042220,C101987,2025-09-12,5723.03,Late Delivery
R003499,O0042224,C101987,2025-10-27,25057.01,Defective Product
R003500,O0042243,C101987,2026-05-19,2001.01,Late Delivery
R003501,O0042258,C101988,2025-07-22,1445.43,Changed Mind
R003502,O0042266,C101991,2025-10-21,39700.65,Changed Mind
R003503,O0042274,C101992,2023-09-06,2756.17,Changed Mind
R003504,O0042320,C101994,2026-01-17,864.87,Late Delivery
R003505,O0042370,C101997,2023-03-13,2855.48,Not as Described
R003506,O0042381,C101997,2023-06-18,607.21,Late Delivery
R003507,O0042391,C101997,2023-10-24,14111.28,Defective Product
R003508,O0042398,C101997,2023-12-24,1455.63,Better Price Found
R003509,O0042408,C101997,2024-03-20,1870.65,Better Price Found
R003510,O0042470,C101998,2025-02-09,47547.54,Defective Product
R003511,O0042527,C101999,2024-09-26,17630.56,Late Delivery
R003512,O0042536,C101999,2025-03-11,3724.19,Not as Described
R003513,O0042564,C102001,2024-12-18,7310.37,Size Issue
R003514,O0042565,C102001,2025-01-22,655.52,Late Delivery
R003515,O0042583,C102003,2026-01-25,21524.69,Late Delivery
R003516,O0042591,C102004,2024-10-08,21067.53,Late Delivery
R003517,O0042595,C102004,2025-02-06,2943.68,Defective Product
R003518,O0042602,C102004,2025-08-17,7427.99,Changed Mind
R003519,O0042606,C102005,2023-07-24,4105.55,Defective Product
R003520,O0042621,C102005,2024-09-16,6084.76,Size Issue
R003521,O0042630,C102005,2025-08-05,2346.23,Late Delivery
R003522,O0042638,C102005,2026-01-03,3715.83,Changed Mind
R003523,O0042655,C102007,2024-03-05,14074.4,Changed Mind
R003524,O0042674,C102007,2026-02-19,6159.68,Not as Described
R003525,O0042677,C102007,2026-04-11,4195.67,Better Price Found
R003526,O0042678,C102007,2026-07-02,7288.19,Defective Product
R003527,O0042699,C102010,2024-04-03,600.07,Size Issue
R003528,O0042705,C102010,2024-06-09,9787.37,Not as Described
R003529,O0042706,C102010,2024-06-08,5994.24,Late Delivery
R003530,O0042708,C102010,2024-07-05,22356.82,Changed Mind
R003531,O0042716,C102010,2024-09-16,11702.03,Not as Described
R003532,O0042755,C102010,2025-06-30,6558.42,Not as Described
R003533,O0042769,C102010,2025-11-02,4653.47,Better Price Found
R003534,O0042793,C102010,2026-05-11,18032.29,Size Issue
R003535,O0042803,C102012,2024-10-28,11347.48,Size Issue
R003536,O0042810,C102012,2025-03-19,3184.57,Size Issue
R003537,O0042864,C102015,2024-12-14,1699.77,Not as Described
R003538,O0042870,C102015,2025-02-27,6628.6,Not as Described
R003539,O0042896,C102015,2025-11-26,374.71,Defective Product
R003540,O0042901,C102015,2026-02-01,19627.16,Better Price Found
R003541,O0042916,C102015,2026-05-14,5605.01,Better Price Found
R003542,O0042918,C102015,2026-06-04,6965.37,Defective Product
R003543,O0042921,C102015,2026-07-03,12264.65,Changed Mind
R003544,O0042962,C102016,2025-01-07,34231.23,Size Issue
R003545,O0042967,C102016,2025-02-23,1029.36,Better Price Found
R003546,O0042975,C102016,2025-05-24,4414.87,Late Delivery
R003547,O0042983,C102016,2025-09-10,14301.4,Defective Product
R003548,O0042989,C102016,2025-11-15,16113.83,Late Delivery
R003549,O0043057,C102021,2024-01-12,5070.54,Size Issue
R003550,O0043091,C102021,2025-06-03,2656.54,Size Issue
R003551,O0043093,C102021,2025-06-08,1157.31,Changed Mind
R003552,O0043120,C102021,2026-02-25,758.76,Better Price Found
R003553,O0043139,C102022,2025-04-17,15174.15,Late Delivery
R003554,O0043142,C102022,2025-06-15,36282.61,Changed Mind
R003555,O0043147,C102022,2025-08-18,8499.29,Changed Mind
R003556,O0043152,C102022,2025-11-09,7796.52,Better Price Found
R003557,O0043153,C102022,2025-11-27,6268.49,Not as Described
R003558,O0043160,C102022,2026-02-23,4280.12,Not as Described
R003559,O0043165,C102022,2026-04-23,6054.11,Not as Described
R003560,O0043166,C102022,2026-05-23,8621.34,Not as Described
R003561,O0043169,C102022,2026-08-09,3696.59,Defective Product
R003562,O0043174,C102025,2026-03-11,19647.7,Changed Mind
R003563,O0043188,C102026,2026-04-09,9347.55,Size Issue
R003564,O0043198,C102027,2025-11-20,991.32,Changed Mind
R003565,O0043203,C102027,2026-03-28,7363.57,Better Price Found
R003566,O0043210,C102028,2024-06-18,3220.09,Not as Described
R003567,O0043218,C102029,2024-10-27,3399.88,Late Delivery
R003568,O0043221,C102029,2024-12-15,44341.54,Size Issue
R003569,O0043230,C102029,2026-07-23,6796.32,Better Price Found
R003570,O0043232,C102030,2023-07-16,41751.94,Changed Mind
R003571,O0043237,C102030,2023-10-08,2539.77,Defective Product
R003572,O0043241,C102031,2024-12-25,415.62,Not as Described
R003573,O0043245,C102031,2026-02-05,903.43,Not as Described
R003574,O0043250,C102032,2025-01-06,559.58,Late Delivery
R003575,O0043256,C102033,2023-05-10,885.19,Not as Described
R003576,O0043266,C102033,2024-02-29,5606.28,Late Delivery
R003577,O0043273,C102033,2025-03-06,4515.02,Late Delivery
R003578,O0043277,C102033,2025-05-21,6749.82,Better Price Found
R003579,O0043307,C102037,2026-07-14,54159.32,Size Issue
R003580,O0043323,C102041,2023-03-31,2945.71,Size Issue
R003581,O0043327,C102041,2023-06-01,1836.6,Not as Described
R003582,O0043329,C102041,2023-06-12,6651.66,Defective Product
R003583,O0043367,C102041,2024-08-16,1867.35,Defective Product
R003584,O0043368,C102041,2024-08-28,2869.19,Not as Described
R003585,O0043371,C102041,2024-09-03,10854.47,Late Delivery
R003586,O0043421,C102041,2025-11-22,591.53,Better Price Found
R003587,O0043457,C102042,2024-04-25,36630.24,Size Issue
R003588,O0043464,C102043,2026-02-10,3793.99,Not as Described
R003589,O0043477,C102044,2025-05-13,4881.6,Changed Mind
R003590,O0043480,C102044,2025-06-02,1833.39,Size Issue
R003591,O0043512,C102045,2025-11-03,46068.74,Not as Described
R003592,O0043514,C102045,2026-05-10,282.37,Late Delivery
R003593,O0043519,C102047,2026-04-26,884.16,Size Issue
R003594,O0043522,C102048,2024-05-28,941.52,Defective Product
R003595,O0043527,C102048,2025-03-19,3737.12,Defective Product
R003596,O0043528,C102048,2025-09-04,9450.95,Defective Product
R003597,O0043534,C102048,2026-06-02,16048.25,Not as Described
R003598,O0043542,C102049,2023-06-09,2523.22,Late Delivery
R003599,O0043545,C102049,2023-08-03,1979.25,Not as Described
R003600,O0043571,C102049,2024-08-06,19016.48,Defective Product
R003601,O0043587,C102049,2026-02-24,3845.06,Better Price Found
R003602,O0043594,C102049,2026-07-21,32.33,Better Price Found
R003603,O0043603,C102050,2024-07-02,2925.61,Size Issue
R003604,O0043614,C102050,2024-11-23,26223.57,Better Price Found
R003605,O0043618,C102050,2024-12-27,1264.01,Size Issue
R003606,O0043630,C102050,2025-05-24,5548.1,Size Issue
R003607,O0043638,C102050,2025-07-15,11700.31,Defective Product
R003608,O0043642,C102050,2025-07-28,1915.07,Changed Mind
R003609,O0043647,C102050,2025-09-13,910.79,Changed Mind
R003610,O0043650,C102050,2025-09-22,786.63,Defective Product
R003611,O0043659,C102050,2025-12-01,2142.28,Better Price Found
R003612,O0043674,C102050,2026-04-25,51770.84,Not as Described
R003613,O0043681,C102050,2026-07-21,20581.96,Changed Mind
R003614,O0043711,C102053,2026-05-19,13733.28,Size Issue
R003615,O0043754,C102056,2024-07-17,556.35,Changed Mind
R003616,O0043760,C102057,2023-05-21,28390.81,Changed Mind
R003617,O0043773,C102058,2023-07-12,12088.67,Better Price Found
R003618,O0043777,C102058,2024-05-16,1061.83,Late Delivery
R003619,O0043778,C102058,2025-01-14,4405.23,Size Issue
R003620,O0043815,C102060,2026-05-09,5655.24,Better Price Found
R003621,O0043839,C102063,2024-12-07,2819.13,Size Issue
R003622,O0043851,C102063,2025-03-26,4771.41,Not as Described
R003623,O0043882,C102063,2025-11-28,65914.77,Changed Mind
R003624,O0043907,C102063,2026-04-23,24052.18,Changed Mind
R003625,O0043957,C102069,2024-07-07,2334.32,Defective Product
R003626,O0043960,C102069,2024-07-28,4308.68,Not as Described
R003627,O0043962,C102069,2024-09-14,2154.59,Size Issue
R003628,O0043968,C102069,2024-11-19,13697.3,Defective Product
R003629,O0043970,C102069,2024-12-24,19066.04,Not as Described
R003630,O0043987,C102069,2025-08-30,26422.58,Better Price Found
R003631,O0044005,C102069,2026-02-26,13540.31,Late Delivery
R003632,O0044007,C102069,2026-03-15,7748.52,Changed Mind
R003633,O0044037,C102071,2024-11-15,1967.75,Late Delivery
R003634,O0044084,C102076,2025-09-25,10468.39,Not as Described
R003635,O0044101,C102076,2026-06-16,3653.24,Changed Mind
R003636,O0044115,C102077,2024-07-31,2636.87,Defective Product
R003637,O0044117,C102077,2024-12-02,2028.08,Not as Described
R003638,O0044124,C102077,2025-05-28,1771.1,Size Issue
R003639,O0044133,C102077,2025-11-18,6863.47,Better Price Found
R003640,O0044138,C102077,2026-05-29,1737.01,Size Issue
R003641,O0044143,C102079,2023-10-01,1172.94,Defective Product
R003642,O0044148,C102079,2024-04-17,4831.06,Changed Mind
R003643,O0044152,C102079,2024-07-13,21388.29,Late Delivery
R003644,O0044157,C102079,2024-08-23,16042.93,Late Delivery
R003645,O0044166,C102079,2024-11-10,37738.34,Not as Described
R003646,O0044192,C102079,2025-06-10,2158.43,Changed Mind
R003647,O0044194,C102079,2025-06-21,4542.82,Not as Described
R003648,O0044201,C102079,2025-09-16,5035.05,Size Issue
R003649,O0044211,C102079,2025-11-14,3928.26,Defective Product
R003650,O0044212,C102079,2025-11-16,24536.3,Not as Described
R003651,O0044214,C102079,2025-11-25,11094.19,Defective Product
R003652,O0044220,C102079,2026-01-14,5690.46,Size Issue
R003653,O0044232,C102079,2026-04-24,993.32,Defective Product
R003654,O0044240,C102079,2026-07-03,2732.01,Not as Described
R003655,O0044252,C102080,2025-02-20,7113.8,Not as Described
R003656,O0044284,C102080,2026-05-25,2474.64,Better Price Found
R003657,O0044304,C102081,2025-02-04,1833.83,Size Issue
R003658,O0044311,C102081,2025-03-15,3968.95,Better Price Found
R003659,O0044328,C102081,2025-08-14,6513.06,Not as Described
R003660,O0044331,C102081,2025-08-20,19953.33,Not as Described
R003661,O0044340,C102081,2025-11-23,15645.52,Defective Product
R003662,O0044341,C102081,2025-12-06,9107.29,Defective Product
R003663,O0044362,C102081,2026-05-17,34859.38,Not as Described
R003664,O0044366,C102081,2026-07-05,4025.41,Size Issue
R003665,O0044385,C102082,2025-11-27,17831.3,Better Price Found
R003666,O0044400,C102084,2024-02-19,3009.79,Better Price Found
R003667,O0044413,C102086,2025-08-23,2824.02,Late Delivery
R003668,O0044426,C102086,2025-12-10,896.42,Better Price Found
R003669,O0044449,C102086,2026-07-08,2678.63,Not as Described
R003670,O0044461,C102087,2026-07-16,10160.55,Better Price Found
R003671,O0044470,C102089,2025-09-28,5958.63,Late Delivery
R003672,O0044475,C102089,2025-11-16,2285.12,Not as Described
R003673,O0044491,C102089,2026-03-29,12576.68,Late Delivery
R003674,O0044499,C102089,2026-06-21,2618.98,Better Price Found
R003675,O0044502,C102089,2026-07-02,3227.27,Changed Mind
R003676,O0044522,C102090,2026-01-25,2232.25,Not as Described
R003677,O0044528,C102090,2026-04-15,9009.1,Defective Product
R003678,O0044536,C102090,2026-07-10,26172.9,Late Delivery
R003679,O0044548,C102091,2026-02-23,1496.54,Better Price Found
R003680,O0044559,C102091,2026-06-25,9271.72,Not as Described
R003681,O0044579,C102095,2026-04-05,1271.5,Size Issue
R003682,O0044593,C102095,2026-07-15,1262.97,Changed Mind
R003683,O0044596,C102095,2026-08-08,40056.91,Changed Mind
R003684,O0044608,C102096,2024-11-29,3326.44,Late Delivery
R003685,O0044612,C102096,2025-02-16,930.52,Better Price Found
R003686,O0044617,C102096,2025-06-15,2357.3,Better Price Found
R003687,O0044628,C102097,2026-06-16,7417.49,Size Issue
R003688,O0044663,C102099,2024-07-13,723.17,Defective Product
R003689,O0044670,C102099,2024-08-13,17312.92,Late Delivery
R003690,O0044671,C102099,2024-08-25,21029.46,Changed Mind
R003691,O0044686,C102099,2024-12-21,982.16,Changed Mind
R003692,O0044698,C102099,2025-03-20,713.37,Late Delivery
R003693,O0044700,C102099,2025-03-30,6050.48,Better Price Found
R003694,O0044709,C102099,2025-05-12,1086.13,Size Issue
R003695,O0044743,C102099,2026-03-10,12250.44,Late Delivery
R003696,O0044745,C102099,2026-04-09,3944.15,Size Issue
R003697,O0044757,C102099,2026-07-02,99102.87,Size Issue
R003698,O0044764,C102100,2026-05-02,6415.08,Size Issue
R003699,O0044774,C102101,2026-02-08,54466.64,Not as Described
R003700,O0044793,C102102,2025-10-25,1102.62,Defective Product
R003701,O0044795,C102103,2024-12-16,1098.94,Defective Product
R003702,O0044821,C102103,2025-07-04,11638.98,Changed Mind
R003703,O0044844,C102103,2025-11-05,34074.06,Size Issue
R003704,O0044845,C102103,2025-11-11,53502.15,Better Price Found
R003705,O0044873,C102103,2026-07-27,4288.01,Size Issue
R003706,O0044895,C102105,2025-05-05,9219.53,Changed Mind
R003707,O0044908,C102107,2026-08-09,2136.32,Size Issue
R003708,O0044910,C102108,2023-10-30,5040.78,Not as Described
R003709,O0044918,C102108,2024-01-09,7812.42,Better Price Found
R003710,O0044925,C102108,2024-03-21,1004.16,Not as Described
R003711,O0044934,C102108,2024-09-22,6420.73,Changed Mind
R003712,O0044943,C102108,2025-06-07,2011.8,Better Price Found
R003713,O0044944,C102108,2025-07-15,14170.7,Not as Described
R003714,O0044946,C102108,2025-09-01,849.53,Defective Product
R003715,O0044972,C102110,2025-01-30,8995.84,Defective Product
R003716,O0044975,C102110,2025-05-02,4753.04,Changed Mind
R003717,O0044986,C102110,2025-11-11,45458.0,Changed Mind
R003718,O0044997,C102110,2026-02-18,76048.94,Not as Described
R003719,O0045015,C102112,2025-09-25,4890.91,Size Issue
R003720,O0045023,C102113,2025-01-24,8170.85,Changed Mind
R003721,O0045029,C102113,2025-06-01,11707.48,Late Delivery
R003722,O0045034,C102113,2025-10-31,3720.19,Changed Mind
R003723,O0045102,C102115,2026-01-17,50606.65,Late Delivery
R003724,O0045105,C102115,2026-01-29,1635.75,Size Issue
R003725,O0045119,C102115,2026-05-18,15805.12,Defective Product
R003726,O0045146,C102117,2024-11-19,43058.19,Better Price Found
R003727,O0045153,C102117,2025-02-25,2532.14,Not as Described
R003728,O0045155,C102117,2025-05-17,17725.98,Late Delivery
R003729,O0045180,C102118,2024-03-17,3125.33,Changed Mind
R003730,O0045183,C102118,2024-04-29,3354.82,Better Price Found
R003731,O0045188,C102118,2024-06-10,2214.23,Late Delivery
R003732,O0045189,C102118,2024-06-22,12973.23,Better Price Found
R003733,O0045196,C102118,2024-09-20,11583.69,Size Issue
R003734,O0045199,C102118,2024-11-11,44035.29,Late Delivery
R003735,O0045218,C102118,2025-05-27,99686.74,Changed Mind
R003736,O0045233,C102118,2025-09-21,3459.86,Changed Mind
R003737,O0045243,C102118,2026-01-31,50787.5,Late Delivery
R003738,O0045244,C102118,2026-02-10,21629.28,Better Price Found
R003739,O0045249,C102118,2026-03-29,14279.62,Size Issue
R003740,O0045254,C102118,2026-05-07,4066.79,Better Price Found
R003741,O0045265,C102118,2026-08-05,4210.94,Defective Product
R003742,O0045327,C102120,2024-11-23,4434.99,Defective Product
R003743,O0045340,C102120,2025-03-08,2549.71,Late Delivery
R003744,O0045341,C102120,2025-04-04,18785.3,Better Price Found
R003745,O0045379,C102120,2026-04-30,6608.09,Not as Described
R003746,O0045384,C102120,2026-06-18,3606.81,Better Price Found
R003747,O0045390,C102121,2024-06-04,13669.29,Late Delivery
R003748,O0045404,C102121,2025-07-06,4546.38,Better Price Found
R003749,O0045405,C102121,2025-09-02,2860.61,Better Price Found
R003750,O0045414,C102122,2023-07-27,6261.51,Not as Described
R003751,O0045423,C102123,2023-07-26,1062.71,Size Issue
R003752,O0045438,C102123,2025-04-02,3320.77,Late Delivery
R003753,O0045440,C102123,2025-05-23,1859.16,Defective Product
R003754,O0045444,C102123,2025-07-14,2248.42,Changed Mind
R003755,O0045447,C102123,2026-01-27,1760.22,Late Delivery
R003756,O0045506,C102129,2025-10-15,3558.54,Defective Product
R003757,O0045510,C102129,2026-07-12,5307.93,Late Delivery
R003758,O0045513,C102130,2023-11-07,1853.57,Late Delivery
R003759,O0045521,C102130,2024-05-29,925.92,Late Delivery
R003760,O0045524,C102130,2024-08-25,7028.07,Better Price Found
R003761,O0045525,C102130,2024-10-25,3864.38,Late Delivery
R003762,O0045536,C102131,2026-07-22,346.47,Better Price Found
R003763,O0045557,C102132,2026-06-20,1468.46,Changed Mind
R003764,O0045561,C102133,2025-04-30,13664.4,Defective Product
R003765,O0045563,C102133,2025-06-17,1608.83,Late Delivery
R003766,O0045571,C102135,2023-08-04,59547.41,Defective Product
R003767,O0045574,C102135,2024-07-28,3456.41,Better Price Found
R003768,O0045608,C102140,2025-05-01,166746.85,Changed Mind
R003769,O0045625,C102142,2026-02-27,554.79,Changed Mind
R003770,O0045639,C102142,2026-08-03,588.72,Changed Mind
R003771,O0045658,C102144,2025-01-12,10893.74,Size Issue
R003772,O0045693,C102148,2026-03-11,2638.71,Size Issue
R003773,O0045716,C102152,2025-07-11,15833.36,Changed Mind
R003774,O0045721,C102152,2025-09-26,6146.49,Changed Mind
R003775,O0045734,C102152,2026-04-27,4604.97,Better Price Found
R003776,O0045748,C102153,2023-12-08,1496.19,Not as Described
R003777,O0045766,C102155,2024-03-19,8946.49,Better Price Found
R003778,O0045773,C102155,2024-09-25,5435.33,Defective Product
R003779,O0045791,C102155,2025-04-18,23565.36,Not as Described
R003780,O0045804,C102155,2025-07-29,2558.87,Changed Mind
R003781,O0045808,C102155,2025-08-27,15284.51,Defective Product
R003782,O0045811,C102155,2025-10-10,4733.33,Size Issue
R003783,O0045819,C102155,2025-11-25,38579.33,Late Delivery
R003784,O0045830,C102155,2026-01-17,1651.56,Defective Product
R003785,O0045845,C102155,2026-07-28,6172.77,Late Delivery
R003786,O0045856,C102157,2024-01-18,1233.04,Changed Mind
R003787,O0045881,C102158,2024-03-29,1015.57,Changed Mind
R003788,O0045890,C102158,2024-08-09,2840.47,Not as Described
R003789,O0045894,C102158,2025-01-01,477.12,Defective Product
R003790,O0045896,C102158,2025-01-06,1915.36,Not as Described
R003791,O0045905,C102158,2025-07-19,1353.91,Defective Product
R003792,O0045911,C102160,2023-08-03,232.44,Size Issue
R003793,O0045914,C102160,2024-10-20,16719.41,Changed Mind
R003794,O0045921,C102161,2025-08-23,4397.7,Not as Described
R003795,O0045929,C102161,2025-12-13,17141.53,Not as Described
R003796,O0045943,C102161,2026-07-21,9296.77,Defective Product
R003797,O0045962,C102162,2025-03-21,22204.43,Size Issue
R003798,O0045969,C102162,2025-06-07,6334.2,Better Price Found
R003799,O0045973,C102162,2025-09-09,28190.48,Size Issue
R003800,O0045974,C102162,2025-09-11,1933.91,Late Delivery
R003801,O0045984,C102162,2026-04-19,2530.19,Size Issue
R003802,O0045987,C102162,2026-06-11,12981.42,Size Issue
R003803,O0045995,C102165,2025-04-20,11977.96,Changed Mind
R003804,O0046005,C102166,2026-08-08,62211.0,Better Price Found
R003805,O0046010,C102167,2025-07-27,33465.39,Late Delivery
R003806,O0046012,C102167,2025-09-14,3381.6,Size Issue
R003807,O0046028,C102169,2023-09-26,998.33,Defective Product
R003808,O0046047,C102173,2025-04-01,3468.58,Late Delivery
R003809,O0046051,C102173,2025-06-09,9569.9,Late Delivery
R003810,O0046052,C102173,2025-07-15,387.37,Defective Product
R003811,O0046056,C102173,2025-09-16,15807.03,Defective Product
R003812,O0046058,C102173,2025-10-25,47341.3,Size Issue
R003813,O0046065,C102173,2026-02-24,809.72,Size Issue
R003814,O0046090,C102176,2025-07-21,22492.24,Not as Described
R003815,O0046129,C102183,2024-07-28,4805.98,Size Issue
R003816,O0046175,C102183,2025-10-17,2000.54,Better Price Found
R003817,O0046210,C102184,2024-09-02,14820.45,Not as Described
R003818,O0046212,C102184,2024-09-11,4023.02,Not as Described
R003819,O0046216,C102184,2024-10-21,1693.77,Defective Product
R003820,O0046236,C102184,2025-02-12,766.24,Not as Described
R003821,O0046241,C102184,2025-03-22,2706.73,Size Issue
R003822,O0046244,C102184,2025-03-25,11343.33,Size Issue
R003823,O0046309,C102185,2025-02-23,2077.25,Not as Described
R003824,O0046327,C102186,2026-03-06,902.32,Better Price Found
R003825,O0046367,C102191,2026-04-08,2550.36,Not as Described
R003826,O0046370,C102191,2026-05-24,3525.52,Defective Product
R003827,O0046371,C102191,2026-06-22,744.16,Size Issue
R003828,O0046372,C102191,2026-07-05,1193.44,Size Issue
R003829,O0046378,C102192,2024-01-03,17459.32,Not as Described
R003830,O0046392,C102192,2025-08-10,7882.19,Size Issue
R003831,O0046400,C102192,2026-03-25,60295.48,Not as Described
R003832,O0046412,C102193,2025-03-17,2935.94,Defective Product
R003833,O0046418,C102193,2025-08-17,939.25,Changed Mind
R003834,O0046425,C102193,2025-11-25,24673.68,Changed Mind
R003835,O0046426,C102193,2025-12-01,59582.94,Better Price Found
R003836,O0046443,C102194,2025-07-18,5363.67,Defective Product
R003837,O0046448,C102194,2026-06-13,20257.94,Better Price Found
R003838,O0046453,C102195,2023-09-18,1797.74,Changed Mind
R003839,O0046454,C102195,2023-10-12,1484.08,Late Delivery
R003840,O0046459,C102195,2023-12-30,7342.42,Defective Product
R003841,O0046460,C102195,2024-01-14,2756.96,Better Price Found
R003842,O0046466,C102195,2024-04-12,4988.31,Late Delivery
R003843,O0046478,C102195,2024-10-04,5529.71,Better Price Found
R003844,O0046479,C102195,2024-10-09,4998.96,Size Issue
R003845,O0046484,C102195,2025-01-02,1403.02,Not as Described
R003846,O0046492,C102195,2025-03-30,2916.11,Better Price Found
R003847,O0046500,C102195,2025-11-16,69266.11,Late Delivery
R003848,O0046501,C102195,2026-01-26,6643.96,Better Price Found
R003849,O0046513,C102195,2026-05-30,2223.73,Defective Product
R003850,O0046518,C102195,2026-08-08,8009.43,Better Price Found
R003851,O0046522,C102197,2024-05-23,21558.73,Better Price Found
R003852,O0046537,C102197,2025-05-18,31692.15,Late Delivery
R003853,O0046545,C102197,2026-06-16,28115.12,Late Delivery
R003854,O0046551,C102198,2024-02-10,20241.3,Size Issue
R003855,O0046552,C102198,2024-02-17,1052.25,Changed Mind
R003856,O0046558,C102198,2024-09-08,661.49,Defective Product
R003857,O0046559,C102198,2025-02-03,1644.57,Not as Described
R003858,O0046560,C102198,2025-05-16,3399.24,Defective Product
R003859,O0046561,C102198,2025-06-26,1239.83,Changed Mind
R003860,O0046563,C102198,2026-03-19,922.63,Not as Described
R003861,O0046566,C102199,2025-09-07,2943.66,Not as Described
R003862,O0046570,C102199,2026-01-28,9555.23,Defective Product
R003863,O0046591,C102201,2026-04-24,48219.29,Better Price Found
R003864,O0046594,C102202,2023-12-27,776.09,Late Delivery
R003865,O0046597,C102203,2025-04-30,1634.23,Not as Described
R003866,O0046606,C102203,2026-05-18,2172.33,Size Issue
R003867,O0046610,C102204,2026-01-02,14902.19,Not as Described
R003868,O0046626,C102205,2024-07-24,7985.81,Better Price Found
R003869,O0046645,C102205,2025-08-13,211.31,Defective Product
R003870,O0046646,C102205,2025-08-20,4371.7,Defective Product
R003871,O0046666,C102207,2025-08-08,1042.76,Changed Mind
R003872,O0046674,C102209,2023-09-09,1527.65,Size Issue
R003873,O0046677,C102209,2023-09-27,4239.56,Late Delivery
R003874,O0046682,C102209,2023-11-13,38921.8,Better Price Found
R003875,O0046697,C102209,2024-03-25,14482.61,Late Delivery
R003876,O0046701,C102209,2024-04-22,3273.08,Defective Product
R003877,O0046709,C102209,2024-06-24,12224.63,Changed Mind
R003878,O0046718,C102209,2024-08-18,5336.93,Changed Mind
R003879,O0046725,C102209,2024-09-22,3422.16,Size Issue
R003880,O0046734,C102209,2024-11-14,4334.14,Late Delivery
R003881,O0046749,C102209,2025-03-15,84667.48,Not as Described
R003882,O0046751,C102209,2025-03-27,29652.62,Size Issue
R003883,O0046766,C102209,2025-08-25,2847.87,Late Delivery
R003884,O0046770,C102209,2025-10-04,30527.86,Better Price Found
R003885,O0046811,C102211,2026-06-04,10906.1,Not as Described
R003886,O0046834,C102213,2024-06-04,3846.33,Defective Product
R003887,O0046836,C102213,2024-12-06,27061.11,Defective Product
R003888,O0046842,C102215,2023-07-20,1966.22,Size Issue
R003889,O0046843,C102215,2023-07-20,2809.65,Late Delivery
R003890,O0046862,C102216,2025-05-31,1298.1,Late Delivery
R003891,O0046867,C102216,2025-08-29,3327.02,Changed Mind
R003892,O0046870,C102216,2025-11-23,4320.78,Not as Described
R003893,O0046885,C102218,2024-12-09,1850.44,Better Price Found
R003894,O0046896,C102218,2026-05-04,1054.37,Defective Product
R003895,O0046915,C102220,2023-12-16,1559.68,Size Issue
R003896,O0046922,C102220,2024-05-18,1463.06,Defective Product
R003897,O0046939,C102220,2026-05-11,1769.44,Not as Described
R003898,O0046943,C102221,2025-01-08,10052.46,Defective Product
R003899,O0046947,C102223,2024-09-05,1023.64,Better Price Found
R003900,O0046949,C102223,2024-10-21,4314.81,Late Delivery
R003901,O0046965,C102223,2025-05-26,46717.54,Late Delivery
R003902,O0046972,C102223,2025-12-21,14281.96,Better Price Found
R003903,O0046982,C102224,2024-01-17,2347.62,Late Delivery
R003904,O0046995,C102224,2025-06-20,1517.23,Not as Described
R003905,O0047006,C102224,2025-11-06,12456.59,Late Delivery
R003906,O0047007,C102224,2025-11-05,16188.46,Changed Mind
R003907,O0047012,C102224,2026-02-11,6940.49,Not as Described
R003908,O0047014,C102224,2026-06-17,8543.45,Late Delivery
R003909,O0047018,C102226,2023-07-03,22980.46,Defective Product
R003910,O0047027,C102226,2024-01-14,3584.31,Late Delivery
R003911,O0047042,C102226,2024-06-28,84063.73,Better Price Found
R003912,O0047049,C102226,2024-09-09,32838.53,Changed Mind
R003913,O0047058,C102226,2024-12-22,1589.92,Size Issue
R003914,O0047059,C102226,2025-01-04,5737.39,Late Delivery
R003915,O0047068,C102226,2025-05-29,2200.1,Not as Described
R003916,O0047072,C102226,2025-09-11,1342.02,Changed Mind
R003917,O0047077,C102226,2025-10-31,3917.36,Not as Described
R003918,O0047086,C102226,2026-02-10,47578.19,Changed Mind
R003919,O0047100,C102226,2026-06-21,1420.21,Not as Described
R003920,O0047101,C102226,2026-06-27,104.17,Late Delivery
R003921,O0047105,C102226,2026-07-29,17990.5,Not as Described
R003922,O0047128,C102228,2025-12-01,2305.88,Better Price Found
R003923,O0047158,C102233,2024-10-11,3139.51,Size Issue
R003924,O0047160,C102233,2024-10-30,2085.69,Size Issue
R003925,O0047175,C102233,2025-11-26,658.31,Defective Product
R003926,O0047199,C102234,2025-10-25,7520.14,Better Price Found
R003927,O0047201,C102234,2025-11-17,4622.67,Not as Described
R003928,O0047214,C102234,2026-06-14,3589.22,Better Price Found
R003929,O0047221,C102235,2025-03-26,1566.81,Not as Described
R003930,O0047229,C102235,2025-06-05,17678.87,Changed Mind
R003931,O0047231,C102235,2025-07-06,2304.42,Changed Mind
R003932,O0047242,C102235,2026-03-31,14278.45,Better Price Found
R003933,O0047272,C102239,2025-09-19,3853.97,Defective Product
R003934,O0047291,C102241,2023-06-19,9003.77,Better Price Found
R003935,O0047294,C102241,2023-07-21,1396.55,Better Price Found
R003936,O0047298,C102241,2023-08-14,463.82,Defective Product
R003937,O0047316,C102244,2024-05-19,750.88,Not as Described
R003938,O0047318,C102244,2024-12-31,6219.64,Better Price Found
R003939,O0047324,C102246,2025-04-12,20386.12,Better Price Found
R003940,O0047347,C102248,2025-09-28,23821.72,Late Delivery
R003941,O0047352,C102248,2026-01-04,3100.42,Not as Described
R003942,O0047357,C102248,2026-04-04,24848.77,Size Issue
R003943,O0047376,C102250,2025-09-18,2801.0,Changed Mind
R003944,O0047377,C102250,2025-10-01,16090.76,Defective Product
R003945,O0047396,C102250,2026-06-21,5230.53,Better Price Found
R003946,O0047399,C102251,2023-03-31,49226.31,Not as Described
R003947,O0047403,C102251,2023-04-26,34406.85,Changed Mind
R003948,O0047448,C102254,2025-12-28,2771.27,Changed Mind
R003949,O0047479,C102256,2026-03-01,648.22,Better Price Found
R003950,O0047492,C102258,2026-03-23,327.81,Better Price Found
R003951,O0047493,C102258,2026-06-30,2863.15,Late Delivery
R003952,O0047496,C102259,2024-11-29,1925.52,Better Price Found
R003953,O0047502,C102259,2025-05-22,4353.07,Defective Product
R003954,O0047503,C102259,2025-06-04,2993.24,Defective Product
R003955,O0047517,C102259,2025-12-26,3851.77,Changed Mind
R003956,O0047604,C102262,2023-11-01,4094.19,Defective Product
R003957,O0047606,C102262,2024-01-06,6268.38,Not as Described
R003958,O0047636,C102264,2026-02-18,1611.99,Not as Described
R003959,O0047641,C102264,2026-05-09,1487.84,Changed Mind
R003960,O0047655,C102265,2025-08-24,397.41,Not as Described
R003961,O0047662,C102265,2026-01-27,4991.26,Better Price Found
R003962,O0047664,C102265,2026-02-15,40552.01,Not as Described
R003963,O0047665,C102265,2026-02-18,1654.65,Size Issue
R003964,O0047675,C102266,2024-10-15,1530.25,Size Issue
R003965,O0047712,C102270,2025-12-11,2300.21,Late Delivery
R003966,O0047716,C102270,2026-02-23,2531.8,Changed Mind
R003967,O0047718,C102270,2026-05-02,13502.93,Size Issue
R003968,O0047719,C102270,2026-05-09,85474.02,Better Price Found
R003969,O0047721,C102270,2026-05-23,8291.54,Defective Product
R003970,O0047728,C102271,2025-11-05,30502.92,Defective Product
R003971,O0047745,C102271,2026-06-01,7564.01,Late Delivery
R003972,O0047857,C102279,2026-07-26,2001.37,Defective Product
R003973,O0047861,C102280,2024-09-30,761.91,Not as Described
R003974,O0047906,C102280,2026-05-07,13563.84,Late Delivery
R003975,O0047909,C102280,2026-05-25,78387.12,Defective Product
R003976,O0047910,C102280,2026-06-09,21004.5,Size Issue
R003977,O0047916,C102280,2026-07-25,289.38,Not as Described
R003978,O0047956,C102282,2024-08-21,1861.63,Changed Mind
R003979,O0047963,C102282,2024-11-03,2221.38,Not as Described
R003980,O0047972,C102282,2025-02-11,3863.69,Not as Described
R003981,O0047986,C102282,2025-05-06,57090.45,Size Issue
R003982,O0047988,C102282,2025-05-06,1358.85,Changed Mind
R003983,O0048029,C102282,2026-04-10,10384.17,Better Price Found
R003984,O0048033,C102282,2026-05-12,6556.97,Late Delivery
R003985,O0048034,C102282,2026-05-24,1606.98,Better Price Found
R003986,O0048037,C102282,2026-06-10,6079.58,Changed Mind
R003987,O0048053,C102284,2025-01-13,13385.09,Size Issue
R003988,O0048059,C102284,2025-04-20,78075.09,Not as Described
R003989,O0048063,C102284,2025-06-06,22205.01,Changed Mind
R003990,O0048065,C102284,2025-08-11,403.29,Late Delivery
R003991,O0048068,C102284,2025-09-24,3422.56,Better Price Found
R003992,O0048109,C102286,2025-06-04,5956.52,Not as Described
R003993,O0048125,C102287,2023-12-20,3873.15,Better Price Found
R003994,O0048135,C102287,2024-10-27,3554.04,Late Delivery
R003995,O0048206,C102290,2026-07-26,8828.02,Not as Described
R003996,O0048222,C102292,2024-06-04,8752.36,Size Issue
R003997,O0048227,C102292,2024-07-24,546.98,Defective Product
R003998,O0048237,C102292,2025-05-24,5275.25,Changed Mind
R003999,O0048241,C102292,2026-03-28,382.71,Late Delivery
R004000,O0048257,C102295,2026-06-28,844.72,Late Delivery
R004001,O0048267,C102296,2025-11-19,14316.81,Defective Product
R004002,O0048270,C102297,2026-01-30,1338.17,Size Issue
R004003,O0048291,C102300,2026-04-27,1058.32,Late Delivery
R004004,O0048296,C102300,2026-08-01,16689.55,Size Issue
R004005,O0048315,C102303,2024-05-31,795.98,Changed Mind
R004006,O0048323,C102303,2024-11-25,6268.18,Better Price Found
R004007,O0048328,C102303,2025-04-01,8041.5,Changed Mind
R004008,O0048352,C102304,2023-07-10,10147.88,Late Delivery
R004009,O0048386,C102304,2024-04-29,3415.04,Not as Described
R004010,O0048412,C102304,2024-11-09,2748.27,Size Issue
R004011,O0048414,C102304,2024-11-22,9824.34,Changed Mind
R004012,O0048429,C102304,2025-05-06,11257.52,Size Issue
R004013,O0048433,C102304,2025-05-20,7058.17,Late Delivery
R004014,O0048462,C102304,2026-03-30,31684.04,Better Price Found
R004015,O0048475,C102305,2026-06-13,1846.23,Defective Product
R004016,O0048508,C102308,2024-08-19,51106.37,Defective Product
R004017,O0048521,C102308,2025-05-21,2929.18,Changed Mind
R004018,O0048529,C102308,2025-07-23,1522.64,Changed Mind
R004019,O0048535,C102308,2025-10-30,3786.94,Better Price Found
R004020,O0048539,C102308,2025-12-20,5662.52,Changed Mind
R004021,O0048542,C102308,2026-01-31,586.28,Size Issue
R004022,O0048544,C102308,2026-02-14,2192.97,Defective Product
R004023,O0048545,C102308,2026-03-05,1453.98,Not as Described
R004024,O0048549,C102308,2026-04-27,10249.4,Defective Product
R004025,O0048550,C102308,2026-04-23,5658.22,Better Price Found
R004026,O0048554,C102308,2026-06-05,13934.64,Late Delivery
R004027,O0048562,C102309,2024-03-14,3147.45,Better Price Found
R004028,O0048572,C102310,2024-08-08,25202.82,Defective Product
R004029,O0048579,C102310,2024-12-20,42295.19,Better Price Found
R004030,O0048580,C102310,2025-01-03,7346.53,Better Price Found
R004031,O0048593,C102310,2025-05-24,7769.57,Not as Described
R004032,O0048602,C102310,2025-08-06,4086.36,Changed Mind
R004033,O0048606,C102310,2025-10-01,481.74,Not as Described
R004034,O0048615,C102310,2026-02-07,7736.88,Late Delivery
R004035,O0048617,C102310,2026-04-07,8778.82,Late Delivery
R004036,O0048652,C102313,2025-12-14,2499.49,Late Delivery
R004037,O0048653,C102313,2025-12-09,13905.99,Better Price Found
R004038,O0048656,C102313,2026-04-27,348.16,Not as Described
R004039,O0048657,C102313,2026-08-05,5027.07,Better Price Found
R004040,O0048659,C102314,2023-11-28,7383.61,Changed Mind
R004041,O0048661,C102314,2023-12-16,42187.13,Better Price Found
R004042,O0048669,C102314,2024-04-24,2286.75,Changed Mind
R004043,O0048670,C102314,2024-05-06,7590.05,Not as Described
R004044,O0048680,C102314,2024-11-23,12955.19,Not as Described
R004045,O0048697,C102314,2026-01-15,22392.72,Changed Mind
R004046,O0048705,C102314,2026-05-31,22429.9,Changed Mind
R004047,O0048708,C102314,2026-07-28,747.91,Defective Product
R004048,O0048720,C102316,2025-09-08,1172.74,Changed Mind
R004049,O0048740,C102317,2026-05-20,16779.26,Size Issue
R004050,O0048746,C102318,2024-07-12,1432.17,Defective Product
R004051,O0048754,C102318,2025-04-30,14640.15,Changed Mind
R004052,O0048772,C102320,2026-05-04,27585.91,Better Price Found
R004053,O0048787,C102323,2024-08-02,127124.27,Size Issue
R004054,O0048811,C102324,2026-07-19,33512.25,Changed Mind
R004055,O0048819,C102325,2025-02-18,18396.64,Late Delivery
R004056,O0048827,C102325,2025-06-17,36130.08,Late Delivery
R004057,O0048834,C102325,2025-07-27,118495.5,Size Issue
R004058,O0048856,C102325,2026-07-02,2135.28,Not as Described
R004059,O0048860,C102326,2026-06-11,3774.95,Late Delivery
R004060,O0048872,C102327,2025-04-27,1785.55,Not as Described
R004061,O0048884,C102327,2026-06-30,8007.62,Better Price Found
R004062,O0048887,C102328,2024-10-16,692.59,Size Issue
R004063,O0048915,C102331,2026-01-16,7879.41,Size Issue
R004064,O0048953,C102334,2025-10-26,8180.62,Late Delivery
R004065,O0048958,C102335,2024-12-16,4794.6,Size Issue
R004066,O0048962,C102335,2025-03-04,2859.72,Changed Mind
R004067,O0048980,C102335,2026-07-25,1023.67,Size Issue
R004068,O0048993,C102337,2025-08-11,7785.19,Not as Described
R004069,O0049011,C102337,2026-01-13,15836.11,Not as Described
R004070,O0049012,C102337,2026-01-12,29190.47,Size Issue
R004071,O0049013,C102337,2026-01-11,3415.12,Defective Product
R004072,O0049014,C102337,2026-01-17,450.05,Better Price Found
R004073,O0049016,C102337,2026-02-01,8669.53,Not as Described
R004074,O0049036,C102337,2026-06-22,413.78,Defective Product
R004075,O0049037,C102337,2026-07-10,5280.76,Not as Described
R004076,O0049041,C102338,2023-07-27,2297.29,Late Delivery
R004077,O0049050,C102338,2023-12-15,7783.94,Not as Described
R004078,O0049062,C102338,2024-03-27,5069.34,Defective Product
R004079,O0049069,C102338,2024-05-12,1065.36,Size Issue
R004080,O0049072,C102338,2024-06-15,13614.67,Late Delivery
R004081,O0049084,C102338,2024-09-12,12039.75,Defective Product
R004082,O0049092,C102338,2024-11-08,8270.93,Defective Product
R004083,O0049107,C102338,2025-02-27,594.17,Better Price Found
R004084,O0049117,C102338,2025-07-16,7034.84,Not as Described
R004085,O0049139,C102338,2025-11-21,7418.81,Defective Product
R004086,O0049142,C102338,2025-12-30,5602.04,Defective Product
R004087,O0049149,C102338,2026-02-11,2843.12,Not as Described
R004088,O0049177,C102339,2023-07-29,15152.87,Better Price Found
R004089,O0049182,C102339,2023-12-25,1090.18,Late Delivery
R004090,O0049195,C102339,2025-04-02,1133.64,Not as Described
R004091,O0049204,C102339,2026-04-23,21457.57,Better Price Found
R004092,O0049212,C102341,2024-10-11,1121.06,Changed Mind
R004093,O0049215,C102341,2024-11-23,6834.48,Better Price Found
R004094,O0049224,C102343,2025-12-29,4686.15,Size Issue
R004095,O0049237,C102344,2025-09-07,2081.56,Defective Product
R004096,O0049242,C102344,2025-10-23,19451.45,Size Issue
R004097,O0049253,C102344,2026-03-21,1266.81,Better Price Found
R004098,O0049256,C102344,2026-04-07,15056.79,Changed Mind
R004099,O0049294,C102345,2026-02-16,4085.47,Defective Product
R004100,O0049301,C102345,2026-04-28,10385.72,Changed Mind
R004101,O0049312,C102346,2023-06-15,2682.9,Better Price Found
R004102,O0049340,C102346,2024-06-26,17900.5,Better Price Found
R004103,O0049374,C102346,2025-05-21,36665.68,Better Price Found
R004104,O0049440,C102348,2023-10-31,210.07,Better Price Found
R004105,O0049447,C102348,2024-05-11,21947.51,Better Price Found
R004106,O0049488,C102351,2026-05-22,3074.2,Size Issue
R004107,O0049489,C102351,2026-05-18,93.84,Better Price Found
R004108,O0049499,C102352,2024-01-15,1606.4,Changed Mind
R004109,O0049506,C102352,2024-10-18,3458.79,Late Delivery
R004110,O0049619,C102355,2025-04-10,5846.79,Not as Described
R004111,O0049622,C102355,2025-05-19,5137.67,Defective Product
R004112,O0049641,C102355,2026-01-08,7367.74,Better Price Found
R004113,O0049654,C102355,2026-04-27,33202.2,Not as Described
R004114,O0049665,C102356,2024-01-06,17449.17,Changed Mind
R004115,O0049669,C102356,2024-07-21,11380.46,Late Delivery
R004116,O0049677,C102357,2024-05-04,10908.82,Late Delivery
R004117,O0049700,C102357,2025-06-22,2565.97,Late Delivery
R004118,O0049704,C102357,2026-01-01,8865.87,Size Issue
R004119,O0049709,C102357,2026-02-22,52742.12,Not as Described
R004120,O0049726,C102357,2026-08-06,17103.0,Not as Described
R004121,O0049740,C102358,2025-05-04,5050.82,Not as Described
R004122,O0049743,C102358,2025-09-27,2726.81,Better Price Found
R004123,O0049776,C102359,2025-07-02,2360.85,Defective Product
R004124,O0049786,C102359,2025-10-05,14071.74,Late Delivery
R004125,O0049796,C102359,2025-12-30,517.59,Not as Described
R004126,O0049805,C102359,2026-03-31,11594.3,Size Issue
R004127,O0049823,C102361,2025-02-02,5333.69,Size Issue
R004128,O0049825,C102361,2025-06-26,11358.96,Not as Described
R004129,O0049831,C102362,2025-11-02,2652.23,Defective Product
R004130,O0049844,C102362,2026-07-06,2373.13,Not as Described
R004131,O0049850,C102363,2024-03-29,37457.56,Late Delivery
R004132,O0049856,C102363,2024-11-02,3098.73,Not as Described
R004133,O0049877,C102363,2025-11-22,3366.97,Better Price Found
R004134,O0049880,C102363,2025-11-30,14161.32,Size Issue
R004135,O0049897,C102363,2026-08-08,1712.87,Not as Described
R004136,O0049901,C102364,2026-06-21,518.06,Size Issue
R004137,O0049915,C102366,2024-04-20,3307.32,Defective Product
R004138,O0049925,C102366,2024-09-11,3582.16,Late Delivery
R004139,O0049931,C102366,2025-01-17,4496.91,Changed Mind
R004140,O0049941,C102366,2025-08-11,31273.48,Better Price Found
R004141,O0049958,C102368,2026-05-20,13463.18,Better Price Found
R004142,O0049960,C102369,2024-01-25,4182.7,Changed Mind
R004143,O0049972,C102369,2024-06-01,3858.84,Defective Product
R004144,O0049989,C102369,2025-01-07,9676.4,Defective Product
R004145,O0050010,C102369,2025-06-05,2255.34,Defective Product
R004146,O0050046,C102369,2026-05-08,9396.0,Defective Product
R004147,O0050059,C102369,2026-07-26,3074.66,Changed Mind
R004148,O0050074,C102370,2024-11-18,10830.75,Changed Mind
R004149,O0050078,C102370,2025-03-23,19556.63,Better Price Found
R004150,O0050105,C102373,2024-09-04,6137.97,Changed Mind
R004151,O0050109,C102374,2025-08-12,45186.44,Late Delivery
R004152,O0050117,C102374,2025-10-31,2985.42,Not as Described
R004153,O0050165,C102375,2024-06-16,1417.1,Not as Described
R004154,O0050187,C102375,2024-10-03,69926.29,Size Issue
R004155,O0050190,C102375,2024-10-23,407.94,Defective Product
R004156,O0050203,C102375,2025-02-14,298.16,Late Delivery
R004157,O0050211,C102375,2025-05-22,439.88,Late Delivery
R004158,O0050250,C102377,2024-07-06,618.39,Not as Described
R004159,O0050252,C102377,2024-07-18,541.39,Changed Mind
R004160,O0050267,C102377,2025-10-24,1466.64,Defective Product
R004161,O0050292,C102377,2026-07-18,4052.42,Better Price Found
R004162,O0050300,C102378,2026-03-20,1748.61,Late Delivery
R004163,O0050307,C102378,2026-05-23,791.32,Late Delivery
R004164,O0050320,C102379,2023-12-27,22711.76,Changed Mind
R004165,O0050333,C102380,2024-12-09,725.35,Better Price Found
R004166,O0050358,C102380,2025-08-05,1147.46,Better Price Found
R004167,O0050368,C102380,2025-10-25,18792.82,Size Issue
R004168,O0050371,C102380,2025-12-02,1203.63,Better Price Found
R004169,O0050391,C102380,2026-06-16,5299.75,Defective Product
R004170,O0050413,C102383,2026-06-14,7813.73,Defective Product
R004171,O0050441,C102385,2024-11-18,9680.11,Late Delivery
R004172,O0050443,C102385,2024-12-01,12104.43,Size Issue
R004173,O0050460,C102387,2025-04-25,521.92,Better Price Found
R004174,O0050462,C102387,2025-09-09,7225.19,Late Delivery
R004175,O0050464,C102387,2026-05-06,349.34,Better Price Found
R004176,O0050516,C102392,2026-04-21,6892.33,Size Issue
R004177,O0050532,C102394,2024-09-16,12162.52,Changed Mind
R004178,O0050551,C102394,2025-04-25,723.49,Defective Product
R004179,O0050558,C102394,2025-08-22,13582.68,Late Delivery
R004180,O0050564,C102394,2025-10-08,4418.35,Size Issue
R004181,O0050567,C102394,2025-11-13,3974.45,Better Price Found
R004182,O0050579,C102394,2026-07-09,2616.08,Defective Product
R004183,O0050584,C102395,2026-03-29,4935.11,Changed Mind
R004184,O0050589,C102396,2026-04-28,7971.56,Late Delivery
R004185,O0050597,C102397,2026-07-18,472.65,Changed Mind
R004186,O0050599,C102398,2024-11-23,3965.96,Size Issue
R004187,O0050609,C102398,2025-05-01,21306.71,Not as Described
R004188,O0050620,C102398,2026-02-06,4984.27,Late Delivery
R004189,O0050623,C102398,2026-02-18,1611.94,Better Price Found
R004190,O0050640,C102400,2024-08-17,30528.64,Defective Product
R004191,O0050650,C102400,2025-02-12,866.85,Changed Mind
R004192,O0050654,C102400,2025-04-22,1511.5,Changed Mind
R004193,O0050656,C102400,2025-06-06,11565.96,Not as Described
R004194,O0050701,C102401,2025-04-11,10600.09,Changed Mind
R004195,O0050724,C102401,2025-12-27,24373.61,Late Delivery
R004196,O0050748,C102402,2026-01-12,12373.26,Size Issue
R004197,O0050753,C102402,2026-03-12,5842.45,Late Delivery
R004198,O0050763,C102402,2026-06-05,2749.51,Defective Product
R004199,O0050788,C102403,2023-11-17,4793.67,Size Issue
R004200,O0050790,C102403,2023-12-08,3246.94,Defective Product
R004201,O0050791,C102403,2023-12-27,1566.51,Size Issue
R004202,O0050820,C102403,2024-08-03,4725.35,Changed Mind
R004203,O0050857,C102403,2025-08-30,976.9,Better Price Found
R004204,O0050860,C102403,2025-09-10,8515.95,Better Price Found
R004205,O0050870,C102403,2025-12-02,6765.85,Defective Product
R004206,O0050919,C102405,2023-08-18,4903.26,Not as Described
R004207,O0050921,C102405,2023-09-17,1088.63,Size Issue
R004208,O0050930,C102405,2024-05-02,40751.77,Better Price Found
R004209,O0050933,C102405,2024-06-25,15454.4,Defective Product
R004210,O0050935,C102405,2024-09-24,1021.12,Defective Product
R004211,O0050941,C102405,2025-06-05,1045.6,Better Price Found
R004212,O0050943,C102405,2025-07-03,1196.15,Better Price Found
R004213,O0050946,C102405,2025-11-15,21729.68,Better Price Found
R004214,O0050948,C102406,2025-05-28,2583.84,Defective Product
R004215,O0050976,C102409,2024-11-09,1691.41,Better Price Found
R004216,O0050985,C102409,2025-08-25,4303.82,Size Issue
R004217,O0050991,C102409,2025-11-19,15561.09,Not as Described
R004218,O0050994,C102409,2025-12-11,6263.37,Size Issue
R004219,O0050996,C102409,2026-01-24,4582.53,Defective Product
R004220,O0051007,C102409,2026-04-30,7538.43,Defective Product
R004221,O0051008,C102409,2026-04-29,5158.08,Changed Mind
R004222,O0051010,C102409,2026-05-14,9046.55,Size Issue
R004223,O0051014,C102409,2026-06-26,8174.69,Defective Product
R004224,O0051016,C102409,2026-06-17,22740.18,Late Delivery
R004225,O0051017,C102409,2026-06-29,15404.97,Late Delivery
R004226,O0051037,C102410,2025-11-05,3065.51,Defective Product
R004227,O0051038,C102410,2025-10-28,3190.38,Late Delivery
R004228,O0051040,C102410,2025-11-14,87.25,Size Issue
R004229,O0051079,C102412,2026-07-06,26413.58,Better Price Found
R004230,O0051082,C102413,2025-11-25,1241.53,Size Issue
R004231,O0051092,C102415,2025-06-13,3144.76,Defective Product
R004232,O0051102,C102415,2025-12-10,4732.25,Not as Described
R004233,O0051131,C102419,2023-06-26,5090.54,Better Price Found
R004234,O0051138,C102419,2023-10-20,3568.29,Size Issue
R004235,O0051143,C102419,2023-11-13,18106.7,Better Price Found
R004236,O0051150,C102419,2024-05-22,17314.21,Better Price Found
R004237,O0051193,C102421,2025-08-29,5172.54,Late Delivery
R004238,O0051196,C102421,2026-01-18,3056.62,Changed Mind
R004239,O0051203,C102422,2023-12-12,1870.81,Changed Mind
R004240,O0051206,C102422,2024-03-05,76533.27,Size Issue
R004241,O0051232,C102426,2026-03-08,4324.84,Changed Mind
R004242,O0051254,C102429,2026-05-26,33834.99,Late Delivery
R004243,O0051260,C102429,2026-07-28,9009.96,Changed Mind
R004244,O0051267,C102430,2023-08-09,8874.14,Not as Described
R004245,O0051387,C102430,2026-08-07,335.2,Better Price Found
R004246,O0051391,C102432,2023-11-06,6480.02,Defective Product
R004247,O0051400,C102434,2023-10-29,24558.09,Changed Mind
R004248,O0051412,C102434,2024-06-28,2611.99,Late Delivery
R004249,O0051413,C102434,2024-08-25,1583.1,Defective Product
R004250,O0051427,C102434,2025-05-23,2634.03,Better Price Found
R004251,O0051436,C102434,2026-02-06,1651.34,Size Issue
R004252,O0051453,C102435,2024-10-29,2894.1,Defective Product
R004253,O0051459,C102436,2025-10-14,2507.91,Not as Described
R004254,O0051478,C102436,2026-03-27,6469.98,Size Issue
R004255,O0051507,C102438,2026-05-10,692.97,Size Issue
R004256,O0051519,C102440,2025-04-10,2097.21,Defective Product
R004257,O0051521,C102440,2025-04-24,23021.48,Changed Mind
R004258,O0051524,C102440,2025-06-08,38401.35,Defective Product
R004259,O0051538,C102440,2026-02-14,3026.29,Defective Product
R004260,O0051591,C102443,2026-07-16,3675.67,Size Issue
R004261,O0051594,C102444,2026-07-04,4016.56,Not as Described
R004262,O0051605,C102445,2026-01-30,475.94,Not as Described
R004263,O0051607,C102445,2026-04-20,2068.05,Size Issue
R004264,O0051614,C102447,2024-03-27,3553.07,Defective Product
R004265,O0051629,C102447,2024-11-18,9198.92,Late Delivery
R004266,O0051659,C102447,2025-09-12,11541.87,Not as Described
R004267,O0051664,C102447,2025-10-13,3872.51,Not as Described
R004268,O0051668,C102447,2025-11-20,1455.76,Better Price Found
R004269,O0051671,C102447,2025-12-30,7782.56,Better Price Found
R004270,O0051678,C102447,2026-02-27,22302.77,Defective Product
R004271,O0051697,C102448,2024-01-21,3821.27,Not as Described
R004272,O0051715,C102448,2024-08-27,347.29,Late Delivery
R004273,O0051717,C102448,2024-09-01,1060.43,Better Price Found
R004274,O0051733,C102448,2025-04-04,1789.23,Defective Product
R004275,O0051736,C102448,2025-05-30,25484.15,Late Delivery
R004276,O0051757,C102448,2026-02-10,534.31,Better Price Found
R004277,O0051766,C102448,2026-03-23,5219.15,Changed Mind
R004278,O0051773,C102448,2026-05-14,4468.27,Better Price Found
R004279,O0051777,C102448,2026-05-28,9721.11,Late Delivery
R004280,O0051780,C102448,2026-07-04,1724.4,Defective Product
R004281,O0051781,C102448,2026-07-14,12074.12,Better Price Found
R004282,O0051783,C102448,2026-08-09,31268.78,Changed Mind
R004283,O0051792,C102449,2025-08-12,19512.35,Changed Mind
R004284,O0051799,C102450,2024-11-03,19684.46,Changed Mind
R004285,O0051806,C102450,2025-06-21,3951.74,Better Price Found
R004286,O0051824,C102451,2024-05-03,8287.43,Not as Described
R004287,O0051889,C102454,2026-05-09,3319.18,Better Price Found
R004288,O0051900,C102454,2026-07-08,36696.52,Late Delivery
R004289,O0051902,C102454,2026-07-22,5543.15,Not as Described
R004290,O0051975,C102458,2025-06-15,1068.95,Late Delivery
R004291,O0051990,C102458,2025-10-13,6473.27,Late Delivery
R004292,O0052049,C102459,2026-06-28,27805.54,Late Delivery
R004293,O0052056,C102459,2026-07-25,966.1,Not as Described
R004294,O0052095,C102460,2024-06-28,333.5,Not as Described
R004295,O0052096,C102460,2024-06-30,1115.38,Not as Described
R004296,O0052098,C102460,2024-07-11,84068.94,Size Issue
R004297,O0052099,C102460,2024-07-09,3588.3,Better Price Found
R004298,O0052101,C102460,2024-08-20,43345.17,Size Issue
R004299,O0052111,C102460,2024-10-16,3037.62,Not as Described
R004300,O0052113,C102460,2024-10-24,19188.9,Changed Mind
R004301,O0052144,C102460,2025-07-31,12308.82,Defective Product
R004302,O0052153,C102460,2025-09-03,19455.76,Defective Product
R004303,O0052172,C102460,2026-04-08,106.82,Size Issue
R004304,O0052181,C102460,2026-05-25,377.31,Defective Product
R004305,O0052185,C102460,2026-06-15,504.52,Defective Product
R004306,O0052200,C102461,2025-12-14,5282.54,Size Issue
R004307,O0052209,C102461,2026-05-19,13877.58,Size Issue
R004308,O0052228,C102462,2025-10-13,1584.73,Late Delivery
R004309,O0052257,C102462,2026-07-07,6629.65,Better Price Found
R004310,O0052263,C102463,2023-09-26,6162.45,Better Price Found
R004311,O0052269,C102463,2024-03-18,9500.95,Size Issue
R004312,O0052285,C102465,2024-08-17,2085.88,Not as Described
R004313,O0052301,C102466,2025-04-17,7979.06,Size Issue
R004314,O0052309,C102466,2026-01-08,2608.36,Changed Mind
R004315,O0052323,C102469,2024-08-19,668.46,Late Delivery
R004316,O0052337,C102469,2025-12-18,3247.57,Better Price Found
R004317,O0052355,C102473,2024-06-28,26118.41,Late Delivery
R004318,O0052367,C102474,2024-05-16,7632.25,Size Issue
R004319,O0052373,C102474,2025-09-28,21679.36,Size Issue
R004320,O0052378,C102475,2026-01-04,5402.33,Not as Described
R004321,O0052405,C102478,2024-10-12,22897.88,Changed Mind
R004322,O0052406,C102478,2024-11-14,1104.28,Changed Mind
R004323,O0052419,C102479,2024-02-06,1809.15,Defective Product
R004324,O0052423,C102479,2024-03-17,2617.76,Size Issue
R004325,O0052429,C102479,2024-07-02,10903.15,Changed Mind
R004326,O0052459,C102480,2026-06-04,26710.24,Size Issue
R004327,O0052473,C102482,2024-03-31,23913.96,Size Issue
R004328,O0052489,C102484,2025-05-09,4399.73,Defective Product
R004329,O0052496,C102484,2025-10-15,3118.25,Better Price Found
R004330,O0052500,C102484,2025-11-30,129.88,Not as Described
R004331,O0052503,C102484,2026-03-14,2080.31,Size Issue
R004332,O0052505,C102484,2026-03-12,4166.42,Changed Mind
R004333,O0052506,C102484,2026-03-29,5394.17,Size Issue
R004334,O0052513,C102484,2026-07-07,11272.36,Defective Product
R004335,O0052514,C102484,2026-07-13,1822.94,Better Price Found
R004336,O0052520,C102485,2024-04-23,2426.75,Better Price Found
R004337,O0052523,C102485,2024-07-03,3979.46,Late Delivery
R004338,O0052534,C102485,2025-07-12,30059.04,Changed Mind
R004339,O0052535,C102485,2025-07-27,15363.13,Better Price Found
R004340,O0052539,C102485,2025-11-26,14356.29,Not as Described
R004341,O0052571,C102486,2024-10-29,27173.38,Better Price Found
R004342,O0052572,C102486,2025-02-25,2247.75,Not as Described
R004343,O0052592,C102487,2025-09-03,38989.48,Not as Described
R004344,O0052656,C102492,2026-06-30,4702.44,Late Delivery
R004345,O0052659,C102493,2025-12-02,47537.0,Defective Product
R004346,O0052660,C102493,2026-01-03,993.01,Changed Mind
R004347,O0052661,C102493,2026-02-15,13676.29,Defective Product
R004348,O0052665,C102493,2026-03-10,1750.12,Changed Mind
R004349,O0052678,C102493,2026-06-30,20042.71,Changed Mind
R004350,O0052681,C102493,2026-07-18,11373.38,Better Price Found
R004351,O0052688,C102494,2026-02-16,42138.71,Late Delivery
R004352,O0052691,C102495,2025-11-10,850.96,Better Price Found
R004353,O0052695,C102495,2026-01-10,8280.28,Size Issue
R004354,O0052700,C102495,2026-03-18,3371.41,Defective Product
R004355,O0052759,C102499,2026-03-05,4675.14,Changed Mind
R004356,O0052760,C102499,2026-05-17,2317.76,Defective Product
R004357,O0052771,C102500,2026-07-21,2311.41,Not as Described
R004358,O0052777,C102501,2024-04-27,1441.4,Not as Described
R004359,O0052796,C102501,2025-04-06,93035.7,Size Issue
R004360,O0052798,C102501,2025-04-26,6477.59,Defective Product
R004361,O0052819,C102501,2025-12-06,10178.94,Late Delivery
R004362,O0052848,C102504,2025-02-11,742.02,Changed Mind
R004363,O0052878,C102504,2026-04-06,1267.75,Late Delivery
R004364,O0052886,C102504,2026-07-17,1959.24,Defective Product
R004365,O0052895,C102505,2025-06-02,25682.65,Better Price Found
R004366,O0052903,C102505,2025-12-16,15365.09,Better Price Found
R004367,O0052906,C102505,2026-04-03,1114.86,Changed Mind
R004368,O0052911,C102505,2026-08-04,1094.79,Defective Product
R004369,O0052934,C102509,2023-07-27,20610.61,Changed Mind
R004370,O0052961,C102509,2024-03-16,3129.18,Better Price Found
R004371,O0052981,C102509,2024-07-04,2249.8,Late Delivery
R004372,O0052984,C102509,2024-08-16,5518.55,Late Delivery
R004373,O0053001,C102509,2024-11-29,31088.71,Not as Described
R004374,O0053007,C102509,2025-01-27,5212.76,Size Issue
R004375,O0053016,C102509,2025-03-31,790.22,Defective Product
R004376,O0053062,C102509,2026-04-29,6029.82,Better Price Found
R004377,O0053073,C102510,2024-07-29,7956.29,Changed Mind
R004378,O0053086,C102513,2024-12-19,2706.29,Late Delivery
R004379,O0053092,C102513,2025-07-07,79182.1,Better Price Found
R004380,O0053095,C102513,2025-07-28,725.38,Size Issue
R004381,O0053117,C102514,2026-02-23,9426.29,Size Issue
R004382,O0053122,C102514,2026-07-31,2614.52,Not as Described
R004383,O0053152,C102519,2025-04-28,51833.92,Not as Described
R004384,O0053155,C102519,2025-08-21,11919.17,Late Delivery
R004385,O0053157,C102519,2025-10-18,522.99,Size Issue
R004386,O0053178,C102522,2023-10-30,3952.25,Size Issue
R004387,O0053194,C102523,2025-01-21,831.31,Changed Mind
R004388,O0053226,C102523,2025-10-28,4574.29,Size Issue
R004389,O0053258,C102523,2026-06-05,1635.76,Late Delivery
R004390,O0053260,C102523,2026-07-12,26265.63,Better Price Found
R004391,O0053271,C102524,2024-08-08,49687.28,Defective Product
R004392,O0053282,C102525,2023-11-19,7319.09,Changed Mind
R004393,O0053300,C102526,2024-12-21,11653.57,Changed Mind
R004394,O0053303,C102526,2025-02-13,991.93,Changed Mind
R004395,O0053305,C102526,2025-03-26,17682.74,Changed Mind
R004396,O0053317,C102526,2025-08-01,16230.43,Defective Product
R004397,O0053318,C102526,2025-08-17,4655.04,Not as Described
R004398,O0053326,C102526,2025-10-30,2311.79,Defective Product
R004399,O0053327,C102526,2025-11-18,6869.37,Not as Described
R004400,O0053333,C102526,2025-12-29,8734.04,Size Issue
R004401,O0053343,C102526,2026-03-24,969.96,Not as Described
R004402,O0053357,C102527,2023-10-13,62315.28,Defective Product
R004403,O0053361,C102527,2024-03-17,11436.77,Late Delivery
R004404,O0053365,C102528,2025-01-02,2098.85,Better Price Found
R004405,O0053373,C102528,2026-05-17,10749.69,Defective Product
R004406,O0053381,C102529,2024-09-02,5575.53,Defective Product
R004407,O0053384,C102529,2024-09-05,5714.95,Defective Product
R004408,O0053392,C102529,2024-12-25,46874.51,Late Delivery
R004409,O0053410,C102529,2025-05-27,7021.57,Changed Mind
R004410,O0053416,C102529,2025-08-23,5333.1,Size Issue
R004411,O0053434,C102529,2025-12-29,24023.01,Better Price Found
R004412,O0053438,C102529,2026-01-28,24154.01,Not as Described
R004413,O0053439,C102529,2026-02-05,12936.62,Better Price Found
R004414,O0053460,C102530,2024-09-03,2608.15,Changed Mind
R004415,O0053484,C102530,2025-04-27,22209.25,Changed Mind
R004416,O0053491,C102530,2025-07-17,3772.6,Defective Product
R004417,O0053507,C102530,2025-12-25,7094.43,Changed Mind
R004418,O0053512,C102530,2026-03-03,655.91,Defective Product
R004419,O0053513,C102530,2026-03-03,13596.47,Changed Mind
R004420,O0053514,C102530,2026-04-01,8663.53,Late Delivery
R004421,O0053596,C102535,2026-06-10,24631.2,Not as Described
R004422,O0053617,C102538,2023-07-06,7937.59,Better Price Found
R004423,O0053634,C102538,2024-02-28,2612.2,Not as Described
R004424,O0053637,C102538,2024-05-15,5685.0,Defective Product
R004425,O0053655,C102540,2023-08-11,5130.89,Late Delivery
R004426,O0053659,C102540,2023-09-05,2284.92,Late Delivery
R004427,O0053683,C102540,2024-06-19,89460.61,Not as Described
R004428,O0053686,C102540,2024-07-21,4492.65,Late Delivery
R004429,O0053687,C102540,2024-07-31,8647.45,Better Price Found
R004430,O0053699,C102540,2024-11-23,5626.59,Late Delivery
R004431,O0053703,C102540,2024-12-18,6807.78,Changed Mind
R004432,O0053708,C102540,2025-02-01,808.06,Better Price Found
R004433,O0053716,C102540,2025-03-26,19173.25,Changed Mind
R004434,O0053719,C102540,2025-04-22,8908.4,Changed Mind
R004435,O0053727,C102540,2025-05-13,29145.88,Size Issue
R004436,O0053735,C102540,2025-07-09,2441.9,Better Price Found
R004437,O0053741,C102540,2025-10-06,23934.29,Changed Mind
R004438,O0053746,C102540,2025-10-31,11382.54,Not as Described
R004439,O0053767,C102540,2026-04-14,32731.0,Better Price Found
R004440,O0053768,C102540,2026-04-15,477.5,Defective Product
R004441,O0053795,C102541,2024-11-24,1667.73,Changed Mind
R004442,O0053797,C102541,2025-01-11,9499.62,Defective Product
R004443,O0053800,C102541,2025-02-17,4563.08,Late Delivery
R004444,O0053829,C102543,2024-08-12,914.62,Late Delivery
R004445,O0053834,C102543,2024-09-19,38683.88,Not as Described
R004446,O0053839,C102543,2024-10-14,16779.35,Size Issue
R004447,O0053887,C102544,2024-10-12,9179.1,Size Issue
R004448,O0053892,C102545,2026-06-20,13256.11,Changed Mind
R004449,O0053908,C102546,2025-01-10,10974.51,Defective Product
R004450,O0053913,C102546,2025-05-01,6788.09,Better Price Found
R004451,O0053946,C102547,2023-11-23,3359.96,Better Price Found
R004452,O0053978,C102547,2026-02-16,3659.77,Defective Product
R004453,O0054036,C102555,2025-08-10,14120.47,Late Delivery
R004454,O0054049,C102556,2023-08-13,2035.53,Not as Described
R004455,O0054065,C102556,2023-12-24,1839.76,Size Issue
R004456,O0054074,C102556,2024-05-27,144.14,Better Price Found
R004457,O0054084,C102556,2024-07-11,3148.37,Defective Product
R004458,O0054104,C102556,2025-02-09,482.51,Defective Product
R004459,O0054111,C102556,2025-04-25,17104.79,Better Price Found
R004460,O0054129,C102556,2025-12-25,849.18,Defective Product
R004461,O0054143,C102557,2023-10-19,36587.23,Changed Mind
R004462,O0054149,C102557,2024-05-09,1436.32,Size Issue
R004463,O0054156,C102557,2025-10-19,4328.79,Late Delivery
R004464,O0054162,C102558,2023-11-07,1476.76,Size Issue
R004465,O0054167,C102558,2024-02-25,32052.09,Changed Mind
R004466,O0054189,C102559,2023-12-08,3964.07,Size Issue
R004467,O0054191,C102559,2024-01-29,778.27,Changed Mind
R004468,O0054199,C102560,2024-07-05,3535.25,Defective Product
R004469,O0054214,C102560,2025-03-13,3094.08,Not as Described
R004470,O0054216,C102560,2025-04-07,1843.69,Late Delivery
R004471,O0054255,C102560,2026-02-25,8870.27,Late Delivery
R004472,O0054256,C102560,2026-02-22,19134.06,Late Delivery
R004473,O0054257,C102560,2026-03-07,427.1,Not as Described
R004474,O0054263,C102560,2026-03-19,10824.0,Not as Described
R004475,O0054266,C102560,2026-05-26,19443.02,Not as Described
R004476,O0054270,C102560,2026-06-28,3612.7,Size Issue
R004477,O0054281,C102562,2024-02-10,16846.04,Defective Product
R004478,O0054343,C102567,2026-06-26,3502.12,Better Price Found
R004479,O0054345,C102567,2026-08-09,2831.98,Not as Described
R004480,O0054348,C102568,2024-12-08,39007.86,Late Delivery
R004481,O0054354,C102568,2025-02-13,13587.28,Better Price Found
R004482,O0054355,C102568,2025-03-14,51602.0,Late Delivery
R004483,O0054361,C102568,2025-07-06,248.9,Changed Mind
R004484,O0054365,C102568,2025-09-15,4446.54,Not as Described
R004485,O0054366,C102568,2025-10-04,2955.27,Size Issue
R004486,O0054367,C102568,2025-10-07,10918.54,Better Price Found
R004487,O0054369,C102568,2025-10-20,2933.48,Not as Described
R004488,O0054387,C102568,2026-02-08,3615.63,Late Delivery
R004489,O0054401,C102568,2026-05-13,1402.31,Late Delivery
R004490,O0054429,C102570,2026-02-08,2566.23,Defective Product
R004491,O0054436,C102570,2026-07-19,5825.03,Late Delivery
R004492,O0054442,C102571,2024-01-11,10090.13,Late Delivery
R004493,O0054446,C102571,2024-04-15,44380.98,Defective Product
R004494,O0054449,C102571,2024-05-07,2576.82,Size Issue
R004495,O0054450,C102571,2024-05-22,74935.59,Defective Product
R004496,O0054452,C102571,2024-06-15,4464.69,Changed Mind
R004497,O0054454,C102571,2024-08-19,1928.42,Not as Described
R004498,O0054460,C102571,2025-03-17,1464.14,Size Issue
R004499,O0054466,C102571,2025-10-21,13395.88,Changed Mind
R004500,O0054469,C102572,2026-06-22,4287.54,Late Delivery
R004501,O0054472,C102574,2023-06-18,6056.2,Not as Described
R004502,O0054474,C102574,2023-07-23,7337.48,Changed Mind
R004503,O0054496,C102574,2025-04-29,8699.47,Not as Described
R004504,O0054501,C102574,2025-09-02,25123.63,Defective Product
R004505,O0054503,C102574,2025-11-08,13620.54,Not as Described
R004506,O0054506,C102574,2026-04-04,10413.0,Size Issue
R004507,O0054509,C102575,2024-08-17,1028.99,Defective Product
R004508,O0054510,C102575,2025-02-03,8965.84,Late Delivery
R004509,O0054522,C102576,2024-05-17,4206.29,Defective Product
R004510,O0054525,C102576,2024-06-20,6392.37,Changed Mind
R004511,O0054542,C102576,2024-11-09,14644.38,Defective Product
R004512,O0054557,C102576,2025-05-12,4330.62,Better Price Found
R004513,O0054558,C102576,2025-05-12,1466.14,Changed Mind
R004514,O0054589,C102576,2026-06-22,7778.92,Defective Product
R004515,O0054604,C102577,2024-06-03,556.64,Better Price Found
R004516,O0054611,C102577,2024-12-20,3407.15,Defective Product
R004517,O0054621,C102577,2025-12-04,10110.17,Not as Described
R004518,O0054655,C102578,2025-11-23,6485.57,Size Issue
R004519,O0054661,C102578,2026-03-02,1757.15,Size Issue
R004520,O0054662,C102579,2026-05-09,850.41,Changed Mind
R004521,O0054667,C102579,2026-06-17,5435.88,Late Delivery
R004522,O0054710,C102583,2024-01-16,2457.22,Not as Described
R004523,O0054714,C102583,2024-03-09,14649.23,Late Delivery
R004524,O0054723,C102583,2024-06-23,22034.59,Not as Described
R004525,O0054725,C102583,2024-06-23,12713.18,Changed Mind
R004526,O0054734,C102583,2025-12-25,32799.52,Defective Product
R004527,O0054737,C102584,2024-11-06,657.95,Size Issue
R004528,O0054738,C102584,2024-12-16,4444.7,Size Issue
R004529,O0054740,C102584,2025-05-04,845.64,Changed Mind
R004530,O0054741,C102584,2025-05-05,5181.84,Defective Product
R004531,O0054745,C102584,2026-04-08,2048.45,Size Issue
R004532,O0054763,C102586,2025-10-16,9356.25,Not as Described
R004533,O0054766,C102586,2026-03-30,4366.54,Changed Mind
R004534,O0054770,C102587,2024-09-21,11065.06,Changed Mind
R004535,O0054772,C102587,2025-03-19,948.35,Changed Mind
R004536,O0054775,C102587,2025-05-04,7531.51,Changed Mind
R004537,O0054782,C102588,2024-10-10,33749.63,Changed Mind
R004538,O0054829,C102590,2025-03-09,2109.69,Changed Mind
R004539,O0054853,C102593,2025-05-09,28077.22,Better Price Found
R004540,O0054855,C102593,2025-07-19,44380.25,Defective Product
R004541,O0054870,C102596,2023-09-03,20990.01,Better Price Found
R004542,O0054876,C102596,2024-04-09,412.79,Size Issue
R004543,O0054884,C102597,2023-10-11,3956.66,Defective Product
R004544,O0054885,C102597,2023-12-31,4471.42,Not as Described
R004545,O0054914,C102598,2025-04-24,1840.68,Not as Described
R004546,O0054924,C102600,2025-07-15,845.31,Changed Mind
R004547,O0054928,C102600,2025-10-14,5034.55,Not as Described
R004548,O0054933,C102600,2026-03-03,15596.28,Changed Mind
R004549,O0054951,C102603,2026-01-27,9043.75,Changed Mind
R004550,O0054976,C102604,2024-10-29,94169.99,Late Delivery
R004551,O0054977,C102604,2024-11-16,8090.13,Not as Described
R004552,O0054984,C102605,2024-06-03,20719.37,Late Delivery
R004553,O0054993,C102605,2025-09-21,7050.37,Late Delivery
R004554,O0054999,C102606,2025-06-26,1107.32,Defective Product
R004555,O0055002,C102606,2026-02-20,182.9,Better Price Found
R004556,O0055003,C102607,2023-05-11,18899.53,Late Delivery
R004557,O0055004,C102607,2023-06-04,34486.98,Size Issue
R004558,O0055016,C102607,2024-08-19,487.15,Better Price Found
R004559,O0055018,C102607,2024-11-23,11509.88,Better Price Found
R004560,O0055032,C102607,2026-06-03,23454.64,Defective Product
R004561,O0055041,C102609,2026-03-11,1764.53,Changed Mind
R004562,O0055044,C102609,2026-03-27,7486.29,Size Issue
R004563,O0055052,C102609,2026-05-18,4590.1,Changed Mind
R004564,O0055059,C102609,2026-07-29,258.37,Not as Described
R004565,O0055077,C102610,2025-08-01,39897.08,Late Delivery
R004566,O0055105,C102610,2026-03-06,7219.08,Size Issue
R004567,O0055106,C102610,2026-03-13,2991.53,Size Issue
R004568,O0055113,C102610,2026-04-18,2613.26,Changed Mind
R004569,O0055117,C102610,2026-05-13,9223.91,Changed Mind
R004570,O0055121,C102610,2026-06-12,2077.7,Better Price Found
R004571,O0055127,C102611,2024-04-02,1716.21,Size Issue
R004572,O0055129,C102611,2024-04-17,11064.29,Size Issue
R004573,O0055156,C102611,2025-01-10,927.69,Changed Mind
R004574,O0055162,C102611,2025-02-19,1554.04,Not as Described
R004575,O0055169,C102611,2025-05-24,7292.74,Better Price Found
R004576,O0055208,C102611,2026-07-10,4986.51,Defective Product
R004577,O0055215,C102612,2024-12-14,45886.39,Not as Described
R004578,O0055226,C102613,2025-07-24,8264.92,Not as Described
R004579,O0055263,C102616,2025-04-11,977.81,Size Issue
R004580,O0055278,C102616,2025-10-11,1112.31,Late Delivery
R004581,O0055300,C102616,2026-04-16,13088.84,Changed Mind
R004582,O0055329,C102618,2023-09-18,29863.78,Late Delivery
R004583,O0055331,C102618,2024-06-09,933.8,Better Price Found
R004584,O0055344,C102620,2023-08-21,10594.53,Late Delivery
R004585,O0055357,C102623,2025-09-09,6176.55,Defective Product
R004586,O0055362,C102623,2025-11-12,2978.56,Defective Product
R004587,O0055385,C102626,2023-06-12,44879.71,Size Issue
R004588,O0055394,C102626,2024-09-11,1151.65,Defective Product
R004589,O0055446,C102628,2026-05-23,2198.06,Changed Mind
R004590,O0055454,C102633,2025-12-05,558.92,Better Price Found
R004591,O0055467,C102633,2026-05-29,3901.16,Changed Mind
R004592,O0055469,C102634,2023-11-15,3840.25,Changed Mind
R004593,O0055497,C102637,2024-03-09,1733.29,Defective Product
R004594,O0055509,C102637,2024-05-19,2684.33,Changed Mind
R004595,O0055527,C102637,2025-01-10,1153.14,Better Price Found
R004596,O0055536,C102637,2025-03-16,347.19,Size Issue
R004597,O0055558,C102637,2026-02-07,2706.94,Not as Described
R004598,O0055563,C102637,2026-04-25,8833.34,Better Price Found
R004599,O0055569,C102637,2026-07-15,1085.04,Defective Product
R004600,O0055579,C102639,2023-07-24,2788.03,Not as Described
R004601,O0055589,C102639,2023-10-19,849.66,Not as Described
R004602,O0055595,C102639,2023-11-13,1884.7,Late Delivery
R004603,O0055609,C102639,2024-02-11,7879.38,Late Delivery
R004604,O0055611,C102639,2024-02-26,11172.96,Better Price Found
R004605,O0055622,C102639,2024-05-23,29540.12,Better Price Found
R004606,O0055630,C102639,2024-07-22,524.28,Better Price Found
R004607,O0055646,C102639,2024-10-12,1878.82,Not as Described
R004608,O0055659,C102639,2025-01-24,9195.29,Defective Product
R004609,O0055662,C102639,2025-03-07,89934.46,Better Price Found
R004610,O0055672,C102639,2025-06-07,34565.88,Defective Product
R004611,O0055675,C102639,2025-06-27,6050.04,Defective Product
R004612,O0055676,C102639,2025-07-10,12823.2,Changed Mind
R004613,O0055691,C102639,2025-10-30,3376.03,Changed Mind
R004614,O0055696,C102639,2026-01-03,11560.24,Better Price Found
R004615,O0055700,C102639,2026-02-12,2352.09,Better Price Found
R004616,O0055715,C102639,2026-07-07,18027.38,Changed Mind
R004617,O0055747,C102641,2026-07-25,5435.0,Size Issue
R004618,O0055752,C102642,2024-08-19,3231.2,Defective Product
R004619,O0055782,C102644,2026-03-18,2302.59,Size Issue
R004620,O0055802,C102645,2026-03-09,5625.64,Defective Product
R004621,O0055814,C102646,2025-04-19,4325.51,Size Issue
R004622,O0055822,C102646,2025-07-08,5976.57,Not as Described
R004623,O0055831,C102646,2026-01-02,5436.16,Not as Described
R004624,O0055836,C102646,2026-03-22,1348.66,Defective Product
R004625,O0055838,C102646,2026-03-30,8968.3,Size Issue
R004626,O0055839,C102646,2026-04-12,651.59,Defective Product
R004627,O0055840,C102646,2026-04-21,4359.73,Better Price Found
R004628,O0055841,C102646,2026-04-24,17320.3,Size Issue
R004629,O0055855,C102647,2026-04-18,13458.83,Defective Product
R004630,O0055856,C102649,2024-11-06,16998.52,Better Price Found
R004631,O0055860,C102649,2025-04-17,8001.31,Not as Described
R004632,O0055890,C102654,2026-07-13,3517.36,Better Price Found
R004633,O0055892,C102655,2023-12-17,7056.71,Late Delivery
R004634,O0055898,C102655,2024-03-24,856.69,Size Issue
R004635,O0055920,C102656,2025-11-14,232.25,Better Price Found
R004636,O0055939,C102658,2024-06-02,3037.6,Better Price Found
R004637,O0055950,C102659,2025-10-28,1251.75,Not as Described
R004638,O0055956,C102660,2023-11-27,35155.54,Late Delivery
R004639,O0055976,C102661,2025-03-14,44180.45,Late Delivery
R004640,O0055988,C102661,2025-07-01,2069.68,Size Issue
R004641,O0055993,C102661,2025-08-01,320.0,Better Price Found
R004642,O0056006,C102661,2025-11-24,4548.64,Changed Mind
R004643,O0056046,C102663,2023-12-29,3915.59,Defective Product
R004644,O0056047,C102663,2024-02-02,913.79,Late Delivery
R004645,O0056049,C102663,2024-06-04,51823.49,Better Price Found
R004646,O0056074,C102663,2025-07-08,31843.77,Better Price Found
R004647,O0056079,C102663,2025-09-11,4723.88,Better Price Found
R004648,O0056088,C102663,2025-11-12,5370.87,Size Issue
R004649,O0056101,C102663,2026-05-11,594.61,Defective Product
R004650,O0056117,C102664,2024-03-31,2047.9,Better Price Found
R004651,O0056136,C102665,2025-11-22,3797.61,Size Issue
R004652,O0056138,C102665,2025-11-20,6354.34,Defective Product
R004653,O0056157,C102665,2026-04-30,36943.45,Not as Described
R004654,O0056168,C102666,2025-04-30,1589.8,Not as Described
R004655,O0056182,C102667,2026-07-08,663.29,Defective Product
R004656,O0056195,C102668,2023-09-24,17414.39,Late Delivery
R004657,O0056227,C102668,2024-10-20,6436.6,Better Price Found
R004658,O0056287,C102668,2026-06-21,45598.32,Size Issue
R004659,O0056308,C102670,2026-02-04,4875.46,Better Price Found
R004660,O0056310,C102670,2026-02-08,26005.76,Late Delivery
R004661,O0056380,C102675,2024-09-09,5295.69,Better Price Found
R004662,O0056389,C102675,2025-02-16,7752.61,Defective Product
R004663,O0056391,C102675,2025-03-18,25677.05,Late Delivery
R004664,O0056395,C102675,2025-04-21,3497.21,Better Price Found
R004665,O0056397,C102675,2025-05-15,21375.84,Late Delivery
R004666,O0056422,C102676,2024-10-16,768.79,Not as Described
R004667,O0056434,C102676,2025-05-18,1648.32,Size Issue
R004668,O0056440,C102676,2025-11-09,7270.22,Size Issue
R004669,O0056462,C102678,2025-10-18,27814.65,Late Delivery
R004670,O0056471,C102678,2026-02-22,6836.48,Defective Product
R004671,O0056490,C102680,2023-10-09,4068.04,Changed Mind
R004672,O0056502,C102680,2025-09-10,30081.74,Defective Product
R004673,O0056504,C102682,2023-12-11,3447.0,Not as Described
R004674,O0056514,C102682,2024-08-28,3749.46,Defective Product
R004675,O0056518,C102682,2024-11-08,698.82,Size Issue
R004676,O0056521,C102682,2024-12-03,2400.82,Not as Described
R004677,O0056525,C102682,2024-12-10,3235.75,Late Delivery
R004678,O0056544,C102682,2025-06-08,4607.82,Changed Mind
R004679,O0056548,C102682,2025-07-21,4763.27,Better Price Found
R004680,O0056552,C102682,2025-08-12,2187.01,Better Price Found
R004681,O0056554,C102682,2025-09-07,14429.23,Defective Product
R004682,O0056571,C102682,2025-12-10,13130.67,Late Delivery
R004683,O0056587,C102682,2026-04-03,2948.54,Size Issue
R004684,O0056601,C102682,2026-05-29,1505.54,Better Price Found
R004685,O0056613,C102683,2023-07-27,2055.79,Not as Described
R004686,O0056637,C102685,2024-09-18,1347.69,Better Price Found
R004687,O0056668,C102685,2026-01-05,6752.35,Size Issue
R004688,O0056670,C102685,2026-01-13,26270.92,Size Issue
R004689,O0056671,C102685,2026-02-04,1274.41,Defective Product
R004690,O0056690,C102685,2026-05-27,4469.99,Not as Described
R004691,O0056692,C102685,2026-06-19,338.79,Better Price Found
R004692,O0056704,C102686,2025-06-27,2254.18,Defective Product
R004693,O0056706,C102686,2025-09-26,1388.08,Not as Described
R004694,O0056712,C102687,2026-02-28,1150.99,Not as Described
R004695,O0056738,C102690,2025-07-01,1095.94,Changed Mind
R004696,O0056742,C102690,2025-12-09,21589.24,Changed Mind
R004697,O0056743,C102690,2026-02-15,2006.02,Not as Described
R004698,O0056747,C102691,2025-12-15,1930.63,Not as Described
R004699,O0056761,C102693,2024-09-07,468.81,Better Price Found
R004700,O0056767,C102693,2025-12-15,2154.27,Better Price Found
R004701,O0056804,C102696,2024-12-01,1984.04,Better Price Found
R004702,O0056805,C102696,2024-12-21,2535.35,Late Delivery
R004703,O0056816,C102696,2025-03-02,12198.62,Defective Product
R004704,O0056823,C102696,2025-05-01,14223.9,Not as Described
R004705,O0056827,C102696,2025-06-01,1953.98,Size Issue
R004706,O0056830,C102696,2025-07-01,7079.61,Defective Product
R004707,O0056833,C102696,2025-09-21,6277.17,Size Issue
R004708,O0056852,C102700,2024-01-30,1842.69,Size Issue
R004709,O0056907,C102700,2025-09-28,3711.44,Better Price Found
R004710,O0056916,C102700,2026-01-08,1436.03,Better Price Found
R004711,O0056948,C102701,2025-10-11,5082.57,Not as Described
R004712,O0056956,C102701,2025-12-04,10077.92,Size Issue
R004713,O0056962,C102701,2026-02-20,18059.43,Changed Mind
R004714,O0056973,C102701,2026-04-25,959.17,Not as Described
R004715,O0056976,C102701,2026-05-29,2673.46,Defective Product
R004716,O0056980,C102701,2026-06-17,4199.07,Better Price Found
R004717,O0056984,C102701,2026-07-14,2965.93,Defective Product
R004718,O0057012,C102703,2024-05-25,2976.92,Better Price Found
R004719,O0057014,C102703,2024-06-29,454.71,Not as Described
R004720,O0057018,C102703,2024-11-14,11325.68,Changed Mind
R004721,O0057022,C102703,2025-02-17,5538.42,Size Issue
R004722,O0057024,C102703,2025-03-12,31400.59,Late Delivery
R004723,O0057042,C102704,2024-03-29,22187.56,Changed Mind
R004724,O0057054,C102704,2025-03-21,17974.53,Size Issue
R004725,O0057075,C102706,2025-02-22,1063.24,Changed Mind
R004726,O0057105,C102711,2023-08-31,9184.25,Defective Product
R004727,O0057109,C102711,2023-11-23,2099.98,Defective Product
R004728,O0057113,C102711,2024-03-18,483.71,Defective Product
R004729,O0057146,C102712,2026-01-20,6675.8,Changed Mind
R004730,O0057157,C102713,2024-04-04,6872.49,Changed Mind
R004731,O0057158,C102713,2024-04-20,3045.14,Better Price Found
R004732,O0057161,C102713,2024-08-17,2141.86,Better Price Found
R004733,O0057175,C102713,2025-05-16,6541.52,Changed Mind
R004734,O0057185,C102713,2025-12-16,1262.98,Defective Product
R004735,O0057201,C102715,2025-12-07,23490.62,Size Issue
R004736,O0057219,C102716,2025-08-08,151.91,Better Price Found
R004737,O0057224,C102716,2026-04-21,5436.2,Better Price Found
R004738,O0057225,C102716,2026-05-19,8281.44,Changed Mind
R004739,O0057234,C102718,2025-03-04,14135.03,Late Delivery
R004740,O0057237,C102718,2025-08-20,6634.7,Not as Described
R004741,O0057241,C102718,2026-04-25,2628.73,Defective Product
R004742,O0057278,C102721,2023-11-20,2405.55,Better Price Found
R004743,O0057302,C102721,2024-12-14,24254.75,Better Price Found
R004744,O0057304,C102721,2025-01-16,5686.34,Size Issue
R004745,O0057310,C102721,2025-03-15,2366.61,Defective Product
R004746,O0057324,C102721,2025-08-23,2203.64,Size Issue
R004747,O0057334,C102721,2025-10-21,15334.51,Size Issue
R004748,O0057341,C102721,2025-12-20,6516.57,Not as Described
R004749,O0057346,C102721,2026-01-04,1557.83,Late Delivery
R004750,O0057356,C102721,2026-04-23,2071.82,Defective Product
R004751,O0057409,C102722,2025-12-12,3313.65,Changed Mind
R004752,O0057416,C102722,2026-01-18,17719.01,Better Price Found
R004753,O0057420,C102722,2026-03-04,95497.27,Defective Product
R004754,O0057428,C102722,2026-04-26,5652.09,Defective Product
R004755,O0057453,C102724,2026-02-26,7203.26,Late Delivery
R004756,O0057454,C102724,2026-08-05,20307.49,Not as Described
R004757,O0057457,C102725,2026-05-15,5343.78,Defective Product
R004758,O0057479,C102727,2023-08-09,29455.26,Better Price Found
R004759,O0057489,C102727,2023-10-24,1262.01,Size Issue
R004760,O0057495,C102727,2023-12-01,374.54,Better Price Found
R004761,O0057505,C102727,2024-04-13,2392.81,Defective Product
R004762,O0057506,C102727,2024-04-21,30547.07,Defective Product
R004763,O0057512,C102727,2024-06-13,533.38,Better Price Found
R004764,O0057520,C102727,2024-08-21,185.93,Not as Described
R004765,O0057522,C102727,2024-09-11,1487.37,Not as Described
R004766,O0057536,C102727,2025-01-08,6028.55,Size Issue
R004767,O0057562,C102727,2025-07-29,947.55,Changed Mind
R004768,O0057611,C102728,2026-06-05,1786.21,Not as Described
R004769,O0057618,C102729,2025-04-08,43937.21,Better Price Found
R004770,O0057621,C102729,2025-08-21,1018.17,Not as Described
R004771,O0057641,C102730,2026-02-27,8401.83,Defective Product
R004772,O0057642,C102730,2026-07-03,4261.58,Size Issue
R004773,O0057650,C102732,2026-07-19,10800.73,Defective Product
R004774,O0057653,C102733,2023-10-11,1574.95,Late Delivery
R004775,O0057657,C102733,2025-10-19,2454.53,Changed Mind
R004776,O0057664,C102734,2024-08-22,10250.09,Changed Mind
R004777,O0057665,C102734,2024-10-17,23273.47,Not as Described
R004778,O0057677,C102734,2025-05-27,1702.44,Size Issue
R004779,O0057686,C102734,2026-01-05,11727.86,Defective Product
R004780,O0057712,C102735,2025-11-04,4048.23,Late Delivery
R004781,O0057713,C102735,2025-11-12,5109.99,Better Price Found
R004782,O0057716,C102735,2025-12-16,2616.3,Size Issue
R004783,O0057723,C102735,2026-02-28,15630.06,Not as Described
R004784,O0057751,C102736,2025-10-02,33724.94,Late Delivery
R004785,O0057779,C102737,2024-07-02,4280.65,Size Issue
R004786,O0057799,C102738,2024-11-29,6618.83,Better Price Found
R004787,O0057800,C102738,2024-11-26,24064.71,Changed Mind
R004788,O0057810,C102738,2025-05-28,4330.54,Size Issue
R004789,O0057816,C102738,2025-10-05,5502.18,Better Price Found
R004790,O0057822,C102738,2026-03-15,2499.05,Better Price Found
R004791,O0057824,C102738,2026-05-12,2689.34,Not as Described
R004792,O0057861,C102741,2025-12-02,3861.43,Size Issue
R004793,O0057866,C102741,2026-05-22,51026.02,Changed Mind
R004794,O0057869,C102742,2025-12-27,32633.35,Changed Mind
R004795,O0057874,C102743,2026-04-26,16134.24,Late Delivery
R004796,O0057884,C102744,2024-02-27,1411.42,Not as Described
R004797,O0057907,C102744,2025-06-29,21932.97,Not as Described
R004798,O0057929,C102744,2026-01-06,2551.79,Late Delivery
R004799,O0057974,C102747,2025-04-20,1768.91,Defective Product
R004800,O0058010,C102747,2025-12-20,6270.76,Better Price Found
R004801,O0058015,C102747,2026-01-30,850.28,Better Price Found
R004802,O0058027,C102747,2026-03-30,4918.98,Size Issue
R004803,O0058028,C102747,2026-04-09,815.53,Late Delivery
R004804,O0058033,C102747,2026-05-24,3196.12,Better Price Found
R004805,O0058054,C102748,2024-12-01,3329.61,Size Issue
R004806,O0058062,C102748,2026-07-29,2516.25,Better Price Found
R004807,O0058086,C102751,2024-02-13,2645.0,Defective Product
R004808,O0058088,C102751,2024-02-17,393.9,Changed Mind
R004809,O0058098,C102751,2024-06-03,16711.62,Size Issue
R004810,O0058105,C102751,2024-07-23,998.21,Defective Product
R004811,O0058106,C102751,2024-08-08,948.4,Size Issue
R004812,O0058111,C102751,2024-09-16,1463.3,Size Issue
R004813,O0058132,C102751,2025-03-07,7945.96,Changed Mind
R004814,O0058157,C102751,2025-08-10,29735.9,Defective Product
R004815,O0058158,C102751,2025-08-20,834.16,Not as Described
R004816,O0058174,C102751,2025-11-12,6250.09,Better Price Found
R004817,O0058180,C102751,2025-12-28,5322.25,Late Delivery
R004818,O0058183,C102751,2025-12-24,4819.81,Size Issue
R004819,O0058242,C102753,2025-01-23,2943.38,Defective Product
R004820,O0058254,C102753,2025-04-22,2558.9,Not as Described
R004821,O0058278,C102753,2025-10-26,407.25,Defective Product
R004822,O0058290,C102753,2026-02-03,10568.71,Better Price Found
R004823,O0058314,C102754,2024-06-20,2618.54,Size Issue
R004824,O0058322,C102754,2025-04-18,19105.65,Changed Mind
R004825,O0058328,C102755,2023-05-30,9499.08,Defective Product
R004826,O0058342,C102756,2025-09-19,319.02,Changed Mind
R004827,O0058344,C102756,2025-12-13,21510.4,Better Price Found
R004828,O0058354,C102757,2026-07-24,106980.17,Better Price Found
R004829,O0058359,C102758,2025-08-16,1507.83,Late Delivery
R004830,O0058376,C102760,2023-08-03,443.79,Not as Described
R004831,O0058378,C102760,2024-11-17,5865.85,Changed Mind
R004832,O0058381,C102760,2025-10-02,8924.32,Changed Mind
R004833,O0058384,C102761,2025-08-23,9841.71,Size Issue
R004834,O0058388,C102761,2026-02-11,3534.5,Changed Mind
R004835,O0058391,C102761,2026-04-13,4263.11,Better Price Found
R004836,O0058392,C102761,2026-04-19,6835.06,Size Issue
R004837,O0058394,C102761,2026-06-14,21070.09,Better Price Found
R004838,O0058401,C102762,2024-08-23,28575.11,Defective Product
R004839,O0058410,C102763,2025-09-07,515.53,Size Issue
R004840,O0058420,C102764,2026-05-12,3690.6,Size Issue
R004841,O0058426,C102765,2025-05-13,2812.14,Late Delivery
R004842,O0058429,C102765,2026-02-25,1385.95,Defective Product
R004843,O0058454,C102767,2025-05-10,30107.44,Late Delivery
R004844,O0058475,C102768,2023-10-27,22071.6,Not as Described
R004845,O0058497,C102771,2025-06-03,2129.63,Size Issue
R004846,O0058500,C102771,2025-06-30,14473.77,Size Issue
R004847,O0058535,C102772,2024-03-09,6774.73,Changed Mind
R004848,O0058546,C102773,2025-01-27,7128.77,Late Delivery
R004849,O0058547,C102774,2023-02-06,2338.77,Defective Product
R004850,O0058553,C102774,2024-06-16,2013.21,Late Delivery
R004851,O0058563,C102776,2026-05-19,2513.29,Size Issue
R004852,O0058572,C102778,2023-09-11,7078.2,Changed Mind
R004853,O0058594,C102779,2025-09-03,7704.08,Changed Mind
R004854,O0058603,C102779,2026-04-03,639.52,Late Delivery
R004855,O0058625,C102782,2024-09-27,24691.81,Size Issue
R004856,O0058633,C102782,2025-04-02,4002.58,Better Price Found
R004857,O0058716,C102788,2025-09-23,3892.85,Better Price Found
R004858,O0058717,C102788,2025-10-12,1169.72,Changed Mind
R004859,O0058724,C102788,2026-07-16,11878.73,Late Delivery
R004860,O0058763,C102793,2023-12-06,1654.65,Changed Mind
R004861,O0058777,C102793,2025-06-30,1799.03,Changed Mind
R004862,O0058797,C102794,2025-02-17,1218.09,Not as Described
R004863,O0058803,C102794,2025-05-12,4946.25,Not as Described
R004864,O0058817,C102794,2025-12-15,25642.93,Better Price Found
R004865,O0058839,C102794,2026-08-02,23184.58,Late Delivery
R004866,O0058878,C102797,2024-03-27,3452.53,Not as Described
R004867,O0058879,C102797,2024-04-03,5369.68,Late Delivery
R004868,O0058937,C102797,2025-08-23,2480.55,Size Issue
R004869,O0058949,C102797,2025-11-24,5950.45,Size Issue
R004870,O0058950,C102797,2025-12-04,1268.98,Late Delivery
R004871,O0058955,C102797,2026-01-11,20030.35,Changed Mind
R004872,O0058956,C102797,2026-02-01,11312.87,Changed Mind
R004873,O0058959,C102797,2026-02-28,2007.99,Defective Product
R004874,O0058961,C102797,2026-04-28,2023.03,Defective Product
R004875,O0058966,C102797,2026-06-28,17435.86,Late Delivery
R004876,O0059001,C102798,2025-04-07,677.98,Size Issue
R004877,O0059015,C102798,2025-08-24,676.69,Size Issue
R004878,O0059036,C102798,2026-05-23,15116.88,Defective Product
R004879,O0059045,C102799,2026-01-22,26962.11,Defective Product
R004880,O0059054,C102800,2025-06-22,6229.81,Defective Product
R004881,O0059070,C102801,2025-08-22,9131.59,Better Price Found
R004882,O0059081,C102804,2024-01-03,25766.41,Changed Mind
R004883,O0059099,C102804,2025-08-18,7540.44,Late Delivery
R004884,O0059111,C102805,2024-02-07,11316.84,Late Delivery
R004885,O0059145,C102806,2025-03-29,10422.95,Not as Described
R004886,O0059151,C102806,2025-08-16,7372.9,Better Price Found
R004887,O0059152,C102806,2025-09-19,13494.84,Better Price Found
R004888,O0059154,C102806,2025-09-30,10573.85,Not as Described
R004889,O0059174,C102807,2023-11-19,2378.78,Better Price Found
R004890,O0059180,C102807,2024-08-07,2871.93,Changed Mind
R004891,O0059260,C102808,2024-11-30,31998.78,Defective Product
R004892,O0059289,C102808,2026-02-12,3026.13,Size Issue
R004893,O0059295,C102808,2026-06-18,7415.64,Changed Mind
R004894,O0059296,C102808,2026-06-22,3458.42,Not as Described
R004895,O0059335,C102811,2025-12-29,20451.32,Changed Mind
R004896,O0059362,C102812,2023-10-24,10014.2,Size Issue
R004897,O0059368,C102812,2024-12-06,829.22,Defective Product
R004898,O0059371,C102812,2025-12-15,30631.04,Size Issue
R004899,O0059416,C102816,2024-10-19,2055.28,Changed Mind
R004900,O0059419,C102816,2024-11-27,1513.5,Size Issue
R004901,O0059424,C102816,2025-02-22,26916.62,Late Delivery
R004902,O0059437,C102816,2025-10-19,1821.03,Changed Mind
R004903,O0059441,C102816,2026-01-03,2005.92,Not as Described
R004904,O0059442,C102816,2026-01-18,1432.13,Defective Product
R004905,O0059458,C102817,2026-03-25,8016.77,Better Price Found
R004906,O0059459,C102817,2026-04-23,9329.08,Late Delivery
R004907,O0059462,C102817,2026-07-03,10791.87,Not as Described
R004908,O0059468,C102819,2025-05-19,5017.33,Not as Described
R004909,O0059487,C102819,2026-04-27,433.07,Better Price Found
R004910,O0059495,C102821,2024-12-08,4058.53,Defective Product
R004911,O0059496,C102821,2024-12-24,9097.61,Late Delivery
R004912,O0059500,C102821,2025-09-24,1123.57,Not as Described
R004913,O0059510,C102824,2024-08-17,2844.62,Changed Mind
R004914,O0059530,C102824,2025-09-06,17655.96,Late Delivery
R004915,O0059534,C102824,2025-10-23,18643.92,Better Price Found
R004916,O0059536,C102824,2025-10-25,1911.14,Not as Described
R004917,O0059547,C102824,2026-01-23,15395.75,Not as Described
R004918,O0059550,C102824,2026-02-15,111562.05,Better Price Found
R004919,O0059593,C102826,2026-02-18,4308.14,Changed Mind
R004920,O0059594,C102826,2026-03-05,4368.47,Late Delivery
R004921,O0059601,C102826,2026-05-02,46271.37,Defective Product
R004922,O0059614,C102827,2024-09-03,68915.99,Better Price Found
R004923,O0059641,C102828,2023-12-05,13456.18,Defective Product
R004924,O0059667,C102828,2024-11-03,323.36,Not as Described
R004925,O0059753,C102831,2025-08-20,874.99,Late Delivery
R004926,O0059758,C102832,2024-09-04,2326.75,Better Price Found
R004927,O0059772,C102833,2025-12-09,9587.73,Better Price Found
R004928,O0059787,C102833,2026-03-20,1060.73,Changed Mind
R004929,O0059795,C102833,2026-05-26,2206.39,Changed Mind
R004930,O0059799,C102833,2026-06-24,12430.43,Late Delivery
R004931,O0059800,C102833,2026-06-22,3329.31,Late Delivery
R004932,O0059803,C102833,2026-07-10,33596.35,Changed Mind
R004933,O0059806,C102833,2026-07-30,37456.52,Defective Product
R004934,O0059870,C102837,2025-08-26,7635.18,Not as Described
R004935,O0059883,C102839,2024-10-19,3430.11,Late Delivery
R004936,O0059885,C102839,2024-11-27,17223.52,Changed Mind
R004937,O0059904,C102839,2026-02-24,4307.07,Late Delivery
R004938,O0059927,C102840,2026-06-14,1902.97,Defective Product
R004939,O0059928,C102840,2026-07-03,1160.26,Not as Described
R004940,O0059929,C102841,2026-03-06,3156.3,Not as Described
R004941,O0059930,C102841,2026-03-26,4351.85,Late Delivery
R004942,O0059945,C102843,2024-08-20,16289.35,Not as Described
R004943,O0059973,C102846,2026-01-14,1218.11,Changed Mind
R004944,O0059989,C102847,2026-06-14,35476.6,Size Issue
R004945,O0059998,C102849,2023-04-18,1021.75,Size Issue
R004946,O0060010,C102849,2024-06-29,22921.48,Late Delivery
R004947,O0060034,C102851,2025-10-20,46586.08,Changed Mind
R004948,O0060040,C102852,2023-09-27,31220.69,Size Issue
R004949,O0060043,C102852,2024-01-02,14995.39,Late Delivery
R004950,O0060102,C102858,2025-08-26,318.25,Not as Described
R004951,O0060169,C102861,2024-11-21,388.25,Better Price Found
R004952,O0060172,C102861,2024-12-25,14376.63,Size Issue
R004953,O0060174,C102861,2025-02-05,4773.04,Defective Product
R004954,O0060177,C102861,2025-03-18,8957.34,Better Price Found
R004955,O0060178,C102861,2025-04-21,2230.28,Defective Product
R004956,O0060180,C102861,2025-05-07,4917.01,Changed Mind
R004957,O0060209,C102863,2026-08-05,238.58,Size Issue
R004958,O0060240,C102867,2026-02-10,8224.91,Defective Product
R004959,O0060326,C102870,2025-03-16,4041.09,Better Price Found
R004960,O0060361,C102871,2025-06-29,5116.02,Defective Product
R004961,O0060366,C102871,2026-05-28,79956.02,Better Price Found
R004962,O0060371,C102875,2023-11-05,449.11,Late Delivery
R004963,O0060385,C102877,2025-10-03,6618.28,Changed Mind
R004964,O0060392,C102878,2025-06-07,1446.56,Defective Product
R004965,O0060395,C102878,2026-06-11,36554.52,Defective Product
R004966,O0060400,C102880,2024-12-24,48621.51,Not as Described
R004967,O0060405,C102880,2025-04-26,902.38,Not as Described
R004968,O0060407,C102880,2025-05-28,7265.14,Better Price Found
R004969,O0060412,C102880,2025-07-04,7621.07,Better Price Found
R004970,O0060417,C102880,2025-08-29,23519.86,Defective Product
R004971,O0060429,C102880,2025-12-06,10091.83,Not as Described
R004972,O0060464,C102882,2026-04-11,1930.88,Better Price Found
R004973,O0060466,C102882,2026-07-08,996.88,Changed Mind
R004974,O0060478,C102883,2023-10-27,21877.09,Not as Described
R004975,O0060485,C102883,2024-02-05,13955.88,Better Price Found
R004976,O0060493,C102883,2024-04-13,1859.48,Size Issue
R004977,O0060519,C102883,2024-11-01,2851.28,Late Delivery
R004978,O0060540,C102883,2025-04-14,475.9,Defective Product
R004979,O0060553,C102883,2025-08-24,13430.95,Defective Product
R004980,O0060556,C102883,2025-09-09,1968.93,Size Issue
R004981,O0060558,C102883,2025-09-15,1887.91,Better Price Found
R004982,O0060562,C102883,2025-10-20,7432.11,Defective Product
R004983,O0060563,C102883,2025-10-17,1866.93,Defective Product
R004984,O0060571,C102883,2026-02-22,40054.06,Defective Product
R004985,O0060574,C102883,2026-02-26,14050.25,Better Price Found
R004986,O0060575,C102883,2026-03-02,296.56,Better Price Found
R004987,O0060578,C102883,2026-03-31,6454.97,Changed Mind
R004988,O0060579,C102883,2026-04-30,56398.62,Size Issue
R004989,O0060582,C102883,2026-05-22,2970.33,Late Delivery
R004990,O0060591,C102883,2026-07-19,838.97,Changed Mind
R004991,O0060593,C102883,2026-08-02,16440.79,Size Issue
R004992,O0060594,C102883,2026-08-07,101524.79,Changed Mind
R004993,O0060620,C102885,2025-03-19,4458.68,Size Issue
R004994,O0060631,C102885,2025-05-27,6012.39,Changed Mind
R004995,O0060635,C102885,2025-06-22,5864.74,Defective Product
R004996,O0060648,C102885,2025-09-20,3511.51,Size Issue
R004997,O0060651,C102885,2025-10-26,1188.1,Late Delivery
R004998,O0060662,C102885,2025-12-13,3572.34,Changed Mind
R004999,O0060668,C102885,2026-01-13,4675.57,Late Delivery
R005000,O0060673,C102885,2026-03-12,1840.53,Better Price Found
R005001,O0060679,C102885,2026-04-11,29337.82,Defective Product
R005002,O0060692,C102886,2023-10-09,25392.87,Not as Described
R005003,O0060700,C102886,2024-03-05,11857.79,Changed Mind
R005004,O0060712,C102886,2024-08-03,34228.67,Better Price Found
R005005,O0060714,C102886,2024-08-21,663.83,Size Issue
R005006,O0060742,C102886,2025-07-18,14688.29,Changed Mind
R005007,O0060757,C102886,2026-01-08,6144.8,Size Issue
R005008,O0060767,C102886,2026-07-12,2696.24,Better Price Found
R005009,O0060771,C102889,2023-05-07,33449.98,Better Price Found
R005010,O0060781,C102891,2023-11-25,10671.18,Not as Described
R005011,O0060782,C102891,2023-11-26,3610.67,Size Issue
R005012,O0060793,C102891,2024-03-03,1274.75,Better Price Found
R005013,O0060799,C102891,2024-04-11,1938.13,Changed Mind
R005014,O0060804,C102891,2024-05-19,38257.91,Defective Product
R005015,O0060838,C102891,2025-02-05,17723.2,Late Delivery
R005016,O0060852,C102891,2025-04-22,48759.86,Defective Product
R005017,O0060878,C102891,2026-01-09,19746.94,Size Issue
R005018,O0060879,C102891,2026-01-09,923.38,Better Price Found
R005019,O0060894,C102891,2026-04-11,2249.05,Changed Mind
R005020,O0060904,C102891,2026-06-20,3281.01,Defective Product
R005021,O0060909,C102892,2024-06-04,7782.71,Changed Mind
R005022,O0060917,C102893,2024-12-13,4844.32,Changed Mind
R005023,O0060920,C102893,2026-07-30,7104.45,Not as Described
R005024,O0060940,C102896,2025-10-07,5307.87,Late Delivery
R005025,O0060947,C102896,2026-01-07,13378.32,Changed Mind
R005026,O0060952,C102896,2026-01-30,765.74,Size Issue
R005027,O0060963,C102896,2026-06-24,4895.78,Size Issue
R005028,O0060970,C102897,2024-05-03,6872.96,Better Price Found
R005029,O0060997,C102897,2025-04-19,6414.87,Better Price Found
R005030,O0061000,C102897,2025-06-17,1134.99,Not as Described
R005031,O0061023,C102897,2026-03-11,2683.19,Defective Product
R005032,O0061026,C102897,2026-04-11,2612.25,Size Issue
R005033,O0061034,C102898,2026-03-04,2251.62,Not as Described
R005034,O0061037,C102898,2026-07-21,11426.65,Changed Mind
R005035,O0061054,C102900,2024-09-22,11030.21,Better Price Found
R005036,O0061061,C102901,2025-06-22,5588.69,Better Price Found
R005037,O0061065,C102902,2023-03-26,5531.12,Changed Mind
R005038,O0061073,C102902,2023-07-21,794.9,Defective Product
R005039,O0061083,C102902,2024-03-22,4618.29,Size Issue
R005040,O0061116,C102908,2023-05-12,52561.4,Changed Mind
R005041,O0061127,C102908,2023-08-03,1361.78,Better Price Found
R005042,O0061132,C102908,2023-10-01,13002.07,Late Delivery
R005043,O0061136,C102908,2023-10-31,3492.13,Size Issue
R005044,O0061137,C102908,2023-11-06,2296.85,Not as Described
R005045,O0061146,C102908,2024-03-12,12158.15,Not as Described
R005046,O0061157,C102908,2024-09-02,7203.18,Changed Mind
R005047,O0061158,C102908,2024-08-27,3401.24,Not as Described
R005048,O0061161,C102908,2024-11-13,3088.36,Better Price Found
R005049,O0061169,C102908,2025-02-06,773.92,Better Price Found
R005050,O0061172,C102908,2025-04-03,6719.28,Defective Product
R005051,O0061182,C102908,2025-09-08,13393.57,Changed Mind
R005052,O0061201,C102909,2025-06-08,8061.87,Size Issue
R005053,O0061206,C102909,2025-11-23,2855.6,Late Delivery
R005054,O0061211,C102910,2026-02-11,4396.7,Changed Mind
R005055,O0061254,C102915,2026-04-18,2082.61,Size Issue
R005056,O0061271,C102916,2026-03-16,9484.35,Defective Product
R005057,O0061287,C102917,2026-03-28,1791.74,Defective Product
R005058,O0061297,C102920,2023-12-01,7342.28,Better Price Found
R005059,O0061299,C102920,2024-05-24,7666.97,Changed Mind
R005060,O0061301,C102920,2024-09-22,1171.06,Late Delivery
R005061,O0061307,C102920,2025-12-30,56683.1,Better Price Found
R005062,O0061309,C102920,2026-03-09,5659.2,Changed Mind
R005063,O0061319,C102921,2024-01-24,1981.89,Changed Mind
R005064,O0061321,C102921,2024-02-24,3328.75,Not as Described
R005065,O0061354,C102924,2025-10-23,1096.26,Not as Described
R005066,O0061358,C102924,2026-04-15,27262.78,Not as Described
R005067,O0061366,C102924,2026-07-25,2920.67,Not as Described
R005068,O0061371,C102925,2025-05-20,8495.77,Late Delivery
R005069,O0061374,C102926,2024-12-15,2942.23,Late Delivery
R005070,O0061377,C102926,2025-03-09,359.3,Late Delivery
R005071,O0061378,C102926,2025-04-26,2722.13,Size Issue
R005072,O0061379,C102926,2025-09-10,362.4,Not as Described
R005073,O0061383,C102926,2026-05-17,2226.68,Better Price Found
R005074,O0061388,C102928,2024-06-03,1525.49,Late Delivery
R005075,O0061389,C102928,2024-06-12,35133.02,Changed Mind
R005076,O0061397,C102928,2025-03-02,2207.23,Better Price Found
R005077,O0061398,C102928,2025-07-06,9111.84,Size Issue
R005078,O0061402,C102928,2026-03-13,685.3,Late Delivery
R005079,O0061405,C102929,2025-03-01,5334.05,Size Issue
R005080,O0061409,C102929,2025-11-26,7807.28,Better Price Found
R005081,O0061413,C102929,2026-04-26,1438.21,Defective Product
R005082,O0061422,C102930,2025-12-17,7507.63,Size Issue
R005083,O0061428,C102931,2025-05-25,187.03,Better Price Found
R005084,O0061432,C102934,2024-12-17,10136.92,Changed Mind
R005085,O0061471,C102936,2025-08-22,1204.08,Changed Mind
R005086,O0061518,C102939,2025-08-10,2980.05,Not as Described
R005087,O0061528,C102939,2026-03-07,9860.36,Defective Product
R005088,O0061535,C102939,2026-04-24,4114.86,Size Issue
R005089,O0061545,C102939,2026-07-15,1762.63,Changed Mind
R005090,O0061550,C102941,2024-01-05,4953.86,Late Delivery
R005091,O0061555,C102941,2026-01-13,364.74,Not as Described
R005092,O0061556,C102942,2025-02-16,46685.14,Size Issue
R005093,O0061564,C102942,2025-05-22,15797.17,Size Issue
R005094,O0061566,C102942,2025-06-06,42768.41,Size Issue
R005095,O0061571,C102942,2025-08-10,6362.26,Size Issue
R005096,O0061579,C102942,2026-02-07,43780.14,Late Delivery
R005097,O0061582,C102942,2026-04-22,269.2,Late Delivery
R005098,O0061589,C102943,2023-05-16,3958.58,Changed Mind
R005099,O0061592,C102943,2023-08-23,29427.45,Changed Mind
R005100,O0061617,C102947,2025-09-23,935.67,Late Delivery
R005101,O0061622,C102947,2025-12-02,27516.6,Not as Described
R005102,O0061630,C102947,2026-02-20,14121.66,Late Delivery
R005103,O0061634,C102947,2026-04-19,38073.18,Late Delivery
R005104,O0061636,C102947,2026-04-28,3682.58,Changed Mind
R005105,O0061656,C102948,2025-10-29,17357.08,Better Price Found
R005106,O0061669,C102950,2025-10-09,8146.38,Defective Product
R005107,O0061694,C102950,2026-04-18,7742.61,Defective Product
R005108,O0061707,C102951,2023-08-21,3896.12,Late Delivery
R005109,O0061724,C102951,2024-02-26,11866.85,Size Issue
R005110,O0061738,C102951,2024-04-23,5448.46,Better Price Found
R005111,O0061745,C102951,2024-06-13,46959.66,Changed Mind
R005112,O0061750,C102951,2024-08-24,8056.34,Defective Product
R005113,O0061755,C102951,2024-10-03,671.11,Not as Described
R005114,O0061761,C102951,2024-12-09,37721.49,Not as Described
R005115,O0061769,C102951,2025-02-21,4317.15,Better Price Found
R005116,O0061778,C102951,2025-04-27,351.01,Changed Mind
R005117,O0061789,C102951,2025-07-30,20080.79,Better Price Found
R005118,O0061791,C102951,2025-08-03,14822.55,Defective Product
R005119,O0061813,C102951,2026-03-16,20212.94,Defective Product
R005120,O0061819,C102951,2026-04-08,1081.06,Not as Described
R005121,O0061827,C102951,2026-07-23,1882.26,Defective Product
R005122,O0061828,C102951,2026-08-05,6227.8,Changed Mind
R005123,O0061837,C102952,2024-01-06,11453.77,Size Issue
R005124,O0061841,C102952,2024-06-27,9363.15,Better Price Found
R005125,O0061843,C102952,2024-07-08,4798.36,Size Issue
R005126,O0061856,C102952,2025-09-20,2277.08,Size Issue
R005127,O0061867,C102952,2026-03-01,433.13,Late Delivery
R005128,O0061888,C102955,2024-08-24,1646.04,Late Delivery
R005129,O0061932,C102955,2025-11-09,47213.49,Late Delivery
R005130,O0061934,C102955,2025-12-20,1240.01,Size Issue
R005131,O0061942,C102955,2026-02-18,18786.72,Size Issue
R005132,O0061943,C102955,2026-02-23,5758.04,Late Delivery
R005133,O0061954,C102955,2026-07-14,4781.93,Size Issue
R005134,O0061980,C102956,2024-11-06,3357.59,Size Issue
R005135,O0061990,C102956,2025-02-18,13271.45,Not as Described
R005136,O0061991,C102956,2025-03-10,3287.9,Better Price Found
R005137,O0062021,C102956,2025-10-14,5868.13,Better Price Found
R005138,O0062025,C102956,2025-11-08,19140.55,Changed Mind
R005139,O0062055,C102957,2026-05-05,72834.72,Defective Product
R005140,O0062087,C102960,2025-08-14,16844.48,Size Issue
R005141,O0062093,C102960,2026-01-23,14346.95,Late Delivery
R005142,O0062100,C102960,2026-04-24,11497.35,Better Price Found
R005143,O0062107,C102960,2026-07-23,15834.15,Changed Mind
R005144,O0062130,C102961,2026-05-12,395.51,Not as Described
R005145,O0062144,C102962,2023-11-04,148.09,Better Price Found
R005146,O0062145,C102962,2023-12-22,3160.1,Changed Mind
R005147,O0062149,C102962,2024-04-27,8595.81,Not as Described
R005148,O0062181,C102964,2025-03-08,10310.28,Defective Product
R005149,O0062206,C102966,2024-10-31,709.72,Better Price Found
R005150,O0062227,C102966,2025-06-14,10512.16,Defective Product
R005151,O0062234,C102966,2025-09-08,2409.44,Late Delivery
R005152,O0062242,C102966,2025-12-25,2872.39,Changed Mind
R005153,O0062244,C102966,2026-01-26,21315.21,Late Delivery
R005154,O0062261,C102966,2026-05-22,1077.84,Not as Described
R005155,O0062310,C102968,2024-01-16,3431.34,Size Issue
R005156,O0062326,C102969,2026-04-19,40304.12,Late Delivery
R005157,O0062376,C102972,2024-04-02,10485.24,Better Price Found
R005158,O0062439,C102977,2026-04-27,2588.72,Better Price Found
R005159,O0062461,C102981,2026-08-09,19451.02,Defective Product
R005160,O0062476,C102982,2026-07-10,5249.73,Size Issue
R005161,O0062485,C102983,2023-12-29,23328.53,Late Delivery
R005162,O0062491,C102983,2024-03-02,5520.98,Defective Product
R005163,O0062515,C102983,2026-05-12,25540.13,Changed Mind
R005164,O0062516,C102983,2026-06-22,7299.18,Better Price Found
R005165,O0062521,C102984,2025-11-10,5316.86,Defective Product
R005166,O0062531,C102984,2026-05-06,2246.23,Size Issue
R005167,O0062546,C102987,2023-12-07,3374.11,Defective Product
R005168,O0062558,C102987,2024-03-22,89508.24,Defective Product
R005169,O0062590,C102987,2025-02-26,4291.91,Not as Described
R005170,O0062632,C102987,2026-03-12,274.55,Late Delivery
R005171,O0062638,C102987,2026-05-31,9020.08,Defective Product
R005172,O0062641,C102987,2026-08-06,2705.32,Better Price Found
R005173,O0062661,C102989,2024-07-18,3908.73,Better Price Found
R005174,O0062672,C102989,2024-08-21,5678.38,Changed Mind
R005175,O0062676,C102989,2024-09-04,23707.51,Size Issue
R005176,O0062694,C102989,2025-01-03,1001.76,Late Delivery
R005177,O0062713,C102989,2025-06-06,1309.5,Not as Described
R005178,O0062743,C102989,2026-02-21,4853.04,Changed Mind
R005179,O0062744,C102989,2026-02-15,8611.91,Not as Described
R005180,O0062760,C102989,2026-06-12,13565.1,Late Delivery
R005181,O0062778,C102990,2025-07-05,2054.09,Not as Described
R005182,O0062793,C102990,2025-12-05,1568.7,Defective Product
R005183,O0062798,C102990,2026-01-19,25269.46,Late Delivery
R005184,O0062803,C102990,2026-03-04,1701.65,Not as Described
R005185,O0062809,C102990,2026-05-06,6195.93,Not as Described
R005186,O0062827,C102992,2025-12-08,8901.73,Late Delivery
R005187,O0062843,C102994,2023-03-13,78659.47,Not as Described
R005188,O0062846,C102994,2023-04-27,766.19,Size Issue
R005189,O0062854,C102994,2023-08-05,1897.37,Size Issue
R005190,O0062862,C102994,2023-10-23,590.05,Changed Mind
R005191,O0062871,C102994,2024-04-02,32489.31,Size Issue
R005192,O0062904,C102994,2026-05-14,958.33,Better Price Found
R005193,O0062921,C102996,2025-10-20,6932.91,Defective Product
R005194,O0062936,C102996,2026-06-10,870.54,Changed Mind
R005195,O0062937,C102996,2026-07-16,3496.09,Defective Product
R005196,O0062938,C102996,2026-07-17,8654.46,Defective Product
R005197,O0062942,C102997,2024-12-05,53247.59,Size Issue
R005198,O0062953,C102998,2024-12-27,10668.53,Not as Described
R005199,O0062965,C102998,2025-11-03,5448.19,Not as Described
R005200,O0062972,C102998,2026-02-16,6336.03,Not as Described
R005201,O0062979,C102998,2026-03-14,313.52,Changed Mind
R005202,O0063006,C102999,2025-11-06,1272.29,Defective Product
R005203,O0063009,C102999,2025-12-04,21251.55,Late Delivery
R005204,O0063010,C102999,2025-12-15,3615.2,Size Issue
R005205,O0063011,C102999,2025-12-15,466.08,Late Delivery
R005206,O0063018,C102999,2026-01-15,9515.53,Changed Mind
R005207,O0063019,C102999,2026-01-23,11453.31,Changed Mind
R005208,O0063022,C102999,2026-02-06,1663.4,Better Price Found
R005209,O0063023,C102999,2026-02-08,5649.73,Late Delivery
R005210,O0063037,C102999,2026-03-11,16971.9,Better Price Found
R005211,O0063045,C102999,2026-04-19,10007.84,Not as Described
R005212,O0063049,C102999,2026-05-22,21769.04,Size Issue
R005213,O0063050,C102999,2026-06-19,3331.67,Late Delivery
R005214,O0063053,C102999,2026-07-24,18994.19,Better Price Found
R005215,O0063058,C103000,2025-11-06,34623.29,Better Price Found
R005216,O0063076,C103001,2026-05-04,7649.7,Defective Product
R005217,O0063089,C103002,2024-09-20,10724.32,Defective Product
R005218,O0063098,C103002,2024-12-01,10640.23,Not as Described
R005219,O0063105,C103002,2025-02-13,2255.34,Not as Described
R005220,O0063124,C103002,2025-07-05,1963.99,Late Delivery
R005221,O0063126,C103002,2025-07-16,4575.91,Changed Mind
R005222,O0063138,C103002,2025-10-03,1661.18,Not as Described
R005223,O0063147,C103002,2026-01-19,811.49,Defective Product
R005224,O0063150,C103002,2026-02-06,6331.3,Better Price Found
R005225,O0063157,C103002,2026-04-12,2532.54,Size Issue
R005226,O0063160,C103002,2026-04-19,6678.98,Size Issue
R005227,O0063170,C103002,2026-07-03,2331.97,Late Delivery
R005228,O0063206,C103007,2025-11-03,6854.57,Defective Product
R005229,O0063210,C103008,2025-08-19,6900.06,Better Price Found
R005230,O0063213,C103008,2025-12-30,2886.68,Late Delivery
R005231,O0063240,C103010,2025-03-16,2519.17,Changed Mind
R005232,O0063246,C103011,2024-06-28,18109.48,Size Issue
R005233,O0063251,C103011,2024-11-01,23365.59,Not as Described
R005234,O0063255,C103011,2025-01-21,8815.02,Changed Mind
R005235,O0063265,C103011,2026-01-13,2191.72,Size Issue
R005236,O0063269,C103011,2026-03-27,19555.66,Defective Product
R005237,O0063276,C103011,2026-07-15,373.04,Not as Described
R005238,O0063286,C103013,2026-03-22,42540.33,Changed Mind
R005239,O0063289,C103013,2026-06-13,2904.19,Not as Described
R005240,O0063297,C103014,2024-03-22,2383.55,Late Delivery
R005241,O0063338,C103014,2025-04-04,17603.11,Not as Described
R005242,O0063339,C103014,2025-04-22,3441.6,Not as Described
R005243,O0063351,C103014,2025-07-30,1063.12,Changed Mind
R005244,O0063384,C103014,2026-05-27,9032.36,Changed Mind
R005245,O0063389,C103014,2026-07-11,525.93,Not as Described
R005246,O0063392,C103014,2026-07-28,25075.67,Defective Product
R005247,O0063418,C103020,2025-03-11,32509.79,Defective Product
R005248,O0063423,C103020,2025-09-01,981.91,Late Delivery
R005249,O0063432,C103020,2026-03-22,1813.23,Size Issue
R005250,O0063453,C103024,2023-06-20,1551.64,Late Delivery
R005251,O0063456,C103024,2023-10-22,25152.97,Better Price Found
R005252,O0063462,C103025,2024-03-16,9174.28,Late Delivery
R005253,O0063496,C103025,2025-02-24,2260.47,Changed Mind
R005254,O0063505,C103025,2025-06-09,770.01,Not as Described
R005255,O0063507,C103025,2025-06-07,1562.46,Defective Product
R005256,O0063549,C103025,2026-05-31,2028.02,Not as Described
R005257,O0063563,C103026,2025-10-06,5195.22,Changed Mind
R005258,O0063592,C103028,2024-04-12,18361.63,Defective Product
R005259,O0063599,C103028,2024-05-23,4684.05,Late Delivery
R005260,O0063605,C103028,2024-06-22,8957.54,Defective Product
R005261,O0063608,C103028,2024-07-28,1073.13,Better Price Found
R005262,O0063624,C103028,2024-12-31,2367.19,Better Price Found
R005263,O0063639,C103028,2025-04-25,16564.37,Late Delivery
R005264,O0063640,C103028,2025-05-08,77591.41,Better Price Found
R005265,O0063643,C103028,2025-06-19,18112.36,Late Delivery
R005266,O0063651,C103028,2025-10-22,5655.83,Late Delivery
R005267,O0063656,C103028,2025-11-28,1340.37,Not as Described
R005268,O0063660,C103028,2025-12-10,4730.86,Size Issue
R005269,O0063664,C103028,2026-02-03,1997.74,Late Delivery
R005270,O0063668,C103028,2026-04-04,22975.86,Changed Mind
R005271,O0063670,C103028,2026-04-27,1634.32,Changed Mind
R005272,O0063672,C103028,2026-05-17,1646.76,Not as Described
R005273,O0063676,C103028,2026-07-07,164971.21,Size Issue
R005274,O0063705,C103030,2023-09-08,5029.94,Better Price Found
R005275,O0063718,C103031,2025-01-10,3083.27,Not as Described
R005276,O0063744,C103032,2025-08-06,6934.29,Size Issue
R005277,O0063771,C103033,2025-09-27,4233.9,Late Delivery
R005278,O0063812,C103034,2025-01-01,7729.78,Better Price Found
R005279,O0063813,C103034,2025-04-29,3368.67,Better Price Found
R005280,O0063818,C103034,2025-10-13,9240.99,Not as Described
R005281,O0063827,C103035,2024-08-20,6037.35,Defective Product
R005282,O0063831,C103035,2025-01-28,5603.72,Size Issue
R005283,O0063852,C103038,2026-01-02,40345.89,Size Issue
R005284,O0063865,C103038,2026-05-22,24470.52,Size Issue
R005285,O0063874,C103039,2024-04-27,5563.53,Size Issue
R005286,O0063882,C103039,2024-10-03,2962.58,Changed Mind
R005287,O0063892,C103039,2025-07-27,5779.57,Better Price Found
R005288,O0063925,C103040,2025-01-08,1150.06,Late Delivery
R005289,O0063932,C103040,2026-06-08,1621.55,Late Delivery
R005290,O0063935,C103042,2025-10-31,23465.16,Better Price Found
R005291,O0063951,C103043,2024-07-02,2154.36,Defective Product
R005292,O0063954,C103043,2024-08-03,11988.27,Better Price Found
R005293,O0063970,C103043,2024-12-28,2231.99,Size Issue
R005294,O0063972,C103043,2025-02-01,3498.26,Defective Product
R005295,O0063982,C103043,2025-07-10,3826.86,Late Delivery
R005296,O0063988,C103043,2025-08-18,8156.08,Size Issue
R005297,O0064014,C103043,2026-04-15,1050.29,Size Issue
R005298,O0064035,C103044,2024-09-13,1374.72,Late Delivery
R005299,O0064048,C103044,2025-04-08,4979.65,Better Price Found
R005300,O0064049,C103044,2025-04-09,10087.18,Late Delivery
R005301,O0064072,C103044,2025-12-22,1208.68,Defective Product
R005302,O0064076,C103044,2026-01-10,5407.86,Size Issue
R005303,O0064084,C103044,2026-04-04,4301.83,Changed Mind
R005304,O0064093,C103044,2026-08-03,3830.43,Defective Product
R005305,O0064096,C103045,2023-09-23,13375.48,Changed Mind
R005306,O0064117,C103046,2026-01-13,38117.41,Better Price Found
R005307,O0064138,C103052,2023-08-01,523.61,Not as Described
R005308,O0064149,C103052,2024-12-30,720.5,Not as Described
R005309,O0064161,C103052,2025-10-07,8729.25,Late Delivery
R005310,O0064162,C103052,2025-11-09,1047.04,Size Issue
R005311,O0064168,C103052,2026-02-08,3021.73,Changed Mind
R005312,O0064170,C103052,2026-03-19,1261.7,Late Delivery
R005313,O0064177,C103053,2025-10-28,92962.79,Late Delivery
R005314,O0064182,C103054,2026-07-28,8031.49,Defective Product
R005315,O0064195,C103056,2024-04-12,16340.65,Not as Described
R005316,O0064201,C103056,2024-07-01,1887.35,Better Price Found
R005317,O0064240,C103056,2026-02-12,99.76,Size Issue
R005318,O0064242,C103056,2026-02-25,4368.24,Defective Product
R005319,O0064248,C103056,2026-06-08,1618.62,Late Delivery
R005320,O0064278,C103057,2023-10-01,4922.05,Not as Described
R005321,O0064284,C103057,2023-12-28,38535.79,Changed Mind
R005322,O0064292,C103057,2024-03-12,2413.87,Not as Described
R005323,O0064301,C103057,2024-06-18,3982.51,Late Delivery
R005324,O0064315,C103057,2024-09-22,1833.55,Defective Product
R005325,O0064316,C103057,2024-11-20,3302.02,Size Issue
R005326,O0064323,C103057,2024-12-13,1722.7,Defective Product
R005327,O0064324,C103057,2024-12-15,4529.02,Better Price Found
R005328,O0064325,C103057,2025-01-03,478.27,Not as Described
R005329,O0064337,C103057,2025-06-12,752.55,Size Issue
R005330,O0064340,C103057,2025-06-30,42847.38,Not as Described
R005331,O0064352,C103057,2025-11-24,3499.34,Changed Mind
R005332,O0064354,C103057,2025-12-21,733.0,Not as Described
R005333,O0064360,C103057,2026-02-15,1757.31,Changed Mind
R005334,O0064363,C103057,2026-02-27,4922.08,Defective Product
R005335,O0064374,C103057,2026-05-25,27192.28,Defective Product
R005336,O0064382,C103057,2026-07-31,12521.39,Better Price Found
R005337,O0064402,C103059,2024-10-05,3779.06,Changed Mind
R005338,O0064428,C103059,2025-07-02,8774.72,Late Delivery
R005339,O0064459,C103059,2026-03-13,20547.64,Defective Product
R005340,O0064460,C103059,2026-03-27,14537.05,Changed Mind
R005341,O0064494,C103061,2023-12-20,3106.44,Better Price Found
R005342,O0064504,C103061,2026-02-28,1719.43,Late Delivery
R005343,O0064513,C103062,2025-05-16,4675.71,Size Issue
R005344,O0064515,C103063,2025-09-27,779.16,Defective Product
R005345,O0064571,C103067,2023-04-30,11206.12,Changed Mind
R005346,O0064575,C103067,2023-06-27,3632.24,Size Issue
R005347,O0064620,C103067,2025-02-17,4180.3,Late Delivery
R005348,O0064643,C103069,2023-04-16,1050.4,Better Price Found
R005349,O0064649,C103070,2026-06-18,22691.35,Better Price Found
R005350,O0064680,C103072,2026-06-10,51052.19,Not as Described
R005351,O0064706,C103073,2023-11-07,170.01,Changed Mind
R005352,O0064789,C103073,2025-12-08,47224.58,Changed Mind
R005353,O0064820,C103074,2023-03-23,6448.7,Better Price Found
R005354,O0064830,C103074,2023-12-02,2004.31,Defective Product
R005355,O0064864,C103074,2025-11-22,2079.34,Defective Product
R005356,O0064866,C103074,2025-12-14,1942.74,Late Delivery
R005357,O0064884,C103076,2024-03-27,3682.22,Changed Mind
R005358,O0064886,C103077,2023-09-16,99352.49,Better Price Found
R005359,O0064896,C103078,2025-08-31,2834.99,Late Delivery
R005360,O0064905,C103081,2025-06-27,14151.04,Better Price Found
R005361,O0064908,C103082,2025-06-17,795.85,Late Delivery
R005362,O0064919,C103082,2025-12-03,2395.53,Late Delivery
R005363,O0064928,C103083,2024-09-29,790.37,Size Issue
R005364,O0064936,C103084,2024-07-16,1941.48,Better Price Found
R005365,O0064951,C103084,2024-12-03,932.47,Late Delivery
R005366,O0064962,C103084,2025-05-02,1327.85,Not as Described
R005367,O0064970,C103084,2025-06-12,50645.51,Better Price Found
R005368,O0064975,C103084,2025-09-10,71600.66,Size Issue
R005369,O0065009,C103084,2026-04-26,23346.63,Changed Mind
R005370,O0065012,C103084,2026-05-18,2167.58,Size Issue
R005371,O0065014,C103084,2026-05-29,12489.44,Defective Product
R005372,O0065068,C103086,2025-09-06,15552.02,Late Delivery
R005373,O0065071,C103086,2025-09-19,2381.4,Changed Mind
R005374,O0065072,C103086,2025-09-22,2382.71,Defective Product
R005375,O0065074,C103086,2025-10-24,639.93,Size Issue
R005376,O0065100,C103086,2026-05-15,10592.66,Better Price Found
R005377,O0065105,C103086,2026-07-17,6500.51,Not as Described
R005378,O0065111,C103087,2025-12-17,5350.11,Better Price Found
R005379,O0065112,C103087,2026-03-01,11644.33,Changed Mind
R005380,O0065113,C103087,2026-04-07,2246.3,Changed Mind
R005381,O0065125,C103089,2026-03-27,2725.88,Changed Mind
R005382,O0065139,C103089,2026-06-20,1718.73,Changed Mind
R005383,O0065152,C103090,2025-11-22,1405.31,Defective Product
R005384,O0065153,C103090,2026-02-04,8116.66,Not as Described
R005385,O0065161,C103091,2023-07-02,3752.34,Not as Described
R005386,O0065210,C103093,2025-08-16,9375.06,Defective Product
R005387,O0065231,C103096,2024-06-26,7550.74,Changed Mind
R005388,O0065246,C103096,2025-11-11,3639.46,Better Price Found
R005389,O0065269,C103099,2023-09-19,2702.0,Defective Product
R005390,O0065282,C103099,2024-01-04,1987.71,Changed Mind
R005391,O0065314,C103099,2024-10-28,7502.93,Size Issue
R005392,O0065319,C103099,2024-11-24,7783.91,Better Price Found
R005393,O0065339,C103099,2025-03-08,13031.49,Late Delivery
R005394,O0065342,C103099,2025-03-22,778.89,Size Issue
R005395,O0065345,C103099,2025-04-27,5102.28,Defective Product
R005396,O0065361,C103099,2025-09-04,197.63,Not as Described
R005397,O0065372,C103099,2025-11-15,6452.38,Better Price Found
R005398,O0065376,C103099,2026-01-05,1367.06,Late Delivery
R005399,O0065380,C103099,2026-02-02,9758.35,Size Issue
R005400,O0065393,C103099,2026-04-25,3562.63,Changed Mind
R005401,O0065411,C103099,2026-08-02,357.45,Late Delivery
R005402,O0065416,C103101,2024-02-07,1325.19,Size Issue
R005403,O0065442,C103102,2026-07-26,2052.66,Better Price Found
R005404,O0065457,C103103,2025-08-31,4235.74,Defective Product
R005405,O0065508,C103104,2024-01-18,42.25,Late Delivery
R005406,O0065509,C103104,2024-01-30,2317.58,Changed Mind
R005407,O0065517,C103104,2024-06-05,15131.05,Size Issue
R005408,O0065521,C103104,2024-07-09,5794.8,Size Issue
R005409,O0065537,C103104,2025-12-11,797.11,Better Price Found
R005410,O0065539,C103104,2026-02-12,14111.81,Late Delivery
R005411,O0065561,C103106,2024-07-21,10953.17,Changed Mind
R005412,O0065562,C103106,2024-07-23,573.32,Not as Described
R005413,O0065563,C103106,2024-08-08,4460.56,Changed Mind
R005414,O0065576,C103106,2025-06-24,3225.13,Size Issue
R005415,O0065581,C103106,2026-04-10,385.74,Changed Mind
R005416,O0065599,C103107,2025-08-30,1112.47,Not as Described
R005417,O0065612,C103107,2026-05-21,2089.28,Not as Described
R005418,O0065615,C103109,2026-05-31,10430.77,Changed Mind
R005419,O0065641,C103111,2025-08-28,1510.7,Not as Described
R005420,O0065651,C103111,2026-04-18,8425.16,Late Delivery
R005421,O0065674,C103113,2025-11-17,1381.43,Changed Mind
R005422,O0065682,C103115,2024-10-14,60877.1,Late Delivery
R005423,O0065705,C103115,2026-05-07,27978.37,Defective Product
R005424,O0065708,C103116,2025-09-20,17050.94,Changed Mind
R005425,O0065719,C103117,2024-05-25,428.64,Changed Mind
R005426,O0065724,C103117,2025-01-16,2096.48,Not as Described
R005427,O0065738,C103117,2025-10-10,34818.39,Late Delivery
R005428,O0065743,C103117,2026-02-09,520.95,Changed Mind
R005429,O0065744,C103117,2026-02-27,2130.27,Late Delivery
R005430,O0065767,C103119,2024-05-03,513.5,Defective Product
R005431,O0065785,C103120,2026-01-09,1849.28,Changed Mind
R005432,O0065805,C103120,2026-05-22,22126.44,Better Price Found
R005433,O0065811,C103120,2026-06-06,14148.05,Not as Described
R005434,O0065813,C103120,2026-07-13,3145.1,Better Price Found
R005435,O0065844,C103123,2024-12-03,1629.24,Changed Mind
R005436,O0065849,C103123,2025-02-06,14633.9,Defective Product
R005437,O0065856,C103123,2025-05-29,1044.38,Late Delivery
R005438,O0065876,C103123,2026-01-02,5852.58,Late Delivery
R005439,O0065891,C103123,2026-07-30,1354.61,Late Delivery
R005440,O0065897,C103124,2024-11-20,4698.15,Not as Described
R005441,O0065907,C103125,2025-11-05,10217.16,Changed Mind
R005442,O0065911,C103126,2024-08-18,1703.9,Late Delivery
R005443,O0065917,C103127,2023-02-23,547.84,Late Delivery
R005444,O0065923,C103127,2023-06-30,1288.24,Defective Product
R005445,O0065932,C103128,2024-04-20,494.72,Not as Described
R005446,O0065933,C103128,2024-05-06,15440.43,Defective Product
R005447,O0065972,C103128,2026-01-12,28633.79,Changed Mind
R005448,O0065990,C103128,2026-08-05,11769.84,Late Delivery
R005449,O0065992,C103129,2025-02-06,505.46,Changed Mind
R005450,O0066032,C103131,2026-05-23,11686.86,Not as Described
R005451,O0066035,C103131,2026-06-04,8699.33,Better Price Found
R005452,O0066040,C103131,2026-07-19,3597.1,Changed Mind
R005453,O0066044,C103132,2024-01-28,13023.6,Size Issue
R005454,O0066045,C103132,2024-04-13,1191.53,Late Delivery
R005455,O0066046,C103132,2024-08-28,3212.11,Size Issue
R005456,O0066051,C103133,2025-05-21,162.49,Changed Mind
R005457,O0066055,C103133,2025-07-03,4851.82,Not as Described
R005458,O0066058,C103133,2025-07-09,24480.29,Size Issue
R005459,O0066066,C103133,2026-02-01,3094.67,Not as Described
R005460,O0066067,C103133,2026-03-19,3245.22,Better Price Found
R005461,O0066072,C103133,2026-05-04,19811.94,Not as Described
R005462,O0066076,C103133,2026-06-19,6125.13,Better Price Found
R005463,O0066077,C103133,2026-06-14,11280.41,Defective Product
R005464,O0066079,C103133,2026-07-06,3537.91,Changed Mind
R005465,O0066115,C103136,2025-05-10,1304.23,Changed Mind
R005466,O0066120,C103136,2025-08-03,2571.44,Late Delivery
R005467,O0066124,C103136,2025-09-28,13449.93,Better Price Found
R005468,O0066131,C103136,2026-04-14,1494.47,Defective Product
R005469,O0066134,C103136,2026-05-05,17927.26,Size Issue
R005470,O0066164,C103138,2024-12-24,49187.18,Size Issue
R005471,O0066171,C103138,2025-10-04,8618.17,Not as Described
R005472,O0066185,C103140,2023-03-17,6955.99,Changed Mind
R005473,O0066194,C103140,2023-08-09,1854.94,Defective Product
R005474,O0066210,C103140,2024-11-29,60487.54,Not as Described
R005475,O0066230,C103141,2023-11-11,3137.1,Defective Product
R005476,O0066237,C103141,2023-12-27,11967.7,Size Issue
R005477,O0066244,C103141,2024-03-02,9309.39,Changed Mind
R005478,O0066249,C103141,2024-04-25,1685.73,Better Price Found
R005479,O0066271,C103141,2024-10-14,786.7,Better Price Found
R005480,O0066275,C103141,2025-01-18,7913.5,Not as Described
R005481,O0066287,C103141,2025-03-24,5166.74,Late Delivery
R005482,O0066290,C103141,2025-04-06,18737.32,Late Delivery
R005483,O0066296,C103141,2025-07-04,1241.14,Defective Product
R005484,O0066304,C103141,2025-08-13,13064.2,Late Delivery
R005485,O0066309,C103141,2025-09-26,705.43,Defective Product
R005486,O0066320,C103141,2025-12-14,2803.05,Not as Described
R005487,O0066322,C103141,2025-12-30,32383.79,Not as Described
R005488,O0066329,C103141,2026-01-28,11379.1,Size Issue
R005489,O0066333,C103141,2026-03-18,1270.21,Not as Described
R005490,O0066337,C103141,2026-03-22,6318.3,Size Issue
R005491,O0066343,C103141,2026-05-11,3354.33,Defective Product
R005492,O0066346,C103141,2026-05-27,6193.14,Defective Product
R005493,O0066352,C103142,2026-03-14,646.75,Not as Described
R005494,O0066408,C103146,2026-03-27,43637.68,Late Delivery
R005495,O0066421,C103148,2024-04-04,3250.98,Late Delivery
R005496,O0066425,C103148,2025-01-16,7475.82,Late Delivery
R005497,O0066429,C103148,2026-04-01,2987.58,Better Price Found
R005498,O0066435,C103149,2023-03-28,6826.96,Changed Mind
R005499,O0066453,C103149,2024-03-29,257.37,Defective Product
R005500,O0066455,C103149,2024-09-20,917.94,Better Price Found
R005501,O0066475,C103151,2024-04-29,30626.66,Better Price Found
R005502,O0066482,C103151,2024-08-27,2712.89,Changed Mind
R005503,O0066497,C103151,2025-01-10,3214.73,Not as Described
R005504,O0066501,C103151,2025-01-17,26737.31,Changed Mind
R005505,O0066513,C103151,2025-03-04,39185.54,Late Delivery
R005506,O0066525,C103151,2025-07-21,29350.02,Size Issue
R005507,O0066529,C103151,2025-08-06,2680.85,Late Delivery
R005508,O0066536,C103151,2025-10-01,13061.34,Size Issue
R005509,O0066543,C103151,2026-01-03,41108.82,Late Delivery
R005510,O0066553,C103151,2026-04-14,5635.3,Better Price Found
R005511,O0066565,C103152,2025-01-13,341.25,Changed Mind
R005512,O0066592,C103154,2023-11-04,19868.46,Size Issue
R005513,O0066618,C103156,2023-10-29,5334.91,Size Issue
R005514,O0066628,C103156,2024-08-19,1533.15,Size Issue
R005515,O0066632,C103156,2024-11-05,898.99,Late Delivery
R005516,O0066640,C103156,2025-01-23,3841.79,Changed Mind
R005517,O0066643,C103156,2025-02-16,1472.4,Changed Mind
R005518,O0066651,C103156,2025-04-12,17110.18,Better Price Found
R005519,O0066652,C103156,2025-04-14,20059.22,Not as Described
R005520,O0066659,C103156,2025-09-03,20431.82,Defective Product
R005521,O0066660,C103156,2025-09-17,32403.03,Changed Mind
R005522,O0066668,C103156,2025-12-18,546.25,Late Delivery
R005523,O0066673,C103156,2026-04-02,55851.55,Late Delivery
R005524,O0066685,C103157,2025-01-22,3123.76,Changed Mind
R005525,O0066707,C103158,2024-05-25,4429.45,Late Delivery
R005526,O0066713,C103158,2024-07-04,131775.34,Better Price Found
R005527,O0066721,C103158,2024-10-31,17569.17,Better Price Found
R005528,O0066722,C103158,2024-11-05,2694.83,Size Issue
R005529,O0066725,C103158,2024-12-21,5064.23,Defective Product
R005530,O0066733,C103158,2025-02-16,2462.51,Size Issue
R005531,O0066736,C103158,2025-03-23,13821.39,Late Delivery
R005532,O0066744,C103158,2025-05-28,2682.79,Late Delivery
R005533,O0066745,C103158,2025-06-07,1448.51,Defective Product
R005534,O0066758,C103158,2025-09-25,436.8,Not as Described
R005535,O0066760,C103158,2025-10-23,4985.6,Better Price Found
R005536,O0066763,C103158,2025-11-13,2692.78,Size Issue
R005537,O0066771,C103158,2026-01-06,3957.91,Not as Described
R005538,O0066774,C103158,2026-02-05,8797.8,Changed Mind
R005539,O0066787,C103158,2026-05-16,9474.1,Not as Described
R005540,O0066788,C103158,2026-05-21,38441.12,Changed Mind
R005541,O0066811,C103162,2024-08-20,2170.05,Size Issue
R005542,O0066818,C103162,2025-01-05,745.98,Size Issue
R005543,O0066822,C103162,2025-05-18,13563.02,Size Issue
R005544,O0066831,C103162,2025-10-07,829.46,Not as Described
R005545,O0066853,C103163,2024-02-06,27291.43,Late Delivery
R005546,O0066856,C103163,2025-06-26,56788.28,Late Delivery
R005547,O0066865,C103165,2026-06-06,11077.05,Better Price Found
R005548,O0066868,C103165,2026-07-13,2900.18,Better Price Found
R005549,O0066905,C103168,2025-02-11,3173.85,Late Delivery
R005550,O0066906,C103168,2025-03-25,2899.48,Size Issue
R005551,O0066913,C103168,2025-10-24,15262.34,Changed Mind
R005552,O0066927,C103168,2026-06-13,7722.86,Defective Product
R005553,O0066943,C103169,2026-07-20,33277.38,Not as Described
R005554,O0066979,C103172,2024-11-16,4223.51,Changed Mind
R005555,O0066984,C103172,2025-01-11,1108.96,Defective Product
R005556,O0067020,C103172,2025-10-23,467.7,Size Issue
R005557,O0067021,C103172,2025-11-04,585.96,Defective Product
R005558,O0067046,C103172,2026-06-05,998.66,Better Price Found
R005559,O0067054,C103175,2025-11-11,5618.24,Better Price Found
R005560,O0067078,C103178,2025-03-14,1396.77,Not as Described
R005561,O0067089,C103179,2026-07-29,19941.63,Late Delivery
R005562,O0067093,C103180,2023-12-27,19995.87,Changed Mind
R005563,O0067111,C103182,2024-03-15,26295.99,Size Issue
R005564,O0067136,C103182,2026-05-14,1549.79,Changed Mind
R005565,O0067138,C103182,2026-05-18,6481.21,Size Issue
R005566,O0067144,C103183,2025-01-31,4019.39,Not as Described
R005567,O0067173,C103183,2026-03-07,13262.46,Changed Mind
R005568,O0067185,C103183,2026-05-21,25636.59,Defective Product
R005569,O0067223,C103186,2024-10-08,18727.36,Better Price Found
R005570,O0067232,C103186,2025-11-27,6017.18,Changed Mind
R005571,O0067250,C103189,2026-07-14,5880.36,Not as Described
R005572,O0067273,C103192,2025-04-25,14689.2,Changed Mind
R005573,O0067290,C103192,2025-10-23,3270.77,Late Delivery
R005574,O0067302,C103192,2026-01-23,18943.75,Size Issue
R005575,O0067313,C103192,2026-04-06,7802.01,Late Delivery
R005576,O0067318,C103192,2026-05-10,18399.08,Defective Product
R005577,O0067321,C103192,2026-06-19,9732.79,Not as Described
R005578,O0067324,C103192,2026-07-23,11569.1,Defective Product
R005579,O0067355,C103195,2025-07-26,1113.58,Late Delivery
R005580,O0067359,C103195,2026-04-28,730.42,Size Issue
R005581,O0067365,C103197,2023-11-15,7176.26,Defective Product
R005582,O0067367,C103197,2024-01-10,939.61,Changed Mind
R005583,O0067376,C103198,2025-05-14,51889.62,Late Delivery
R005584,O0067377,C103198,2025-05-17,164.53,Better Price Found
R005585,O0067378,C103198,2025-05-16,15788.2,Late Delivery
R005586,O0067384,C103198,2025-08-05,1763.1,Size Issue
R005587,O0067385,C103198,2025-10-28,1728.83,Not as Described
R005588,O0067421,C103202,2026-03-16,4554.85,Changed Mind
R005589,O0067422,C103202,2026-03-27,1999.41,Late Delivery
R005590,O0067431,C103202,2026-07-11,22416.76,Defective Product
R005591,O0067437,C103203,2026-01-06,30594.77,Size Issue
R005592,O0067444,C103204,2023-09-16,10549.8,Changed Mind
R005593,O0067448,C103204,2023-11-30,2610.32,Late Delivery
R005594,O0067451,C103204,2023-12-30,1475.39,Late Delivery
R005595,O0067452,C103204,2023-12-30,1723.8,Late Delivery
R005596,O0067476,C103204,2026-03-14,6498.09,Not as Described
R005597,O0067479,C103204,2026-08-02,3321.75,Not as Described
R005598,O0067483,C103205,2026-06-20,2402.58,Size Issue
R005599,O0067490,C103206,2026-04-12,1710.51,Defective Product
R005600,O0067495,C103207,2024-11-04,8187.59,Defective Product
R005601,O0067503,C103207,2025-01-04,2765.51,Size Issue
R005602,O0067504,C103207,2025-03-09,1362.24,Defective Product
R005603,O0067532,C103209,2025-04-22,45215.58,Late Delivery
R005604,O0067533,C103209,2025-05-12,15556.02,Changed Mind
R005605,O0067535,C103210,2026-01-07,5994.3,Not as Described
R005606,O0067547,C103214,2023-08-20,17222.54,Late Delivery
R005607,O0067548,C103214,2023-09-15,4980.86,Defective Product
R005608,O0067552,C103214,2023-11-17,16263.13,Changed Mind
R005609,O0067558,C103215,2025-08-31,32578.97,Defective Product
R005610,O0067560,C103215,2025-11-17,6018.67,Changed Mind
R005611,O0067564,C103215,2026-05-22,551.25,Better Price Found
R005612,O0067569,C103216,2023-05-13,6392.16,Size Issue
R005613,O0067577,C103216,2025-08-21,556.36,Not as Described
R005614,O0067582,C103217,2025-06-22,1685.95,Size Issue
R005615,O0067587,C103217,2026-08-05,112.72,Size Issue
R005616,O0067590,C103219,2024-04-18,2251.32,Late Delivery
R005617,O0067592,C103219,2024-12-25,5606.33,Not as Described
R005618,O0067605,C103220,2025-02-16,1648.22,Changed Mind
R005619,O0067644,C103223,2025-05-07,2835.44,Size Issue
R005620,O0067646,C103223,2025-06-30,2156.49,Not as Described
R005621,O0067656,C103223,2025-12-10,11845.98,Not as Described
R005622,O0067663,C103223,2026-06-25,4998.7,Size Issue
R005623,O0067664,C103224,2025-06-20,16946.14,Changed Mind
R005624,O0067694,C103227,2026-06-05,6134.56,Not as Described
R005625,O0067696,C103228,2023-05-31,7933.79,Better Price Found
R005626,O0067717,C103228,2024-08-30,1287.59,Changed Mind
R005627,O0067744,C103228,2026-03-27,10384.48,Changed Mind
R005628,O0067763,C103229,2024-03-24,7661.91,Changed Mind
R005629,O0067770,C103229,2024-06-24,1427.7,Defective Product
R005630,O0067773,C103229,2024-07-02,3114.44,Defective Product
R005631,O0067807,C103229,2026-02-04,8750.31,Not as Described
R005632,O0067823,C103229,2026-07-24,70658.5,Better Price Found
R005633,O0067825,C103229,2026-08-04,10774.66,Late Delivery
R005634,O0067829,C103230,2026-06-23,5614.28,Late Delivery
R005635,O0067834,C103231,2026-04-12,2517.34,Not as Described
R005636,O0067850,C103232,2025-12-27,11994.87,Changed Mind
R005637,O0067851,C103232,2026-01-24,70644.17,Not as Described
R005638,O0067860,C103232,2026-04-02,3298.18,Late Delivery
R005639,O0067867,C103232,2026-05-23,7545.88,Late Delivery
R005640,O0067884,C103233,2024-08-03,19757.72,Late Delivery
R005641,O0067891,C103233,2024-10-20,2432.4,Late Delivery
R005642,O0067902,C103235,2026-03-12,4596.79,Changed Mind
R005643,O0067905,C103235,2026-03-16,4387.62,Size Issue
R005644,O0067907,C103235,2026-04-06,942.16,Better Price Found
R005645,O0067914,C103235,2026-06-29,5638.16,Size Issue
R005646,O0067945,C103238,2025-09-23,19218.19,Better Price Found
R005647,O0067963,C103238,2026-03-14,2497.36,Not as Described
R005648,O0067978,C103239,2025-04-16,35021.47,Defective Product
R005649,O0068038,C103240,2025-07-04,4288.35,Changed Mind
R005650,O0068043,C103242,2023-08-01,79735.79,Defective Product
R005651,O0068050,C103242,2023-10-14,25023.49,Better Price Found
R005652,O0068053,C103242,2023-10-30,712.1,Changed Mind
R005653,O0068058,C103242,2023-12-06,9938.09,Defective Product
R005654,O0068101,C103242,2026-03-22,57538.25,Late Delivery
R005655,O0068105,C103243,2023-12-30,4570.51,Defective Product
R005656,O0068110,C103243,2024-03-16,1351.16,Defective Product
R005657,O0068123,C103243,2024-11-03,5062.11,Late Delivery
R005658,O0068131,C103243,2025-02-26,20636.61,Not as Described
R005659,O0068136,C103243,2025-06-07,30878.92,Size Issue
R005660,O0068146,C103243,2025-11-11,3395.39,Not as Described
R005661,O0068148,C103243,2025-11-24,1182.33,Size Issue
R005662,O0068151,C103243,2025-12-26,272.7,Defective Product
R005663,O0068155,C103243,2026-01-22,3837.06,Defective Product
R005664,O0068162,C103243,2026-04-08,17880.33,Changed Mind
R005665,O0068172,C103243,2026-07-03,4814.17,Better Price Found
R005666,O0068173,C103243,2026-07-24,15139.9,Size Issue
R005667,O0068201,C103246,2025-12-29,14514.39,Late Delivery
R005668,O0068209,C103246,2026-02-21,5464.25,Size Issue
R005669,O0068211,C103246,2026-03-01,6177.91,Late Delivery
R005670,O0068217,C103246,2026-06-07,1069.04,Late Delivery
R005671,O0068235,C103249,2023-09-21,10042.76,Changed Mind
R005672,O0068238,C103249,2023-12-18,28800.47,Changed Mind
R005673,O0068242,C103249,2024-02-12,1407.7,Better Price Found
R005674,O0068243,C103249,2024-03-20,939.63,Late Delivery
R005675,O0068247,C103249,2024-04-21,6475.84,Size Issue
R005676,O0068295,C103249,2025-08-01,22990.55,Not as Described
R005677,O0068296,C103249,2025-07-25,20862.93,Changed Mind
R005678,O0068300,C103249,2025-09-07,46471.16,Not as Described
R005679,O0068305,C103249,2025-10-18,268.25,Defective Product
R005680,O0068309,C103249,2025-11-12,7578.87,Defective Product
R005681,O0068312,C103249,2026-01-14,11352.79,Size Issue
R005682,O0068317,C103249,2026-02-25,217.58,Late Delivery
R005683,O0068320,C103249,2026-03-09,5902.47,Better Price Found
R005684,O0068334,C103249,2026-05-18,879.04,Not as Described
R005685,O0068335,C103249,2026-05-29,4255.56,Better Price Found
R005686,O0068341,C103249,2026-07-27,5169.54,Late Delivery
R005687,O0068371,C103253,2025-10-12,2875.95,Size Issue
R005688,O0068387,C103253,2026-03-29,26093.72,Better Price Found
R005689,O0068391,C103253,2026-07-25,13631.68,Defective Product
R005690,O0068392,C103253,2026-08-08,11710.17,Size Issue
R005691,O0068398,C103254,2026-03-08,28162.79,Better Price Found
R005692,O0068403,C103254,2026-04-23,12181.29,Better Price Found
R005693,O0068405,C103254,2026-06-07,525.56,Not as Described
R005694,O0068408,C103254,2026-07-12,25609.37,Late Delivery
R005695,O0068413,C103255,2024-04-25,1570.46,Defective Product
R005696,O0068424,C103255,2024-09-09,2202.94,Defective Product
R005697,O0068426,C103255,2024-09-21,4812.19,Not as Described
R005698,O0068441,C103255,2025-02-05,328.26,Better Price Found
R005699,O0068457,C103255,2026-01-20,1326.42,Defective Product
R005700,O0068459,C103255,2026-03-24,11639.69,Size Issue
R005701,O0068471,C103256,2024-05-14,3135.25,Late Delivery
R005702,O0068473,C103256,2024-05-24,2235.94,Late Delivery
R005703,O0068481,C103256,2024-08-05,4479.35,Defective Product
R005704,O0068484,C103256,2024-09-12,452.31,Late Delivery
R005705,O0068493,C103256,2025-02-27,2782.39,Not as Described
R005706,O0068499,C103256,2025-11-26,7748.79,Changed Mind
R005707,O0068500,C103256,2025-12-12,1304.06,Late Delivery
R005708,O0068512,C103257,2024-10-23,15438.12,Changed Mind
R005709,O0068541,C103261,2026-01-01,5243.2,Late Delivery
R005710,O0068549,C103263,2025-01-29,2150.83,Defective Product
R005711,O0068557,C103265,2024-04-26,10035.08,Size Issue
R005712,O0068558,C103265,2024-07-05,8305.53,Changed Mind
R005713,O0068568,C103265,2025-02-09,65362.13,Late Delivery
R005714,O0068603,C103266,2023-07-12,5467.53,Better Price Found
R005715,O0068625,C103267,2026-01-13,236.92,Changed Mind
R005716,O0068694,C103269,2026-06-01,4377.97,Changed Mind
R005717,O0068709,C103270,2024-04-09,1042.92,Not as Described
R005718,O0068729,C103271,2026-04-20,6350.77,Late Delivery
R005719,O0068735,C103271,2026-07-25,18096.15,Better Price Found
R005720,O0068754,C103273,2024-09-21,11133.2,Defective Product
R005721,O0068755,C103273,2024-10-03,11224.8,Size Issue
R005722,O0068756,C103273,2024-11-07,2637.84,Not as Described
R005723,O0068770,C103273,2025-06-24,5509.67,Changed Mind
R005724,O0068797,C103273,2026-06-30,14460.25,Late Delivery
R005725,O0068799,C103273,2026-07-06,17901.32,Better Price Found
R005726,O0068808,C103274,2026-03-28,3891.31,Better Price Found
R005727,O0068817,C103274,2026-06-24,9453.32,Better Price Found
R005728,O0068838,C103278,2024-08-22,24271.69,Changed Mind
R005729,O0068872,C103282,2025-06-11,2795.19,Size Issue
R005730,O0068875,C103282,2025-07-23,17161.47,Better Price Found
R005731,O0068885,C103282,2025-10-08,15197.14,Size Issue
R005732,O0068888,C103282,2025-11-17,24683.89,Not as Described
R005733,O0068897,C103282,2026-02-04,1822.99,Late Delivery
R005734,O0068916,C103282,2026-07-02,1623.72,Better Price Found
R005735,O0068931,C103285,2025-03-06,29153.43,Size Issue
R005736,O0068940,C103286,2024-12-06,6778.09,Changed Mind
R005737,O0068953,C103286,2026-08-03,1120.08,Size Issue
R005738,O0068961,C103287,2023-10-23,1538.8,Changed Mind
R005739,O0068963,C103287,2023-12-27,5101.43,Better Price Found
R005740,O0068966,C103287,2024-02-20,4848.94,Size Issue
R005741,O0068968,C103287,2024-03-28,2384.03,Size Issue
R005742,O0068991,C103287,2026-06-11,529.47,Better Price Found
R005743,O0068997,C103288,2024-06-16,1667.6,Better Price Found
R005744,O0069040,C103290,2024-02-05,4701.75,Not as Described
R005745,O0069048,C103290,2024-07-23,872.66,Changed Mind
R005746,O0069056,C103290,2024-11-28,4461.12,Better Price Found
R005747,O0069068,C103290,2025-04-02,32841.16,Defective Product
R005748,O0069080,C103290,2025-07-28,12042.91,Size Issue
R005749,O0069092,C103290,2025-09-29,1524.9,Defective Product
R005750,O0069093,C103290,2025-10-13,3263.0,Changed Mind
R005751,O0069110,C103290,2026-03-10,9164.39,Changed Mind
R005752,O0069124,C103290,2026-08-02,2863.86,Changed Mind
R005753,O0069130,C103292,2025-01-12,771.03,Late Delivery
R005754,O0069161,C103293,2024-07-08,14034.23,Late Delivery
R005755,O0069165,C103293,2024-11-05,11931.48,Better Price Found
R005756,O0069166,C103293,2024-11-11,3050.69,Size Issue
R005757,O0069167,C103293,2024-11-27,86096.49,Not as Described
R005758,O0069198,C103295,2023-10-21,14191.28,Changed Mind
R005759,O0069230,C103296,2025-04-08,32326.5,Late Delivery
R005760,O0069242,C103297,2025-04-10,32828.79,Better Price Found
R005761,O0069246,C103297,2025-07-10,29326.16,Defective Product
R005762,O0069248,C103297,2025-09-04,719.03,Size Issue
R005763,O0069251,C103297,2025-10-20,4088.88,Late Delivery
R005764,O0069274,C103298,2025-08-19,9707.54,Late Delivery
R005765,O0069277,C103298,2025-10-09,34649.19,Defective Product
R005766,O0069291,C103299,2024-11-24,69644.47,Size Issue
R005767,O0069294,C103299,2025-04-21,11293.04,Not as Described
R005768,O0069297,C103299,2025-06-05,4634.46,Size Issue
R005769,O0069300,C103299,2025-08-07,7365.11,Late Delivery
R005770,O0069310,C103299,2026-08-04,6693.28,Better Price Found
R005771,O0069312,C103300,2025-01-04,625.96,Better Price Found
R005772,O0069338,C103302,2024-10-11,8504.94,Changed Mind
R005773,O0069344,C103302,2025-10-11,733.9,Size Issue
R005774,O0069345,C103302,2025-10-17,570.31,Size Issue
R005775,O0069346,C103302,2025-10-26,2677.17,Not as Described
R005776,O0069363,C103304,2025-05-28,16383.05,Late Delivery
R005777,O0069373,C103306,2026-03-30,16494.9,Defective Product
R005778,O0069387,C103307,2025-11-11,1384.16,Late Delivery
R005779,O0069402,C103308,2024-04-16,1247.08,Changed Mind
R005780,O0069403,C103308,2024-05-19,379.39,Size Issue
R005781,O0069411,C103308,2024-09-18,39344.03,Size Issue
R005782,O0069415,C103308,2024-10-07,1921.51,Changed Mind
R005783,O0069421,C103308,2024-12-28,14874.2,Late Delivery
R005784,O0069423,C103308,2025-02-07,846.75,Late Delivery
R005785,O0069434,C103308,2025-06-12,4309.85,Size Issue
R005786,O0069440,C103308,2025-07-05,27063.85,Late Delivery
R005787,O0069454,C103308,2025-10-23,186.37,Size Issue
R005788,O0069463,C103308,2026-03-01,3246.14,Size Issue
R005789,O0069487,C103310,2024-05-07,47818.76,Late Delivery
R005790,O0069509,C103310,2025-01-06,47970.47,Size Issue
R005791,O0069510,C103310,2025-01-08,924.11,Defective Product
R005792,O0069512,C103310,2025-01-20,2906.93,Size Issue
R005793,O0069513,C103310,2025-01-29,437.71,Late Delivery
R005794,O0069533,C103310,2025-08-22,22883.44,Changed Mind
R005795,O0069536,C103310,2025-10-06,1892.27,Size Issue
R005796,O0069541,C103310,2025-12-15,57961.52,Late Delivery
R005797,O0069556,C103310,2026-05-19,22039.77,Late Delivery
R005798,O0069562,C103310,2026-06-21,1090.49,Better Price Found
R005799,O0069570,C103311,2025-08-04,1535.52,Changed Mind
R005800,O0069576,C103312,2026-03-07,32817.75,Not as Described
R005801,O0069593,C103313,2023-12-26,2692.69,Late Delivery
R005802,O0069601,C103313,2024-04-19,3411.49,Size Issue
R005803,O0069604,C103313,2024-07-13,3089.58,Defective Product
R005804,O0069620,C103313,2025-01-01,2581.27,Late Delivery
R005805,O0069645,C103313,2025-09-30,836.64,Not as Described
R005806,O0069661,C103313,2026-01-24,3134.9,Not as Described
R005807,O0069678,C103313,2026-04-27,4691.31,Not as Described
R005808,O0069680,C103313,2026-05-06,1743.97,Better Price Found
R005809,O0069686,C103313,2026-06-30,1912.32,Not as Described
R005810,O0069695,C103314,2024-08-04,42436.3,Late Delivery
R005811,O0069717,C103315,2025-03-13,1015.53,Size Issue
R005812,O0069742,C103316,2025-07-18,36924.94,Changed Mind
R005813,O0069748,C103317,2023-12-06,91536.27,Changed Mind
R005814,O0069756,C103317,2024-08-12,24585.03,Changed Mind
R005815,O0069757,C103317,2025-01-08,4733.81,Changed Mind
R005816,O0069786,C103320,2024-12-12,13337.72,Defective Product
R005817,O0069791,C103320,2025-02-02,2543.71,Late Delivery
R005818,O0069819,C103320,2025-10-30,10604.08,Changed Mind
R005819,O0069825,C103320,2025-12-19,4190.22,Defective Product
R005820,O0069861,C103321,2025-11-12,37864.61,Size Issue
R005821,O0069883,C103322,2026-07-07,3327.03,Changed Mind
R005822,O0069913,C103325,2025-05-26,9705.69,Not as Described
R005823,O0069937,C103328,2024-02-03,2798.91,Size Issue
R005824,O0069957,C103329,2026-07-25,21904.53,Defective Product
R005825,O0069960,C103330,2023-08-15,32600.51,Changed Mind
R005826,O0069963,C103330,2023-12-18,4219.35,Late Delivery
R005827,O0069964,C103330,2024-01-20,3151.95,Changed Mind
R005828,O0069967,C103330,2024-08-28,29636.48,Not as Described
R005829,O0070002,C103331,2025-03-11,3411.88,Better Price Found
R005830,O0070008,C103331,2026-08-02,7562.15,Late Delivery
R005831,O0070011,C103332,2025-04-16,5561.78,Changed Mind
R005832,O0070017,C103332,2025-07-17,772.85,Changed Mind
R005833,O0070022,C103332,2025-10-01,5080.15,Better Price Found
R005834,O0070025,C103332,2025-10-04,4247.04,Defective Product
R005835,O0070028,C103332,2025-10-31,23791.05,Defective Product
R005836,O0070038,C103332,2026-01-22,2232.3,Defective Product
R005837,O0070049,C103334,2026-04-06,160.68,Late Delivery
R005838,O0070061,C103337,2024-10-01,5294.88,Not as Described
R005839,O0070087,C103339,2023-07-01,27703.26,Changed Mind
R005840,O0070097,C103339,2024-01-13,17264.1,Not as Described
R005841,O0070108,C103339,2025-08-10,955.68,Size Issue
R005842,O0070154,C103345,2023-07-02,401.32,Size Issue
R005843,O0070161,C103345,2023-10-15,5870.34,Defective Product
R005844,O0070170,C103345,2024-05-13,1035.38,Size Issue
R005845,O0070192,C103345,2025-02-01,2593.99,Late Delivery
R005846,O0070204,C103345,2025-08-04,21508.56,Changed Mind
R005847,O0070237,C103346,2026-08-09,39735.91,Late Delivery
R005848,O0070242,C103347,2025-05-04,19627.74,Late Delivery
R005849,O0070248,C103348,2024-01-27,6454.64,Changed Mind
R005850,O0070250,C103348,2024-02-05,22060.16,Better Price Found
R005851,O0070266,C103349,2025-12-09,1073.16,Better Price Found
R005852,O0070272,C103350,2026-03-30,7227.53,Late Delivery
R005853,O0070273,C103350,2026-04-08,9145.11,Late Delivery
R005854,O0070281,C103351,2024-08-03,25648.18,Not as Described
R005855,O0070308,C103352,2025-12-11,8761.35,Late Delivery
R005856,O0070330,C103352,2026-06-29,125213.01,Late Delivery
R005857,O0070333,C103352,2026-07-03,3230.67,Late Delivery
R005858,O0070338,C103353,2026-01-10,7571.23,Better Price Found
R005859,O0070339,C103353,2026-01-06,224.63,Size Issue
R005860,O0070345,C103354,2025-04-26,656.77,Changed Mind
R005861,O0070380,C103356,2024-09-19,4618.3,Size Issue
R005862,O0070391,C103358,2026-08-04,6853.91,Changed Mind
R005863,O0070393,C103360,2025-08-26,1399.98,Size Issue
R005864,O0070409,C103361,2023-09-19,35432.82,Not as Described
R005865,O0070424,C103361,2024-10-12,13590.95,Late Delivery
R005866,O0070428,C103361,2024-12-22,4487.28,Changed Mind
R005867,O0070431,C103361,2025-01-25,25387.01,Better Price Found
R005868,O0070432,C103361,2025-02-02,5142.56,Size Issue
R005869,O0070460,C103361,2025-11-30,6374.56,Not as Described
R005870,O0070474,C103361,2026-04-11,3204.5,Defective Product
R005871,O0070495,C103362,2025-06-28,46632.42,Late Delivery
R005872,O0070518,C103363,2025-02-07,47332.74,Changed Mind
R005873,O0070519,C103363,2025-02-23,2326.08,Changed Mind
R005874,O0070523,C103363,2025-03-10,470.07,Size Issue
R005875,O0070526,C103363,2025-03-23,239.88,Not as Described
R005876,O0070527,C103363,2025-04-03,8483.94,Changed Mind
R005877,O0070529,C103363,2025-04-13,1229.88,Changed Mind
R005878,O0070538,C103363,2025-07-28,2065.92,Size Issue
R005879,O0070547,C103363,2025-10-23,41852.31,Size Issue
R005880,O0070562,C103363,2025-12-31,22069.78,Size Issue
R005881,O0070578,C103363,2026-04-14,18623.98,Size Issue
R005882,O0070593,C103363,2026-08-01,3590.7,Late Delivery
R005883,O0070594,C103364,2026-05-24,777.84,Late Delivery
R005884,O0070595,C103364,2026-06-13,13689.42,Defective Product
R005885,O0070597,C103364,2026-06-20,19354.73,Not as Described
R005886,O0070613,C103366,2025-12-02,786.02,Size Issue
R005887,O0070616,C103366,2026-01-20,5851.16,Better Price Found
R005888,O0070626,C103366,2026-06-19,2249.43,Better Price Found
R005889,O0070638,C103367,2024-02-29,74162.47,Late Delivery
R005890,O0070669,C103370,2025-12-06,20232.44,Size Issue
R005891,O0070681,C103372,2023-10-14,8483.42,Not as Described
R005892,O0070685,C103372,2023-12-26,3955.2,Size Issue
R005893,O0070689,C103372,2024-02-04,431.33,Late Delivery
R005894,O0070711,C103372,2024-06-21,5948.95,Size Issue
R005895,O0070715,C103372,2024-08-01,8547.02,Better Price Found
R005896,O0070716,C103372,2024-08-22,38359.97,Not as Described
R005897,O0070734,C103372,2024-12-05,2449.01,Better Price Found
R005898,O0070741,C103372,2025-02-16,3218.75,Better Price Found
R005899,O0070750,C103372,2025-04-11,3590.51,Changed Mind
R005900,O0070755,C103372,2025-05-06,2633.66,Changed Mind
R005901,O0070766,C103372,2025-07-14,19676.64,Better Price Found
R005902,O0070773,C103372,2025-09-04,4640.79,Size Issue
R005903,O0070794,C103372,2025-12-24,43256.04,Size Issue
R005904,O0070796,C103372,2026-01-15,7958.15,Defective Product
R005905,O0070799,C103372,2026-02-02,1840.41,Changed Mind
R005906,O0070825,C103373,2023-08-17,5172.63,Late Delivery
R005907,O0070858,C103376,2025-01-02,346.71,Late Delivery
R005908,O0070886,C103378,2024-11-21,1275.69,Better Price Found
R005909,O0070903,C103378,2025-08-25,44848.49,Late Delivery
R005910,O0070910,C103378,2025-11-10,15090.63,Defective Product
R005911,O0070925,C103378,2026-07-13,2201.08,Defective Product
R005912,O0070929,C103379,2024-04-01,3889.56,Changed Mind
R005913,O0070945,C103379,2024-12-07,10828.39,Changed Mind
R005914,O0070951,C103379,2025-01-11,1146.86,Late Delivery
R005915,O0070955,C103379,2025-03-29,56599.51,Size Issue
R005916,O0070972,C103379,2026-01-23,3615.71,Defective Product
R005917,O0071032,C103383,2026-07-04,62478.52,Changed Mind
R005918,O0071037,C103384,2024-05-04,3103.22,Changed Mind
R005919,O0071039,C103385,2024-12-08,17571.19,Late Delivery
R005920,O0071042,C103385,2024-12-24,34957.93,Size Issue
R005921,O0071064,C103386,2023-12-25,24956.67,Better Price Found
R005922,O0071078,C103387,2026-04-29,33378.13,Changed Mind
R005923,O0071091,C103388,2024-01-27,999.76,Not as Described
R005924,O0071103,C103388,2024-12-21,30761.88,Defective Product
R005925,O0071114,C103389,2023-05-17,15582.02,Better Price Found
R005926,O0071119,C103389,2023-09-03,1708.96,Late Delivery
R005927,O0071122,C103389,2023-10-07,4892.97,Changed Mind
R005928,O0071147,C103389,2025-05-25,1883.89,Size Issue
R005929,O0071154,C103390,2025-10-12,2311.73,Not as Described
R005930,O0071155,C103390,2025-12-19,2744.49,Better Price Found
R005931,O0071158,C103390,2026-05-30,2194.08,Size Issue
R005932,O0071172,C103394,2025-11-08,7112.26,Size Issue
R005933,O0071178,C103394,2026-01-06,6793.09,Size Issue
R005934,O0071180,C103394,2026-01-11,4935.55,Changed Mind
R005935,O0071183,C103394,2026-03-01,5503.6,Late Delivery
R005936,O0071186,C103394,2026-03-20,18000.85,Size Issue
R005937,O0071187,C103394,2026-04-01,940.89,Late Delivery
R005938,O0071194,C103394,2026-05-13,2636.93,Defective Product
R005939,O0071196,C103394,2026-05-22,223.92,Not as Described
R005940,O0071206,C103395,2024-11-26,3177.07,Changed Mind
R005941,O0071214,C103395,2025-02-28,4809.3,Not as Described
R005942,O0071216,C103395,2025-03-19,2763.15,Late Delivery
R005943,O0071221,C103395,2025-08-12,4433.85,Changed Mind
R005944,O0071232,C103395,2026-02-18,1146.88,Changed Mind
R005945,O0071274,C103396,2025-03-06,4748.31,Size Issue
R005946,O0071276,C103396,2025-08-06,2015.87,Better Price Found
R005947,O0071287,C103397,2023-07-16,390.19,Late Delivery
R005948,O0071292,C103397,2023-09-22,16362.53,Defective Product
R005949,O0071298,C103398,2025-01-04,2880.83,Better Price Found
R005950,O0071313,C103398,2026-03-31,9329.78,Defective Product
R005951,O0071314,C103398,2026-04-02,5490.82,Better Price Found
R005952,O0071320,C103398,2026-06-01,15598.53,Size Issue
R005953,O0071321,C103398,2026-06-08,840.78,Defective Product
R005954,O0071323,C103398,2026-07-13,4432.6,Better Price Found
R005955,O0071331,C103399,2025-11-06,2315.54,Better Price Found
R005956,O0071361,C103401,2026-07-07,10387.61,Better Price Found
R005957,O0071367,C103403,2025-01-27,4010.83,Defective Product
R005958,O0071374,C103403,2026-03-28,1476.68,Defective Product
R005959,O0071393,C103408,2026-05-27,2219.27,Defective Product
R005960,O0071403,C103409,2025-06-19,3003.25,Defective Product
R005961,O0071406,C103409,2025-07-30,2156.35,Not as Described
R005962,O0071423,C103409,2026-03-02,7539.27,Changed Mind
R005963,O0071429,C103409,2026-05-23,1675.42,Late Delivery
R005964,O0071484,C103413,2025-08-02,10438.0,Not as Described
R005965,O0071488,C103413,2025-09-03,888.46,Late Delivery
R005966,O0071493,C103413,2026-01-03,108881.37,Better Price Found
R005967,O0071496,C103413,2026-03-24,29664.64,Not as Described
R005968,O0071511,C103415,2024-05-13,55283.98,Better Price Found
R005969,O0071519,C103415,2026-07-19,1006.45,Not as Described
R005970,O0071551,C103419,2025-07-31,1626.17,Changed Mind
R005971,O0071557,C103419,2025-10-16,527.44,Size Issue
R005972,O0071560,C103419,2026-01-10,110.65,Not as Described
R005973,O0071561,C103419,2026-01-22,4571.6,Not as Described
R005974,O0071565,C103419,2026-02-22,3693.74,Not as Described
R005975,O0071568,C103419,2026-03-13,875.68,Size Issue
R005976,O0071583,C103420,2025-07-27,17177.13,Changed Mind
R005977,O0071591,C103422,2026-07-25,15818.28,Defective Product
R005978,O0071603,C103424,2024-03-30,224.7,Late Delivery
R005979,O0071607,C103424,2024-04-24,9104.99,Size Issue
R005980,O0071612,C103424,2024-06-09,8931.98,Not as Described
R005981,O0071615,C103424,2024-06-28,905.93,Size Issue
R005982,O0071617,C103424,2024-07-16,10787.53,Late Delivery
R005983,O0071642,C103424,2025-01-26,19905.21,Better Price Found
R005984,O0071645,C103424,2025-01-31,12284.76,Better Price Found
R005985,O0071650,C103424,2025-03-22,5294.93,Not as Described
R005986,O0071652,C103424,2025-03-19,3210.17,Defective Product
R005987,O0071661,C103424,2025-05-15,8681.96,Size Issue
R005988,O0071674,C103424,2025-09-01,4993.2,Late Delivery
R005989,O0071676,C103424,2025-08-31,228.99,Not as Described
R005990,O0071677,C103424,2025-08-28,27350.92,Changed Mind
R005991,O0071681,C103424,2025-10-01,23855.56,Not as Described
R005992,O0071688,C103424,2025-11-30,22216.96,Size Issue
R005993,O0071699,C103424,2026-02-17,568.09,Late Delivery
R005994,O0071707,C103424,2026-06-13,1134.81,Not as Described
R005995,O0071719,C103425,2024-02-23,23568.17,Size Issue
R005996,O0071745,C103425,2026-04-17,10564.92,Changed Mind
R005997,O0071762,C103427,2024-07-17,68826.04,Late Delivery
R005998,O0071764,C103427,2024-09-11,2947.63,Changed Mind
R005999,O0071767,C103427,2024-11-06,3136.12,Size Issue
R006000,O0071776,C103427,2025-03-16,8186.56,Better Price Found
R006001,O0071791,C103427,2025-09-12,1618.41,Better Price Found
R006002,O0071792,C103427,2025-09-30,13405.56,Defective Product
R006003,O0071804,C103427,2026-03-24,26429.12,Size Issue
R006004,O0071811,C103427,2026-07-10,2378.92,Not as Described
R006005,O0071821,C103428,2024-04-28,1459.24,Changed Mind
R006006,O0071822,C103428,2024-06-18,8011.23,Changed Mind
R006007,O0071824,C103428,2024-08-04,45074.34,Defective Product
R006008,O0071833,C103428,2024-12-31,7610.96,Size Issue
R006009,O0071841,C103428,2025-07-08,1828.64,Size Issue
R006010,O0071843,C103428,2025-08-28,6450.54,Defective Product
R006011,O0071849,C103428,2025-12-05,30547.04,Late Delivery
R006012,O0071855,C103428,2026-04-25,28746.75,Defective Product
R006013,O0071857,C103428,2026-05-24,28418.8,Defective Product
R006014,O0071885,C103429,2024-01-16,4671.95,Better Price Found
R006015,O0071889,C103429,2024-02-21,1360.42,Better Price Found
R006016,O0071892,C103429,2024-02-25,24814.67,Size Issue
R006017,O0071894,C103429,2024-03-16,1140.58,Late Delivery
R006018,O0071904,C103429,2024-06-27,13003.27,Not as Described
R006019,O0071906,C103429,2024-07-02,7967.31,Better Price Found
R006020,O0071912,C103429,2024-07-26,1742.95,Late Delivery
R006021,O0071921,C103429,2024-11-19,14957.66,Defective Product
R006022,O0071923,C103429,2024-11-26,835.81,Changed Mind
R006023,O0071926,C103429,2024-12-19,2434.19,Not as Described
R006024,O0071948,C103429,2025-05-30,5132.53,Better Price Found
R006025,O0071959,C103429,2025-09-23,11097.28,Not as Described
R006026,O0071963,C103429,2025-11-13,35512.95,Not as Described
R006027,O0071970,C103429,2026-02-10,1053.49,Size Issue
R006028,O0071974,C103429,2026-04-05,3599.91,Not as Described
R006029,O0071981,C103429,2026-05-18,66645.83,Not as Described
R006030,O0071991,C103429,2026-06-28,29662.36,Better Price Found
R006031,O0071997,C103430,2024-06-10,2835.84,Defective Product
R006032,O0072001,C103430,2024-09-15,1861.4,Size Issue
R006033,O0072025,C103430,2026-02-28,3403.31,Changed Mind
R006034,O0072044,C103431,2024-12-01,2540.58,Changed Mind
R006035,O0072058,C103431,2025-11-26,25840.93,Not as Described
R006036,O0072064,C103431,2026-07-01,63172.86,Not as Described
R006037,O0072065,C103431,2026-07-21,4156.2,Changed Mind
R006038,O0072068,C103432,2025-01-28,20393.02,Late Delivery
R006039,O0072119,C103432,2026-07-18,7291.31,Not as Described
R006040,O0072124,C103433,2023-12-30,1278.94,Late Delivery
R006041,O0072144,C103433,2024-09-03,7643.96,Late Delivery
R006042,O0072154,C103433,2025-03-05,14483.01,Better Price Found
R006043,O0072159,C103433,2025-05-04,2159.63,Better Price Found
R006044,O0072160,C103433,2025-05-26,31013.85,Size Issue
R006045,O0072170,C103433,2026-02-15,4005.86,Defective Product
R006046,O0072171,C103433,2026-02-18,7789.92,Late Delivery
R006047,O0072178,C103433,2026-05-20,8770.5,Better Price Found
R006048,O0072191,C103435,2025-11-13,26646.53,Changed Mind
R006049,O0072231,C103441,2024-03-14,2183.94,Changed Mind
R006050,O0072242,C103441,2025-02-27,80.44,Size Issue
R006051,O0072260,C103441,2026-07-13,41511.32,Better Price Found
R006052,O0072264,C103442,2024-11-05,1216.04,Late Delivery
R006053,O0072291,C103443,2025-01-14,69.57,Changed Mind
R006054,O0072326,C103443,2026-01-08,34151.16,Defective Product
R006055,O0072331,C103443,2026-02-15,22494.41,Not as Described
R006056,O0072340,C103443,2026-04-18,11864.9,Better Price Found
R006057,O0072363,C103444,2024-11-12,2007.61,Defective Product
R006058,O0072394,C103446,2024-04-12,235.79,Changed Mind
R006059,O0072395,C103446,2024-04-28,336.68,Late Delivery
R006060,O0072404,C103446,2024-08-24,48707.89,Better Price Found
R006061,O0072415,C103446,2025-03-26,37275.81,Late Delivery
R006062,O0072435,C103446,2025-12-26,5237.53,Defective Product
R006063,O0072436,C103446,2026-01-06,23987.83,Changed Mind
R006064,O0072437,C103446,2026-01-10,8217.65,Better Price Found
R006065,O0072443,C103446,2026-04-17,2262.72,Changed Mind
R006066,O0072456,C103448,2024-09-08,4012.93,Better Price Found
R006067,O0072474,C103451,2024-04-18,26370.52,Better Price Found
R006068,O0072495,C103452,2025-04-20,1633.86,Not as Described
R006069,O0072520,C103454,2025-06-27,82.32,Defective Product
R006070,O0072532,C103454,2026-07-29,444.15,Size Issue
R006071,O0072542,C103455,2026-01-13,375.59,Defective Product
R006072,O0072553,C103456,2023-12-20,1860.79,Changed Mind
R006073,O0072586,C103457,2024-04-03,171.46,Changed Mind
R006074,O0072607,C103457,2024-11-22,5577.55,Not as Described
R006075,O0072630,C103457,2025-07-13,13593.05,Size Issue
R006076,O0072650,C103457,2025-12-04,5859.0,Defective Product
R006077,O0072704,C103459,2026-05-21,4727.58,Defective Product
R006078,O0072707,C103459,2026-06-25,2083.02,Size Issue
R006079,O0072721,C103460,2024-12-04,4820.55,Better Price Found
R006080,O0072773,C103462,2026-07-18,1500.57,Not as Described
R006081,O0072781,C103464,2025-07-28,45285.55,Changed Mind
R006082,O0072783,C103464,2026-05-21,2026.55,Size Issue
R006083,O0072793,C103465,2025-02-04,14828.45,Defective Product
R006084,O0072799,C103465,2025-05-31,12403.44,Size Issue
R006085,O0072801,C103465,2025-07-25,807.3,Not as Described
R006086,O0072804,C103465,2025-08-14,3660.45,Size Issue
R006087,O0072809,C103465,2025-09-23,12944.93,Better Price Found
R006088,O0072824,C103465,2026-02-11,16262.83,Better Price Found
R006089,O0072846,C103465,2026-07-06,7368.31,Late Delivery
R006090,O0072854,C103467,2023-06-15,46139.62,Changed Mind
R006091,O0072859,C103467,2023-09-01,1197.16,Not as Described
R006092,O0072878,C103467,2024-03-25,7656.24,Late Delivery
R006093,O0072883,C103467,2024-03-30,2162.69,Better Price Found
R006094,O0072890,C103467,2024-05-02,47623.06,Better Price Found
R006095,O0072901,C103467,2024-07-23,24502.66,Changed Mind
R006096,O0072929,C103467,2025-04-07,6341.92,Changed Mind
R006097,O0072931,C103467,2025-04-26,11323.01,Not as Described
R006098,O0072934,C103467,2025-05-09,2896.2,Changed Mind
R006099,O0072939,C103467,2025-07-06,4103.62,Not as Described
R006100,O0072950,C103467,2025-11-21,6270.07,Not as Described
R006101,O0072951,C103467,2025-11-20,923.29,Not as Described
R006102,O0072956,C103467,2026-01-19,12492.46,Late Delivery
R006103,O0072960,C103467,2026-01-22,7596.36,Better Price Found
R006104,O0072974,C103467,2026-04-15,21750.17,Better Price Found
R006105,O0072978,C103467,2026-05-15,1424.69,Late Delivery
R006106,O0072984,C103467,2026-06-26,5211.73,Size Issue
R006107,O0072989,C103468,2026-07-09,3408.68,Changed Mind
R006108,O0073008,C103472,2024-06-17,9212.02,Late Delivery
R006109,O0073023,C103472,2025-10-27,3743.71,Changed Mind
R006110,O0073035,C103473,2024-04-04,1240.94,Late Delivery
R006111,O0073043,C103473,2024-09-13,2337.74,Changed Mind
R006112,O0073054,C103473,2025-04-25,6602.59,Changed Mind
R006113,O0073065,C103473,2026-05-28,4095.24,Better Price Found
R006114,O0073070,C103474,2024-06-10,1160.2,Size Issue
R006115,O0073085,C103474,2025-07-20,8771.5,Defective Product
R006116,O0073089,C103474,2025-11-06,17167.61,Defective Product
R006117,O0073106,C103475,2026-04-03,60563.86,Defective Product
R006118,O0073107,C103475,2026-04-17,26115.7,Size Issue
R006119,O0073118,C103476,2026-04-22,3248.41,Better Price Found
R006120,O0073133,C103478,2024-05-25,1858.59,Not as Described
R006121,O0073137,C103478,2024-07-04,11524.2,Late Delivery
R006122,O0073141,C103478,2024-09-27,3189.28,Not as Described
R006123,O0073143,C103478,2024-10-12,2382.25,Size Issue
R006124,O0073145,C103478,2025-01-18,4623.01,Size Issue
R006125,O0073168,C103479,2025-09-16,57667.57,Not as Described
R006126,O0073169,C103479,2025-09-22,73861.18,Changed Mind
R006127,O0073171,C103479,2026-01-01,79749.87,Not as Described
R006128,O0073178,C103479,2026-05-01,22671.23,Size Issue
R006129,O0073216,C103484,2025-08-23,1038.52,Changed Mind
R006130,O0073225,C103484,2026-03-02,2779.69,Size Issue
R006131,O0073236,C103486,2024-11-15,2394.28,Defective Product
R006132,O0073247,C103486,2025-05-09,15449.85,Defective Product
R006133,O0073275,C103487,2024-03-21,4096.7,Defective Product
R006134,O0073278,C103487,2025-10-29,16976.21,Changed Mind
R006135,O0073299,C103489,2023-08-04,9737.88,Defective Product
R006136,O0073310,C103489,2025-08-06,3331.98,Size Issue
R006137,O0073311,C103489,2025-11-30,20326.78,Late Delivery
R006138,O0073319,C103490,2023-10-29,124159.4,Late Delivery
R006139,O0073342,C103490,2024-12-11,24029.68,Late Delivery
R006140,O0073347,C103490,2025-11-13,12716.96,Not as Described
R006141,O0073363,C103491,2025-03-28,3033.59,Better Price Found
R006142,O0073372,C103491,2025-09-20,3714.5,Better Price Found
R006143,O0073376,C103491,2025-11-12,78399.2,Changed Mind
R006144,O0073389,C103491,2026-04-23,4003.67,Late Delivery
R006145,O0073403,C103492,2026-03-28,14725.15,Defective Product
R006146,O0073415,C103493,2024-12-23,661.46,Not as Described
R006147,O0073418,C103493,2025-01-30,1452.48,Not as Described
R006148,O0073422,C103493,2025-06-18,863.27,Late Delivery
R006149,O0073433,C103493,2025-12-30,4244.32,Defective Product
R006150,O0073443,C103493,2026-06-24,1406.71,Size Issue
R006151,O0073466,C103495,2024-08-11,18251.16,Defective Product
R006152,O0073483,C103495,2025-06-15,772.2,Not as Described
R006153,O0073495,C103495,2025-09-27,1461.05,Defective Product
R006154,O0073507,C103495,2025-11-22,2315.75,Not as Described
R006155,O0073511,C103495,2025-12-23,42451.36,Defective Product
R006156,O0073518,C103495,2026-02-01,3657.44,Defective Product
R006157,O0073541,C103495,2026-08-09,2067.49,Better Price Found
R006158,O0073555,C103497,2026-01-20,7490.52,Defective Product
R006159,O0073577,C103499,2023-02-25,1449.73,Size Issue
R006160,O0073602,C103499,2023-10-14,27985.56,Late Delivery
R006161,O0073614,C103499,2024-01-26,13861.21,Defective Product
R006162,O0073629,C103499,2024-06-10,6374.94,Changed Mind
R006163,O0073673,C103499,2025-05-31,2525.39,Better Price Found
R006164,O0073689,C103499,2025-10-07,8038.08,Size Issue
R006165,O0073709,C103499,2026-03-19,10351.5,Changed Mind
R006166,O0073716,C103499,2026-06-04,2858.22,Late Delivery
R006167,O0073717,C103499,2026-06-14,4246.55,Defective Product
R006168,O0073737,C103500,2025-03-29,15710.1,Changed Mind
R006169,O0073757,C103502,2025-09-18,12781.77,Changed Mind
R006170,O0073780,C103502,2026-05-28,54797.58,Defective Product
R006171,O0073792,C103502,2026-07-27,3983.27,Changed Mind
R006172,O0073793,C103502,2026-08-02,40959.48,Size Issue
R006173,O0073795,C103503,2024-02-04,1787.4,Not as Described
R006174,O0073830,C103504,2024-09-09,3521.29,Defective Product
R006175,O0073842,C103504,2025-06-06,2727.07,Size Issue
R006176,O0073859,C103504,2026-06-09,5127.61,Changed Mind
R006177,O0073865,C103504,2026-07-30,3442.53,Defective Product
R006178,O0073876,C103505,2023-06-22,6227.08,Changed Mind
R006179,O0073879,C103505,2023-07-01,3257.95,Changed Mind
R006180,O0073908,C103505,2024-03-01,2586.46,Changed Mind
R006181,O0073926,C103505,2024-08-15,12172.65,Better Price Found
R006182,O0073941,C103505,2025-03-06,3912.13,Size Issue
R006183,O0073958,C103505,2026-02-01,5591.1,Better Price Found
R006184,O0073963,C103507,2023-10-09,5314.82,Not as Described
R006185,O0073970,C103507,2024-05-03,12366.69,Changed Mind
R006186,O0073979,C103507,2026-04-30,1633.31,Defective Product
R006187,O0074005,C103509,2024-12-21,3538.34,Not as Described
R006188,O0074015,C103509,2025-06-10,3005.66,Better Price Found
R006189,O0074021,C103509,2025-11-01,40315.32,Defective Product
R006190,O0074024,C103509,2025-11-19,1698.09,Size Issue
R006191,O0074039,C103509,2026-05-12,78201.02,Changed Mind
R006192,O0074040,C103509,2026-05-18,16950.78,Defective Product
R006193,O0074048,C103510,2024-05-16,1998.05,Not as Described
R006194,O0074060,C103510,2025-12-07,9667.4,Late Delivery
R006195,O0074063,C103510,2026-02-09,2407.98,Defective Product
R006196,O0074076,C103512,2026-04-05,4384.91,Size Issue
R006197,O0074078,C103512,2026-04-12,10385.43,Changed Mind
R006198,O0074079,C103512,2026-04-19,5851.42,Defective Product
R006199,O0074081,C103512,2026-06-02,42457.73,Changed Mind
R006200,O0074082,C103512,2026-05-29,5398.12,Size Issue
R006201,O0074096,C103513,2025-01-08,1572.94,Size Issue
R006202,O0074099,C103513,2025-03-24,7577.83,Better Price Found
R006203,O0074101,C103513,2025-06-16,2034.89,Late Delivery
R006204,O0074112,C103513,2025-12-27,4097.18,Defective Product
R006205,O0074116,C103513,2026-02-09,18688.61,Changed Mind
R006206,O0074120,C103513,2026-04-03,6195.47,Size Issue
R006207,O0074126,C103513,2026-06-20,14326.21,Size Issue
R006208,O0074147,C103515,2024-06-15,3340.03,Late Delivery
R006209,O0074153,C103515,2024-12-19,926.07,Size Issue
R006210,O0074155,C103515,2025-03-31,2597.27,Late Delivery
R006211,O0074159,C103515,2025-12-02,6967.87,Better Price Found
R006212,O0074168,C103517,2023-12-16,28840.47,Changed Mind
R006213,O0074175,C103517,2024-02-08,73184.56,Defective Product
R006214,O0074182,C103517,2024-05-31,124356.11,Defective Product
R006215,O0074183,C103517,2024-06-23,23180.75,Changed Mind
R006216,O0074208,C103517,2025-02-18,2096.65,Better Price Found
R006217,O0074214,C103517,2025-05-18,3826.01,Defective Product
R006218,O0074234,C103517,2025-11-05,141.19,Late Delivery
R006219,O0074238,C103517,2025-11-24,472.82,Late Delivery
R006220,O0074242,C103517,2025-12-16,481.47,Not as Described
R006221,O0074248,C103517,2026-02-04,13729.8,Size Issue
R006222,O0074250,C103517,2026-03-05,23725.3,Defective Product
R006223,O0074282,C103519,2025-04-28,805.33,Size Issue
R006224,O0074299,C103520,2026-05-01,722.77,Size Issue
R006225,O0074303,C103521,2025-03-21,3906.41,Not as Described
R006226,O0074313,C103523,2024-06-10,2424.11,Defective Product
R006227,O0074317,C103523,2024-08-30,785.84,Defective Product
R006228,O0074331,C103523,2025-09-12,2404.95,Defective Product
R006229,O0074332,C103523,2025-12-26,3518.3,Changed Mind
R006230,O0074346,C103525,2024-03-15,131360.55,Size Issue
R006231,O0074347,C103525,2024-08-03,4832.16,Changed Mind
R006232,O0074348,C103525,2024-10-05,8938.08,Size Issue
R006233,O0074363,C103527,2023-06-20,47041.76,Not as Described
R006234,O0074365,C103527,2023-07-02,19858.89,Late Delivery
R006235,O0074379,C103527,2023-12-03,10319.42,Defective Product
R006236,O0074383,C103527,2023-12-25,5680.02,Size Issue
R006237,O0074385,C103527,2024-01-01,11994.59,Size Issue
R006238,O0074387,C103527,2024-01-18,23634.1,Size Issue
R006239,O0074418,C103527,2024-10-17,4493.47,Not as Described
R006240,O0074426,C103527,2024-11-20,106.24,Size Issue
R006241,O0074443,C103527,2025-05-14,19443.66,Changed Mind
R006242,O0074460,C103527,2025-12-27,7453.15,Size Issue
R006243,O0074466,C103527,2026-02-01,3491.8,Defective Product
R006244,O0074477,C103527,2026-05-05,7449.96,Defective Product
R006245,O0074488,C103527,2026-07-27,15054.77,Size Issue
R006246,O0074489,C103527,2026-08-04,5022.46,Size Issue
R006247,O0074500,C103529,2023-12-05,794.27,Late Delivery
R006248,O0074503,C103529,2024-03-23,1068.03,Not as Described
R006249,O0074505,C103529,2024-07-27,1090.57,Not as Described
R006250,O0074506,C103529,2024-11-03,10838.15,Defective Product
R006251,O0074525,C103530,2024-03-30,907.98,Better Price Found
R006252,O0074543,C103530,2024-08-27,515.75,Late Delivery
R006253,O0074549,C103530,2024-11-13,6250.72,Not as Described
R006254,O0074588,C103530,2025-11-26,67009.18,Better Price Found
R006255,O0074592,C103530,2025-12-25,3055.79,Size Issue
R006256,O0074604,C103530,2026-05-30,16722.45,Not as Described
R006257,O0074608,C103530,2026-07-20,27480.45,Changed Mind
R006258,O0074647,C103531,2024-11-28,13470.17,Late Delivery
R006259,O0074669,C103531,2025-06-07,3905.22,Late Delivery
R006260,O0074694,C103531,2026-04-24,13434.75,Defective Product
R006261,O0074704,C103531,2026-07-19,4135.81,Size Issue
R006262,O0074710,C103532,2024-02-12,169.25,Not as Described
R006263,O0074711,C103532,2024-03-06,4951.89,Size Issue
R006264,O0074752,C103534,2025-05-15,12297.33,Defective Product
R006265,O0074755,C103534,2025-07-02,7231.68,Not as Described
R006266,O0074775,C103535,2026-07-21,2749.68,Defective Product
R006267,O0074791,C103536,2024-10-09,1030.63,Not as Described
R006268,O0074793,C103536,2024-11-02,3648.93,Size Issue
R006269,O0074814,C103536,2025-03-26,1236.67,Not as Described
R006270,O0074824,C103536,2025-06-12,6087.11,Size Issue
R006271,O0074825,C103536,2025-06-11,863.2,Better Price Found
R006272,O0074827,C103536,2025-06-17,7757.79,Size Issue
R006273,O0074832,C103536,2025-08-07,3672.82,Better Price Found
R006274,O0074854,C103536,2026-03-09,15723.7,Not as Described
R006275,O0074865,C103536,2026-05-23,3735.63,Not as Described
R006276,O0074873,C103536,2026-07-10,4874.23,Late Delivery
R006277,O0074874,C103536,2026-07-13,20737.27,Changed Mind
R006278,O0074888,C103539,2025-04-13,4252.36,Changed Mind
R006279,O0074891,C103540,2025-11-16,6116.27,Size Issue
R006280,O0074905,C103540,2026-07-25,1599.51,Defective Product
R006281,O0074930,C103543,2025-06-03,10424.6,Not as Described
R006282,O0074933,C103543,2026-01-20,15166.89,Late Delivery
R006283,O0074947,C103545,2026-04-18,5111.79,Changed Mind
R006284,O0074972,C103546,2025-06-17,1136.99,Not as Described
R006285,O0075007,C103548,2025-09-07,1235.81,Not as Described
R006286,O0075032,C103550,2024-10-30,7384.12,Defective Product
R006287,O0075036,C103550,2025-02-10,4257.08,Late Delivery
R006288,O0075047,C103550,2025-05-17,807.29,Changed Mind
R006289,O0075049,C103550,2025-06-01,1695.68,Not as Described
R006290,O0075056,C103550,2025-07-14,887.69,Size Issue
R006291,O0075066,C103550,2025-10-25,28156.81,Not as Described
R006292,O0075069,C103550,2025-11-09,8707.03,Not as Described
R006293,O0075077,C103550,2026-01-17,2613.2,Not as Described
R006294,O0075088,C103550,2026-05-17,4376.23,Better Price Found
R006295,O0075097,C103550,2026-07-25,5988.64,Defective Product
R006296,O0075102,C103551,2026-06-05,205.79,Better Price Found
R006297,O0075122,C103553,2024-11-29,9625.96,Better Price Found
R006298,O0075124,C103553,2025-01-13,12987.0,Size Issue
R006299,O0075125,C103553,2025-01-28,24578.71,Defective Product
R006300,O0075140,C103553,2025-07-25,11365.24,Late Delivery
R006301,O0075145,C103553,2025-09-04,2274.1,Defective Product
R006302,O0075146,C103553,2025-10-24,2103.74,Late Delivery
R006303,O0075155,C103553,2026-02-18,18233.98,Late Delivery
R006304,O0075159,C103553,2026-03-16,76485.63,Size Issue
R006305,O0075179,C103553,2026-07-07,6081.82,Better Price Found
R006306,O0075211,C103555,2026-06-30,45885.36,Better Price Found
R006307,O0075225,C103556,2025-11-24,10738.38,Not as Described
R006308,O0075229,C103556,2026-02-10,10957.17,Late Delivery
R006309,O0075241,C103558,2026-03-12,12980.18,Late Delivery
R006310,O0075242,C103558,2026-03-23,1157.24,Changed Mind
R006311,O0075249,C103559,2024-02-19,3428.53,Size Issue
R006312,O0075253,C103559,2024-04-30,2433.33,Changed Mind
R006313,O0075254,C103559,2024-05-11,5321.44,Not as Described
R006314,O0075263,C103559,2024-09-21,13267.58,Size Issue
R006315,O0075265,C103559,2024-10-04,1115.43,Defective Product
R006316,O0075269,C103559,2024-11-11,634.83,Late Delivery
R006317,O0075284,C103559,2025-03-27,448.65,Defective Product
R006318,O0075286,C103559,2025-04-19,3399.61,Not as Described
R006319,O0075303,C103559,2025-10-20,7907.71,Late Delivery
R006320,O0075309,C103559,2025-10-30,6158.93,Size Issue
R006321,O0075321,C103559,2026-02-28,4076.21,Late Delivery
R006322,O0075335,C103559,2026-06-12,2612.94,Not as Described
R006323,O0075337,C103559,2026-06-25,1182.27,Better Price Found
R006324,O0075349,C103560,2023-12-23,4000.82,Defective Product
R006325,O0075357,C103560,2024-05-26,17667.59,Defective Product
R006326,O0075399,C103562,2024-12-04,1235.32,Size Issue
R006327,O0075407,C103562,2025-08-02,4160.89,Not as Described
R006328,O0075438,C103563,2026-01-06,20571.77,Not as Described
R006329,O0075451,C103564,2026-08-04,14933.88,Not as Described
R006330,O0075455,C103566,2024-12-01,3373.32,Better Price Found
R006331,O0075483,C103568,2023-11-11,907.67,Better Price Found
R006332,O0075486,C103568,2024-03-20,3827.21,Not as Described
R006333,O0075488,C103568,2024-03-21,2067.46,Better Price Found
R006334,O0075500,C103568,2025-02-04,6567.06,Size Issue
R006335,O0075503,C103568,2025-04-01,12608.1,Changed Mind
R006336,O0075506,C103568,2025-04-25,2069.82,Changed Mind
R006337,O0075511,C103568,2025-07-03,1940.49,Better Price Found
R006338,O0075513,C103568,2025-07-23,63170.33,Better Price Found
R006339,O0075521,C103568,2025-10-05,4754.13,Changed Mind
R006340,O0075523,C103568,2025-10-30,1557.53,Size Issue
R006341,O0075550,C103568,2026-07-07,47803.04,Changed Mind
R006342,O0075600,C103569,2026-04-11,3702.88,Late Delivery
R006343,O0075621,C103571,2025-10-31,369.85,Late Delivery
R006344,O0075629,C103572,2024-01-17,13180.49,Not as Described
R006345,O0075634,C103573,2023-08-03,4681.34,Size Issue
R006346,O0075636,C103573,2023-12-08,790.31,Changed Mind
R006347,O0075664,C103575,2025-09-21,5040.77,Changed Mind
R006348,O0075665,C103575,2025-09-22,14260.96,Late Delivery
R006349,O0075674,C103575,2026-01-09,1059.22,Changed Mind
R006350,O0075692,C103577,2026-06-17,7775.8,Late Delivery
R006351,O0075694,C103577,2026-08-03,4594.52,Late Delivery
R006352,O0075706,C103580,2025-04-23,2662.85,Better Price Found
R006353,O0075708,C103580,2025-05-15,18123.98,Defective Product
R006354,O0075710,C103580,2025-07-29,3944.53,Late Delivery
R006355,O0075711,C103580,2025-08-08,651.67,Better Price Found
R006356,O0075714,C103580,2025-10-21,5436.46,Better Price Found
R006357,O0075715,C103580,2025-11-06,213.93,Defective Product
R006358,O0075719,C103580,2025-12-09,555.66,Changed Mind
R006359,O0075722,C103580,2026-01-09,9611.72,Size Issue
R006360,O0075727,C103580,2026-04-16,3870.58,Changed Mind
R006361,O0075737,C103580,2026-07-30,22323.06,Size Issue
R006362,O0075738,C103580,2026-08-07,5077.32,Defective Product
R006363,O0075740,C103581,2026-01-16,1033.69,Defective Product
R006364,O0075746,C103581,2026-07-21,38086.33,Defective Product
R006365,O0075747,C103582,2024-04-05,5514.4,Late Delivery
R006366,O0075749,C103582,2024-04-23,3754.6,Late Delivery
R006367,O0075767,C103583,2023-09-08,3772.23,Defective Product
R006368,O0075770,C103583,2023-12-11,1054.28,Not as Described
R006369,O0075780,C103583,2024-12-21,2056.04,Size Issue
R006370,O0075791,C103584,2026-01-29,12355.95,Size Issue
R006371,O0075807,C103585,2024-03-20,8656.28,Changed Mind
R006372,O0075815,C103585,2024-05-19,5421.92,Defective Product
R006373,O0075831,C103585,2026-01-25,33630.72,Size Issue
R006374,O0075836,C103587,2024-09-08,7109.21,Defective Product
R006375,O0075838,C103587,2024-11-16,16963.23,Defective Product
R006376,O0075843,C103587,2025-05-16,13057.22,Defective Product
R006377,O0075851,C103587,2025-11-29,149.39,Late Delivery
R006378,O0075861,C103588,2026-06-01,15568.44,Defective Product
R006379,O0075879,C103589,2024-06-29,1336.31,Size Issue
R006380,O0075909,C103589,2026-02-02,2793.82,Defective Product
R006381,O0075923,C103589,2026-07-01,8019.33,Late Delivery
R006382,O0075934,C103590,2025-07-04,13428.58,Not as Described
R006383,O0075939,C103590,2025-08-26,4125.12,Defective Product
R006384,O0075955,C103590,2026-07-07,107126.98,Size Issue
R006385,O0075967,C103591,2025-07-31,9980.87,Size Issue
R006386,O0075968,C103591,2025-10-12,3418.49,Better Price Found
R006387,O0075972,C103591,2025-12-03,15234.23,Changed Mind
R006388,O0075980,C103592,2024-12-02,9777.48,Changed Mind
R006389,O0076005,C103593,2025-10-01,4036.58,Not as Described
R006390,O0076009,C103593,2025-10-27,5127.97,Late Delivery
R006391,O0076019,C103593,2026-04-16,20768.28,Size Issue
R006392,O0076023,C103593,2026-05-17,1213.37,Defective Product
R006393,O0076066,C103597,2025-08-24,22942.29,Not as Described
R006394,O0076068,C103598,2023-04-09,50089.06,Defective Product
R006395,O0076071,C103598,2023-06-12,9950.8,Not as Described
R006396,O0076109,C103601,2025-10-07,2483.15,Defective Product
R006397,O0076127,C103604,2026-05-10,272.43,Changed Mind
R006398,O0076186,C103607,2024-07-09,3663.35,Not as Described
R006399,O0076213,C103607,2025-06-06,26426.9,Size Issue
R006400,O0076215,C103607,2025-06-06,25838.83,Late Delivery
R006401,O0076219,C103607,2025-07-07,14744.89,Better Price Found
R006402,O0076231,C103607,2026-02-05,941.92,Late Delivery
R006403,O0076243,C103607,2026-07-23,4207.55,Not as Described
R006404,O0076250,C103608,2026-03-29,1840.17,Defective Product
R006405,O0076268,C103611,2024-10-15,3537.08,Defective Product
R006406,O0076274,C103612,2024-09-17,2375.88,Defective Product
R006407,O0076289,C103612,2025-04-09,6240.33,Size Issue
R006408,O0076290,C103612,2025-04-09,423.94,Better Price Found
R006409,O0076312,C103612,2025-10-10,2124.53,Late Delivery
R006410,O0076316,C103612,2025-11-10,744.82,Late Delivery
R006411,O0076318,C103612,2025-12-06,1193.03,Defective Product
R006412,O0076325,C103612,2026-02-06,19841.82,Late Delivery
R006413,O0076327,C103612,2026-03-18,7201.69,Size Issue
R006414,O0076332,C103612,2026-05-07,1579.25,Late Delivery
R006415,O0076339,C103612,2026-08-04,3929.46,Size Issue
R006416,O0076369,C103614,2025-08-08,18789.33,Size Issue
R006417,O0076371,C103614,2025-09-12,1897.45,Late Delivery
R006418,O0076381,C103614,2026-02-19,4670.76,Size Issue
R006419,O0076383,C103614,2026-03-14,13543.14,Defective Product
R006420,O0076387,C103614,2026-06-23,20795.61,Late Delivery
R006421,O0076392,C103615,2024-10-30,2453.59,Late Delivery
R006422,O0076394,C103615,2024-12-09,9504.99,Size Issue
R006423,O0076403,C103615,2025-02-16,21516.98,Not as Described
R006424,O0076404,C103615,2025-02-25,5472.35,Size Issue
R006425,O0076407,C103615,2025-03-15,10047.1,Not as Described
R006426,O0076441,C103615,2026-03-23,5110.99,Defective Product
R006427,O0076455,C103615,2026-06-28,196.87,Better Price Found
R006428,O0076465,C103616,2023-07-07,22081.57,Size Issue
R006429,O0076503,C103617,2024-06-25,7107.12,Not as Described
R006430,O0076508,C103617,2026-05-20,6054.93,Late Delivery
R006431,O0076510,C103618,2025-10-11,1141.87,Defective Product
R006432,O0076524,C103619,2025-10-17,1845.56,Defective Product
R006433,O0076531,C103620,2025-09-12,10682.54,Changed Mind
R006434,O0076541,C103620,2026-07-03,19707.94,Size Issue
R006435,O0076552,C103621,2026-03-26,1661.99,Size Issue
R006436,O0076585,C103623,2026-01-03,2107.64,Better Price Found
R006437,O0076606,C103625,2026-05-08,6208.34,Changed Mind
R006438,O0076617,C103627,2024-11-05,5741.12,Defective Product
R006439,O0076618,C103627,2024-12-25,1074.32,Late Delivery
R006440,O0076623,C103628,2025-08-06,28595.76,Not as Described
R006441,O0076629,C103628,2025-12-04,9170.18,Changed Mind
R006442,O0076643,C103631,2026-03-01,10596.29,Size Issue
R006443,O0076651,C103632,2025-01-26,985.43,Not as Described
R006444,O0076654,C103632,2025-02-15,113154.41,Not as Described
R006445,O0076708,C103634,2026-06-11,719.5,Size Issue
R006446,O0076719,C103635,2026-02-26,14385.93,Not as Described
R006447,O0076732,C103635,2026-06-29,9041.63,Late Delivery
R006448,O0076734,C103635,2026-07-16,13455.92,Changed Mind
R006449,O0076750,C103636,2025-02-11,6417.28,Better Price Found
R006450,O0076758,C103636,2025-12-20,663.19,Changed Mind
R006451,O0076766,C103637,2024-01-01,13562.11,Changed Mind
R006452,O0076769,C103637,2025-10-26,2286.77,Late Delivery
R006453,O0076771,C103637,2026-08-01,604.71,Better Price Found
R006454,O0076775,C103638,2026-06-27,2787.12,Defective Product
R006455,O0076778,C103639,2025-07-04,1322.27,Better Price Found
R006456,O0076779,C103639,2026-03-02,18020.58,Size Issue
R006457,O0076786,C103640,2025-06-30,2395.28,Not as Described
R006458,O0076800,C103640,2025-11-19,12091.9,Size Issue
R006459,O0076802,C103640,2025-12-01,6954.18,Changed Mind
R006460,O0076815,C103640,2026-03-12,23492.11,Not as Described
R006461,O0076817,C103640,2026-04-12,1726.87,Late Delivery
R006462,O0076818,C103640,2026-04-09,11118.62,Defective Product
R006463,O0076824,C103640,2026-05-06,2877.72,Size Issue
R006464,O0076825,C103640,2026-05-06,11037.11,Not as Described
R006465,O0076826,C103640,2026-05-08,1102.26,Changed Mind
R006466,O0076832,C103640,2026-07-09,5344.11,Defective Product
R006467,O0076871,C103641,2024-12-29,96.94,Late Delivery
R006468,O0076880,C103641,2025-05-13,7816.74,Changed Mind
R006469,O0076882,C103641,2025-07-03,3013.84,Size Issue
R006470,O0076897,C103641,2026-05-23,16572.97,Late Delivery
R006471,O0076901,C103641,2026-06-21,4389.6,Late Delivery
R006472,O0076946,C103644,2024-12-14,23160.9,Late Delivery
R006473,O0076948,C103644,2024-12-21,6249.24,Changed Mind
R006474,O0076951,C103644,2025-01-21,1533.53,Better Price Found
R006475,O0076954,C103644,2025-02-28,1865.47,Not as Described
R006476,O0076961,C103644,2025-03-31,8459.63,Late Delivery
R006477,O0076970,C103644,2025-05-21,6268.07,Size Issue
R006478,O0076978,C103644,2025-07-24,4185.23,Late Delivery
R006479,O0076980,C103644,2025-08-28,5320.44,Size Issue
R006480,O0076991,C103644,2025-12-08,5701.44,Not as Described
R006481,O0077002,C103644,2026-02-07,20223.51,Changed Mind
R006482,O0077022,C103644,2026-07-12,12275.69,Changed Mind
R006483,O0077077,C103645,2026-07-06,4153.24,Better Price Found
R006484,O0077092,C103646,2025-01-06,5654.94,Size Issue
R006485,O0077098,C103646,2025-05-12,25624.93,Not as Described
R006486,O0077182,C103651,2025-05-06,5663.65,Not as Described
R006487,O0077183,C103651,2025-05-12,12709.51,Size Issue
R006488,O0077195,C103651,2026-01-19,124176.93,Late Delivery
R006489,O0077204,C103651,2026-04-15,1434.57,Changed Mind
R006490,O0077208,C103651,2026-05-29,5129.22,Defective Product
R006491,O0077211,C103651,2026-06-14,4121.41,Changed Mind
R006492,O0077216,C103651,2026-07-25,4039.86,Defective Product
R006493,O0077219,C103651,2026-07-29,5713.07,Not as Described
R006494,O0077232,C103652,2024-08-17,154.61,Better Price Found
R006495,O0077269,C103653,2025-02-06,5778.12,Defective Product
R006496,O0077272,C103653,2025-06-03,1169.98,Not as Described
R006497,O0077291,C103654,2025-05-19,7145.4,Late Delivery
R006498,O0077309,C103656,2024-01-31,832.71,Defective Product
R006499,O0077313,C103656,2024-09-10,13132.81,Late Delivery
R006500,O0077320,C103656,2025-03-17,1780.16,Defective Product
R006501,O0077335,C103657,2024-02-28,33704.24,Size Issue
R006502,O0077344,C103657,2024-04-16,831.6,Not as Described
R006503,O0077346,C103657,2024-05-04,768.19,Not as Described
R006504,O0077362,C103657,2024-11-17,3004.06,Late Delivery
R006505,O0077371,C103657,2025-02-22,137614.78,Defective Product
R006506,O0077429,C103658,2024-05-08,577.55,Late Delivery
R006507,O0077433,C103658,2025-01-14,3814.28,Size Issue
R006508,O0077446,C103658,2026-08-02,91320.42,Better Price Found
R006509,O0077449,C103659,2025-07-16,1709.48,Not as Described
R006510,O0077457,C103661,2025-12-25,2988.13,Defective Product
R006511,O0077467,C103661,2026-02-21,7223.68,Size Issue
R006512,O0077473,C103661,2026-04-09,16363.21,Changed Mind
R006513,O0077484,C103662,2023-02-02,1651.38,Better Price Found
R006514,O0077486,C103662,2023-02-26,1654.57,Defective Product
R006515,O0077490,C103662,2026-03-13,3227.75,Better Price Found
R006516,O0077504,C103664,2025-07-10,5639.01,Changed Mind
R006517,O0077513,C103665,2026-04-09,583.26,Not as Described
R006518,O0077527,C103667,2024-01-26,2790.49,Size Issue
R006519,O0077548,C103667,2024-10-12,3763.09,Size Issue
R006520,O0077555,C103667,2025-01-04,1805.0,Not as Described
R006521,O0077593,C103668,2023-08-25,2822.27,Not as Described
R006522,O0077602,C103668,2024-03-17,8872.34,Late Delivery
R006523,O0077603,C103668,2024-04-14,60669.86,Late Delivery
R006524,O0077621,C103668,2024-11-24,896.05,Changed Mind
R006525,O0077646,C103668,2025-07-11,2333.9,Not as Described
R006526,O0077655,C103668,2025-09-14,1472.6,Changed Mind
R006527,O0077671,C103668,2026-04-12,6183.93,Changed Mind
R006528,O0077675,C103668,2026-05-30,1431.63,Better Price Found
R006529,O0077690,C103670,2024-10-03,3497.26,Size Issue
R006530,O0077705,C103671,2023-12-26,879.63,Late Delivery
R006531,O0077729,C103671,2025-06-15,759.9,Defective Product
R006532,O0077738,C103672,2024-09-21,4358.87,Not as Described
R006533,O0077747,C103672,2026-02-16,9496.48,Late Delivery
R006534,O0077750,C103673,2026-05-02,14439.74,Size Issue
R006535,O0077768,C103676,2024-11-24,45413.42,Changed Mind
R006536,O0077769,C103676,2024-12-09,5899.08,Not as Described
R006537,O0077771,C103676,2025-02-25,3504.1,Changed Mind
R006538,O0077779,C103676,2026-01-06,14600.86,Not as Described
R006539,O0077793,C103677,2025-07-30,1690.13,Better Price Found
R006540,O0077825,C103679,2025-08-02,466.0,Size Issue
R006541,O0077826,C103679,2025-08-25,9906.86,Changed Mind
R006542,O0077835,C103679,2025-12-20,14190.89,Defective Product
R006543,O0077836,C103679,2025-12-25,6834.91,Changed Mind
R006544,O0077838,C103679,2026-01-14,12197.98,Changed Mind
R006545,O0077861,C103680,2023-06-28,10294.01,Late Delivery
R006546,O0077864,C103680,2024-02-06,1748.0,Not as Described
R006547,O0077881,C103681,2025-04-21,6482.76,Changed Mind
R006548,O0077882,C103681,2025-04-26,3585.92,Changed Mind
R006549,O0077884,C103681,2025-04-28,13298.43,Changed Mind
R006550,O0077889,C103681,2025-07-02,3729.57,Better Price Found
R006551,O0077893,C103681,2025-09-05,2685.69,Late Delivery
R006552,O0077896,C103681,2025-12-09,450.53,Late Delivery
R006553,O0077898,C103681,2025-12-14,8318.69,Better Price Found
R006554,O0077904,C103681,2026-05-19,1513.78,Late Delivery
R006555,O0077941,C103686,2025-08-28,1833.73,Late Delivery
R006556,O0077962,C103686,2026-05-16,2022.3,Changed Mind
R006557,O0077967,C103686,2026-06-26,30559.64,Better Price Found
R006558,O0077998,C103688,2025-10-04,6411.81,Late Delivery
R006559,O0078012,C103688,2026-01-16,38310.16,Defective Product
R006560,O0078026,C103689,2023-10-21,41645.38,Not as Described
R006561,O0078041,C103689,2024-09-03,1107.16,Size Issue
R006562,O0078055,C103689,2025-01-29,15205.04,Better Price Found
R006563,O0078058,C103689,2025-02-05,25811.56,Size Issue
R006564,O0078081,C103689,2025-06-17,12117.43,Late Delivery
R006565,O0078097,C103689,2025-11-04,1594.92,Not as Described
R006566,O0078099,C103689,2025-11-12,536.0,Not as Described
R006567,O0078149,C103692,2026-05-05,78725.24,Defective Product
R006568,O0078152,C103692,2026-05-27,2157.43,Late Delivery
R006569,O0078157,C103694,2024-07-08,9121.82,Late Delivery
R006570,O0078188,C103698,2026-06-10,3500.12,Better Price Found
R006571,O0078204,C103701,2023-06-09,11658.48,Changed Mind
R006572,O0078205,C103701,2023-06-18,17029.61,Changed Mind
R006573,O0078211,C103701,2023-10-05,1457.69,Late Delivery
R006574,O0078248,C103702,2026-07-27,6650.04,Changed Mind
R006575,O0078252,C103703,2023-12-17,4798.86,Late Delivery
R006576,O0078272,C103703,2025-10-29,1625.35,Late Delivery
R006577,O0078273,C103703,2025-11-03,3431.57,Better Price Found
R006578,O0078312,C103708,2025-10-15,21587.94,Defective Product
R006579,O0078320,C103708,2026-04-12,14878.67,Size Issue
R006580,O0078330,C103708,2026-07-22,6591.13,Defective Product
R006581,O0078349,C103709,2025-07-02,21227.0,Late Delivery
R006582,O0078358,C103709,2025-10-07,28715.3,Size Issue
R006583,O0078370,C103709,2026-02-06,10412.57,Late Delivery
R006584,O0078374,C103709,2026-03-30,3882.08,Changed Mind
R006585,O0078375,C103709,2026-04-04,1069.59,Changed Mind
R006586,O0078394,C103709,2026-07-10,15539.3,Defective Product
R006587,O0078396,C103709,2026-07-22,11750.61,Changed Mind
R006588,O0078411,C103710,2024-07-04,3880.78,Defective Product
R006589,O0078413,C103710,2025-04-29,28745.66,Changed Mind
R006590,O0078424,C103712,2026-01-09,8358.19,Late Delivery
R006591,O0078427,C103712,2026-02-25,4144.56,Late Delivery
R006592,O0078450,C103714,2026-04-15,1111.75,Size Issue
R006593,O0078469,C103716,2024-03-25,25098.13,Size Issue
R006594,O0078471,C103716,2024-04-09,48116.8,Size Issue
R006595,O0078512,C103716,2025-02-07,4482.59,Not as Described
R006596,O0078531,C103716,2025-07-08,11182.49,Defective Product
R006597,O0078557,C103716,2026-02-10,272.88,Changed Mind
R006598,O0078585,C103717,2024-04-01,6004.64,Late Delivery
R006599,O0078593,C103717,2024-09-16,6141.02,Changed Mind
R006600,O0078595,C103717,2024-10-21,2565.87,Better Price Found
R006601,O0078599,C103717,2024-12-08,30874.39,Not as Described
R006602,O0078613,C103717,2025-06-01,2148.53,Changed Mind
R006603,O0078636,C103717,2026-03-07,10335.51,Defective Product
R006604,O0078638,C103717,2026-04-07,62847.08,Not as Described
R006605,O0078639,C103717,2026-05-04,12745.66,Defective Product
R006606,O0078641,C103717,2026-06-05,1849.52,Late Delivery
R006607,O0078651,C103718,2025-07-11,21016.64,Size Issue
R006608,O0078670,C103720,2026-04-18,106174.58,Better Price Found
R006609,O0078681,C103721,2025-11-30,5797.81,Better Price Found
R006610,O0078683,C103721,2026-01-17,10858.38,Defective Product
R006611,O0078686,C103722,2024-09-24,35141.33,Not as Described
R006612,O0078687,C103722,2024-11-12,4001.04,Changed Mind
R006613,O0078704,C103722,2025-08-31,1485.3,Late Delivery
R006614,O0078728,C103723,2026-02-15,10188.07,Better Price Found
R006615,O0078751,C103725,2024-02-09,10104.55,Size Issue
R006616,O0078752,C103725,2024-02-17,1067.53,Defective Product
R006617,O0078761,C103725,2024-05-08,32250.85,Not as Described
R006618,O0078774,C103725,2024-08-07,3572.52,Changed Mind
R006619,O0078777,C103725,2024-09-27,5081.75,Not as Described
R006620,O0078782,C103725,2024-11-10,7681.86,Defective Product
R006621,O0078793,C103725,2025-01-17,2027.24,Not as Described
R006622,O0078803,C103725,2025-05-06,1475.13,Better Price Found
R006623,O0078811,C103725,2025-06-15,796.96,Size Issue
R006624,O0078833,C103725,2026-02-21,1163.97,Not as Described
R006625,O0078836,C103725,2026-03-26,8930.67,Better Price Found
R006626,O0078839,C103725,2026-04-30,1771.97,Changed Mind
R006627,O0078841,C103725,2026-04-28,5581.73,Changed Mind
R006628,O0078849,C103725,2026-07-17,8398.24,Late Delivery
R006629,O0078855,C103726,2025-03-29,37947.45,Better Price Found
R006630,O0078872,C103726,2025-08-11,107278.85,Size Issue
R006631,O0078897,C103726,2026-06-06,3405.87,Late Delivery
R006632,O0078899,C103726,2026-07-06,25017.08,Not as Described
R006633,O0078923,C103727,2025-02-02,3582.5,Defective Product
R006634,O0078932,C103727,2025-06-28,25189.94,Defective Product
R006635,O0078935,C103727,2025-08-07,6631.97,Size Issue
R006636,O0078953,C103727,2026-04-26,16857.66,Better Price Found
R006637,O0078954,C103727,2026-05-05,6667.78,Better Price Found
R006638,O0078961,C103727,2026-06-11,3036.98,Better Price Found
R006639,O0078966,C103727,2026-08-07,4065.72,Changed Mind
R006640,O0078984,C103731,2024-04-20,26240.85,Not as Described
R006641,O0079003,C103731,2025-08-10,16599.59,Size Issue
R006642,O0079026,C103732,2025-08-06,13113.48,Defective Product
R006643,O0079032,C103732,2025-09-22,11924.79,Changed Mind
R006644,O0079042,C103732,2025-12-07,385.26,Size Issue
R006645,O0079080,C103733,2025-05-06,60875.81,Size Issue
R006646,O0079095,C103733,2026-05-30,72930.1,Better Price Found
R006647,O0079105,C103734,2025-09-26,11641.71,Defective Product
R006648,O0079145,C103740,2024-10-08,1004.37,Late Delivery
R006649,O0079171,C103740,2025-05-01,7699.57,Better Price Found
R006650,O0079201,C103740,2026-07-06,594.21,Not as Described
R006651,O0079207,C103741,2026-03-20,10178.75,Size Issue
R006652,O0079225,C103742,2025-08-01,931.86,Late Delivery
R006653,O0079226,C103742,2025-09-27,5973.45,Changed Mind
R006654,O0079228,C103742,2025-11-19,1832.42,Late Delivery
R006655,O0079229,C103742,2026-03-03,2322.7,Not as Described
R006656,O0079237,C103743,2024-10-10,6224.86,Late Delivery
R006657,O0079240,C103743,2026-03-28,3756.29,Size Issue
R006658,O0079245,C103744,2026-07-05,11366.92,Defective Product
R006659,O0079271,C103745,2025-01-31,6330.4,Changed Mind
R006660,O0079301,C103745,2026-03-04,18826.69,Size Issue
R006661,O0079319,C103746,2026-06-14,19204.44,Not as Described
R006662,O0079332,C103749,2025-03-24,28231.32,Size Issue
R006663,O0079336,C103749,2025-05-29,811.69,Defective Product
R006664,O0079337,C103749,2025-06-24,15495.88,Size Issue
R006665,O0079390,C103756,2025-06-06,26908.24,Defective Product
R006666,O0079396,C103756,2025-11-05,22499.68,Not as Described
R006667,O0079410,C103757,2024-12-22,1432.1,Changed Mind
R006668,O0079411,C103757,2025-02-24,5304.69,Better Price Found
R006669,O0079412,C103757,2025-03-10,8042.38,Not as Described
R006670,O0079421,C103758,2025-07-14,510.92,Not as Described
R006671,O0079425,C103758,2025-09-25,2923.18,Late Delivery
R006672,O0079426,C103758,2025-10-03,4041.33,Changed Mind
R006673,O0079447,C103758,2026-06-06,1855.3,Late Delivery
R006674,O0079452,C103758,2026-06-24,1260.84,Size Issue
R006675,O0079459,C103759,2024-08-10,4382.31,Size Issue
R006676,O0079465,C103759,2024-11-14,2014.06,Defective Product
R006677,O0079511,C103762,2025-11-02,5369.94,Late Delivery
R006678,O0079514,C103762,2026-01-02,10552.7,Better Price Found
R006679,O0079522,C103762,2026-01-18,2791.36,Not as Described
R006680,O0079531,C103762,2026-03-20,4834.21,Defective Product
R006681,O0079560,C103764,2025-05-21,938.71,Changed Mind
R006682,O0079596,C103769,2025-03-22,5295.61,Changed Mind
R006683,O0079597,C103769,2025-04-23,7531.74,Defective Product
R006684,O0079598,C103769,2025-08-25,1339.48,Late Delivery
R006685,O0079606,C103771,2025-03-05,17036.07,Late Delivery
R006686,O0079633,C103773,2025-11-02,947.09,Defective Product
R006687,O0079635,C103773,2026-01-14,4003.67,Not as Described
R006688,O0079638,C103773,2026-04-29,4462.29,Changed Mind
R006689,O0079643,C103775,2024-05-16,1548.17,Not as Described
R006690,O0079667,C103777,2025-08-17,17207.05,Size Issue
R006691,O0079670,C103777,2025-09-24,3835.59,Changed Mind
R006692,O0079688,C103780,2024-02-19,29253.64,Changed Mind
R006693,O0079722,C103781,2025-02-09,3150.89,Not as Described
R006694,O0079726,C103781,2025-03-07,8549.68,Size Issue
R006695,O0079730,C103781,2025-05-22,5156.07,Not as Described
R006696,O0079741,C103781,2025-09-25,208.15,Size Issue
R006697,O0079752,C103781,2026-01-01,577.81,Better Price Found
R006698,O0079756,C103781,2026-02-01,2177.57,Not as Described
R006699,O0079766,C103781,2026-04-15,1388.59,Changed Mind
R006700,O0079770,C103781,2026-05-09,3630.34,Better Price Found
R006701,O0079773,C103781,2026-07-12,14433.86,Size Issue
R006702,O0079778,C103781,2026-08-01,4710.63,Late Delivery
R006703,O0079797,C103784,2026-07-08,19481.55,Changed Mind
R006704,O0079802,C103786,2024-05-11,4840.87,Better Price Found
R006705,O0079814,C103786,2025-10-05,30742.32,Late Delivery
R006706,O0079815,C103788,2025-07-13,9604.42,Changed Mind
R006707,O0079828,C103788,2026-07-20,2380.62,Changed Mind
R006708,O0079860,C103794,2026-03-19,10989.45,Size Issue
R006709,O0079883,C103796,2026-05-19,7717.46,Defective Product
R006710,O0079884,C103797,2023-05-12,11096.58,Defective Product
R006711,O0079891,C103797,2023-07-25,2324.08,Not as Described
R006712,O0079899,C103797,2023-10-27,1612.34,Changed Mind
R006713,O0079905,C103797,2024-01-16,27627.41,Not as Described
R006714,O0079906,C103797,2024-01-13,9567.21,Not as Described
R006715,O0079911,C103797,2024-02-26,621.63,Better Price Found
R006716,O0079922,C103797,2024-06-19,2203.49,Size Issue
R006717,O0079928,C103797,2024-07-20,4475.52,Changed Mind
R006718,O0079931,C103797,2024-08-15,8298.13,Changed Mind
R006719,O0079932,C103797,2024-08-15,2190.59,Defective Product
R006720,O0079942,C103797,2024-12-16,2735.06,Not as Described
R006721,O0079979,C103797,2025-08-22,5807.52,Not as Described
R006722,O0079984,C103797,2025-10-25,5009.16,Not as Described
R006723,O0079994,C103797,2026-01-19,2050.4,Size Issue
R006724,O0079995,C103797,2026-01-27,58252.21,Better Price Found
R006725,O0079996,C103797,2026-01-30,3244.77,Better Price Found
R006726,O0080000,C103797,2026-02-07,13267.73,Late Delivery
R006727,O0080027,C103798,2025-04-14,10419.48,Size Issue
R006728,O0080030,C103798,2025-08-23,3567.94,Defective Product
R006729,O0080036,C103798,2025-12-29,3060.83,Better Price Found
R006730,O0080044,C103799,2026-01-23,2808.43,Defective Product
R006731,O0080051,C103800,2023-04-21,21414.44,Better Price Found
R006732,O0080055,C103800,2023-10-23,4481.96,Size Issue
R006733,O0080082,C103801,2024-06-12,23510.64,Changed Mind
R006734,O0080084,C103801,2024-08-01,8180.05,Late Delivery
R006735,O0080119,C103808,2025-12-23,26299.62,Not as Described
R006736,O0080140,C103811,2025-05-29,954.7,Defective Product
R006737,O0080154,C103813,2025-06-03,6943.18,Changed Mind
R006738,O0080176,C103813,2026-02-26,185962.75,Changed Mind
R006739,O0080180,C103813,2026-03-03,24851.32,Better Price Found
R006740,O0080189,C103813,2026-05-30,20035.08,Changed Mind
R006741,O0080205,C103814,2025-04-26,21312.97,Size Issue
R006742,O0080214,C103814,2025-08-29,10743.67,Defective Product
R006743,O0080266,C103815,2025-10-09,5452.92,Not as Described
R006744,O0080268,C103816,2025-06-08,21551.13,Changed Mind
R006745,O0080281,C103817,2026-05-21,51873.17,Changed Mind
R006746,O0080289,C103818,2025-03-24,6568.13,Late Delivery
R006747,O0080320,C103820,2023-08-13,33977.56,Size Issue
R006748,O0080343,C103820,2025-04-02,1575.26,Not as Described
R006749,O0080374,C103820,2026-08-08,4920.28,Defective Product
R006750,O0080378,C103821,2023-06-17,2725.85,Defective Product
R006751,O0080387,C103822,2024-04-18,20936.4,Defective Product
R006752,O0080400,C103823,2025-08-01,12965.49,Late Delivery
R006753,O0080462,C103826,2024-03-24,5145.15,Late Delivery
R006754,O0080485,C103826,2025-09-25,1932.44,Changed Mind
R006755,O0080493,C103826,2026-02-14,5055.67,Better Price Found
R006756,O0080532,C103829,2025-11-24,9065.54,Not as Described
R006757,O0080547,C103829,2026-05-09,3897.31,Changed Mind
R006758,O0080562,C103830,2024-11-11,3081.46,Late Delivery
R006759,O0080570,C103830,2025-04-28,1630.53,Not as Described
R006760,O0080581,C103830,2026-06-29,1072.99,Size Issue
R006761,O0080584,C103832,2023-02-24,38407.88,Better Price Found
R006762,O0080593,C103833,2023-12-12,846.87,Better Price Found
R006763,O0080609,C103836,2025-08-27,4889.64,Better Price Found
R006764,O0080615,C103836,2025-10-12,9476.43,Defective Product
R006765,O0080629,C103836,2026-06-10,25801.35,Better Price Found
R006766,O0080664,C103839,2024-11-25,3020.29,Changed Mind
R006767,O0080667,C103839,2024-12-24,11709.23,Not as Described
R006768,O0080668,C103839,2025-02-01,8770.27,Not as Described
R006769,O0080680,C103839,2025-06-26,39701.82,Size Issue
R006770,O0080694,C103839,2025-11-30,3621.8,Changed Mind
R006771,O0080710,C103839,2026-04-30,413.08,Better Price Found
R006772,O0080735,C103841,2024-05-16,14146.3,Not as Described
R006773,O0080745,C103841,2025-10-05,17653.23,Not as Described
R006774,O0080778,C103842,2025-07-02,9541.4,Not as Described
R006775,O0080779,C103842,2025-07-06,21249.47,Defective Product
R006776,O0080788,C103842,2025-10-28,33440.09,Not as Described
R006777,O0080813,C103844,2026-02-07,53303.29,Better Price Found
R006778,O0080825,C103846,2023-07-17,2307.52,Size Issue
R006779,O0080827,C103846,2023-08-02,5246.04,Defective Product
R006780,O0080828,C103846,2023-07-29,1673.85,Changed Mind
R006781,O0080829,C103846,2023-08-31,13147.14,Better Price Found
R006782,O0080831,C103846,2023-10-24,4914.87,Better Price Found
R006783,O0080836,C103846,2024-03-28,14428.33,Size Issue
R006784,O0080854,C103847,2024-05-13,7206.88,Not as Described
R006785,O0080860,C103847,2024-12-21,2745.2,Late Delivery
R006786,O0080862,C103847,2025-01-30,3910.45,Better Price Found
R006787,O0080874,C103847,2025-09-08,5714.65,Not as Described
R006788,O0080880,C103847,2026-02-15,9226.8,Late Delivery
R006789,O0080887,C103847,2026-07-21,43141.7,Not as Described
R006790,O0080910,C103848,2024-06-21,9426.62,Changed Mind
R006791,O0080941,C103852,2024-07-04,1974.72,Defective Product
R006792,O0080943,C103853,2025-07-06,3725.58,Changed Mind
R006793,O0080951,C103854,2025-07-22,6027.19,Not as Described
R006794,O0080953,C103854,2025-11-30,522.44,Not as Described
R006795,O0080967,C103855,2025-09-06,2424.84,Changed Mind
R006796,O0081012,C103858,2026-04-18,6534.5,Late Delivery
R006797,O0081013,C103859,2024-02-15,8032.02,Defective Product
R006798,O0081031,C103861,2024-03-18,2509.03,Late Delivery
R006799,O0081061,C103861,2025-11-28,12529.39,Late Delivery
R006800,O0081112,C103862,2023-09-14,1560.65,Better Price Found
R006801,O0081118,C103863,2025-10-14,29971.08,Defective Product
R006802,O0081138,C103863,2026-04-19,4044.35,Not as Described
R006803,O0081259,C103865,2025-09-03,5874.08,Not as Described
R006804,O0081263,C103865,2025-09-24,8810.27,Late Delivery
R006805,O0081266,C103865,2025-10-21,86121.11,Size Issue
R006806,O0081277,C103865,2026-02-02,163866.07,Better Price Found
R006807,O0081280,C103865,2026-02-22,121800.19,Better Price Found
R006808,O0081302,C103866,2026-07-03,3433.52,Late Delivery
R006809,O0081306,C103867,2023-02-07,1402.37,Not as Described
R006810,O0081310,C103867,2023-03-19,745.5,Better Price Found
R006811,O0081311,C103867,2023-04-06,339.92,Better Price Found
R006812,O0081323,C103867,2024-02-07,823.4,Changed Mind
R006813,O0081330,C103867,2024-05-04,27185.2,Defective Product
R006814,O0081333,C103867,2024-06-14,2969.82,Defective Product
R006815,O0081350,C103867,2025-03-03,2764.98,Not as Described
R006816,O0081399,C103867,2026-07-08,324.27,Changed Mind
R006817,O0081404,C103868,2026-05-26,10040.31,Better Price Found
R006818,O0081420,C103874,2023-12-15,9873.82,Late Delivery
R006819,O0081431,C103874,2025-07-04,13923.98,Late Delivery
R006820,O0081437,C103874,2025-12-02,47081.65,Better Price Found
R006821,O0081477,C103879,2026-02-14,2324.86,Late Delivery
R006822,O0081483,C103879,2026-05-17,3538.72,Late Delivery
R006823,O0081484,C103879,2026-06-12,1255.56,Size Issue
R006824,O0081485,C103879,2026-07-01,12147.67,Defective Product
R006825,O0081513,C103881,2024-12-26,957.59,Changed Mind
R006826,O0081521,C103881,2025-03-07,2183.5,Changed Mind
R006827,O0081540,C103881,2025-08-02,4161.63,Changed Mind
R006828,O0081553,C103881,2025-10-15,47214.78,Better Price Found
R006829,O0081560,C103881,2025-11-11,19302.02,Size Issue
R006830,O0081568,C103881,2026-01-01,2489.41,Size Issue
R006831,O0081601,C103882,2026-03-20,21442.31,Not as Described
R006832,O0081610,C103884,2025-01-24,29064.52,Not as Described
R006833,O0081630,C103885,2025-04-12,5241.71,Not as Described
R006834,O0081643,C103886,2024-11-10,4409.5,Late Delivery
R006835,O0081720,C103889,2026-04-11,6116.0,Changed Mind
R006836,O0081725,C103889,2026-06-05,5191.41,Defective Product
R006837,O0081734,C103890,2025-05-31,3425.14,Size Issue
R006838,O0081750,C103893,2024-03-07,3940.37,Better Price Found
R006839,O0081771,C103893,2025-05-02,767.09,Changed Mind
R006840,O0081789,C103893,2025-11-16,4751.82,Better Price Found
R006841,O0081800,C103893,2026-06-10,17902.48,Defective Product
R006842,O0081801,C103893,2026-06-15,3025.23,Better Price Found
R006843,O0081807,C103893,2026-07-29,26368.83,Changed Mind
R006844,O0081812,C103894,2024-07-10,12411.03,Defective Product
R006845,O0081813,C103894,2024-09-14,3158.22,Size Issue
R006846,O0081819,C103894,2025-06-22,4427.62,Defective Product
R006847,O0081826,C103894,2026-04-19,500.57,Better Price Found
R006848,O0081847,C103895,2026-07-14,31511.63,Changed Mind
R006849,O0081866,C103896,2026-03-12,2314.04,Defective Product
R006850,O0081870,C103897,2024-03-12,1424.64,Not as Described
R006851,O0081873,C103898,2025-09-25,40959.73,Late Delivery
R006852,O0081874,C103898,2025-09-25,28430.03,Late Delivery
R006853,O0081881,C103898,2026-04-04,5442.43,Changed Mind
R006854,O0081885,C103898,2026-07-23,3393.64,Better Price Found
R006855,O0081887,C103899,2024-06-12,226.45,Late Delivery
R006856,O0081907,C103899,2025-10-20,1972.48,Defective Product
R006857,O0081910,C103899,2026-04-10,5935.23,Better Price Found
R006858,O0081957,C103900,2025-04-18,10314.5,Defective Product
R006859,O0081960,C103900,2025-04-28,29255.19,Late Delivery
R006860,O0081993,C103900,2026-03-20,4055.56,Defective Product
R006861,O0081996,C103900,2026-05-02,27808.38,Size Issue
R006862,O0082010,C103901,2024-03-15,104712.81,Changed Mind
R006863,O0082022,C103901,2025-09-28,3566.23,Not as Described
R006864,O0082032,C103902,2024-02-07,24459.05,Changed Mind
R006865,O0082050,C103902,2024-07-18,17158.28,Late Delivery
R006866,O0082052,C103902,2024-07-22,4498.46,Better Price Found
R006867,O0082061,C103902,2024-10-27,1080.98,Defective Product
R006868,O0082077,C103902,2025-02-27,4917.76,Size Issue
R006869,O0082079,C103902,2025-03-25,4829.13,Defective Product
R006870,O0082080,C103902,2025-05-01,31215.17,Changed Mind
R006871,O0082096,C103902,2025-09-05,35626.3,Defective Product
R006872,O0082113,C103902,2026-01-04,5026.1,Size Issue
R006873,O0082145,C103902,2026-06-30,12068.11,Size Issue
R006874,O0082147,C103902,2026-08-02,10857.59,Late Delivery
R006875,O0082159,C103903,2025-03-07,10444.88,Late Delivery
R006876,O0082165,C103903,2026-05-19,5462.9,Size Issue
R006877,O0082170,C103905,2025-09-29,49596.74,Not as Described
R006878,O0082187,C103906,2026-05-31,1771.47,Late Delivery
R006879,O0082188,C103906,2026-06-03,8124.27,Size Issue
R006880,O0082206,C103909,2026-05-04,3037.75,Size Issue
R006881,O0082211,C103910,2026-04-26,5511.8,Not as Described
R006882,O0082227,C103911,2023-08-02,2612.84,Better Price Found
R006883,O0082232,C103911,2023-09-09,42638.01,Not as Described
R006884,O0082243,C103911,2024-02-26,405.02,Not as Described
R006885,O0082251,C103911,2024-04-16,9187.88,Defective Product
R006886,O0082269,C103911,2024-10-01,5628.34,Size Issue
R006887,O0082276,C103911,2024-12-18,12714.91,Size Issue
R006888,O0082277,C103911,2024-12-13,36624.9,Late Delivery
R006889,O0082282,C103911,2025-01-18,2966.25,Size Issue
R006890,O0082283,C103911,2025-01-19,5292.33,Better Price Found
R006891,O0082315,C103911,2025-10-21,1108.48,Late Delivery
R006892,O0082318,C103911,2025-12-13,9417.64,Late Delivery
R006893,O0082319,C103911,2025-12-25,30086.8,Not as Described
R006894,O0082363,C103913,2024-01-10,1618.63,Defective Product
R006895,O0082399,C103913,2024-12-12,5300.45,Changed Mind
R006896,O0082417,C103913,2025-06-04,3557.55,Size Issue
R006897,O0082427,C103913,2025-10-04,11562.31,Not as Described
R006898,O0082460,C103913,2026-06-22,1582.44,Size Issue
R006899,O0082487,C103914,2025-05-06,662.14,Better Price Found
R006900,O0082520,C103917,2023-12-06,3315.91,Not as Described
R006901,O0082521,C103917,2023-12-20,5356.54,Size Issue
R006902,O0082522,C103917,2023-12-15,840.57,Size Issue
R006903,O0082523,C103917,2024-01-09,42524.57,Late Delivery
R006904,O0082524,C103917,2024-01-23,3732.7,Late Delivery
R006905,O0082544,C103917,2024-08-14,986.14,Better Price Found
R006906,O0082546,C103917,2024-09-30,3762.34,Late Delivery
R006907,O0082550,C103917,2024-11-28,1628.8,Not as Described
R006908,O0082552,C103917,2024-12-12,19143.36,Late Delivery
R006909,O0082558,C103917,2025-03-28,1813.67,Changed Mind
R006910,O0082606,C103918,2025-08-09,33745.76,Not as Described
R006911,O0082635,C103920,2025-05-27,2720.43,Changed Mind
R006912,O0082637,C103920,2025-07-08,10570.45,Not as Described
R006913,O0082645,C103920,2026-01-19,412.39,Not as Described
R006914,O0082649,C103920,2026-02-05,3188.21,Late Delivery
R006915,O0082668,C103922,2024-05-15,5351.3,Late Delivery
R006916,O0082675,C103922,2024-09-27,1595.78,Size Issue
R006917,O0082687,C103922,2025-08-18,5694.44,Late Delivery
R006918,O0082690,C103922,2025-09-15,11817.57,Late Delivery
R006919,O0082694,C103922,2025-10-21,41424.95,Size Issue
R006920,O0082698,C103922,2025-12-08,2225.16,Better Price Found
R006921,O0082711,C103922,2026-04-19,2961.31,Not as Described
R006922,O0082716,C103922,2026-05-04,4606.75,Better Price Found
R006923,O0082718,C103922,2026-05-28,4638.03,Size Issue
R006924,O0082719,C103922,2026-05-29,118.97,Late Delivery
R006925,O0082730,C103922,2026-08-02,7433.06,Late Delivery
R006926,O0082738,C103923,2024-09-06,20730.66,Defective Product
R006927,O0082748,C103923,2025-10-31,1304.74,Late Delivery
R006928,O0082751,C103923,2026-06-28,4094.91,Size Issue
R006929,O0082752,C103924,2023-06-13,24599.66,Better Price Found
R006930,O0082756,C103924,2023-07-03,15204.6,Not as Described
R006931,O0082763,C103924,2023-08-19,3057.56,Defective Product
R006932,O0082769,C103924,2023-09-27,14375.71,Better Price Found
R006933,O0082785,C103924,2024-01-17,34101.96,Changed Mind
R006934,O0082788,C103924,2024-02-03,24357.69,Changed Mind
R006935,O0082809,C103924,2024-09-21,2075.83,Late Delivery
R006936,O0082819,C103924,2024-12-27,2963.1,Defective Product
R006937,O0082821,C103924,2025-01-09,5590.49,Not as Described
R006938,O0082866,C103924,2025-12-31,612.44,Not as Described
R006939,O0082885,C103924,2026-04-16,13129.08,Defective Product
R006940,O0082890,C103924,2026-05-10,19959.37,Size Issue
R006941,O0082912,C103925,2024-01-21,370.7,Late Delivery
R006942,O0082919,C103925,2025-03-22,51087.59,Size Issue
R006943,O0082924,C103925,2026-06-14,8792.4,Size Issue
R006944,O0082945,C103926,2024-10-30,2067.79,Better Price Found
R006945,O0082946,C103926,2024-11-10,7293.93,Changed Mind
R006946,O0082949,C103926,2024-11-17,950.71,Better Price Found
R006947,O0082965,C103926,2025-05-01,14384.68,Changed Mind
R006948,O0082980,C103926,2025-10-31,10996.23,Size Issue
R006949,O0082985,C103926,2026-01-10,355.1,Better Price Found
R006950,O0082990,C103926,2026-03-04,14267.91,Changed Mind
R006951,O0082995,C103926,2026-04-15,522.55,Better Price Found
R006952,O0083023,C103927,2026-06-22,21810.18,Changed Mind
R006953,O0083032,C103929,2024-10-11,43834.54,Size Issue
R006954,O0083042,C103929,2025-04-12,4626.09,Late Delivery
R006955,O0083045,C103929,2025-05-20,12013.8,Size Issue
R006956,O0083054,C103929,2025-09-20,1715.15,Size Issue
R006957,O0083067,C103929,2026-04-10,22731.7,Defective Product
R006958,O0083101,C103932,2024-02-05,2537.9,Changed Mind
R006959,O0083104,C103932,2024-03-01,1403.2,Late Delivery
R006960,O0083108,C103932,2024-03-08,1728.96,Changed Mind
R006961,O0083128,C103932,2024-09-04,39708.68,Defective Product
R006962,O0083129,C103932,2024-10-11,17407.21,Better Price Found
R006963,O0083160,C103932,2025-07-03,1861.53,Changed Mind
R006964,O0083204,C103932,2026-05-04,708.89,Size Issue
R006965,O0083210,C103932,2026-06-21,4199.68,Late Delivery
R006966,O0083214,C103932,2026-07-02,928.76,Defective Product
R006967,O0083216,C103932,2026-07-13,26413.86,Not as Described
R006968,O0083219,C103932,2026-07-09,1384.73,Not as Described
R006969,O0083235,C103935,2026-03-31,5029.54,Better Price Found
R006970,O0083254,C103937,2024-01-08,1202.66,Defective Product
R006971,O0083263,C103937,2024-05-17,4542.3,Size Issue
R006972,O0083273,C103937,2024-09-11,3408.6,Not as Described
R006973,O0083301,C103937,2025-05-17,6522.56,Size Issue
R006974,O0083304,C103937,2025-06-13,50765.18,Better Price Found
R006975,O0083313,C103937,2025-08-29,678.4,Size Issue
R006976,O0083317,C103937,2025-10-03,464.1,Size Issue
R006977,O0083343,C103937,2026-03-16,10681.73,Size Issue
R006978,O0083360,C103938,2025-08-16,2099.09,Changed Mind
R006979,O0083383,C103939,2025-07-20,19224.53,Better Price Found
R006980,O0083405,C103940,2023-11-15,750.81,Size Issue
R006981,O0083408,C103940,2023-12-13,28135.94,Better Price Found
R006982,O0083418,C103940,2024-04-12,7874.43,Late Delivery
R006983,O0083426,C103940,2024-07-03,1525.19,Better Price Found
R006984,O0083429,C103940,2024-09-27,1995.85,Size Issue
R006985,O0083433,C103940,2024-11-05,23084.45,Not as Described
R006986,O0083440,C103940,2025-01-27,956.06,Late Delivery
R006987,O0083451,C103940,2025-05-11,5792.89,Better Price Found
R006988,O0083459,C103940,2025-06-13,3239.75,Changed Mind
R006989,O0083461,C103940,2025-06-22,2296.11,Better Price Found
R006990,O0083468,C103940,2025-09-27,100.19,Defective Product
R006991,O0083472,C103940,2025-10-11,2304.95,Late Delivery
R006992,O0083475,C103940,2025-11-17,3806.57,Defective Product
R006993,O0083476,C103940,2025-11-30,7694.99,Not as Described
R006994,O0083491,C103940,2026-05-18,1608.42,Changed Mind
R006995,O0083493,C103940,2026-05-17,12162.94,Late Delivery
R006996,O0083495,C103940,2026-05-25,4301.48,Not as Described
R006997,O0083509,C103941,2026-08-04,41496.15,Size Issue
R006998,O0083523,C103944,2026-08-09,1779.52,Changed Mind
R006999,O0083531,C103947,2025-01-07,732.4,Late Delivery
R007000,O0083536,C103947,2025-05-26,2676.5,Not as Described
R007001,O0083551,C103947,2026-05-06,730.67,Late Delivery
R007002,O0083614,C103949,2023-08-07,6840.05,Not as Described
R007003,O0083659,C103950,2024-04-03,11305.03,Size Issue
R007004,O0083671,C103950,2025-03-31,588.47,Defective Product
R007005,O0083677,C103950,2026-03-23,12381.69,Size Issue
R007006,O0083685,C103951,2023-12-02,3785.69,Better Price Found
R007007,O0083694,C103951,2024-08-22,628.29,Not as Described
R007008,O0083705,C103952,2026-01-25,11967.06,Changed Mind
R007009,O0083711,C103952,2026-05-03,1107.98,Changed Mind
R007010,O0083712,C103952,2026-05-08,693.6,Better Price Found
R007011,O0083716,C103952,2026-06-20,3101.75,Size Issue
R007012,O0083717,C103952,2026-06-22,5558.6,Not as Described
R007013,O0083721,C103952,2026-07-11,8401.26,Not as Described
R007014,O0083725,C103953,2023-06-10,38704.11,Late Delivery
R007015,O0083734,C103954,2026-02-19,6018.01,Better Price Found
R007016,O0083740,C103955,2025-10-21,1320.76,Size Issue
R007017,O0083792,C103957,2026-03-23,7311.58,Changed Mind
R007018,O0083810,C103958,2023-02-16,2174.22,Size Issue
R007019,O0083828,C103958,2023-09-10,6782.27,Not as Described
R007020,O0083867,C103958,2024-10-18,19819.24,Size Issue
R007021,O0083887,C103958,2026-03-13,7501.95,Late Delivery
R007022,O0083919,C103964,2025-11-11,6468.22,Not as Described
R007023,O0083920,C103964,2025-11-25,13836.27,Defective Product
R007024,O0083922,C103964,2026-01-03,40830.09,Size Issue
R007025,O0083958,C103968,2024-09-04,73503.83,Not as Described
R007026,O0083964,C103968,2024-10-17,17154.31,Defective Product
R007027,O0083966,C103968,2024-11-06,1225.22,Size Issue
R007028,O0083986,C103968,2025-07-17,68197.02,Late Delivery
R007029,O0083992,C103968,2025-10-18,18487.98,Size Issue
R007030,O0084006,C103968,2026-01-26,4896.89,Size Issue
R007031,O0084013,C103968,2026-04-12,1175.21,Size Issue
R007032,O0084026,C103969,2023-05-27,6910.33,Size Issue
R007033,O0084034,C103969,2024-05-02,2547.94,Better Price Found
R007034,O0084048,C103969,2024-11-14,19193.08,Size Issue
R007035,O0084057,C103969,2025-06-25,8012.52,Late Delivery
R007036,O0084059,C103969,2025-06-27,1338.36,Size Issue
R007037,O0084060,C103969,2025-07-29,18160.48,Changed Mind
R007038,O0084061,C103969,2025-08-16,7112.11,Not as Described
R007039,O0084062,C103969,2025-08-27,24514.7,Defective Product
R007040,O0084065,C103969,2025-10-09,23876.54,Defective Product
R007041,O0084066,C103969,2025-10-22,2221.04,Better Price Found
R007042,O0084070,C103969,2026-01-05,4727.61,Late Delivery
R007043,O0084071,C103969,2026-01-19,39906.56,Late Delivery
R007044,O0084087,C103969,2026-06-22,607.07,Better Price Found
R007045,O0084141,C103974,2026-05-17,8807.3,Size Issue
R007046,O0084157,C103975,2024-05-28,64934.03,Better Price Found
R007047,O0084159,C103975,2025-01-28,1127.74,Changed Mind
R007048,O0084161,C103975,2025-10-22,150.65,Changed Mind
R007049,O0084170,C103977,2025-01-31,8457.42,Defective Product
R007050,O0084172,C103977,2025-02-12,8322.87,Better Price Found
R007051,O0084195,C103979,2024-10-15,7729.6,Not as Described
R007052,O0084217,C103979,2025-04-25,6453.19,Defective Product
R007053,O0084218,C103979,2025-05-02,2360.55,Size Issue
R007054,O0084266,C103980,2024-02-27,8803.37,Not as Described
R007055,O0084268,C103980,2024-06-14,7358.56,Size Issue
R007056,O0084272,C103980,2025-09-26,21484.44,Defective Product
R007057,O0084303,C103984,2023-06-10,3322.08,Not as Described
R007058,O0084314,C103984,2024-06-24,12135.97,Size Issue
R007059,O0084331,C103985,2026-04-16,67877.59,Not as Described
R007060,O0084346,C103988,2024-08-28,12744.12,Defective Product
R007061,O0084349,C103988,2024-10-05,13535.98,Better Price Found
R007062,O0084350,C103988,2024-10-14,28675.99,Size Issue
R007063,O0084369,C103988,2025-08-17,34508.47,Size Issue
R007064,O0084374,C103988,2025-10-01,3386.64,Size Issue
R007065,O0084386,C103988,2025-12-28,7428.76,Changed Mind
R007066,O0084412,C103989,2023-09-23,13494.91,Better Price Found
R007067,O0084447,C103990,2025-06-01,6552.25,Late Delivery
R007068,O0084457,C103990,2025-11-16,2263.97,Better Price Found
R007069,O0084466,C103990,2026-02-10,6403.88,Changed Mind
R007070,O0084472,C103990,2026-04-19,30572.54,Late Delivery
R007071,O0084503,C103991,2026-05-30,3054.63,Better Price Found
R007072,O0084542,C103997,2026-08-03,2655.92,Changed Mind
R007073,O0084572,C104001,2025-12-16,21375.39,Better Price Found
R007074,O0084583,C104001,2026-03-03,13964.82,Size Issue
R007075,O0084606,C104002,2026-03-08,25045.69,Better Price Found
R007076,O0084615,C104003,2024-04-24,16768.27,Better Price Found
R007077,O0084617,C104003,2024-05-20,11314.97,Not as Described
R007078,O0084627,C104003,2024-12-26,2066.2,Changed Mind
R007079,O0084637,C104004,2026-04-26,5322.15,Changed Mind
R007080,O0084643,C104005,2025-05-07,1368.42,Defective Product
R007081,O0084644,C104006,2023-03-23,1747.65,Not as Described
R007082,O0084652,C104006,2024-01-04,3031.39,Changed Mind
R007083,O0084655,C104006,2024-05-05,6595.51,Better Price Found
R007084,O0084666,C104006,2026-04-24,4412.0,Late Delivery
R007085,O0084673,C104007,2024-12-20,2311.25,Changed Mind
R007086,O0084674,C104007,2024-12-20,6033.09,Changed Mind
R007087,O0084684,C104007,2025-09-05,5526.49,Defective Product
R007088,O0084688,C104007,2025-11-05,14687.16,Late Delivery
R007089,O0084692,C104007,2026-03-13,8622.78,Size Issue
R007090,O0084702,C104008,2024-09-04,1297.27,Not as Described
R007091,O0084743,C104009,2025-11-10,4077.82,Size Issue
R007092,O0084763,C104009,2026-05-10,3461.1,Defective Product
R007093,O0084771,C104009,2026-06-19,5068.14,Not as Described
R007094,O0084775,C104009,2026-07-08,2809.29,Late Delivery
R007095,O0084779,C104009,2026-08-09,2025.34,Late Delivery
R007096,O0084798,C104010,2025-07-14,7152.86,Changed Mind
R007097,O0084800,C104010,2026-01-19,1588.96,Defective Product
R007098,O0084813,C104012,2024-09-08,288.27,Not as Described
R007099,O0084817,C104012,2024-12-07,13182.51,Defective Product
R007100,O0084824,C104012,2025-07-14,5736.6,Better Price Found
R007101,O0084832,C104012,2026-05-19,3163.93,Not as Described
R007102,O0084836,C104013,2024-11-04,1218.17,Better Price Found
R007103,O0084841,C104014,2026-02-04,4343.97,Changed Mind
R007104,O0084849,C104015,2025-01-19,1368.6,Defective Product
R007105,O0084857,C104016,2025-12-12,1376.14,Better Price Found
R007106,O0084885,C104016,2026-07-28,943.79,Size Issue
R007107,O0084893,C104017,2024-12-27,10921.99,Changed Mind
R007108,O0084900,C104018,2026-07-09,2310.54,Changed Mind
R007109,O0084912,C104019,2025-03-20,3550.27,Better Price Found
R007110,O0084924,C104021,2023-07-30,1466.65,Late Delivery
R007111,O0084935,C104021,2024-05-23,3003.73,Late Delivery
R007112,O0084943,C104021,2024-08-18,1306.74,Better Price Found
R007113,O0084971,C104021,2025-06-19,3437.62,Size Issue
R007114,O0084978,C104021,2025-09-09,35763.43,Late Delivery
R007115,O0085010,C104021,2026-07-11,2432.74,Late Delivery
R007116,O0085015,C104021,2026-08-01,2371.79,Late Delivery
R007117,O0085063,C104028,2025-02-15,7068.49,Better Price Found
R007118,O0085070,C104028,2025-07-13,6428.0,Better Price Found
R007119,O0085100,C104029,2025-10-03,623.93,Not as Described
R007120,O0085119,C104031,2026-04-01,3115.66,Changed Mind
R007121,O0085125,C104031,2026-08-08,1898.73,Better Price Found
R007122,O0085126,C104032,2023-05-14,487.05,Size Issue
R007123,O0085137,C104032,2024-02-26,16926.86,Changed Mind
R007124,O0085138,C104032,2024-05-17,43318.01,Size Issue
R007125,O0085144,C104032,2024-10-16,3114.15,Changed Mind
R007126,O0085145,C104032,2024-12-23,2113.28,Changed Mind
R007127,O0085153,C104032,2025-08-27,3704.92,Late Delivery
R007128,O0085155,C104032,2025-10-17,1762.77,Defective Product
R007129,O0085159,C104032,2026-03-11,1769.51,Late Delivery
R007130,O0085202,C104035,2025-04-22,2057.42,Better Price Found
R007131,O0085217,C104035,2026-07-24,2249.32,Better Price Found
R007132,O0085219,C104036,2025-01-18,4095.67,Better Price Found
R007133,O0085232,C104037,2023-08-21,11168.31,Better Price Found
R007134,O0085241,C104038,2023-08-29,14391.44,Not as Described
R007135,O0085247,C104038,2024-02-17,18070.11,Not as Described
R007136,O0085249,C104038,2024-03-03,1915.36,Not as Described
R007137,O0085255,C104038,2024-07-02,1462.73,Defective Product
R007138,O0085260,C104038,2024-08-08,34615.09,Defective Product
R007139,O0085261,C104038,2024-08-23,2496.88,Better Price Found
R007140,O0085265,C104038,2024-10-08,1340.14,Size Issue
R007141,O0085267,C104038,2024-11-13,644.22,Not as Described
R007142,O0085268,C104038,2024-11-16,10335.81,Size Issue
R007143,O0085273,C104038,2025-01-12,27693.69,Size Issue
R007144,O0085275,C104038,2025-02-08,10890.12,Defective Product
R007145,O0085278,C104038,2025-02-18,3309.87,Defective Product
R007146,O0085282,C104038,2025-04-25,42064.72,Better Price Found
R007147,O0085291,C104038,2025-06-22,834.44,Not as Described
R007148,O0085302,C104038,2025-08-16,6194.83,Size Issue
R007149,O0085313,C104038,2025-11-16,5339.87,Changed Mind
R007150,O0085318,C104038,2025-12-25,1512.05,Defective Product
R007151,O0085320,C104038,2026-01-12,28430.51,Defective Product
R007152,O0085347,C104038,2026-08-06,4500.13,Changed Mind
R007153,O0085362,C104039,2024-12-17,785.41,Not as Described
R007154,O0085370,C104040,2024-03-25,5738.24,Changed Mind
R007155,O0085378,C104040,2024-09-25,7754.44,Not as Described
R007156,O0085381,C104040,2024-11-28,31352.89,Better Price Found
R007157,O0085392,C104042,2024-05-07,4942.44,Better Price Found
R007158,O0085406,C104045,2023-06-05,455.24,Not as Described
R007159,O0085461,C104046,2025-11-12,170.01,Not as Described
R007160,O0085462,C104046,2025-11-24,2212.73,Not as Described
R007161,O0085464,C104046,2025-12-23,1088.44,Defective Product
R007162,O0085466,C104046,2025-12-25,59998.36,Changed Mind
R007163,O0085467,C104046,2025-12-30,11580.01,Not as Described
R007164,O0085468,C104046,2026-01-18,349.21,Better Price Found
R007165,O0085475,C104046,2026-06-29,52663.98,Better Price Found
R007166,O0085491,C104047,2025-11-29,14671.63,Size Issue
R007167,O0085513,C104047,2026-06-15,3232.16,Size Issue
R007168,O0085520,C104048,2023-06-26,977.4,Late Delivery
R007169,O0085522,C104048,2023-11-04,13316.44,Defective Product
R007170,O0085530,C104048,2024-10-14,1077.88,Late Delivery
R007171,O0085538,C104048,2025-03-26,114.91,Size Issue
R007172,O0085546,C104048,2025-09-21,10489.05,Changed Mind
R007173,O0085600,C104052,2025-05-20,27584.71,Better Price Found
R007174,O0085622,C104055,2024-07-31,21106.36,Changed Mind
R007175,O0085631,C104056,2025-05-03,907.71,Size Issue
R007176,O0085632,C104056,2025-05-06,24332.01,Not as Described
R007177,O0085651,C104056,2026-01-04,6376.84,Better Price Found
R007178,O0085658,C104056,2026-03-23,26904.03,Size Issue
R007179,O0085666,C104056,2026-05-16,2510.1,Not as Described
R007180,O0085667,C104056,2026-05-21,23282.33,Defective Product
R007181,O0085681,C104058,2024-04-10,5559.07,Late Delivery
R007182,O0085694,C104058,2025-05-04,38766.59,Defective Product
R007183,O0085705,C104058,2026-01-16,30189.38,Defective Product
R007184,O0085708,C104058,2026-02-16,6132.1,Not as Described
R007185,O0085718,C104059,2025-03-20,6227.35,Size Issue
R007186,O0085752,C104059,2026-03-24,14938.63,Defective Product
R007187,O0085776,C104060,2024-06-29,3161.09,Late Delivery
R007188,O0085797,C104063,2025-11-13,6059.38,Not as Described
R007189,O0085800,C104064,2024-06-21,94691.73,Not as Described
R007190,O0085814,C104065,2024-04-07,4333.12,Size Issue
R007191,O0085845,C104065,2025-12-12,32435.24,Size Issue
R007192,O0085853,C104066,2024-11-29,7812.01,Better Price Found
R007193,O0085857,C104066,2025-02-21,8446.08,Changed Mind
R007194,O0085865,C104066,2026-01-02,3743.26,Size Issue
R007195,O0085868,C104066,2026-03-11,5894.0,Not as Described
R007196,O0085872,C104066,2026-06-19,6074.99,Defective Product
R007197,O0085877,C104067,2023-11-20,10940.78,Defective Product
R007198,O0085909,C104070,2025-06-17,542.15,Not as Described
R007199,O0085918,C104070,2026-01-27,3013.13,Better Price Found
R007200,O0085933,C104071,2026-03-14,1362.39,Changed Mind
R007201,O0085935,C104071,2026-05-26,6999.28,Not as Described
R007202,O0085955,C104074,2025-10-13,1761.53,Not as Described
R007203,O0085962,C104074,2025-12-30,7540.7,Size Issue
R007204,O0085964,C104074,2026-03-04,1993.14,Changed Mind
R007205,O0085977,C104076,2024-09-23,2165.29,Defective Product
R007206,O0085995,C104078,2024-05-29,2466.42,Late Delivery
R007207,O0086008,C104079,2026-03-27,28324.07,Not as Described
R007208,O0086030,C104081,2024-03-20,8430.57,Late Delivery
R007209,O0086032,C104081,2024-11-08,16178.99,Not as Described
R007210,O0086054,C104085,2024-12-21,4587.6,Better Price Found
R007211,O0086055,C104085,2025-02-16,4298.17,Changed Mind
R007212,O0086072,C104085,2026-05-30,9297.96,Changed Mind
R007213,O0086074,C104085,2026-07-13,17267.34,Defective Product
R007214,O0086081,C104086,2026-03-10,9896.1,Size Issue
R007215,O0086082,C104086,2026-03-14,2865.46,Defective Product
R007216,O0086086,C104086,2026-04-17,884.91,Late Delivery
R007217,O0086100,C104087,2024-05-05,5350.91,Better Price Found
R007218,O0086103,C104087,2024-12-06,357.67,Size Issue
R007219,O0086108,C104087,2025-06-20,14060.0,Not as Described
R007220,O0086111,C104087,2025-09-08,10512.78,Better Price Found
R007221,O0086122,C104088,2024-12-30,2318.67,Not as Described
R007222,O0086130,C104090,2025-08-19,4261.6,Size Issue
R007223,O0086146,C104092,2026-06-06,2010.48,Better Price Found
R007224,O0086155,C104092,2026-08-04,4071.48,Late Delivery
R007225,O0086171,C104094,2025-10-27,3067.4,Not as Described
R007226,O0086174,C104094,2025-12-20,4986.11,Changed Mind
R007227,O0086213,C104097,2025-04-10,6887.45,Not as Described
R007228,O0086216,C104097,2025-05-29,3123.36,Defective Product
R007229,O0086252,C104101,2024-05-05,1381.95,Late Delivery
R007230,O0086271,C104102,2025-01-14,3905.0,Better Price Found
R007231,O0086283,C104103,2024-08-10,3130.16,Late Delivery
R007232,O0086285,C104103,2025-03-06,24989.02,Not as Described
R007233,O0086322,C104105,2026-03-04,10974.17,Size Issue
R007234,O0086332,C104105,2026-07-02,2513.18,Late Delivery
R007235,O0086337,C104105,2026-08-03,18437.32,Size Issue
R007236,O0086346,C104107,2023-05-16,14856.27,Changed Mind
R007237,O0086353,C104107,2023-12-06,17105.61,Not as Described
R007238,O0086363,C104107,2025-02-05,21822.39,Late Delivery
R007239,O0086379,C104110,2026-01-08,16790.49,Not as Described
R007240,O0086384,C104111,2023-08-02,10062.78,Late Delivery
R007241,O0086389,C104111,2024-02-28,25380.76,Not as Described
R007242,O0086392,C104111,2024-05-09,3513.7,Not as Described
R007243,O0086394,C104111,2024-05-22,14446.59,Late Delivery
R007244,O0086403,C104111,2025-03-12,1633.09,Better Price Found
R007245,O0086419,C104111,2026-07-09,3235.3,Size Issue
R007246,O0086446,C104115,2026-04-14,517.76,Changed Mind
R007247,O0086466,C104117,2024-03-03,3971.8,Defective Product
R007248,O0086472,C104117,2024-05-07,994.87,Changed Mind
R007249,O0086483,C104117,2024-11-28,29163.57,Late Delivery
R007250,O0086495,C104117,2025-05-02,10121.06,Not as Described
R007251,O0086498,C104117,2025-06-08,7496.48,Better Price Found
R007252,O0086513,C104117,2025-12-12,32278.22,Not as Described
R007253,O0086518,C104117,2026-01-14,1880.1,Not as Described
R007254,O0086538,C104117,2026-05-04,33890.31,Not as Described
R007255,O0086547,C104117,2026-07-07,1171.43,Size Issue
R007256,O0086549,C104117,2026-08-02,2964.48,Changed Mind
R007257,O0086552,C104118,2023-12-24,2002.43,Not as Described
R007258,O0086560,C104118,2026-02-04,14192.45,Changed Mind
R007259,O0086592,C104124,2023-03-17,40182.59,Changed Mind
R007260,O0086593,C104124,2023-11-07,661.21,Size Issue
R007261,O0086607,C104127,2025-09-19,408.2,Defective Product
R007262,O0086610,C104127,2026-04-04,7470.48,Defective Product
R007263,O0086626,C104128,2024-04-21,1407.7,Better Price Found
R007264,O0086633,C104128,2024-11-29,3057.25,Late Delivery
R007265,O0086634,C104128,2024-12-08,6875.53,Size Issue
R007266,O0086651,C104128,2026-07-21,3922.97,Defective Product
R007267,O0086652,C104129,2025-09-25,1072.64,Better Price Found
R007268,O0086660,C104129,2026-04-01,894.01,Size Issue
R007269,O0086661,C104129,2026-04-01,1267.74,Changed Mind
R007270,O0086666,C104130,2023-06-09,7195.22,Size Issue
R007271,O0086685,C104130,2024-01-11,14155.26,Size Issue
R007272,O0086692,C104130,2024-03-17,1085.42,Defective Product
R007273,O0086697,C104130,2024-04-30,18412.2,Late Delivery
R007274,O0086698,C104130,2024-05-16,3088.44,Defective Product
R007275,O0086700,C104130,2024-06-06,1776.75,Not as Described
R007276,O0086705,C104130,2024-08-07,81.03,Defective Product
R007277,O0086709,C104130,2024-09-03,2072.74,Defective Product
R007278,O0086718,C104130,2025-01-27,6071.93,Better Price Found
R007279,O0086720,C104130,2025-02-22,3711.74,Defective Product
R007280,O0086722,C104130,2025-04-03,1165.46,Late Delivery
R007281,O0086725,C104130,2025-05-10,1959.5,Defective Product
R007282,O0086729,C104130,2025-07-10,31519.01,Late Delivery
R007283,O0086732,C104130,2025-08-26,1934.94,Changed Mind
R007284,O0086741,C104130,2025-11-13,14812.44,Not as Described
R007285,O0086749,C104130,2026-02-18,3563.65,Size Issue
R007286,O0086752,C104130,2026-03-15,1786.98,Not as Described
R007287,O0086762,C104130,2026-07-06,4725.82,Changed Mind
R007288,O0086767,C104131,2026-06-02,27638.69,Size Issue
R007289,O0086770,C104132,2026-04-24,535.44,Better Price Found
R007290,O0086775,C104133,2025-12-03,15443.13,Not as Described
R007291,O0086783,C104134,2026-07-12,1458.33,Changed Mind
R007292,O0086784,C104134,2026-07-28,7310.9,Size Issue
R007293,O0086797,C104136,2025-01-27,37982.77,Size Issue
R007294,O0086811,C104137,2024-12-17,3746.93,Defective Product
R007295,O0086840,C104140,2024-09-10,213.84,Late Delivery
R007296,O0086841,C104140,2024-10-22,2023.39,Size Issue
R007297,O0086851,C104140,2025-06-10,21553.29,Defective Product
R007298,O0086852,C104140,2025-08-23,39416.76,Size Issue
R007299,O0086854,C104140,2025-09-05,5145.34,Changed Mind
R007300,O0086870,C104140,2026-03-28,4057.99,Changed Mind
R007301,O0086883,C104142,2025-01-19,3982.33,Defective Product
R007302,O0086894,C104143,2025-04-30,6757.69,Changed Mind
R007303,O0086906,C104143,2025-08-03,11354.1,Late Delivery
R007304,O0086922,C104143,2025-10-28,108252.0,Better Price Found
R007305,O0086929,C104143,2025-11-29,9406.88,Better Price Found
R007306,O0086941,C104143,2026-03-17,3892.04,Late Delivery
R007307,O0086967,C104145,2025-07-31,3114.84,Not as Described
R007308,O0086970,C104145,2026-06-16,52371.83,Changed Mind
R007309,O0086974,C104146,2024-08-06,23342.36,Not as Described
R007310,O0086976,C104146,2024-09-12,1418.73,Not as Described
R007311,O0087001,C104149,2025-09-20,3746.44,Defective Product
R007312,O0087025,C104152,2025-02-03,285.63,Late Delivery
R007313,O0087029,C104152,2026-01-17,117.65,Size Issue
R007314,O0087031,C104153,2024-07-03,5984.01,Defective Product
R007315,O0087038,C104154,2023-09-08,8131.01,Size Issue
R007316,O0087043,C104154,2024-03-09,3647.65,Late Delivery
R007317,O0087051,C104154,2024-09-14,23296.18,Not as Described
R007318,O0087057,C104154,2024-11-16,9781.23,Better Price Found
R007319,O0087075,C104154,2025-11-29,5317.71,Not as Described
R007320,O0087094,C104154,2026-06-28,977.53,Better Price Found
R007321,O0087103,C104156,2026-04-09,1640.8,Better Price Found
R007322,O0087105,C104157,2024-12-26,17256.84,Defective Product
R007323,O0087111,C104157,2025-04-23,700.0,Defective Product
R007324,O0087118,C104157,2025-07-21,20841.71,Not as Described
R007325,O0087129,C104157,2025-12-11,2248.81,Defective Product
R007326,O0087144,C104158,2024-06-22,734.13,Better Price Found
R007327,O0087185,C104158,2025-09-29,10624.36,Late Delivery
R007328,O0087207,C104158,2026-04-07,6180.78,Late Delivery
R007329,O0087228,C104159,2025-01-20,986.88,Better Price Found
R007330,O0087250,C104161,2025-07-25,331.49,Not as Described
R007331,O0087251,C104161,2025-08-13,3245.91,Changed Mind
R007332,O0087254,C104161,2025-10-01,40305.75,Late Delivery
R007333,O0087258,C104161,2025-10-24,2427.72,Better Price Found
R007334,O0087263,C104161,2025-12-22,954.89,Not as Described
R007335,O0087268,C104161,2026-01-30,45236.1,Better Price Found
R007336,O0087273,C104161,2026-03-12,781.66,Size Issue
R007337,O0087277,C104161,2026-05-24,74424.7,Late Delivery
R007338,O0087280,C104161,2026-06-19,4501.65,Size Issue
R007339,O0087283,C104161,2026-07-25,1601.48,Defective Product
R007340,O0087288,C104161,2026-08-02,108.31,Changed Mind
R007341,O0087293,C104162,2024-02-13,2112.15,Not as Described
R007342,O0087301,C104163,2023-08-25,961.8,Changed Mind
R007343,O0087354,C104163,2026-05-10,2802.8,Size Issue
R007344,O0087367,C104164,2024-12-08,7466.02,Size Issue
R007345,O0087381,C104164,2025-08-11,4920.01,Size Issue
R007346,O0087415,C104165,2025-05-15,3694.95,Changed Mind
R007347,O0087434,C104167,2025-02-28,25238.17,Size Issue
R007348,O0087436,C104167,2025-04-27,3466.96,Not as Described
R007349,O0087459,C104170,2025-09-18,23676.04,Not as Described
R007350,O0087477,C104171,2025-04-29,7692.25,Not as Described
R007351,O0087483,C104171,2025-09-18,648.97,Not as Described
R007352,O0087484,C104171,2025-09-18,5506.71,Defective Product
R007353,O0087508,C104174,2026-03-02,8464.18,Not as Described
R007354,O0087513,C104175,2025-08-04,23757.99,Not as Described
R007355,O0087522,C104175,2025-09-15,3692.71,Better Price Found
R007356,O0087555,C104176,2024-03-05,57456.13,Late Delivery
R007357,O0087564,C104177,2026-01-18,3828.1,Not as Described
R007358,O0087566,C104178,2025-11-15,340.38,Late Delivery
R007359,O0087567,C104178,2025-11-30,4274.3,Not as Described
R007360,O0087578,C104178,2026-07-30,787.95,Better Price Found
R007361,O0087604,C104181,2025-08-09,22622.83,Size Issue
R007362,O0087606,C104182,2023-02-17,2334.42,Changed Mind
R007363,O0087628,C104182,2025-05-27,1705.99,Changed Mind
R007364,O0087648,C104185,2023-05-26,449.75,Defective Product
R007365,O0087669,C104189,2024-12-29,4095.42,Defective Product
R007366,O0087670,C104189,2025-01-05,19719.32,Defective Product
R007367,O0087674,C104189,2025-07-17,1218.5,Late Delivery
R007368,O0087677,C104189,2025-09-03,673.77,Better Price Found
R007369,O0087683,C104189,2026-01-29,4193.68,Defective Product
R007370,O0087696,C104192,2024-12-29,2636.36,Better Price Found
R007371,O0087698,C104192,2025-01-17,3588.84,Better Price Found
R007372,O0087699,C104192,2025-06-15,4306.42,Defective Product
R007373,O0087701,C104192,2025-11-09,7345.62,Defective Product
R007374,O0087708,C104193,2026-06-06,6244.62,Late Delivery
R007375,O0087711,C104194,2024-04-04,37846.45,Better Price Found
R007376,O0087724,C104195,2023-08-03,29325.43,Late Delivery
R007377,O0087736,C104195,2023-11-30,6369.71,Defective Product
R007378,O0087742,C104195,2024-01-04,7450.91,Not as Described
R007379,O0087759,C104195,2024-04-05,6796.05,Not as Described
R007380,O0087802,C104195,2025-05-24,3430.11,Size Issue
R007381,O0087813,C104195,2025-08-29,8772.52,Better Price Found
R007382,O0087818,C104195,2025-09-23,25291.04,Not as Described
R007383,O0087863,C104198,2024-01-16,35789.95,Defective Product
R007384,O0087882,C104198,2024-12-22,983.38,Changed Mind
R007385,O0087884,C104198,2025-02-11,12304.66,Late Delivery
R007386,O0087887,C104198,2025-05-04,4351.71,Better Price Found
R007387,O0087903,C104198,2026-05-01,4257.82,Defective Product
R007388,O0087925,C104199,2024-04-08,284.15,Better Price Found
R007389,O0087942,C104199,2024-12-15,1339.7,Size Issue
R007390,O0087964,C104199,2025-07-17,4235.53,Defective Product
R007391,O0087979,C104199,2026-02-09,10207.0,Late Delivery
R007392,O0087994,C104201,2025-09-09,8129.44,Better Price Found
R007393,O0087998,C104201,2025-09-18,61969.41,Size Issue
R007394,O0088019,C104201,2026-04-27,7042.79,Late Delivery
R007395,O0088024,C104201,2026-05-29,2561.08,Defective Product
R007396,O0088032,C104201,2026-07-03,21003.07,Defective Product
R007397,O0088042,C104204,2025-03-25,1869.43,Late Delivery
R007398,O0088060,C104205,2025-06-02,2981.65,Late Delivery
R007399,O0088085,C104205,2026-01-17,16987.17,Size Issue
R007400,O0088102,C104205,2026-04-16,9666.05,Not as Described
R007401,O0088119,C104207,2025-03-09,7218.69,Size Issue
R007402,O0088122,C104207,2025-04-08,442.04,Changed Mind
R007403,O0088126,C104207,2025-04-28,3668.6,Better Price Found
R007404,O0088127,C104207,2025-05-26,58993.05,Defective Product
R007405,O0088130,C104207,2025-07-02,3746.93,Better Price Found
R007406,O0088145,C104208,2024-10-19,33379.9,Not as Described
R007407,O0088151,C104208,2026-01-10,1185.92,Size Issue
R007408,O0088158,C104209,2025-08-01,2467.39,Better Price Found
R007409,O0088160,C104209,2025-10-11,2253.42,Not as Described
R007410,O0088161,C104209,2026-01-30,6175.05,Better Price Found
R007411,O0088163,C104210,2025-09-21,1873.17,Better Price Found
R007412,O0088201,C104211,2025-11-08,1452.54,Changed Mind
R007413,O0088207,C104211,2026-01-27,1304.81,Better Price Found
R007414,O0088211,C104211,2026-02-25,2986.06,Size Issue
R007415,O0088239,C104214,2023-03-10,5978.8,Defective Product
R007416,O0088242,C104214,2023-03-23,3324.74,Changed Mind
R007417,O0088261,C104214,2023-08-20,3512.12,Changed Mind
R007418,O0088284,C104214,2024-03-26,20037.25,Late Delivery
R007419,O0088287,C104214,2024-03-31,4932.83,Size Issue
R007420,O0088302,C104214,2024-08-06,9065.52,Late Delivery
R007421,O0088309,C104214,2024-09-24,718.05,Better Price Found
R007422,O0088328,C104214,2025-03-25,50224.25,Late Delivery
R007423,O0088335,C104214,2025-05-30,89038.14,Changed Mind
R007424,O0088377,C104214,2026-03-03,50447.61,Late Delivery
R007425,O0088387,C104214,2026-06-11,1008.76,Defective Product
R007426,O0088418,C104217,2025-01-22,14469.26,Size Issue
R007427,O0088427,C104217,2025-09-02,1602.78,Defective Product
R007428,O0088454,C104218,2024-02-17,4974.59,Not as Described
R007429,O0088485,C104221,2023-08-28,1259.63,Defective Product
R007430,O0088492,C104223,2025-09-09,31864.95,Better Price Found
R007431,O0088511,C104226,2023-10-22,7929.54,Size Issue
R007432,O0088528,C104227,2024-08-29,20755.47,Changed Mind
R007433,O0088541,C104227,2026-07-18,2280.33,Not as Described
R007434,O0088545,C104229,2026-06-25,1225.79,Not as Described
R007435,O0088568,C104230,2024-12-12,516.8,Defective Product
R007436,O0088581,C104230,2025-05-01,3479.41,Late Delivery
R007437,O0088583,C104230,2025-06-11,10334.96,Better Price Found
R007438,O0088602,C104230,2025-12-12,7203.02,Changed Mind
R007439,O0088616,C104230,2026-06-25,37464.84,Changed Mind
R007440,O0088624,C104231,2024-12-06,26830.08,Size Issue
R007441,O0088658,C104235,2024-10-20,44810.99,Late Delivery
R007442,O0088679,C104237,2024-11-26,140428.03,Better Price Found
R007443,O0088686,C104238,2023-04-11,1641.74,Better Price Found
R007444,O0088707,C104238,2024-08-22,20952.06,Not as Described
R007445,O0088720,C104238,2025-03-06,11511.04,Better Price Found
R007446,O0088730,C104238,2025-08-18,1679.47,Size Issue
R007447,O0088732,C104238,2025-09-02,4578.69,Better Price Found
R007448,O0088747,C104238,2026-02-13,2740.81,Defective Product
R007449,O0088760,C104238,2026-07-02,548.03,Size Issue
R007450,O0088764,C104238,2026-08-06,4863.47,Not as Described
R007451,O0088772,C104241,2024-06-08,1816.86,Late Delivery
R007452,O0088773,C104241,2024-07-27,539.4,Changed Mind
R007453,O0088776,C104241,2025-01-17,31460.03,Defective Product
R007454,O0088780,C104242,2026-01-16,3079.59,Better Price Found
R007455,O0088784,C104243,2025-11-05,1336.47,Late Delivery
R007456,O0088786,C104243,2026-03-03,36706.2,Changed Mind
R007457,O0088788,C104243,2026-04-14,1712.25,Better Price Found
R007458,O0088791,C104244,2025-11-17,10765.54,Defective Product
R007459,O0088795,C104244,2026-03-11,2501.17,Defective Product
R007460,O0088814,C104246,2025-03-05,9762.73,Changed Mind
R007461,O0088817,C104246,2025-05-25,9315.63,Size Issue
R007462,O0088829,C104247,2023-07-18,1110.9,Changed Mind
R007463,O0088842,C104247,2024-01-23,187.93,Late Delivery
R007464,O0088843,C104247,2024-02-11,40941.71,Changed Mind
R007465,O0088865,C104247,2025-03-18,4513.5,Defective Product
R007466,O0088885,C104249,2026-06-20,22840.49,Changed Mind
R007467,O0088899,C104253,2024-07-10,4684.18,Better Price Found
R007468,O0088922,C104253,2025-02-04,16460.9,Defective Product
R007469,O0088929,C104253,2025-04-15,2127.51,Late Delivery
R007470,O0088945,C104253,2025-10-11,8462.94,Late Delivery
R007471,O0088953,C104253,2025-12-24,1036.55,Changed Mind
R007472,O0088959,C104253,2026-01-10,25968.03,Size Issue
R007473,O0088960,C104253,2026-01-07,7210.74,Size Issue
R007474,O0088962,C104253,2026-02-14,7026.19,Size Issue
R007475,O0088973,C104253,2026-06-03,2227.48,Not as Described
R007476,O0088974,C104253,2026-06-07,4992.0,Late Delivery
R007477,O0088975,C104253,2026-06-06,3683.02,Defective Product
R007478,O0088978,C104253,2026-07-05,3137.29,Defective Product
R007479,O0088979,C104253,2026-07-23,5836.96,Not as Described
R007480,O0088981,C104253,2026-08-05,7744.11,Defective Product
R007481,O0089003,C104256,2026-07-01,1912.43,Defective Product
R007482,O0089048,C104263,2026-04-30,7698.5,Better Price Found
R007483,O0089060,C104264,2025-10-13,32764.58,Changed Mind
R007484,O0089083,C104264,2026-05-26,1065.59,Size Issue
R007485,O0089104,C104265,2025-09-15,6362.71,Better Price Found
R007486,O0089143,C104270,2023-11-22,3023.81,Defective Product
R007487,O0089146,C104270,2023-12-14,5873.6,Changed Mind
R007488,O0089153,C104270,2024-02-01,2507.37,Defective Product
R007489,O0089164,C104270,2024-09-30,2490.6,Not as Described
R007490,O0089178,C104270,2026-01-01,4097.83,Better Price Found
R007491,O0089181,C104270,2026-02-23,1444.32,Late Delivery
R007492,O0089227,C104276,2025-10-02,12345.96,Not as Described
R007493,O0089228,C104276,2025-12-21,17512.72,Late Delivery
R007494,O0089248,C104279,2023-12-31,1608.03,Size Issue
R007495,O0089255,C104279,2024-03-31,686.76,Not as Described
R007496,O0089290,C104279,2026-02-27,5953.65,Changed Mind
R007497,O0089295,C104279,2026-06-25,732.45,Better Price Found
R007498,O0089323,C104281,2023-05-15,4340.89,Defective Product
R007499,O0089333,C104281,2023-07-18,2740.42,Changed Mind
R007500,O0089341,C104281,2023-09-12,7138.16,Size Issue
R007501,O0089342,C104281,2023-09-23,3771.46,Changed Mind
R007502,O0089364,C104281,2024-01-31,2823.67,Better Price Found
R007503,O0089368,C104281,2024-02-11,474.46,Better Price Found
R007504,O0089372,C104281,2024-04-06,11832.69,Not as Described
R007505,O0089376,C104281,2024-05-06,28754.19,Changed Mind
R007506,O0089377,C104281,2024-05-11,1067.8,Size Issue
R007507,O0089382,C104281,2024-07-11,161.38,Not as Described
R007508,O0089385,C104281,2024-07-20,180.04,Size Issue
R007509,O0089407,C104281,2024-11-06,4207.76,Size Issue
R007510,O0089413,C104281,2024-12-22,4827.3,Not as Described
R007511,O0089440,C104281,2025-09-28,5911.29,Late Delivery
R007512,O0089443,C104281,2025-10-26,2283.22,Changed Mind
R007513,O0089447,C104281,2025-12-01,589.0,Defective Product
R007514,O0089454,C104281,2026-01-13,769.34,Size Issue
R007515,O0089465,C104281,2026-03-28,23073.37,Changed Mind
R007516,O0089470,C104281,2026-05-27,8873.53,Better Price Found
R007517,O0089491,C104283,2026-07-02,5855.41,Late Delivery
R007518,O0089545,C104286,2025-08-02,5646.33,Late Delivery
R007519,O0089548,C104286,2025-09-25,51045.89,Size Issue
R007520,O0089550,C104286,2025-12-26,2906.01,Changed Mind
R007521,O0089560,C104287,2024-12-15,3435.34,Size Issue
R007522,O0089567,C104287,2025-07-05,26149.78,Size Issue
R007523,O0089578,C104288,2026-06-17,11229.83,Not as Described
R007524,O0089580,C104289,2025-05-25,3025.12,Changed Mind
R007525,O0089585,C104289,2025-07-08,24902.91,Size Issue
R007526,O0089589,C104289,2025-08-03,5342.19,Better Price Found
R007527,O0089590,C104289,2025-08-13,2673.69,Late Delivery
R007528,O0089593,C104289,2025-08-08,2267.28,Not as Described
R007529,O0089602,C104289,2025-10-20,1163.37,Late Delivery
R007530,O0089603,C104289,2025-11-13,3335.79,Changed Mind
R007531,O0089611,C104289,2025-12-10,468.1,Late Delivery
R007532,O0089629,C104289,2026-06-18,17618.52,Late Delivery
R007533,O0089632,C104289,2026-07-16,37947.0,Better Price Found
R007534,O0089644,C104293,2024-11-05,3778.23,Defective Product
R007535,O0089645,C104293,2024-12-17,12371.39,Not as Described
R007536,O0089661,C104293,2026-01-24,2297.26,Better Price Found
R007537,O0089673,C104294,2026-05-10,2683.58,Size Issue
R007538,O0089675,C104294,2026-06-04,3492.03,Defective Product
R007539,O0089719,C104298,2025-10-27,9091.44,Changed Mind
R007540,O0089768,C104299,2025-03-15,5548.24,Late Delivery
R007541,O0089778,C104299,2025-06-20,2210.62,Defective Product
R007542,O0089799,C104299,2026-03-19,643.82,Not as Described
R007543,O0089800,C104299,2026-04-02,6654.31,Late Delivery
R007544,O0089803,C104299,2026-04-04,1469.53,Not as Described
R007545,O0089819,C104300,2024-10-30,100.29,Not as Described
R007546,O0089832,C104301,2026-04-14,5171.75,Changed Mind
R007547,O0089844,C104303,2023-11-13,53172.99,Changed Mind
R007548,O0089848,C104303,2024-01-15,7989.68,Defective Product
R007549,O0089941,C104307,2025-04-14,3427.62,Not as Described
R007550,O0089949,C104307,2025-10-21,14543.46,Late Delivery
R007551,O0089951,C104307,2026-01-09,1640.87,Size Issue
R007552,O0089955,C104308,2026-07-15,401.44,Size Issue
R007553,O0089956,C104309,2023-10-11,148942.95,Not as Described
R007554,O0089962,C104309,2024-05-18,412.51,Changed Mind
R007555,O0089973,C104310,2024-11-05,4035.71,Late Delivery
R007556,O0089997,C104310,2025-03-22,9619.28,Defective Product
R007557,O0090004,C104310,2025-05-18,1099.5,Late Delivery
R007558,O0090010,C104310,2025-07-03,108052.62,Better Price Found
R007559,O0090020,C104310,2025-09-30,6419.65,Better Price Found
R007560,O0090040,C104310,2026-03-12,16146.02,Late Delivery
R007561,O0090067,C104311,2024-02-22,7392.79,Not as Described
R007562,O0090094,C104311,2024-10-30,29870.26,Changed Mind
R007563,O0090121,C104311,2025-06-28,6772.23,Size Issue
R007564,O0090124,C104311,2025-08-03,10972.48,Changed Mind
R007565,O0090133,C104311,2025-08-30,746.35,Size Issue
R007566,O0090148,C104311,2025-11-14,4708.35,Better Price Found
R007567,O0090199,C104315,2024-07-15,4964.03,Changed Mind
R007568,O0090212,C104317,2025-04-04,9969.48,Defective Product
R007569,O0090229,C104317,2026-01-25,23896.19,Better Price Found
R007570,O0090242,C104317,2026-04-10,3805.0,Better Price Found
R007571,O0090260,C104318,2024-04-29,30098.28,Defective Product
R007572,O0090263,C104318,2024-05-14,10604.14,Size Issue
R007573,O0090339,C104318,2025-12-27,5848.96,Late Delivery
R007574,O0090366,C104319,2026-06-10,1307.77,Late Delivery
R007575,O0090367,C104319,2026-08-01,9928.2,Size Issue
R007576,O0090369,C104320,2024-10-08,944.46,Size Issue
R007577,O0090371,C104320,2024-10-27,4116.78,Better Price Found
R007578,O0090391,C104324,2023-10-06,5044.16,Defective Product
R007579,O0090392,C104324,2023-10-19,1307.49,Defective Product
R007580,O0090398,C104324,2025-03-22,9782.82,Late Delivery
R007581,O0090400,C104324,2025-04-09,622.86,Changed Mind
R007582,O0090413,C104327,2026-02-20,23325.44,Defective Product
R007583,O0090414,C104327,2026-03-18,43378.86,Not as Described
R007584,O0090415,C104327,2026-04-21,899.44,Size Issue
R007585,O0090428,C104328,2025-12-02,3878.22,Size Issue
R007586,O0090463,C104329,2026-04-10,326.87,Better Price Found
R007587,O0090474,C104329,2026-06-22,4446.17,Better Price Found
R007588,O0090481,C104329,2026-07-26,135.2,Not as Described
R007589,O0090482,C104329,2026-07-23,8402.06,Changed Mind
R007590,O0090485,C104330,2024-12-01,9916.31,Defective Product
R007591,O0090497,C104331,2025-09-01,5471.87,Size Issue
R007592,O0090500,C104331,2025-12-26,5151.65,Changed Mind
R007593,O0090502,C104331,2026-02-15,4960.65,Size Issue
R007594,O0090507,C104331,2026-07-21,2453.22,Size Issue
R007595,O0090508,C104332,2025-04-07,833.08,Not as Described
R007596,O0090531,C104333,2026-07-08,9868.92,Late Delivery
R007597,O0090536,C104335,2026-01-27,43202.99,Size Issue
R007598,O0090547,C104336,2025-12-12,11750.02,Not as Described
R007599,O0090548,C104336,2026-01-14,7848.95,Late Delivery
R007600,O0090559,C104337,2024-03-08,872.26,Changed Mind
R007601,O0090562,C104337,2024-06-04,4557.18,Size Issue
R007602,O0090565,C104337,2025-01-06,77450.89,Changed Mind
R007603,O0090578,C104338,2025-08-05,39378.32,Not as Described
R007604,O0090587,C104341,2025-02-20,9507.05,Changed Mind
R007605,O0090598,C104341,2025-07-16,7516.78,Late Delivery
R007606,O0090606,C104341,2025-08-24,4707.31,Changed Mind
R007607,O0090609,C104341,2025-09-25,22643.47,Better Price Found
R007608,O0090622,C104341,2026-02-10,5719.03,Size Issue
R007609,O0090623,C104341,2026-02-12,13577.25,Defective Product
R007610,O0090635,C104341,2026-05-22,21941.03,Defective Product
R007611,O0090669,C104344,2023-12-10,3501.79,Better Price Found
R007612,O0090677,C104345,2024-06-03,3392.58,Late Delivery
R007613,O0090683,C104345,2024-09-14,8193.56,Not as Described
R007614,O0090692,C104345,2025-02-04,85277.66,Size Issue
R007615,O0090700,C104345,2025-04-08,349.56,Not as Described
R007616,O0090709,C104345,2025-06-29,4142.3,Size Issue
R007617,O0090714,C104345,2025-08-05,7415.56,Size Issue
R007618,O0090750,C104345,2026-07-28,494.35,Better Price Found
R007619,O0090773,C104346,2025-01-28,3225.58,Defective Product
R007620,O0090786,C104346,2026-01-31,3795.49,Not as Described
R007621,O0090791,C104346,2026-06-20,3232.64,Defective Product
R007622,O0090796,C104347,2025-01-21,3783.17,Changed Mind
R007623,O0090820,C104349,2025-08-27,14473.14,Changed Mind
R007624,O0090828,C104349,2025-10-29,7931.43,Size Issue
R007625,O0090841,C104349,2026-05-31,2383.5,Size Issue
R007626,O0090846,C104349,2026-07-21,1634.49,Changed Mind
R007627,O0090859,C104350,2024-08-10,3494.1,Changed Mind
R007628,O0090887,C104352,2023-04-28,10856.58,Late Delivery
R007629,O0090895,C104352,2024-01-02,650.91,Changed Mind
R007630,O0090913,C104353,2024-11-06,10186.51,Changed Mind
R007631,O0090915,C104353,2024-11-12,22311.26,Defective Product
R007632,O0090926,C104353,2025-12-20,13459.72,Not as Described
R007633,O0090936,C104355,2024-04-26,5216.1,Late Delivery
R007634,O0090941,C104355,2024-12-15,3203.67,Changed Mind
R007635,O0090951,C104356,2026-06-08,146.58,Changed Mind
R007636,O0090968,C104357,2024-06-12,5924.6,Not as Described
R007637,O0090983,C104357,2025-02-16,3632.41,Not as Described
R007638,O0090984,C104357,2025-02-19,2309.03,Not as Described
R007639,O0090999,C104357,2025-09-09,5595.99,Late Delivery
R007640,O0091008,C104357,2026-01-01,31955.38,Late Delivery
R007641,O0091010,C104357,2026-01-27,35945.32,Defective Product
R007642,O0091011,C104357,2026-01-30,2340.39,Size Issue
R007643,O0091012,C104357,2026-02-02,944.45,Defective Product
R007644,O0091013,C104357,2026-02-11,21841.94,Defective Product
R007645,O0091018,C104357,2026-04-06,10688.15,Size Issue
R007646,O0091022,C104357,2026-04-02,12261.06,Not as Described
R007647,O0091024,C104357,2026-04-09,9176.22,Defective Product
R007648,O0091027,C104357,2026-05-16,4107.1,Not as Described
R007649,O0091050,C104359,2025-03-05,1899.85,Defective Product
R007650,O0091054,C104359,2025-04-30,2589.53,Defective Product
R007651,O0091068,C104359,2026-02-06,1869.21,Better Price Found
R007652,O0091070,C104359,2026-03-16,1683.87,Late Delivery
R007653,O0091088,C104360,2026-06-28,1296.66,Late Delivery
R007654,O0091097,C104361,2024-11-10,6536.02,Defective Product
R007655,O0091120,C104364,2025-07-21,3541.63,Better Price Found
R007656,O0091125,C104364,2025-11-02,5169.81,Defective Product
R007657,O0091152,C104365,2023-12-06,6376.36,Late Delivery
R007658,O0091154,C104365,2023-12-17,195.51,Defective Product
R007659,O0091189,C104365,2024-09-06,543.43,Size Issue
R007660,O0091190,C104365,2024-09-15,27955.38,Defective Product
R007661,O0091206,C104365,2024-12-11,7782.28,Size Issue
R007662,O0091233,C104365,2025-09-30,15524.28,Better Price Found
R007663,O0091234,C104365,2025-10-14,415.37,Not as Described
R007664,O0091236,C104365,2025-10-22,676.15,Defective Product
R007665,O0091238,C104365,2025-10-21,22677.61,Size Issue
R007666,O0091252,C104365,2026-02-02,850.61,Size Issue
R007667,O0091270,C104365,2026-05-02,829.93,Changed Mind
R007668,O0091276,C104366,2025-06-06,701.28,Not as Described
R007669,O0091288,C104366,2026-06-04,9873.71,Defective Product
R007670,O0091306,C104369,2024-03-02,48634.15,Defective Product
R007671,O0091310,C104369,2024-04-17,1942.42,Size Issue
R007672,O0091323,C104370,2025-07-09,5435.14,Size Issue
R007673,O0091332,C104372,2025-01-04,1434.71,Not as Described
R007674,O0091366,C104374,2023-12-21,7716.3,Not as Described
R007675,O0091389,C104374,2025-06-03,938.47,Better Price Found
R007676,O0091398,C104375,2025-06-12,16438.73,Defective Product
R007677,O0091419,C104378,2025-09-20,9479.57,Late Delivery
R007678,O0091424,C104379,2025-06-04,13771.14,Not as Described
R007679,O0091439,C104380,2025-06-08,51630.23,Size Issue
R007680,O0091457,C104380,2026-05-07,5157.96,Changed Mind
R007681,O0091471,C104381,2026-03-17,5267.69,Changed Mind
R007682,O0091477,C104383,2023-02-12,66479.4,Defective Product
R007683,O0091487,C104383,2023-10-03,6457.13,Not as Described
R007684,O0091488,C104383,2023-10-13,8726.56,Better Price Found
R007685,O0091491,C104383,2024-10-23,2544.73,Changed Mind
R007686,O0091504,C104385,2024-02-10,6893.89,Not as Described
R007687,O0091531,C104386,2024-10-06,61147.85,Late Delivery
R007688,O0091557,C104386,2025-05-17,4133.53,Changed Mind
R007689,O0091563,C104386,2025-06-26,7545.63,Defective Product
R007690,O0091587,C104386,2025-12-09,1960.14,Better Price Found
R007691,O0091639,C104387,2026-03-12,8080.9,Size Issue
R007692,O0091665,C104389,2023-10-18,11059.84,Size Issue
R007693,O0091666,C104389,2023-10-28,10110.01,Late Delivery
R007694,O0091702,C104393,2026-07-31,792.15,Better Price Found
R007695,O0091711,C104394,2025-05-10,4919.68,Late Delivery
R007696,O0091729,C104396,2024-01-23,66213.35,Better Price Found
R007697,O0091741,C104398,2025-08-17,34169.02,Better Price Found
R007698,O0091759,C104399,2026-01-18,1225.42,Size Issue
R007699,O0091770,C104400,2024-09-10,6872.76,Late Delivery
R007700,O0091805,C104400,2025-10-21,16256.11,Defective Product
R007701,O0091814,C104400,2025-12-15,11539.46,Size Issue
R007702,O0091866,C104402,2026-06-26,3830.82,Not as Described
R007703,O0091872,C104403,2023-11-07,1711.68,Defective Product
R007704,O0091878,C104403,2024-04-02,1165.35,Changed Mind
R007705,O0091892,C104403,2024-12-03,1469.81,Defective Product
R007706,O0091900,C104403,2025-05-28,1537.2,Defective Product
R007707,O0091922,C104403,2026-04-25,3402.91,Changed Mind
R007708,O0091935,C104404,2025-09-05,303.13,Changed Mind
R007709,O0091956,C104405,2024-04-16,25362.94,Not as Described
R007710,O0091958,C104405,2024-04-19,2096.13,Late Delivery
R007711,O0091964,C104405,2024-09-23,11149.49,Size Issue
R007712,O0091965,C104405,2024-09-30,6094.69,Changed Mind
R007713,O0091998,C104406,2025-08-21,11610.57,Late Delivery
R007714,O0092002,C104406,2025-12-19,1935.41,Changed Mind
R007715,O0092022,C104406,2026-07-15,2792.37,Better Price Found
R007716,O0092036,C104407,2026-06-18,11021.21,Defective Product
R007717,O0092043,C104410,2024-07-06,19028.15,Changed Mind
R007718,O0092045,C104410,2024-07-22,15271.99,Defective Product
R007719,O0092079,C104410,2025-04-22,12545.75,Size Issue
R007720,O0092088,C104410,2025-07-19,3338.01,Late Delivery
R007721,O0092094,C104410,2025-09-27,307.25,Late Delivery
R007722,O0092103,C104410,2025-11-17,6563.23,Changed Mind
R007723,O0092121,C104410,2026-04-04,7536.1,Better Price Found
R007724,O0092186,C104411,2025-11-28,839.5,Late Delivery
R007725,O0092212,C104413,2025-08-14,14792.08,Better Price Found
R007726,O0092223,C104413,2026-02-25,3934.93,Late Delivery
R007727,O0092229,C104413,2026-04-19,11310.41,Size Issue
R007728,O0092234,C104413,2026-07-11,6188.93,Better Price Found
R007729,O0092237,C104413,2026-07-31,11964.22,Better Price Found
R007730,O0092238,C104414,2025-04-09,6271.91,Defective Product
R007731,O0092269,C104418,2024-06-05,31607.76,Not as Described
R007732,O0092296,C104418,2025-01-24,3656.28,Better Price Found
R007733,O0092299,C104418,2025-02-09,25948.66,Better Price Found
R007734,O0092300,C104418,2025-02-26,4619.77,Size Issue
R007735,O0092308,C104418,2025-06-06,3277.49,Late Delivery
R007736,O0092320,C104418,2026-01-06,3221.5,Changed Mind
R007737,O0092341,C104418,2026-06-30,32266.07,Size Issue
R007738,O0092345,C104418,2026-08-05,1183.09,Not as Described
R007739,O0092352,C104419,2025-03-04,7850.32,Better Price Found
R007740,O0092356,C104419,2025-06-02,18354.57,Size Issue
R007741,O0092367,C104419,2025-11-26,3742.9,Late Delivery
R007742,O0092378,C104419,2026-05-08,20843.6,Not as Described
R007743,O0092424,C104428,2023-09-27,1025.84,Better Price Found
R007744,O0092432,C104428,2024-08-29,452.56,Size Issue
R007745,O0092450,C104428,2025-04-15,8205.35,Changed Mind
R007746,O0092486,C104430,2024-05-23,24039.39,Size Issue
R007747,O0092496,C104430,2024-10-10,900.61,Defective Product
R007748,O0092498,C104430,2024-11-02,35918.59,Size Issue
R007749,O0092510,C104430,2025-03-22,712.02,Size Issue
R007750,O0092516,C104430,2025-06-04,23982.95,Changed Mind
R007751,O0092527,C104430,2025-08-19,32439.52,Late Delivery
R007752,O0092543,C104430,2026-02-07,3204.32,Changed Mind
R007753,O0092544,C104430,2026-02-21,3192.51,Not as Described
R007754,O0092551,C104430,2026-05-04,752.39,Better Price Found
R007755,O0092579,C104432,2024-04-01,1988.7,Defective Product
R007756,O0092580,C104432,2024-04-11,7323.69,Late Delivery
R007757,O0092588,C104432,2024-09-07,358.07,Changed Mind
R007758,O0092591,C104432,2024-09-25,316.87,Defective Product
R007759,O0092611,C104432,2025-03-03,4228.06,Defective Product
R007760,O0092632,C104432,2025-09-29,188.34,Defective Product
R007761,O0092634,C104432,2025-11-11,8868.88,Better Price Found
R007762,O0092636,C104432,2025-11-19,4894.69,Not as Described
R007763,O0092638,C104432,2025-12-02,23798.22,Defective Product
R007764,O0092639,C104432,2025-12-10,17325.88,Not as Described
R007765,O0092645,C104432,2026-01-24,119136.44,Size Issue
R007766,O0092649,C104432,2026-03-05,1759.97,Better Price Found
R007767,O0092667,C104432,2026-08-08,4568.74,Better Price Found
R007768,O0092689,C104434,2025-05-07,1685.85,Defective Product
R007769,O0092710,C104435,2024-02-09,824.88,Changed Mind
R007770,O0092740,C104437,2024-07-15,4305.44,Changed Mind
R007771,O0092743,C104437,2026-05-30,6198.66,Defective Product
R007772,O0092744,C104437,2026-07-14,17518.66,Late Delivery
R007773,O0092749,C104438,2025-04-01,1418.27,Not as Described
R007774,O0092750,C104438,2025-04-05,1638.61,Late Delivery
R007775,O0092751,C104438,2025-06-04,20692.18,Defective Product
R007776,O0092761,C104438,2026-04-12,7008.99,Size Issue
R007777,O0092769,C104439,2023-12-16,5368.75,Defective Product
R007778,O0092793,C104440,2025-05-23,1631.45,Late Delivery
R007779,O0092799,C104440,2025-07-24,8639.49,Late Delivery
R007780,O0092823,C104440,2026-04-01,7152.77,Defective Product
R007781,O0092828,C104440,2026-04-24,432.19,Size Issue
R007782,O0092849,C104443,2024-05-09,14061.3,Changed Mind
R007783,O0092861,C104443,2024-11-09,1661.5,Not as Described
R007784,O0092863,C104443,2025-02-07,5671.35,Late Delivery
R007785,O0092864,C104443,2025-03-20,2046.27,Not as Described
R007786,O0092874,C104443,2026-02-04,18871.04,Changed Mind
R007787,O0092877,C104443,2026-04-03,19774.54,Late Delivery
R007788,O0092882,C104444,2024-02-26,2096.33,Better Price Found
R007789,O0092892,C104445,2023-11-12,3173.31,Better Price Found
R007790,O0092894,C104445,2023-11-28,2440.6,Changed Mind
R007791,O0092896,C104445,2023-12-04,1270.67,Defective Product
R007792,O0092908,C104445,2024-07-01,42736.15,Not as Described
R007793,O0092928,C104445,2025-03-17,2122.26,Changed Mind
R007794,O0092948,C104445,2025-11-30,13694.42,Defective Product
R007795,O0092966,C104446,2024-01-07,14244.05,Not as Described
R007796,O0093005,C104447,2024-12-27,1671.67,Late Delivery
R007797,O0093010,C104447,2025-03-26,252.73,Better Price Found
R007798,O0093016,C104447,2025-06-20,16117.96,Better Price Found
R007799,O0093030,C104447,2025-12-12,8377.61,Not as Described
R007800,O0093037,C104447,2026-02-28,340.38,Changed Mind
R007801,O0093041,C104447,2026-04-22,333.93,Not as Described
R007802,O0093042,C104447,2026-04-26,23335.4,Changed Mind
R007803,O0093048,C104447,2026-06-23,962.54,Defective Product
R007804,O0093052,C104447,2026-07-20,688.57,Defective Product
R007805,O0093061,C104448,2023-06-26,6208.08,Size Issue
R007806,O0093062,C104448,2023-11-03,38223.43,Changed Mind
R007807,O0093069,C104448,2024-10-02,4849.45,Better Price Found
R007808,O0093079,C104448,2025-06-23,5288.31,Changed Mind
R007809,O0093092,C104448,2026-01-02,5994.73,Defective Product
R007810,O0093161,C104452,2026-01-05,754.35,Size Issue
R007811,O0093162,C104452,2026-03-02,138943.41,Defective Product
R007812,O0093169,C104454,2026-01-06,355.34,Defective Product
R007813,O0093176,C104454,2026-05-31,1376.51,Not as Described
R007814,O0093177,C104454,2026-06-27,11171.81,Defective Product
R007815,O0093183,C104457,2023-07-12,4223.13,Late Delivery
R007816,O0093192,C104457,2024-11-21,280.55,Size Issue
R007817,O0093199,C104459,2024-08-15,764.64,Defective Product
R007818,O0093204,C104459,2025-11-15,662.98,Not as Described
R007819,O0093208,C104461,2026-06-03,61598.73,Better Price Found
R007820,O0093247,C104463,2025-02-04,7127.24,Defective Product
R007821,O0093254,C104463,2025-08-27,7389.74,Not as Described
R007822,O0093257,C104463,2026-06-07,908.14,Not as Described
R007823,O0093270,C104464,2024-10-21,16995.77,Changed Mind
R007824,O0093288,C104465,2025-02-24,548.16,Defective Product
R007825,O0093328,C104468,2026-04-07,1296.38,Size Issue
R007826,O0093346,C104471,2025-08-07,1910.58,Not as Described
R007827,O0093347,C104471,2025-10-18,2366.46,Not as Described
R007828,O0093367,C104472,2026-05-22,4149.68,Changed Mind
R007829,O0093369,C104472,2026-06-10,2985.82,Size Issue
R007830,O0093414,C104474,2026-06-18,17407.54,Size Issue
R007831,O0093418,C104474,2026-08-05,12980.19,Better Price Found
R007832,O0093426,C104476,2026-01-16,1369.54,Size Issue
R007833,O0093440,C104477,2026-04-03,16571.02,Late Delivery
R007834,O0093448,C104478,2024-09-29,6386.62,Defective Product
R007835,O0093464,C104479,2024-02-09,811.75,Better Price Found
R007836,O0093493,C104481,2024-02-15,28036.35,Defective Product
R007837,O0093539,C104481,2026-05-18,6818.08,Better Price Found
R007838,O0093550,C104483,2025-04-05,13805.53,Late Delivery
R007839,O0093553,C104483,2025-04-20,1402.45,Not as Described
R007840,O0093558,C104483,2025-07-14,7706.12,Changed Mind
R007841,O0093567,C104483,2025-08-19,23611.04,Defective Product
R007842,O0093594,C104483,2026-04-03,2346.36,Defective Product
R007843,O0093607,C104485,2024-05-23,3123.24,Better Price Found
R007844,O0093611,C104485,2025-03-05,693.29,Size Issue
R007845,O0093615,C104487,2025-06-05,2840.76,Changed Mind
R007846,O0093634,C104487,2026-04-18,458.86,Late Delivery
R007847,O0093642,C104487,2026-07-20,10023.63,Not as Described
R007848,O0093674,C104490,2025-09-16,8349.7,Late Delivery
R007849,O0093679,C104491,2026-04-07,31628.23,Late Delivery
R007850,O0093702,C104496,2024-05-13,810.3,Late Delivery
R007851,O0093706,C104496,2024-09-20,3016.03,Not as Described
R007852,O0093708,C104496,2024-11-07,5356.74,Size Issue
R007853,O0093710,C104496,2025-01-29,883.96,Size Issue
R007854,O0093730,C104497,2026-05-03,2887.62,Better Price Found
R007855,O0093736,C104497,2026-07-31,50819.46,Defective Product
R007856,O0093771,C104498,2024-06-21,6466.84,Defective Product
R007857,O0093782,C104498,2024-09-11,2602.19,Defective Product
R007858,O0093799,C104498,2025-01-13,20486.15,Size Issue
R007859,O0093826,C104498,2025-07-14,446.74,Changed Mind
R007860,O0093872,C104499,2024-01-03,7194.71,Better Price Found
R007861,O0093877,C104499,2024-09-06,3314.14,Not as Described
R007862,O0093880,C104499,2024-11-18,930.68,Defective Product
R007863,O0093894,C104499,2025-06-11,9301.71,Defective Product
R007864,O0093904,C104499,2025-09-06,890.58,Defective Product
R007865,O0093917,C104499,2025-11-19,30885.73,Not as Described
R007866,O0093922,C104499,2025-11-26,4142.52,Size Issue
R007867,O0093923,C104499,2025-12-06,1676.14,Better Price Found
R007868,O0093945,C104499,2026-05-02,16924.61,Defective Product
R007869,O0093946,C104499,2026-04-30,22112.95,Late Delivery
R007870,O0093947,C104499,2026-05-03,20887.91,Defective Product
R007871,O0093948,C104499,2026-05-10,76521.96,Defective Product
R007872,O0093964,C104499,2026-08-06,6933.56,Late Delivery
R007873,O0093966,C104499,2026-08-09,3753.64,Size Issue
R007874,O0093975,C104500,2024-02-07,17745.38,Changed Mind
R007875,O0093976,C104500,2024-03-01,299.29,Size Issue
R007876,O0093992,C104500,2025-04-16,12192.45,Late Delivery
R007877,O0093995,C104500,2026-02-20,33498.35,Changed Mind
R007878,O0094000,C104501,2025-01-08,23659.8,Late Delivery
R007879,O0094003,C104501,2025-04-28,443.83,Better Price Found
R007880,O0094005,C104501,2025-05-13,8500.36,Size Issue
R007881,O0094011,C104501,2025-09-01,2413.3,Defective Product
R007882,O0094014,C104501,2025-09-06,1314.39,Not as Described
R007883,O0094018,C104501,2025-09-17,3861.47,Changed Mind
R007884,O0094020,C104501,2025-10-17,7823.91,Not as Described
R007885,O0094029,C104501,2026-02-08,4216.07,Not as Described
R007886,O0094033,C104501,2026-03-29,1508.08,Better Price Found
R007887,O0094035,C104501,2026-03-27,8073.96,Not as Described
R007888,O0094036,C104501,2026-03-30,15204.66,Size Issue
R007889,O0094047,C104501,2026-07-21,4536.82,Better Price Found
R007890,O0094062,C104502,2025-05-11,2732.76,Better Price Found
R007891,O0094078,C104503,2024-07-16,1262.69,Defective Product
R007892,O0094105,C104504,2025-01-04,16849.09,Changed Mind
R007893,O0094112,C104504,2025-02-16,5928.12,Better Price Found
R007894,O0094113,C104504,2025-02-24,3209.68,Defective Product
R007895,O0094153,C104504,2026-01-10,16492.82,Not as Described
R007896,O0094155,C104504,2026-01-30,15304.66,Size Issue
R007897,O0094160,C104504,2026-03-15,11037.15,Changed Mind
R007898,O0094174,C104505,2026-02-25,1460.98,Better Price Found
R007899,O0094177,C104505,2026-05-18,8864.51,Defective Product
R007900,O0094178,C104506,2025-01-13,21722.35,Defective Product
R007901,O0094179,C104506,2025-02-18,9761.52,Not as Described
R007902,O0094194,C104510,2024-05-01,4805.29,Defective Product
R007903,O0094229,C104510,2025-09-03,1514.29,Defective Product
R007904,O0094254,C104512,2026-06-03,2158.23,Not as Described
R007905,O0094264,C104514,2024-05-21,3210.13,Size Issue
R007906,O0094265,C104514,2024-05-15,30078.99,Changed Mind
R007907,O0094267,C104514,2024-05-31,34426.04,Late Delivery
R007908,O0094270,C104514,2024-06-26,2174.68,Not as Described
R007909,O0094271,C104514,2024-07-04,3193.45,Defective Product
R007910,O0094274,C104514,2024-08-10,2882.83,Changed Mind
R007911,O0094284,C104514,2024-10-01,29723.01,Changed Mind
R007912,O0094289,C104514,2024-10-25,1522.82,Not as Described
R007913,O0094290,C104514,2024-11-08,3266.17,Better Price Found
R007914,O0094302,C104514,2025-05-10,6629.67,Defective Product
R007915,O0094305,C104514,2025-05-17,848.03,Size Issue
R007916,O0094315,C104514,2025-08-15,21090.14,Late Delivery
R007917,O0094330,C104514,2025-10-09,12297.27,Size Issue
R007918,O0094332,C104514,2025-11-17,54796.44,Better Price Found
R007919,O0094334,C104514,2025-12-29,9483.5,Better Price Found
R007920,O0094335,C104514,2026-01-03,7319.66,Late Delivery
R007921,O0094340,C104514,2026-02-07,32125.49,Defective Product
R007922,O0094357,C104514,2026-07-02,3932.08,Size Issue
R007923,O0094364,C104515,2024-01-14,9872.67,Defective Product
R007924,O0094378,C104515,2025-01-18,5244.52,Size Issue
R007925,O0094381,C104515,2025-03-06,3897.54,Defective Product
R007926,O0094390,C104515,2025-06-11,3411.72,Late Delivery
R007927,O0094392,C104515,2025-07-14,24641.16,Defective Product
R007928,O0094402,C104515,2025-10-30,12200.19,Changed Mind
R007929,O0094407,C104515,2025-12-22,19253.52,Late Delivery
R007930,O0094422,C104515,2026-05-15,2181.25,Not as Described
R007931,O0094438,C104516,2025-09-09,27439.34,Not as Described
R007932,O0094441,C104516,2025-11-24,824.03,Size Issue
R007933,O0094448,C104518,2026-06-26,4146.3,Late Delivery
R007934,O0094451,C104519,2025-02-23,25213.87,Better Price Found
R007935,O0094457,C104520,2024-02-08,31093.61,Better Price Found
R007936,O0094462,C104520,2025-01-02,2525.02,Size Issue
R007937,O0094505,C104525,2024-10-04,4548.04,Not as Described
R007938,O0094553,C104525,2025-10-09,2308.78,Changed Mind
R007939,O0094554,C104525,2025-10-29,2206.34,Changed Mind
R007940,O0094556,C104525,2025-11-02,253.84,Not as Described
R007941,O0094557,C104525,2025-11-22,20529.59,Changed Mind
R007942,O0094571,C104525,2026-02-14,1141.91,Better Price Found
R007943,O0094591,C104525,2026-05-10,27707.03,Not as Described
R007944,O0094624,C104526,2025-10-15,5831.06,Late Delivery
R007945,O0094629,C104528,2025-09-07,1314.29,Better Price Found
R007946,O0094639,C104529,2024-06-28,5461.37,Size Issue
R007947,O0094656,C104531,2023-08-03,2047.11,Defective Product
R007948,O0094658,C104531,2023-09-26,6668.11,Late Delivery
R007949,O0094666,C104531,2024-04-18,1907.6,Changed Mind
R007950,O0094686,C104531,2025-12-08,7322.52,Changed Mind
R007951,O0094721,C104535,2026-04-11,4957.91,Late Delivery
R007952,O0094737,C104536,2025-03-17,2315.38,Defective Product
R007953,O0094740,C104536,2025-04-16,16710.6,Not as Described
R007954,O0094743,C104536,2025-06-01,13016.36,Size Issue
R007955,O0094748,C104536,2025-07-23,27864.37,Not as Described
R007956,O0094770,C104536,2025-12-20,10056.92,Late Delivery
R007957,O0094797,C104537,2026-02-23,1816.29,Late Delivery
R007958,O0094798,C104537,2026-04-11,8117.49,Late Delivery
R007959,O0094806,C104538,2025-07-17,1556.88,Changed Mind
R007960,O0094812,C104538,2026-01-20,21917.75,Changed Mind
R007961,O0094814,C104538,2026-03-25,45192.05,Size Issue
R007962,O0094821,C104539,2025-08-03,47332.7,Size Issue
R007963,O0094863,C104541,2024-11-10,16754.12,Better Price Found
R007964,O0094949,C104542,2026-02-14,10011.64,Changed Mind
R007965,O0094970,C104543,2024-08-25,4943.46,Not as Described
R007966,O0094972,C104543,2024-09-07,11026.58,Defective Product
R007967,O0094978,C104543,2024-09-21,12948.13,Changed Mind
R007968,O0094993,C104543,2025-01-17,10203.52,Better Price Found
R007969,O0095006,C104543,2025-06-13,4591.83,Defective Product
R007970,O0095029,C104543,2026-01-04,680.3,Size Issue
R007971,O0095045,C104543,2026-05-10,2178.22,Defective Product
R007972,O0095048,C104543,2026-06-10,12822.87,Changed Mind
R007973,O0095051,C104543,2026-07-06,3145.02,Size Issue
R007974,O0095061,C104544,2025-10-13,4549.96,Changed Mind
R007975,O0095069,C104544,2026-04-02,671.92,Defective Product
R007976,O0095075,C104544,2026-05-30,3221.65,Changed Mind
R007977,O0095078,C104544,2026-07-09,12426.78,Better Price Found
R007978,O0095080,C104544,2026-07-18,8131.4,Changed Mind
R007979,O0095085,C104544,2026-07-26,21613.4,Late Delivery
R007980,O0095096,C104545,2024-09-13,1379.06,Size Issue
R007981,O0095107,C104545,2025-08-22,7346.15,Late Delivery
R007982,O0095140,C104546,2024-06-07,4708.43,Defective Product
R007983,O0095147,C104546,2024-11-23,730.78,Not as Described
R007984,O0095155,C104546,2025-03-23,1827.21,Not as Described
R007985,O0095156,C104546,2025-04-15,15735.94,Not as Described
R007986,O0095158,C104546,2025-05-18,7857.0,Better Price Found
R007987,O0095162,C104546,2025-07-30,19058.21,Size Issue
R007988,O0095165,C104546,2025-09-05,1775.12,Not as Described
R007989,O0095174,C104546,2025-11-20,7661.98,Defective Product
R007990,O0095218,C104550,2025-12-29,2991.98,Defective Product
R007991,O0095238,C104553,2026-04-10,6001.46,Better Price Found
R007992,O0095242,C104553,2026-07-09,2780.83,Late Delivery
R007993,O0095250,C104557,2026-03-05,3006.26,Not as Described
R007994,O0095265,C104559,2024-03-16,22565.65,Size Issue
R007995,O0095291,C104563,2025-10-03,594.15,Late Delivery
R007996,O0095300,C104565,2025-12-01,1946.0,Not as Described
R007997,O0095306,C104565,2026-04-04,4323.79,Better Price Found
R007998,O0095316,C104566,2023-03-10,2801.91,Late Delivery
R007999,O0095318,C104566,2023-04-21,8488.92,Size Issue
R008000,O0095320,C104566,2023-06-08,2912.21,Late Delivery
R008001,O0095322,C104566,2023-07-20,7413.84,Defective Product
R008002,O0095326,C104566,2023-12-19,266.99,Defective Product
R008003,O0095327,C104566,2024-01-01,485.95,Not as Described
R008004,O0095328,C104566,2024-01-09,19221.18,Size Issue
R008005,O0095363,C104568,2024-06-27,2971.29,Better Price Found
R008006,O0095374,C104568,2025-11-27,5025.41,Changed Mind
R008007,O0095383,C104570,2023-06-21,7671.78,Better Price Found
R008008,O0095392,C104570,2025-07-29,1135.45,Better Price Found
R008009,O0095393,C104570,2026-08-06,2715.09,Late Delivery
R008010,O0095394,C104571,2026-07-04,16184.33,Late Delivery
R008011,O0095397,C104572,2023-10-20,1470.36,Late Delivery
R008012,O0095399,C104572,2024-08-12,6050.88,Changed Mind
R008013,O0095400,C104572,2026-01-25,22018.18,Changed Mind
R008014,O0095412,C104573,2025-08-23,736.0,Not as Described
R008015,O0095416,C104573,2026-06-08,8054.35,Defective Product
R008016,O0095418,C104574,2024-01-30,1323.24,Not as Described
R008017,O0095424,C104575,2025-12-30,1933.3,Defective Product
R008018,O0095427,C104576,2024-08-15,9299.3,Late Delivery
R008019,O0095437,C104577,2025-10-24,1648.28,Late Delivery
R008020,O0095466,C104578,2025-09-22,2723.91,Late Delivery
R008021,O0095494,C104579,2025-05-12,4402.05,Defective Product
R008022,O0095500,C104579,2025-07-11,11267.2,Not as Described
R008023,O0095516,C104579,2025-11-27,18652.14,Changed Mind
R008024,O0095520,C104579,2026-01-02,2076.71,Not as Described
R008025,O0095579,C104582,2025-05-02,31090.12,Late Delivery
R008026,O0095613,C104582,2026-05-29,16376.83,Defective Product
R008027,O0095635,C104583,2025-04-17,10286.95,Better Price Found
R008028,O0095644,C104583,2025-07-14,5873.4,Defective Product
R008029,O0095652,C104583,2025-08-16,2231.88,Defective Product
R008030,O0095656,C104583,2025-09-10,366.83,Better Price Found
R008031,O0095662,C104583,2025-11-23,23547.39,Size Issue
R008032,O0095671,C104583,2026-02-28,85284.33,Defective Product
R008033,O0095674,C104583,2026-03-14,11611.94,Better Price Found
R008034,O0095692,C104583,2026-07-27,8488.92,Changed Mind
R008035,O0095697,C104584,2024-07-01,10771.14,Size Issue
R008036,O0095753,C104585,2026-02-24,619.27,Size Issue
R008037,O0095756,C104585,2026-05-24,302.23,Changed Mind
R008038,O0095758,C104585,2026-05-19,627.9,Late Delivery
R008039,O0095763,C104586,2025-03-11,167.34,Not as Described
R008040,O0095773,C104587,2023-07-17,43917.5,Not as Described
R008041,O0095777,C104587,2024-03-26,16982.59,Not as Described
R008042,O0095779,C104587,2025-09-15,4276.45,Late Delivery
R008043,O0095783,C104589,2023-11-26,8161.41,Changed Mind
R008044,O0095813,C104589,2025-08-01,9877.42,Not as Described
R008045,O0095844,C104590,2024-03-28,950.02,Size Issue
R008046,O0095861,C104590,2025-02-02,203.71,Late Delivery
R008047,O0095871,C104590,2025-06-07,18534.17,Changed Mind
R008048,O0095872,C104590,2025-06-11,936.41,Not as Described
R008049,O0095887,C104590,2025-11-15,2905.44,Changed Mind
R008050,O0095910,C104590,2026-05-20,5940.42,Better Price Found
R008051,O0095925,C104591,2026-04-28,9186.39,Defective Product
R008052,O0095937,C104592,2025-10-31,4072.17,Late Delivery
R008053,O0095956,C104592,2026-08-02,4774.34,Defective Product
R008054,O0095970,C104593,2025-01-01,3550.33,Changed Mind
R008055,O0095975,C104593,2025-03-08,4529.47,Late Delivery
R008056,O0095977,C104593,2025-03-25,6387.9,Size Issue
R008057,O0095988,C104593,2025-07-21,1875.11,Size Issue
R008058,O0095990,C104593,2025-08-20,6418.0,Better Price Found
R008059,O0095992,C104593,2025-08-29,56588.35,Size Issue
R008060,O0095996,C104593,2025-09-25,12723.63,Late Delivery
R008061,O0096003,C104593,2025-12-04,2858.99,Not as Described
R008062,O0096021,C104593,2026-06-03,5926.96,Changed Mind
R008063,O0096023,C104593,2026-06-25,17669.98,Late Delivery
R008064,O0096035,C104596,2025-05-31,3486.85,Changed Mind
R008065,O0096040,C104596,2025-12-14,4414.54,Better Price Found
R008066,O0096061,C104598,2024-04-28,4291.51,Size Issue
R008067,O0096062,C104598,2024-05-13,11578.51,Better Price Found
R008068,O0096063,C104598,2024-07-01,6871.29,Late Delivery
R008069,O0096064,C104598,2024-10-14,656.94,Changed Mind
R008070,O0096066,C104598,2024-11-04,7198.67,Size Issue
R008071,O0096068,C104598,2025-05-29,2172.85,Better Price Found
R008072,O0096076,C104599,2025-04-19,1060.54,Late Delivery
R008073,O0096082,C104600,2025-01-17,10964.3,Better Price Found
R008074,O0096083,C104600,2025-04-26,1915.37,Better Price Found
R008075,O0096091,C104601,2025-12-14,54297.63,Size Issue
R008076,O0096124,C104604,2026-05-15,2217.02,Late Delivery
R008077,O0096140,C104605,2024-12-20,37726.33,Defective Product
R008078,O0096149,C104607,2025-02-21,698.36,Better Price Found
R008079,O0096173,C104607,2025-08-28,2776.01,Better Price Found
R008080,O0096185,C104607,2025-11-18,1762.92,Late Delivery
R008081,O0096187,C104607,2025-11-28,12454.61,Not as Described
R008082,O0096196,C104607,2026-03-03,7033.89,Changed Mind
R008083,O0096230,C104608,2024-11-16,158100.48,Late Delivery
R008084,O0096239,C104608,2025-02-14,3071.79,Better Price Found
R008085,O0096250,C104608,2025-04-30,11100.73,Late Delivery
R008086,O0096251,C104608,2025-05-03,722.08,Better Price Found
R008087,O0096252,C104608,2025-05-16,358.69,Size Issue
R008088,O0096255,C104608,2025-06-08,13107.93,Defective Product
R008089,O0096260,C104608,2025-07-02,9008.33,Not as Described
R008090,O0096267,C104608,2025-10-17,29762.88,Not as Described
R008091,O0096269,C104608,2025-12-04,64985.14,Changed Mind
R008092,O0096272,C104608,2025-12-27,2107.0,Defective Product
R008093,O0096306,C104610,2024-03-05,59175.98,Late Delivery
R008094,O0096316,C104610,2026-05-24,32338.87,Not as Described
R008095,O0096318,C104611,2025-08-07,21206.58,Changed Mind
R008096,O0096320,C104611,2025-09-25,5762.22,Size Issue
R008097,O0096341,C104613,2025-02-28,1087.63,Not as Described
R008098,O0096349,C104614,2024-03-02,25685.07,Size Issue
R008099,O0096351,C104614,2024-09-30,5619.96,Not as Described
R008100,O0096357,C104614,2025-05-06,7338.67,Not as Described
R008101,O0096363,C104614,2025-08-24,5563.3,Better Price Found
R008102,O0096367,C104614,2025-12-27,12475.86,Defective Product
R008103,O0096369,C104614,2026-01-13,8301.97,Late Delivery
R008104,O0096377,C104614,2026-06-05,10758.67,Changed Mind
R008105,O0096396,C104615,2024-11-15,9013.7,Defective Product
R008106,O0096405,C104615,2025-03-25,54544.02,Size Issue
R008107,O0096407,C104615,2025-04-02,77836.4,Defective Product
R008108,O0096412,C104615,2025-04-25,76445.25,Changed Mind
R008109,O0096438,C104615,2026-03-31,25872.8,Late Delivery
R008110,O0096452,C104616,2025-03-07,18849.8,Defective Product
R008111,O0096455,C104616,2025-06-02,3177.88,Changed Mind
R008112,O0096456,C104616,2025-06-19,10592.26,Size Issue
R008113,O0096467,C104616,2025-11-17,2515.81,Size Issue
R008114,O0096491,C104617,2025-01-01,4759.81,Late Delivery
R008115,O0096494,C104617,2025-02-02,10405.15,Size Issue
R008116,O0096513,C104617,2026-06-08,2222.58,Late Delivery
R008117,O0096518,C104618,2024-05-03,1385.98,Changed Mind
R008118,O0096526,C104619,2025-02-02,1086.16,Better Price Found
R008119,O0096548,C104619,2025-11-26,20171.21,Changed Mind
R008120,O0096559,C104619,2026-04-17,1139.45,Not as Described
R008121,O0096564,C104619,2026-06-14,2747.57,Size Issue
R008122,O0096574,C104621,2025-07-13,3495.15,Size Issue
R008123,O0096576,C104622,2023-06-12,59658.81,Changed Mind
R008124,O0096582,C104622,2023-10-01,3612.0,Late Delivery
R008125,O0096589,C104622,2024-12-13,719.49,Defective Product
R008126,O0096592,C104623,2024-10-02,2803.77,Late Delivery
R008127,O0096593,C104623,2024-10-10,10039.09,Defective Product
R008128,O0096606,C104623,2025-03-22,3889.24,Size Issue
R008129,O0096608,C104623,2025-03-18,2685.92,Changed Mind
R008130,O0096627,C104623,2025-09-01,1457.46,Changed Mind
R008131,O0096637,C104623,2026-02-10,33632.08,Better Price Found
R008132,O0096670,C104626,2025-09-12,29351.62,Changed Mind
R008133,O0096671,C104626,2025-09-26,1386.85,Size Issue
R008134,O0096681,C104627,2025-11-19,16432.63,Changed Mind
R008135,O0096690,C104628,2023-06-26,556.45,Better Price Found
R008136,O0096698,C104628,2024-01-06,12638.14,Size Issue
R008137,O0096703,C104628,2025-04-20,3275.38,Not as Described
R008138,O0096725,C104634,2024-11-29,12621.19,Defective Product
R008139,O0096747,C104635,2024-07-22,1444.13,Late Delivery
R008140,O0096793,C104636,2025-01-30,11212.44,Defective Product
R008141,O0096794,C104636,2025-03-16,4795.75,Not as Described
R008142,O0096802,C104636,2025-09-24,652.41,Late Delivery
R008143,O0096811,C104636,2026-04-13,90601.2,Not as Described
R008144,O0096814,C104636,2026-08-03,1358.61,Better Price Found
R008145,O0096826,C104639,2024-02-28,1479.1,Changed Mind
R008146,O0096845,C104639,2025-04-25,2397.77,Size Issue
R008147,O0096862,C104639,2025-12-30,2792.34,Not as Described
R008148,O0096863,C104639,2026-01-10,8046.65,Better Price Found
R008149,O0096909,C104642,2025-05-30,8569.71,Not as Described
R008150,O0096914,C104642,2025-07-11,87254.65,Size Issue
R008151,O0096948,C104643,2024-07-22,8972.39,Size Issue
R008152,O0096950,C104643,2024-08-17,5219.65,Defective Product
R008153,O0096966,C104644,2025-11-25,727.65,Defective Product
R008154,O0096967,C104644,2025-12-31,5430.72,Size Issue
R008155,O0096975,C104645,2025-06-13,9532.95,Not as Described
R008156,O0097005,C104647,2024-09-07,21084.77,Size Issue
R008157,O0097068,C104647,2026-06-23,27289.11,Not as Described
R008158,O0097080,C104648,2025-10-07,10980.35,Size Issue
R008159,O0097151,C104652,2024-08-16,2341.15,Size Issue
R008160,O0097154,C104652,2024-12-06,2708.06,Better Price Found
R008161,O0097158,C104652,2025-04-27,2148.41,Size Issue
R008162,O0097167,C104653,2024-08-30,801.69,Not as Described
R008163,O0097207,C104653,2026-05-14,9355.06,Defective Product
R008164,O0097230,C104654,2023-12-18,4936.91,Not as Described
R008165,O0097242,C104654,2025-02-23,1752.09,Better Price Found
R008166,O0097245,C104654,2025-03-27,1628.3,Size Issue
R008167,O0097247,C104654,2025-07-27,6605.43,Not as Described
R008168,O0097254,C104654,2026-01-20,11991.1,Better Price Found
R008169,O0097259,C104654,2026-07-27,1197.38,Not as Described
R008170,O0097260,C104654,2026-08-07,1986.52,Changed Mind
R008171,O0097267,C104655,2026-03-15,10649.31,Better Price Found
R008172,O0097281,C104655,2026-07-26,37422.55,Late Delivery
R008173,O0097304,C104659,2026-05-10,5781.34,Late Delivery
R008174,O0097307,C104660,2023-08-22,310.55,Not as Described
R008175,O0097308,C104660,2023-09-14,1794.8,Defective Product
R008176,O0097309,C104660,2023-09-17,7010.1,Defective Product
R008177,O0097310,C104660,2023-09-24,3941.48,Size Issue
R008178,O0097325,C104660,2024-03-14,4341.34,Defective Product
R008179,O0097343,C104661,2023-10-13,17668.78,Not as Described
R008180,O0097360,C104661,2024-07-13,2099.25,Defective Product
R008181,O0097400,C104661,2025-07-12,43047.93,Size Issue
R008182,O0097466,C104665,2023-07-30,7387.37,Size Issue
R008183,O0097489,C104667,2024-07-14,19315.73,Changed Mind
R008184,O0097500,C104669,2026-07-23,5441.86,Not as Described
R008185,O0097507,C104670,2026-06-23,2364.32,Not as Described
R008186,O0097514,C104671,2025-08-29,8514.43,Not as Described
R008187,O0097522,C104671,2026-04-21,16244.46,Better Price Found
R008188,O0097536,C104673,2025-07-20,5870.72,Changed Mind
R008189,O0097543,C104674,2023-02-10,1681.79,Better Price Found
R008190,O0097549,C104674,2023-11-13,1120.09,Changed Mind
R008191,O0097551,C104675,2024-06-08,5815.21,Changed Mind
R008192,O0097554,C104675,2024-07-10,275.42,Size Issue
R008193,O0097556,C104675,2024-07-23,228.11,Size Issue
R008194,O0097557,C104675,2024-08-13,948.84,Size Issue
R008195,O0097559,C104675,2024-10-01,4023.56,Size Issue
R008196,O0097560,C104675,2024-10-18,14908.11,Not as Described
R008197,O0097563,C104675,2024-12-25,59734.61,Not as Described
R008198,O0097594,C104680,2023-02-02,4177.36,Late Delivery
R008199,O0097603,C104680,2024-03-29,1490.62,Size Issue
R008200,O0097618,C104681,2025-02-14,4730.45,Better Price Found
R008201,O0097632,C104681,2025-09-14,4546.38,Size Issue
R008202,O0097666,C104681,2026-04-24,4590.47,Not as Described
R008203,O0097681,C104682,2025-05-10,6291.3,Better Price Found
R008204,O0097685,C104682,2025-07-10,7263.16,Size Issue
R008205,O0097686,C104682,2025-07-16,21173.65,Late Delivery
R008206,O0097704,C104682,2026-04-18,417.3,Not as Described
R008207,O0097719,C104685,2023-12-25,59.35,Not as Described
R008208,O0097736,C104685,2026-05-24,2035.22,Late Delivery
R008209,O0097749,C104687,2023-09-07,4021.56,Better Price Found
R008210,O0097757,C104688,2024-12-20,2582.26,Defective Product
R008211,O0097780,C104688,2025-12-20,1011.54,Defective Product
R008212,O0097833,C104692,2024-02-23,14849.01,Not as Described
R008213,O0097853,C104692,2024-11-07,88443.4,Late Delivery
R008214,O0097854,C104692,2024-12-11,366.56,Better Price Found
R008215,O0097856,C104692,2024-12-18,1378.2,Not as Described
R008216,O0097871,C104692,2025-10-10,1170.5,Late Delivery
R008217,O0097872,C104692,2025-10-21,1041.36,Changed Mind
R008218,O0097880,C104692,2026-06-21,569.26,Defective Product
R008219,O0097905,C104698,2023-02-23,9460.79,Changed Mind
R008220,O0097920,C104698,2024-01-06,1712.79,Size Issue
R008221,O0097923,C104698,2024-02-24,5451.4,Not as Described
R008222,O0097932,C104698,2024-05-21,73365.46,Late Delivery
R008223,O0097934,C104698,2024-06-03,267.78,Not as Described
R008224,O0097937,C104698,2024-07-02,18943.0,Better Price Found
R008225,O0098013,C104698,2026-07-02,574.6,Better Price Found
R008226,O0098015,C104698,2026-08-04,11439.41,Size Issue
R008227,O0098017,C104699,2026-03-19,31478.22,Better Price Found
R008228,O0098029,C104702,2024-06-05,7999.92,Better Price Found
R008229,O0098034,C104702,2024-08-15,11021.0,Size Issue
R008230,O0098036,C104702,2024-10-31,1508.2,Late Delivery
R008231,O0098045,C104702,2025-07-10,157451.38,Not as Described
R008232,O0098050,C104702,2025-12-22,1655.42,Late Delivery
R008233,O0098086,C104706,2026-08-02,7999.71,Defective Product
R008234,O0098088,C104707,2023-03-05,151.64,Better Price Found
R008235,O0098106,C104707,2023-07-02,18793.64,Defective Product
R008236,O0098112,C104707,2023-08-25,855.07,Better Price Found
R008237,O0098131,C104707,2024-03-06,6063.62,Late Delivery
R008238,O0098157,C104707,2024-12-30,30674.15,Size Issue
R008239,O0098159,C104707,2025-01-06,3494.74,Better Price Found
R008240,O0098167,C104707,2025-03-15,1900.35,Size Issue
R008241,O0098176,C104707,2025-05-26,11371.99,Late Delivery
R008242,O0098183,C104707,2025-08-08,2263.08,Size Issue
R008243,O0098209,C104707,2026-03-16,10419.56,Late Delivery
R008244,O0098226,C104708,2024-08-03,11206.24,Size Issue
R008245,O0098243,C104708,2025-01-07,323.3,Size Issue
R008246,O0098249,C104708,2025-04-10,722.35,Late Delivery
R008247,O0098254,C104708,2025-06-06,6828.25,Changed Mind
R008248,O0098258,C104708,2025-06-24,5392.94,Changed Mind
R008249,O0098267,C104708,2025-09-06,4058.36,Changed Mind
R008250,O0098276,C104708,2025-12-12,2003.99,Size Issue
R008251,O0098277,C104708,2025-12-13,36546.9,Not as Described
R008252,O0098291,C104708,2026-05-10,8023.82,Better Price Found
R008253,O0098301,C104709,2025-01-14,135.0,Not as Described
R008254,O0098331,C104710,2025-02-23,4888.2,Defective Product
R008255,O0098339,C104710,2025-06-11,2164.31,Not as Described
R008256,O0098349,C104710,2025-09-30,15769.97,Defective Product
R008257,O0098353,C104710,2025-10-21,1217.64,Not as Described
R008258,O0098386,C104710,2026-07-06,11432.78,Better Price Found
R008259,O0098395,C104711,2025-05-12,26041.11,Defective Product
R008260,O0098396,C104711,2025-05-19,2258.86,Late Delivery
R008261,O0098399,C104711,2026-05-20,22456.06,Changed Mind
R008262,O0098406,C104712,2026-06-01,4203.85,Late Delivery
R008263,O0098414,C104714,2024-03-02,5038.88,Late Delivery
R008264,O0098416,C104714,2024-04-14,20298.35,Changed Mind
R008265,O0098424,C104715,2024-09-05,44735.09,Size Issue
R008266,O0098433,C104715,2025-02-05,12011.35,Better Price Found
R008267,O0098445,C104715,2025-08-09,88387.57,Better Price Found
R008268,O0098446,C104715,2025-08-12,21560.69,Late Delivery
R008269,O0098460,C104715,2025-11-25,592.88,Not as Described
R008270,O0098486,C104715,2026-08-08,180.03,Size Issue
R008271,O0098503,C104717,2025-05-11,1623.73,Changed Mind
R008272,O0098504,C104717,2025-05-16,581.61,Size Issue
R008273,O0098508,C104717,2025-08-10,18041.8,Late Delivery
R008274,O0098513,C104717,2026-07-15,2560.94,Changed Mind
R008275,O0098515,C104718,2024-07-20,819.66,Size Issue
R008276,O0098536,C104718,2025-03-27,8850.4,Late Delivery
R008277,O0098570,C104718,2026-01-15,1161.32,Better Price Found
R008278,O0098584,C104718,2026-05-10,1378.49,Defective Product
R008279,O0098594,C104718,2026-06-18,1789.73,Late Delivery
R008280,O0098597,C104718,2026-08-03,2281.05,Late Delivery
R008281,O0098659,C104719,2025-09-08,14385.13,Better Price Found
R008282,O0098660,C104719,2025-10-03,51844.1,Changed Mind
R008283,O0098688,C104719,2026-02-22,562.47,Better Price Found
R008284,O0098691,C104719,2026-03-17,7728.59,Better Price Found
R008285,O0098705,C104719,2026-06-06,21959.96,Defective Product
R008286,O0098706,C104719,2026-06-14,6998.46,Not as Described
R008287,O0098716,C104720,2023-12-30,2204.81,Better Price Found
R008288,O0098722,C104720,2024-10-14,43355.35,Size Issue
R008289,O0098739,C104720,2026-04-12,2617.1,Not as Described
R008290,O0098753,C104722,2026-06-10,3166.2,Size Issue
R008291,O0098786,C104726,2023-10-31,79933.79,Size Issue
R008292,O0098787,C104726,2023-10-31,1221.49,Better Price Found
R008293,O0098806,C104726,2024-07-12,1086.83,Late Delivery
R008294,O0098810,C104726,2024-08-20,34810.68,Better Price Found
R008295,O0098818,C104726,2024-10-24,1519.77,Late Delivery
R008296,O0098825,C104726,2024-12-26,15856.73,Better Price Found
R008297,O0098828,C104726,2025-01-28,34801.73,Better Price Found
R008298,O0098834,C104726,2025-02-27,18651.44,Late Delivery
R008299,O0098844,C104726,2025-06-01,54045.4,Size Issue
R008300,O0098848,C104726,2025-06-11,13778.7,Defective Product
R008301,O0098849,C104726,2025-06-25,68979.48,Better Price Found
R008302,O0098850,C104726,2025-06-22,2563.99,Better Price Found
R008303,O0098869,C104726,2026-01-04,1850.66,Late Delivery
R008304,O0098870,C104726,2026-02-14,1621.13,Better Price Found
R008305,O0098872,C104726,2026-03-22,1466.92,Late Delivery
R008306,O0098879,C104726,2026-07-07,2948.69,Defective Product
R008307,O0098887,C104727,2024-08-28,22318.52,Changed Mind
R008308,O0098891,C104727,2025-04-29,3648.0,Size Issue
R008309,O0098895,C104727,2025-08-05,29050.75,Size Issue
R008310,O0098943,C104730,2026-08-04,7146.35,Not as Described
R008311,O0098955,C104731,2023-08-23,591.35,Size Issue
R008312,O0098958,C104731,2023-11-01,1167.91,Size Issue
R008313,O0098969,C104731,2024-05-23,145.91,Defective Product
R008314,O0098978,C104731,2024-12-18,5797.17,Defective Product
R008315,O0099022,C104733,2024-06-08,13376.65,Size Issue
R008316,O0099023,C104733,2024-06-11,7222.81,Defective Product
R008317,O0099024,C104733,2024-06-15,71334.45,Defective Product
R008318,O0099025,C104733,2024-06-25,35843.54,Size Issue
R008319,O0099029,C104733,2024-08-15,5004.85,Changed Mind
R008320,O0099035,C104733,2024-09-08,57863.31,Size Issue
R008321,O0099036,C104733,2024-10-28,4493.31,Better Price Found
R008322,O0099041,C104733,2024-11-24,124.95,Not as Described
R008323,O0099054,C104733,2025-03-21,6064.97,Defective Product
R008324,O0099055,C104733,2025-03-21,8667.41,Defective Product
R008325,O0099059,C104733,2025-04-19,1971.54,Size Issue
R008326,O0099060,C104733,2025-04-21,1908.37,Defective Product
R008327,O0099091,C104733,2026-01-21,15258.2,Better Price Found
R008328,O0099099,C104733,2026-03-20,1451.53,Late Delivery
R008329,O0099157,C104735,2026-02-17,587.92,Changed Mind
R008330,O0099186,C104738,2025-08-11,42322.36,Better Price Found
R008331,O0099194,C104739,2024-01-15,30563.63,Better Price Found
R008332,O0099197,C104739,2024-02-04,43159.63,Defective Product
R008333,O0099201,C104739,2024-03-07,70771.94,Defective Product
R008334,O0099202,C104739,2024-03-12,6687.77,Late Delivery
R008335,O0099208,C104739,2024-05-09,5177.87,Defective Product
R008336,O0099230,C104739,2025-02-12,206.22,Late Delivery
R008337,O0099231,C104739,2025-02-26,30943.86,Size Issue
R008338,O0099241,C104739,2025-05-29,306.71,Defective Product
R008339,O0099254,C104739,2025-10-27,29551.28,Defective Product
R008340,O0099255,C104739,2025-11-11,11532.58,Size Issue
R008341,O0099264,C104739,2026-02-10,20733.99,Size Issue
R008342,O0099289,C104740,2025-05-09,36170.93,Defective Product
R008343,O0099297,C104740,2025-06-21,185.16,Size Issue
R008344,O0099300,C104740,2025-10-07,21342.72,Defective Product
R008345,O0099302,C104740,2025-10-30,3165.51,Changed Mind
R008346,O0099303,C104740,2025-10-28,1652.44,Better Price Found
R008347,O0099309,C104740,2026-01-09,5601.06,Late Delivery
R008348,O0099332,C104742,2026-07-16,1554.09,Size Issue
R008349,O0099343,C104743,2024-10-19,5207.6,Late Delivery
R008350,O0099362,C104744,2024-04-02,28240.5,Size Issue
R008351,O0099385,C104744,2024-12-02,4724.84,Size Issue
R008352,O0099389,C104744,2025-01-02,11554.41,Not as Described
R008353,O0099405,C104744,2025-06-29,3729.62,Better Price Found
R008354,O0099406,C104744,2025-07-18,6350.97,Late Delivery
R008355,O0099422,C104744,2025-11-13,513.33,Defective Product
R008356,O0099424,C104744,2025-12-02,818.57,Changed Mind
R008357,O0099430,C104744,2026-02-26,4221.63,Not as Described
R008358,O0099439,C104744,2026-05-27,2397.56,Size Issue
R008359,O0099440,C104744,2026-05-28,2602.3,Size Issue
R008360,O0099466,C104747,2025-08-01,3116.16,Defective Product
R008361,O0099488,C104750,2026-07-02,4680.71,Defective Product
R008362,O0099531,C104754,2025-01-27,5500.0,Defective Product
R008363,O0099553,C104755,2023-11-02,321.67,Not as Described
R008364,O0099556,C104755,2024-04-24,5120.77,Late Delivery
R008365,O0099564,C104756,2026-01-03,5142.05,Late Delivery
R008366,O0099571,C104759,2024-04-23,10417.34,Size Issue
R008367,O0099572,C104759,2024-05-15,1101.44,Size Issue
R008368,O0099581,C104759,2024-09-02,1109.58,Late Delivery
R008369,O0099585,C104759,2024-10-22,30142.5,Changed Mind
R008370,O0099595,C104759,2025-02-19,2472.88,Defective Product
R008371,O0099599,C104759,2025-03-17,10203.0,Defective Product
R008372,O0099601,C104759,2025-04-19,4030.09,Not as Described
R008373,O0099604,C104759,2025-05-15,1673.76,Not as Described
R008374,O0099615,C104759,2025-08-18,212.81,Defective Product
R008375,O0099626,C104759,2025-09-21,1195.36,Size Issue
R008376,O0099631,C104759,2025-12-03,35267.5,Not as Described
R008377,O0099641,C104759,2026-03-26,6702.55,Late Delivery
R008378,O0099659,C104760,2026-01-10,2175.84,Defective Product
R008379,O0099667,C104762,2023-09-09,7235.58,Better Price Found
R008380,O0099672,C104762,2023-10-02,993.96,Not as Described
R008381,O0099673,C104762,2023-09-21,846.75,Defective Product
R008382,O0099693,C104763,2023-11-05,49863.9,Size Issue
R008383,O0099702,C104763,2024-07-09,1605.56,Not as Described
R008384,O0099712,C104763,2025-05-02,1749.83,Changed Mind
R008385,O0099751,C104767,2025-08-25,2122.58,Defective Product
R008386,O0099759,C104767,2026-05-14,3705.71,Late Delivery
R008387,O0099766,C104769,2023-05-13,14914.38,Late Delivery
R008388,O0099769,C104769,2023-09-06,910.74,Better Price Found
R008389,O0099774,C104769,2024-02-25,25173.93,Not as Described
R008390,O0099803,C104771,2025-02-02,9486.34,Defective Product
R008391,O0099855,C104774,2025-05-06,3685.04,Late Delivery
R008392,O0099863,C104774,2025-09-10,962.58,Not as Described
R008393,O0099866,C104774,2025-10-05,3516.95,Size Issue
R008394,O0099867,C104774,2025-10-11,17752.6,Defective Product
R008395,O0099869,C104774,2025-10-14,1694.76,Defective Product
R008396,O0099870,C104774,2025-10-19,2658.69,Late Delivery
R008397,O0099872,C104774,2025-11-16,1086.56,Defective Product
R008398,O0099880,C104774,2026-01-02,1192.89,Better Price Found
R008399,O0099894,C104774,2026-03-30,2547.88,Changed Mind
R008400,O0099897,C104774,2026-04-19,1530.97,Size Issue
R008401,O0099898,C104774,2026-04-21,6973.15,Size Issue
R008402,O0099913,C104775,2026-01-15,1017.85,Better Price Found
R008403,O0099952,C104777,2023-11-28,18650.3,Not as Described
R008404,O0099969,C104779,2026-05-23,3482.9,Not as Described
R008405,O0099971,C104779,2026-08-02,27748.08,Better Price Found
R008406,O0099976,C104780,2024-08-25,23089.77,Late Delivery
R008407,O0100008,C104780,2025-07-28,4511.74,Changed Mind
R008408,O0100014,C104780,2025-09-23,5378.52,Defective Product
R008409,O0100015,C104780,2025-10-05,649.42,Defective Product
R008410,O0100028,C104780,2026-02-03,2440.11,Not as Described
R008411,O0100030,C104780,2026-03-03,166598.44,Better Price Found
R008412,O0100039,C104780,2026-05-21,5939.9,Better Price Found
R008413,O0100061,C104784,2024-12-10,8577.13,Size Issue
R008414,O0100073,C104784,2025-02-18,1999.8,Defective Product
R008415,O0100076,C104784,2025-04-25,6164.42,Size Issue
R008416,O0100078,C104784,2025-05-07,3271.23,Changed Mind
R008417,O0100085,C104784,2025-07-25,2531.66,Changed Mind
R008418,O0100090,C104784,2025-08-13,9516.52,Better Price Found
R008419,O0100098,C104784,2025-12-13,8939.6,Better Price Found
R008420,O0100100,C104784,2026-01-12,1740.7,Size Issue
R008421,O0100102,C104784,2026-02-14,1123.09,Size Issue
R008422,O0100104,C104784,2026-03-06,2379.13,Late Delivery
R008423,O0100129,C104785,2026-04-06,734.75,Changed Mind
R008424,O0100147,C104786,2025-05-27,3832.53,Defective Product
R008425,O0100169,C104786,2025-11-28,1322.64,Late Delivery
R008426,O0100178,C104786,2026-05-15,620.64,Better Price Found
R008427,O0100179,C104786,2026-05-10,4938.06,Defective Product
R008428,O0100187,C104786,2026-07-13,14362.43,Better Price Found
R008429,O0100196,C104787,2025-06-09,1714.46,Defective Product
R008430,O0100200,C104787,2025-08-28,41969.65,Defective Product
R008431,O0100202,C104787,2025-09-09,10152.54,Changed Mind
R008432,O0100203,C104787,2025-10-09,1074.5,Defective Product
R008433,O0100215,C104787,2026-05-02,3049.88,Defective Product
R008434,O0100218,C104787,2026-06-18,9408.08,Better Price Found
R008435,O0100230,C104789,2025-03-07,4518.65,Defective Product
R008436,O0100239,C104789,2025-06-09,41597.01,Size Issue
R008437,O0100242,C104789,2025-07-13,1662.96,Size Issue
R008438,O0100245,C104789,2025-08-15,26251.23,Changed Mind
R008439,O0100256,C104789,2026-02-10,43342.84,Not as Described
R008440,O0100265,C104789,2026-06-21,12852.05,Late Delivery
R008441,O0100268,C104790,2024-09-27,9593.02,Size Issue
R008442,O0100270,C104790,2024-12-02,3212.59,Defective Product
R008443,O0100274,C104790,2025-11-09,14019.91,Better Price Found
R008444,O0100285,C104791,2025-11-16,4730.35,Changed Mind
R008445,O0100301,C104792,2026-02-05,36550.2,Size Issue
R008446,O0100335,C104795,2025-01-15,24353.44,Size Issue
R008447,O0100336,C104795,2025-05-27,4176.63,Not as Described
R008448,O0100340,C104797,2024-03-27,1918.26,Defective Product
R008449,O0100341,C104797,2024-05-10,11144.5,Not as Described
R008450,O0100343,C104797,2024-07-25,3338.46,Defective Product
R008451,O0100389,C104800,2025-11-03,14045.85,Changed Mind
R008452,O0100392,C104800,2025-12-29,12306.61,Changed Mind
R008453,O0100420,C104804,2023-11-15,1788.04,Changed Mind
R008454,O0100449,C104804,2025-12-26,1121.92,Changed Mind
R008455,O0100453,C104804,2026-04-04,10227.13,Not as Described
R008456,O0100459,C104805,2025-07-27,19927.59,Better Price Found
R008457,O0100464,C104805,2026-07-19,664.45,Not as Described
R008458,O0100505,C104810,2024-05-13,1790.79,Defective Product
R008459,O0100514,C104810,2024-07-22,303.56,Defective Product
R008460,O0100520,C104810,2024-09-19,4386.24,Late Delivery
R008461,O0100521,C104810,2024-09-12,13007.46,Defective Product
R008462,O0100529,C104810,2024-11-26,32855.03,Size Issue
R008463,O0100531,C104810,2024-12-20,11422.41,Better Price Found
R008464,O0100533,C104810,2025-01-09,9162.8,Late Delivery
R008465,O0100571,C104810,2025-10-29,949.13,Late Delivery
R008466,O0100578,C104810,2026-01-24,150.38,Not as Described
R008467,O0100617,C104811,2024-07-19,3381.13,Size Issue
R008468,O0100618,C104811,2024-07-22,2692.41,Late Delivery
R008469,O0100626,C104811,2024-11-26,3212.55,Better Price Found
R008470,O0100629,C104811,2024-12-25,9642.87,Changed Mind
R008471,O0100631,C104811,2025-01-09,9508.42,Changed Mind
R008472,O0100633,C104811,2025-02-27,43167.07,Better Price Found
R008473,O0100652,C104811,2025-11-13,607.18,Better Price Found
R008474,O0100671,C104812,2025-11-11,4043.96,Better Price Found
R008475,O0100684,C104815,2026-02-28,5550.76,Changed Mind
R008476,O0100723,C104816,2025-11-28,8017.45,Defective Product
R008477,O0100728,C104816,2026-02-22,1710.78,Changed Mind
R008478,O0100756,C104817,2023-05-11,9233.42,Not as Described
R008479,O0100759,C104817,2023-09-12,7286.81,Not as Described
R008480,O0100766,C104817,2025-07-30,10444.89,Late Delivery
R008481,O0100786,C104818,2024-11-25,4367.97,Size Issue
R008482,O0100788,C104818,2025-01-12,6113.62,Size Issue
R008483,O0100805,C104818,2025-10-24,270.8,Better Price Found
R008484,O0100807,C104818,2025-11-10,2392.75,Not as Described
R008485,O0100811,C104818,2026-01-21,1288.4,Better Price Found
R008486,O0100818,C104818,2026-04-04,2767.4,Better Price Found
R008487,O0100827,C104818,2026-07-31,816.73,Late Delivery
R008488,O0100830,C104819,2025-10-21,2935.23,Late Delivery
R008489,O0100836,C104820,2025-10-16,6222.61,Size Issue
R008490,O0100856,C104821,2024-12-05,1663.47,Size Issue
R008491,O0100857,C104821,2024-12-20,1781.28,Defective Product
R008492,O0100862,C104821,2025-02-15,5819.21,Size Issue
R008493,O0100865,C104821,2025-04-13,5689.33,Defective Product
R008494,O0100871,C104821,2025-07-17,2689.6,Not as Described
R008495,O0100880,C104821,2025-10-26,5691.84,Defective Product
R008496,O0100902,C104823,2025-09-01,2665.81,Better Price Found
R008497,O0100904,C104823,2025-11-06,13343.93,Better Price Found
R008498,O0100913,C104824,2025-02-20,29518.21,Not as Described
R008499,O0100914,C104824,2025-02-14,50021.22,Late Delivery
R008500,O0100915,C104824,2025-06-24,35536.2,Better Price Found
R008501,O0100923,C104825,2025-02-12,5579.17,Better Price Found
R008502,O0100951,C104827,2024-03-03,9177.91,Defective Product
R008503,O0100966,C104827,2025-03-20,1170.93,Size Issue
R008504,O0100986,C104828,2025-08-27,2680.73,Defective Product
R008505,O0100996,C104829,2023-11-29,15204.13,Late Delivery
R008506,O0101006,C104829,2025-09-25,601.49,Changed Mind
R008507,O0101007,C104829,2025-11-15,4670.35,Not as Described
R008508,O0101042,C104831,2024-10-28,33434.9,Late Delivery
R008509,O0101060,C104831,2025-04-02,15255.47,Better Price Found
R008510,O0101062,C104831,2025-04-08,1078.11,Not as Described
R008511,O0101071,C104831,2025-05-20,12332.57,Changed Mind
R008512,O0101080,C104831,2025-08-07,7932.04,Changed Mind
R008513,O0101081,C104831,2025-08-21,119989.13,Late Delivery
R008514,O0101085,C104831,2025-10-14,5844.53,Size Issue
R008515,O0101088,C104831,2025-10-27,5597.87,Changed Mind
R008516,O0101097,C104831,2026-01-04,5800.34,Not as Described
R008517,O0101126,C104831,2026-07-21,1629.64,Late Delivery
R008518,O0101133,C104832,2026-03-26,6436.8,Changed Mind
R008519,O0101138,C104832,2026-06-05,25195.9,Changed Mind
R008520,O0101151,C104833,2023-12-05,14883.81,Late Delivery
R008521,O0101153,C104833,2023-12-12,988.6,Defective Product
R008522,O0101162,C104833,2024-12-31,23098.21,Late Delivery
R008523,O0101164,C104833,2025-03-28,5927.14,Not as Described
R008524,O0101168,C104834,2023-07-22,2471.84,Better Price Found
R008525,O0101182,C104837,2024-04-08,3931.25,Better Price Found
R008526,O0101201,C104839,2023-11-23,228.85,Defective Product
R008527,O0101229,C104839,2024-07-28,8432.99,Changed Mind
R008528,O0101235,C104839,2024-10-14,41903.02,Better Price Found
R008529,O0101236,C104839,2024-10-30,577.09,Changed Mind
R008530,O0101250,C104839,2025-02-01,2562.54,Late Delivery
R008531,O0101256,C104839,2025-03-12,2202.51,Late Delivery
R008532,O0101294,C104839,2026-03-03,3915.75,Late Delivery
R008533,O0101311,C104840,2026-02-20,2583.01,Better Price Found
R008534,O0101326,C104841,2026-06-23,5035.14,Size Issue
R008535,O0101332,C104842,2024-01-29,50198.17,Defective Product
R008536,O0101347,C104842,2024-12-13,25383.44,Late Delivery
R008537,O0101348,C104842,2024-12-27,14843.31,Changed Mind
R008538,O0101374,C104843,2026-03-22,10760.24,Not as Described
R008539,O0101379,C104844,2025-09-08,90786.4,Changed Mind
R008540,O0101382,C104844,2026-07-29,18664.55,Late Delivery
R008541,O0101383,C104845,2025-01-02,4680.25,Size Issue
R008542,O0101422,C104849,2025-06-29,14331.1,Late Delivery
R008543,O0101435,C104850,2025-03-23,5884.99,Size Issue
R008544,O0101442,C104850,2026-03-06,5873.48,Size Issue
R008545,O0101443,C104850,2026-05-18,3607.59,Size Issue
R008546,O0101477,C104852,2026-03-09,12477.0,Late Delivery
R008547,O0101507,C104854,2026-06-20,5379.75,Changed Mind
R008548,O0101508,C104855,2025-08-20,29549.26,Not as Described
R008549,O0101510,C104855,2025-11-20,2714.52,Not as Described
R008550,O0101521,C104855,2026-07-15,16786.89,Better Price Found
R008551,O0101530,C104856,2025-08-13,5027.02,Size Issue
R008552,O0101538,C104856,2026-02-02,318.46,Defective Product
R008553,O0101543,C104856,2026-06-30,36915.7,Changed Mind
R008554,O0101547,C104857,2026-07-04,5920.19,Defective Product
R008555,O0101560,C104860,2024-04-05,4015.91,Changed Mind
R008556,O0101575,C104861,2025-08-19,3247.13,Late Delivery
R008557,O0101583,C104862,2024-12-05,3953.66,Size Issue
R008558,O0101592,C104863,2025-07-25,46512.45,Size Issue
R008559,O0101593,C104863,2025-07-30,29700.29,Better Price Found
R008560,O0101599,C104863,2025-11-05,21545.81,Defective Product
R008561,O0101605,C104863,2026-01-26,1521.69,Not as Described
R008562,O0101608,C104863,2026-04-08,5532.46,Changed Mind
R008563,O0101614,C104863,2026-06-07,2425.85,Size Issue
R008564,O0101626,C104865,2024-07-08,9053.48,Changed Mind
R008565,O0101628,C104865,2024-07-27,2936.44,Size Issue
R008566,O0101632,C104865,2024-09-07,353.5,Better Price Found
R008567,O0101646,C104865,2025-03-21,5334.85,Late Delivery
R008568,O0101649,C104865,2025-05-05,5681.03,Defective Product
R008569,O0101658,C104865,2025-07-17,11113.42,Not as Described
R008570,O0101660,C104865,2025-07-23,1916.69,Size Issue
R008571,O0101662,C104865,2025-07-31,2937.21,Better Price Found
R008572,O0101683,C104865,2026-03-15,2266.17,Better Price Found
R008573,O0101689,C104865,2026-05-01,17772.78,Better Price Found
R008574,O0101701,C104865,2026-07-26,68189.66,Not as Described
R008575,O0101744,C104868,2025-10-23,22017.52,Size Issue
R008576,O0101747,C104868,2026-05-06,561.33,Size Issue
R008577,O0101750,C104869,2025-10-14,9538.81,Size Issue
R008578,O0101752,C104869,2025-12-16,17687.25,Changed Mind
R008579,O0101762,C104869,2026-07-08,376.7,Late Delivery
R008580,O0101773,C104870,2024-10-29,2875.6,Not as Described
R008581,O0101806,C104870,2025-11-30,1004.61,Size Issue
R008582,O0101815,C104870,2026-01-06,3352.31,Not as Described
R008583,O0101830,C104870,2026-04-16,18562.25,Defective Product
R008584,O0101832,C104870,2026-04-30,15244.01,Defective Product
R008585,O0101834,C104870,2026-05-17,20477.27,Defective Product
R008586,O0101848,C104871,2026-07-18,294.26,Late Delivery
R008587,O0101869,C104872,2024-07-24,52979.26,Not as Described
R008588,O0101876,C104872,2024-09-23,743.0,Defective Product
R008589,O0101889,C104872,2025-02-15,14454.29,Late Delivery
R008590,O0101911,C104872,2025-08-22,1584.12,Better Price Found
R008591,O0101954,C104872,2026-06-11,1375.9,Size Issue
R008592,O0101964,C104873,2024-11-15,1879.96,Size Issue
R008593,O0101973,C104874,2025-05-19,761.79,Size Issue
R008594,O0102022,C104875,2025-01-31,6388.75,Not as Described
R008595,O0102051,C104877,2025-03-21,235.73,Not as Described
R008596,O0102075,C104879,2023-06-28,6370.46,Changed Mind
R008597,O0102091,C104879,2024-06-29,35152.74,Defective Product
R008598,O0102094,C104879,2025-03-08,432.04,Defective Product
R008599,O0102095,C104879,2025-04-05,13574.54,Size Issue
R008600,O0102100,C104879,2025-12-02,2728.97,Not as Described
R008601,O0102117,C104881,2024-03-25,14938.96,Better Price Found
R008602,O0102125,C104881,2024-05-30,14471.7,Not as Described
R008603,O0102126,C104881,2024-06-25,4288.64,Not as Described
R008604,O0102134,C104881,2024-08-30,70888.27,Not as Described
R008605,O0102136,C104881,2024-09-11,3956.3,Not as Described
R008606,O0102138,C104881,2024-09-19,40044.24,Late Delivery
R008607,O0102145,C104881,2024-11-08,1989.0,Not as Described
R008608,O0102148,C104881,2024-12-08,26281.13,Size Issue
R008609,O0102155,C104881,2025-02-04,9457.83,Better Price Found
R008610,O0102164,C104881,2025-04-09,942.11,Not as Described
R008611,O0102187,C104881,2025-11-05,7226.81,Defective Product
R008612,O0102190,C104881,2025-12-07,6725.91,Late Delivery
R008613,O0102204,C104881,2026-04-04,13051.25,Changed Mind
R008614,O0102207,C104881,2026-04-19,9399.73,Late Delivery
R008615,O0102208,C104881,2026-04-18,50772.5,Better Price Found
R008616,O0102228,C104882,2026-03-25,4447.31,Changed Mind
R008617,O0102237,C104884,2025-02-06,51181.85,Changed Mind
R008618,O0102258,C104885,2025-08-12,9168.99,Late Delivery
R008619,O0102260,C104885,2025-10-16,4888.42,Late Delivery
R008620,O0102283,C104885,2026-05-14,939.27,Changed Mind
R008621,O0102285,C104885,2026-06-08,20278.21,Late Delivery
R008622,O0102290,C104885,2026-07-09,2520.91,Changed Mind
R008623,O0102352,C104890,2023-04-17,39679.01,Defective Product
R008624,O0102355,C104890,2023-05-17,1680.98,Changed Mind
R008625,O0102362,C104890,2023-08-08,4939.31,Better Price Found
R008626,O0102366,C104890,2023-08-30,8958.17,Not as Described
R008627,O0102392,C104890,2024-06-02,4395.13,Changed Mind
R008628,O0102398,C104890,2024-07-01,446.51,Late Delivery
R008629,O0102405,C104890,2024-08-25,12214.25,Size Issue
R008630,O0102413,C104890,2024-10-13,883.14,Size Issue
R008631,O0102421,C104890,2024-12-14,34307.29,Not as Described
R008632,O0102422,C104890,2024-12-20,3648.49,Better Price Found
R008633,O0102455,C104890,2025-09-22,7106.03,Late Delivery
R008634,O0102459,C104890,2025-11-05,6580.0,Not as Described
R008635,O0102463,C104890,2026-01-02,2289.22,Not as Described
R008636,O0102486,C104892,2024-06-02,1670.89,Not as Described
R008637,O0102487,C104892,2024-10-17,22781.5,Late Delivery
R008638,O0102492,C104894,2023-10-01,1158.71,Not as Described
R008639,O0102493,C104894,2023-10-21,23771.48,Not as Described
R008640,O0102494,C104894,2023-11-22,7531.85,Not as Described
R008641,O0102498,C104894,2024-01-12,2671.0,Changed Mind
R008642,O0102499,C104894,2024-01-12,632.55,Defective Product
R008643,O0102500,C104894,2024-01-24,16895.62,Defective Product
R008644,O0102505,C104894,2024-03-22,235.0,Late Delivery
R008645,O0102510,C104894,2024-04-07,288.42,Not as Described
R008646,O0102516,C104894,2024-05-06,758.49,Late Delivery
R008647,O0102523,C104894,2024-06-15,522.06,Size Issue
R008648,O0102540,C104894,2024-09-30,9997.25,Late Delivery
R008649,O0102552,C104894,2025-02-19,54281.03,Size Issue
R008650,O0102564,C104894,2025-08-28,1603.56,Changed Mind
R008651,O0102572,C104894,2025-11-22,1018.44,Late Delivery
R008652,O0102578,C104894,2026-01-14,3986.96,Defective Product
R008653,O0102580,C104894,2026-02-02,20774.59,Not as Described
R008654,O0102581,C104894,2026-01-31,189814.73,Defective Product
R008655,O0102594,C104894,2026-05-09,5384.0,Size Issue
R008656,O0102599,C104894,2026-05-29,772.83,Late Delivery
R008657,O0102603,C104894,2026-07-26,3451.72,Better Price Found
R008658,O0102609,C104895,2025-08-16,6295.21,Better Price Found
R008659,O0102611,C104895,2026-03-03,1947.83,Late Delivery
R008660,O0102615,C104896,2024-08-02,33445.29,Changed Mind
R008661,O0102616,C104896,2024-09-26,14898.15,Defective Product
R008662,O0102623,C104896,2025-03-18,6036.83,Size Issue
R008663,O0102641,C104897,2023-08-10,988.11,Not as Described
R008664,O0102663,C104897,2025-06-11,26757.96,Changed Mind
R008665,O0102675,C104898,2024-12-12,14356.63,Not as Described
R008666,O0102688,C104899,2023-04-05,23638.78,Size Issue
R008667,O0102706,C104899,2024-04-01,34937.52,Better Price Found
R008668,O0102707,C104899,2024-05-12,4343.23,Size Issue
R008669,O0102709,C104899,2024-06-09,10722.16,Late Delivery
R008670,O0102722,C104900,2024-10-19,3835.21,Not as Described
R008671,O0102727,C104900,2025-03-16,63914.73,Size Issue
R008672,O0102739,C104900,2025-11-27,1866.09,Not as Described
R008673,O0102741,C104900,2026-01-07,23304.0,Defective Product
R008674,O0102798,C104902,2025-05-30,2858.02,Changed Mind
R008675,O0102854,C104908,2025-01-01,9367.24,Size Issue
R008676,O0102859,C104908,2025-03-20,8989.67,Changed Mind
R008677,O0102863,C104908,2025-05-12,3096.95,Late Delivery
R008678,O0102871,C104908,2025-08-06,6845.63,Not as Described
R008679,O0102872,C104908,2025-08-26,1709.89,Changed Mind
R008680,O0102907,C104909,2026-05-18,18439.7,Better Price Found
R008681,O0102910,C104909,2026-07-28,5635.55,Better Price Found
R008682,O0102918,C104912,2025-06-24,11952.16,Size Issue
R008683,O0102937,C104913,2025-06-28,1318.36,Better Price Found
R008684,O0102958,C104915,2023-06-30,3535.25,Better Price Found
R008685,O0102967,C104915,2023-08-17,40210.6,Size Issue
R008686,O0102975,C104915,2023-09-28,11563.09,Late Delivery
R008687,O0102977,C104915,2023-10-06,1960.48,Not as Described
R008688,O0102991,C104915,2024-03-26,16481.78,Late Delivery
R008689,O0102992,C104915,2024-05-09,5465.04,Size Issue
R008690,O0102998,C104915,2024-07-02,6935.74,Late Delivery
R008691,O0103032,C104915,2025-07-19,2136.21,Defective Product
R008692,O0103044,C104915,2025-12-13,278.44,Better Price Found
R008693,O0103046,C104915,2025-12-05,10131.86,Better Price Found
R008694,O0103048,C104915,2026-01-13,786.62,Size Issue
R008695,O0103080,C104916,2026-02-17,804.88,Late Delivery
R008696,O0103116,C104923,2024-10-09,5082.23,Not as Described
R008697,O0103121,C104923,2024-12-02,6555.33,Not as Described
R008698,O0103133,C104923,2025-03-25,12909.43,Defective Product
R008699,O0103142,C104923,2025-07-27,3754.04,Late Delivery
R008700,O0103155,C104923,2025-11-24,13591.1,Size Issue
R008701,O0103189,C104924,2024-07-12,13964.0,Size Issue
R008702,O0103191,C104924,2024-07-31,5098.65,Late Delivery
R008703,O0103229,C104924,2025-06-26,9858.28,Better Price Found
R008704,O0103231,C104924,2025-08-02,3806.76,Better Price Found
R008705,O0103232,C104924,2025-07-31,1307.1,Late Delivery
R008706,O0103243,C104924,2025-11-26,2128.88,Size Issue
R008707,O0103255,C104924,2026-02-11,11762.56,Size Issue
R008708,O0103257,C104924,2026-03-18,2911.22,Size Issue
R008709,O0103262,C104924,2026-04-07,21132.06,Better Price Found
R008710,O0103280,C104925,2024-05-13,2338.12,Better Price Found
R008711,O0103281,C104925,2024-05-18,16202.15,Changed Mind
R008712,O0103283,C104925,2024-06-25,7607.52,Defective Product
R008713,O0103284,C104925,2024-08-16,675.26,Late Delivery
R008714,O0103286,C104925,2024-09-09,19908.56,Changed Mind
R008715,O0103315,C104927,2026-02-21,2227.94,Changed Mind
R008716,O0103318,C104927,2026-04-20,1621.1,Late Delivery
R008717,O0103334,C104928,2025-07-23,2154.91,Changed Mind
R008718,O0103336,C104928,2025-10-08,320.23,Size Issue
R008719,O0103345,C104928,2026-03-09,838.54,Late Delivery
R008720,O0103367,C104930,2023-11-20,10983.59,Better Price Found
R008721,O0103369,C104930,2023-11-30,879.39,Better Price Found
R008722,O0103372,C104930,2024-04-23,7062.28,Size Issue
R008723,O0103375,C104930,2024-10-01,55621.1,Better Price Found
R008724,O0103403,C104930,2025-10-10,193.99,Changed Mind
R008725,O0103404,C104930,2025-10-16,896.44,Not as Described
R008726,O0103409,C104930,2026-01-27,1617.72,Better Price Found
R008727,O0103430,C104931,2024-03-09,2151.83,Not as Described
R008728,O0103436,C104931,2024-06-29,12814.56,Late Delivery
R008729,O0103437,C104931,2024-07-02,26404.64,Not as Described
R008730,O0103465,C104931,2026-06-14,11183.05,Changed Mind
R008731,O0103477,C104933,2025-06-17,63366.26,Better Price Found
R008732,O0103491,C104935,2024-11-11,2223.83,Defective Product
R008733,O0103494,C104935,2024-11-28,12896.33,Changed Mind
R008734,O0103504,C104935,2025-09-08,16278.88,Better Price Found
R008735,O0103505,C104935,2025-10-14,6409.88,Late Delivery
R008736,O0103516,C104936,2023-11-16,8870.07,Not as Described
R008737,O0103519,C104936,2023-11-18,324.21,Late Delivery
R008738,O0103527,C104936,2024-01-26,4256.5,Late Delivery
R008739,O0103553,C104936,2024-11-08,2070.37,Better Price Found
R008740,O0103577,C104936,2025-11-03,7106.65,Defective Product
R008741,O0103580,C104936,2026-03-07,6892.68,Size Issue
R008742,O0103583,C104936,2026-05-23,10539.34,Size Issue
R008743,O0103586,C104936,2026-07-01,1957.87,Defective Product
R008744,O0103588,C104937,2026-02-12,1704.52,Defective Product
R008745,O0103595,C104937,2026-07-20,4587.35,Defective Product
R008746,O0103610,C104939,2025-11-19,1100.31,Not as Described
R008747,O0103631,C104942,2026-05-24,1870.9,Better Price Found
R008748,O0103636,C104942,2026-07-25,54342.24,Late Delivery
R008749,O0103677,C104945,2024-04-06,2163.41,Size Issue
R008750,O0103681,C104945,2024-06-22,18777.63,Changed Mind
R008751,O0103701,C104945,2025-04-26,9728.7,Changed Mind
R008752,O0103709,C104945,2025-09-04,1647.69,Late Delivery
R008753,O0103718,C104945,2025-12-04,9908.26,Better Price Found
R008754,O0103725,C104945,2026-04-13,920.16,Changed Mind
R008755,O0103733,C104945,2026-08-08,14309.13,Changed Mind
R008756,O0103747,C104946,2025-09-29,561.82,Defective Product
R008757,O0103763,C104950,2023-10-10,2174.28,Late Delivery
R008758,O0103768,C104950,2024-05-07,8612.11,Not as Described
R008759,O0103769,C104950,2024-07-12,207.88,Defective Product
R008760,O0103791,C104952,2024-10-04,40276.27,Size Issue
R008761,O0103793,C104952,2024-12-31,1835.51,Changed Mind
R008762,O0103846,C104954,2026-03-07,15825.29,Better Price Found
R008763,O0103851,C104954,2026-06-28,10596.06,Better Price Found
R008764,O0103876,C104957,2024-01-15,2447.08,Late Delivery
R008765,O0103881,C104957,2024-06-25,2144.36,Size Issue
R008766,O0103892,C104958,2026-01-24,7831.75,Not as Described
R008767,O0103930,C104961,2025-04-05,197.01,Changed Mind
R008768,O0103935,C104961,2025-06-12,13760.08,Late Delivery
R008769,O0103939,C104961,2025-07-08,767.17,Changed Mind
R008770,O0103941,C104961,2025-07-20,2030.74,Not as Described
R008771,O0103949,C104961,2025-11-04,59447.6,Changed Mind
R008772,O0103970,C104962,2026-05-17,2969.26,Not as Described
R008773,O0103999,C104965,2025-11-11,2690.12,Late Delivery
R008774,O0104006,C104966,2023-08-05,3003.42,Late Delivery
R008775,O0104013,C104966,2024-01-29,9654.96,Better Price Found
R008776,O0104027,C104966,2025-05-19,593.16,Not as Described
R008777,O0104030,C104966,2025-07-30,145.67,Not as Described
R008778,O0104035,C104966,2026-08-04,15285.05,Changed Mind
R008779,O0104037,C104967,2026-04-27,494.58,Not as Described
R008780,O0104042,C104969,2025-05-12,15531.33,Size Issue
R008781,O0104048,C104970,2025-03-28,2177.78,Changed Mind
R008782,O0104061,C104970,2026-04-14,3536.95,Changed Mind
R008783,O0104089,C104971,2025-01-22,2449.16,Size Issue
R008784,O0104090,C104971,2025-01-31,831.57,Late Delivery
R008785,O0104096,C104971,2025-02-28,5222.63,Size Issue
R008786,O0104101,C104971,2025-04-24,30614.94,Late Delivery
R008787,O0104104,C104971,2025-05-18,43955.49,Late Delivery
R008788,O0104110,C104971,2025-06-26,1613.4,Late Delivery
R008789,O0104121,C104971,2025-09-10,1976.04,Better Price Found
R008790,O0104126,C104971,2025-09-25,5243.07,Better Price Found
R008791,O0104130,C104971,2025-10-28,628.04,Defective Product
R008792,O0104136,C104971,2025-11-17,3156.89,Size Issue
R008793,O0104139,C104971,2025-11-27,6199.72,Not as Described
R008794,O0104141,C104971,2025-12-09,2068.91,Better Price Found
R008795,O0104164,C104971,2026-04-30,3100.8,Better Price Found
R008796,O0104165,C104971,2026-04-30,6384.43,Better Price Found
R008797,O0104169,C104971,2026-05-14,242.57,Defective Product
R008798,O0104173,C104971,2026-06-18,23076.35,Size Issue
R008799,O0104176,C104971,2026-08-01,971.02,Changed Mind
R008800,O0104177,C104971,2026-08-06,7871.65,Defective Product
R008801,O0104190,C104972,2024-06-16,5199.97,Not as Described
R008802,O0104209,C104972,2024-11-14,2041.75,Size Issue
R008803,O0104229,C104972,2025-06-14,16468.24,Changed Mind
R008804,O0104238,C104972,2025-09-21,1701.34,Defective Product
R008805,O0104243,C104972,2025-10-31,13543.79,Defective Product
R008806,O0104252,C104972,2025-12-06,6749.8,Not as Described
R008807,O0104255,C104972,2025-12-24,4762.6,Better Price Found
R008808,O0104264,C104972,2026-04-13,7940.66,Defective Product
R008809,O0104269,C104972,2026-06-08,33803.62,Late Delivery
R008810,O0104277,C104972,2026-07-22,84823.04,Defective Product
R008811,O0104284,C104973,2024-11-10,3700.99,Not as Described
R008812,O0104287,C104973,2024-11-15,1449.67,Changed Mind
R008813,O0104317,C104974,2025-07-20,121092.12,Better Price Found
R008814,O0104348,C104976,2025-07-08,2433.75,Defective Product
R008815,O0104349,C104976,2025-07-21,2664.89,Not as Described
R008816,O0104351,C104976,2025-09-20,995.83,Better Price Found
R008817,O0104354,C104976,2026-02-03,7944.83,Late Delivery
R008818,O0104360,C104976,2026-05-12,1865.11,Changed Mind
R008819,O0104366,C104977,2024-09-01,2689.66,Changed Mind
R008820,O0104384,C104978,2025-01-03,8741.28,Better Price Found
R008821,O0104398,C104978,2025-04-21,1576.2,Better Price Found
R008822,O0104404,C104978,2025-06-07,1459.4,Defective Product
R008823,O0104418,C104978,2025-08-31,82094.64,Defective Product
R008824,O0104430,C104978,2025-11-30,8686.57,Late Delivery
R008825,O0104444,C104978,2026-03-08,18982.07,Late Delivery
R008826,O0104455,C104978,2026-06-27,3089.8,Not as Described
R008827,O0104456,C104978,2026-07-29,2520.99,Not as Described
R008828,O0104466,C104980,2024-06-04,4920.9,Size Issue
R008829,O0104478,C104980,2025-12-31,312.29,Better Price Found
R008830,O0104494,C104983,2025-05-03,2303.65,Not as Described
R008831,O0104495,C104983,2025-06-04,23871.94,Late Delivery
R008832,O0104504,C104984,2026-06-24,368.13,Better Price Found
R008833,O0104509,C104985,2025-03-22,49297.22,Changed Mind
R008834,O0104523,C104986,2024-07-14,45346.83,Not as Described
R008835,O0104534,C104986,2025-12-31,2125.31,Changed Mind
R008836,O0104541,C104987,2025-11-15,1362.07,Better Price Found
R008837,O0104543,C104987,2026-03-03,5515.56,Changed Mind
R008838,O0104546,C104987,2026-04-17,744.67,Late Delivery
R008839,O0104554,C104988,2023-04-20,3584.59,Changed Mind
R008840,O0104561,C104988,2023-12-17,141.1,Size Issue
R008841,O0104564,C104988,2024-01-16,1674.63,Better Price Found
R008842,O0104575,C104988,2024-08-06,2473.22,Size Issue
R008843,O0104592,C104988,2025-01-20,737.71,Size Issue
R008844,O0104602,C104988,2025-04-04,5519.26,Defective Product
R008845,O0104628,C104988,2025-09-25,8016.33,Changed Mind
R008846,O0104661,C104988,2026-07-13,5209.98,Changed Mind
R008847,O0104665,C104989,2024-10-07,2334.87,Late Delivery
R008848,O0104724,C104992,2026-06-08,33945.67,Size Issue
R008849,O0104740,C104993,2025-10-10,365.89,Late Delivery
R008850,O0104752,C104994,2024-12-17,2634.83,Late Delivery
R008851,O0104767,C104994,2026-03-16,15600.68,Better Price Found
R008852,O0104773,C104995,2024-03-14,9936.43,Defective Product
R008853,O0104784,C104995,2025-03-02,3993.26,Changed Mind
R008854,O0104798,C104996,2025-09-06,5599.16,Better Price Found
R008855,O0104803,C104997,2023-06-06,96868.2,Better Price Found
R008856,O0104825,C104999,2025-07-25,1587.19,Better Price Found
R008857,O0104830,C105000,2025-12-28,789.51,Better Price Found
R008858,O0104834,C105000,2026-01-28,1600.45,Not as Described
R008859,O0104842,C105001,2023-11-08,14020.39,Better Price Found
R008860,O0104846,C105001,2024-01-20,15562.32,Changed Mind
R008861,O0104891,C105003,2025-09-02,37878.49,Not as Described
R008862,O0104911,C105005,2025-10-16,6011.96,Not as Described
R008863,O0104916,C105005,2026-06-21,1938.99,Better Price Found
R008864,O0104940,C105008,2025-04-06,3247.9,Changed Mind
R008865,O0104946,C105008,2025-06-26,1625.7,Changed Mind
R008866,O0104972,C105010,2025-09-07,8450.62,Late Delivery
R008867,O0104984,C105010,2026-08-07,13575.89,Late Delivery
R008868,O0104985,C105012,2026-03-05,4294.83,Size Issue
R008869,O0104988,C105012,2026-04-08,24932.03,Late Delivery
R008870,O0104996,C105013,2025-07-06,5779.16,Defective Product
R008871,O0105001,C105013,2026-06-06,1590.68,Better Price Found
R008872,O0105014,C105015,2023-06-20,8016.97,Changed Mind
R008873,O0105042,C105015,2026-05-23,1443.29,Not as Described
R008874,O0105070,C105016,2025-04-12,3063.01,Better Price Found
R008875,O0105073,C105016,2025-05-07,4696.68,Changed Mind
R008876,O0105076,C105016,2025-06-05,12505.7,Changed Mind
R008877,O0105089,C105016,2025-08-20,1854.35,Defective Product
R008878,O0105093,C105016,2025-10-10,1032.0,Defective Product
R008879,O0105096,C105016,2025-12-20,12705.59,Better Price Found
R008880,O0105105,C105016,2026-02-16,4516.11,Defective Product
R008881,O0105109,C105016,2026-03-01,6224.45,Changed Mind
R008882,O0105128,C105016,2026-08-05,10379.62,Late Delivery
R008883,O0105139,C105017,2024-10-31,8604.5,Defective Product
R008884,O0105151,C105017,2025-07-20,34505.94,Not as Described
R008885,O0105158,C105017,2025-12-24,30834.15,Size Issue
R008886,O0105177,C105019,2023-10-15,27946.33,Defective Product
R008887,O0105189,C105019,2024-05-22,2400.21,Better Price Found
R008888,O0105216,C105019,2025-09-13,12900.83,Size Issue
R008889,O0105217,C105019,2025-10-19,6109.94,Not as Described
R008890,O0105221,C105019,2026-01-16,6934.86,Late Delivery
R008891,O0105225,C105019,2026-03-30,1981.07,Not as Described
R008892,O0105266,C105022,2024-03-14,3897.5,Defective Product
R008893,O0105271,C105022,2024-04-29,7722.87,Late Delivery
R008894,O0105285,C105022,2024-07-28,30502.91,Better Price Found
R008895,O0105313,C105022,2025-02-10,3941.68,Defective Product
R008896,O0105329,C105022,2025-07-06,33170.29,Not as Described
R008897,O0105358,C105022,2025-12-21,33567.22,Changed Mind
R008898,O0105367,C105022,2026-02-20,24193.06,Size Issue
R008899,O0105403,C105024,2023-12-18,9431.85,Size Issue
R008900,O0105407,C105024,2024-03-12,8878.0,Late Delivery
R008901,O0105409,C105024,2024-03-16,536.67,Better Price Found
R008902,O0105425,C105024,2024-10-15,1144.1,Better Price Found
R008903,O0105428,C105024,2024-12-25,626.56,Better Price Found
R008904,O0105431,C105024,2025-01-08,8773.83,Changed Mind
R008905,O0105443,C105024,2025-04-19,708.29,Better Price Found
R008906,O0105453,C105024,2025-07-23,6520.4,Not as Described
R008907,O0105478,C105024,2026-01-16,15239.34,Changed Mind
R008908,O0105480,C105024,2026-01-22,24794.62,Defective Product
R008909,O0105500,C105024,2026-07-22,5354.02,Defective Product
R008910,O0105519,C105025,2025-06-27,2015.56,Better Price Found
R008911,O0105582,C105030,2023-09-22,3534.69,Changed Mind
R008912,O0105590,C105031,2023-09-26,33168.83,Size Issue
R008913,O0105592,C105031,2024-07-16,6092.66,Better Price Found
R008914,O0105598,C105032,2023-10-10,7172.27,Better Price Found
R008915,O0105599,C105032,2023-10-28,31600.99,Better Price Found
R008916,O0105613,C105032,2026-05-21,944.05,Changed Mind
R008917,O0105631,C105033,2024-10-11,21542.93,Size Issue
R008918,O0105637,C105033,2025-05-24,37159.37,Late Delivery
R008919,O0105657,C105034,2024-10-05,8511.1,Defective Product
R008920,O0105730,C105037,2026-02-24,1023.51,Late Delivery
R008921,O0105740,C105038,2024-11-21,7746.48,Size Issue
R008922,O0105744,C105038,2025-01-03,39379.78,Late Delivery
R008923,O0105753,C105038,2025-08-03,6571.29,Defective Product
R008924,O0105764,C105038,2026-07-30,3064.46,Better Price Found
R008925,O0105788,C105041,2024-08-27,30433.1,Size Issue
R008926,O0105821,C105042,2025-08-18,19136.31,Changed Mind
R008927,O0105826,C105042,2025-11-21,1073.74,Not as Described
R008928,O0105828,C105042,2026-01-06,1373.86,Better Price Found
R008929,O0105836,C105042,2026-04-09,555.1,Size Issue
R008930,O0105846,C105042,2026-07-29,4039.57,Better Price Found
R008931,O0105870,C105043,2024-07-26,17357.17,Not as Described
R008932,O0105882,C105043,2025-05-23,5380.71,Not as Described
R008933,O0105897,C105043,2026-04-08,1299.44,Changed Mind
R008934,O0105901,C105043,2026-07-29,2319.74,Not as Described
R008935,O0105904,C105044,2024-10-30,3270.99,Defective Product
R008936,O0105911,C105044,2025-01-22,1482.38,Size Issue
R008937,O0105927,C105046,2025-04-12,8652.96,Late Delivery
R008938,O0105937,C105047,2023-10-22,4924.56,Late Delivery
R008939,O0105940,C105047,2024-03-27,20237.96,Better Price Found
R008940,O0105947,C105047,2024-05-19,11356.28,Changed Mind
R008941,O0105963,C105047,2025-06-05,1797.89,Not as Described
R008942,O0105966,C105047,2025-08-27,7984.65,Late Delivery
R008943,O0105993,C105049,2023-07-01,542.93,Better Price Found
R008944,O0105998,C105049,2024-11-13,20516.12,Changed Mind
R008945,O0106028,C105050,2024-09-13,33988.77,Size Issue
R008946,O0106063,C105050,2025-07-15,39605.91,Defective Product
R008947,O0106087,C105050,2026-01-05,2165.22,Size Issue
R008948,O0106110,C105051,2023-07-15,9759.76,Late Delivery
R008949,O0106115,C105051,2023-08-26,5705.23,Late Delivery
R008950,O0106146,C105051,2024-07-20,2136.83,Better Price Found
R008951,O0106169,C105051,2025-03-10,27117.98,Changed Mind
R008952,O0106173,C105051,2025-04-17,2175.25,Not as Described
R008953,O0106189,C105051,2025-10-11,5975.43,Better Price Found
R008954,O0106194,C105051,2025-11-29,16625.46,Not as Described
R008955,O0106215,C105051,2026-03-21,65969.19,Better Price Found
R008956,O0106216,C105051,2026-03-31,515.23,Changed Mind
R008957,O0106261,C105057,2025-09-08,20619.81,Changed Mind
R008958,O0106282,C105057,2026-02-15,11707.98,Not as Described
R008959,O0106298,C105057,2026-05-19,2161.87,Size Issue
R008960,O0106311,C105057,2026-07-31,2213.78,Defective Product
R008961,O0106318,C105058,2025-06-21,2736.38,Late Delivery
R008962,O0106320,C105058,2025-07-15,14875.64,Size Issue
R008963,O0106344,C105060,2026-02-06,586.09,Size Issue
R008964,O0106349,C105061,2023-05-14,33975.87,Late Delivery
R008965,O0106370,C105061,2023-10-20,4350.57,Defective Product
R008966,O0106379,C105061,2023-12-28,1413.17,Not as Described
R008967,O0106385,C105061,2024-02-05,1159.35,Defective Product
R008968,O0106387,C105061,2024-02-26,701.3,Defective Product
R008969,O0106391,C105061,2024-03-28,1005.42,Size Issue
R008970,O0106404,C105061,2024-07-22,1263.44,Not as Described
R008971,O0106416,C105061,2024-11-13,3380.06,Changed Mind
R008972,O0106441,C105061,2025-04-21,3181.92,Late Delivery
R008973,O0106460,C105061,2025-09-14,10236.94,Better Price Found
R008974,O0106461,C105061,2025-09-27,2493.66,Late Delivery
R008975,O0106473,C105061,2025-12-31,69054.27,Better Price Found
R008976,O0106515,C105062,2025-02-26,384.61,Late Delivery
R008977,O0106529,C105064,2024-10-16,1543.09,Not as Described
R008978,O0106544,C105064,2026-06-11,13872.33,Defective Product
R008979,O0106555,C105065,2024-11-29,4201.83,Size Issue
R008980,O0106556,C105065,2024-12-14,369.85,Defective Product
R008981,O0106558,C105065,2025-05-01,3622.87,Better Price Found
R008982,O0106561,C105065,2026-04-14,15617.66,Defective Product
R008983,O0106569,C105066,2026-06-15,292.84,Changed Mind
R008984,O0106574,C105067,2025-05-18,3525.23,Late Delivery
R008985,O0106575,C105067,2025-06-19,23264.39,Late Delivery
R008986,O0106583,C105067,2025-11-28,385.32,Defective Product
R008987,O0106591,C105067,2026-04-04,249.99,Changed Mind
R008988,O0106618,C105068,2025-08-29,1546.16,Changed Mind
R008989,O0106647,C105069,2025-04-11,3048.25,Size Issue
R008990,O0106652,C105069,2025-09-27,41891.05,Changed Mind
R008991,O0106663,C105069,2026-04-07,4707.49,Late Delivery
R008992,O0106668,C105069,2026-05-20,6918.45,Late Delivery
R008993,O0106674,C105070,2023-06-18,2968.57,Better Price Found
R008994,O0106691,C105070,2025-02-09,38428.94,Changed Mind
R008995,O0106700,C105070,2026-03-15,5703.95,Not as Described
R008996,O0106715,C105071,2024-09-28,476.91,Changed Mind
R008997,O0106717,C105071,2024-09-29,775.03,Defective Product
R008998,O0106727,C105071,2024-12-30,4497.68,Late Delivery
R008999,O0106733,C105071,2025-03-14,1957.85,Not as Described
R009000,O0106738,C105071,2025-09-14,28444.42,Better Price Found
R009001,O0106741,C105071,2025-11-02,2382.07,Better Price Found
R009002,O0106763,C105072,2025-06-05,1569.4,Late Delivery
R009003,O0106780,C105072,2026-03-09,56975.2,Size Issue
R009004,O0106811,C105075,2024-04-09,1687.28,Defective Product
R009005,O0106814,C105075,2024-04-12,2630.97,Size Issue
R009006,O0106815,C105075,2024-04-10,21167.99,Size Issue
R009007,O0106825,C105075,2024-07-03,183.72,Late Delivery
R009008,O0106829,C105075,2024-08-15,36863.12,Late Delivery
R009009,O0106851,C105075,2025-03-25,8725.14,Better Price Found
R009010,O0106873,C105075,2025-10-18,8968.57,Better Price Found
R009011,O0106902,C105075,2026-05-11,7737.38,Better Price Found
R009012,O0106912,C105076,2025-05-17,2470.43,Size Issue
R009013,O0106916,C105077,2026-08-09,3972.3,Size Issue
R009014,O0106926,C105078,2025-07-11,4185.31,Late Delivery
R009015,O0106931,C105078,2026-05-24,1018.45,Size Issue
R009016,O0106960,C105079,2025-02-11,37395.76,Size Issue
R009017,O0106962,C105079,2025-03-12,1643.3,Late Delivery
R009018,O0106965,C105079,2025-04-13,23573.57,Better Price Found
R009019,O0106968,C105079,2025-04-26,187.12,Size Issue
R009020,O0106975,C105079,2025-08-06,3506.52,Not as Described
R009021,O0106985,C105079,2025-11-07,4221.98,Late Delivery
R009022,O0106998,C105079,2026-04-30,2321.52,Changed Mind
R009023,O0106999,C105079,2026-05-13,2673.83,Size Issue
R009024,O0107001,C105079,2026-06-18,1241.94,Changed Mind
R009025,O0107009,C105081,2025-08-05,6337.12,Size Issue
R009026,O0107023,C105082,2024-04-17,3602.59,Late Delivery
R009027,O0107034,C105082,2024-09-08,4551.21,Not as Described
R009028,O0107048,C105082,2025-02-04,2600.16,Defective Product
R009029,O0107056,C105082,2025-04-05,9977.69,Changed Mind
R009030,O0107103,C105082,2026-04-11,40165.02,Defective Product
R009031,O0107104,C105082,2026-04-08,1330.85,Changed Mind
R009032,O0107112,C105082,2026-06-18,24690.39,Better Price Found
R009033,O0107118,C105082,2026-08-06,67001.44,Better Price Found
R009034,O0107122,C105084,2025-04-21,4184.45,Size Issue
R009035,O0107149,C105086,2024-08-25,4842.99,Late Delivery
R009036,O0107150,C105086,2024-08-22,13231.36,Defective Product
R009037,O0107174,C105086,2025-03-24,3841.3,Changed Mind
R009038,O0107178,C105086,2025-04-19,4858.71,Better Price Found
R009039,O0107179,C105086,2025-05-09,5794.93,Changed Mind
R009040,O0107184,C105086,2025-05-18,3004.08,Size Issue
R009041,O0107190,C105086,2025-06-24,3365.37,Size Issue
R009042,O0107191,C105086,2025-06-28,12004.95,Size Issue
R009043,O0107199,C105086,2025-08-13,5846.26,Not as Described
R009044,O0107206,C105086,2025-10-12,18417.67,Not as Described
R009045,O0107210,C105086,2025-11-05,7377.67,Size Issue
R009046,O0107212,C105086,2025-11-24,24179.25,Not as Described
R009047,O0107224,C105086,2026-04-28,4530.74,Changed Mind
R009048,O0107235,C105086,2026-06-29,1326.07,Not as Described
R009049,O0107239,C105086,2026-07-25,1702.14,Not as Described
R009050,O0107240,C105086,2026-07-22,3905.47,Late Delivery
R009051,O0107241,C105086,2026-08-05,2870.58,Better Price Found
R009052,O0107244,C105087,2026-04-12,15885.07,Changed Mind
R009053,O0107255,C105087,2026-07-26,1557.76,Size Issue
R009054,O0107270,C105090,2025-07-10,6868.03,Changed Mind
R009055,O0107296,C105091,2026-04-13,8181.28,Changed Mind
R009056,O0107302,C105091,2026-06-04,3746.81,Not as Described
R009057,O0107308,C105092,2026-03-31,1287.26,Late Delivery
R009058,O0107323,C105093,2023-09-04,390.45,Late Delivery
R009059,O0107326,C105093,2023-12-25,1946.9,Late Delivery
R009060,O0107335,C105094,2025-02-10,3410.57,Better Price Found
R009061,O0107340,C105094,2025-08-11,65414.91,Size Issue
R009062,O0107342,C105094,2025-12-13,13835.56,Defective Product
R009063,O0107351,C105095,2025-02-24,20669.0,Size Issue
R009064,O0107355,C105095,2025-05-16,415.55,Changed Mind
R009065,O0107359,C105095,2025-08-20,6025.63,Better Price Found
R009066,O0107368,C105095,2025-12-30,20934.17,Size Issue
R009067,O0107383,C105095,2026-07-28,32359.02,Late Delivery
R009068,O0107401,C105096,2024-07-10,1115.17,Changed Mind
R009069,O0107405,C105096,2024-08-01,5994.99,Size Issue
R009070,O0107416,C105096,2024-11-21,323.52,Not as Described
R009071,O0107442,C105096,2025-06-11,15248.09,Late Delivery
R009072,O0107489,C105097,2025-12-09,4607.06,Not as Described
R009073,O0107490,C105097,2026-01-07,12487.26,Better Price Found
R009074,O0107499,C105098,2023-07-23,448.24,Late Delivery
R009075,O0107500,C105098,2023-07-31,1080.19,Size Issue
R009076,O0107505,C105098,2023-09-30,6460.46,Late Delivery
R009077,O0107507,C105098,2023-10-18,2493.51,Size Issue
R009078,O0107539,C105098,2025-06-14,866.07,Late Delivery
R009079,O0107546,C105098,2025-12-24,575.37,Size Issue
R009080,O0107563,C105101,2024-01-05,49423.42,Changed Mind
R009081,O0107567,C105101,2024-04-27,1543.17,Not as Described
R009082,O0107577,C105103,2024-03-15,698.55,Late Delivery
R009083,O0107617,C105104,2024-03-06,495.66,Not as Described
R009084,O0107672,C105104,2025-09-10,23489.25,Size Issue
R009085,O0107691,C105104,2026-03-26,745.44,Better Price Found
R009086,O0107714,C105105,2026-02-21,1861.21,Not as Described
R009087,O0107720,C105105,2026-07-13,5600.2,Late Delivery
R009088,O0107753,C105109,2025-09-20,5892.78,Not as Described
R009089,O0107757,C105109,2025-12-10,6361.1,Changed Mind
R009090,O0107785,C105111,2026-07-21,20196.86,Defective Product
R009091,O0107786,C105112,2025-02-03,15654.55,Better Price Found
R009092,O0107791,C105112,2025-06-29,22713.78,Late Delivery
R009093,O0107804,C105112,2026-01-02,7352.09,Better Price Found
R009094,O0107812,C105112,2026-02-23,53079.27,Defective Product
R009095,O0107856,C105113,2024-09-12,5393.91,Size Issue
R009096,O0107860,C105113,2024-10-29,3117.91,Changed Mind
R009097,O0107877,C105113,2025-04-18,5696.4,Defective Product
R009098,O0107891,C105113,2025-07-20,643.71,Changed Mind
R009099,O0107921,C105113,2026-04-01,36346.57,Better Price Found
R009100,O0107931,C105113,2026-06-17,22470.84,Not as Described
R009101,O0107952,C105114,2026-03-28,18976.96,Defective Product
R009102,O0107985,C105116,2023-09-06,15268.77,Late Delivery
R009103,O0108003,C105118,2025-06-14,11083.05,Late Delivery
R009104,O0108031,C105118,2026-04-13,3214.92,Changed Mind
R009105,O0108069,C105122,2024-06-17,34944.03,Better Price Found
R009106,O0108086,C105123,2025-10-05,5442.54,Size Issue
R009107,O0108087,C105123,2025-10-11,23730.82,Defective Product
R009108,O0108089,C105123,2025-11-13,838.77,Not as Described
R009109,O0108096,C105123,2026-02-08,5667.93,Defective Product
R009110,O0108099,C105123,2026-05-25,6155.75,Late Delivery
R009111,O0108110,C105125,2026-08-04,1036.68,Changed Mind
R009112,O0108129,C105128,2024-03-25,23637.47,Defective Product
R009113,O0108131,C105128,2024-06-05,20859.18,Late Delivery
R009114,O0108134,C105129,2025-07-11,10499.01,Not as Described
R009115,O0108135,C105129,2025-07-19,1993.51,Size Issue
R009116,O0108157,C105130,2025-07-18,1452.15,Not as Described
R009117,O0108159,C105130,2026-03-17,1670.14,Changed Mind
R009118,O0108161,C105131,2025-03-29,14277.55,Late Delivery
R009119,O0108162,C105131,2025-03-29,324.95,Late Delivery
R009120,O0108165,C105131,2025-07-07,65604.1,Not as Described
R009121,O0108167,C105131,2025-08-26,1549.95,Changed Mind
R009122,O0108236,C105137,2026-07-02,8879.92,Not as Described
R009123,O0108240,C105138,2026-05-30,775.02,Changed Mind
R009124,O0108241,C105139,2025-05-19,26065.84,Better Price Found
R009125,O0108243,C105139,2025-06-18,583.87,Size Issue
R009126,O0108244,C105139,2025-06-19,683.89,Late Delivery
R009127,O0108255,C105139,2025-11-11,7272.24,Size Issue
R009128,O0108257,C105139,2025-12-05,1873.88,Changed Mind
R009129,O0108259,C105139,2025-12-16,48809.9,Late Delivery
R009130,O0108260,C105139,2026-01-13,8597.55,Better Price Found
R009131,O0108276,C105141,2025-03-13,2401.02,Defective Product
R009132,O0108310,C105143,2024-11-25,1209.65,Defective Product
R009133,O0108314,C105143,2024-12-07,1235.75,Defective Product
R009134,O0108322,C105143,2025-02-05,2946.44,Not as Described
R009135,O0108332,C105143,2025-04-18,4013.5,Changed Mind
R009136,O0108333,C105143,2025-04-21,8844.95,Defective Product
R009137,O0108338,C105143,2025-06-23,16432.7,Changed Mind
R009138,O0108347,C105143,2025-09-29,11121.38,Changed Mind
R009139,O0108355,C105143,2026-02-19,113854.3,Changed Mind
R009140,O0108368,C105143,2026-06-08,2364.08,Late Delivery
R009141,O0108413,C105147,2024-01-10,1366.17,Better Price Found
R009142,O0108421,C105147,2024-10-30,16530.61,Changed Mind
R009143,O0108429,C105147,2025-08-10,1399.82,Late Delivery
R009144,O0108431,C105147,2025-09-06,34848.43,Changed Mind
R009145,O0108443,C105147,2026-01-08,6363.18,Changed Mind
R009146,O0108451,C105148,2025-05-06,4622.19,Changed Mind
R009147,O0108455,C105148,2025-10-08,5015.43,Defective Product
R009148,O0108467,C105150,2023-09-16,689.2,Late Delivery
R009149,O0108478,C105152,2026-03-13,20465.77,Better Price Found
R009150,O0108494,C105154,2023-08-31,4599.04,Changed Mind
R009151,O0108497,C105154,2024-11-18,19488.8,Not as Described
R009152,O0108539,C105159,2024-12-03,963.44,Changed Mind
R009153,O0108554,C105160,2026-03-01,17044.57,Changed Mind
R009154,O0108556,C105160,2026-04-16,1856.5,Late Delivery
R009155,O0108579,C105161,2025-06-26,3340.67,Size Issue
R009156,O0108588,C105161,2026-07-30,24593.33,Late Delivery
R009157,O0108610,C105164,2025-08-12,14619.93,Better Price Found
R009158,O0108616,C105164,2026-03-09,1755.56,Changed Mind
R009159,O0108618,C105164,2026-07-05,139.56,Better Price Found
R009160,O0108627,C105167,2026-07-13,1329.4,Better Price Found
R009161,O0108629,C105169,2026-02-17,2494.11,Defective Product
R009162,O0108652,C105172,2023-05-29,135449.23,Late Delivery
R009163,O0108662,C105172,2023-09-30,279.98,Late Delivery
R009164,O0108693,C105172,2024-12-09,1713.01,Changed Mind
R009165,O0108701,C105172,2025-04-03,1386.75,Late Delivery
R009166,O0108718,C105172,2026-05-01,56123.39,Size Issue
R009167,O0108726,C105173,2026-05-29,5156.37,Defective Product
R009168,O0108764,C105176,2025-06-06,8613.36,Changed Mind
R009169,O0108766,C105176,2025-07-01,12130.96,Better Price Found
R009170,O0108767,C105176,2025-07-05,15111.84,Size Issue
R009171,O0108772,C105176,2025-09-15,4561.62,Not as Described
R009172,O0108794,C105176,2026-05-25,571.91,Not as Described
R009173,O0108795,C105176,2026-05-20,5707.38,Size Issue
R009174,O0108836,C105180,2024-07-27,5952.04,Late Delivery
R009175,O0108858,C105181,2025-05-29,23118.24,Late Delivery
R009176,O0108892,C105183,2023-12-14,47058.32,Size Issue
R009177,O0108923,C105183,2024-08-04,16938.56,Late Delivery
R009178,O0108941,C105183,2025-01-24,10877.89,Size Issue
R009179,O0108944,C105183,2025-03-13,3247.4,Defective Product
R009180,O0108950,C105183,2025-05-09,8863.7,Not as Described
R009181,O0108958,C105183,2025-06-27,39782.78,Not as Described
R009182,O0108959,C105183,2025-07-07,1392.45,Changed Mind
R009183,O0108971,C105183,2025-11-13,3237.91,Changed Mind
R009184,O0108973,C105183,2025-12-19,3514.29,Defective Product
R009185,O0108974,C105183,2025-12-20,2152.87,Not as Described
R009186,O0108996,C105184,2025-02-07,136.77,Better Price Found
R009187,O0108998,C105184,2025-03-12,5835.68,Not as Described
R009188,O0109008,C105185,2024-02-09,17112.31,Changed Mind
R009189,O0109018,C105186,2024-05-13,6736.73,Late Delivery
R009190,O0109031,C105186,2024-08-05,2201.69,Late Delivery
R009191,O0109048,C105186,2025-01-23,2205.61,Better Price Found
R009192,O0109054,C105186,2025-03-27,392.01,Better Price Found
R009193,O0109056,C105186,2025-04-15,7890.25,Size Issue
R009194,O0109101,C105186,2026-05-28,10354.44,Defective Product
R009195,O0109102,C105186,2026-06-18,3536.72,Defective Product
R009196,O0109104,C105186,2026-06-24,3718.13,Size Issue
R009197,O0109116,C105188,2026-01-03,1015.03,Changed Mind
R009198,O0109118,C105188,2026-04-05,3053.85,Changed Mind
R009199,O0109122,C105189,2026-05-22,2276.49,Changed Mind
R009200,O0109137,C105191,2025-12-01,1001.76,Better Price Found
R009201,O0109147,C105191,2026-07-23,5641.3,Changed Mind
R009202,O0109154,C105192,2025-08-19,608.24,Late Delivery
R009203,O0109165,C105192,2026-06-22,11991.0,Size Issue
R009204,O0109175,C105195,2023-11-08,2678.74,Not as Described
R009205,O0109189,C105195,2025-06-25,16310.05,Defective Product
R009206,O0109190,C105195,2026-01-04,1802.92,Late Delivery
R009207,O0109196,C105196,2025-09-10,1678.88,Defective Product
R009208,O0109204,C105196,2025-12-27,925.91,Better Price Found
R009209,O0109214,C105196,2026-03-19,1638.13,Defective Product
R009210,O0109233,C105196,2026-06-10,48720.71,Late Delivery
R009211,O0109262,C105201,2025-10-26,9445.01,Better Price Found
R009212,O0109282,C105203,2024-03-07,476.99,Not as Described
R009213,O0109297,C105203,2024-09-25,4336.52,Defective Product
R009214,O0109315,C105203,2025-06-11,248.37,Better Price Found
R009215,O0109316,C105203,2025-06-21,38012.91,Late Delivery
R009216,O0109335,C105203,2026-04-23,17411.9,Not as Described
R009217,O0109345,C105204,2025-12-27,8125.45,Changed Mind
R009218,O0109355,C105205,2024-05-30,17104.2,Late Delivery
R009219,O0109381,C105205,2026-05-18,556.63,Not as Described
R009220,O0109404,C105207,2025-08-18,6867.41,Better Price Found
R009221,O0109413,C105209,2024-01-11,920.0,Not as Described
R009222,O0109414,C105209,2026-05-31,6447.38,Changed Mind
R009223,O0109424,C105210,2024-09-23,9044.84,Late Delivery
R009224,O0109425,C105210,2024-09-20,9519.71,Changed Mind
R009225,O0109426,C105210,2024-10-08,1391.46,Late Delivery
R009226,O0109439,C105210,2025-06-11,4421.0,Not as Described
R009227,O0109460,C105210,2026-05-17,558.93,Changed Mind
R009228,O0109462,C105210,2026-06-03,4437.91,Defective Product
R009229,O0109477,C105212,2024-09-10,705.82,Late Delivery
R009230,O0109484,C105214,2024-12-04,17695.34,Late Delivery
R009231,O0109498,C105215,2023-07-15,13838.41,Late Delivery
R009232,O0109516,C105215,2023-10-27,1323.18,Better Price Found
R009233,O0109532,C105215,2024-02-17,2973.55,Size Issue
R009234,O0109537,C105215,2024-04-12,17328.83,Changed Mind
R009235,O0109557,C105215,2024-10-01,2704.53,Changed Mind
R009236,O0109558,C105215,2024-10-10,14943.07,Size Issue
R009237,O0109569,C105215,2024-12-02,2070.77,Size Issue
R009238,O0109596,C105215,2025-06-20,8681.47,Not as Described
R009239,O0109611,C105215,2025-10-16,57380.07,Late Delivery
R009240,O0109613,C105215,2025-11-01,2072.51,Late Delivery
R009241,O0109617,C105215,2025-11-15,804.38,Not as Described
R009242,O0109627,C105215,2026-02-05,2366.65,Better Price Found
R009243,O0109650,C105215,2026-07-17,60393.09,Defective Product
R009244,O0109664,C105216,2024-07-16,2134.43,Late Delivery
R009245,O0109667,C105216,2024-08-15,9966.83,Size Issue
R009246,O0109672,C105216,2024-09-14,5755.28,Size Issue
R009247,O0109687,C105216,2025-02-02,5434.08,Size Issue
R009248,O0109689,C105216,2025-03-20,50388.88,Size Issue
R009249,O0109718,C105216,2025-11-29,3358.21,Better Price Found
R009250,O0109728,C105216,2026-03-02,8876.66,Not as Described
R009251,O0109730,C105216,2026-03-21,17900.95,Size Issue
R009252,O0109743,C105216,2026-07-01,22336.49,Defective Product
R009253,O0109755,C105219,2025-07-03,9691.22,Better Price Found
R009254,O0109786,C105223,2025-10-02,10099.9,Not as Described
R009255,O0109792,C105223,2025-11-16,4798.13,Better Price Found
R009256,O0109819,C105223,2026-05-27,4116.33,Defective Product
R009257,O0109820,C105223,2026-06-06,26476.74,Better Price Found
R009258,O0109843,C105224,2026-06-30,32381.21,Changed Mind
R009259,O0109847,C105225,2025-08-27,28778.97,Changed Mind
R009260,O0109857,C105227,2026-01-06,2228.59,Late Delivery
R009261,O0109888,C105234,2026-01-10,1557.31,Size Issue
R009262,O0109909,C105236,2025-11-11,1370.67,Size Issue
R009263,O0109922,C105238,2024-06-30,7539.98,Size Issue
R009264,O0109929,C105238,2025-02-19,11200.5,Late Delivery
R009265,O0109930,C105238,2025-03-10,1081.7,Not as Described
R009266,O0109941,C105239,2023-10-08,1062.2,Better Price Found
R009267,O0109957,C105239,2025-08-16,2619.72,Size Issue
R009268,O0109968,C105240,2026-01-15,44966.77,Defective Product
R009269,O0109982,C105241,2024-09-21,44644.5,Not as Described
R009270,O0109984,C105241,2024-12-31,4648.33,Better Price Found
R009271,O0110021,C105242,2026-02-01,2617.02,Changed Mind
R009272,O0110047,C105244,2026-06-14,663.5,Defective Product
R009273,O0110058,C105245,2025-03-11,25275.47,Late Delivery
R009274,O0110063,C105245,2025-07-04,2840.84,Late Delivery
R009275,O0110066,C105245,2025-08-17,12023.51,Size Issue
R009276,O0110072,C105245,2025-10-30,2502.74,Defective Product
R009277,O0110084,C105245,2026-07-17,10583.99,Better Price Found
R009278,O0110085,C105245,2026-07-28,3690.0,Not as Described
R009279,O0110088,C105246,2026-08-01,1565.27,Size Issue
R009280,O0110094,C105248,2024-03-11,3788.41,Changed Mind
R009281,O0110095,C105248,2024-03-22,5965.51,Not as Described
R009282,O0110097,C105248,2024-05-29,36444.56,Changed Mind
R009283,O0110100,C105248,2024-08-25,1956.49,Better Price Found
R009284,O0110128,C105251,2026-01-30,46090.92,Better Price Found
R009285,O0110131,C105251,2026-03-14,1720.5,Late Delivery
R009286,O0110136,C105252,2026-05-25,11051.87,Size Issue
R009287,O0110140,C105253,2026-01-31,14197.04,Not as Described
R009288,O0110180,C105254,2024-06-10,35120.3,Better Price Found
R009289,O0110185,C105254,2024-07-08,12590.69,Not as Described
R009290,O0110196,C105254,2024-09-25,9613.0,Better Price Found
R009291,O0110222,C105254,2025-03-11,1980.2,Size Issue
R009292,O0110227,C105254,2025-04-22,3204.94,Changed Mind
R009293,O0110236,C105254,2025-06-07,107.8,Not as Described
R009294,O0110260,C105254,2026-03-02,842.36,Not as Described
R009295,O0110264,C105254,2026-03-19,3362.72,Not as Described
R009296,O0110268,C105254,2026-05-06,4450.65,Late Delivery
R009297,O0110270,C105254,2026-05-31,2436.49,Defective Product
R009298,O0110274,C105254,2026-06-26,4509.91,Late Delivery
R009299,O0110280,C105254,2026-08-03,4084.9,Not as Described
R009300,O0110286,C105255,2024-03-29,20230.75,Defective Product
R009301,O0110288,C105255,2024-04-13,2374.21,Better Price Found
R009302,O0110296,C105255,2024-08-26,503.27,Changed Mind
R009303,O0110303,C105255,2024-12-11,1918.05,Late Delivery
R009304,O0110307,C105255,2025-02-02,10955.81,Defective Product
R009305,O0110360,C105259,2025-04-10,2413.73,Better Price Found
R009306,O0110370,C105259,2026-06-01,2825.49,Size Issue
R009307,O0110379,C105260,2023-07-08,27211.32,Late Delivery
R009308,O0110410,C105265,2024-08-19,11482.12,Not as Described
R009309,O0110416,C105265,2024-12-29,25161.88,Not as Described
R009310,O0110430,C105266,2026-02-13,2705.49,Size Issue
R009311,O0110452,C105269,2023-11-12,13892.5,Defective Product
R009312,O0110460,C105269,2024-04-23,9948.98,Size Issue
R009313,O0110463,C105269,2024-05-24,4944.02,Size Issue
R009314,O0110466,C105269,2024-07-14,15652.63,Late Delivery
R009315,O0110478,C105269,2024-11-29,358.09,Late Delivery
R009316,O0110482,C105269,2025-01-09,6049.16,Changed Mind
R009317,O0110486,C105269,2025-01-27,982.6,Better Price Found
R009318,O0110502,C105269,2025-09-25,4828.93,Late Delivery
R009319,O0110520,C105271,2026-02-26,52442.08,Size Issue
R009320,O0110553,C105273,2025-03-09,8175.51,Not as Described
R009321,O0110566,C105273,2026-03-01,8411.46,Better Price Found
R009322,O0110571,C105273,2026-06-02,105822.22,Not as Described
R009323,O0110581,C105274,2025-01-06,5680.9,Not as Described
R009324,O0110586,C105274,2026-02-10,331.95,Size Issue
R009325,O0110598,C105275,2024-09-14,6468.59,Defective Product
R009326,O0110615,C105277,2026-03-05,697.17,Changed Mind
R009327,O0110620,C105278,2023-04-24,17429.95,Changed Mind
R009328,O0110641,C105279,2024-05-23,4380.3,Size Issue
R009329,O0110665,C105279,2026-06-16,2997.79,Late Delivery
R009330,O0110674,C105280,2024-08-23,1288.34,Not as Described
R009331,O0110675,C105280,2024-09-13,42437.72,Defective Product
R009332,O0110678,C105280,2024-11-05,35033.88,Late Delivery
R009333,O0110686,C105280,2025-02-21,2554.38,Defective Product
R009334,O0110692,C105280,2025-04-30,13205.91,Size Issue
R009335,O0110695,C105280,2025-06-08,6909.26,Late Delivery
R009336,O0110702,C105280,2025-08-31,52667.48,Late Delivery
R009337,O0110708,C105280,2025-10-23,2906.75,Defective Product
R009338,O0110714,C105280,2025-12-28,35955.47,Late Delivery
R009339,O0110723,C105280,2026-01-21,20049.15,Not as Described
R009340,O0110726,C105280,2026-02-05,5919.89,Not as Described
R009341,O0110759,C105281,2025-11-15,6783.53,Changed Mind
R009342,O0110766,C105281,2026-02-01,745.3,Defective Product
R009343,O0110769,C105281,2026-05-11,1559.07,Size Issue
R009344,O0110785,C105283,2025-12-12,2085.33,Late Delivery
R009345,O0110791,C105283,2026-04-28,4892.44,Better Price Found
R009346,O0110804,C105286,2024-05-14,822.04,Size Issue
R009347,O0110824,C105286,2025-05-14,27994.48,Defective Product
R009348,O0110830,C105286,2025-08-09,11838.33,Changed Mind
R009349,O0110850,C105286,2026-04-16,1780.81,Defective Product
R009350,O0110874,C105288,2026-01-11,40329.59,Not as Described
R009351,O0110888,C105289,2026-04-12,4119.04,Better Price Found
R009352,O0110889,C105289,2026-04-20,4118.96,Late Delivery
R009353,O0110893,C105289,2026-05-28,2591.62,Not as Described
R009354,O0110903,C105290,2024-03-05,10411.68,Late Delivery
R009355,O0110911,C105290,2024-12-21,9979.17,Late Delivery
R009356,O0110922,C105291,2024-03-22,76912.87,Defective Product
R009357,O0110928,C105291,2024-11-06,9093.85,Late Delivery
R009358,O0110975,C105292,2024-04-29,10583.78,Not as Described
R009359,O0110977,C105292,2024-05-26,4227.74,Changed Mind
R009360,O0110998,C105295,2026-04-23,12722.4,Defective Product
R009361,O0111002,C105295,2026-06-06,8710.21,Not as Described
R009362,O0111006,C105296,2024-11-08,909.3,Changed Mind
R009363,O0111014,C105297,2025-08-06,8878.36,Changed Mind
R009364,O0111015,C105297,2025-08-17,1687.83,Size Issue
R009365,O0111025,C105297,2026-01-18,6564.11,Late Delivery
R009366,O0111029,C105297,2026-02-26,5981.03,Size Issue
R009367,O0111058,C105299,2024-02-18,3991.4,Late Delivery
R009368,O0111065,C105299,2024-06-16,6437.67,Defective Product
R009369,O0111068,C105299,2024-07-07,1126.44,Not as Described
R009370,O0111083,C105299,2025-01-02,1490.37,Defective Product
R009371,O0111098,C105299,2025-08-22,15607.93,Size Issue
R009372,O0111114,C105299,2026-04-30,19146.5,Better Price Found
R009373,O0111116,C105299,2026-05-17,17711.65,Better Price Found
R009374,O0111145,C105302,2025-10-26,698.76,Defective Product
R009375,O0111149,C105304,2024-03-23,16572.32,Size Issue
R009376,O0111150,C105304,2024-09-02,789.18,Better Price Found
R009377,O0111151,C105304,2024-10-02,30191.27,Better Price Found
R009378,O0111157,C105305,2023-06-17,1557.8,Size Issue
R009379,O0111158,C105305,2023-06-15,2259.65,Late Delivery
R009380,O0111168,C105305,2024-10-03,2413.93,Changed Mind
R009381,O0111170,C105305,2025-01-24,2006.93,Defective Product
R009382,O0111183,C105307,2024-06-08,3441.25,Size Issue
R009383,O0111210,C105308,2025-11-14,5715.87,Late Delivery
R009384,O0111257,C105309,2026-07-12,44741.33,Defective Product
R009385,O0111299,C105310,2025-07-06,30989.47,Size Issue
R009386,O0111306,C105310,2025-09-29,521.67,Not as Described
R009387,O0111309,C105310,2025-10-15,4632.04,Better Price Found
R009388,O0111333,C105310,2026-03-08,19396.35,Better Price Found
R009389,O0111369,C105313,2025-09-02,864.42,Better Price Found
R009390,O0111373,C105313,2025-10-20,2213.56,Better Price Found
R009391,O0111386,C105313,2026-04-05,2995.38,Better Price Found
R009392,O0111409,C105315,2025-04-30,6042.76,Changed Mind
R009393,O0111415,C105316,2025-05-10,155.24,Size Issue
R009394,O0111432,C105318,2023-12-06,530.56,Size Issue
R009395,O0111442,C105319,2024-02-28,1264.54,Size Issue
R009396,O0111450,C105320,2024-08-30,8200.36,Better Price Found
R009397,O0111468,C105320,2024-12-10,807.89,Late Delivery
R009398,O0111476,C105320,2025-03-15,1542.81,Late Delivery
R009399,O0111481,C105320,2025-04-18,1297.12,Defective Product
R009400,O0111484,C105320,2025-05-18,6082.35,Not as Described
R009401,O0111487,C105320,2025-06-06,545.34,Not as Described
R009402,O0111489,C105320,2025-07-04,12492.9,Better Price Found
R009403,O0111494,C105320,2025-08-24,1808.53,Late Delivery
R009404,O0111501,C105320,2025-10-19,10397.64,Better Price Found
R009405,O0111514,C105320,2025-12-17,55800.9,Defective Product
R009406,O0111551,C105320,2026-07-29,13853.12,Not as Described
R009407,O0111568,C105321,2024-03-12,11139.8,Size Issue
R009408,O0111576,C105321,2025-02-08,2958.42,Changed Mind
R009409,O0111578,C105321,2025-02-22,33732.39,Not as Described
R009410,O0111588,C105323,2024-04-06,39005.09,Late Delivery
R009411,O0111596,C105323,2026-01-10,3638.97,Defective Product
R009412,O0111600,C105325,2026-01-26,2033.11,Better Price Found
R009413,O0111643,C105326,2025-07-07,1489.42,Defective Product
R009414,O0111655,C105326,2025-12-12,12851.95,Not as Described
R009415,O0111656,C105326,2025-12-25,3707.09,Size Issue
R009416,O0111712,C105331,2025-12-16,69273.65,Late Delivery
R009417,O0111724,C105332,2024-07-02,33903.24,Changed Mind
R009418,O0111730,C105332,2025-07-07,3231.0,Size Issue
R009419,O0111739,C105334,2024-05-25,2178.52,Defective Product
R009420,O0111740,C105334,2024-06-04,1107.38,Better Price Found
R009421,O0111774,C105334,2025-07-05,1389.21,Not as Described
R009422,O0111779,C105334,2025-10-03,4271.21,Late Delivery
R009423,O0111797,C105335,2024-04-07,2001.08,Size Issue
R009424,O0111817,C105335,2026-02-06,4964.56,Late Delivery
R009425,O0111863,C105337,2024-12-25,6355.79,Not as Described
R009426,O0111865,C105337,2025-02-03,34005.58,Size Issue
R009427,O0111879,C105337,2025-08-01,597.59,Not as Described
R009428,O0111884,C105337,2025-10-24,4112.32,Defective Product
R009429,O0111899,C105337,2026-06-23,9191.19,Late Delivery
R009430,O0111911,C105338,2024-08-31,6365.51,Not as Described
R009431,O0111926,C105338,2026-08-06,12878.31,Late Delivery
R009432,O0111927,C105339,2026-07-06,68575.66,Late Delivery
R009433,O0111951,C105341,2026-02-04,22195.83,Defective Product
R009434,O0111998,C105345,2024-06-17,22859.11,Defective Product
R009435,O0112038,C105345,2025-06-30,4251.51,Late Delivery
R009436,O0112049,C105345,2025-09-23,2206.84,Size Issue
R009437,O0112052,C105345,2025-09-30,7549.74,Not as Described
R009438,O0112057,C105345,2025-10-28,11546.83,Not as Described
R009439,O0112060,C105345,2025-11-26,1953.3,Size Issue
R009440,O0112065,C105345,2025-12-09,18249.27,Not as Described
R009441,O0112088,C105346,2024-03-29,8178.8,Better Price Found
R009442,O0112095,C105348,2025-06-25,1950.93,Not as Described
R009443,O0112102,C105351,2024-06-03,15745.4,Defective Product
R009444,O0112103,C105351,2024-06-09,11142.88,Late Delivery
R009445,O0112118,C105353,2026-06-28,14095.04,Changed Mind
R009446,O0112134,C105356,2024-09-21,307.12,Not as Described
R009447,O0112157,C105357,2025-02-23,6035.65,Not as Described
R009448,O0112168,C105358,2024-07-11,1883.63,Defective Product
R009449,O0112169,C105358,2024-07-29,1889.63,Late Delivery
R009450,O0112174,C105358,2024-12-12,8841.38,Better Price Found
R009451,O0112181,C105358,2025-06-22,6362.54,Late Delivery
R009452,O0112197,C105360,2023-10-11,3230.56,Better Price Found
R009453,O0112218,C105360,2024-06-29,3289.63,Better Price Found
R009454,O0112226,C105360,2025-04-28,2007.6,Not as Described
R009455,O0112238,C105362,2025-08-05,22335.27,Changed Mind
R009456,O0112240,C105364,2024-06-03,1909.64,Size Issue
R009457,O0112247,C105364,2025-01-14,693.34,Changed Mind
R009458,O0112254,C105364,2025-04-15,1188.42,Late Delivery
R009459,O0112258,C105364,2025-05-30,688.56,Size Issue
R009460,O0112263,C105364,2025-07-27,9679.39,Late Delivery
R009461,O0112269,C105364,2025-09-09,3746.58,Not as Described
R009462,O0112280,C105364,2025-12-18,7910.87,Not as Described
R009463,O0112285,C105364,2026-01-17,5101.32,Late Delivery
R009464,O0112291,C105364,2026-04-11,3158.87,Better Price Found
R009465,O0112332,C105365,2026-04-29,3542.67,Defective Product
R009466,O0112335,C105365,2026-06-05,2981.71,Not as Described
R009467,O0112345,C105366,2025-08-27,2303.63,Changed Mind
R009468,O0112350,C105366,2025-12-15,13248.66,Size Issue
R009469,O0112354,C105366,2026-03-24,313.25,Defective Product
R009470,O0112355,C105366,2026-04-26,661.63,Defective Product
R009471,O0112366,C105370,2023-11-01,4663.49,Defective Product
R009472,O0112390,C105372,2025-09-29,122361.26,Size Issue
R009473,O0112398,C105373,2023-06-12,26413.74,Size Issue
R009474,O0112410,C105373,2023-12-18,4720.12,Late Delivery
R009475,O0112430,C105373,2024-10-28,28987.38,Size Issue
R009476,O0112436,C105373,2025-02-01,18409.45,Changed Mind
R009477,O0112452,C105373,2025-10-19,2355.96,Size Issue
R009478,O0112461,C105373,2026-01-03,1308.35,Not as Described
R009479,O0112464,C105373,2026-01-29,10763.23,Late Delivery
R009480,O0112466,C105373,2026-02-09,11005.08,Changed Mind
R009481,O0112467,C105373,2026-02-16,17511.51,Defective Product
R009482,O0112486,C105374,2026-01-11,1431.89,Better Price Found
R009483,O0112506,C105376,2023-03-28,24915.36,Better Price Found
R009484,O0112510,C105376,2023-04-27,926.52,Not as Described
R009485,O0112517,C105376,2026-06-24,1303.99,Not as Described
R009486,O0112518,C105377,2025-11-09,2875.73,Changed Mind
R009487,O0112568,C105381,2025-03-20,2629.29,Defective Product
R009488,O0112570,C105381,2025-04-26,14643.87,Size Issue
R009489,O0112590,C105381,2026-08-02,76535.66,Defective Product
R009490,O0112597,C105383,2025-05-04,10076.04,Defective Product
R009491,O0112621,C105387,2024-02-12,17019.08,Better Price Found
R009492,O0112634,C105388,2024-12-30,5151.7,Size Issue
R009493,O0112647,C105388,2026-01-01,399.49,Changed Mind
R009494,O0112669,C105390,2025-01-31,3111.11,Size Issue
R009495,O0112672,C105390,2025-12-27,1135.07,Not as Described
R009496,O0112683,C105391,2025-12-11,22241.23,Size Issue
R009497,O0112700,C105392,2026-05-23,4215.14,Better Price Found
R009498,O0112713,C105393,2024-08-19,550.5,Defective Product
R009499,O0112721,C105393,2024-10-29,517.82,Size Issue
R009500,O0112731,C105393,2025-02-04,13401.81,Defective Product
R009501,O0112732,C105393,2025-03-05,12299.55,Late Delivery
R009502,O0112755,C105393,2025-09-20,22998.06,Not as Described
R009503,O0112763,C105393,2025-11-06,2414.65,Size Issue
R009504,O0112774,C105393,2026-01-09,12116.68,Defective Product
R009505,O0112805,C105393,2026-07-18,1973.33,Not as Described
R009506,O0112812,C105394,2023-08-19,10825.51,Changed Mind
R009507,O0112815,C105394,2023-11-05,2289.71,Not as Described
R009508,O0112816,C105394,2023-10-30,783.35,Defective Product
R009509,O0112833,C105394,2025-12-06,1202.54,Defective Product
R009510,O0112844,C105398,2024-04-20,276.8,Not as Described
R009511,O0112848,C105398,2024-11-12,4438.92,Changed Mind
R009512,O0112851,C105398,2025-12-27,12253.48,Changed Mind
R009513,O0112859,C105399,2025-07-04,9801.96,Late Delivery
R009514,O0112864,C105400,2024-04-14,4080.61,Not as Described
R009515,O0112877,C105402,2026-04-24,4631.63,Size Issue
R009516,O0112898,C105405,2024-04-07,8672.47,Late Delivery
R009517,O0112907,C105405,2024-10-31,6185.82,Defective Product
R009518,O0112909,C105405,2024-12-07,1739.15,Changed Mind
R009519,O0112910,C105405,2024-12-08,568.73,Better Price Found
R009520,O0112914,C105405,2025-03-03,30278.44,Defective Product
R009521,O0112924,C105405,2025-06-17,10937.81,Better Price Found
R009522,O0112931,C105405,2025-10-20,1757.56,Size Issue
R009523,O0112946,C105405,2026-02-18,18422.62,Size Issue
R009524,O0112948,C105405,2026-04-02,6583.17,Late Delivery
R009525,O0112960,C105405,2026-07-10,9463.28,Late Delivery
R009526,O0112980,C105408,2024-01-01,42844.45,Not as Described
R009527,O0112993,C105408,2025-02-06,1061.29,Late Delivery
R009528,O0112997,C105408,2025-07-09,6313.52,Defective Product
R009529,O0112998,C105408,2025-07-02,1687.28,Changed Mind
R009530,O0113003,C105408,2025-10-25,6829.36,Not as Described
R009531,O0113105,C105418,2023-08-31,3529.94,Size Issue
R009532,O0113117,C105419,2026-05-23,1574.49,Defective Product
R009533,O0113123,C105419,2026-08-01,1317.37,Defective Product
R009534,O0113133,C105420,2023-08-31,63949.09,Defective Product
R009535,O0113139,C105420,2023-11-20,11124.9,Size Issue
R009536,O0113145,C105420,2024-07-20,1882.27,Defective Product
R009537,O0113156,C105422,2025-05-19,196.47,Defective Product
R009538,O0113176,C105423,2025-02-21,36688.92,Size Issue
R009539,O0113208,C105423,2026-01-01,12281.5,Not as Described
R009540,O0113223,C105423,2026-07-25,1422.47,Defective Product
R009541,O0113227,C105424,2023-02-11,4735.23,Not as Described
R009542,O0113232,C105424,2023-05-29,36552.03,Size Issue
R009543,O0113237,C105424,2023-10-04,5597.36,Size Issue
R009544,O0113246,C105425,2025-08-19,17511.79,Better Price Found
R009545,O0113252,C105426,2023-06-10,1809.24,Size Issue
R009546,O0113258,C105426,2023-12-07,1169.03,Late Delivery
R009547,O0113269,C105426,2024-06-09,760.41,Late Delivery
R009548,O0113291,C105426,2025-01-02,205.41,Not as Described
R009549,O0113293,C105426,2025-01-12,5676.0,Changed Mind
R009550,O0113311,C105426,2025-06-27,1049.56,Not as Described
R009551,O0113321,C105426,2025-09-10,1140.44,Defective Product
R009552,O0113325,C105426,2025-09-20,653.19,Late Delivery
R009553,O0113333,C105426,2025-12-10,21963.23,Better Price Found
R009554,O0113336,C105426,2025-12-30,1464.64,Not as Described
R009555,O0113337,C105426,2026-01-10,2630.68,Not as Described
R009556,O0113343,C105426,2026-04-30,5980.93,Defective Product
R009557,O0113345,C105426,2026-05-16,52749.01,Changed Mind
R009558,O0113348,C105426,2026-06-02,19447.48,Defective Product
R009559,O0113362,C105427,2025-08-22,2205.53,Late Delivery
R009560,O0113366,C105427,2025-10-06,37170.64,Not as Described
R009561,O0113422,C105431,2024-08-10,4182.15,Late Delivery
R009562,O0113452,C105432,2026-06-19,1285.75,Defective Product
R009563,O0113456,C105433,2025-01-25,9093.4,Defective Product
R009564,O0113461,C105434,2024-03-03,5287.76,Size Issue
R009565,O0113472,C105435,2025-07-07,2807.55,Changed Mind
R009566,O0113495,C105435,2026-03-03,2452.57,Not as Described
R009567,O0113523,C105436,2024-05-16,2487.52,Better Price Found
R009568,O0113526,C105436,2024-06-01,19574.19,Not as Described
R009569,O0113531,C105436,2024-07-29,42488.45,Defective Product
R009570,O0113541,C105436,2024-09-19,727.22,Late Delivery
R009571,O0113543,C105436,2024-09-25,5551.67,Changed Mind
R009572,O0113555,C105436,2025-01-22,2709.52,Size Issue
R009573,O0113567,C105436,2025-04-27,10717.28,Changed Mind
R009574,O0113568,C105436,2025-05-31,1574.47,Not as Described
R009575,O0113575,C105436,2025-08-25,17525.38,Changed Mind
R009576,O0113580,C105436,2025-11-21,698.35,Not as Described
R009577,O0113584,C105436,2026-01-25,902.74,Not as Described
R009578,O0113603,C105437,2025-10-12,3094.9,Size Issue
R009579,O0113605,C105437,2025-12-10,3984.83,Changed Mind
R009580,O0113619,C105437,2026-07-05,2195.93,Defective Product
R009581,O0113627,C105438,2026-03-19,1166.09,Size Issue
R009582,O0113628,C105438,2026-03-31,9747.86,Not as Described
R009583,O0113642,C105439,2026-03-13,2789.32,Not as Described
R009584,O0113671,C105441,2025-02-05,7860.05,Not as Described
R009585,O0113676,C105443,2023-11-03,17080.16,Late Delivery
R009586,O0113682,C105444,2024-10-05,41540.78,Defective Product
R009587,O0113684,C105444,2024-12-06,951.81,Changed Mind
R009588,O0113685,C105444,2025-01-04,2572.99,Late Delivery
R009589,O0113688,C105444,2025-02-27,53118.02,Not as Described
R009590,O0113689,C105444,2025-03-23,6861.27,Not as Described
R009591,O0113720,C105447,2025-03-05,29318.26,Defective Product
R009592,O0113721,C105447,2025-06-08,11305.15,Changed Mind
R009593,O0113740,C105449,2026-04-28,1636.25,Late Delivery
R009594,O0113792,C105452,2023-09-17,13980.17,Not as Described
R009595,O0113798,C105452,2023-12-24,2444.44,Not as Described
R009596,O0113812,C105453,2026-04-27,6498.8,Size Issue
R009597,O0113839,C105456,2024-05-29,3151.86,Better Price Found
R009598,O0113851,C105456,2024-11-14,35644.4,Size Issue
R009599,O0113853,C105456,2024-11-30,1091.53,Changed Mind
R009600,O0113860,C105456,2025-01-06,3202.97,Size Issue
R009601,O0113874,C105456,2025-05-06,6145.12,Better Price Found
R009602,O0113879,C105456,2025-06-30,16639.15,Late Delivery
R009603,O0113929,C105459,2024-09-02,5791.97,Size Issue
R009604,O0113933,C105459,2024-11-29,1438.85,Size Issue
R009605,O0114026,C105462,2025-04-22,19071.08,Better Price Found
R009606,O0114031,C105462,2025-06-18,2452.3,Size Issue
R009607,O0114063,C105465,2024-12-02,6739.75,Better Price Found
R009608,O0114091,C105465,2025-09-14,16786.09,Better Price Found
R009609,O0114122,C105465,2026-02-19,37661.2,Changed Mind
R009610,O0114128,C105465,2026-04-07,40614.36,Size Issue
R009611,O0114150,C105467,2024-08-27,1956.74,Size Issue
R009612,O0114153,C105467,2025-07-07,29528.28,Size Issue
R009613,O0114187,C105472,2023-11-05,5794.81,Better Price Found
R009614,O0114206,C105472,2024-02-14,2066.3,Size Issue
R009615,O0114207,C105472,2024-02-28,2780.02,Defective Product
R009616,O0114217,C105472,2024-05-01,5718.3,Late Delivery
R009617,O0114218,C105472,2024-05-12,1123.41,Not as Described
R009618,O0114235,C105472,2024-09-25,36604.32,Size Issue
R009619,O0114236,C105472,2024-10-03,47895.57,Better Price Found
R009620,O0114238,C105472,2024-10-26,1156.39,Not as Described
R009621,O0114268,C105472,2025-07-25,59259.22,Changed Mind
R009622,O0114274,C105472,2025-10-26,2879.15,Better Price Found
R009623,O0114275,C105472,2025-11-19,1990.66,Not as Described
R009624,O0114283,C105472,2026-01-10,33782.67,Late Delivery
R009625,O0114286,C105472,2026-02-07,6697.77,Late Delivery
R009626,O0114289,C105472,2026-03-31,2617.5,Not as Described
R009627,O0114295,C105472,2026-05-21,2996.51,Better Price Found
R009628,O0114306,C105472,2026-08-09,4483.61,Not as Described
R009629,O0114310,C105473,2023-10-27,115573.1,Late Delivery
R009630,O0114358,C105476,2025-12-19,5622.16,Size Issue
R009631,O0114379,C105478,2024-08-21,1267.57,Size Issue
R009632,O0114382,C105478,2024-09-03,1298.58,Not as Described
R009633,O0114386,C105478,2024-10-05,45610.66,Size Issue
R009634,O0114405,C105478,2025-09-27,13063.9,Not as Described
R009635,O0114409,C105478,2025-11-19,5921.17,Late Delivery
R009636,O0114419,C105478,2026-01-14,11974.69,Not as Described
R009637,O0114437,C105479,2025-04-26,68780.83,Not as Described
R009638,O0114476,C105481,2025-12-19,856.05,Late Delivery
R009639,O0114495,C105481,2026-05-15,6909.41,Better Price Found
R009640,O0114533,C105484,2025-11-21,777.23,Not as Described
R009641,O0114542,C105485,2025-05-04,6383.07,Not as Described
R009642,O0114556,C105485,2025-11-18,3420.13,Not as Described
R009643,O0114574,C105485,2026-06-17,1065.46,Changed Mind
R009644,O0114580,C105486,2026-03-05,7114.77,Not as Described
R009645,O0114601,C105487,2024-10-28,414.87,Late Delivery
R009646,O0114602,C105487,2025-02-09,18790.67,Better Price Found
R009647,O0114603,C105487,2025-02-23,43612.58,Defective Product
R009648,O0114616,C105488,2024-05-25,18481.18,Not as Described
R009649,O0114617,C105488,2024-08-04,2921.88,Defective Product
R009650,O0114621,C105488,2025-02-16,11965.5,Size Issue
R009651,O0114630,C105488,2026-06-08,1271.58,Better Price Found
R009652,O0114631,C105490,2024-01-12,11178.28,Size Issue
R009653,O0114667,C105492,2025-07-18,10759.9,Late Delivery
R009654,O0114678,C105494,2024-06-05,1304.76,Better Price Found
R009655,O0114703,C105494,2026-01-01,669.27,Size Issue
R009656,O0114721,C105494,2026-06-16,19898.1,Changed Mind
R009657,O0114732,C105496,2025-02-20,10794.92,Better Price Found
R009658,O0114779,C105497,2026-03-04,54419.03,Not as Described
R009659,O0114796,C105498,2023-07-08,19128.46,Size Issue
R009660,O0114811,C105499,2025-09-06,8853.98,Defective Product
R009661,O0114817,C105499,2026-06-26,1799.93,Better Price Found
R009662,O0114824,C105500,2025-07-27,1539.4,Late Delivery
R009663,O0114831,C105501,2025-06-03,3520.21,Late Delivery
R009664,O0114834,C105501,2025-06-28,343.08,Size Issue
R009665,O0114838,C105501,2025-07-19,1086.6,Late Delivery
R009666,O0114840,C105501,2025-08-01,7580.68,Defective Product
R009667,O0114850,C105501,2025-10-22,33798.45,Better Price Found
R009668,O0114854,C105501,2025-11-29,6846.41,Not as Described
R009669,O0114859,C105501,2025-12-26,473.72,Late Delivery
R009670,O0114867,C105501,2026-02-26,23420.54,Defective Product
R009671,O0114868,C105501,2026-03-07,1792.01,Not as Described
R009672,O0114870,C105501,2026-04-06,26840.21,Not as Described
R009673,O0114875,C105501,2026-05-04,1683.0,Defective Product
R009674,O0114884,C105501,2026-06-14,1095.65,Changed Mind
R009675,O0114885,C105501,2026-07-07,1962.31,Defective Product
R009676,O0114886,C105501,2026-07-07,1452.92,Size Issue
R009677,O0114888,C105501,2026-07-15,5059.93,Better Price Found
R009678,O0114897,C105502,2023-11-09,18409.85,Late Delivery
R009679,O0114953,C105502,2025-03-08,587.63,Changed Mind
R009680,O0114959,C105502,2025-04-12,1682.66,Better Price Found
R009681,O0114985,C105502,2025-12-26,1561.78,Better Price Found
R009682,O0115011,C105503,2024-01-15,1727.61,Changed Mind
R009683,O0115036,C105505,2025-06-10,364.32,Not as Described
R009684,O0115037,C105505,2025-06-07,4607.62,Size Issue
R009685,O0115040,C105505,2025-08-14,4425.56,Defective Product
R009686,O0115078,C105507,2025-01-26,2569.65,Not as Described
R009687,O0115091,C105507,2025-04-20,21654.52,Better Price Found
R009688,O0115098,C105507,2025-07-16,13583.66,Not as Described
R009689,O0115145,C105507,2026-07-23,24080.32,Not as Described
R009690,O0115156,C105509,2024-09-05,1816.09,Better Price Found
R009691,O0115164,C105509,2025-09-30,1602.49,Not as Described
R009692,O0115168,C105509,2025-11-26,5236.82,Not as Described
R009693,O0115179,C105510,2025-05-20,2527.48,Defective Product
R009694,O0115181,C105510,2026-02-02,23263.25,Defective Product
R009695,O0115186,C105511,2024-01-17,19866.6,Changed Mind
R009696,O0115214,C105511,2025-05-18,1400.09,Late Delivery
R009697,O0115215,C105511,2025-06-30,19506.37,Late Delivery
R009698,O0115217,C105511,2025-07-05,9568.83,Changed Mind
R009699,O0115220,C105511,2025-09-12,3023.92,Late Delivery
R009700,O0115224,C105511,2025-10-05,6291.7,Late Delivery
R009701,O0115225,C105511,2025-10-26,27109.34,Changed Mind
R009702,O0115227,C105511,2025-11-23,726.05,Defective Product
R009703,O0115245,C105511,2026-07-24,5359.34,Size Issue
R009704,O0115250,C105513,2024-05-27,9999.54,Better Price Found
R009705,O0115251,C105513,2024-06-12,4172.37,Late Delivery
R009706,O0115257,C105513,2025-01-28,5684.54,Size Issue
R009707,O0115273,C105513,2026-07-29,38013.19,Size Issue
R009708,O0115280,C105514,2026-02-15,8517.22,Not as Described
R009709,O0115281,C105514,2026-02-20,2236.0,Changed Mind
R009710,O0115297,C105515,2024-03-18,696.36,Late Delivery
R009711,O0115310,C105515,2025-01-01,3098.85,Size Issue
R009712,O0115311,C105515,2025-01-13,9787.84,Not as Described
R009713,O0115320,C105516,2025-11-29,12573.5,Late Delivery
R009714,O0115338,C105517,2025-01-03,47444.42,Changed Mind
R009715,O0115339,C105517,2025-01-03,11435.91,Size Issue
R009716,O0115343,C105517,2025-02-10,4207.78,Defective Product
R009717,O0115360,C105517,2025-07-11,1535.67,Better Price Found
R009718,O0115362,C105517,2025-08-18,4462.36,Changed Mind
R009719,O0115366,C105517,2025-10-18,580.93,Changed Mind
R009720,O0115377,C105517,2026-05-03,7377.09,Changed Mind
R009721,O0115384,C105518,2023-06-26,2095.67,Better Price Found
R009722,O0115404,C105520,2025-07-27,526.84,Size Issue
R009723,O0115406,C105520,2025-09-24,2892.25,Size Issue
R009724,O0115414,C105521,2023-10-04,7150.82,Better Price Found
R009725,O0115421,C105521,2023-12-10,2770.51,Late Delivery
R009726,O0115422,C105521,2023-12-21,6400.05,Size Issue
R009727,O0115429,C105521,2023-12-25,94701.01,Late Delivery
R009728,O0115432,C105521,2024-01-25,6109.45,Not as Described
R009729,O0115434,C105521,2024-02-26,7289.32,Defective Product
R009730,O0115441,C105521,2024-04-09,20756.35,Changed Mind
R009731,O0115446,C105521,2024-05-16,1436.14,Better Price Found
R009732,O0115449,C105521,2024-05-27,9160.65,Not as Described
R009733,O0115460,C105521,2024-10-08,35316.38,Late Delivery
R009734,O0115465,C105521,2024-11-16,2667.24,Late Delivery
R009735,O0115478,C105521,2025-03-14,3892.89,Changed Mind
R009736,O0115483,C105521,2025-04-12,5684.56,Not as Described
R009737,O0115488,C105521,2025-05-20,13695.57,Changed Mind
R009738,O0115506,C105521,2025-11-03,71609.58,Not as Described
R009739,O0115521,C105521,2026-03-06,1042.38,Late Delivery
R009740,O0115530,C105521,2026-05-12,3743.05,Not as Described
R009741,O0115549,C105522,2025-06-23,2752.87,Better Price Found
R009742,O0115552,C105522,2025-12-12,33908.86,Defective Product
R009743,O0115559,C105523,2024-12-08,54085.81,Not as Described
R009744,O0115564,C105523,2025-02-19,1161.38,Changed Mind
R009745,O0115567,C105523,2025-03-11,10112.56,Size Issue
R009746,O0115583,C105523,2025-11-11,6885.55,Late Delivery
R009747,O0115588,C105523,2025-12-03,4417.4,Late Delivery
R009748,O0115615,C105524,2025-06-21,3752.85,Better Price Found
R009749,O0115622,C105525,2025-01-26,3867.03,Not as Described
R009750,O0115647,C105528,2025-11-05,7446.61,Late Delivery
R009751,O0115649,C105528,2025-11-14,1779.57,Not as Described
R009752,O0115652,C105528,2025-11-21,1468.39,Better Price Found
R009753,O0115657,C105528,2026-01-07,22857.03,Better Price Found
R009754,O0115664,C105528,2026-03-13,11516.2,Not as Described
R009755,O0115668,C105528,2026-05-05,2991.89,Defective Product
R009756,O0115671,C105528,2026-07-14,22344.98,Better Price Found
R009757,O0115678,C105530,2024-02-08,11121.85,Not as Described
R009758,O0115684,C105531,2025-03-17,1422.47,Size Issue
R009759,O0115689,C105531,2026-04-23,39315.99,Size Issue
R009760,O0115699,C105532,2024-01-22,2846.27,Defective Product
R009761,O0115704,C105532,2024-04-11,384.98,Changed Mind
R009762,O0115718,C105534,2025-03-30,1456.79,Changed Mind
R009763,O0115727,C105534,2025-08-12,5214.81,Better Price Found
R009764,O0115730,C105534,2025-09-19,2170.54,Better Price Found
R009765,O0115734,C105534,2025-11-08,1620.74,Late Delivery
R009766,O0115744,C105534,2026-03-23,5048.91,Defective Product
R009767,O0115751,C105534,2026-06-02,11145.23,Defective Product
R009768,O0115762,C105535,2023-07-28,1823.58,Defective Product
R009769,O0115766,C105535,2024-06-25,5388.24,Size Issue
R009770,O0115791,C105536,2026-04-17,3734.98,Defective Product
R009771,O0115803,C105536,2026-07-15,4520.8,Size Issue
R009772,O0115806,C105537,2023-04-30,4452.6,Size Issue
R009773,O0115809,C105537,2023-07-11,4310.07,Defective Product
R009774,O0115810,C105537,2023-07-25,9027.17,Not as Described
R009775,O0115830,C105537,2024-05-25,695.62,Defective Product
R009776,O0115836,C105537,2024-08-11,273.25,Size Issue
R009777,O0115875,C105537,2025-08-15,5078.12,Late Delivery
R009778,O0115889,C105537,2025-11-25,21729.24,Size Issue
R009779,O0115905,C105537,2026-05-20,28011.59,Not as Described
R009780,O0115941,C105539,2026-07-14,860.57,Not as Described
R009781,O0115945,C105540,2025-05-14,50922.35,Size Issue
R009782,O0115948,C105540,2025-07-13,7164.75,Late Delivery
R009783,O0115951,C105540,2026-07-21,5158.33,Not as Described
R009784,O0115967,C105543,2026-03-21,18782.74,Better Price Found
R009785,O0115969,C105543,2026-04-30,49066.68,Better Price Found
R009786,O0115972,C105543,2026-06-12,5283.4,Better Price Found
R009787,O0115975,C105543,2026-07-28,78657.1,Changed Mind
R009788,O0115983,C105546,2023-07-06,1241.21,Late Delivery
R009789,O0115987,C105546,2024-03-19,35457.8,Size Issue
R009790,O0115995,C105546,2025-03-16,3820.54,Defective Product
R009791,O0116000,C105546,2025-12-22,10263.58,Changed Mind
R009792,O0116010,C105548,2023-06-22,4350.17,Late Delivery
R009793,O0116014,C105548,2024-01-01,15844.47,Late Delivery
R009794,O0116034,C105550,2023-02-03,3571.96,Defective Product
R009795,O0116035,C105550,2023-07-24,349.93,Better Price Found
R009796,O0116070,C105552,2025-04-29,1976.15,Better Price Found
R009797,O0116080,C105552,2025-12-29,6710.7,Defective Product
R009798,O0116096,C105554,2025-01-25,44647.5,Defective Product
R009799,O0116107,C105554,2025-10-28,14162.03,Defective Product
R009800,O0116108,C105554,2025-11-04,4887.39,Changed Mind
R009801,O0116109,C105554,2025-11-08,474.87,Defective Product
R009802,O0116119,C105554,2026-03-25,148589.03,Late Delivery
R009803,O0116120,C105554,2026-03-23,39904.32,Better Price Found
R009804,O0116125,C105554,2026-05-12,602.85,Not as Described
R009805,O0116149,C105557,2023-12-04,3970.5,Not as Described
R009806,O0116151,C105557,2024-02-18,8982.91,Changed Mind
R009807,O0116167,C105557,2024-08-03,1698.43,Changed Mind
R009808,O0116168,C105557,2024-08-08,73052.99,Better Price Found
R009809,O0116176,C105557,2024-10-22,5265.7,Size Issue
R009810,O0116178,C105557,2024-10-31,4160.99,Late Delivery
R009811,O0116181,C105557,2024-11-26,1987.85,Not as Described
R009812,O0116199,C105557,2025-06-05,4425.99,Size Issue
R009813,O0116204,C105557,2025-07-04,555.12,Defective Product
R009814,O0116211,C105557,2025-09-04,3426.44,Changed Mind
R009815,O0116218,C105557,2025-11-15,2407.68,Better Price Found
R009816,O0116244,C105557,2026-06-07,17577.74,Not as Described
R009817,O0116285,C105562,2023-05-12,1081.55,Changed Mind
R009818,O0116303,C105562,2025-01-28,14547.51,Late Delivery
R009819,O0116331,C105564,2025-02-06,958.66,Changed Mind
R009820,O0116340,C105564,2026-01-28,2919.41,Defective Product
R009821,O0116355,C105565,2025-12-03,5489.05,Late Delivery
R009822,O0116379,C105566,2023-11-16,8807.21,Changed Mind
R009823,O0116400,C105566,2024-10-10,1365.11,Changed Mind
R009824,O0116401,C105566,2024-10-18,41604.29,Better Price Found
R009825,O0116422,C105566,2025-09-01,2217.95,Changed Mind
R009826,O0116434,C105567,2026-08-06,4670.84,Changed Mind
R009827,O0116446,C105568,2024-07-28,8707.13,Not as Described
R009828,O0116476,C105568,2025-09-21,794.38,Defective Product
R009829,O0116490,C105568,2026-03-03,2623.43,Defective Product
R009830,O0116503,C105568,2026-07-01,9361.96,Not as Described
R009831,O0116504,C105568,2026-07-09,2926.97,Defective Product
R009832,O0116509,C105569,2024-01-03,4893.87,Not as Described
R009833,O0116540,C105570,2025-06-16,2448.14,Not as Described
R009834,O0116543,C105570,2025-08-05,6946.38,Better Price Found
R009835,O0116579,C105570,2026-04-06,3241.22,Changed Mind
R009836,O0116580,C105570,2026-04-20,27392.98,Not as Described
R009837,O0116585,C105570,2026-05-26,12636.01,Not as Described
R009838,O0116594,C105571,2023-11-07,14204.73,Changed Mind
R009839,O0116596,C105571,2025-01-16,14661.14,Better Price Found
R009840,O0116599,C105571,2026-04-14,2864.67,Defective Product
R009841,O0116612,C105572,2024-02-28,121425.64,Defective Product
R009842,O0116631,C105572,2024-11-25,15796.52,Changed Mind
R009843,O0116640,C105572,2025-05-10,919.11,Not as Described
R009844,O0116673,C105572,2026-02-13,9073.06,Size Issue
R009845,O0116677,C105572,2026-03-17,55013.78,Not as Described
R009846,O0116678,C105572,2026-04-07,19819.42,Defective Product
R009847,O0116684,C105572,2026-06-15,2369.46,Size Issue
R009848,O0116709,C105575,2025-06-02,2427.68,Defective Product
R009849,O0116738,C105576,2026-03-05,656.56,Size Issue
R009850,O0116744,C105577,2024-02-21,15038.65,Size Issue
R009851,O0116751,C105579,2023-10-05,5303.29,Late Delivery
R009852,O0116753,C105579,2023-12-01,3251.42,Late Delivery
R009853,O0116763,C105579,2024-03-03,9555.92,Size Issue
R009854,O0116767,C105579,2024-04-04,3553.95,Changed Mind
R009855,O0116804,C105579,2026-02-20,4748.37,Changed Mind
R009856,O0116807,C105579,2026-05-26,1775.39,Late Delivery
R009857,O0116824,C105580,2026-01-12,4324.29,Defective Product
R009858,O0116866,C105583,2024-08-24,15413.21,Changed Mind
R009859,O0116878,C105583,2026-03-21,4481.18,Changed Mind
R009860,O0116895,C105585,2023-11-23,4287.78,Better Price Found
R009861,O0116897,C105585,2023-11-23,295.27,Late Delivery
R009862,O0116898,C105585,2023-11-30,6474.71,Changed Mind
R009863,O0116917,C105585,2024-06-04,5445.1,Not as Described
R009864,O0116921,C105585,2024-06-18,29625.92,Defective Product
R009865,O0116928,C105585,2024-10-29,8802.86,Changed Mind
R009866,O0116939,C105585,2024-12-12,61405.26,Better Price Found
R009867,O0116948,C105585,2025-03-16,1268.27,Size Issue
R009868,O0116957,C105585,2025-04-29,3755.04,Defective Product
R009869,O0116959,C105585,2025-05-14,6047.42,Size Issue
R009870,O0116965,C105585,2025-06-23,6199.79,Defective Product
R009871,O0116967,C105585,2025-07-13,16240.51,Late Delivery
R009872,O0116972,C105585,2025-08-13,2515.85,Better Price Found
R009873,O0116994,C105585,2026-03-16,19604.87,Late Delivery
R009874,O0117003,C105585,2026-07-10,2286.2,Not as Described
R009875,O0117005,C105585,2026-07-28,5424.12,Size Issue
R009876,O0117020,C105588,2024-11-08,5114.12,Late Delivery
R009877,O0117028,C105589,2024-03-09,7432.47,Defective Product
R009878,O0117050,C105589,2025-04-01,296.19,Defective Product
R009879,O0117057,C105589,2025-06-25,23919.83,Size Issue
R009880,O0117092,C105589,2026-06-08,634.4,Late Delivery
R009881,O0117097,C105589,2026-06-19,5240.08,Changed Mind
R009882,O0117121,C105595,2023-12-11,3806.39,Not as Described
R009883,O0117147,C105596,2024-03-03,660.84,Better Price Found
R009884,O0117168,C105598,2023-10-20,3819.15,Size Issue
R009885,O0117170,C105598,2023-11-06,3968.3,Late Delivery
R009886,O0117182,C105598,2024-05-10,15225.77,Changed Mind
R009887,O0117191,C105598,2024-12-12,498.52,Defective Product
R009888,O0117196,C105598,2025-04-19,4377.98,Changed Mind
R009889,O0117198,C105598,2025-05-10,1914.36,Changed Mind
R009890,O0117200,C105598,2025-06-27,3413.67,Not as Described
R009891,O0117210,C105598,2026-01-02,7541.79,Size Issue
R009892,O0117213,C105598,2026-02-03,40461.49,Size Issue
R009893,O0117217,C105598,2026-03-30,7291.42,Better Price Found
R009894,O0117222,C105598,2026-07-03,4139.93,Late Delivery
R009895,O0117227,C105599,2025-04-20,22101.03,Size Issue
R009896,O0117233,C105600,2023-05-18,5882.08,Better Price Found
R009897,O0117284,C105600,2026-04-01,3204.1,Defective Product
R009898,O0117289,C105601,2025-06-23,14467.88,Changed Mind
R009899,O0117308,C105601,2025-11-09,13812.22,Changed Mind
R009900,O0117311,C105601,2025-11-27,5414.22,Late Delivery
R009901,O0117312,C105601,2025-11-28,2538.51,Defective Product
R009902,O0117320,C105601,2026-01-08,1277.71,Defective Product
R009903,O0117332,C105601,2026-03-11,4002.99,Defective Product
R009904,O0117335,C105601,2026-04-27,17795.57,Size Issue
R009905,O0117352,C105602,2024-02-02,2780.16,Size Issue
R009906,O0117356,C105602,2024-07-31,2381.58,Changed Mind
R009907,O0117359,C105602,2025-03-14,3558.14,Changed Mind
R009908,O0117372,C105603,2023-12-24,1302.24,Size Issue
R009909,O0117378,C105603,2026-01-30,207.32,Not as Described
R009910,O0117394,C105604,2023-11-05,3984.13,Size Issue
R009911,O0117400,C105604,2024-03-29,325.61,Late Delivery
R009912,O0117409,C105604,2024-06-26,1350.11,Size Issue
R009913,O0117412,C105604,2024-09-16,3773.08,Changed Mind
R009914,O0117414,C105604,2024-10-18,2440.12,Not as Described
R009915,O0117417,C105604,2024-12-28,867.65,Changed Mind
R009916,O0117421,C105604,2025-01-14,1230.83,Defective Product
R009917,O0117438,C105604,2025-07-28,13309.81,Late Delivery
R009918,O0117453,C105604,2026-02-06,39230.54,Changed Mind
R009919,O0117464,C105604,2026-06-10,30588.01,Not as Described
R009920,O0117571,C105607,2026-01-11,4083.64,Not as Described
R009921,O0117612,C105609,2025-07-09,86896.11,Late Delivery
R009922,O0117627,C105610,2024-02-06,952.91,Size Issue
R009923,O0117628,C105610,2024-02-10,412.16,Better Price Found
R009924,O0117659,C105610,2024-10-12,11372.94,Changed Mind
R009925,O0117669,C105610,2025-01-22,8020.32,Better Price Found
R009926,O0117703,C105610,2025-10-27,751.64,Changed Mind
R009927,O0117719,C105610,2026-02-13,6980.66,Changed Mind
R009928,O0117735,C105610,2026-07-28,3841.11,Late Delivery
R009929,O0117740,C105612,2025-09-02,1678.15,Not as Described
R009930,O0117753,C105612,2026-05-24,34471.83,Size Issue
R009931,O0117754,C105612,2026-05-30,53044.46,Late Delivery
R009932,O0117756,C105612,2026-07-07,374.37,Defective Product
R009933,O0117767,C105614,2024-02-13,2784.96,Late Delivery
R009934,O0117769,C105614,2024-04-15,3123.06,Late Delivery
R009935,O0117774,C105614,2024-06-30,1796.5,Better Price Found
R009936,O0117797,C105614,2026-03-13,6887.48,Not as Described
R009937,O0117798,C105614,2026-04-15,35861.08,Not as Described
R009938,O0117804,C105615,2025-12-13,1065.71,Changed Mind
R009939,O0117810,C105615,2026-07-05,15996.99,Better Price Found
R009940,O0117821,C105616,2026-02-09,1463.78,Size Issue
R009941,O0117829,C105618,2024-11-27,2711.98,Not as Described
R009942,O0117839,C105618,2025-03-04,634.58,Defective Product
R009943,O0117849,C105618,2025-08-17,1980.38,Better Price Found
R009944,O0117854,C105618,2025-09-30,1495.07,Size Issue
R009945,O0117860,C105618,2025-12-30,864.21,Better Price Found
R009946,O0117867,C105618,2026-03-02,177.16,Defective Product
R009947,O0117873,C105618,2026-04-03,7740.18,Better Price Found
R009948,O0117893,C105618,2026-07-18,19803.62,Changed Mind
R009949,O0117903,C105620,2024-05-05,2345.5,Defective Product
R009950,O0117906,C105620,2024-09-19,6753.82,Not as Described
R009951,O0117925,C105621,2024-02-25,3644.12,Not as Described
R009952,O0117932,C105621,2024-04-10,18135.65,Not as Described
R009953,O0117945,C105621,2024-07-23,16937.11,Better Price Found
R009954,O0117958,C105621,2024-11-13,1677.43,Not as Described
R009955,O0117961,C105621,2024-11-19,3794.09,Size Issue
R009956,O0117974,C105621,2025-03-08,2529.64,Better Price Found
R009957,O0117984,C105621,2025-04-29,3694.29,Late Delivery
R009958,O0118008,C105621,2025-11-17,5878.22,Changed Mind
R009959,O0118011,C105621,2025-12-25,29216.98,Size Issue
R009960,O0118018,C105621,2026-02-18,619.13,Late Delivery
R009961,O0118019,C105621,2026-03-10,3823.24,Better Price Found
R009962,O0118024,C105621,2026-03-24,724.56,Defective Product
R009963,O0118031,C105621,2026-05-10,3315.8,Changed Mind
R009964,O0118034,C105621,2026-06-06,24103.04,Late Delivery
R009965,O0118040,C105621,2026-07-10,4378.29,Late Delivery
R009966,O0118044,C105622,2024-09-06,1086.02,Defective Product
R009967,O0118068,C105624,2026-06-25,6113.74,Defective Product
R009968,O0118069,C105624,2026-06-28,9121.55,Late Delivery
R009969,O0118080,C105625,2024-09-26,5840.07,Changed Mind
R009970,O0118084,C105625,2024-10-20,96515.28,Late Delivery
R009971,O0118123,C105628,2023-03-06,23300.03,Late Delivery
R009972,O0118127,C105628,2023-05-16,2137.78,Better Price Found
R009973,O0118161,C105628,2026-08-08,2373.87,Not as Described
R009974,O0118162,C105629,2025-02-25,812.79,Not as Described
R009975,O0118177,C105633,2024-01-14,5708.62,Defective Product
R009976,O0118181,C105633,2024-02-15,621.17,Not as Described
R009977,O0118186,C105633,2024-08-10,3062.85,Defective Product
R009978,O0118190,C105633,2024-11-23,19567.86,Better Price Found
R009979,O0118191,C105633,2024-12-13,2937.44,Not as Described
R009980,O0118199,C105633,2026-01-07,1068.5,Changed Mind
R009981,O0118204,C105634,2026-01-17,4770.36,Late Delivery
R009982,O0118209,C105634,2026-04-23,138.56,Late Delivery
R009983,O0118232,C105637,2024-06-08,1865.03,Not as Described
R009984,O0118315,C105639,2025-05-02,10387.24,Size Issue
R009985,O0118335,C105639,2025-12-05,756.4,Size Issue
R009986,O0118342,C105639,2026-02-28,3604.54,Not as Described
R009987,O0118366,C105643,2025-12-16,32339.07,Size Issue
R009988,O0118368,C105643,2026-02-10,1601.43,Late Delivery
R009989,O0118380,C105643,2026-05-01,282.07,Defective Product
R009990,O0118386,C105643,2026-06-27,2411.88,Changed Mind
R009991,O0118401,C105644,2025-08-30,66791.12,Changed Mind
R009992,O0118409,C105646,2025-04-01,2895.0,Better Price Found
R009993,O0118414,C105647,2023-08-20,1288.07,Better Price Found
R009994,O0118433,C105648,2025-09-22,12407.33,Defective Product
R009995,O0118434,C105648,2025-09-25,2583.98,Not as Described
R009996,O0118448,C105649,2024-04-29,289.76,Not as Described
R009997,O0118449,C105649,2024-07-12,369.57,Late Delivery
R009998,O0118461,C105649,2024-12-08,68574.28,Better Price Found
R009999,O0118487,C105649,2025-11-07,12356.0,Defective Product
R010000,O0118496,C105649,2026-02-05,26405.93,Late Delivery
R010001,O0118498,C105649,2026-02-24,3015.35,Defective Product
R010002,O0118525,C105650,2025-10-29,107.7,Not as Described
R010003,O0118559,C105651,2025-04-14,5602.8,Defective Product
R010004,O0118561,C105651,2025-04-27,2392.49,Late Delivery
R010005,O0118564,C105651,2025-05-13,10457.0,Not as Described
R010006,O0118572,C105651,2025-07-03,6552.17,Size Issue
R010007,O0118579,C105651,2025-10-09,9720.81,Changed Mind
R010008,O0118619,C105651,2026-07-23,5654.7,Better Price Found
R010009,O0118655,C105653,2023-10-04,11678.07,Not as Described
R010010,O0118676,C105653,2024-06-03,636.7,Late Delivery
R010011,O0118687,C105653,2024-08-22,9146.2,Defective Product
R010012,O0118697,C105653,2024-12-22,557.17,Not as Described
R010013,O0118710,C105653,2025-04-14,1681.93,Size Issue
R010014,O0118712,C105653,2025-04-19,38225.61,Late Delivery
R010015,O0118748,C105653,2026-03-08,4092.19,Changed Mind
R010016,O0118780,C105654,2024-03-29,902.11,Size Issue
R010017,O0118788,C105654,2024-05-19,1390.94,Better Price Found
R010018,O0118806,C105654,2024-10-01,7623.69,Not as Described
R010019,O0118807,C105654,2024-10-28,3560.66,Late Delivery
R010020,O0118851,C105654,2026-01-04,3430.97,Late Delivery
R010021,O0118878,C105656,2025-02-23,1213.45,Size Issue
R010022,O0118882,C105656,2025-04-19,1396.46,Changed Mind
R010023,O0118929,C105661,2024-08-21,11024.01,Better Price Found
R010024,O0118941,C105661,2025-02-18,7073.52,Late Delivery
R010025,O0118947,C105661,2026-01-14,10522.15,Defective Product
R010026,O0118951,C105661,2026-05-20,4305.28,Late Delivery
R010027,O0118974,C105662,2025-01-22,26959.64,Not as Described
R010028,O0118980,C105662,2025-04-04,2500.91,Late Delivery
R010029,O0119016,C105664,2025-04-02,1620.82,Defective Product
R010030,O0119018,C105664,2025-05-26,6239.54,Changed Mind
R010031,O0119031,C105665,2023-05-29,4506.19,Not as Described
R010032,O0119047,C105666,2025-07-07,66175.88,Not as Described
R010033,O0119049,C105666,2025-08-03,489.06,Not as Described
R010034,O0119053,C105666,2025-09-25,4214.43,Late Delivery
R010035,O0119054,C105666,2025-09-26,5112.24,Not as Described
R010036,O0119068,C105667,2023-10-23,22791.22,Changed Mind
R010037,O0119070,C105667,2023-11-21,5650.03,Better Price Found
R010038,O0119071,C105667,2023-12-05,745.53,Late Delivery
R010039,O0119099,C105667,2024-09-27,30201.0,Size Issue
R010040,O0119111,C105667,2025-01-30,1215.16,Changed Mind
R010041,O0119123,C105667,2025-09-08,12637.36,Not as Described
R010042,O0119128,C105667,2025-10-18,5850.27,Better Price Found
R010043,O0119154,C105668,2025-08-11,1618.35,Better Price Found
R010044,O0119156,C105669,2026-06-17,38532.33,Better Price Found
R010045,O0119158,C105669,2026-06-18,23463.71,Size Issue
R010046,O0119167,C105670,2025-02-23,2563.77,Changed Mind
R010047,O0119174,C105670,2025-03-21,4928.42,Late Delivery
R010048,O0119181,C105670,2025-08-04,3149.57,Late Delivery
R010049,O0119205,C105670,2026-03-24,2362.04,Changed Mind
R010050,O0119212,C105670,2026-08-05,2482.61,Changed Mind
R010051,O0119216,C105672,2024-02-29,4813.32,Defective Product
R010052,O0119223,C105672,2026-02-26,49230.77,Defective Product
R010053,O0119237,C105678,2025-01-24,7876.23,Defective Product
R010054,O0119239,C105678,2025-09-14,4533.87,Better Price Found
R010055,O0119244,C105678,2026-04-23,4705.65,Size Issue
R010056,O0119245,C105678,2026-05-30,3623.25,Late Delivery
R010057,O0119255,C105679,2026-06-26,3619.21,Defective Product
R010058,O0119258,C105680,2026-01-22,77.82,Defective Product
R010059,O0119280,C105681,2026-02-02,3744.22,Better Price Found
R010060,O0119285,C105682,2023-05-22,659.38,Size Issue
R010061,O0119300,C105682,2023-10-30,530.79,Changed Mind
R010062,O0119317,C105682,2024-01-23,681.33,Changed Mind
R010063,O0119319,C105682,2024-02-15,51367.97,Not as Described
R010064,O0119328,C105682,2024-04-12,6045.28,Late Delivery
R010065,O0119335,C105682,2024-07-24,33732.17,Defective Product
R010066,O0119351,C105682,2024-11-03,104263.04,Not as Described
R010067,O0119385,C105682,2025-10-25,1089.51,Changed Mind
R010068,O0119394,C105682,2026-01-22,33866.73,Defective Product
R010069,O0119396,C105682,2026-01-21,11458.39,Better Price Found
R010070,O0119425,C105683,2023-11-08,8333.17,Not as Described
R010071,O0119439,C105684,2024-07-27,4685.77,Changed Mind
R010072,O0119445,C105685,2023-06-17,12868.99,Size Issue
R010073,O0119448,C105685,2024-03-23,1383.09,Not as Described
R010074,O0119457,C105687,2023-06-01,642.5,Better Price Found
R010075,O0119468,C105687,2024-03-25,15738.71,Better Price Found
R010076,O0119473,C105687,2024-08-29,32851.61,Size Issue
R010077,O0119476,C105687,2025-06-05,774.54,Defective Product
R010078,O0119480,C105689,2023-09-11,3552.79,Not as Described
R010079,O0119484,C105689,2023-12-05,2973.67,Late Delivery
R010080,O0119509,C105690,2025-09-18,3070.52,Changed Mind
R010081,O0119524,C105691,2024-04-16,1531.42,Not as Described
R010082,O0119525,C105691,2024-04-25,8409.39,Not as Described
R010083,O0119543,C105691,2024-09-05,367.78,Changed Mind
R010084,O0119570,C105691,2025-03-03,1954.85,Changed Mind
R010085,O0119620,C105691,2026-08-09,1449.46,Better Price Found
R010086,O0119639,C105692,2023-12-29,942.61,Size Issue
R010087,O0119656,C105692,2024-05-16,53693.1,Late Delivery
R010088,O0119691,C105692,2025-08-07,2022.53,Changed Mind
R010089,O0119692,C105692,2025-08-14,38943.55,Size Issue
R010090,O0119717,C105692,2026-05-11,27480.9,Size Issue
R010091,O0119733,C105693,2026-06-25,2388.79,Not as Described
R010092,O0119770,C105699,2023-08-10,19289.09,Size Issue
R010093,O0119782,C105699,2023-12-05,10489.35,Not as Described
R010094,O0119839,C105699,2025-07-08,2614.63,Defective Product
R010095,O0119856,C105699,2026-02-17,2167.79,Size Issue
R010096,O0119865,C105699,2026-07-02,2679.28,Size Issue
R010097,O0119874,C105700,2026-05-29,905.12,Size Issue
R010098,O0119877,C105701,2025-08-29,23028.3,Better Price Found
R010099,O0119890,C105703,2024-05-05,21839.22,Defective Product
R010100,O0119894,C105703,2024-09-19,15417.57,Changed Mind
R010101,O0119924,C105704,2026-02-17,4844.86,Better Price Found
R010102,O0119927,C105704,2026-04-23,4435.24,Better Price Found
R010103,O0119939,C105706,2026-01-11,20918.02,Defective Product
R010104,O0119965,C105707,2025-12-21,13907.49,Defective Product
R010105,O0119974,C105708,2025-02-13,25471.71,Size Issue
R010106,O0119977,C105708,2025-07-26,3773.4,Not as Described
R010107,O0119980,C105709,2024-05-02,37442.55,Better Price Found
R010108,O0119982,C105709,2024-05-24,1388.01,Size Issue
R010109,O0120003,C105711,2024-11-13,688.37,Not as Described
R010110,O0120007,C105711,2024-12-31,493.19,Defective Product
R010111,O0120053,C105712,2026-06-26,5221.51,Changed Mind
R010112,O0120070,C105714,2025-04-12,7434.95,Changed Mind
R010113,O0120081,C105716,2024-03-17,13533.62,Better Price Found
R010114,O0120084,C105716,2024-04-01,40025.37,Better Price Found
R010115,O0120085,C105716,2024-05-22,10152.44,Late Delivery
R010116,O0120086,C105716,2024-06-30,31287.45,Not as Described
R010117,O0120087,C105716,2024-07-23,1319.17,Better Price Found
R010118,O0120089,C105716,2024-08-28,12911.79,Changed Mind
R010119,O0120102,C105716,2025-03-21,3795.65,Better Price Found
R010120,O0120117,C105716,2025-08-26,10847.17,Late Delivery
R010121,O0120118,C105716,2025-09-12,961.16,Late Delivery
R010122,O0120140,C105716,2026-02-25,61305.06,Size Issue
R010123,O0120143,C105716,2026-03-15,9899.41,Not as Described
R010124,O0120144,C105716,2026-03-22,8198.07,Better Price Found
R010125,O0120150,C105716,2026-04-18,1415.24,Defective Product
R010126,O0120154,C105716,2026-05-31,14902.63,Better Price Found
R010127,O0120162,C105716,2026-07-14,7085.9,Late Delivery
R010128,O0120172,C105717,2025-08-14,3288.63,Late Delivery
R010129,O0120202,C105717,2026-07-10,1185.72,Changed Mind
R010130,O0120215,C105718,2025-12-27,7655.42,Late Delivery
R010131,O0120226,C105719,2024-12-26,10998.47,Defective Product
R010132,O0120240,C105719,2026-04-07,1619.43,Changed Mind
R010133,O0120245,C105719,2026-07-30,239.11,Size Issue
R010134,O0120270,C105722,2026-07-26,2830.68,Better Price Found
R010135,O0120279,C105723,2025-08-16,2956.69,Size Issue
R010136,O0120285,C105723,2026-02-23,117508.77,Changed Mind
R010137,O0120292,C105724,2024-10-13,6517.86,Better Price Found
R010138,O0120311,C105724,2026-04-01,3750.64,Defective Product
R010139,O0120318,C105724,2026-07-10,5544.69,Defective Product
R010140,O0120347,C105727,2025-09-21,13098.15,Not as Described
R010141,O0120353,C105727,2025-11-11,2446.87,Late Delivery
R010142,O0120358,C105727,2025-12-12,9743.67,Late Delivery
R010143,O0120385,C105728,2024-03-28,537.57,Not as Described
R010144,O0120388,C105728,2024-04-25,16633.63,Not as Described
R010145,O0120389,C105728,2024-05-01,6244.75,Late Delivery
R010146,O0120396,C105728,2024-06-27,1420.88,Defective Product
R010147,O0120409,C105728,2025-05-01,52935.81,Better Price Found
R010148,O0120437,C105729,2025-12-30,3089.96,Not as Described
R010149,O0120476,C105731,2025-02-14,988.01,Defective Product
R010150,O0120491,C105731,2025-08-10,484.12,Size Issue
R010151,O0120523,C105731,2026-03-10,3747.16,Changed Mind
R010152,O0120542,C105732,2024-12-20,71988.81,Defective Product
R010153,O0120549,C105733,2023-07-28,665.42,Defective Product
R010154,O0120564,C105733,2026-05-19,7796.41,Size Issue
R010155,O0120572,C105734,2024-10-14,8885.65,Defective Product
R010156,O0120593,C105735,2025-07-18,68437.5,Defective Product
R010157,O0120598,C105735,2026-02-01,1546.62,Better Price Found
R010158,O0120602,C105735,2026-04-24,15756.66,Defective Product
R010159,O0120609,C105736,2024-10-18,4759.99,Late Delivery
R010160,O0120627,C105737,2024-05-02,99992.65,Late Delivery
R010161,O0120685,C105739,2024-05-19,4605.97,Better Price Found
R010162,O0120687,C105739,2024-07-12,1207.77,Not as Described
R010163,O0120693,C105739,2024-10-13,1591.36,Changed Mind
R010164,O0120707,C105739,2026-02-18,5213.46,Defective Product
R010165,O0120816,C105745,2024-01-16,41067.97,Defective Product
R010166,O0120821,C105745,2024-04-23,26778.36,Better Price Found
R010167,O0120825,C105745,2024-07-03,1136.8,Better Price Found
R010168,O0120826,C105745,2024-07-12,52956.67,Defective Product
R010169,O0120847,C105745,2025-07-12,47131.83,Better Price Found
R010170,O0120869,C105745,2026-04-05,303.95,Changed Mind
R010171,O0120902,C105746,2025-02-05,13250.05,Better Price Found
R010172,O0120979,C105750,2025-06-25,51596.16,Not as Described
R010173,O0120989,C105750,2026-06-01,85.75,Late Delivery
R010174,O0120998,C105753,2025-11-11,270.59,Size Issue
R010175,O0121003,C105755,2026-06-22,9250.29,Size Issue
R010176,O0121011,C105756,2026-08-01,11138.54,Better Price Found
R010177,O0121048,C105758,2024-08-31,1789.67,Size Issue
R010178,O0121069,C105758,2025-03-08,1669.18,Size Issue
R010179,O0121085,C105758,2025-08-06,9590.14,Late Delivery
R010180,O0121103,C105758,2026-01-10,6854.26,Late Delivery
R010181,O0121129,C105759,2023-10-29,2527.74,Size Issue
R010182,O0121138,C105761,2026-01-02,84558.93,Late Delivery
R010183,O0121140,C105761,2026-07-14,2786.57,Size Issue
R010184,O0121151,C105762,2024-07-13,37706.57,Not as Described
R010185,O0121152,C105762,2024-07-21,2833.97,Late Delivery
R010186,O0121153,C105762,2024-08-03,4029.85,Not as Described
R010187,O0121157,C105762,2025-09-01,42875.43,Size Issue
R010188,O0121169,C105767,2026-03-02,928.0,Not as Described
R010189,O0121177,C105767,2026-06-30,5689.69,Size Issue
R010190,O0121181,C105768,2024-03-28,53732.73,Better Price Found
R010191,O0121190,C105768,2024-07-18,735.58,Defective Product
R010192,O0121196,C105768,2024-09-16,994.02,Better Price Found
R010193,O0121214,C105768,2025-02-19,59659.62,Late Delivery
R010194,O0121215,C105768,2025-03-03,5406.4,Late Delivery
R010195,O0121219,C105768,2025-04-01,30146.14,Size Issue
R010196,O0121221,C105768,2025-04-17,37663.95,Size Issue
R010197,O0121222,C105768,2025-05-18,12862.86,Late Delivery
R010198,O0121239,C105768,2025-09-26,3237.43,Defective Product
R010199,O0121243,C105768,2025-11-15,24797.53,Defective Product
R010200,O0121245,C105768,2025-11-15,2868.08,Not as Described
R010201,O0121256,C105768,2026-03-13,4797.21,Changed Mind
R010202,O0121266,C105768,2026-06-09,1013.02,Not as Described
R010203,O0121275,C105769,2025-09-02,684.39,Not as Described
R010204,O0121276,C105769,2025-10-25,2304.64,Changed Mind
R010205,O0121304,C105773,2025-12-23,211.84,Late Delivery
R010206,O0121309,C105773,2026-04-06,6291.77,Defective Product
R010207,O0121315,C105774,2024-06-24,696.44,Changed Mind
R010208,O0121316,C105774,2024-07-16,2040.51,Late Delivery
R010209,O0121343,C105774,2025-11-30,7999.88,Size Issue
R010210,O0121348,C105774,2026-06-29,5470.02,Changed Mind
R010211,O0121377,C105777,2025-07-31,30659.33,Not as Described
R010212,O0121392,C105778,2025-09-11,9979.41,Better Price Found
R010213,O0121393,C105778,2025-09-14,2659.88,Changed Mind
R010214,O0121398,C105778,2026-06-08,35228.71,Changed Mind
R010215,O0121406,C105780,2024-02-03,28232.75,Not as Described
R010216,O0121407,C105780,2024-02-16,488.71,Better Price Found
R010217,O0121419,C105780,2025-01-08,3556.48,Better Price Found
R010218,O0121424,C105780,2025-04-06,1389.42,Size Issue
R010219,O0121434,C105780,2025-08-16,12840.71,Not as Described
R010220,O0121440,C105780,2025-10-03,113389.99,Late Delivery
R010221,O0121448,C105780,2026-01-15,13053.96,Not as Described
R010222,O0121458,C105780,2026-05-23,37101.19,Late Delivery
R010223,O0121460,C105780,2026-05-31,1127.44,Size Issue
R010224,O0121467,C105781,2026-01-16,16213.68,Size Issue
R010225,O0121485,C105782,2024-06-03,1731.93,Size Issue
R010226,O0121489,C105782,2024-07-18,15590.38,Changed Mind
R010227,O0121510,C105782,2025-08-08,8492.19,Defective Product
R010228,O0121512,C105782,2025-08-21,8468.9,Better Price Found
R010229,O0121522,C105782,2025-12-25,151.27,Not as Described
R010230,O0121523,C105782,2026-01-11,5350.48,Better Price Found
R010231,O0121525,C105782,2026-02-01,1250.7,Not as Described
R010232,O0121537,C105782,2026-05-04,15236.68,Defective Product
R010233,O0121576,C105787,2025-03-18,14190.46,Better Price Found
R010234,O0121578,C105787,2025-04-06,20092.95,Size Issue
R010235,O0121590,C105787,2025-09-23,4642.06,Changed Mind
R010236,O0121592,C105787,2025-10-23,15627.75,Defective Product
R010237,O0121609,C105787,2026-02-26,2056.14,Size Issue
R010238,O0121618,C105787,2026-04-28,14959.6,Better Price Found
R010239,O0121696,C105791,2023-05-09,3940.51,Not as Described
R010240,O0121710,C105791,2024-03-19,2736.03,Late Delivery
R010241,O0121730,C105791,2024-12-08,3637.13,Not as Described
R010242,O0121755,C105791,2025-07-14,1917.45,Late Delivery
R010243,O0121756,C105791,2025-07-24,1818.33,Not as Described
R010244,O0121783,C105791,2026-02-27,3577.07,Defective Product
R010245,O0121804,C105792,2023-09-17,5025.44,Late Delivery
R010246,O0121835,C105794,2024-02-19,1908.91,Defective Product
R010247,O0121844,C105794,2024-12-24,693.34,Better Price Found
R010248,O0121878,C105796,2024-04-13,11321.9,Not as Described
R010249,O0121887,C105797,2025-06-11,38686.74,Defective Product
R010250,O0121898,C105800,2023-08-02,14938.39,Not as Described
R010251,O0121901,C105800,2025-02-07,1313.29,Size Issue
R010252,O0121941,C105801,2025-06-24,39427.96,Late Delivery
R010253,O0121942,C105801,2025-06-26,22582.39,Changed Mind
R010254,O0121949,C105801,2025-09-07,20140.57,Better Price Found
R010255,O0121951,C105801,2025-09-14,7403.86,Not as Described
R010256,O0121960,C105801,2025-11-19,17588.46,Changed Mind
R010257,O0121973,C105801,2026-02-08,2906.37,Late Delivery
R010258,O0121994,C105801,2026-08-02,1403.47,Defective Product
R010259,O0122016,C105802,2025-09-14,1702.51,Defective Product
R010260,O0122020,C105802,2025-11-14,1151.54,Defective Product
R010261,O0122037,C105802,2026-05-01,15815.53,Size Issue
R010262,O0122044,C105802,2026-07-01,30947.74,Late Delivery
R010263,O0122046,C105802,2026-08-04,37069.25,Size Issue
R010264,O0122062,C105806,2024-09-15,6874.03,Late Delivery
R010265,O0122109,C105812,2024-05-18,22648.59,Not as Described
R010266,O0122151,C105812,2025-07-13,1766.18,Defective Product
R010267,O0122161,C105812,2025-10-07,682.0,Defective Product
R010268,O0122166,C105812,2025-11-11,38377.81,Defective Product
R010269,O0122179,C105812,2026-02-09,5807.39,Late Delivery
R010270,O0122202,C105812,2026-07-21,2312.7,Changed Mind
R010271,O0122219,C105813,2025-07-20,44415.2,Defective Product
R010272,O0122220,C105813,2025-07-30,3079.75,Changed Mind
R010273,O0122231,C105813,2025-10-16,2111.51,Late Delivery
R010274,O0122237,C105813,2025-12-07,70268.1,Size Issue
R010275,O0122267,C105813,2026-05-02,6643.63,Size Issue
R010276,O0122275,C105813,2026-07-11,1569.9,Size Issue
R010277,O0122284,C105814,2023-09-24,1642.18,Size Issue
R010278,O0122291,C105814,2023-11-22,11635.58,Late Delivery
R010279,O0122300,C105814,2025-01-15,410.24,Not as Described
R010280,O0122307,C105815,2025-06-05,2134.75,Late Delivery
R010281,O0122319,C105815,2025-11-10,21940.34,Not as Described
R010282,O0122355,C105816,2025-08-27,4016.7,Not as Described
R010283,O0122372,C105817,2025-10-08,6723.38,Size Issue
R010284,O0122382,C105818,2025-06-15,4389.68,Late Delivery
R010285,O0122403,C105823,2024-12-02,2207.49,Better Price Found
R010286,O0122407,C105823,2025-05-14,16028.74,Defective Product
R010287,O0122412,C105823,2025-08-14,30077.27,Better Price Found
R010288,O0122427,C105824,2025-08-14,7308.98,Not as Described
R010289,O0122453,C105826,2025-01-24,6607.39,Not as Described
R010290,O0122457,C105826,2025-06-22,6841.45,Changed Mind
R010291,O0122481,C105826,2025-12-29,64974.68,Better Price Found
R010292,O0122493,C105826,2026-04-12,2435.73,Better Price Found
R010293,O0122517,C105827,2025-05-30,7932.5,Defective Product
R010294,O0122519,C105828,2026-06-24,1164.44,Late Delivery
R010295,O0122524,C105829,2023-07-07,952.93,Defective Product
R010296,O0122528,C105829,2023-07-31,302.16,Size Issue
R010297,O0122533,C105830,2025-09-05,24173.85,Size Issue
R010298,O0122540,C105831,2025-08-01,1912.49,Changed Mind
R010299,O0122548,C105831,2025-11-01,5389.51,Defective Product
R010300,O0122559,C105831,2026-03-18,1850.3,Defective Product
R010301,O0122572,C105831,2026-08-09,9068.92,Defective Product
R010302,O0122580,C105833,2023-07-12,21239.35,Better Price Found
R010303,O0122598,C105833,2025-10-05,7589.58,Size Issue
R010304,O0122623,C105834,2024-02-04,13643.48,Size Issue
R010305,O0122628,C105834,2024-04-14,5296.45,Size Issue
R010306,O0122631,C105834,2024-05-31,12446.09,Late Delivery
R010307,O0122640,C105834,2024-08-20,22108.87,Better Price Found
R010308,O0122646,C105834,2024-10-08,5886.08,Not as Described
R010309,O0122655,C105834,2024-11-07,80646.29,Size Issue
R010310,O0122661,C105834,2025-01-12,3439.08,Changed Mind
R010311,O0122671,C105834,2025-02-24,4303.98,Size Issue
R010312,O0122673,C105834,2025-03-04,561.65,Not as Described
R010313,O0122688,C105834,2025-06-12,1692.08,Late Delivery
R010314,O0122693,C105834,2025-07-29,6385.99,Defective Product
R010315,O0122694,C105834,2025-08-10,4060.26,Better Price Found
R010316,O0122695,C105834,2025-08-15,14468.89,Late Delivery
R010317,O0122696,C105834,2025-08-16,18911.78,Changed Mind
R010318,O0122697,C105834,2025-09-06,11900.48,Size Issue
R010319,O0122719,C105834,2026-03-29,389.08,Not as Described
R010320,O0122721,C105834,2026-04-13,8963.8,Not as Described
R010321,O0122724,C105834,2026-05-08,2776.77,Better Price Found
R010322,O0122730,C105834,2026-06-12,47205.13,Defective Product
R010323,O0122735,C105834,2026-07-07,6257.89,Better Price Found
R010324,O0122742,C105835,2024-01-03,2342.01,Changed Mind
R010325,O0122744,C105835,2024-01-13,5248.96,Defective Product
R010326,O0122756,C105835,2024-05-11,2212.9,Not as Described
R010327,O0122760,C105835,2024-05-21,2955.0,Better Price Found
R010328,O0122776,C105835,2024-09-24,796.1,Changed Mind
R010329,O0122787,C105835,2024-12-03,2872.56,Not as Described
R010330,O0122798,C105835,2025-04-17,2253.01,Not as Described
R010331,O0122803,C105835,2025-05-06,5762.38,Late Delivery
R010332,O0122813,C105835,2025-07-20,1088.51,Size Issue
R010333,O0122814,C105835,2025-07-27,13618.74,Changed Mind
R010334,O0122816,C105835,2025-07-30,411.35,Changed Mind
R010335,O0122820,C105835,2025-09-09,964.29,Late Delivery
R010336,O0122828,C105835,2025-10-29,13619.45,Changed Mind
R010337,O0122829,C105835,2025-11-24,2988.47,Better Price Found
R010338,O0122839,C105835,2026-03-17,1592.4,Changed Mind
R010339,O0122884,C105836,2024-04-05,8465.61,Changed Mind
R010340,O0122934,C105836,2025-05-31,2367.9,Size Issue
R010341,O0122960,C105836,2026-01-29,1977.95,Size Issue
R010342,O0122962,C105836,2026-02-14,4043.68,Not as Described
R010343,O0122968,C105836,2026-03-25,7529.4,Size Issue
R010344,O0122981,C105836,2026-06-27,19797.22,Not as Described
R010345,O0122993,C105837,2023-12-05,11889.79,Better Price Found
R010346,O0123005,C105837,2025-09-21,26381.42,Defective Product
R010347,O0123021,C105838,2024-05-17,3167.35,Late Delivery
R010348,O0123042,C105840,2026-03-18,227.03,Better Price Found
R010349,O0123049,C105841,2025-09-13,8067.54,Defective Product
R010350,O0123052,C105842,2023-04-22,880.38,Not as Described
R010351,O0123055,C105843,2025-05-01,126465.64,Late Delivery
R010352,O0123065,C105843,2025-08-25,2208.18,Size Issue
R010353,O0123073,C105843,2026-01-24,25370.51,Size Issue
R010354,O0123075,C105843,2026-02-16,28933.92,Late Delivery
R010355,O0123076,C105843,2026-02-15,5582.51,Size Issue
R010356,O0123105,C105846,2023-06-23,824.64,Late Delivery
R010357,O0123134,C105846,2024-10-10,3816.95,Late Delivery
R010358,O0123162,C105846,2025-11-23,1924.64,Better Price Found
R010359,O0123177,C105846,2026-05-09,7514.47,Changed Mind
R010360,O0123203,C105848,2024-10-25,3951.18,Better Price Found
R010361,O0123211,C105848,2025-05-29,11148.29,Defective Product
R010362,O0123212,C105848,2025-07-26,16067.63,Size Issue
R010363,O0123224,C105848,2025-12-15,921.28,Late Delivery
R010364,O0123240,C105848,2026-04-28,32967.77,Better Price Found
R010365,O0123241,C105848,2026-05-14,17750.18,Late Delivery
R010366,O0123243,C105848,2026-05-22,3828.69,Defective Product
R010367,O0123247,C105848,2026-07-09,753.76,Size Issue
R010368,O0123252,C105849,2024-10-30,768.18,Better Price Found
R010369,O0123276,C105850,2025-03-04,3131.26,Defective Product
R010370,O0123303,C105850,2026-02-21,2205.18,Late Delivery
R010371,O0123317,C105851,2024-04-05,29821.13,Defective Product
R010372,O0123325,C105851,2024-06-06,7259.76,Defective Product
R010373,O0123336,C105851,2024-09-29,45510.56,Size Issue
R010374,O0123357,C105851,2025-09-27,7263.68,Defective Product
R010375,O0123365,C105851,2025-12-17,5597.0,Size Issue
R010376,O0123367,C105851,2026-02-08,1564.68,Size Issue
R010377,O0123384,C105853,2025-08-26,7200.49,Late Delivery
R010378,O0123398,C105853,2026-01-27,1757.6,Size Issue
R010379,O0123408,C105853,2026-05-02,4134.88,Not as Described
R010380,O0123409,C105853,2026-05-25,9896.62,Defective Product
R010381,O0123410,C105853,2026-06-01,1612.92,Not as Described
R010382,O0123414,C105853,2026-08-09,5842.18,Late Delivery
R010383,O0123418,C105854,2026-02-14,394.75,Defective Product
R010384,O0123427,C105855,2025-07-09,30472.47,Size Issue
R010385,O0123430,C105855,2026-04-20,6605.18,Late Delivery
R010386,O0123485,C105857,2025-06-22,2589.87,Defective Product
R010387,O0123609,C105862,2025-01-05,3941.6,Size Issue
R010388,O0123611,C105862,2025-03-22,1397.8,Defective Product
R010389,O0123616,C105862,2025-07-29,19436.79,Defective Product
R010390,O0123630,C105862,2026-01-15,2902.64,Not as Described
R010391,O0123632,C105862,2026-03-24,31808.03,Not as Described
R010392,O0123634,C105862,2026-04-30,3041.55,Late Delivery
R010393,O0123664,C105864,2026-06-15,1957.83,Better Price Found
R010394,O0123678,C105866,2026-03-15,4213.7,Not as Described
R010395,O0123680,C105866,2026-05-02,12802.05,Better Price Found
R010396,O0123681,C105866,2026-05-30,10675.97,Better Price Found
R010397,O0123688,C105867,2025-02-14,6751.61,Changed Mind
R010398,O0123696,C105868,2023-10-01,8888.73,Late Delivery
R010399,O0123697,C105868,2023-11-03,213.4,Better Price Found
R010400,O0123704,C105868,2024-06-26,20020.11,Size Issue
R010401,O0123707,C105868,2024-09-11,38341.85,Late Delivery
R010402,O0123709,C105868,2024-11-09,14747.71,Size Issue
R010403,O0123719,C105868,2025-11-03,4605.81,Late Delivery
R010404,O0123720,C105868,2025-11-04,732.27,Defective Product
R010405,O0123727,C105868,2026-03-22,4514.73,Changed Mind
R010406,O0123728,C105868,2026-04-09,1444.23,Defective Product
R010407,O0123730,C105868,2026-05-24,42023.4,Not as Described
R010408,O0123737,C105869,2023-05-26,4983.4,Better Price Found
R010409,O0123744,C105869,2023-10-01,475.24,Late Delivery
R010410,O0123751,C105870,2023-09-27,1670.12,Not as Described
R010411,O0123833,C105872,2026-04-30,2399.86,Changed Mind
R010412,O0123869,C105873,2025-11-12,2782.21,Defective Product
R010413,O0123920,C105875,2026-02-10,538.39,Changed Mind
R010414,O0123932,C105876,2026-02-05,24907.01,Not as Described
R010415,O0123949,C105879,2026-02-04,25523.34,Late Delivery
R010416,O0123972,C105883,2023-06-01,4679.32,Changed Mind
R010417,O0123979,C105883,2025-07-31,3441.04,Not as Described
R010418,O0123993,C105884,2024-08-28,327.67,Changed Mind
R010419,O0124009,C105885,2024-01-18,12717.74,Changed Mind
R010420,O0124019,C105886,2024-10-17,37755.09,Defective Product
R010421,O0124034,C105886,2025-03-13,3269.87,Not as Described
R010422,O0124042,C105886,2025-04-18,1210.05,Better Price Found
R010423,O0124057,C105886,2025-07-30,23649.49,Size Issue
R010424,O0124067,C105886,2025-11-12,1069.89,Late Delivery
R010425,O0124070,C105886,2025-11-19,9719.98,Changed Mind
R010426,O0124096,C105886,2026-03-25,21269.37,Changed Mind
R010427,O0124111,C105886,2026-07-11,1110.08,Late Delivery
R010428,O0124115,C105887,2025-06-06,579.85,Not as Described
R010429,O0124129,C105888,2024-03-05,2891.17,Size Issue
R010430,O0124132,C105888,2024-03-18,2871.42,Late Delivery
R010431,O0124139,C105888,2024-07-16,8888.0,Late Delivery
R010432,O0124146,C105888,2024-10-24,141789.92,Better Price Found
R010433,O0124148,C105888,2024-11-13,6030.18,Changed Mind
R010434,O0124180,C105888,2025-09-07,465.01,Defective Product
R010435,O0124184,C105888,2025-10-02,930.41,Better Price Found
R010436,O0124185,C105888,2025-10-29,30960.39,Late Delivery
R010437,O0124189,C105888,2025-11-17,6358.87,Late Delivery
R010438,O0124232,C105889,2023-05-07,32994.56,Better Price Found
R010439,O0124233,C105889,2023-05-10,926.27,Not as Described
R010440,O0124235,C105889,2023-06-12,9691.13,Defective Product
R010441,O0124237,C105889,2023-07-01,57576.58,Not as Described
R010442,O0124242,C105889,2023-10-10,821.26,Not as Described
R010443,O0124243,C105889,2023-11-29,1639.27,Defective Product
R010444,O0124253,C105889,2025-07-10,7840.93,Changed Mind
R010445,O0124260,C105891,2026-05-16,31534.88,Not as Described
R010446,O0124264,C105891,2026-08-09,5590.52,Defective Product
R010447,O0124275,C105894,2025-05-21,4168.75,Better Price Found
R010448,O0124331,C105898,2025-09-22,45367.16,Size Issue
R010449,O0124334,C105898,2025-10-04,61978.18,Defective Product
R010450,O0124336,C105898,2025-12-22,2915.77,Late Delivery
R010451,O0124338,C105898,2026-02-06,27618.75,Defective Product
R010452,O0124347,C105899,2024-02-20,5942.95,Not as Described
R010453,O0124356,C105899,2024-05-20,2025.76,Late Delivery
R010454,O0124363,C105899,2024-08-04,65309.73,Late Delivery
R010455,O0124367,C105899,2024-09-09,8451.28,Not as Described
R010456,O0124371,C105899,2024-12-01,4968.46,Defective Product
R010457,O0124376,C105899,2025-07-19,442.34,Late Delivery
R010458,O0124382,C105900,2025-06-25,4667.1,Defective Product
R010459,O0124386,C105901,2023-06-25,395.95,Changed Mind
R010460,O0124405,C105901,2024-02-24,17073.97,Late Delivery
R010461,O0124406,C105901,2024-03-18,5623.56,Late Delivery
R010462,O0124450,C105901,2026-05-09,7356.95,Late Delivery
R010463,O0124473,C105902,2025-11-30,227.8,Better Price Found
R010464,O0124476,C105902,2026-01-05,4078.37,Size Issue
R010465,O0124487,C105903,2025-10-27,18375.73,Defective Product
R010466,O0124512,C105903,2026-07-15,5680.45,Not as Described
R010467,O0124515,C105903,2026-07-26,1651.89,Defective Product
R010468,O0124518,C105904,2026-03-07,9413.01,Not as Described
R010469,O0124519,C105904,2026-05-05,1610.7,Late Delivery
R010470,O0124553,C105906,2025-02-15,2162.49,Better Price Found
R010471,O0124593,C105907,2024-11-05,4233.37,Changed Mind
R010472,O0124597,C105907,2024-11-24,5143.89,Defective Product
R010473,O0124600,C105907,2025-01-22,27270.14,Size Issue
R010474,O0124602,C105907,2025-02-15,3975.56,Size Issue
R010475,O0124609,C105907,2025-07-30,1813.87,Late Delivery
R010476,O0124636,C105907,2026-06-18,889.15,Size Issue
R010477,O0124637,C105907,2026-06-28,10573.03,Defective Product
R010478,O0124662,C105909,2024-06-13,6737.99,Changed Mind
R010479,O0124679,C105909,2026-07-14,1207.93,Not as Described
R010480,O0124685,C105910,2024-07-26,5784.64,Defective Product
R010481,O0124721,C105910,2025-12-18,14139.54,Defective Product
R010482,O0124727,C105910,2026-02-09,6963.92,Better Price Found
R010483,O0124744,C105911,2023-02-24,1898.73,Late Delivery
R010484,O0124748,C105911,2023-08-09,3967.09,Better Price Found
R010485,O0124759,C105911,2024-06-29,7365.2,Not as Described
R010486,O0124761,C105911,2024-08-23,2146.72,Not as Described
R010487,O0124775,C105911,2025-12-20,2089.63,Late Delivery
R010488,O0124802,C105916,2023-07-27,15883.94,Late Delivery
R010489,O0124812,C105916,2026-02-27,4198.02,Late Delivery
R010490,O0124818,C105916,2026-07-22,3287.2,Not as Described
R010491,O0124819,C105917,2025-11-15,1307.9,Late Delivery
R010492,O0124835,C105918,2025-12-21,18650.44,Better Price Found
R010493,O0124867,C105921,2026-05-05,635.44,Not as Described
R010494,O0124875,C105922,2026-06-25,12119.45,Late Delivery
R010495,O0124884,C105923,2024-09-13,6483.51,Better Price Found
R010496,O0124886,C105923,2024-10-08,18835.53,Defective Product
R010497,O0124894,C105923,2025-02-16,24572.05,Size Issue
R010498,O0124902,C105923,2025-04-10,9109.69,Late Delivery
R010499,O0124939,C105923,2026-01-16,3140.82,Late Delivery
R010500,O0124941,C105923,2026-01-30,16025.73,Not as Described
R010501,O0124943,C105923,2026-02-09,3916.99,Changed Mind
R010502,O0124946,C105923,2026-02-25,1933.49,Better Price Found
R010503,O0124953,C105923,2026-03-28,42511.02,Not as Described
R010504,O0124954,C105923,2026-04-14,2851.45,Defective Product
R010505,O0124956,C105923,2026-05-09,393.72,Not as Described
R010506,O0124959,C105923,2026-05-12,1049.79,Better Price Found
R010507,O0124988,C105927,2025-06-12,7258.74,Better Price Found
R010508,O0125016,C105928,2026-07-17,7838.1,Changed Mind
R010509,O0125060,C105930,2025-07-20,6585.19,Better Price Found
R010510,O0125061,C105930,2025-08-14,14682.42,Changed Mind
R010511,O0125063,C105930,2025-09-17,5607.31,Late Delivery
R010512,O0125084,C105932,2025-02-05,793.88,Changed Mind
R010513,O0125095,C105932,2025-11-12,7206.96,Late Delivery
R010514,O0125111,C105935,2023-02-13,5347.82,Better Price Found
R010515,O0125115,C105936,2023-05-31,17094.65,Size Issue
R010516,O0125118,C105936,2023-10-19,10945.28,Defective Product
R010517,O0125120,C105936,2024-04-30,5646.38,Not as Described
R010518,O0125125,C105936,2025-03-21,1090.86,Size Issue
R010519,O0125129,C105936,2025-11-07,23586.03,Better Price Found
R010520,O0125141,C105938,2025-08-16,2391.89,Changed Mind
R010521,O0125143,C105938,2026-01-28,1134.69,Changed Mind
R010522,O0125211,C105942,2025-05-26,4333.24,Not as Described
R010523,O0125228,C105942,2025-10-30,65542.17,Defective Product
R010524,O0125235,C105942,2026-01-17,24493.28,Not as Described
R010525,O0125236,C105942,2026-01-13,2810.98,Size Issue
R010526,O0125242,C105942,2026-03-06,28257.04,Better Price Found
R010527,O0125248,C105942,2026-04-24,105690.04,Defective Product
R010528,O0125265,C105943,2025-02-03,2036.17,Not as Described
R010529,O0125266,C105943,2025-02-09,688.89,Size Issue
R010530,O0125303,C105943,2025-11-20,4994.36,Size Issue
R010531,O0125314,C105943,2026-02-12,3109.81,Changed Mind
R010532,O0125323,C105943,2026-04-04,28037.29,Changed Mind
R010533,O0125329,C105943,2026-06-27,6120.71,Defective Product
R010534,O0125349,C105944,2026-02-14,11393.51,Changed Mind
R010535,O0125356,C105944,2026-07-22,472.97,Size Issue
R010536,O0125405,C105947,2025-04-06,251.87,Late Delivery
R010537,O0125414,C105949,2024-12-12,1063.94,Defective Product
R010538,O0125415,C105949,2024-12-11,2669.4,Changed Mind
R010539,O0125420,C105949,2025-09-07,9506.3,Not as Described
R010540,O0125433,C105952,2025-09-18,2176.71,Late Delivery
R010541,O0125442,C105952,2026-07-25,1675.34,Late Delivery
R010542,O0125457,C105955,2023-10-29,26091.94,Not as Described
R010543,O0125469,C105955,2025-03-21,17685.86,Late Delivery
R010544,O0125473,C105955,2025-08-24,526.72,Changed Mind
R010545,O0125478,C105956,2023-12-20,4964.8,Better Price Found
R010546,O0125488,C105956,2024-09-21,7796.62,Late Delivery
R010547,O0125493,C105956,2025-01-11,54578.16,Defective Product
R010548,O0125542,C105957,2024-09-17,2460.25,Better Price Found
R010549,O0125544,C105957,2025-07-03,8535.9,Defective Product
R010550,O0125573,C105959,2025-03-19,10698.46,Not as Described
R010551,O0125610,C105959,2026-03-15,3467.55,Size Issue
R010552,O0125625,C105960,2024-12-02,3401.62,Changed Mind
R010553,O0125635,C105960,2025-08-15,1399.8,Not as Described
R010554,O0125645,C105961,2025-09-01,6652.61,Late Delivery
R010555,O0125658,C105962,2026-03-14,10254.58,Defective Product
R010556,O0125676,C105964,2024-01-21,1359.54,Not as Described
R010557,O0125685,C105964,2024-09-08,4176.99,Changed Mind
R010558,O0125705,C105964,2025-06-29,1041.77,Better Price Found
R010559,O0125712,C105964,2025-09-22,84185.04,Size Issue
R010560,O0125739,C105964,2026-06-15,7556.59,Not as Described
R010561,O0125753,C105965,2025-08-11,4657.47,Changed Mind
R010562,O0125759,C105965,2025-10-18,5075.86,Late Delivery
R010563,O0125762,C105965,2025-10-31,5750.83,Better Price Found
R010564,O0125775,C105965,2026-03-01,73713.44,Changed Mind
R010565,O0125778,C105965,2026-03-20,5009.34,Not as Described
R010566,O0125783,C105965,2026-06-28,7220.61,Defective Product
R010567,O0125790,C105966,2026-05-21,2588.21,Not as Described
R010568,O0125806,C105970,2026-07-06,17040.24,Not as Described
R010569,O0125807,C105970,2026-08-04,28100.06,Better Price Found
R010570,O0125811,C105971,2024-06-14,105434.36,Better Price Found
R010571,O0125883,C105977,2025-04-09,50915.48,Late Delivery
R010572,O0125886,C105977,2025-05-28,3747.13,Changed Mind
R010573,O0125894,C105977,2025-11-03,1036.65,Changed Mind
R010574,O0125896,C105977,2025-11-13,4833.59,Better Price Found
R010575,O0125902,C105978,2023-10-15,17226.06,Changed Mind
R010576,O0125905,C105978,2023-11-11,5457.0,Not as Described
R010577,O0125907,C105978,2023-12-05,98334.75,Changed Mind
R010578,O0125915,C105978,2024-02-15,6379.31,Size Issue
R010579,O0125925,C105978,2024-04-03,389.82,Late Delivery
R010580,O0125945,C105978,2024-09-30,8367.32,Not as Described
R010581,O0125950,C105978,2024-11-16,234.04,Changed Mind
R010582,O0126000,C105978,2026-01-21,50862.48,Size Issue
R010583,O0126001,C105978,2026-01-18,1048.06,Size Issue
R010584,O0126008,C105978,2026-03-21,4323.48,Not as Described
R010585,O0126009,C105978,2026-04-02,7801.01,Changed Mind
R010586,O0126028,C105978,2026-08-02,2228.41,Late Delivery
R010587,O0126032,C105979,2024-10-09,3885.51,Size Issue
R010588,O0126055,C105980,2026-06-23,8982.1,Not as Described
R010589,O0126060,C105982,2025-04-23,105384.34,Late Delivery
R010590,O0126062,C105982,2025-07-11,61061.38,Size Issue
R010591,O0126071,C105983,2025-06-22,70079.32,Defective Product
R010592,O0126084,C105985,2025-03-14,6111.62,Late Delivery
R010593,O0126098,C105986,2026-01-17,246.96,Better Price Found
R010594,O0126099,C105986,2026-01-17,1340.39,Better Price Found
R010595,O0126103,C105986,2026-02-14,10565.2,Late Delivery
R010596,O0126104,C105986,2026-02-11,1670.6,Size Issue
R010597,O0126108,C105986,2026-05-22,653.13,Defective Product
R010598,O0126134,C105987,2025-12-31,1333.26,Better Price Found
R010599,O0126138,C105987,2026-03-03,43257.13,Changed Mind
R010600,O0126139,C105987,2026-03-13,1558.6,Size Issue
R010601,O0126143,C105987,2026-04-20,16336.94,Defective Product
R010602,O0126144,C105987,2026-05-16,10367.53,Changed Mind
R010603,O0126153,C105988,2023-12-30,5452.67,Late Delivery
R010604,O0126162,C105988,2026-06-15,4730.94,Late Delivery
R010605,O0126189,C105992,2023-12-04,7896.29,Late Delivery
R010606,O0126193,C105992,2024-04-06,2775.96,Late Delivery
R010607,O0126200,C105993,2025-03-25,3098.48,Better Price Found
R010608,O0126213,C105994,2024-01-08,2569.41,Not as Described
R010609,O0126216,C105994,2024-03-25,32228.81,Late Delivery
R010610,O0126224,C105995,2025-05-05,3673.09,Size Issue
R010611,O0126273,C105999,2024-04-23,3603.11,Size Issue
R010612,O0126284,C105999,2025-04-25,1223.02,Not as Described
R010613,O0126285,C105999,2025-04-29,6410.65,Size Issue
R010614,O0126292,C105999,2026-02-05,9156.89,Changed Mind
R010615,O0126317,C106000,2026-07-04,5110.64,Late Delivery
R010616,O0126319,C106001,2024-04-22,1022.85,Changed Mind
R010617,O0126367,C106007,2023-10-28,12969.58,Changed Mind
R010618,O0126386,C106007,2024-08-02,2141.87,Not as Described
R010619,O0126389,C106007,2024-09-20,24054.06,Size Issue
R010620,O0126392,C106007,2024-09-24,638.2,Late Delivery
R010621,O0126395,C106007,2024-09-27,3139.72,Better Price Found
R010622,O0126410,C106007,2025-04-05,15439.36,Size Issue
R010623,O0126419,C106007,2025-06-25,354.86,Size Issue
R010624,O0126426,C106007,2025-09-27,716.42,Late Delivery
R010625,O0126431,C106007,2025-11-02,16276.34,Changed Mind
R010626,O0126433,C106007,2025-11-08,11765.8,Size Issue
R010627,O0126469,C106008,2024-07-06,37878.09,Defective Product
R010628,O0126505,C106008,2026-04-05,7710.41,Defective Product
R010629,O0126518,C106009,2024-09-08,3553.96,Size Issue
R010630,O0126523,C106009,2024-12-21,13356.22,Late Delivery
R010631,O0126538,C106010,2023-01-26,10782.96,Not as Described
R010632,O0126539,C106010,2023-02-12,12855.28,Size Issue
R010633,O0126540,C106010,2023-04-02,416.91,Better Price Found
R010634,O0126553,C106010,2023-06-22,2033.01,Defective Product
R010635,O0126557,C106010,2023-07-01,1146.22,Not as Described
R010636,O0126559,C106010,2023-08-03,1591.86,Changed Mind
R010637,O0126566,C106010,2023-10-08,6001.73,Not as Described
R010638,O0126591,C106010,2024-05-09,2276.74,Defective Product
R010639,O0126597,C106010,2024-06-03,794.66,Late Delivery
R010640,O0126607,C106010,2024-08-26,6698.16,Changed Mind
R010641,O0126608,C106010,2024-08-31,1973.74,Size Issue
R010642,O0126611,C106010,2024-09-20,32226.71,Size Issue
R010643,O0126615,C106010,2024-09-29,85401.25,Late Delivery
R010644,O0126632,C106010,2025-01-12,1739.9,Not as Described
R010645,O0126634,C106010,2025-01-28,34926.31,Late Delivery
R010646,O0126642,C106010,2025-04-07,14746.21,Better Price Found
R010647,O0126650,C106010,2025-06-20,6356.28,Better Price Found
R010648,O0126672,C106010,2025-11-11,18807.74,Changed Mind
R010649,O0126673,C106010,2025-11-21,9388.05,Defective Product
R010650,O0126675,C106010,2025-12-10,3334.15,Defective Product
R010651,O0126681,C106010,2026-02-13,1623.2,Defective Product
R010652,O0126682,C106010,2026-02-12,35801.0,Not as Described
R010653,O0126683,C106010,2026-02-17,3371.91,Not as Described
R010654,O0126688,C106010,2026-05-07,1953.55,Size Issue
R010655,O0126692,C106010,2026-05-26,733.69,Changed Mind
R010656,O0126697,C106010,2026-06-27,1192.11,Late Delivery
R010657,O0126701,C106010,2026-07-14,26309.97,Not as Described
R010658,O0126718,C106012,2025-11-23,7898.38,Defective Product
R010659,O0126732,C106013,2023-04-03,1510.5,Changed Mind
R010660,O0126736,C106013,2023-06-06,1848.63,Better Price Found
R010661,O0126763,C106013,2024-10-08,1331.67,Better Price Found
R010662,O0126778,C106013,2025-06-20,33956.43,Defective Product
R010663,O0126785,C106013,2025-08-13,827.61,Changed Mind
R010664,O0126793,C106013,2025-12-21,19086.76,Defective Product
R010665,O0126811,C106013,2026-08-04,5942.95,Size Issue
R010666,O0126815,C106015,2026-01-23,191.58,Late Delivery
R010667,O0126817,C106015,2026-04-24,519.49,Not as Described
R010668,O0126821,C106016,2023-03-14,30675.91,Changed Mind
R010669,O0126835,C106017,2024-11-26,88917.76,Late Delivery
R010670,O0126851,C106018,2025-01-30,8648.63,Defective Product
R010671,O0126853,C106018,2025-03-22,10039.04,Size Issue
R010672,O0126858,C106018,2025-06-29,5013.26,Better Price Found
R010673,O0126867,C106018,2025-11-19,30327.4,Changed Mind
R010674,O0126868,C106018,2026-02-10,8050.06,Late Delivery
R010675,O0126881,C106019,2025-01-20,894.04,Size Issue
R010676,O0126897,C106019,2025-07-22,2265.91,Late Delivery
R010677,O0126905,C106019,2025-10-30,5139.05,Size Issue
R010678,O0126911,C106019,2026-05-13,207.77,Late Delivery
R010679,O0126927,C106021,2024-10-20,4251.03,Not as Described
R010680,O0126929,C106021,2024-12-15,48144.24,Not as Described
R010681,O0126939,C106022,2025-05-28,3264.93,Changed Mind
R010682,O0126944,C106022,2025-07-26,2054.5,Better Price Found
R010683,O0126945,C106022,2025-08-31,2739.63,Changed Mind
R010684,O0126951,C106022,2026-05-13,4508.02,Late Delivery
R010685,O0126962,C106023,2025-07-04,570.34,Defective Product
R010686,O0126971,C106024,2025-10-19,30610.06,Defective Product
R010687,O0126975,C106024,2026-03-25,2295.98,Late Delivery
R010688,O0126979,C106025,2026-04-05,1160.76,Not as Described
R010689,O0126995,C106026,2025-02-03,16990.2,Size Issue
R010690,O0126996,C106026,2025-03-02,1085.75,Size Issue
R010691,O0127003,C106026,2025-06-19,3466.11,Size Issue
R010692,O0127009,C106026,2026-06-14,16014.66,Changed Mind
R010693,O0127018,C106027,2025-05-06,8397.04,Changed Mind
R010694,O0127021,C106027,2025-08-04,3413.29,Changed Mind
R010695,O0127071,C106032,2023-09-08,67993.4,Changed Mind
R010696,O0127075,C106032,2023-11-22,14568.47,Size Issue
R010697,O0127077,C106032,2023-12-22,19766.97,Better Price Found
R010698,O0127099,C106032,2024-08-07,39861.32,Size Issue
R010699,O0127101,C106032,2024-08-11,756.5,Not as Described
R010700,O0127116,C106032,2024-11-15,6888.13,Changed Mind
R010701,O0127132,C106032,2025-03-24,2900.54,Size Issue
R010702,O0127134,C106032,2025-04-03,85733.74,Late Delivery
R010703,O0127135,C106032,2025-05-18,121.44,Changed Mind
R010704,O0127141,C106032,2025-06-25,3093.41,Changed Mind
R010705,O0127165,C106032,2025-12-14,37268.64,Not as Described
R010706,O0127166,C106032,2025-12-24,1415.01,Defective Product
R010707,O0127180,C106032,2026-05-28,5166.13,Better Price Found
R010708,O0127184,C106032,2026-06-26,11336.79,Defective Product
R010709,O0127199,C106034,2025-08-13,21653.77,Changed Mind
R010710,O0127201,C106035,2026-04-11,18957.16,Changed Mind
R010711,O0127204,C106035,2026-06-04,2905.63,Changed Mind
R010712,O0127211,C106037,2025-01-10,6488.89,Size Issue
R010713,O0127224,C106038,2026-01-29,45889.22,Late Delivery
R010714,O0127286,C106039,2025-12-27,2312.27,Defective Product
R010715,O0127292,C106039,2026-02-03,909.94,Changed Mind
R010716,O0127319,C106040,2025-04-05,2814.1,Size Issue
R010717,O0127332,C106040,2025-09-30,1510.37,Size Issue
R010718,O0127381,C106043,2025-11-02,1177.19,Better Price Found
R010719,O0127402,C106046,2025-08-20,21366.75,Size Issue
R010720,O0127403,C106046,2025-08-26,37088.21,Not as Described
R010721,O0127411,C106046,2026-01-14,8859.8,Changed Mind
R010722,O0127414,C106046,2026-03-01,22174.08,Not as Described
R010723,O0127446,C106047,2025-12-18,11761.53,Better Price Found
R010724,O0127479,C106048,2023-09-06,3020.97,Not as Described
R010725,O0127483,C106048,2023-11-05,2980.15,Not as Described
R010726,O0127488,C106048,2024-01-12,10196.82,Defective Product
R010727,O0127497,C106048,2024-05-31,457.06,Defective Product
R010728,O0127510,C106048,2025-02-15,31893.24,Better Price Found
R010729,O0127520,C106048,2026-07-04,10722.3,Defective Product
R010730,O0127523,C106049,2024-02-03,2438.3,Changed Mind
R010731,O0127528,C106049,2024-04-16,38759.74,Late Delivery
R010732,O0127547,C106049,2024-10-20,1577.3,Late Delivery
R010733,O0127548,C106049,2024-10-23,850.29,Late Delivery
R010734,O0127605,C106049,2025-09-20,13431.18,Defective Product
R010735,O0127607,C106049,2025-10-12,21571.27,Better Price Found
R010736,O0127617,C106049,2025-12-05,5010.37,Size Issue
R010737,O0127640,C106049,2026-04-18,582.96,Not as Described
R010738,O0127658,C106051,2024-01-08,6500.57,Not as Described
R010739,O0127683,C106054,2024-09-21,1650.26,Defective Product
R010740,O0127690,C106054,2024-12-26,2105.98,Late Delivery
R010741,O0127691,C106054,2025-01-12,1333.86,Defective Product
R010742,O0127696,C106054,2025-05-26,1686.65,Late Delivery
R010743,O0127740,C106054,2026-07-03,20572.55,Defective Product
R010744,O0127748,C106056,2025-08-14,519.61,Not as Described
R010745,O0127753,C106056,2025-11-03,14087.34,Defective Product
R010746,O0127756,C106056,2025-12-03,5808.86,Better Price Found
R010747,O0127758,C106056,2026-01-07,36776.91,Changed Mind
R010748,O0127769,C106056,2026-06-06,11881.17,Late Delivery
R010749,O0127798,C106057,2024-01-30,2463.59,Not as Described
R010750,O0127804,C106057,2024-03-28,11516.46,Size Issue
R010751,O0127815,C106057,2024-06-24,5410.72,Not as Described
R010752,O0127817,C106057,2024-07-12,6170.22,Not as Described
R010753,O0127857,C106057,2025-04-19,16017.64,Changed Mind
R010754,O0127880,C106057,2025-09-21,3003.28,Defective Product
R010755,O0127890,C106057,2026-02-09,10693.96,Not as Described
R010756,O0127903,C106057,2026-04-24,52830.59,Changed Mind
R010757,O0127941,C106063,2023-05-19,359.74,Changed Mind
R010758,O0127945,C106063,2023-11-03,3406.53,Defective Product
R010759,O0127946,C106063,2023-11-24,68981.51,Size Issue
R010760,O0127951,C106064,2025-11-25,6668.35,Changed Mind
R010761,O0127960,C106064,2026-06-24,9255.28,Defective Product
R010762,O0127985,C106065,2025-11-12,12162.56,Not as Described
R010763,O0127989,C106066,2023-06-04,14343.39,Changed Mind
R010764,O0127992,C106066,2024-05-17,8605.48,Defective Product
R010765,O0128026,C106068,2026-01-02,2866.62,Not as Described
R010766,O0128035,C106068,2026-03-29,8479.35,Defective Product
R010767,O0128079,C106071,2026-06-25,32845.43,Size Issue
R010768,O0128102,C106074,2025-02-21,36822.84,Changed Mind
R010769,O0128107,C106074,2025-07-27,7154.27,Not as Described
R010770,O0128114,C106074,2026-02-09,304.55,Defective Product
R010771,O0128116,C106074,2026-05-09,11817.66,Changed Mind
R010772,O0128122,C106075,2025-03-05,30200.63,Defective Product
R010773,O0128127,C106075,2025-07-13,64030.81,Size Issue
R010774,O0128129,C106075,2025-09-17,477.43,Size Issue
R010775,O0128136,C106075,2026-04-14,5098.55,Late Delivery
R010776,O0128143,C106076,2024-12-23,1797.01,Not as Described
R010777,O0128161,C106076,2025-03-24,16489.45,Not as Described
R010778,O0128194,C106076,2026-02-15,12460.92,Late Delivery
R010779,O0128195,C106076,2026-02-23,7582.47,Size Issue
R010780,O0128196,C106076,2026-02-24,1970.5,Late Delivery
R010781,O0128202,C106076,2026-04-06,21677.33,Late Delivery
R010782,O0128206,C106076,2026-05-05,6236.14,Late Delivery
R010783,O0128236,C106079,2026-02-15,4303.01,Changed Mind
R010784,O0128239,C106079,2026-02-28,6233.12,Defective Product
R010785,O0128244,C106079,2026-05-11,6828.04,Defective Product
R010786,O0128247,C106079,2026-06-06,3818.26,Defective Product
R010787,O0128266,C106082,2025-10-05,5434.11,Changed Mind
R010788,O0128280,C106084,2024-09-18,3386.04,Late Delivery
R010789,O0128319,C106084,2026-03-23,22473.55,Not as Described
R010790,O0128346,C106085,2024-03-28,55484.46,Late Delivery
R010791,O0128351,C106085,2024-06-10,23343.62,Not as Described
R010792,O0128357,C106085,2024-07-28,3910.2,Size Issue
R010793,O0128362,C106085,2024-10-08,1937.43,Not as Described
R010794,O0128412,C106085,2025-12-03,1216.15,Size Issue
R010795,O0128425,C106085,2026-02-13,7630.72,Not as Described
R010796,O0128467,C106088,2026-04-26,13216.0,Defective Product
R010797,O0128478,C106088,2026-07-22,7096.52,Late Delivery
R010798,O0128480,C106089,2023-07-09,4857.22,Late Delivery
R010799,O0128484,C106089,2023-12-18,22905.62,Better Price Found
R010800,O0128487,C106089,2024-03-08,2781.18,Defective Product
R010801,O0128493,C106089,2026-01-30,4588.49,Changed Mind
R010802,O0128507,C106091,2026-01-02,1723.93,Not as Described
R010803,O0128524,C106093,2024-02-03,1273.17,Late Delivery
R010804,O0128533,C106093,2025-07-13,44412.92,Changed Mind
R010805,O0128552,C106095,2025-10-13,370.4,Defective Product
R010806,O0128555,C106095,2026-02-18,6919.25,Size Issue
R010807,O0128560,C106095,2026-03-27,838.18,Not as Described
R010808,O0128562,C106095,2026-04-15,17012.44,Defective Product
R010809,O0128564,C106095,2026-04-27,6691.87,Defective Product
R010810,O0128571,C106095,2026-08-04,2301.55,Changed Mind
R010811,O0128591,C106096,2026-02-28,1491.62,Better Price Found
R010812,O0128601,C106097,2023-11-29,12462.81,Changed Mind
R010813,O0128622,C106098,2024-12-06,1211.37,Defective Product
R010814,O0128630,C106098,2025-10-02,6309.06,Not as Described
R010815,O0128646,C106098,2026-06-24,8863.5,Changed Mind
R010816,O0128669,C106099,2024-12-07,4959.7,Not as Described
R010817,O0128670,C106099,2024-12-23,4506.26,Better Price Found
R010818,O0128680,C106099,2025-10-05,23140.37,Late Delivery
R010819,O0128681,C106099,2025-11-24,55981.77,Late Delivery
R010820,O0128695,C106100,2026-01-01,32141.79,Defective Product
R010821,O0128698,C106100,2026-04-08,4999.21,Defective Product
R010822,O0128699,C106100,2026-04-03,454.92,Changed Mind
R010823,O0128704,C106102,2025-12-24,85.8,Late Delivery
R010824,O0128709,C106104,2023-04-07,8199.23,Late Delivery
R010825,O0128730,C106105,2025-12-26,2714.16,Size Issue
R010826,O0128738,C106106,2025-10-02,2270.27,Not as Described
R010827,O0128746,C106106,2025-12-22,15448.97,Size Issue
R010828,O0128769,C106106,2026-06-13,5461.29,Size Issue
R010829,O0128779,C106108,2023-07-30,16143.18,Not as Described
R010830,O0128786,C106109,2026-01-29,22847.91,Defective Product
R010831,O0128789,C106109,2026-04-09,11075.2,Changed Mind
R010832,O0128791,C106109,2026-06-25,10231.7,Defective Product
R010833,O0128795,C106110,2024-09-05,4291.61,Changed Mind
R010834,O0128802,C106111,2026-05-20,9722.65,Changed Mind
R010835,O0128806,C106111,2026-07-19,31032.9,Changed Mind
R010836,O0128808,C106112,2024-11-01,6667.3,Size Issue
R010837,O0128811,C106112,2025-01-31,2239.68,Defective Product
R010838,O0128833,C106112,2025-12-11,7178.97,Changed Mind
R010839,O0128837,C106113,2024-04-08,35404.12,Better Price Found
R010840,O0128838,C106113,2024-04-08,61348.2,Better Price Found
R010841,O0128860,C106114,2024-10-29,613.57,Size Issue
R010842,O0128873,C106115,2025-05-17,28640.01,Defective Product
R010843,O0128877,C106115,2025-08-05,10000.06,Not as Described
R010844,O0128880,C106115,2025-09-27,2140.5,Late Delivery
R010845,O0128894,C106115,2026-06-18,11374.46,Not as Described
R010846,O0128895,C106115,2026-07-16,610.3,Better Price Found
R010847,O0128900,C106115,2026-08-01,2751.59,Late Delivery
R010848,O0128907,C106116,2023-12-04,12541.32,Changed Mind
R010849,O0128908,C106116,2023-11-26,2899.06,Better Price Found
R010850,O0128910,C106116,2024-02-01,266.66,Late Delivery
R010851,O0128918,C106116,2024-08-09,1168.76,Late Delivery
R010852,O0128949,C106120,2024-06-02,773.08,Changed Mind
R010853,O0128963,C106120,2025-01-02,11044.02,Size Issue
R010854,O0128975,C106120,2025-07-29,3379.67,Defective Product
R010855,O0128977,C106120,2026-04-13,940.2,Not as Described
R010856,O0128984,C106121,2025-01-02,4540.71,Not as Described
R010857,O0129003,C106121,2025-08-14,12633.82,Defective Product
R010858,O0129011,C106121,2025-11-16,6917.09,Size Issue
R010859,O0129023,C106121,2026-03-31,50030.71,Changed Mind
R010860,O0129034,C106123,2023-07-18,1177.94,Not as Described
R010861,O0129046,C106125,2026-04-02,2418.82,Size Issue
R010862,O0129055,C106126,2025-06-27,5949.01,Changed Mind
R010863,O0129060,C106126,2025-09-27,8062.76,Defective Product
R010864,O0129076,C106127,2026-07-29,3021.79,Size Issue
R010865,O0129089,C106130,2025-12-10,26795.64,Better Price Found
R010866,O0129092,C106131,2025-02-17,899.78,Defective Product
R010867,O0129093,C106131,2025-03-05,14214.76,Not as Described
R010868,O0129112,C106133,2025-07-08,110289.6,Defective Product
R010869,O0129132,C106138,2025-09-17,24162.14,Size Issue
R010870,O0129138,C106138,2026-02-11,8529.45,Size Issue
R010871,O0129143,C106138,2026-04-23,2157.28,Size Issue
R010872,O0129144,C106138,2026-05-04,2288.52,Not as Described
R010873,O0129179,C106139,2024-05-19,439.25,Changed Mind
R010874,O0129180,C106139,2024-05-22,78529.38,Better Price Found
R010875,O0129184,C106139,2024-07-16,2185.48,Not as Described
R010876,O0129196,C106139,2025-06-23,1233.27,Changed Mind
R010877,O0129204,C106140,2023-11-06,73143.53,Defective Product
R010878,O0129205,C106140,2024-02-19,3170.39,Late Delivery
R010879,O0129227,C106143,2024-03-28,2056.7,Size Issue
R010880,O0129228,C106143,2024-06-06,4497.59,Better Price Found
R010881,O0129229,C106143,2024-06-23,1547.8,Late Delivery
R010882,O0129232,C106143,2024-08-13,3794.15,Changed Mind
R010883,O0129241,C106143,2026-05-04,56066.31,Late Delivery
R010884,O0129244,C106144,2024-07-31,9144.96,Size Issue
R010885,O0129250,C106144,2024-09-25,455.35,Better Price Found
R010886,O0129258,C106144,2024-11-30,3006.24,Defective Product
R010887,O0129260,C106144,2024-12-17,23666.97,Not as Described
R010888,O0129262,C106144,2025-01-10,1431.76,Size Issue
R010889,O0129266,C106144,2025-03-26,6989.04,Size Issue
R010890,O0129275,C106144,2025-06-24,2401.54,Changed Mind
R010891,O0129276,C106144,2025-07-09,15925.6,Defective Product
R010892,O0129279,C106144,2025-08-24,384.96,Late Delivery
R010893,O0129285,C106144,2025-11-27,2491.23,Size Issue
R010894,O0129333,C106146,2025-10-14,9275.09,Late Delivery
R010895,O0129334,C106146,2025-10-17,13319.5,Late Delivery
R010896,O0129341,C106146,2026-01-07,748.34,Changed Mind
R010897,O0129361,C106146,2026-06-05,21159.2,Better Price Found
R010898,O0129383,C106148,2025-11-29,343.48,Defective Product
R010899,O0129394,C106148,2026-06-06,12959.28,Defective Product
R010900,O0129395,C106148,2026-07-15,9221.85,Defective Product
R010901,O0129433,C106149,2026-04-16,2731.12,Not as Described
R010902,O0129477,C106150,2024-11-11,106809.07,Defective Product
R010903,O0129485,C106150,2025-01-02,1594.66,Size Issue
R010904,O0129497,C106150,2025-05-14,1544.58,Size Issue
R010905,O0129508,C106150,2025-08-23,12251.15,Size Issue
R010906,O0129522,C106150,2025-12-23,7050.72,Changed Mind
R010907,O0129523,C106150,2025-12-26,494.07,Late Delivery
R010908,O0129527,C106150,2026-02-04,13018.95,Defective Product
R010909,O0129566,C106153,2023-11-21,1846.34,Not as Described
R010910,O0129567,C106153,2023-11-14,5456.9,Late Delivery
R010911,O0129612,C106153,2025-04-05,8111.29,Defective Product
R010912,O0129633,C106153,2025-11-07,11229.5,Better Price Found
R010913,O0129641,C106153,2026-02-07,5911.14,Size Issue
R010914,O0129646,C106153,2026-03-29,9411.7,Not as Described
R010915,O0129665,C106154,2024-12-18,1323.61,Late Delivery
R010916,O0129672,C106155,2023-05-27,1772.72,Defective Product
R010917,O0129674,C106156,2026-02-27,35645.08,Size Issue
R010918,O0129679,C106157,2024-06-04,5710.19,Changed Mind
R010919,O0129680,C106157,2024-06-21,2069.18,Defective Product
R010920,O0129685,C106157,2024-09-03,8217.62,Changed Mind
R010921,O0129688,C106157,2024-09-15,3818.57,Late Delivery
R010922,O0129696,C106157,2024-11-15,381.6,Late Delivery
R010923,O0129700,C106157,2024-12-19,4412.62,Changed Mind
R010924,O0129726,C106157,2025-08-13,1555.59,Defective Product
R010925,O0129730,C106157,2025-09-05,8800.34,Size Issue
R010926,O0129740,C106157,2026-01-02,7630.44,Defective Product
R010927,O0129742,C106157,2026-01-23,1546.74,Defective Product
R010928,O0129753,C106157,2026-04-08,11159.83,Better Price Found
R010929,O0129755,C106157,2026-04-26,24637.16,Size Issue
R010930,O0129780,C106158,2023-11-25,12452.22,Better Price Found
R010931,O0129798,C106159,2026-04-22,7631.85,Changed Mind
R010932,O0129808,C106160,2024-06-27,24567.08,Changed Mind
R010933,O0129825,C106162,2023-02-14,13198.83,Not as Described
R010934,O0129826,C106162,2023-03-04,574.39,Not as Described
R010935,O0129837,C106162,2024-09-04,17468.09,Not as Described
R010936,O0129845,C106162,2025-06-28,3856.9,Not as Described
R010937,O0129846,C106162,2025-08-04,4007.84,Defective Product
R010938,O0129849,C106163,2025-07-07,8718.82,Changed Mind
R010939,O0129861,C106163,2026-06-30,4703.14,Better Price Found
R010940,O0129867,C106164,2025-12-08,4253.13,Not as Described
R010941,O0129871,C106164,2026-03-28,1183.69,Better Price Found
R010942,O0129895,C106166,2024-01-06,48325.56,Defective Product
R010943,O0129900,C106166,2025-03-26,5928.57,Changed Mind
R010944,O0129908,C106168,2026-05-17,326.53,Size Issue
R010945,O0129927,C106170,2023-04-01,20884.39,Better Price Found
R010946,O0129929,C106170,2023-05-02,1024.11,Better Price Found
R010947,O0129940,C106170,2023-12-13,2132.2,Not as Described
R010948,O0129950,C106171,2025-11-09,16586.66,Not as Described
R010949,O0129952,C106171,2026-04-11,4629.37,Better Price Found
R010950,O0129953,C106171,2026-06-15,3689.09,Defective Product
R010951,O0129972,C106172,2026-07-29,14271.07,Late Delivery
R010952,O0129978,C106173,2025-01-27,10831.31,Not as Described
R010953,O0129981,C106173,2025-07-21,250.8,Better Price Found
R010954,O0129992,C106173,2026-08-06,2392.25,Size Issue
R010955,O0130004,C106174,2025-07-04,4422.74,Defective Product
R010956,O0130011,C106174,2025-10-25,1317.59,Changed Mind
R010957,O0130012,C106174,2025-10-31,5699.4,Changed Mind
R010958,O0130017,C106174,2025-12-04,1726.19,Changed Mind
R010959,O0130021,C106174,2025-12-15,137093.99,Not as Described
R010960,O0130029,C106174,2026-02-07,19192.16,Late Delivery
R010961,O0130047,C106175,2023-09-08,4090.0,Changed Mind
R010962,O0130051,C106175,2024-01-19,22191.62,Late Delivery
R010963,O0130053,C106175,2024-02-02,2512.36,Defective Product
R010964,O0130054,C106175,2024-02-12,33717.06,Changed Mind
R010965,O0130065,C106175,2024-11-06,1282.66,Not as Described
R010966,O0130075,C106175,2025-04-28,23280.94,Defective Product
R010967,O0130086,C106175,2025-07-30,3006.32,Size Issue
R010968,O0130097,C106175,2025-12-04,8461.7,Size Issue
R010969,O0130109,C106175,2026-04-10,861.73,Defective Product
R010970,O0130131,C106176,2024-04-18,8676.6,Size Issue
R010971,O0130140,C106176,2026-04-12,1943.27,Changed Mind
R010972,O0130142,C106177,2023-03-10,2383.1,Better Price Found
R010973,O0130144,C106177,2023-04-17,8922.45,Not as Described
R010974,O0130147,C106177,2023-07-08,7361.77,Changed Mind
R010975,O0130174,C106177,2025-01-07,58454.1,Better Price Found
R010976,O0130176,C106177,2025-04-13,2814.77,Size Issue
R010977,O0130197,C106178,2025-03-29,9699.88,Late Delivery
R010978,O0130199,C106178,2025-04-21,1613.08,Size Issue
R010979,O0130200,C106178,2025-04-30,16216.27,Defective Product
R010980,O0130204,C106178,2025-06-06,3658.79,Better Price Found
R010981,O0130221,C106180,2026-03-25,1367.44,Late Delivery
R010982,O0130223,C106181,2026-04-05,38926.29,Size Issue
R010983,O0130259,C106185,2026-04-08,684.44,Changed Mind
R010984,O0130263,C106186,2023-02-24,59170.79,Defective Product
R010985,O0130267,C106186,2023-06-16,10788.14,Late Delivery
R010986,O0130286,C106189,2026-04-01,755.01,Better Price Found
R010987,O0130317,C106191,2024-09-17,13568.25,Better Price Found
R010988,O0130331,C106191,2024-12-06,7846.57,Late Delivery
R010989,O0130337,C106191,2025-01-06,2037.45,Changed Mind
R010990,O0130338,C106191,2025-01-29,1605.74,Defective Product
R010991,O0130363,C106191,2025-10-01,4566.29,Late Delivery
R010992,O0130364,C106191,2025-10-16,8420.54,Defective Product
R010993,O0130369,C106191,2025-10-31,3599.19,Size Issue
R010994,O0130375,C106191,2025-12-07,481.27,Better Price Found
R010995,O0130384,C106191,2026-04-05,3978.68,Defective Product
R010996,O0130393,C106191,2026-06-20,363.43,Late Delivery
R010997,O0130394,C106191,2026-07-13,2274.46,Late Delivery
R010998,O0130395,C106191,2026-08-02,10800.48,Changed Mind
R010999,O0130418,C106195,2024-01-28,3806.52,Changed Mind
R011000,O0130436,C106195,2025-02-04,4014.51,Better Price Found
R011001,O0130442,C106195,2025-05-16,1195.55,Changed Mind
R011002,O0130443,C106195,2025-05-16,1652.7,Size Issue
R011003,O0130479,C106200,2023-05-03,617.47,Better Price Found
R011004,O0130484,C106200,2023-10-21,21539.34,Defective Product
R011005,O0130497,C106200,2024-04-22,687.7,Defective Product
R011006,O0130506,C106200,2024-05-28,5480.74,Not as Described
R011007,O0130513,C106200,2024-07-13,9431.25,Not as Described
R011008,O0130514,C106200,2024-07-15,3820.05,Not as Described
R011009,O0130533,C106200,2025-01-23,955.44,Defective Product
R011010,O0130546,C106200,2025-04-08,5664.79,Changed Mind
R011011,O0130566,C106200,2025-08-31,26568.26,Changed Mind
R011012,O0130576,C106200,2025-11-14,406.9,Changed Mind
R011013,O0130589,C106200,2026-05-30,10269.25,Defective Product
R011014,O0130593,C106200,2026-07-26,4232.65,Not as Described
R011015,O0130613,C106204,2024-06-04,4485.69,Better Price Found
R011016,O0130626,C106204,2025-10-30,1974.6,Better Price Found
R011017,O0130628,C106204,2026-01-23,3330.49,Defective Product
R011018,O0130629,C106204,2026-03-08,87355.41,Changed Mind
R011019,O0130632,C106204,2026-04-14,3619.1,Defective Product
R011020,O0130656,C106206,2025-01-17,2779.03,Not as Described
R011021,O0130657,C106206,2025-01-26,2177.09,Better Price Found
R011022,O0130666,C106206,2025-08-17,9471.17,Better Price Found
R011023,O0130677,C106206,2026-01-13,4629.17,Changed Mind
R011024,O0130678,C106206,2026-01-24,3130.37,Defective Product
R011025,O0130679,C106206,2026-01-30,20920.53,Size Issue
R011026,O0130703,C106207,2024-05-15,22988.28,Late Delivery
R011027,O0130708,C106207,2024-07-25,11443.04,Not as Described
R011028,O0130709,C106207,2024-08-17,3875.33,Changed Mind
R011029,O0130720,C106207,2025-05-20,691.22,Size Issue
R011030,O0130726,C106207,2025-07-28,3312.25,Better Price Found
R011031,O0130743,C106207,2026-03-12,44445.44,Defective Product
R011032,O0130758,C106208,2026-01-22,576.65,Late Delivery
R011033,O0130762,C106208,2026-06-22,5180.65,Size Issue
R011034,O0130763,C106208,2026-06-27,19679.72,Changed Mind
R011035,O0130764,C106209,2026-05-30,40890.82,Better Price Found
R011036,O0130792,C106212,2024-11-01,3025.04,Late Delivery
R011037,O0130799,C106212,2025-02-20,1003.1,Defective Product
R011038,O0130803,C106212,2025-04-24,17632.69,Size Issue
R011039,O0130811,C106214,2025-11-27,2564.79,Size Issue
R011040,O0130815,C106214,2026-02-13,1186.12,Not as Described
R011041,O0130828,C106215,2025-03-30,1616.49,Size Issue
R011042,O0130842,C106215,2025-07-22,3853.1,Better Price Found
R011043,O0130848,C106215,2025-10-24,21182.95,Not as Described
R011044,O0130851,C106215,2025-11-16,1031.02,Late Delivery
R011045,O0130858,C106215,2026-03-19,1811.24,Better Price Found
R011046,O0130860,C106215,2026-04-21,15549.86,Defective Product
R011047,O0130863,C106215,2026-05-10,1693.19,Changed Mind
R011048,O0130865,C106215,2026-05-31,13935.5,Not as Described
R011049,O0130874,C106216,2025-08-20,1609.44,Changed Mind
R011050,O0130882,C106217,2025-02-10,10975.5,Changed Mind
R011051,O0130900,C106218,2025-01-16,3007.47,Late Delivery
R011052,O0130907,C106218,2025-04-19,21203.95,Not as Described
R011053,O0130925,C106218,2025-08-28,7456.08,Size Issue
R011054,O0130928,C106218,2025-09-14,10702.8,Late Delivery
R011055,O0130956,C106218,2026-07-18,18775.59,Defective Product
R011056,O0130959,C106218,2026-07-26,29750.91,Defective Product
R011057,O0130968,C106219,2025-02-11,1153.52,Better Price Found
R011058,O0130969,C106219,2025-03-03,26100.3,Late Delivery
R011059,O0131007,C106220,2025-12-28,5781.03,Better Price Found
R011060,O0131013,C106220,2026-05-16,1877.8,Defective Product
R011061,O0131016,C106220,2026-06-04,12612.46,Not as Described
R011062,O0131020,C106220,2026-07-11,9462.82,Defective Product
R011063,O0131022,C106220,2026-07-24,1284.63,Better Price Found
R011064,O0131052,C106223,2026-07-01,2163.85,Size Issue
R011065,O0131068,C106226,2023-09-25,6506.26,Not as Described
R011066,O0131074,C106226,2025-10-09,9324.73,Size Issue
R011067,O0131087,C106226,2026-06-12,17697.05,Changed Mind
R011068,O0131119,C106229,2025-07-24,22020.37,Better Price Found
R011069,O0131150,C106229,2026-03-10,4176.64,Changed Mind
R011070,O0131153,C106229,2026-03-21,10726.61,Not as Described
R011071,O0131155,C106229,2026-05-05,5189.11,Not as Described
R011072,O0131175,C106231,2025-03-01,7297.24,Size Issue
R011073,O0131178,C106231,2025-10-01,1512.79,Defective Product
R011074,O0131184,C106232,2024-05-15,8032.41,Changed Mind
R011075,O0131206,C106232,2025-03-24,2224.93,Defective Product
R011076,O0131209,C106232,2025-04-07,10965.53,Changed Mind
R011077,O0131229,C106233,2025-11-26,8213.01,Changed Mind
R011078,O0131237,C106234,2023-08-24,2604.77,Not as Described
R011079,O0131242,C106234,2024-05-24,25617.66,Defective Product
R011080,O0131265,C106236,2026-07-02,12515.29,Late Delivery
R011081,O0131271,C106237,2025-02-12,55686.51,Better Price Found
R011082,O0131283,C106237,2026-04-15,14530.16,Not as Described
R011083,O0131308,C106239,2025-10-26,82616.86,Late Delivery
R011084,O0131331,C106239,2026-03-20,96028.63,Late Delivery
R011085,O0131348,C106239,2026-08-06,25355.31,Changed Mind
R011086,O0131355,C106240,2023-10-12,11197.19,Not as Described
R011087,O0131489,C106242,2025-05-01,3500.67,Not as Described
R011088,O0131490,C106242,2025-05-17,6112.98,Not as Described
R011089,O0131497,C106242,2025-07-28,4755.41,Late Delivery
R011090,O0131516,C106242,2025-12-09,20229.6,Changed Mind
R011091,O0131542,C106242,2026-07-23,16901.17,Size Issue
R011092,O0131592,C106248,2026-04-04,4145.79,Better Price Found
R011093,O0131595,C106249,2024-10-17,14126.88,Defective Product
R011094,O0131596,C106249,2025-02-25,11330.01,Better Price Found
R011095,O0131619,C106250,2024-12-16,5165.55,Late Delivery
R011096,O0131638,C106250,2025-09-18,6963.74,Late Delivery
R011097,O0131659,C106253,2023-01-26,3041.02,Size Issue
R011098,O0131660,C106253,2023-02-21,700.19,Not as Described
R011099,O0131669,C106253,2023-09-24,7936.98,Late Delivery
R011100,O0131675,C106253,2024-07-11,28317.74,Changed Mind
R011101,O0131692,C106258,2024-11-20,297.94,Late Delivery
R011102,O0131716,C106260,2026-07-15,6465.21,Better Price Found
R011103,O0131761,C106262,2025-02-10,172272.59,Size Issue
R011104,O0131775,C106262,2025-06-04,1457.33,Size Issue
R011105,O0131839,C106264,2025-12-31,2791.62,Late Delivery
R011106,O0131867,C106266,2025-01-25,8727.3,Not as Described
R011107,O0131868,C106266,2025-02-18,4967.81,Better Price Found
R011108,O0131880,C106266,2025-04-08,3922.63,Size Issue
R011109,O0131892,C106266,2025-08-01,10609.96,Changed Mind
R011110,O0131895,C106266,2025-08-31,15862.85,Better Price Found
R011111,O0131914,C106266,2026-01-20,26355.55,Better Price Found
R011112,O0131916,C106266,2026-02-18,4402.34,Better Price Found
R011113,O0131922,C106266,2026-04-03,3886.2,Changed Mind
R011114,O0131934,C106267,2024-08-29,8794.9,Not as Described
R011115,O0131962,C106267,2025-11-25,4628.34,Late Delivery
R011116,O0132050,C106268,2026-05-18,4910.0,Size Issue
R011117,O0132090,C106271,2025-05-21,1660.47,Not as Described
R011118,O0132094,C106271,2025-06-09,645.54,Not as Described
R011119,O0132111,C106271,2025-11-18,1601.68,Defective Product
R011120,O0132116,C106271,2025-12-10,39090.04,Size Issue
R011121,O0132126,C106271,2026-02-27,5408.52,Late Delivery
R011122,O0132132,C106271,2026-04-24,1983.47,Changed Mind
R011123,O0132157,C106274,2024-07-21,8751.29,Late Delivery
R011124,O0132170,C106275,2025-09-07,10737.95,Size Issue
R011125,O0132195,C106277,2026-03-27,1422.71,Size Issue
R011126,O0132217,C106280,2024-07-02,7114.85,Size Issue
R011127,O0132223,C106280,2025-08-10,5826.93,Better Price Found
R011128,O0132242,C106283,2025-06-24,2892.67,Defective Product
R011129,O0132245,C106283,2025-09-04,3530.36,Changed Mind
R011130,O0132254,C106283,2026-06-09,3909.28,Better Price Found
R011131,O0132257,C106284,2024-07-16,12715.87,Size Issue
R011132,O0132262,C106284,2024-09-14,320.84,Better Price Found
R011133,O0132285,C106286,2025-10-03,3802.63,Better Price Found
R011134,O0132298,C106287,2025-08-26,1164.6,Changed Mind
R011135,O0132311,C106287,2026-04-09,6382.73,Defective Product
R011136,O0132348,C106289,2024-11-12,875.2,Size Issue
R011137,O0132401,C106291,2026-06-19,19705.64,Changed Mind
R011138,O0132404,C106292,2025-08-19,2958.31,Size Issue
R011139,O0132407,C106293,2025-07-22,634.72,Defective Product
R011140,O0132419,C106294,2023-08-09,9325.84,Changed Mind
R011141,O0132432,C106294,2024-02-08,3027.67,Size Issue
R011142,O0132476,C106296,2024-10-06,6605.43,Late Delivery
R011143,O0132478,C106296,2024-11-05,6064.66,Changed Mind
R011144,O0132483,C106296,2024-12-24,890.76,Better Price Found
R011145,O0132500,C106296,2025-07-29,18540.62,Size Issue
R011146,O0132535,C106298,2025-10-23,2693.71,Changed Mind
R011147,O0132538,C106298,2026-05-29,5754.83,Changed Mind
R011148,O0132556,C106302,2026-04-22,7487.76,Not as Described
R011149,O0132562,C106302,2026-07-27,3385.42,Not as Described
R011150,O0132564,C106303,2025-04-05,1200.72,Defective Product
R011151,O0132575,C106305,2023-10-27,14239.89,Better Price Found
R011152,O0132576,C106305,2023-11-20,157.35,Defective Product
R011153,O0132583,C106305,2024-10-23,50571.26,Not as Described
R011154,O0132589,C106306,2023-04-19,3389.11,Late Delivery
R011155,O0132629,C106310,2025-08-21,8514.65,Size Issue
R011156,O0132655,C106312,2025-06-28,3598.72,Defective Product
R011157,O0132657,C106312,2025-07-24,1384.76,Late Delivery
R011158,O0132659,C106312,2025-08-10,2948.73,Size Issue
R011159,O0132660,C106312,2025-08-18,6240.19,Not as Described
R011160,O0132663,C106312,2025-09-19,6190.67,Changed Mind
R011161,O0132666,C106312,2025-09-28,45076.27,Size Issue
R011162,O0132679,C106312,2025-11-27,18377.69,Defective Product
R011163,O0132687,C106312,2026-01-30,2642.33,Late Delivery
R011164,O0132696,C106312,2026-04-25,387.01,Defective Product
R011165,O0132705,C106312,2026-05-30,39975.94,Not as Described
R011166,O0132714,C106312,2026-07-15,967.65,Late Delivery
R011167,O0132718,C106312,2026-07-25,24947.68,Size Issue
R011168,O0132728,C106313,2026-04-05,4942.63,Defective Product
R011169,O0132731,C106313,2026-05-04,13873.4,Better Price Found
R011170,O0132758,C106315,2024-03-23,8396.18,Changed Mind
R011171,O0132768,C106315,2024-05-27,15328.73,Defective Product
R011172,O0132782,C106315,2024-10-17,5423.41,Defective Product
R011173,O0132804,C106315,2025-02-06,3995.46,Changed Mind
R011174,O0132815,C106315,2025-05-02,16497.23,Late Delivery
R011175,O0132823,C106315,2025-07-07,35592.42,Changed Mind
R011176,O0132827,C106315,2025-07-15,392.31,Better Price Found
R011177,O0132829,C106315,2025-07-27,4043.64,Late Delivery
R011178,O0132850,C106315,2026-02-08,2521.1,Better Price Found
R011179,O0132869,C106316,2025-03-22,2131.07,Not as Described
R011180,O0132904,C106316,2025-11-09,4114.41,Better Price Found
R011181,O0132905,C106316,2025-11-24,7670.94,Better Price Found
R011182,O0132906,C106316,2025-11-27,2540.97,Better Price Found
R011183,O0132915,C106316,2026-01-22,14986.03,Better Price Found
R011184,O0132917,C106316,2026-02-02,647.77,Not as Described
R011185,O0132918,C106316,2026-03-08,2712.26,Not as Described
R011186,O0132924,C106316,2026-05-11,18047.26,Defective Product
R011187,O0132927,C106316,2026-05-26,24424.09,Better Price Found
R011188,O0132932,C106316,2026-07-16,50027.2,Size Issue
R011189,O0132936,C106316,2026-08-01,7564.23,Size Issue
R011190,O0132944,C106317,2024-08-03,5745.76,Better Price Found
R011191,O0132952,C106317,2024-12-16,15736.57,Late Delivery
R011192,O0132961,C106317,2025-09-01,156.12,Better Price Found
R011193,O0132973,C106318,2025-12-16,86396.15,Changed Mind
R011194,O0132975,C106318,2026-03-30,445.0,Not as Described
R011195,O0132977,C106318,2026-04-23,25913.58,Changed Mind
R011196,O0132983,C106321,2024-08-04,1693.85,Defective Product
R011197,O0132994,C106321,2025-04-24,21602.99,Not as Described
R011198,O0132995,C106321,2025-05-10,1567.96,Better Price Found
R011199,O0133002,C106321,2025-10-27,2220.62,Not as Described
R011200,O0133005,C106321,2025-11-28,29857.0,Size Issue
R011201,O0133023,C106321,2026-07-08,1154.48,Better Price Found
R011202,O0133026,C106321,2026-08-06,4352.0,Late Delivery
R011203,O0133038,C106323,2023-06-17,761.79,Better Price Found
R011204,O0133068,C106324,2026-04-25,7756.57,Changed Mind
R011205,O0133069,C106324,2026-05-22,2503.27,Late Delivery
R011206,O0133074,C106324,2026-07-04,18256.54,Changed Mind
R011207,O0133078,C106325,2023-10-05,17424.84,Better Price Found
R011208,O0133097,C106325,2024-08-26,5062.18,Changed Mind
R011209,O0133100,C106325,2024-11-23,44416.02,Defective Product
R011210,O0133138,C106326,2024-11-27,1467.44,Better Price Found
R011211,O0133143,C106327,2026-02-15,4037.15,Better Price Found
R011212,O0133144,C106327,2026-03-10,2065.25,Late Delivery
R011213,O0133153,C106329,2026-01-18,73175.85,Better Price Found
R011214,O0133164,C106331,2023-08-07,9148.69,Better Price Found
R011215,O0133177,C106331,2024-11-08,10239.93,Defective Product
R011216,O0133189,C106333,2024-07-26,1427.18,Size Issue
R011217,O0133191,C106333,2025-03-28,29701.31,Not as Described
R011218,O0133195,C106334,2023-03-29,4877.03,Changed Mind
R011219,O0133213,C106334,2024-04-17,9679.25,Changed Mind
R011220,O0133216,C106334,2024-06-28,10562.07,Better Price Found
R011221,O0133232,C106335,2024-10-03,2377.23,Not as Described
R011222,O0133238,C106335,2025-04-25,4551.84,Not as Described
R011223,O0133260,C106337,2024-03-04,4160.54,Not as Described
R011224,O0133271,C106340,2024-02-04,2625.0,Late Delivery
R011225,O0133286,C106340,2024-07-09,140.46,Changed Mind
R011226,O0133317,C106340,2025-05-07,1714.29,Defective Product
R011227,O0133331,C106340,2025-09-14,971.92,Size Issue
R011228,O0133332,C106340,2025-09-10,294.44,Defective Product
R011229,O0133357,C106340,2026-04-18,14194.57,Size Issue
R011230,O0133365,C106340,2026-06-29,3856.87,Late Delivery
R011231,O0133368,C106340,2026-07-13,2599.12,Defective Product
R011232,O0133372,C106340,2026-07-31,248.83,Size Issue
R011233,O0133442,C106342,2026-06-05,1194.3,Defective Product
R011234,O0133455,C106343,2023-12-11,667.28,Defective Product
R011235,O0133462,C106343,2024-07-03,28943.77,Changed Mind
R011236,O0133505,C106348,2024-01-02,12108.42,Defective Product
R011237,O0133509,C106348,2024-02-04,42400.51,Size Issue
R011238,O0133513,C106348,2024-03-12,335.3,Size Issue
R011239,O0133519,C106348,2024-05-15,5537.14,Size Issue
R011240,O0133534,C106348,2024-10-17,927.37,Size Issue
R011241,O0133541,C106348,2024-12-31,4015.74,Not as Described
R011242,O0133553,C106348,2025-07-18,873.96,Not as Described
R011243,O0133578,C106348,2026-01-14,5821.94,Late Delivery
R011244,O0133613,C106350,2025-05-29,2045.46,Defective Product
R011245,O0133622,C106350,2025-12-01,3364.62,Defective Product
R011246,O0133625,C106350,2025-12-03,1314.78,Not as Described
R011247,O0133626,C106350,2025-12-10,6548.55,Better Price Found
R011248,O0133637,C106350,2026-05-26,115.93,Defective Product
R011249,O0133640,C106350,2026-06-16,273.75,Better Price Found
R011250,O0133645,C106351,2026-07-17,428.16,Better Price Found
R011251,O0133679,C106353,2026-07-02,1045.77,Changed Mind
R011252,O0133689,C106354,2025-01-14,9215.13,Not as Described
R011253,O0133693,C106354,2025-02-08,7379.25,Better Price Found
R011254,O0133699,C106354,2025-03-17,55933.41,Size Issue
R011255,O0133703,C106354,2025-04-07,4110.18,Better Price Found
R011256,O0133704,C106354,2025-04-15,10730.11,Not as Described
R011257,O0133739,C106354,2026-02-10,42.09,Better Price Found
R011258,O0133751,C106354,2026-04-12,2310.47,Changed Mind
R011259,O0133768,C106357,2024-04-16,18174.26,Late Delivery
R011260,O0133777,C106359,2024-05-03,5939.54,Size Issue
R011261,O0133784,C106359,2024-09-07,4827.48,Late Delivery
R011262,O0133795,C106359,2026-02-16,588.67,Defective Product
R011263,O0133808,C106361,2025-03-23,2099.03,Defective Product
R011264,O0133815,C106361,2025-12-10,7971.11,Size Issue
R011265,O0133828,C106362,2024-11-29,2430.53,Not as Described
R011266,O0133829,C106362,2024-12-01,11778.09,Late Delivery
R011267,O0133849,C106362,2026-06-19,2878.71,Defective Product
R011268,O0133862,C106368,2025-03-24,2072.78,Not as Described
R011269,O0133879,C106370,2025-03-25,11611.04,Defective Product
R011270,O0133883,C106370,2025-06-19,117921.97,Changed Mind
R011271,O0133905,C106370,2026-06-18,8130.77,Better Price Found
R011272,O0133915,C106373,2025-05-07,546.19,Not as Described
R011273,O0133925,C106373,2026-03-17,7684.67,Size Issue
R011274,O0133929,C106373,2026-07-21,297.25,Better Price Found
R011275,O0133937,C106374,2024-12-08,2526.82,Late Delivery
R011276,O0133938,C106375,2024-07-14,1676.42,Changed Mind
R011277,O0133963,C106380,2023-06-09,6850.59,Better Price Found
R011278,O0133965,C106380,2023-06-26,41294.95,Size Issue
R011279,O0133987,C106383,2024-12-20,6180.35,Defective Product
R011280,O0133991,C106383,2025-04-06,7863.96,Late Delivery
R011281,O0133997,C106384,2025-01-27,1344.97,Defective Product
R011282,O0134012,C106384,2025-08-12,5583.47,Late Delivery
R011283,O0134030,C106386,2024-11-27,17452.27,Not as Described
R011284,O0134034,C106386,2025-05-22,426.21,Defective Product
R011285,O0134036,C106386,2025-07-02,89.05,Defective Product
R011286,O0134044,C106387,2026-01-05,6466.05,Not as Described
R011287,O0134060,C106388,2025-02-15,1887.28,Not as Described
R011288,O0134066,C106388,2025-04-11,9135.98,Defective Product
R011289,O0134070,C106388,2025-05-15,12528.2,Not as Described
R011290,O0134071,C106388,2025-05-17,23068.51,Changed Mind
R011291,O0134082,C106388,2025-08-24,20792.01,Better Price Found
R011292,O0134087,C106388,2025-10-02,8162.87,Late Delivery
R011293,O0134091,C106388,2025-12-08,25732.04,Size Issue
R011294,O0134096,C106388,2025-12-27,15056.93,Late Delivery
R011295,O0134103,C106388,2026-03-30,11377.8,Changed Mind
R011296,O0134106,C106388,2026-04-11,33731.01,Not as Described
R011297,O0134138,C106389,2025-11-30,1972.5,Late Delivery
R011298,O0134152,C106389,2026-05-24,7390.81,Not as Described
R011299,O0134156,C106389,2026-06-07,7274.62,Size Issue
R011300,O0134178,C106392,2025-11-30,4049.21,Late Delivery
R011301,O0134179,C106392,2025-12-16,18948.4,Better Price Found
R011302,O0134187,C106393,2025-03-04,2486.97,Changed Mind
R011303,O0134193,C106394,2023-08-04,11026.47,Size Issue
R011304,O0134210,C106398,2024-01-16,44125.15,Better Price Found
R011305,O0134216,C106398,2024-05-03,3803.09,Late Delivery
R011306,O0134246,C106400,2026-02-13,1775.23,Defective Product
R011307,O0134269,C106402,2026-04-10,1283.41,Not as Described
R011308,O0134304,C106404,2023-12-05,10484.3,Size Issue
R011309,O0134321,C106405,2026-02-01,1776.68,Late Delivery
R011310,O0134322,C106405,2026-02-14,1168.64,Better Price Found
R011311,O0134323,C106405,2026-03-11,610.86,Changed Mind
R011312,O0134326,C106406,2025-02-15,17310.24,Changed Mind
R011313,O0134346,C106408,2026-02-10,1942.87,Late Delivery
R011314,O0134354,C106410,2023-08-31,17131.31,Not as Described
R011315,O0134355,C106410,2023-09-26,6856.32,Changed Mind
R011316,O0134370,C106410,2024-12-26,8043.88,Defective Product
R011317,O0134380,C106413,2023-09-20,3150.34,Defective Product
R011318,O0134392,C106414,2024-06-16,1795.97,Better Price Found
R011319,O0134397,C106414,2024-09-11,4995.39,Size Issue
R011320,O0134417,C106414,2026-01-29,14039.71,Not as Described
R011321,O0134429,C106415,2024-10-06,3523.79,Size Issue
R011322,O0134442,C106417,2024-12-08,4262.45,Changed Mind
R011323,O0134443,C106417,2024-12-23,4210.21,Size Issue
R011324,O0134450,C106417,2025-09-24,19171.77,Size Issue
R011325,O0134452,C106417,2026-03-15,36406.18,Defective Product
R011326,O0134456,C106418,2024-01-09,8246.97,Better Price Found
R011327,O0134457,C106418,2024-01-10,40344.16,Not as Described
R011328,O0134506,C106418,2025-09-08,4033.16,Not as Described
R011329,O0134516,C106418,2026-01-05,29280.89,Not as Described
R011330,O0134521,C106418,2026-02-16,8951.24,Changed Mind
R011331,O0134564,C106419,2025-01-30,1403.95,Changed Mind
R011332,O0134579,C106419,2026-01-18,44278.24,Size Issue
R011333,O0134588,C106420,2025-03-02,649.69,Not as Described
R011334,O0134589,C106420,2025-04-02,5678.25,Not as Described
R011335,O0134591,C106420,2025-04-13,24898.94,Better Price Found
R011336,O0134601,C106421,2024-12-14,770.06,Better Price Found
R011337,O0134616,C106421,2025-04-30,2643.01,Not as Described
R011338,O0134676,C106422,2024-02-16,3191.44,Late Delivery
R011339,O0134688,C106423,2025-12-11,449.89,Changed Mind
R011340,O0134714,C106424,2024-10-02,8778.36,Better Price Found
R011341,O0134728,C106424,2025-02-10,26697.69,Late Delivery
R011342,O0134733,C106424,2025-02-28,36322.66,Changed Mind
R011343,O0134747,C106424,2025-08-07,2300.47,Better Price Found
R011344,O0134751,C106424,2025-09-16,10569.36,Better Price Found
R011345,O0134753,C106424,2025-10-16,6148.5,Not as Described
R011346,O0134774,C106424,2026-07-22,11863.14,Better Price Found
R011347,O0134787,C106425,2024-09-05,2982.36,Defective Product
R011348,O0134795,C106425,2025-02-07,3088.2,Defective Product
R011349,O0134796,C106425,2025-02-09,578.62,Changed Mind
R011350,O0134806,C106425,2025-08-03,34340.13,Size Issue
R011351,O0134847,C106425,2026-07-15,4625.84,Size Issue
R011352,O0134855,C106426,2026-01-06,1742.84,Better Price Found
R011353,O0134856,C106426,2026-01-24,3738.85,Not as Described
R011354,O0134873,C106427,2026-04-04,26272.81,Not as Described
R011355,O0134877,C106427,2026-05-21,6829.65,Late Delivery
R011356,O0134881,C106427,2026-07-09,5033.93,Size Issue
R011357,O0134885,C106428,2023-12-22,24638.02,Better Price Found
R011358,O0134893,C106429,2023-06-08,22948.98,Defective Product
R011359,O0134899,C106429,2023-09-08,2552.2,Late Delivery
R011360,O0134928,C106429,2024-06-07,2144.61,Size Issue
R011361,O0134951,C106429,2025-01-18,2523.0,Not as Described
R011362,O0134965,C106429,2025-08-05,1274.94,Changed Mind
R011363,O0134970,C106429,2025-10-09,45034.83,Late Delivery
R011364,O0135000,C106430,2025-07-01,516.48,Better Price Found
R011365,O0135029,C106432,2026-06-10,42066.88,Size Issue
R011366,O0135030,C106433,2025-11-03,1765.46,Changed Mind
R011367,O0135043,C106434,2026-03-01,351.13,Not as Described
R011368,O0135052,C106437,2025-07-28,422.7,Size Issue
R011369,O0135054,C106437,2025-09-06,100705.42,Changed Mind
R011370,O0135106,C106443,2024-08-22,24391.7,Better Price Found
R011371,O0135113,C106445,2024-11-11,4128.99,Changed Mind
R011372,O0135116,C106445,2025-04-07,19036.85,Late Delivery
R011373,O0135162,C106447,2025-10-05,6586.93,Defective Product
R011374,O0135164,C106447,2025-12-04,2745.39,Size Issue
R011375,O0135167,C106447,2025-12-23,53501.93,Late Delivery
R011376,O0135176,C106447,2026-02-16,6264.85,Size Issue
R011377,O0135198,C106448,2025-05-04,24444.72,Size Issue
R011378,O0135207,C106449,2024-07-09,1678.79,Changed Mind
R011379,O0135210,C106449,2024-08-03,32361.26,Size Issue
R011380,O0135213,C106449,2024-09-26,8501.89,Size Issue
R011381,O0135220,C106449,2025-05-28,6166.35,Not as Described
R011382,O0135221,C106449,2025-07-23,1893.4,Late Delivery
R011383,O0135226,C106449,2026-02-22,5984.86,Changed Mind
R011384,O0135229,C106450,2024-09-12,3397.93,Changed Mind
R011385,O0135241,C106451,2025-11-14,219898.34,Better Price Found
R011386,O0135242,C106451,2025-11-30,22457.92,Late Delivery
R011387,O0135247,C106451,2026-05-21,667.07,Size Issue
R011388,O0135252,C106451,2026-08-09,16861.72,Defective Product
R011389,O0135259,C106452,2023-08-20,1113.65,Not as Described
R011390,O0135271,C106452,2024-04-15,407.93,Late Delivery
R011391,O0135303,C106452,2026-03-06,478.54,Size Issue
R011392,O0135337,C106453,2025-05-24,962.71,Size Issue
R011393,O0135343,C106453,2025-08-06,29704.78,Late Delivery
R011394,O0135381,C106454,2025-11-13,822.4,Defective Product
R011395,O0135395,C106455,2026-02-11,7836.9,Defective Product
R011396,O0135396,C106455,2026-03-10,26852.84,Size Issue
R011397,O0135399,C106455,2026-05-05,2976.15,Defective Product
R011398,O0135405,C106456,2024-10-17,46560.8,Size Issue
R011399,O0135414,C106456,2025-03-27,75901.89,Better Price Found
R011400,O0135423,C106456,2025-12-13,6752.17,Not as Described
R011401,O0135425,C106456,2025-12-21,3471.89,Changed Mind
R011402,O0135434,C106458,2024-01-08,1270.07,Not as Described
R011403,O0135445,C106458,2024-10-01,780.04,Size Issue
R011404,O0135447,C106458,2024-11-12,24303.49,Not as Described
R011405,O0135477,C106458,2026-03-06,4395.89,Defective Product
R011406,O0135484,C106458,2026-05-06,2644.68,Better Price Found
R011407,O0135488,C106458,2026-05-29,2340.29,Defective Product
R011408,O0135519,C106462,2025-03-24,5926.97,Better Price Found
R011409,O0135539,C106465,2026-02-28,3731.24,Late Delivery
R011410,O0135549,C106466,2025-04-08,1860.74,Defective Product
R011411,O0135551,C106466,2025-08-03,2285.78,Better Price Found
R011412,O0135554,C106466,2025-09-09,13227.94,Better Price Found
R011413,O0135564,C106466,2026-05-10,10125.33,Changed Mind
R011414,O0135594,C106469,2024-09-28,5551.82,Changed Mind
R011415,O0135618,C106471,2024-05-29,11881.05,Late Delivery
R011416,O0135628,C106471,2024-07-11,608.8,Size Issue
R011417,O0135631,C106471,2024-08-04,4909.36,Size Issue
R011418,O0135649,C106471,2025-01-16,12685.02,Late Delivery
R011419,O0135667,C106471,2025-07-26,2264.4,Changed Mind
R011420,O0135670,C106471,2025-07-31,53617.77,Late Delivery
R011421,O0135673,C106471,2025-08-10,4622.38,Better Price Found
R011422,O0135685,C106471,2025-10-08,3243.28,Changed Mind
R011423,O0135694,C106471,2025-12-05,4714.79,Better Price Found
R011424,O0135704,C106471,2026-01-24,52225.1,Size Issue
R011425,O0135713,C106471,2026-04-12,7114.35,Changed Mind
R011426,O0135721,C106471,2026-06-27,2686.49,Size Issue
R011427,O0135722,C106471,2026-06-20,11881.54,Defective Product
R011428,O0135755,C106474,2023-05-12,554.72,Not as Described
R011429,O0135769,C106474,2023-10-06,21492.78,Better Price Found
R011430,O0135782,C106474,2024-02-17,979.39,Late Delivery
R011431,O0135786,C106474,2024-04-20,1889.23,Not as Described
R011432,O0135791,C106474,2024-06-16,6155.97,Defective Product
R011433,O0135793,C106474,2024-06-18,2141.16,Defective Product
R011434,O0135800,C106474,2024-09-02,5331.45,Not as Described
R011435,O0135810,C106474,2025-01-02,10719.8,Size Issue
R011436,O0135811,C106474,2025-01-20,25963.36,Late Delivery
R011437,O0135825,C106474,2025-03-20,15204.1,Changed Mind
R011438,O0135828,C106474,2025-04-13,3229.21,Better Price Found
R011439,O0135831,C106474,2025-04-28,9102.28,Changed Mind
R011440,O0135832,C106474,2025-05-04,88641.1,Late Delivery
R011441,O0135840,C106474,2025-07-03,1818.2,Size Issue
R011442,O0135844,C106474,2025-08-11,16013.45,Late Delivery
R011443,O0135851,C106474,2025-10-17,14462.51,Late Delivery
R011444,O0135855,C106474,2025-11-13,3941.28,Not as Described
R011445,O0135867,C106474,2026-02-09,5020.39,Defective Product
R011446,O0135876,C106474,2026-05-05,16134.46,Not as Described
R011447,O0135879,C106474,2026-05-22,1109.14,Changed Mind
R011448,O0135882,C106474,2026-06-30,1308.76,Size Issue
R011449,O0135897,C106477,2025-04-29,15172.8,Not as Described
R011450,O0135899,C106479,2026-06-23,1206.39,Defective Product
R011451,O0135979,C106483,2024-10-11,1737.75,Late Delivery
R011452,O0135998,C106483,2025-03-25,2561.54,Changed Mind
R011453,O0136023,C106483,2025-12-24,2529.97,Late Delivery
R011454,O0136059,C106487,2023-10-24,3470.69,Defective Product
R011455,O0136069,C106489,2023-12-24,12161.69,Changed Mind
R011456,O0136070,C106489,2024-01-30,23979.73,Not as Described
R011457,O0136081,C106489,2024-10-07,5671.11,Not as Described
R011458,O0136082,C106489,2024-10-07,1901.95,Size Issue
R011459,O0136083,C106489,2024-10-29,7470.38,Better Price Found
R011460,O0136091,C106490,2024-05-05,2189.14,Not as Described
R011461,O0136096,C106490,2024-07-16,13036.16,Not as Described
R011462,O0136102,C106490,2024-12-05,7122.0,Not as Described
R011463,O0136105,C106490,2025-01-25,44977.05,Better Price Found
R011464,O0136120,C106490,2025-08-12,4531.76,Defective Product
R011465,O0136147,C106490,2026-07-23,3308.71,Better Price Found
R011466,O0136160,C106492,2024-06-05,31850.19,Changed Mind
R011467,O0136163,C106492,2024-09-29,745.14,Not as Described
R011468,O0136171,C106492,2026-06-19,8299.93,Better Price Found
R011469,O0136177,C106493,2024-06-04,15278.59,Late Delivery
R011470,O0136211,C106494,2025-08-24,4275.78,Changed Mind
R011471,O0136212,C106494,2025-10-02,1390.52,Late Delivery
R011472,O0136214,C106494,2025-12-29,2192.38,Changed Mind
R011473,O0136223,C106494,2026-05-02,53034.6,Defective Product
R011474,O0136238,C106497,2026-03-19,2453.88,Defective Product
R011475,O0136239,C106497,2026-03-29,1474.77,Defective Product
R011476,O0136255,C106499,2026-01-03,2416.59,Changed Mind
R011477,O0136273,C106503,2024-05-29,7658.39,Late Delivery
R011478,O0136289,C106504,2025-04-23,1754.81,Better Price Found
R011479,O0136292,C106504,2025-08-19,2785.98,Size Issue
R011480,O0136337,C106505,2026-07-01,18858.81,Defective Product
R011481,O0136346,C106507,2024-06-13,22895.65,Late Delivery
R011482,O0136347,C106507,2024-07-09,4396.56,Changed Mind
R011483,O0136374,C106509,2026-06-05,14447.64,Late Delivery
R011484,O0136400,C106510,2026-05-18,5924.05,Late Delivery
R011485,O0136405,C106510,2026-07-19,5521.0,Not as Described
R011486,O0136407,C106511,2025-10-15,3084.1,Late Delivery
R011487,O0136448,C106515,2025-08-01,12988.57,Changed Mind
R011488,O0136475,C106516,2023-11-19,13589.38,Defective Product
R011489,O0136482,C106516,2024-06-07,1470.59,Late Delivery
R011490,O0136508,C106518,2024-10-13,2019.91,Better Price Found
R011491,O0136513,C106518,2025-06-14,18352.7,Better Price Found
R011492,O0136519,C106519,2025-05-16,2851.96,Better Price Found
R011493,O0136523,C106519,2025-08-16,854.43,Defective Product
R011494,O0136535,C106519,2026-03-28,2929.09,Not as Described
R011495,O0136539,C106519,2026-05-03,8646.65,Changed Mind
R011496,O0136543,C106519,2026-07-16,4528.4,Not as Described
R011497,O0136544,C106519,2026-08-01,1138.54,Changed Mind
R011498,O0136553,C106522,2025-10-05,4012.18,Size Issue
R011499,O0136557,C106522,2026-03-19,3576.44,Better Price Found
R011500,O0136567,C106523,2026-05-31,5550.94,Defective Product
R011501,O0136574,C106524,2026-02-18,18887.19,Size Issue
R011502,O0136575,C106525,2025-08-05,12022.3,Size Issue
R011503,O0136576,C106525,2025-08-18,1359.08,Size Issue
R011504,O0136583,C106527,2025-09-28,528.63,Not as Described
R011505,O0136591,C106528,2023-09-01,7334.35,Better Price Found
R011506,O0136603,C106528,2024-05-09,5162.8,Changed Mind
R011507,O0136607,C106528,2024-07-27,10966.49,Defective Product
R011508,O0136619,C106528,2025-11-24,18276.75,Size Issue
R011509,O0136621,C106528,2026-02-10,7950.93,Defective Product
R011510,O0136622,C106528,2026-03-22,1607.14,Size Issue
R011511,O0136625,C106528,2026-07-19,47713.35,Late Delivery
R011512,O0136630,C106529,2023-12-03,464.12,Better Price Found
R011513,O0136636,C106529,2024-03-31,13327.59,Late Delivery
R011514,O0136648,C106529,2025-09-16,398.17,Not as Described
R011515,O0136650,C106529,2025-10-15,10333.48,Better Price Found
R011516,O0136665,C106530,2024-03-10,50850.29,Better Price Found
R011517,O0136667,C106530,2024-05-30,2427.93,Changed Mind
R011518,O0136674,C106530,2024-08-24,2822.61,Defective Product
R011519,O0136678,C106530,2024-11-07,343.89,Size Issue
R011520,O0136679,C106530,2024-12-12,701.93,Defective Product
R011521,O0136684,C106530,2025-01-22,11296.18,Not as Described
R011522,O0136691,C106530,2025-03-29,1358.02,Late Delivery
R011523,O0136707,C106530,2025-08-20,4452.43,Not as Described
R011524,O0136728,C106530,2026-01-07,888.61,Better Price Found
R011525,O0136732,C106530,2026-02-27,2344.55,Changed Mind
R011526,O0136735,C106530,2026-04-05,6623.27,Size Issue
R011527,O0136741,C106530,2026-06-05,115.94,Late Delivery
R011528,O0136773,C106531,2024-09-26,2154.95,Size Issue
R011529,O0136785,C106531,2025-03-04,23309.34,Defective Product
R011530,O0136787,C106531,2025-04-04,5678.82,Defective Product
R011531,O0136803,C106531,2025-08-28,663.37,Not as Described
R011532,O0136813,C106531,2026-01-15,33238.65,Better Price Found
R011533,O0136825,C106531,2026-04-17,4037.71,Size Issue
R011534,O0136832,C106531,2026-07-02,8690.73,Better Price Found
R011535,O0136841,C106532,2026-02-25,42896.92,Not as Described
R011536,O0136862,C106534,2025-08-26,18532.66,Late Delivery
R011537,O0136880,C106534,2026-03-16,68611.62,Changed Mind
R011538,O0136881,C106534,2026-03-20,1726.97,Better Price Found
R011539,O0136892,C106534,2026-07-06,31679.1,Not as Described
R011540,O0136898,C106535,2025-03-18,3275.96,Size Issue
R011541,O0136910,C106535,2025-12-03,1845.29,Late Delivery
R011542,O0136912,C106535,2026-01-16,11469.34,Defective Product
R011543,O0136918,C106535,2026-03-21,17688.84,Changed Mind
R011544,O0136925,C106535,2026-05-14,8622.88,Size Issue
R011545,O0136940,C106536,2026-03-12,1487.93,Size Issue
R011546,O0136944,C106536,2026-07-21,11770.42,Changed Mind
R011547,O0136956,C106539,2025-09-25,5920.18,Better Price Found
R011548,O0136974,C106540,2025-02-19,10176.43,Better Price Found
R011549,O0137011,C106540,2026-05-08,539.91,Changed Mind
R011550,O0137024,C106541,2023-05-08,1538.5,Better Price Found
R011551,O0137032,C106541,2023-12-09,20331.86,Late Delivery
R011552,O0137048,C106542,2025-05-30,3955.35,Defective Product
R011553,O0137100,C106544,2024-10-28,2923.76,Changed Mind
R011554,O0137123,C106544,2025-04-06,4029.5,Changed Mind
R011555,O0137130,C106544,2025-07-08,20027.46,Late Delivery
R011556,O0137173,C106545,2025-01-29,7641.89,Not as Described
R011557,O0137180,C106546,2024-01-04,2158.85,Changed Mind
R011558,O0137189,C106546,2024-11-04,2774.51,Changed Mind
R011559,O0137191,C106546,2025-05-29,801.46,Not as Described
R011560,O0137196,C106546,2025-12-20,3119.83,Not as Described
R011561,O0137197,C106546,2026-02-27,2316.63,Size Issue
R011562,O0137215,C106547,2026-05-15,15552.37,Size Issue
R011563,O0137254,C106549,2025-04-21,6916.45,Not as Described
R011564,O0137256,C106549,2025-05-23,22512.3,Not as Described
R011565,O0137266,C106549,2025-08-15,10020.94,Not as Described
R011566,O0137273,C106549,2025-11-10,22882.77,Changed Mind
R011567,O0137290,C106549,2026-04-06,7312.52,Not as Described
R011568,O0137291,C106549,2026-04-15,25062.06,Changed Mind
R011569,O0137295,C106549,2026-05-11,1228.43,Changed Mind
R011570,O0137325,C106553,2023-05-01,21024.11,Changed Mind
R011571,O0137326,C106553,2023-05-07,6860.02,Better Price Found
R011572,O0137329,C106553,2023-06-05,10000.12,Defective Product
R011573,O0137330,C106553,2023-08-24,654.07,Better Price Found
R011574,O0137344,C106554,2024-01-15,145912.71,Better Price Found
R011575,O0137347,C106554,2024-03-04,7305.34,Defective Product
R011576,O0137349,C106554,2024-03-14,4516.11,Size Issue
R011577,O0137358,C106554,2024-06-15,48757.26,Late Delivery
R011578,O0137370,C106554,2025-02-06,5359.41,Better Price Found
R011579,O0137373,C106554,2025-03-14,18711.61,Better Price Found
R011580,O0137382,C106554,2025-07-17,1356.5,Not as Described
R011581,O0137396,C106554,2026-02-20,9890.39,Late Delivery
R011582,O0137408,C106554,2026-06-20,5435.87,Not as Described
R011583,O0137417,C106555,2026-05-11,28125.86,Late Delivery
R011584,O0137419,C106555,2026-07-21,29267.99,Defective Product
R011585,O0137463,C106556,2026-04-23,1223.88,Late Delivery
R011586,O0137464,C106556,2026-05-20,20708.74,Late Delivery
R011587,O0137466,C106556,2026-06-10,1562.95,Not as Described
R011588,O0137468,C106556,2026-07-16,11836.36,Size Issue
R011589,O0137480,C106559,2023-06-15,1589.46,Better Price Found
R011590,O0137488,C106561,2026-02-06,3636.73,Late Delivery
R011591,O0137495,C106562,2024-04-03,14624.15,Changed Mind
R011592,O0137496,C106562,2024-05-05,4205.45,Better Price Found
R011593,O0137497,C106562,2024-05-12,8805.37,Defective Product
R011594,O0137501,C106562,2024-06-04,3886.23,Late Delivery
R011595,O0137509,C106562,2024-10-19,29034.8,Late Delivery
R011596,O0137514,C106562,2025-01-01,23561.74,Better Price Found
R011597,O0137555,C106562,2026-03-09,13929.09,Better Price Found
R011598,O0137557,C106562,2026-03-24,17813.06,Changed Mind
R011599,O0137560,C106562,2026-04-25,2824.07,Changed Mind
R011600,O0137561,C106562,2026-04-24,31451.06,Better Price Found
R011601,O0137585,C106564,2024-04-15,2020.11,Late Delivery
R011602,O0137589,C106564,2024-08-16,19030.38,Not as Described
R011603,O0137591,C106564,2024-08-27,992.59,Changed Mind
R011604,O0137610,C106565,2024-06-29,5410.23,Defective Product
R011605,O0137626,C106565,2025-01-13,18399.09,Better Price Found
R011606,O0137629,C106565,2025-02-02,1509.64,Late Delivery
R011607,O0137630,C106565,2025-02-08,5489.0,Not as Described
R011608,O0137633,C106565,2025-03-02,3214.01,Better Price Found
R011609,O0137667,C106565,2026-02-22,19082.7,Not as Described
R011610,O0137676,C106565,2026-05-28,35786.44,Defective Product
R011611,O0137677,C106565,2026-05-20,3524.22,Better Price Found
R011612,O0137678,C106565,2026-05-23,540.92,Late Delivery
R011613,O0137679,C106565,2026-05-31,7365.47,Better Price Found
R011614,O0137690,C106566,2024-04-19,24761.56,Defective Product
R011615,O0137691,C106566,2024-04-20,71549.64,Not as Described
R011616,O0137694,C106566,2024-07-02,5158.75,Defective Product
R011617,O0137698,C106566,2024-09-28,5197.84,Late Delivery
R011618,O0137700,C106566,2024-11-09,9595.22,Not as Described
R011619,O0137713,C106566,2025-11-04,10817.62,Better Price Found
R011620,O0137735,C106567,2025-12-19,776.63,Size Issue
R011621,O0137756,C106568,2025-03-08,3179.5,Better Price Found
R011622,O0137757,C106568,2025-05-20,675.91,Changed Mind
R011623,O0137764,C106568,2025-07-17,15012.81,Defective Product
R011624,O0137790,C106568,2026-05-15,2684.22,Defective Product
R011625,O0137797,C106568,2026-06-04,9320.7,Better Price Found
R011626,O0137801,C106568,2026-07-18,2371.35,Defective Product
R011627,O0137819,C106570,2026-03-25,11008.31,Better Price Found
R011628,O0137831,C106571,2024-08-08,1875.44,Late Delivery
R011629,O0137833,C106571,2024-10-26,41133.68,Better Price Found
R011630,O0137837,C106571,2024-12-15,6390.45,Size Issue
R011631,O0137865,C106571,2025-09-14,1997.53,Not as Described
R011632,O0137891,C106571,2026-04-09,48060.11,Changed Mind
R011633,O0137892,C106571,2026-04-17,162.17,Size Issue
R011634,O0137899,C106571,2026-06-12,18061.04,Better Price Found
R011635,O0137900,C106571,2026-06-14,64527.78,Defective Product
R011636,O0137906,C106572,2026-07-24,1381.55,Defective Product
R011637,O0137913,C106573,2024-01-15,2438.23,Late Delivery
R011638,O0137914,C106573,2024-01-19,8722.95,Size Issue
R011639,O0137954,C106573,2025-02-04,3116.86,Not as Described
R011640,O0137967,C106573,2025-04-25,950.52,Not as Described
R011641,O0137984,C106573,2025-10-22,7257.07,Defective Product
R011642,O0137989,C106573,2025-12-02,8568.82,Not as Described
R011643,O0138000,C106573,2026-04-14,6941.19,Not as Described
R011644,O0138027,C106575,2025-01-16,3067.05,Size Issue
R011645,O0138052,C106577,2024-02-03,18347.17,Late Delivery
R011646,O0138071,C106578,2025-12-10,12545.59,Not as Described
R011647,O0138086,C106578,2026-06-11,1950.96,Late Delivery
R011648,O0138089,C106578,2026-07-14,7382.59,Not as Described
R011649,O0138104,C106579,2024-10-19,3004.49,Late Delivery
R011650,O0138107,C106579,2025-03-17,1450.89,Late Delivery
R011651,O0138129,C106581,2024-01-16,1848.34,Not as Described
R011652,O0138145,C106581,2024-11-30,14121.73,Defective Product
R011653,O0138149,C106581,2025-02-14,34743.21,Better Price Found
R011654,O0138174,C106581,2026-07-08,10403.78,Not as Described
R011655,O0138179,C106582,2025-01-15,72263.56,Defective Product
R011656,O0138180,C106582,2025-08-02,7645.17,Changed Mind
R011657,O0138187,C106584,2026-03-08,10203.64,Better Price Found
R011658,O0138203,C106585,2025-06-07,4372.69,Late Delivery
R011659,O0138257,C106586,2026-07-23,516.67,Not as Described
R011660,O0138266,C106589,2023-04-19,24774.58,Better Price Found
R011661,O0138270,C106589,2023-06-23,6200.21,Not as Described
R011662,O0138276,C106589,2023-12-05,3409.66,Defective Product
R011663,O0138305,C106589,2024-07-29,9766.18,Not as Described
R011664,O0138307,C106589,2024-08-17,32714.8,Defective Product
R011665,O0138321,C106589,2024-12-23,7179.69,Better Price Found
R011666,O0138326,C106589,2025-01-19,13145.88,Size Issue
R011667,O0138367,C106589,2026-02-12,2501.87,Changed Mind
R011668,O0138374,C106589,2026-04-26,4183.65,Defective Product
R011669,O0138376,C106589,2026-05-13,8809.99,Not as Described
R011670,O0138380,C106589,2026-07-11,3723.9,Better Price Found
R011671,O0138383,C106590,2023-10-29,3396.85,Late Delivery
R011672,O0138384,C106590,2023-10-30,20224.62,Defective Product
R011673,O0138386,C106590,2024-01-10,4599.58,Not as Described
R011674,O0138387,C106590,2024-01-19,659.45,Better Price Found
R011675,O0138399,C106591,2024-01-19,2515.72,Not as Described
R011676,O0138404,C106591,2024-02-25,13399.61,Defective Product
R011677,O0138423,C106591,2024-07-06,48431.22,Not as Described
R011678,O0138425,C106591,2024-07-17,7451.81,Better Price Found
R011679,O0138442,C106591,2024-11-19,43070.75,Late Delivery
R011680,O0138464,C106591,2025-07-07,29335.18,Better Price Found
R011681,O0138480,C106591,2025-10-12,254.33,Not as Described
R011682,O0138484,C106591,2025-11-13,463.05,Size Issue
R011683,O0138489,C106591,2025-12-02,13248.98,Defective Product
R011684,O0138499,C106591,2026-05-07,28487.11,Changed Mind
R011685,O0138504,C106591,2026-05-20,3167.06,Defective Product
R011686,O0138506,C106591,2026-05-31,5378.87,Defective Product
R011687,O0138538,C106594,2025-03-16,10102.01,Better Price Found
R011688,O0138549,C106594,2025-09-01,3246.65,Better Price Found
R011689,O0138568,C106595,2026-05-22,4383.1,Better Price Found
R011690,O0138570,C106596,2024-01-12,11408.05,Late Delivery
R011691,O0138594,C106597,2026-01-08,11169.39,Better Price Found
R011692,O0138604,C106598,2024-06-07,8878.38,Changed Mind
R011693,O0138610,C106598,2025-02-14,33620.91,Better Price Found
R011694,O0138621,C106598,2026-07-10,6163.46,Size Issue
R011695,O0138622,C106598,2026-08-09,4583.65,Better Price Found
R011696,O0138624,C106599,2023-11-27,4743.91,Defective Product
R011697,O0138642,C106599,2024-04-23,6281.29,Defective Product
R011698,O0138660,C106599,2024-08-30,16190.44,Defective Product
R011699,O0138671,C106599,2024-11-07,18495.02,Better Price Found
R011700,O0138673,C106599,2024-11-16,17730.18,Late Delivery
R011701,O0138690,C106599,2025-08-01,14733.5,Better Price Found
R011702,O0138757,C106601,2025-03-13,1605.66,Not as Described
R011703,O0138760,C106601,2025-03-21,1705.87,Changed Mind
R011704,O0138765,C106601,2025-06-03,35119.68,Defective Product
R011705,O0138769,C106601,2025-07-23,34239.79,Size Issue
R011706,O0138785,C106601,2026-01-20,3737.54,Changed Mind
R011707,O0138795,C106601,2026-03-28,25821.23,Defective Product
R011708,O0138798,C106601,2026-04-24,5110.03,Not as Described
R011709,O0138816,C106602,2025-06-07,6423.55,Changed Mind
R011710,O0138822,C106603,2023-11-15,7364.15,Late Delivery
R011711,O0138830,C106603,2026-08-01,3332.87,Late Delivery
R011712,O0138832,C106604,2024-04-06,3955.43,Not as Described
R011713,O0138843,C106604,2024-12-24,3689.01,Better Price Found
R011714,O0138847,C106604,2025-05-09,13458.85,Late Delivery
R011715,O0138851,C106604,2025-09-16,10763.04,Late Delivery
R011716,O0138879,C106609,2025-07-16,7348.84,Not as Described
R011717,O0138923,C106611,2025-12-26,13099.26,Defective Product
R011718,O0138928,C106611,2026-02-28,1101.51,Size Issue
R011719,O0138930,C106611,2026-04-11,3194.79,Better Price Found
R011720,O0138932,C106611,2026-06-22,3987.26,Changed Mind
R011721,O0138939,C106613,2025-04-03,6871.23,Late Delivery
R011722,O0138974,C106616,2025-06-02,3166.65,Late Delivery
R011723,O0138978,C106616,2026-01-10,10684.56,Better Price Found
R011724,O0138985,C106616,2026-05-12,12755.47,Not as Described
R011725,O0139020,C106617,2025-02-10,703.2,Not as Described
R011726,O0139035,C106617,2025-06-01,52848.36,Late Delivery
R011727,O0139044,C106617,2025-07-29,9004.92,Not as Described
R011728,O0139072,C106617,2026-03-03,18389.51,Not as Described
R011729,O0139081,C106617,2026-04-14,101342.93,Defective Product
R011730,O0139082,C106617,2026-05-17,3563.38,Not as Described
R011731,O0139109,C106621,2026-04-11,15271.96,Late Delivery
R011732,O0139166,C106623,2025-06-11,33377.05,Size Issue
R011733,O0139169,C106623,2025-07-10,1071.77,Changed Mind
R011734,O0139185,C106623,2026-02-24,2043.37,Late Delivery
R011735,O0139192,C106624,2026-04-26,14496.63,Late Delivery
R011736,O0139195,C106624,2026-07-21,2535.27,Not as Described
R011737,O0139202,C106625,2025-05-30,3036.91,Changed Mind
R011738,O0139205,C106625,2025-07-13,3088.18,Late Delivery
R011739,O0139207,C106625,2025-09-15,10558.81,Better Price Found
R011740,O0139209,C106625,2025-11-13,33386.03,Better Price Found
R011741,O0139211,C106625,2025-12-06,11420.91,Changed Mind
R011742,O0139230,C106626,2025-02-01,4156.76,Late Delivery
R011743,O0139233,C106626,2025-02-18,825.95,Changed Mind
R011744,O0139235,C106626,2025-03-14,190.5,Defective Product
R011745,O0139247,C106626,2025-08-13,5471.77,Late Delivery
R011746,O0139249,C106626,2025-08-28,7263.14,Late Delivery
R011747,O0139256,C106626,2025-10-18,13325.35,Defective Product
R011748,O0139263,C106626,2025-11-05,847.81,Late Delivery
R011749,O0139265,C106626,2026-01-06,2013.39,Not as Described
R011750,O0139273,C106626,2026-03-18,418.54,Better Price Found
R011751,O0139289,C106627,2024-04-10,14720.55,Late Delivery
R011752,O0139293,C106627,2024-05-26,52651.1,Changed Mind
R011753,O0139306,C106627,2024-09-30,5281.13,Not as Described
R011754,O0139311,C106627,2024-11-28,4565.6,Size Issue
R011755,O0139316,C106627,2025-01-03,766.37,Better Price Found
R011756,O0139385,C106627,2026-04-20,1676.06,Defective Product
R011757,O0139394,C106627,2026-06-22,951.94,Size Issue
R011758,O0139406,C106629,2023-10-14,375.7,Better Price Found
R011759,O0139411,C106630,2023-05-26,155.41,Late Delivery
R011760,O0139415,C106630,2023-11-15,3651.27,Late Delivery
R011761,O0139416,C106630,2023-12-13,1062.78,Not as Described
R011762,O0139418,C106630,2023-12-27,2379.1,Not as Described
R011763,O0139419,C106630,2024-02-06,2246.41,Late Delivery
R011764,O0139425,C106630,2024-09-22,612.61,Better Price Found
R011765,O0139438,C106631,2026-06-19,13076.2,Size Issue
R011766,O0139441,C106632,2023-02-11,16829.73,Changed Mind
R011767,O0139446,C106632,2023-03-30,4325.77,Better Price Found
R011768,O0139450,C106632,2023-06-13,9353.65,Changed Mind
R011769,O0139455,C106632,2023-11-09,14014.06,Not as Described
R011770,O0139468,C106632,2024-02-26,4532.72,Size Issue
R011771,O0139473,C106632,2024-03-17,17687.99,Better Price Found
R011772,O0139474,C106632,2024-03-29,17336.1,Late Delivery
R011773,O0139484,C106632,2024-08-08,1013.87,Late Delivery
R011774,O0139498,C106632,2025-01-31,45044.46,Late Delivery
R011775,O0139506,C106632,2025-03-13,4467.19,Size Issue
R011776,O0139513,C106632,2025-04-16,4431.2,Defective Product
R011777,O0139515,C106632,2025-05-04,45112.79,Defective Product
R011778,O0139541,C106632,2026-05-07,436.56,Late Delivery
R011779,O0139552,C106633,2023-10-25,20132.36,Better Price Found
R011780,O0139554,C106633,2024-01-10,24055.25,Defective Product
R011781,O0139555,C106633,2024-01-28,9178.96,Not as Described
R011782,O0139563,C106633,2025-04-29,44983.5,Not as Described
R011783,O0139584,C106637,2025-01-18,1960.35,Late Delivery
R011784,O0139586,C106637,2025-01-24,2553.8,Changed Mind
R011785,O0139595,C106638,2023-08-15,2849.92,Better Price Found
R011786,O0139610,C106638,2025-03-03,1046.32,Size Issue
R011787,O0139614,C106638,2025-06-02,7695.62,Late Delivery
R011788,O0139627,C106638,2026-04-16,1818.4,Better Price Found
R011789,O0139650,C106639,2025-05-04,8403.74,Defective Product
R011790,O0139654,C106639,2025-06-30,1790.1,Not as Described
R011791,O0139659,C106639,2025-08-26,4800.1,Not as Described
R011792,O0139670,C106639,2025-11-29,6328.03,Defective Product
R011793,O0139671,C106639,2025-12-05,323.4,Defective Product
R011794,O0139687,C106639,2026-04-28,2548.82,Better Price Found
R011795,O0139694,C106640,2026-01-27,52646.91,Changed Mind
R011796,O0139697,C106640,2026-05-29,920.49,Late Delivery
R011797,O0139702,C106642,2025-05-15,9254.92,Not as Described
R011798,O0139705,C106642,2025-06-26,2848.58,Defective Product
R011799,O0139717,C106643,2024-06-08,1120.43,Defective Product
R011800,O0139721,C106643,2024-09-12,6982.5,Defective Product
R011801,O0139727,C106643,2025-05-09,3227.01,Size Issue
R011802,O0139759,C106645,2026-06-04,7204.19,Not as Described
R011803,O0139760,C106645,2026-08-09,4389.76,Changed Mind
R011804,O0139780,C106649,2025-02-08,18147.9,Defective Product
R011805,O0139789,C106651,2023-02-25,51.17,Not as Described
R011806,O0139794,C106651,2023-07-28,2040.89,Late Delivery
R011807,O0139802,C106651,2025-01-29,11527.78,Size Issue
R011808,O0139806,C106651,2026-01-25,1812.46,Changed Mind
R011809,O0139814,C106652,2025-06-13,8638.74,Not as Described
R011810,O0139837,C106653,2026-06-06,3211.37,Defective Product
R011811,O0139839,C106653,2026-06-21,2550.53,Size Issue
R011812,O0139845,C106654,2025-05-13,2325.4,Defective Product
R011813,O0139846,C106654,2025-05-10,1247.1,Better Price Found
R011814,O0139847,C106654,2025-06-01,1397.43,Size Issue
R011815,O0139858,C106654,2025-12-15,45933.73,Changed Mind
R011816,O0139861,C106654,2026-01-28,3004.48,Late Delivery
R011817,O0139862,C106654,2026-01-30,5101.66,Better Price Found
R011818,O0139874,C106655,2024-10-22,4303.92,Better Price Found
R011819,O0139882,C106656,2026-03-08,3909.02,Late Delivery
R011820,O0139883,C106656,2026-03-08,4439.52,Not as Described
R011821,O0139886,C106656,2026-04-06,955.92,Late Delivery
R011822,O0139914,C106658,2024-01-14,29795.5,Changed Mind
R011823,O0139920,C106659,2026-01-26,4047.97,Changed Mind
R011824,O0139927,C106659,2026-05-25,15174.44,Defective Product
R011825,O0139943,C106662,2024-09-15,9796.14,Late Delivery
R011826,O0139954,C106664,2025-03-09,2448.67,Not as Described
R011827,O0139965,C106665,2023-08-27,7811.56,Better Price Found
R011828,O0139968,C106667,2023-02-16,1257.55,Defective Product
R011829,O0139973,C106667,2023-04-13,1708.24,Changed Mind
R011830,O0139977,C106667,2023-08-03,177.76,Size Issue
R011831,O0139999,C106667,2024-08-15,11305.27,Defective Product
R011832,O0140011,C106667,2025-01-31,39321.48,Size Issue
R011833,O0140022,C106667,2025-07-08,302.46,Late Delivery
R011834,O0140025,C106667,2025-09-05,21183.4,Not as Described
R011835,O0140032,C106667,2025-12-22,6570.33,Better Price Found
R011836,O0140035,C106667,2026-01-07,9886.1,Size Issue
R011837,O0140048,C106667,2026-07-07,1148.38,Better Price Found
R011838,O0140060,C106668,2023-07-08,1530.15,Not as Described
R011839,O0140076,C106668,2023-12-02,2356.09,Changed Mind
R011840,O0140105,C106668,2024-07-18,2684.75,Changed Mind
R011841,O0140116,C106668,2024-10-22,7388.15,Late Delivery
R011842,O0140121,C106668,2025-03-06,5358.0,Not as Described
R011843,O0140162,C106668,2026-03-21,179.78,Changed Mind
R011844,O0140177,C106668,2026-07-12,9842.88,Better Price Found
R011845,O0140190,C106669,2024-12-06,313.73,Defective Product
R011846,O0140214,C106670,2025-09-08,4919.77,Late Delivery
R011847,O0140226,C106670,2025-12-25,260.93,Late Delivery
R011848,O0140249,C106671,2026-03-31,22236.91,Better Price Found
R011849,O0140264,C106672,2023-11-01,2701.15,Late Delivery
R011850,O0140272,C106672,2024-03-21,5492.42,Late Delivery
R011851,O0140289,C106672,2025-06-10,12109.55,Size Issue
R011852,O0140312,C106673,2024-01-30,6061.92,Not as Described
R011853,O0140324,C106673,2025-02-02,9457.76,Late Delivery
R011854,O0140342,C106674,2025-01-08,87899.73,Size Issue
R011855,O0140357,C106674,2025-06-15,2308.01,Better Price Found
R011856,O0140364,C106674,2025-10-04,2465.86,Size Issue
R011857,O0140370,C106674,2025-10-30,39652.29,Defective Product
R011858,O0140418,C106675,2025-09-21,1046.82,Better Price Found
R011859,O0140420,C106675,2025-11-09,1275.31,Changed Mind
R011860,O0140424,C106675,2025-12-04,163.98,Size Issue
R011861,O0140432,C106675,2026-01-12,13387.39,Late Delivery
R011862,O0140440,C106675,2026-03-24,2905.35,Changed Mind
R011863,O0140460,C106677,2025-11-22,7595.63,Defective Product
R011864,O0140472,C106678,2025-05-10,2345.62,Late Delivery
R011865,O0140478,C106678,2025-07-05,11579.03,Changed Mind
R011866,O0140485,C106678,2025-08-15,100251.54,Late Delivery
R011867,O0140486,C106678,2025-08-28,3322.74,Late Delivery
R011868,O0140503,C106678,2026-01-14,27538.17,Not as Described
R011869,O0140505,C106678,2026-02-06,5189.44,Late Delivery
R011870,O0140513,C106678,2026-04-29,2173.68,Defective Product
R011871,O0140536,C106679,2025-02-06,1523.2,Not as Described
R011872,O0140560,C106680,2026-01-09,4068.09,Changed Mind
R011873,O0140573,C106681,2024-05-11,9986.61,Better Price Found
R011874,O0140574,C106681,2024-06-03,793.51,Changed Mind
R011875,O0140582,C106682,2025-06-24,5505.27,Not as Described
R011876,O0140602,C106687,2024-07-27,22530.7,Better Price Found
R011877,O0140607,C106687,2024-09-16,5604.65,Defective Product
R011878,O0140609,C106687,2024-12-11,2260.17,Changed Mind
R011879,O0140611,C106687,2025-02-26,7735.2,Changed Mind
R011880,O0140628,C106687,2025-11-09,2719.68,Late Delivery
R011881,O0140629,C106687,2025-12-28,345.91,Defective Product
R011882,O0140631,C106687,2026-06-15,37539.89,Size Issue
R011883,O0140637,C106689,2025-09-29,1834.31,Defective Product
R011884,O0140647,C106692,2023-09-26,2247.43,Size Issue
R011885,O0140648,C106692,2023-09-26,104845.37,Changed Mind
R011886,O0140666,C106692,2024-03-25,41364.93,Not as Described
R011887,O0140672,C106692,2024-05-05,369.02,Not as Described
R011888,O0140673,C106692,2024-05-12,56696.12,Late Delivery
R011889,O0140682,C106692,2024-06-30,553.24,Defective Product
R011890,O0140689,C106692,2024-09-15,1448.8,Late Delivery
R011891,O0140698,C106692,2025-02-05,12308.93,Not as Described
R011892,O0140702,C106692,2025-03-05,3667.0,Better Price Found
R011893,O0140712,C106692,2025-04-17,114004.15,Defective Product
R011894,O0140714,C106692,2025-05-14,26794.67,Size Issue
R011895,O0140753,C106692,2026-07-05,4177.62,Not as Described
R011896,O0140797,C106697,2026-05-07,701.04,Changed Mind
R011897,O0140811,C106698,2026-04-21,6228.63,Changed Mind
R011898,O0140825,C106701,2026-01-03,1196.28,Defective Product
R011899,O0140845,C106704,2024-11-06,36256.52,Changed Mind
R011900,O0140846,C106704,2024-12-06,853.39,Changed Mind
R011901,O0140848,C106704,2024-12-17,24816.9,Not as Described
R011902,O0140854,C106704,2025-02-14,38989.83,Not as Described
R011903,O0140860,C106704,2025-05-06,779.11,Size Issue
R011904,O0140881,C106704,2025-11-23,28546.38,Better Price Found
R011905,O0140895,C106704,2026-02-12,4179.18,Size Issue
R011906,O0140910,C106704,2026-05-30,56959.36,Defective Product
R011907,O0140925,C106705,2026-01-25,15425.04,Better Price Found
R011908,O0140939,C106708,2025-06-30,82731.16,Size Issue
R011909,O0140974,C106710,2024-04-24,1362.98,Size Issue
R011910,O0140977,C106710,2025-02-05,1134.71,Late Delivery
R011911,O0141000,C106712,2025-09-09,20085.36,Not as Described
R011912,O0141051,C106716,2024-07-16,3144.71,Better Price Found
R011913,O0141056,C106716,2025-04-08,5372.47,Not as Described
R011914,O0141081,C106719,2026-04-11,11606.74,Late Delivery
R011915,O0141095,C106720,2026-07-03,35970.03,Size Issue
R011916,O0141097,C106722,2026-01-26,12957.84,Changed Mind
R011917,O0141108,C106722,2026-05-10,2588.45,Late Delivery
R011918,O0141124,C106725,2024-05-28,929.68,Not as Described
R011919,O0141161,C106725,2025-10-25,1305.93,Better Price Found
R011920,O0141166,C106725,2025-12-25,42591.55,Changed Mind
R011921,O0141167,C106725,2025-12-22,40054.07,Better Price Found
R011922,O0141178,C106725,2026-03-21,10703.95,Late Delivery
R011923,O0141190,C106725,2026-04-27,4599.98,Defective Product
R011924,O0141235,C106727,2025-10-24,3952.72,Size Issue
R011925,O0141251,C106727,2026-01-25,13555.23,Late Delivery
R011926,O0141260,C106727,2026-03-31,4862.17,Not as Described
R011927,O0141265,C106727,2026-05-10,33783.08,Not as Described
R011928,O0141280,C106728,2023-07-09,1797.81,Late Delivery
R011929,O0141294,C106730,2025-05-02,17993.03,Defective Product
R011930,O0141295,C106730,2026-05-03,3338.73,Changed Mind
R011931,O0141305,C106732,2024-04-10,47490.3,Changed Mind
R011932,O0141325,C106732,2024-12-29,1916.78,Not as Described
R011933,O0141341,C106732,2025-04-20,4889.84,Better Price Found
R011934,O0141359,C106732,2025-10-11,80035.66,Not as Described
R011935,O0141373,C106732,2026-04-08,21357.41,Size Issue
R011936,O0141399,C106736,2025-11-27,13658.75,Size Issue
R011937,O0141405,C106737,2025-01-28,1920.95,Not as Described
R011938,O0141406,C106737,2025-01-31,188.96,Size Issue
R011939,O0141459,C106739,2023-12-26,6061.0,Defective Product
R011940,O0141498,C106739,2025-11-11,58272.65,Late Delivery
R011941,O0141507,C106740,2026-08-08,612.6,Better Price Found
R011942,O0141509,C106741,2026-06-19,12006.67,Better Price Found
R011943,O0141516,C106742,2023-12-22,3014.27,Better Price Found
R011944,O0141522,C106742,2024-08-31,23926.49,Better Price Found
R011945,O0141558,C106744,2026-01-04,5153.43,Better Price Found
R011946,O0141563,C106745,2025-09-03,5985.26,Defective Product
R011947,O0141575,C106747,2025-12-17,19201.17,Late Delivery
R011948,O0141595,C106750,2025-07-28,183.29,Better Price Found
R011949,O0141600,C106750,2026-07-21,18827.08,Changed Mind
R011950,O0141602,C106751,2024-05-22,699.97,Size Issue
R011951,O0141610,C106752,2024-10-30,386.6,Size Issue
R011952,O0141611,C106752,2024-11-19,60847.51,Late Delivery
R011953,O0141671,C106753,2024-11-08,5097.21,Late Delivery
R011954,O0141694,C106753,2025-05-22,1207.09,Late Delivery
R011955,O0141717,C106753,2026-02-18,2635.17,Size Issue
R011956,O0141719,C106753,2026-02-26,1625.58,Defective Product
R011957,O0141726,C106753,2026-03-26,21360.41,Defective Product
R011958,O0141755,C106754,2023-09-19,38800.36,Changed Mind
R011959,O0141796,C106754,2024-07-04,29647.39,Defective Product
R011960,O0141798,C106754,2024-08-14,24222.9,Size Issue
R011961,O0141803,C106754,2024-09-30,21270.18,Changed Mind
R011962,O0141817,C106754,2024-12-30,2815.17,Size Issue
R011963,O0141843,C106754,2025-09-21,18354.78,Late Delivery
R011964,O0141849,C106754,2025-12-08,3352.0,Defective Product
R011965,O0141864,C106754,2026-05-28,34796.3,Not as Described
R011966,O0141866,C106754,2026-06-22,16425.91,Defective Product
R011967,O0141890,C106756,2026-03-02,16397.09,Changed Mind
R011968,O0141928,C106757,2025-08-04,485.29,Defective Product
R011969,O0141951,C106757,2026-02-12,3717.32,Size Issue
R011970,O0141952,C106757,2026-02-23,50696.36,Not as Described
R011971,O0141962,C106757,2026-05-27,2727.29,Size Issue
R011972,O0141963,C106757,2026-06-14,34055.66,Better Price Found
R011973,O0141964,C106757,2026-06-19,5021.53,Better Price Found
R011974,O0141969,C106757,2026-07-26,8931.66,Not as Described
R011975,O0142000,C106759,2024-09-04,2632.34,Better Price Found
R011976,O0142017,C106759,2025-04-15,6380.89,Changed Mind
R011977,O0142032,C106759,2025-06-26,1478.88,Defective Product
R011978,O0142051,C106759,2025-12-19,1857.15,Late Delivery
R011979,O0142054,C106759,2026-01-25,6979.73,Size Issue
R011980,O0142059,C106759,2026-02-15,550.71,Changed Mind
R011981,O0142061,C106759,2026-04-08,5006.88,Defective Product
R011982,O0142072,C106759,2026-07-22,4160.17,Better Price Found
R011983,O0142079,C106760,2024-04-29,17614.53,Changed Mind
R011984,O0142084,C106762,2023-10-04,1672.25,Defective Product
R011985,O0142088,C106762,2025-02-04,249.27,Size Issue
R011986,O0142094,C106763,2024-10-18,3255.45,Defective Product
R011987,O0142103,C106763,2025-06-07,8586.25,Changed Mind
R011988,O0142111,C106764,2026-03-22,1782.61,Not as Described
R011989,O0142125,C106766,2025-11-05,2273.2,Defective Product
R011990,O0142148,C106769,2025-10-16,4341.07,Size Issue
R011991,O0142150,C106770,2026-02-18,26188.15,Late Delivery
R011992,O0142171,C106772,2025-11-13,3151.84,Changed Mind
R011993,O0142174,C106773,2024-12-16,9954.64,Not as Described
R011994,O0142182,C106774,2025-12-04,2996.3,Defective Product
R011995,O0142188,C106774,2026-06-13,23986.23,Not as Described
R011996,O0142194,C106776,2023-10-30,2426.82,Not as Described
R011997,O0142197,C106776,2023-11-23,712.35,Size Issue
R011998,O0142199,C106776,2023-12-08,838.02,Not as Described
R011999,O0142204,C106776,2024-01-20,16659.94,Changed Mind
R012000,O0142218,C106776,2024-06-06,3417.73,Defective Product
R012001,O0142270,C106776,2025-08-16,10001.95,Better Price Found
R012002,O0142276,C106776,2025-10-09,17266.82,Late Delivery
R012003,O0142283,C106776,2025-12-31,469.07,Changed Mind
R012004,O0142303,C106776,2026-08-09,22422.83,Size Issue
R012005,O0142305,C106777,2026-04-13,2667.05,Better Price Found
R012006,O0142307,C106779,2024-08-31,11132.12,Late Delivery
R012007,O0142314,C106779,2026-02-12,8652.58,Size Issue
R012008,O0142320,C106780,2024-07-03,14593.32,Late Delivery
R012009,O0142342,C106780,2024-12-11,21173.35,Not as Described
R012010,O0142352,C106780,2025-02-15,11837.34,Size Issue
R012011,O0142361,C106780,2025-06-01,30979.84,Not as Described
R012012,O0142365,C106780,2025-06-26,6980.97,Changed Mind
R012013,O0142373,C106780,2025-09-04,2609.2,Defective Product
R012014,O0142374,C106780,2025-09-23,7005.18,Defective Product
R012015,O0142382,C106780,2025-12-06,1870.4,Changed Mind
R012016,O0142386,C106780,2026-01-14,7536.45,Not as Described
R012017,O0142388,C106780,2026-02-08,1909.44,Better Price Found
R012018,O0142389,C106780,2026-02-17,1226.52,Not as Described
R012019,O0142394,C106780,2026-03-08,1287.38,Better Price Found
R012020,O0142396,C106780,2026-03-23,1661.8,Defective Product
R012021,O0142414,C106781,2024-05-29,4511.62,Not as Described
R012022,O0142427,C106781,2025-02-01,7439.65,Late Delivery
R012023,O0142429,C106781,2025-06-11,8934.61,Late Delivery
R012024,O0142430,C106781,2025-06-08,54073.28,Changed Mind
R012025,O0142438,C106782,2024-09-17,4292.93,Better Price Found
R012026,O0142452,C106782,2025-07-12,1089.46,Late Delivery
R012027,O0142461,C106783,2024-03-25,2943.95,Better Price Found
R012028,O0142472,C106784,2024-08-06,4247.07,Better Price Found
R012029,O0142479,C106784,2025-03-03,24932.56,Changed Mind
R012030,O0142523,C106785,2025-05-16,2498.56,Not as Described
R012031,O0142532,C106785,2025-08-17,4218.42,Changed Mind
R012032,O0142535,C106785,2025-08-30,10236.87,Not as Described
R012033,O0142541,C106785,2025-10-13,8409.34,Changed Mind
R012034,O0142543,C106785,2025-10-19,5469.22,Late Delivery
R012035,O0142545,C106785,2025-10-20,8038.89,Better Price Found
R012036,O0142547,C106785,2025-11-28,20126.15,Late Delivery
R012037,O0142556,C106785,2026-01-16,7030.03,Late Delivery
R012038,O0142573,C106785,2026-08-07,2143.55,Size Issue
R012039,O0142587,C106789,2023-08-16,55188.52,Late Delivery
R012040,O0142598,C106789,2024-06-13,1903.94,Better Price Found
R012041,O0142606,C106789,2025-02-12,9908.77,Not as Described
R012042,O0142623,C106790,2024-11-18,718.41,Size Issue
R012043,O0142642,C106792,2025-11-07,64194.06,Better Price Found
R012044,O0142650,C106792,2026-02-21,997.35,Changed Mind
R012045,O0142659,C106793,2024-05-22,25135.65,Size Issue
R012046,O0142666,C106793,2024-07-14,13304.98,Size Issue
R012047,O0142668,C106793,2024-08-01,12051.98,Late Delivery
R012048,O0142669,C106793,2024-08-14,2476.42,Size Issue
R012049,O0142672,C106793,2024-09-23,8956.25,Late Delivery
R012050,O0142673,C106793,2024-10-04,12474.2,Changed Mind
R012051,O0142677,C106793,2024-11-28,548.3,Better Price Found
R012052,O0142691,C106793,2025-03-29,538.12,Not as Described
R012053,O0142695,C106793,2025-05-04,2261.22,Better Price Found
R012054,O0142697,C106793,2025-05-10,1174.86,Better Price Found
R012055,O0142701,C106793,2025-06-03,13906.81,Better Price Found
R012056,O0142707,C106793,2025-06-28,41797.48,Size Issue
R012057,O0142719,C106793,2025-09-04,3755.57,Better Price Found
R012058,O0142758,C106794,2025-01-24,6719.23,Not as Described
R012059,O0142780,C106796,2024-05-15,14735.99,Better Price Found
R012060,O0142790,C106796,2024-09-29,2080.5,Changed Mind
R012061,O0142799,C106796,2024-12-18,9348.43,Late Delivery
R012062,O0142804,C106796,2024-12-29,38408.89,Not as Described
R012063,O0142810,C106796,2025-03-10,1444.92,Better Price Found
R012064,O0142813,C106796,2025-05-08,886.89,Not as Described
R012065,O0142823,C106796,2025-09-16,59942.64,Size Issue
R012066,O0142844,C106796,2026-01-13,15248.83,Better Price Found
R012067,O0142854,C106796,2026-04-13,2555.56,Size Issue
R012068,O0142856,C106796,2026-04-28,2485.19,Changed Mind
R012069,O0142870,C106796,2026-07-31,4884.06,Not as Described
R012070,O0142873,C106797,2024-03-24,1598.92,Changed Mind
R012071,O0142880,C106797,2024-09-24,3009.22,Late Delivery
R012072,O0142884,C106797,2025-02-01,10937.87,Not as Described
R012073,O0142889,C106797,2026-04-30,14383.97,Changed Mind
R012074,O0142896,C106798,2026-05-27,559.06,Late Delivery
R012075,O0142903,C106799,2023-10-18,3910.52,Size Issue
R012076,O0142906,C106799,2024-03-06,16008.52,Not as Described
R012077,O0142912,C106799,2024-08-24,5009.35,Better Price Found
R012078,O0142923,C106800,2024-11-21,1934.08,Size Issue
R012079,O0142928,C106803,2024-11-09,8953.76,Late Delivery
R012080,O0142955,C106804,2024-11-11,6570.73,Changed Mind
R012081,O0142960,C106804,2025-01-17,278.52,Better Price Found
R012082,O0142967,C106804,2025-04-08,836.47,Late Delivery
R012083,O0142976,C106804,2025-08-02,269.66,Defective Product
R012084,O0142997,C106804,2026-02-21,20565.58,Better Price Found
R012085,O0143005,C106804,2026-04-06,3670.63,Size Issue
R012086,O0143024,C106805,2024-10-02,2567.33,Not as Described
R012087,O0143033,C106806,2023-11-18,2727.15,Not as Described
R012088,O0143036,C106806,2023-12-21,4521.29,Late Delivery
R012089,O0143063,C106806,2025-07-01,732.54,Changed Mind
R012090,O0143067,C106806,2025-09-15,29497.14,Changed Mind
R012091,O0143071,C106806,2025-10-29,31127.15,Not as Described
R012092,O0143078,C106806,2026-03-09,11205.89,Defective Product
R012093,O0143107,C106809,2026-05-21,2467.32,Defective Product
R012094,O0143119,C106812,2025-12-11,10711.71,Late Delivery
R012095,O0143121,C106812,2026-05-15,3751.61,Defective Product
R012096,O0143122,C106812,2026-05-25,7084.0,Changed Mind
R012097,O0143166,C106816,2025-08-04,3231.28,Late Delivery
R012098,O0143176,C106817,2026-04-15,27985.83,Changed Mind
R012099,O0143178,C106817,2026-04-29,995.64,Changed Mind
R012100,O0143179,C106817,2026-05-19,58011.56,Not as Described
R012101,O0143198,C106820,2024-08-28,10842.74,Not as Described
R012102,O0143201,C106820,2024-10-14,3302.92,Changed Mind
R012103,O0143203,C106820,2024-11-13,82969.05,Better Price Found
R012104,O0143210,C106820,2025-02-07,2081.51,Size Issue
R012105,O0143212,C106820,2025-04-07,1705.91,Defective Product
R012106,O0143213,C106820,2025-05-01,1323.61,Late Delivery
R012107,O0143218,C106820,2025-06-07,2303.98,Defective Product
R012108,O0143227,C106820,2025-08-11,715.04,Late Delivery
R012109,O0143244,C106820,2026-01-20,3066.38,Defective Product
R012110,O0143253,C106820,2026-04-20,5292.08,Better Price Found
R012111,O0143255,C106820,2026-04-18,26983.81,Not as Described
R012112,O0143257,C106820,2026-05-16,2456.78,Better Price Found
R012113,O0143266,C106820,2026-07-21,7431.89,Size Issue
R012114,O0143271,C106821,2025-03-08,3199.2,Defective Product
R012115,O0143275,C106821,2026-01-14,8280.91,Defective Product
R012116,O0143278,C106821,2026-04-21,1317.63,Late Delivery
R012117,O0143289,C106822,2025-02-22,3029.05,Better Price Found
R012118,O0143298,C106824,2025-05-19,37288.3,Not as Described
R012119,O0143302,C106824,2025-06-09,6721.79,Better Price Found
R012120,O0143305,C106824,2025-07-09,2334.12,Changed Mind
R012121,O0143306,C106824,2025-07-29,15318.93,Changed Mind
R012122,O0143310,C106824,2025-10-08,5846.04,Better Price Found
R012123,O0143316,C106824,2025-12-31,14480.82,Changed Mind
R012124,O0143317,C106824,2026-01-02,2333.84,Late Delivery
R012125,O0143325,C106824,2026-03-20,980.6,Size Issue
R012126,O0143355,C106825,2025-07-13,2102.08,Better Price Found
R012127,O0143358,C106826,2025-11-18,26327.75,Defective Product
R012128,O0143377,C106826,2026-04-24,8815.66,Changed Mind
R012129,O0143384,C106826,2026-07-02,7922.53,Size Issue
R012130,O0143398,C106828,2023-08-20,1313.42,Changed Mind
R012131,O0143434,C106828,2025-10-09,44355.18,Better Price Found
R012132,O0143440,C106828,2026-01-13,53417.69,Not as Described
R012133,O0143458,C106830,2025-12-19,3605.02,Defective Product
R012134,O0143478,C106831,2025-07-16,5121.23,Defective Product
R012135,O0143482,C106831,2026-01-09,14150.61,Not as Described
R012136,O0143503,C106832,2026-01-23,3806.58,Size Issue
R012137,O0143533,C106834,2025-01-15,4150.13,Changed Mind
R012138,O0143539,C106834,2025-09-11,5620.47,Changed Mind
R012139,O0143574,C106836,2025-09-14,2976.14,Changed Mind
R012140,O0143590,C106836,2025-12-18,4221.05,Changed Mind
R012141,O0143598,C106836,2026-02-10,874.8,Better Price Found
R012142,O0143601,C106836,2026-03-14,6992.98,Better Price Found
R012143,O0143610,C106836,2026-05-20,1808.59,Changed Mind
R012144,O0143617,C106836,2026-08-06,3134.28,Changed Mind
R012145,O0143624,C106838,2024-05-05,4978.75,Size Issue
R012146,O0143635,C106838,2024-10-06,48556.63,Defective Product
R012147,O0143668,C106838,2025-11-09,4737.24,Not as Described
R012148,O0143677,C106838,2026-02-06,17832.63,Changed Mind
R012149,O0143678,C106838,2026-02-18,7675.78,Size Issue
R012150,O0143681,C106838,2026-02-28,3228.07,Late Delivery
R012151,O0143721,C106839,2026-03-18,3487.26,Size Issue
R012152,O0143730,C106840,2025-10-28,2010.48,Not as Described
R012153,O0143733,C106840,2026-01-13,10244.14,Size Issue
R012154,O0143736,C106840,2026-02-19,457.47,Size Issue
R012155,O0143740,C106840,2026-05-28,5876.65,Late Delivery
R012156,O0143751,C106842,2024-04-09,45439.5,Not as Described
R012157,O0143755,C106842,2025-07-30,24778.86,Size Issue
R012158,O0143777,C106844,2026-03-09,2143.2,Defective Product
R012159,O0143790,C106845,2023-11-11,7128.85,Not as Described
R012160,O0143796,C106845,2024-11-25,988.78,Size Issue
R012161,O0143800,C106846,2026-04-14,5832.71,Size Issue
R012162,O0143806,C106846,2026-06-30,1668.94,Changed Mind
R012163,O0143808,C106846,2026-07-27,1162.23,Changed Mind
R012164,O0143829,C106847,2024-11-29,3021.34,Late Delivery
R012165,O0143839,C106847,2025-03-19,4042.38,Late Delivery
R012166,O0143856,C106847,2025-12-31,1823.26,Not as Described
R012167,O0143859,C106847,2026-03-09,96521.64,Late Delivery
R012168,O0143865,C106847,2026-06-19,10511.46,Size Issue
R012169,O0143890,C106850,2023-08-23,615.11,Defective Product
R012170,O0143898,C106850,2023-10-26,21058.63,Not as Described
R012171,O0143910,C106850,2024-01-22,2507.85,Late Delivery
R012172,O0143913,C106850,2024-01-19,1577.19,Not as Described
R012173,O0144003,C106850,2026-03-21,7852.45,Changed Mind
R012174,O0144038,C106852,2025-08-02,25094.45,Late Delivery
R012175,O0144041,C106852,2025-08-19,697.09,Size Issue
R012176,O0144043,C106852,2025-08-24,20607.09,Defective Product
R012177,O0144061,C106853,2024-09-01,5569.07,Changed Mind
R012178,O0144065,C106853,2024-09-30,31797.97,Better Price Found
R012179,O0144087,C106853,2025-04-16,1965.71,Better Price Found
R012180,O0144099,C106853,2025-06-25,4989.82,Changed Mind
R012181,O0144108,C106853,2025-09-04,4319.96,Late Delivery
R012182,O0144128,C106853,2026-01-22,1235.96,Late Delivery
R012183,O0144145,C106854,2023-01-25,12090.36,Not as Described
R012184,O0144151,C106854,2024-02-21,3815.43,Not as Described
R012185,O0144168,C106855,2023-12-24,751.29,Changed Mind
R012186,O0144198,C106855,2024-09-25,41002.79,Not as Described
R012187,O0144201,C106855,2024-10-21,2441.56,Size Issue
R012188,O0144203,C106855,2024-10-25,11574.27,Better Price Found
R012189,O0144213,C106855,2024-12-21,13205.7,Defective Product
R012190,O0144222,C106855,2025-03-25,53892.84,Not as Described
R012191,O0144231,C106855,2025-09-02,1975.36,Late Delivery
R012192,O0144239,C106855,2025-11-29,5032.59,Late Delivery
R012193,O0144244,C106855,2026-02-02,5352.75,Better Price Found
R012194,O0144258,C106855,2026-07-17,2937.09,Defective Product
R012195,O0144296,C106857,2024-09-02,3103.07,Size Issue
R012196,O0144310,C106857,2025-08-22,14369.84,Better Price Found
R012197,O0144323,C106858,2023-08-30,2520.13,Late Delivery
R012198,O0144343,C106858,2024-03-14,462.16,Not as Described
R012199,O0144361,C106858,2024-08-25,10484.15,Late Delivery
R012200,O0144382,C106858,2025-03-06,604.25,Late Delivery
R012201,O0144403,C106858,2025-08-08,122553.11,Changed Mind
R012202,O0144428,C106858,2026-01-27,1159.16,Changed Mind
R012203,O0144434,C106858,2026-03-06,1840.3,Defective Product
R012204,O0144443,C106858,2026-06-03,3473.31,Not as Described
R012205,O0144485,C106860,2024-08-03,6338.5,Not as Described
R012206,O0144489,C106860,2024-10-05,23628.15,Not as Described
R012207,O0144520,C106860,2025-08-26,51064.39,Late Delivery
R012208,O0144534,C106860,2025-12-06,3152.32,Late Delivery
R012209,O0144569,C106861,2025-06-09,2071.79,Size Issue
R012210,O0144579,C106862,2026-02-11,2070.57,Size Issue
R012211,O0144587,C106863,2026-07-12,6577.64,Changed Mind
R012212,O0144596,C106864,2025-04-05,400.43,Changed Mind
R012213,O0144597,C106864,2025-05-09,1261.66,Not as Described
R012214,O0144599,C106864,2025-09-16,1348.62,Better Price Found
R012215,O0144602,C106864,2026-03-02,1661.22,Defective Product
R012216,O0144636,C106867,2025-07-03,5466.26,Defective Product
R012217,O0144676,C106868,2025-02-08,894.82,Late Delivery
R012218,O0144685,C106868,2025-11-01,8606.75,Defective Product
R012219,O0144696,C106869,2024-02-12,5622.88,Size Issue
R012220,O0144711,C106869,2024-07-03,3013.81,Late Delivery
R012221,O0144799,C106875,2024-04-28,14358.67,Defective Product
R012222,O0144815,C106876,2026-03-13,25966.64,Not as Described
R012223,O0144821,C106878,2024-04-07,39299.71,Defective Product
R012224,O0144835,C106879,2023-08-02,1593.87,Better Price Found
R012225,O0144836,C106879,2023-08-28,5322.38,Not as Described
R012226,O0144848,C106879,2024-03-11,1607.2,Late Delivery
R012227,O0144849,C106879,2024-03-22,10670.23,Not as Described
R012228,O0144850,C106879,2024-06-09,6846.82,Not as Described
R012229,O0144857,C106879,2024-08-21,1160.54,Size Issue
R012230,O0144858,C106879,2024-09-30,2040.29,Defective Product
R012231,O0144865,C106879,2024-12-03,6954.23,Defective Product
R012232,O0144868,C106879,2025-01-11,98666.05,Defective Product
R012233,O0144873,C106879,2025-03-10,16216.97,Defective Product
R012234,O0144883,C106879,2025-06-27,525.85,Not as Described
R012235,O0144887,C106879,2025-08-08,13459.89,Defective Product
R012236,O0144889,C106879,2025-08-23,1872.83,Better Price Found
R012237,O0144895,C106879,2025-10-06,5249.47,Better Price Found
R012238,O0144907,C106879,2026-02-27,4373.16,Size Issue
R012239,O0144988,C106880,2025-01-03,23139.91,Not as Described
R012240,O0144998,C106880,2025-05-11,1149.5,Better Price Found
R012241,O0145004,C106880,2025-07-16,4279.31,Better Price Found
R012242,O0145016,C106880,2025-10-09,28838.44,Late Delivery
R012243,O0145019,C106880,2025-10-13,4439.64,Not as Described
R012244,O0145029,C106880,2025-12-25,3470.72,Defective Product
R012245,O0145032,C106880,2026-01-24,62476.93,Not as Described
R012246,O0145050,C106880,2026-06-21,1079.97,Defective Product
R012247,O0145059,C106881,2024-03-02,31595.59,Defective Product
R012248,O0145086,C106884,2025-10-29,3278.57,Changed Mind
R012249,O0145098,C106885,2025-12-01,12877.77,Size Issue
R012250,O0145101,C106885,2026-01-14,28351.01,Late Delivery
R012251,O0145123,C106886,2025-08-05,43415.29,Better Price Found
R012252,O0145144,C106886,2026-02-06,4271.69,Late Delivery
R012253,O0145162,C106886,2026-06-28,1208.49,Defective Product
R012254,O0145165,C106886,2026-07-27,2926.89,Better Price Found
R012255,O0145186,C106888,2025-01-14,6798.22,Late Delivery
R012256,O0145210,C106891,2025-02-15,4122.91,Changed Mind
R012257,O0145233,C106893,2023-07-01,4168.3,Changed Mind
R012258,O0145235,C106893,2023-07-21,790.58,Late Delivery
R012259,O0145242,C106893,2023-09-17,8102.82,Not as Described
R012260,O0145269,C106893,2024-08-06,637.43,Late Delivery
R012261,O0145271,C106893,2024-08-21,2792.04,Late Delivery
R012262,O0145272,C106893,2024-09-06,3412.84,Defective Product
R012263,O0145283,C106893,2024-11-04,5629.04,Not as Described
R012264,O0145286,C106893,2024-11-16,745.43,Late Delivery
R012265,O0145290,C106893,2024-12-12,1239.11,Size Issue
R012266,O0145291,C106893,2024-12-11,1692.64,Not as Described
R012267,O0145296,C106893,2025-01-13,15134.17,Defective Product
R012268,O0145306,C106893,2025-04-22,2663.96,Changed Mind
R012269,O0145309,C106893,2025-05-16,3247.38,Not as Described
R012270,O0145318,C106893,2025-09-08,14930.56,Not as Described
R012271,O0145321,C106893,2025-09-18,32415.46,Defective Product
R012272,O0145335,C106893,2026-01-13,1740.3,Changed Mind
R012273,O0145336,C106893,2026-01-11,28974.58,Late Delivery
R012274,O0145338,C106893,2026-01-23,34499.52,Better Price Found
R012275,O0145344,C106893,2026-03-05,1039.26,Size Issue
R012276,O0145356,C106893,2026-05-26,1808.97,Defective Product
R012277,O0145375,C106896,2023-12-02,604.03,Defective Product
R012278,O0145391,C106896,2024-09-21,2707.0,Not as Described
R012279,O0145404,C106896,2025-06-08,2621.7,Size Issue
R012280,O0145405,C106896,2025-06-14,35140.12,Defective Product
R012281,O0145431,C106896,2026-01-01,1601.2,Better Price Found
R012282,O0145437,C106896,2026-04-01,677.49,Late Delivery
R012283,O0145440,C106896,2026-05-06,4464.75,Changed Mind
R012284,O0145443,C106896,2026-05-13,2178.16,Defective Product
R012285,O0145444,C106896,2026-05-06,29303.81,Late Delivery
R012286,O0145478,C106899,2024-10-09,2450.96,Not as Described
R012287,O0145492,C106899,2025-02-28,28839.14,Late Delivery
R012288,O0145498,C106899,2025-04-23,1642.47,Defective Product
R012289,O0145511,C106899,2025-08-02,5431.46,Defective Product
R012290,O0145527,C106899,2025-12-05,3158.47,Late Delivery
R012291,O0145559,C106900,2024-03-09,4267.54,Late Delivery
R012292,O0145569,C106900,2024-09-08,1285.18,Defective Product
R012293,O0145585,C106900,2025-02-09,8484.64,Size Issue
R012294,O0145627,C106900,2026-05-24,1381.82,Not as Described
R012295,O0145652,C106901,2024-09-18,1671.72,Size Issue
R012296,O0145655,C106901,2024-12-05,11345.05,Late Delivery
R012297,O0145658,C106901,2025-03-20,2800.37,Size Issue
R012298,O0145666,C106901,2026-03-15,3981.87,Defective Product
R012299,O0145671,C106903,2024-10-08,1389.02,Not as Described
R012300,O0145717,C106905,2025-01-24,1542.68,Better Price Found
R012301,O0145722,C106905,2025-09-08,3937.45,Size Issue
R012302,O0145757,C106909,2026-02-22,60783.27,Changed Mind
R012303,O0145765,C106911,2025-11-17,25087.58,Changed Mind
R012304,O0145776,C106913,2025-04-10,20463.87,Late Delivery
R012305,O0145799,C106913,2026-03-01,4415.04,Changed Mind
R012306,O0145806,C106914,2023-05-25,9757.97,Not as Described
R012307,O0145842,C106918,2024-12-30,11204.9,Changed Mind
R012308,O0145863,C106918,2026-07-05,1509.81,Changed Mind
R012309,O0145868,C106918,2026-07-27,3862.99,Changed Mind
R012310,O0145875,C106919,2026-04-22,3318.77,Not as Described
R012311,O0145881,C106920,2024-12-21,2968.83,Not as Described
R012312,O0145886,C106920,2025-09-13,16930.09,Defective Product
R012313,O0145893,C106920,2026-02-16,50452.57,Not as Described
R012314,O0145901,C106922,2024-03-06,1040.23,Changed Mind
R012315,O0145917,C106922,2026-04-18,3120.29,Not as Described
R012316,O0145976,C106924,2025-03-01,8691.19,Not as Described
R012317,O0146042,C106929,2025-09-27,59340.32,Size Issue
R012318,O0146088,C106931,2025-05-12,26780.72,Size Issue
R012319,O0146092,C106931,2025-06-28,719.38,Defective Product
R012320,O0146121,C106931,2026-02-11,3385.1,Changed Mind
R012321,O0146137,C106931,2026-07-20,24988.1,Late Delivery
R012322,O0146150,C106932,2024-11-03,2534.94,Changed Mind
R012323,O0146153,C106932,2025-01-05,16057.21,Size Issue
R012324,O0146180,C106932,2025-10-31,7535.6,Late Delivery
R012325,O0146213,C106934,2026-01-16,35149.45,Defective Product
R012326,O0146220,C106935,2024-07-19,10208.96,Not as Described
R012327,O0146222,C106935,2024-08-02,571.11,Not as Described
R012328,O0146230,C106935,2024-10-03,5143.07,Late Delivery
R012329,O0146234,C106935,2024-10-23,4148.45,Late Delivery
R012330,O0146235,C106935,2024-11-07,1538.35,Changed Mind
R012331,O0146254,C106935,2025-05-19,3852.32,Changed Mind
R012332,O0146256,C106935,2025-05-21,11200.87,Not as Described
R012333,O0146288,C106935,2026-06-12,16757.28,Late Delivery
R012334,O0146296,C106937,2025-04-26,24039.43,Defective Product
R012335,O0146307,C106938,2024-10-20,8069.7,Size Issue
R012336,O0146345,C106940,2024-03-16,13386.58,Late Delivery
R012337,O0146349,C106940,2024-05-06,1722.71,Better Price Found
R012338,O0146355,C106940,2024-09-02,466.87,Better Price Found
R012339,O0146360,C106940,2024-10-21,25296.44,Late Delivery
R012340,O0146362,C106940,2024-12-13,8494.13,Late Delivery
R012341,O0146363,C106940,2024-12-22,1230.77,Better Price Found
R012342,O0146366,C106940,2025-02-10,1745.66,Changed Mind
R012343,O0146369,C106940,2025-04-03,4938.87,Late Delivery
R012344,O0146372,C106940,2025-05-12,16089.83,Changed Mind
R012345,O0146373,C106940,2025-05-26,1892.51,Size Issue
R012346,O0146378,C106940,2025-08-29,1737.55,Late Delivery
R012347,O0146386,C106940,2025-10-17,6198.83,Better Price Found
R012348,O0146395,C106940,2026-01-07,4904.08,Late Delivery
R012349,O0146409,C106940,2026-04-16,14629.41,Defective Product
R012350,O0146414,C106940,2026-06-07,5715.02,Late Delivery
R012351,O0146434,C106942,2025-11-23,3132.07,Better Price Found
R012352,O0146461,C106945,2023-10-26,4107.66,Defective Product
R012353,O0146469,C106945,2024-03-03,697.32,Size Issue
R012354,O0146498,C106945,2024-12-04,1214.81,Defective Product
R012355,O0146516,C106945,2025-05-29,2055.24,Size Issue
R012356,O0146518,C106945,2025-06-05,34850.63,Defective Product
R012357,O0146554,C106945,2026-05-07,4017.41,Late Delivery
R012358,O0146573,C106947,2026-02-09,1328.16,Defective Product
R012359,O0146574,C106947,2026-04-27,23100.34,Changed Mind
R012360,O0146577,C106948,2024-08-20,5258.95,Defective Product
R012361,O0146611,C106949,2026-01-08,4616.8,Changed Mind
R012362,O0146625,C106951,2026-03-29,1074.99,Better Price Found
R012363,O0146626,C106951,2026-05-06,23519.51,Changed Mind
R012364,O0146642,C106954,2024-12-27,5869.23,Better Price Found
R012365,O0146652,C106954,2025-12-31,3463.45,Defective Product
R012366,O0146667,C106955,2026-03-31,9340.78,Late Delivery
R012367,O0146675,C106956,2024-06-13,1470.59,Better Price Found
R012368,O0146716,C106960,2026-06-21,18966.59,Better Price Found
R012369,O0146735,C106961,2025-07-17,12863.15,Late Delivery
R012370,O0146758,C106963,2025-09-11,27414.41,Defective Product
R012371,O0146761,C106963,2026-06-01,15554.28,Changed Mind
R012372,O0146790,C106965,2025-11-10,324.23,Late Delivery
R012373,O0146801,C106966,2025-01-17,9665.29,Late Delivery
R012374,O0146823,C106967,2024-09-20,22057.04,Size Issue
R012375,O0146828,C106967,2025-08-03,3755.68,Defective Product
R012376,O0146830,C106968,2023-05-28,9317.6,Late Delivery
R012377,O0146863,C106969,2024-08-05,2146.38,Size Issue
R012378,O0146864,C106969,2024-08-16,1640.95,Changed Mind
R012379,O0146874,C106969,2024-09-28,667.36,Not as Described
R012380,O0146876,C106969,2024-10-26,1238.77,Size Issue
R012381,O0146924,C106969,2025-09-04,2208.18,Defective Product
R012382,O0146954,C106969,2026-04-04,4461.46,Better Price Found
R012383,O0146958,C106969,2026-04-17,9060.93,Better Price Found
R012384,O0146994,C106970,2025-05-06,13036.63,Not as Described
R012385,O0147006,C106970,2025-08-16,1979.59,Not as Described
R012386,O0147009,C106970,2025-09-06,3493.07,Better Price Found
R012387,O0147017,C106970,2025-10-07,2823.07,Late Delivery
R012388,O0147031,C106970,2026-02-08,3061.98,Better Price Found
R012389,O0147033,C106970,2026-03-08,2691.6,Changed Mind
R012390,O0147034,C106970,2026-03-06,24812.59,Defective Product
R012391,O0147069,C106972,2025-03-15,5100.84,Defective Product
R012392,O0147070,C106972,2025-04-05,2545.76,Late Delivery
R012393,O0147073,C106972,2025-08-18,1151.92,Not as Described
R012394,O0147074,C106972,2025-09-13,3358.04,Size Issue
R012395,O0147106,C106976,2026-01-20,168.52,Better Price Found
R012396,O0147115,C106976,2026-05-02,1354.17,Late Delivery
R012397,O0147117,C106976,2026-06-13,17607.81,Size Issue
R012398,O0147136,C106978,2025-04-14,43036.84,Changed Mind
R012399,O0147148,C106978,2026-06-14,25101.85,Late Delivery
R012400,O0147155,C106980,2024-01-25,25092.5,Size Issue
R012401,O0147180,C106980,2025-03-22,12819.61,Not as Described
R012402,O0147200,C106980,2025-10-09,4975.14,Size Issue
R012403,O0147226,C106980,2026-05-10,596.0,Not as Described
R012404,O0147230,C106980,2026-06-23,16219.02,Better Price Found
R012405,O0147231,C106980,2026-07-11,9549.98,Defective Product
R012406,O0147249,C106981,2025-03-25,5464.02,Changed Mind
R012407,O0147255,C106982,2025-07-18,2094.61,Better Price Found
R012408,O0147261,C106982,2026-08-04,22658.29,Not as Described
R012409,O0147267,C106984,2023-10-13,20142.58,Not as Described
R012410,O0147300,C106984,2025-08-15,6081.73,Better Price Found
R012411,O0147305,C106984,2025-11-21,51215.97,Changed Mind
R012412,O0147316,C106984,2026-04-15,1319.78,Better Price Found
R012413,O0147324,C106985,2024-08-04,1497.59,Size Issue
R012414,O0147327,C106985,2024-11-25,345.62,Better Price Found
R012415,O0147331,C106987,2025-11-11,4995.96,Late Delivery
R012416,O0147333,C106987,2026-05-14,1883.68,Defective Product
R012417,O0147337,C106988,2025-05-22,10147.67,Changed Mind
R012418,O0147371,C106989,2024-10-25,3453.33,Changed Mind
R012419,O0147393,C106990,2023-08-06,2399.75,Better Price Found
R012420,O0147412,C106991,2024-10-10,17043.85,Better Price Found
R012421,O0147420,C106991,2026-03-24,1034.0,Changed Mind
R012422,O0147430,C106992,2026-05-25,18729.13,Not as Described
R012423,O0147459,C106996,2026-04-24,1013.67,Defective Product
R012424,O0147460,C106996,2026-05-04,894.53,Changed Mind
R012425,O0147468,C106997,2025-03-14,2610.52,Size Issue
R012426,O0147472,C106997,2025-06-05,1325.92,Changed Mind
R012427,O0147473,C106997,2025-06-22,14818.06,Defective Product
R012428,O0147482,C106997,2026-06-16,891.97,Changed Mind
R012429,O0147528,C107002,2024-01-18,3598.55,Better Price Found
R012430,O0147533,C107002,2024-06-11,1971.34,Better Price Found
R012431,O0147535,C107002,2024-07-02,6140.36,Changed Mind
R012432,O0147536,C107002,2024-12-08,16669.44,Size Issue
R012433,O0147540,C107003,2025-01-06,15142.77,Defective Product
R012434,O0147546,C107003,2025-04-02,1533.95,Defective Product
R012435,O0147556,C107004,2025-03-21,21966.2,Changed Mind
R012436,O0147571,C107005,2024-05-29,2682.83,Not as Described
R012437,O0147599,C107006,2024-01-07,11028.57,Changed Mind
R012438,O0147612,C107006,2024-03-30,11216.07,Better Price Found
R012439,O0147622,C107006,2024-05-24,2769.46,Size Issue
R012440,O0147623,C107006,2024-05-29,13098.06,Better Price Found
R012441,O0147636,C107006,2024-09-15,1737.04,Late Delivery
R012442,O0147637,C107006,2024-09-20,1118.78,Size Issue
R012443,O0147645,C107006,2024-12-31,11361.76,Better Price Found
R012444,O0147694,C107006,2026-05-13,3566.34,Better Price Found
R012445,O0147741,C107010,2026-06-09,14097.46,Size Issue
R012446,O0147742,C107010,2026-06-22,76483.24,Better Price Found
R012447,O0147751,C107012,2026-04-01,1455.35,Late Delivery
R012448,O0147763,C107013,2024-01-18,3067.0,Late Delivery
R012449,O0147772,C107014,2024-02-24,7939.04,Changed Mind
R012450,O0147775,C107014,2024-05-30,11382.5,Size Issue
R012451,O0147779,C107014,2024-09-16,8329.87,Size Issue
R012452,O0147787,C107014,2024-12-28,1283.93,Defective Product
R012453,O0147789,C107014,2025-01-26,5089.93,Defective Product
R012454,O0147791,C107014,2025-04-01,32138.65,Defective Product
R012455,O0147794,C107014,2025-06-04,792.85,Late Delivery
R012456,O0147807,C107014,2025-12-02,3233.04,Changed Mind
R012457,O0147812,C107014,2026-01-10,19880.08,Not as Described
R012458,O0147840,C107015,2024-05-31,1159.04,Better Price Found
R012459,O0147863,C107018,2025-04-29,8426.7,Better Price Found
R012460,O0147878,C107020,2026-07-16,3087.72,Late Delivery
R012461,O0147903,C107022,2025-12-06,20140.19,Changed Mind
R012462,O0147907,C107022,2026-06-26,9085.27,Better Price Found
R012463,O0147930,C107026,2023-11-28,28774.96,Not as Described
R012464,O0147931,C107026,2023-12-03,7682.83,Defective Product
R012465,O0147942,C107026,2024-08-30,26069.26,Size Issue
R012466,O0147966,C107028,2026-07-28,3287.82,Not as Described
R012467,O0147982,C107029,2025-08-21,10323.91,Defective Product
R012468,O0147984,C107029,2025-09-27,17450.77,Late Delivery
R012469,O0147995,C107030,2024-04-13,1422.51,Size Issue
R012470,O0148030,C107030,2026-07-09,11676.01,Better Price Found
R012471,O0148036,C107031,2025-10-14,3591.62,Defective Product
R012472,O0148043,C107032,2024-12-31,11141.75,Size Issue
R012473,O0148046,C107032,2025-02-04,305.5,Late Delivery
R012474,O0148076,C107032,2025-12-12,2854.62,Size Issue
R012475,O0148077,C107032,2026-02-13,8521.74,Changed Mind
R012476,O0148081,C107032,2026-03-13,10753.23,Changed Mind
R012477,O0148084,C107032,2026-04-09,342.22,Late Delivery
R012478,O0148095,C107032,2026-07-22,13624.41,Changed Mind
R012479,O0148108,C107034,2024-12-03,31915.19,Defective Product
R012480,O0148124,C107034,2025-11-14,3279.86,Late Delivery
R012481,O0148127,C107034,2026-04-02,921.33,Defective Product
R012482,O0148132,C107035,2025-08-02,14489.81,Better Price Found
R012483,O0148162,C107036,2026-03-06,813.28,Late Delivery
R012484,O0148168,C107037,2024-10-26,2504.19,Defective Product
R012485,O0148172,C107037,2024-12-22,4673.21,Defective Product
R012486,O0148180,C107037,2025-04-06,7642.39,Defective Product
R012487,O0148181,C107037,2025-05-04,38392.72,Not as Described
R012488,O0148207,C107037,2026-03-24,3571.51,Better Price Found
R012489,O0148209,C107037,2026-05-01,9153.67,Defective Product
R012490,O0148218,C107038,2024-05-14,57680.03,Better Price Found
R012491,O0148290,C107041,2023-12-29,10262.27,Changed Mind
R012492,O0148299,C107041,2024-02-22,28429.72,Changed Mind
R012493,O0148311,C107041,2024-05-30,809.96,Defective Product
R012494,O0148331,C107041,2024-11-27,18838.67,Size Issue
R012495,O0148335,C107041,2025-01-13,15802.9,Late Delivery
R012496,O0148339,C107041,2025-02-11,5333.61,Size Issue
R012497,O0148343,C107041,2025-03-01,8003.25,Late Delivery
R012498,O0148363,C107041,2025-08-16,3564.85,Defective Product
R012499,O0148365,C107041,2025-08-18,1894.17,Size Issue
R012500,O0148370,C107041,2025-10-02,5473.31,Size Issue
R012501,O0148374,C107041,2025-11-21,2641.4,Changed Mind
R012502,O0148375,C107041,2025-12-09,7287.65,Size Issue
R012503,O0148407,C107042,2025-04-07,4795.37,Changed Mind
R012504,O0148416,C107042,2025-11-26,8335.33,Not as Described
R012505,O0148422,C107042,2026-03-05,6044.28,Changed Mind
R012506,O0148423,C107042,2026-04-13,7673.8,Better Price Found
R012507,O0148442,C107045,2026-02-14,10531.05,Size Issue
R012508,O0148449,C107046,2026-02-08,490.22,Not as Described
R012509,O0148452,C107046,2026-05-13,10147.38,Size Issue
R012510,O0148495,C107050,2025-07-07,1772.92,Size Issue
R012511,O0148498,C107050,2025-09-18,19117.09,Better Price Found
R012512,O0148499,C107050,2025-10-26,1078.93,Defective Product
R012513,O0148500,C107050,2026-06-08,19440.11,Changed Mind
R012514,O0148503,C107051,2023-08-16,7770.64,Better Price Found
R012515,O0148505,C107051,2024-01-02,19722.76,Late Delivery
R012516,O0148506,C107051,2024-06-15,11929.16,Not as Described
R012517,O0148526,C107052,2026-07-15,6702.32,Changed Mind
R012518,O0148527,C107053,2025-06-08,8104.96,Size Issue
R012519,O0148528,C107053,2025-07-25,851.39,Late Delivery
R012520,O0148530,C107053,2025-10-30,13944.54,Better Price Found
R012521,O0148534,C107053,2026-01-10,6224.53,Not as Described
R012522,O0148547,C107055,2025-07-13,1807.46,Size Issue
R012523,O0148561,C107056,2025-09-14,2102.11,Not as Described
R012524,O0148577,C107056,2026-01-06,3931.56,Defective Product
R012525,O0148590,C107056,2026-05-28,1253.65,Changed Mind
R012526,O0148599,C107057,2024-11-18,8301.09,Better Price Found
R012527,O0148606,C107057,2025-05-26,40260.01,Size Issue
R012528,O0148607,C107057,2025-06-20,1698.5,Defective Product
R012529,O0148608,C107057,2025-06-29,1161.49,Better Price Found
R012530,O0148610,C107057,2025-10-28,4509.01,Defective Product
R012531,O0148618,C107058,2026-04-23,9401.26,Late Delivery
R012532,O0148627,C107060,2026-07-08,54393.22,Not as Described
R012533,O0148655,C107063,2024-04-08,29496.16,Changed Mind
R012534,O0148669,C107063,2025-10-24,20059.74,Not as Described
R012535,O0148671,C107063,2026-03-29,5619.05,Better Price Found
R012536,O0148681,C107064,2023-04-23,6028.81,Better Price Found
R012537,O0148683,C107064,2023-05-21,3682.48,Late Delivery
R012538,O0148698,C107064,2024-06-03,21773.63,Late Delivery
R012539,O0148708,C107064,2025-06-05,15387.5,Size Issue
R012540,O0148715,C107065,2025-01-24,18441.34,Better Price Found
R012541,O0148748,C107071,2024-02-04,518.74,Defective Product
R012542,O0148763,C107072,2026-03-31,67005.58,Size Issue
R012543,O0148790,C107076,2024-01-24,4679.79,Not as Described
R012544,O0148795,C107076,2024-04-15,11998.94,Not as Described
R012545,O0148798,C107076,2024-05-04,985.34,Size Issue
R012546,O0148799,C107076,2024-06-14,561.4,Size Issue
R012547,O0148808,C107076,2024-08-06,4406.15,Defective Product
R012548,O0148831,C107076,2025-04-23,33503.59,Better Price Found
R012549,O0148835,C107076,2025-05-25,798.27,Not as Described
R012550,O0148843,C107076,2025-07-16,3791.38,Better Price Found
R012551,O0148852,C107076,2025-10-07,5792.0,Defective Product
R012552,O0148855,C107076,2025-11-17,5001.64,Not as Described
R012553,O0148910,C107077,2026-05-04,871.44,Changed Mind
R012554,O0148917,C107078,2023-06-29,2682.41,Late Delivery
R012555,O0148924,C107078,2023-10-08,26286.66,Changed Mind
R012556,O0148943,C107078,2024-07-06,8785.64,Size Issue
R012557,O0148950,C107078,2024-08-30,77029.47,Defective Product
R012558,O0148957,C107078,2024-11-16,5287.48,Not as Described
R012559,O0149008,C107078,2026-05-13,2907.11,Late Delivery
R012560,O0149018,C107079,2024-05-31,76434.17,Better Price Found
R012561,O0149037,C107079,2025-09-30,3932.6,Defective Product
R012562,O0149046,C107079,2026-02-20,7188.54,Better Price Found
R012563,O0149060,C107080,2024-12-20,1802.72,Defective Product
R012564,O0149080,C107081,2025-11-17,695.31,Size Issue
R012565,O0149084,C107081,2026-02-04,1389.54,Defective Product
R012566,O0149087,C107081,2026-03-18,1520.9,Late Delivery
R012567,O0149090,C107081,2026-04-30,3393.26,Size Issue
R012568,O0149094,C107081,2026-05-30,2326.75,Late Delivery
R012569,O0149131,C107086,2025-04-30,1263.27,Late Delivery
R012570,O0149144,C107086,2026-07-02,36244.93,Not as Described
R012571,O0149156,C107087,2026-02-14,3291.27,Not as Described
R012572,O0149175,C107088,2026-03-02,1791.11,Size Issue
R012573,O0149223,C107093,2026-04-02,6620.27,Better Price Found
R012574,O0149224,C107093,2026-06-13,9744.1,Late Delivery
R012575,O0149241,C107096,2024-09-27,8563.32,Late Delivery
R012576,O0149258,C107096,2025-11-06,1892.68,Late Delivery
R012577,O0149291,C107097,2024-09-21,2548.24,Late Delivery
R012578,O0149293,C107097,2024-10-17,1348.21,Not as Described
R012579,O0149304,C107097,2025-12-12,4462.3,Better Price Found
R012580,O0149312,C107097,2026-07-09,1339.57,Defective Product
R012581,O0149324,C107098,2025-04-14,4018.84,Size Issue
R012582,O0149325,C107098,2025-04-16,3383.73,Defective Product
R012583,O0149343,C107098,2025-11-24,8988.25,Defective Product
R012584,O0149365,C107098,2026-07-10,7098.21,Late Delivery
R012585,O0149369,C107099,2024-06-07,13901.73,Defective Product
R012586,O0149373,C107099,2024-07-10,2783.72,Late Delivery
R012587,O0149396,C107099,2025-02-27,2064.16,Size Issue
R012588,O0149416,C107099,2025-09-11,879.81,Not as Described
R012589,O0149429,C107099,2026-02-06,15516.68,Late Delivery
R012590,O0149430,C107099,2026-02-01,187.63,Not as Described
R012591,O0149440,C107099,2026-04-30,4563.95,Better Price Found
R012592,O0149444,C107099,2026-06-03,2027.5,Not as Described
R012593,O0149447,C107099,2026-06-12,2104.24,Defective Product
R012594,O0149454,C107099,2026-07-31,6746.21,Size Issue
R012595,O0149457,C107099,2026-08-01,3005.19,Changed Mind
R012596,O0149463,C107100,2023-12-10,418.14,Defective Product
R012597,O0149468,C107100,2024-02-20,4470.52,Size Issue
R012598,O0149481,C107100,2024-07-23,13133.28,Not as Described
R012599,O0149485,C107100,2024-09-12,6795.35,Size Issue
R012600,O0149490,C107100,2024-10-09,6862.84,Changed Mind
R012601,O0149496,C107100,2024-11-17,635.65,Late Delivery
R012602,O0149512,C107100,2025-03-14,8494.82,Late Delivery
R012603,O0149526,C107100,2025-08-11,1286.16,Defective Product
R012604,O0149533,C107100,2025-09-26,499.61,Changed Mind
R012605,O0149539,C107100,2025-11-17,677.07,Not as Described
R012606,O0149542,C107100,2025-12-19,5981.07,Size Issue
R012607,O0149547,C107100,2026-02-09,1762.69,Late Delivery
R012608,O0149548,C107100,2026-02-11,3985.56,Not as Described
R012609,O0149550,C107100,2026-03-03,5137.56,Size Issue
R012610,O0149561,C107100,2026-05-25,10486.92,Better Price Found
R012611,O0149601,C107102,2026-06-18,620.01,Late Delivery
R012612,O0149609,C107104,2026-07-25,19528.5,Changed Mind
R012613,O0149621,C107107,2025-05-13,22175.76,Defective Product
R012614,O0149637,C107108,2026-05-14,1557.29,Size Issue
R012615,O0149656,C107109,2025-05-22,1794.19,Changed Mind
R012616,O0149658,C107109,2025-11-15,4448.4,Not as Described
R012617,O0149665,C107110,2025-01-19,1308.0,Better Price Found
R012618,O0149667,C107110,2025-02-09,20675.53,Changed Mind
R012619,O0149680,C107111,2023-12-27,4403.65,Size Issue
R012620,O0149688,C107112,2026-04-14,752.02,Defective Product
R012621,O0149695,C107113,2026-03-15,7338.74,Better Price Found
R012622,O0149696,C107113,2026-03-23,6733.58,Defective Product
R012623,O0149705,C107114,2024-05-28,27147.13,Better Price Found
R012624,O0149706,C107114,2024-07-14,23813.18,Size Issue
R012625,O0149724,C107114,2025-08-05,11208.81,Late Delivery
R012626,O0149734,C107114,2026-01-10,4943.19,Changed Mind
R012627,O0149748,C107114,2026-04-18,501.11,Late Delivery
R012628,O0149752,C107114,2026-06-04,2226.72,Defective Product
R012629,O0149754,C107114,2026-07-11,13221.46,Changed Mind
R012630,O0149756,C107115,2024-03-28,24390.59,Late Delivery
R012631,O0149770,C107116,2025-01-02,1147.29,Better Price Found
R012632,O0149799,C107119,2024-09-13,9117.34,Changed Mind
R012633,O0149811,C107120,2024-09-11,14973.73,Better Price Found
R012634,O0149819,C107120,2024-11-19,28700.33,Not as Described
R012635,O0149823,C107120,2025-01-06,3036.71,Defective Product
R012636,O0149824,C107120,2025-01-17,1822.88,Better Price Found
R012637,O0149829,C107120,2025-03-18,2670.61,Late Delivery
R012638,O0149836,C107120,2025-05-23,42445.97,Not as Described
R012639,O0149837,C107120,2025-06-02,363.05,Not as Described
R012640,O0149839,C107120,2025-06-23,957.14,Size Issue
R012641,O0149845,C107120,2025-08-28,12042.72,Changed Mind
R012642,O0149850,C107120,2025-09-20,151.98,Better Price Found
R012643,O0149857,C107120,2025-11-25,4749.67,Defective Product
R012644,O0149862,C107120,2026-01-22,2182.88,Not as Described
R012645,O0149863,C107120,2026-01-12,50799.19,Late Delivery
R012646,O0149869,C107120,2026-02-25,2401.27,Late Delivery
R012647,O0149892,C107121,2025-05-10,29868.41,Size Issue
R012648,O0149903,C107121,2026-02-17,6127.4,Late Delivery
R012649,O0149915,C107123,2025-06-10,1290.65,Size Issue
R012650,O0149955,C107126,2024-01-19,7669.59,Defective Product
R012651,O0149956,C107127,2023-08-24,1782.76,Late Delivery
R012652,O0149961,C107128,2023-06-19,2398.79,Late Delivery
R012653,O0149964,C107128,2023-11-04,48222.35,Changed Mind
R012654,O0149970,C107128,2024-10-20,2401.86,Size Issue
R012655,O0149989,C107130,2025-10-14,5053.55,Late Delivery
R012656,O0149991,C107130,2026-01-20,31906.91,Defective Product
R012657,O0150002,C107131,2025-02-06,5661.36,Not as Described
R012658,O0150006,C107131,2025-03-03,4590.29,Size Issue
R012659,O0150008,C107131,2025-03-23,6482.07,Late Delivery
R012660,O0150017,C107131,2025-08-31,21175.29,Size Issue
R012661,O0150047,C107133,2025-05-26,6006.85,Late Delivery
R012662,O0150048,C107133,2025-07-12,1295.15,Not as Described
R012663,O0150051,C107133,2025-11-09,115544.32,Late Delivery
R012664,O0150073,C107134,2025-03-14,4135.47,Not as Described
R012665,O0150095,C107134,2026-05-11,9114.31,Changed Mind
R012666,O0150099,C107134,2026-05-26,1209.98,Better Price Found
R012667,O0150113,C107136,2026-01-18,1105.86,Defective Product
R012668,O0150128,C107137,2023-12-20,4377.33,Better Price Found
R012669,O0150132,C107137,2024-02-18,1219.45,Late Delivery
R012670,O0150135,C107137,2024-04-28,2317.69,Late Delivery
R012671,O0150136,C107137,2024-05-01,406.93,Defective Product
R012672,O0150138,C107137,2024-05-31,2467.16,Size Issue
R012673,O0150154,C107137,2024-10-17,9971.81,Not as Described
R012674,O0150161,C107137,2025-01-09,2456.66,Better Price Found
R012675,O0150163,C107137,2025-01-17,4124.85,Late Delivery
R012676,O0150187,C107137,2025-07-11,809.89,Better Price Found
R012677,O0150189,C107137,2025-07-18,17993.06,Size Issue
R012678,O0150194,C107137,2025-08-13,998.13,Defective Product
R012679,O0150195,C107137,2025-08-27,6455.94,Late Delivery
R012680,O0150196,C107137,2025-08-25,1989.86,Changed Mind
R012681,O0150208,C107137,2025-10-28,6666.57,Changed Mind
R012682,O0150214,C107137,2025-12-28,6087.67,Late Delivery
R012683,O0150216,C107137,2026-01-18,27686.31,Size Issue
R012684,O0150223,C107137,2026-03-17,2726.23,Defective Product
R012685,O0150230,C107137,2026-04-22,3113.31,Better Price Found
R012686,O0150244,C107138,2025-10-25,5181.78,Late Delivery
R012687,O0150249,C107139,2025-05-08,3529.8,Late Delivery
R012688,O0150251,C107139,2025-10-08,2106.2,Defective Product
R012689,O0150273,C107140,2023-07-31,179.84,Not as Described
R012690,O0150312,C107140,2024-08-04,2476.94,Late Delivery
R012691,O0150338,C107140,2025-04-18,3756.06,Better Price Found
R012692,O0150361,C107140,2025-10-28,570.74,Better Price Found
R012693,O0150440,C107142,2026-04-07,9401.54,Not as Described
R012694,O0150475,C107145,2025-09-14,2616.78,Defective Product
R012695,O0150488,C107145,2026-03-13,3904.68,Defective Product
R012696,O0150493,C107145,2026-04-19,4449.94,Defective Product
R012697,O0150510,C107146,2024-06-13,17137.3,Not as Described
R012698,O0150513,C107146,2025-09-08,7791.64,Defective Product
R012699,O0150584,C107151,2026-01-25,773.87,Not as Described
R012700,O0150596,C107151,2026-06-03,107.14,Better Price Found
R012701,O0150602,C107151,2026-08-05,4002.16,Not as Described
R012702,O0150617,C107153,2024-04-25,8210.21,Not as Described
R012703,O0150623,C107153,2024-08-24,4394.26,Not as Described
R012704,O0150630,C107153,2024-12-03,1484.86,Not as Described
R012705,O0150632,C107153,2024-12-26,469.63,Not as Described
R012706,O0150635,C107153,2025-01-15,835.81,Size Issue
R012707,O0150638,C107153,2025-03-05,1614.56,Changed Mind
R012708,O0150650,C107153,2025-05-21,23799.52,Late Delivery
R012709,O0150654,C107153,2025-06-04,11860.64,Better Price Found
R012710,O0150670,C107153,2025-10-28,12990.25,Changed Mind
R012711,O0150701,C107154,2025-12-30,614.28,Changed Mind
R012712,O0150711,C107155,2024-06-18,10413.64,Changed Mind
R012713,O0150716,C107155,2025-01-14,8335.3,Better Price Found
R012714,O0150721,C107155,2025-07-04,1738.71,Size Issue
R012715,O0150728,C107155,2026-01-28,31111.98,Changed Mind
R012716,O0150729,C107155,2026-02-28,30547.17,Defective Product
R012717,O0150737,C107155,2026-08-04,9649.13,Late Delivery
R012718,O0150761,C107159,2024-05-25,20461.51,Better Price Found
R012719,O0150762,C107159,2024-05-28,362.31,Size Issue
R012720,O0150774,C107159,2026-03-07,6581.63,Defective Product
R012721,O0150780,C107159,2026-07-28,2368.79,Not as Described
R012722,O0150786,C107160,2024-09-07,15599.08,Better Price Found
R012723,O0150787,C107160,2025-02-20,7531.38,Size Issue
R012724,O0150790,C107161,2026-05-20,211.42,Late Delivery
R012725,O0150805,C107163,2024-07-05,19784.16,Defective Product
R012726,O0150812,C107164,2026-02-18,488.61,Better Price Found
R012727,O0150819,C107165,2023-09-26,5644.88,Not as Described
R012728,O0150845,C107167,2026-05-15,7227.69,Late Delivery
R012729,O0150851,C107168,2026-05-26,70541.12,Size Issue
R012730,O0150860,C107170,2023-07-10,46373.41,Late Delivery
R012731,O0150875,C107170,2023-10-26,19155.01,Defective Product
R012732,O0150895,C107170,2024-04-10,6675.71,Not as Described
R012733,O0150899,C107170,2024-05-25,9933.66,Not as Described
R012734,O0150901,C107170,2024-06-30,3976.0,Not as Described
R012735,O0150914,C107170,2024-08-29,40704.32,Defective Product
R012736,O0150949,C107170,2025-07-10,4944.79,Changed Mind
R012737,O0150958,C107170,2025-09-22,46396.51,Better Price Found
R012738,O0150963,C107170,2025-11-19,37515.88,Changed Mind
R012739,O0150967,C107170,2025-12-10,1073.77,Late Delivery
R012740,O0150981,C107170,2026-05-12,70525.21,Defective Product
R012741,O0151011,C107171,2025-11-29,2705.38,Defective Product
R012742,O0151026,C107171,2026-06-06,951.64,Not as Described
R012743,O0151062,C107178,2023-08-13,8693.59,Changed Mind
R012744,O0151075,C107178,2025-06-23,437.71,Not as Described
R012745,O0151098,C107179,2023-10-23,2911.24,Changed Mind
R012746,O0151141,C107179,2025-02-06,39376.58,Changed Mind
R012747,O0151144,C107179,2025-02-24,295.03,Better Price Found
R012748,O0151161,C107179,2025-08-05,64999.43,Better Price Found
R012749,O0151169,C107179,2025-10-12,1752.23,Size Issue
R012750,O0151175,C107179,2025-10-27,589.83,Not as Described
R012751,O0151179,C107179,2025-11-19,43042.88,Changed Mind
R012752,O0151184,C107179,2026-02-11,14573.89,Defective Product
R012753,O0151187,C107179,2026-02-23,11758.54,Changed Mind
R012754,O0151205,C107180,2025-09-26,2849.8,Late Delivery
R012755,O0151210,C107181,2025-08-23,48756.98,Not as Described
R012756,O0151214,C107181,2026-01-18,6307.91,Changed Mind
R012757,O0151216,C107181,2026-07-04,4216.15,Changed Mind
R012758,O0151220,C107182,2023-12-13,5582.43,Better Price Found
R012759,O0151223,C107182,2024-03-02,1178.99,Not as Described
R012760,O0151237,C107182,2025-07-18,4696.59,Changed Mind
R012761,O0151257,C107186,2025-08-08,34125.26,Better Price Found
R012762,O0151281,C107186,2026-04-03,1357.01,Size Issue
R012763,O0151312,C107187,2024-12-31,4408.79,Size Issue
R012764,O0151313,C107187,2025-01-25,7396.5,Late Delivery
R012765,O0151322,C107188,2023-08-30,2557.52,Size Issue
R012766,O0151342,C107189,2025-01-09,16473.95,Defective Product
R012767,O0151348,C107189,2025-02-21,57959.53,Not as Described
R012768,O0151361,C107189,2025-07-17,3343.52,Changed Mind
R012769,O0151375,C107189,2025-11-13,1222.06,Not as Described
R012770,O0151389,C107189,2026-03-15,2570.86,Not as Described
R012771,O0151400,C107189,2026-06-16,10543.05,Not as Described
R012772,O0151421,C107192,2025-08-25,24692.69,Size Issue
R012773,O0151451,C107194,2023-09-21,4793.83,Not as Described
R012774,O0151452,C107194,2024-02-13,39954.52,Not as Described
R012775,O0151455,C107194,2024-04-16,3615.97,Late Delivery
R012776,O0151456,C107194,2024-07-21,12988.46,Size Issue
R012777,O0151471,C107194,2025-12-18,12623.9,Not as Described
R012778,O0151476,C107194,2026-06-13,9543.57,Late Delivery
R012779,O0151493,C107195,2026-04-19,7942.7,Changed Mind
R012780,O0151510,C107197,2024-06-24,2234.71,Size Issue
R012781,O0151524,C107197,2025-04-07,887.0,Late Delivery
R012782,O0151525,C107197,2025-04-25,631.56,Not as Described
R012783,O0151527,C107197,2025-05-22,5808.03,Better Price Found
R012784,O0151539,C107197,2025-11-13,14346.22,Defective Product
R012785,O0151550,C107197,2026-05-04,632.27,Size Issue
R012786,O0151561,C107199,2024-04-02,684.62,Late Delivery
R012787,O0151568,C107199,2024-07-14,1801.6,Better Price Found
R012788,O0151572,C107199,2024-09-15,843.54,Defective Product
R012789,O0151582,C107199,2025-04-14,4552.0,Defective Product
R012790,O0151593,C107199,2026-05-17,77227.42,Changed Mind
R012791,O0151595,C107199,2026-08-08,15680.95,Size Issue
R012792,O0151598,C107200,2024-05-10,2816.85,Size Issue
R012793,O0151607,C107200,2024-08-08,3047.22,Size Issue
R012794,O0151627,C107200,2025-07-11,907.27,Size Issue
R012795,O0151639,C107200,2026-02-21,47.33,Better Price Found
R012796,O0151653,C107202,2024-08-25,301.95,Defective Product
R012797,O0151662,C107202,2025-04-03,15817.48,Defective Product
R012798,O0151669,C107202,2025-06-19,7968.82,Late Delivery
R012799,O0151670,C107202,2025-06-24,4055.49,Better Price Found
R012800,O0151683,C107202,2025-12-24,12778.03,Size Issue
R012801,O0151688,C107202,2026-01-06,2122.41,Defective Product
R012802,O0151740,C107206,2024-04-17,34679.92,Defective Product
R012803,O0151757,C107206,2024-08-20,2447.92,Not as Described
R012804,O0151760,C107206,2024-09-22,4894.6,Changed Mind
R012805,O0151777,C107206,2025-02-22,5371.22,Better Price Found
R012806,O0151810,C107206,2026-01-14,5764.33,Late Delivery
R012807,O0151840,C107207,2024-11-27,4770.15,Not as Described
R012808,O0151855,C107207,2025-10-28,19090.69,Not as Described
R012809,O0151856,C107207,2025-11-03,13344.56,Size Issue
R012810,O0151859,C107207,2026-01-25,5942.33,Defective Product
R012811,O0151865,C107207,2026-03-30,3795.14,Changed Mind
R012812,O0151874,C107207,2026-07-07,29294.86,Late Delivery
R012813,O0151876,C107207,2026-07-08,815.48,Not as Described
R012814,O0151905,C107208,2024-05-02,20630.67,Better Price Found
R012815,O0151959,C107208,2025-09-14,826.05,Late Delivery
R012816,O0151986,C107208,2026-05-17,2805.8,Better Price Found
R012817,O0152000,C107209,2024-07-08,3366.38,Late Delivery
R012818,O0152004,C107210,2025-05-31,5489.35,Defective Product
R012819,O0152016,C107210,2025-08-14,27982.68,Better Price Found
R012820,O0152049,C107210,2026-05-11,1007.1,Defective Product
R012821,O0152074,C107212,2025-05-26,15837.95,Defective Product
R012822,O0152079,C107212,2025-08-28,5246.72,Not as Described
R012823,O0152081,C107212,2025-09-08,59485.82,Late Delivery
R012824,O0152092,C107212,2026-07-20,4234.61,Changed Mind
R012825,O0152104,C107213,2025-07-26,4671.0,Size Issue
R012826,O0152120,C107215,2025-04-03,3587.92,Late Delivery
R012827,O0152136,C107215,2025-11-12,2860.57,Size Issue
R012828,O0152150,C107216,2026-06-09,8003.69,Defective Product
R012829,O0152177,C107217,2025-02-12,88576.52,Changed Mind
R012830,O0152187,C107217,2025-06-17,2238.24,Better Price Found
R012831,O0152189,C107217,2026-02-23,1445.92,Size Issue
R012832,O0152209,C107218,2025-07-08,4132.86,Late Delivery
R012833,O0152220,C107218,2025-10-19,4183.5,Late Delivery
R012834,O0152221,C107218,2025-10-25,30006.79,Changed Mind
R012835,O0152266,C107219,2023-09-08,2347.37,Late Delivery
R012836,O0152268,C107219,2025-05-01,3178.07,Better Price Found
R012837,O0152273,C107220,2025-05-22,2443.12,Better Price Found
R012838,O0152276,C107220,2025-09-24,6093.0,Better Price Found
R012839,O0152279,C107221,2023-12-02,1920.32,Not as Described
R012840,O0152293,C107223,2023-03-28,7835.08,Better Price Found
R012841,O0152306,C107223,2024-04-07,4173.32,Not as Described
R012842,O0152332,C107223,2025-04-20,4076.15,Better Price Found
R012843,O0152364,C107223,2026-05-04,1231.65,Better Price Found
R012844,O0152372,C107223,2026-07-03,770.73,Changed Mind
R012845,O0152377,C107223,2026-07-29,7228.51,Defective Product
R012846,O0152387,C107226,2026-03-03,24663.17,Changed Mind
R012847,O0152395,C107226,2026-07-13,1010.48,Defective Product
R012848,O0152404,C107227,2025-11-07,37617.56,Late Delivery
R012849,O0152431,C107229,2026-05-06,10103.47,Defective Product
R012850,O0152432,C107229,2026-05-21,19035.33,Late Delivery
R012851,O0152434,C107229,2026-06-04,23151.32,Late Delivery
R012852,O0152465,C107231,2024-11-06,1509.81,Defective Product
R012853,O0152475,C107231,2025-02-04,15363.28,Defective Product
R012854,O0152480,C107231,2025-05-25,7037.66,Changed Mind
R012855,O0152493,C107231,2026-02-11,10369.07,Not as Described
R012856,O0152499,C107231,2026-04-24,107522.02,Size Issue
R012857,O0152505,C107231,2026-06-23,12860.17,Defective Product
R012858,O0152516,C107232,2025-10-24,47239.63,Defective Product
R012859,O0152519,C107233,2024-10-01,105234.05,Defective Product
R012860,O0152522,C107233,2024-12-26,146.61,Not as Described
R012861,O0152530,C107233,2025-09-03,6277.66,Changed Mind
R012862,O0152533,C107233,2026-06-13,3191.25,Size Issue
R012863,O0152535,C107233,2026-07-22,9981.42,Defective Product
R012864,O0152541,C107234,2024-06-15,5482.01,Better Price Found
R012865,O0152578,C107237,2023-12-05,3610.09,Changed Mind
R012866,O0152588,C107237,2024-06-09,7700.43,Size Issue
R012867,O0152608,C107238,2023-04-14,7433.43,Not as Described
R012868,O0152615,C107238,2023-07-03,6841.58,Changed Mind
R012869,O0152622,C107238,2023-11-01,10765.49,Not as Described
R012870,O0152657,C107238,2026-01-25,11851.48,Defective Product
R012871,O0152710,C107239,2026-06-16,124.74,Better Price Found
R012872,O0152723,C107241,2023-04-16,6676.62,Changed Mind
R012873,O0152771,C107242,2026-04-22,1139.29,Changed Mind
R012874,O0152772,C107242,2026-04-24,4836.58,Late Delivery
R012875,O0152786,C107242,2026-07-27,15598.88,Changed Mind
R012876,O0152797,C107244,2023-11-09,9043.27,Defective Product
R012877,O0152807,C107244,2024-02-13,7771.42,Not as Described
R012878,O0152808,C107244,2024-02-13,4128.43,Size Issue
R012879,O0152836,C107245,2024-09-06,62200.73,Changed Mind
R012880,O0152842,C107245,2024-10-01,35316.03,Better Price Found
R012881,O0152854,C107245,2025-03-06,26796.14,Changed Mind
R012882,O0152861,C107245,2025-06-14,1095.16,Late Delivery
R012883,O0152867,C107245,2025-11-08,3754.52,Defective Product
R012884,O0152872,C107245,2026-01-06,3692.27,Changed Mind
R012885,O0152874,C107245,2026-05-31,57653.03,Defective Product
R012886,O0152903,C107252,2024-12-15,5864.2,Late Delivery
R012887,O0152908,C107252,2025-05-20,12167.17,Size Issue
R012888,O0152910,C107252,2026-07-14,54187.73,Size Issue
R012889,O0152912,C107253,2024-10-05,11778.9,Changed Mind
R012890,O0152955,C107257,2025-02-05,3151.06,Changed Mind
R012891,O0152957,C107257,2025-03-11,8452.63,Late Delivery
R012892,O0152958,C107257,2025-04-17,13847.38,Late Delivery
R012893,O0152959,C107257,2025-04-26,1663.4,Late Delivery
R012894,O0152961,C107257,2025-05-28,7942.5,Late Delivery
R012895,O0152968,C107257,2025-08-14,6401.31,Not as Described
R012896,O0152971,C107257,2025-09-10,744.36,Defective Product
R012897,O0152994,C107257,2026-06-18,7931.7,Defective Product
R012898,O0153029,C107258,2024-05-13,12242.16,Late Delivery
R012899,O0153050,C107258,2025-03-21,30231.84,Defective Product
R012900,O0153088,C107258,2026-01-23,3692.84,Late Delivery
R012901,O0153103,C107258,2026-05-27,14359.52,Changed Mind
R012902,O0153115,C107259,2024-09-22,892.97,Not as Described
R012903,O0153116,C107260,2024-02-16,12939.36,Not as Described
R012904,O0153117,C107260,2024-08-05,11723.68,Size Issue
R012905,O0153124,C107261,2023-03-17,7495.16,Not as Described
R012906,O0153129,C107261,2023-07-23,1183.23,Defective Product
R012907,O0153139,C107263,2023-07-16,3243.38,Late Delivery
R012908,O0153141,C107263,2024-01-16,7943.35,Late Delivery
R012909,O0153160,C107265,2025-05-15,16678.02,Size Issue
R012910,O0153175,C107267,2024-08-12,3893.48,Late Delivery
R012911,O0153181,C107267,2025-02-27,22418.41,Defective Product
R012912,O0153203,C107268,2025-04-26,30715.76,Defective Product
R012913,O0153208,C107269,2024-01-13,5890.96,Defective Product
R012914,O0153214,C107269,2024-09-19,7356.69,Changed Mind
R012915,O0153221,C107269,2025-03-22,6752.85,Changed Mind
R012916,O0153239,C107270,2026-07-02,61205.8,Late Delivery
R012917,O0153249,C107271,2025-12-12,2920.77,Changed Mind
R012918,O0153252,C107271,2026-01-19,2490.43,Size Issue
R012919,O0153255,C107271,2026-02-23,9320.37,Not as Described
R012920,O0153263,C107272,2024-01-16,585.51,Size Issue
R012921,O0153264,C107272,2024-03-28,2276.35,Not as Described
R012922,O0153269,C107272,2024-11-03,573.08,Late Delivery
R012923,O0153282,C107274,2026-05-08,3098.88,Changed Mind
R012924,O0153287,C107274,2026-07-05,4124.39,Not as Described
R012925,O0153292,C107275,2026-05-18,11687.05,Not as Described
R012926,O0153298,C107276,2025-03-31,9628.57,Size Issue
R012927,O0153303,C107276,2025-09-26,1997.22,Size Issue
R012928,O0153307,C107276,2026-04-07,5699.57,Better Price Found
R012929,O0153315,C107277,2023-12-26,13222.99,Size Issue
R012930,O0153350,C107277,2024-08-31,16869.09,Size Issue
R012931,O0153370,C107277,2025-04-11,5526.87,Changed Mind
R012932,O0153426,C107279,2025-09-22,153850.43,Better Price Found
R012933,O0153436,C107279,2025-12-17,10529.27,Changed Mind
R012934,O0153438,C107279,2026-01-21,1335.3,Better Price Found
R012935,O0153453,C107280,2025-03-18,1135.68,Defective Product
R012936,O0153460,C107280,2025-11-13,1437.65,Not as Described
R012937,O0153483,C107281,2025-09-11,53398.28,Late Delivery
R012938,O0153489,C107282,2023-04-18,15837.18,Changed Mind
R012939,O0153509,C107282,2024-08-05,4203.62,Not as Described
R012940,O0153529,C107282,2025-02-18,16290.76,Defective Product
R012941,O0153546,C107282,2025-06-09,3969.71,Not as Described
R012942,O0153598,C107284,2026-08-03,5665.92,Not as Described
R012943,O0153614,C107288,2024-08-30,9598.28,Late Delivery
R012944,O0153634,C107288,2026-08-05,16555.39,Changed Mind
R012945,O0153648,C107289,2025-07-08,9929.39,Not as Described
R012946,O0153655,C107289,2025-11-14,1828.38,Defective Product
R012947,O0153658,C107289,2026-01-16,2303.11,Defective Product
R012948,O0153666,C107289,2026-05-09,70200.84,Defective Product
R012949,O0153687,C107291,2024-03-03,6219.56,Changed Mind
R012950,O0153694,C107291,2024-08-02,6397.74,Size Issue
R012951,O0153702,C107293,2023-08-29,4281.65,Not as Described
R012952,O0153711,C107293,2023-12-09,2411.99,Not as Described
R012953,O0153719,C107293,2024-04-25,11813.39,Late Delivery
R012954,O0153733,C107293,2024-11-18,2681.92,Not as Described
R012955,O0153765,C107293,2025-07-20,82842.92,Late Delivery
R012956,O0153768,C107293,2025-08-01,2058.73,Late Delivery
R012957,O0153775,C107293,2025-09-27,6790.5,Not as Described
R012958,O0153780,C107293,2025-12-23,5714.78,Changed Mind
R012959,O0153798,C107293,2026-06-15,98.21,Late Delivery
R012960,O0153802,C107293,2026-07-24,17800.56,Size Issue
R012961,O0153826,C107294,2024-11-03,455.85,Late Delivery
R012962,O0153830,C107294,2025-12-06,29376.39,Better Price Found
R012963,O0153836,C107296,2025-03-08,100646.41,Not as Described
R012964,O0153837,C107296,2025-03-24,794.04,Late Delivery
R012965,O0153841,C107296,2025-07-25,119413.3,Defective Product
R012966,O0153863,C107297,2024-01-14,3765.16,Not as Described
R012967,O0153869,C107297,2024-05-11,3879.76,Late Delivery
R012968,O0153884,C107297,2025-02-19,25937.74,Late Delivery
R012969,O0153894,C107297,2026-01-12,5930.18,Not as Described
R012970,O0153906,C107299,2025-08-15,1821.86,Changed Mind
R012971,O0153914,C107300,2023-12-14,2373.36,Changed Mind
R012972,O0153915,C107300,2023-12-18,36472.36,Changed Mind
R012973,O0153917,C107300,2024-01-15,69801.37,Late Delivery
R012974,O0153937,C107300,2024-06-01,1322.59,Defective Product
R012975,O0153957,C107300,2024-11-04,9667.63,Late Delivery
R012976,O0153960,C107300,2024-12-18,1434.79,Changed Mind
R012977,O0153962,C107300,2025-01-01,2224.87,Not as Described
R012978,O0153967,C107300,2025-02-16,8260.01,Better Price Found
R012979,O0153976,C107300,2025-04-15,842.18,Not as Described
R012980,O0153978,C107300,2025-06-03,1486.79,Changed Mind
R012981,O0153979,C107300,2025-05-31,27561.52,Late Delivery
R012982,O0153989,C107300,2025-10-21,4823.37,Changed Mind
R012983,O0154004,C107301,2025-02-20,3037.48,Better Price Found
R012984,O0154016,C107302,2025-10-27,4524.79,Not as Described
R012985,O0154017,C107302,2025-11-15,663.23,Better Price Found
R012986,O0154030,C107304,2026-05-04,5758.61,Not as Described
R012987,O0154037,C107305,2025-07-23,26199.04,Better Price Found
R012988,O0154042,C107305,2025-09-10,15863.96,Better Price Found
R012989,O0154050,C107305,2025-11-27,8771.26,Better Price Found
R012990,O0154053,C107305,2025-12-30,2964.73,Better Price Found
R012991,O0154066,C107305,2026-06-21,24497.92,Better Price Found
R012992,O0154069,C107305,2026-07-03,28261.57,Better Price Found
R012993,O0154104,C107309,2025-09-19,34175.91,Not as Described
R012994,O0154120,C107309,2026-05-08,1576.29,Late Delivery
R012995,O0154131,C107310,2026-07-10,305.88,Defective Product
R012996,O0154134,C107312,2026-07-12,39425.65,Defective Product
R012997,O0154149,C107313,2024-06-02,2443.75,Defective Product
R012998,O0154154,C107313,2024-07-14,5197.45,Better Price Found
R012999,O0154164,C107313,2024-10-01,700.32,Changed Mind
R013000,O0154167,C107313,2024-11-11,103599.22,Defective Product
R013001,O0154185,C107313,2025-03-24,4443.97,Changed Mind
R013002,O0154203,C107313,2025-09-13,7277.12,Size Issue
R013003,O0154215,C107313,2025-11-07,764.84,Better Price Found
R013004,O0154218,C107313,2025-12-13,2874.38,Better Price Found
R013005,O0154219,C107313,2025-12-14,2940.32,Size Issue
R013006,O0154223,C107313,2026-01-11,37182.5,Late Delivery
R013007,O0154226,C107313,2026-01-24,4360.11,Defective Product
R013008,O0154238,C107313,2026-06-03,7783.7,Better Price Found
R013009,O0154248,C107314,2024-07-28,27097.52,Better Price Found
R013010,O0154279,C107314,2025-06-13,155.8,Late Delivery
R013011,O0154296,C107314,2025-10-11,14977.9,Not as Described
R013012,O0154339,C107315,2024-08-20,3094.89,Late Delivery
R013013,O0154362,C107318,2026-01-24,2708.1,Changed Mind
R013014,O0154383,C107320,2024-06-27,28721.93,Defective Product
R013015,O0154399,C107320,2025-05-02,7179.83,Better Price Found
R013016,O0154400,C107320,2025-05-22,16458.33,Size Issue
R013017,O0154409,C107320,2025-07-05,54881.64,Better Price Found
R013018,O0154413,C107320,2025-08-01,3717.26,Size Issue
R013019,O0154439,C107320,2026-02-05,2481.75,Late Delivery
R013020,O0154463,C107321,2026-05-18,408.97,Size Issue
R013021,O0154466,C107321,2026-07-18,1839.06,Changed Mind
R013022,O0154476,C107323,2025-05-14,7835.88,Changed Mind
R013023,O0154485,C107323,2025-06-30,800.25,Changed Mind
R013024,O0154501,C107323,2026-07-21,1404.68,Better Price Found
R013025,O0154520,C107326,2025-03-02,25837.65,Size Issue
R013026,O0154525,C107326,2025-09-12,13641.37,Changed Mind
R013027,O0154538,C107326,2026-08-07,15942.69,Defective Product
R013028,O0154542,C107327,2024-11-04,46823.96,Size Issue
R013029,O0154568,C107327,2025-09-12,3297.48,Better Price Found
R013030,O0154578,C107327,2026-01-21,103.26,Changed Mind
R013031,O0154582,C107327,2026-02-04,952.64,Late Delivery
R013032,O0154610,C107329,2026-07-03,304.04,Better Price Found
R013033,O0154625,C107332,2024-06-18,902.17,Better Price Found
R013034,O0154628,C107332,2025-11-07,2486.47,Changed Mind
R013035,O0154633,C107333,2024-04-30,6431.31,Size Issue
R013036,O0154638,C107333,2024-07-09,2372.01,Not as Described
R013037,O0154640,C107333,2024-07-28,5531.13,Better Price Found
R013038,O0154663,C107333,2025-01-24,1857.59,Better Price Found
R013039,O0154668,C107333,2025-03-29,6296.36,Late Delivery
R013040,O0154676,C107333,2025-05-12,11248.81,Defective Product
R013041,O0154677,C107333,2025-05-31,2209.93,Not as Described
R013042,O0154678,C107333,2025-06-03,1692.86,Late Delivery
R013043,O0154680,C107333,2025-06-11,1097.11,Better Price Found
R013044,O0154713,C107333,2026-06-03,40043.09,Not as Described
R013045,O0154725,C107333,2026-08-03,3256.93,Not as Described
R013046,O0154729,C107333,2026-08-09,3847.3,Defective Product
R013047,O0154752,C107335,2025-09-12,4175.61,Changed Mind
R013048,O0154756,C107335,2025-11-22,26585.55,Not as Described
R013049,O0154762,C107335,2026-03-02,1798.75,Not as Described
R013050,O0154766,C107335,2026-03-28,1519.55,Not as Described
R013051,O0154773,C107336,2023-12-19,8808.88,Defective Product
R013052,O0154790,C107336,2024-12-23,1021.11,Better Price Found
R013053,O0154791,C107336,2024-12-22,3463.3,Defective Product
R013054,O0154802,C107336,2025-08-07,12552.43,Late Delivery
R013055,O0154803,C107336,2025-08-12,3679.87,Size Issue
R013056,O0154808,C107336,2025-11-08,226.05,Better Price Found
R013057,O0154818,C107336,2026-01-03,4630.28,Size Issue
R013058,O0154820,C107336,2026-01-07,43042.44,Not as Described
R013059,O0154822,C107336,2026-02-18,5731.71,Late Delivery
R013060,O0154850,C107338,2026-06-07,1182.23,Not as Described
R013061,O0154868,C107339,2023-12-22,44468.79,Changed Mind
R013062,O0154873,C107339,2024-01-13,2358.93,Not as Described
R013063,O0154875,C107339,2024-02-04,5242.11,Not as Described
R013064,O0154879,C107339,2024-03-13,16207.56,Better Price Found
R013065,O0154897,C107339,2024-09-10,365.05,Better Price Found
R013066,O0154899,C107339,2024-10-19,4559.56,Changed Mind
R013067,O0154905,C107339,2024-11-19,1018.91,Better Price Found
R013068,O0154909,C107339,2025-01-02,2186.92,Defective Product
R013069,O0154948,C107339,2026-05-14,13062.45,Late Delivery
R013070,O0154965,C107341,2025-03-06,8123.46,Late Delivery
R013071,O0154970,C107341,2025-07-15,1673.36,Late Delivery
R013072,O0154979,C107342,2026-04-26,618.59,Changed Mind
R013073,O0154992,C107344,2026-06-26,4346.36,Changed Mind
R013074,O0154998,C107346,2024-11-18,1301.73,Size Issue
R013075,O0155006,C107346,2025-04-19,2982.69,Changed Mind
R013076,O0155021,C107346,2025-10-22,3218.88,Defective Product
R013077,O0155030,C107346,2025-12-13,6063.41,Size Issue
R013078,O0155057,C107346,2026-07-11,10044.31,Better Price Found
R013079,O0155058,C107346,2026-07-20,2645.34,Better Price Found
R013080,O0155059,C107346,2026-07-27,6863.38,Changed Mind
R013081,O0155069,C107348,2023-08-07,54640.17,Size Issue
R013082,O0155086,C107349,2026-02-06,3369.69,Defective Product
R013083,O0155090,C107349,2026-02-15,10006.3,Size Issue
R013084,O0155099,C107349,2026-05-05,61410.17,Defective Product
R013085,O0155100,C107349,2026-05-10,1002.53,Changed Mind
R013086,O0155125,C107352,2025-11-01,4012.38,Not as Described
R013087,O0155131,C107352,2026-07-07,13621.52,Better Price Found
R013088,O0155155,C107354,2026-02-20,2221.62,Defective Product
R013089,O0155175,C107354,2026-07-24,28766.07,Better Price Found
R013090,O0155181,C107355,2024-03-02,2604.58,Better Price Found
R013091,O0155184,C107355,2024-03-27,6445.71,Defective Product
R013092,O0155190,C107355,2024-07-23,3355.3,Better Price Found
R013093,O0155197,C107355,2024-11-11,875.65,Late Delivery
R013094,O0155205,C107355,2025-04-19,36135.39,Late Delivery
R013095,O0155217,C107355,2025-09-25,3838.11,Not as Described
R013096,O0155264,C107356,2025-08-01,2910.08,Defective Product
R013097,O0155265,C107356,2025-08-06,1195.5,Size Issue
R013098,O0155290,C107356,2026-02-17,1991.01,Not as Described
R013099,O0155316,C107358,2026-04-11,42170.65,Late Delivery
R013100,O0155334,C107360,2025-08-05,1726.18,Late Delivery
R013101,O0155350,C107361,2024-02-03,5746.58,Not as Described
R013102,O0155354,C107361,2024-03-22,42885.38,Late Delivery
R013103,O0155371,C107361,2024-11-03,23948.05,Better Price Found
R013104,O0155375,C107361,2024-12-21,19133.72,Better Price Found
R013105,O0155381,C107361,2025-01-30,35285.36,Changed Mind
R013106,O0155391,C107361,2025-04-13,2811.8,Better Price Found
R013107,O0155399,C107361,2025-06-16,8083.43,Defective Product
R013108,O0155405,C107361,2025-08-01,11733.08,Better Price Found
R013109,O0155411,C107361,2025-09-19,28601.3,Size Issue
R013110,O0155415,C107361,2025-11-11,10863.07,Better Price Found
R013111,O0155417,C107361,2026-01-03,25699.84,Not as Described
R013112,O0155421,C107361,2026-02-25,4934.27,Defective Product
R013113,O0155427,C107361,2026-04-26,125840.95,Size Issue
R013114,O0155446,C107362,2025-07-11,2331.07,Size Issue
R013115,O0155447,C107362,2025-12-07,6824.89,Not as Described
R013116,O0155455,C107363,2025-03-01,4335.43,Size Issue
R013117,O0155467,C107363,2026-04-13,2769.09,Defective Product
R013118,O0155472,C107364,2024-05-28,7163.08,Size Issue
R013119,O0155479,C107364,2024-08-26,8650.15,Late Delivery
R013120,O0155487,C107364,2024-11-22,587.26,Defective Product
R013121,O0155491,C107364,2025-01-21,33757.26,Not as Described
R013122,O0155495,C107364,2025-02-18,2051.08,Late Delivery
R013123,O0155497,C107364,2025-03-09,30188.9,Better Price Found
R013124,O0155502,C107364,2025-05-22,1856.13,Defective Product
R013125,O0155505,C107364,2025-05-27,1834.0,Defective Product
R013126,O0155532,C107364,2025-12-26,782.2,Defective Product
R013127,O0155550,C107364,2026-05-14,46092.55,Late Delivery
R013128,O0155560,C107365,2024-01-06,23150.05,Changed Mind
R013129,O0155568,C107365,2024-05-06,33047.99,Better Price Found
R013130,O0155569,C107365,2024-05-20,2924.71,Changed Mind
R013131,O0155570,C107365,2024-07-05,30380.32,Late Delivery
R013132,O0155595,C107365,2025-09-01,36551.26,Size Issue
R013133,O0155598,C107365,2025-12-01,5938.73,Not as Described
R013134,O0155611,C107365,2026-05-29,13396.07,Defective Product
R013135,O0155630,C107366,2024-07-30,898.4,Size Issue
R013136,O0155667,C107366,2026-02-26,5590.27,Late Delivery
R013137,O0155677,C107367,2024-06-24,5451.38,Defective Product
R013138,O0155689,C107368,2023-04-30,1266.27,Size Issue
R013139,O0155701,C107368,2024-07-06,4245.64,Size Issue
R013140,O0155704,C107368,2024-12-05,1699.07,Better Price Found
R013141,O0155714,C107368,2026-01-17,87794.04,Better Price Found
R013142,O0155716,C107368,2026-03-24,8968.34,Size Issue
R013143,O0155729,C107372,2023-09-05,19829.26,Late Delivery
R013144,O0155733,C107373,2025-05-30,3018.98,Changed Mind
R013145,O0155738,C107373,2026-04-09,12870.03,Not as Described
R013146,O0155739,C107373,2026-07-23,9328.94,Late Delivery
R013147,O0155750,C107374,2026-05-27,1742.85,Late Delivery
R013148,O0155758,C107376,2024-09-29,11056.6,Not as Described
R013149,O0155769,C107376,2024-12-07,43893.33,Changed Mind
R013150,O0155777,C107376,2025-02-11,9282.87,Better Price Found
R013151,O0155778,C107376,2025-02-16,1512.2,Size Issue
R013152,O0155787,C107376,2025-04-01,35648.47,Not as Described
R013153,O0155794,C107376,2025-05-19,38430.24,Better Price Found
R013154,O0155810,C107376,2025-09-02,2555.8,Changed Mind
R013155,O0155816,C107376,2025-10-20,4547.8,Better Price Found
R013156,O0155843,C107376,2026-06-05,2292.29,Changed Mind
R013157,O0155845,C107376,2026-06-19,9843.56,Not as Described
R013158,O0155867,C107377,2026-04-27,28048.45,Defective Product
R013159,O0155877,C107378,2025-08-17,62352.87,Defective Product
R013160,O0155880,C107378,2025-08-25,14663.35,Better Price Found
R013161,O0155883,C107378,2025-09-30,63504.32,Size Issue
R013162,O0155910,C107378,2026-05-17,2347.87,Better Price Found
R013163,O0155932,C107381,2026-04-08,1345.75,Defective Product
R013164,O0155939,C107383,2024-02-15,3068.89,Late Delivery
R013165,O0155943,C107383,2024-12-27,10116.89,Size Issue
R013166,O0155949,C107383,2025-10-10,4789.41,Changed Mind
R013167,O0155957,C107384,2024-10-26,27627.83,Better Price Found
R013168,O0155983,C107387,2024-08-08,3306.61,Size Issue
R013169,O0155986,C107387,2024-09-28,27112.07,Changed Mind
R013170,O0155991,C107387,2024-11-30,1056.17,Better Price Found
R013171,O0156064,C107389,2026-03-12,1726.36,Late Delivery
R013172,O0156066,C107389,2026-04-28,1789.99,Defective Product
R013173,O0156073,C107389,2026-06-17,2520.13,Better Price Found
R013174,O0156086,C107390,2025-03-16,25170.18,Not as Described
R013175,O0156088,C107390,2025-08-04,25425.3,Size Issue
R013176,O0156145,C107396,2024-10-11,14301.6,Better Price Found
R013177,O0156148,C107396,2024-12-17,592.45,Defective Product
R013178,O0156149,C107396,2025-01-09,818.71,Not as Described
R013179,O0156150,C107396,2025-01-03,6824.32,Defective Product
R013180,O0156157,C107396,2025-05-09,2268.87,Better Price Found
R013181,O0156158,C107396,2025-05-14,5672.81,Late Delivery
R013182,O0156164,C107396,2025-10-26,327.81,Late Delivery
R013183,O0156166,C107396,2025-12-16,75182.63,Not as Described
R013184,O0156173,C107396,2026-03-05,3775.52,Better Price Found
R013185,O0156181,C107396,2026-06-28,4463.86,Defective Product
R013186,O0156191,C107396,2026-08-08,5721.04,Late Delivery
R013187,O0156216,C107400,2023-08-10,4323.56,Better Price Found
R013188,O0156225,C107400,2023-12-05,27669.17,Not as Described
R013189,O0156256,C107400,2024-10-06,4061.93,Size Issue
R013190,O0156281,C107400,2025-04-26,4914.8,Changed Mind
R013191,O0156286,C107400,2025-05-08,6790.08,Defective Product
R013192,O0156288,C107400,2025-05-30,3297.33,Changed Mind
R013193,O0156298,C107400,2025-07-04,877.61,Changed Mind
R013194,O0156311,C107400,2025-11-18,2383.56,Changed Mind
R013195,O0156326,C107400,2026-04-13,12740.01,Size Issue
R013196,O0156364,C107404,2026-05-05,2540.65,Defective Product
R013197,O0156378,C107405,2026-07-22,6573.98,Size Issue
R013198,O0156410,C107411,2024-12-09,3382.49,Size Issue
R013199,O0156414,C107411,2025-04-02,3411.94,Late Delivery
R013200,O0156419,C107411,2026-01-23,1551.96,Not as Described
R013201,O0156424,C107412,2024-07-26,15137.26,Size Issue
R013202,O0156457,C107414,2025-06-15,49326.9,Changed Mind
R013203,O0156470,C107414,2026-01-30,479.23,Size Issue
R013204,O0156479,C107414,2026-04-23,1992.9,Better Price Found
R013205,O0156490,C107414,2026-06-28,13375.51,Better Price Found
R013206,O0156495,C107415,2024-07-12,11283.32,Size Issue
R013207,O0156496,C107415,2024-07-20,1773.4,Not as Described
R013208,O0156497,C107415,2024-09-16,14184.25,Late Delivery
R013209,O0156507,C107415,2026-07-01,1707.21,Late Delivery
R013210,O0156515,C107417,2025-02-12,11393.08,Better Price Found
R013211,O0156535,C107418,2024-11-23,5338.39,Changed Mind
R013212,O0156540,C107419,2023-04-14,6790.58,Better Price Found
R013213,O0156572,C107422,2025-05-01,2435.01,Late Delivery
R013214,O0156577,C107422,2025-08-11,11763.14,Better Price Found
R013215,O0156605,C107422,2026-03-01,8033.19,Not as Described
R013216,O0156612,C107422,2026-04-08,2368.01,Defective Product
R013217,O0156631,C107422,2026-07-21,1778.55,Defective Product
R013218,O0156647,C107425,2025-01-30,1372.17,Size Issue
R013219,O0156664,C107426,2023-11-08,4430.81,Size Issue
R013220,O0156669,C107427,2023-09-05,967.38,Late Delivery
R013221,O0156674,C107427,2025-09-06,1700.62,Changed Mind
R013222,O0156691,C107430,2025-07-30,15512.25,Changed Mind
R013223,O0156697,C107432,2024-04-01,5158.61,Late Delivery
R013224,O0156707,C107433,2024-07-27,9326.25,Size Issue
R013225,O0156711,C107433,2025-09-07,22136.6,Better Price Found
R013226,O0156731,C107435,2025-11-23,1745.03,Defective Product
R013227,O0156739,C107437,2024-05-30,539.29,Changed Mind
R013228,O0156767,C107439,2025-12-14,11546.56,Better Price Found
R013229,O0156772,C107440,2026-05-23,7341.06,Late Delivery
R013230,O0156779,C107442,2024-04-08,13127.85,Defective Product
R013231,O0156810,C107445,2025-05-16,5291.98,Late Delivery
R013232,O0156822,C107445,2026-05-25,5624.25,Changed Mind
R013233,O0156826,C107446,2023-07-24,6076.75,Better Price Found
R013234,O0156843,C107446,2025-04-15,5764.6,Changed Mind
R013235,O0156860,C107446,2026-03-27,21319.41,Size Issue
R013236,O0156862,C107446,2026-05-20,15711.14,Size Issue
R013237,O0156869,C107447,2023-06-23,17510.16,Late Delivery
R013238,O0156872,C107447,2023-12-08,4368.79,Not as Described
R013239,O0156874,C107448,2025-07-25,3036.27,Size Issue
R013240,O0156911,C107449,2023-11-16,7228.24,Changed Mind
R013241,O0156939,C107449,2025-05-04,372.07,Size Issue
R013242,O0156950,C107450,2025-11-27,5111.53,Defective Product
R013243,O0156967,C107452,2026-01-20,2968.92,Better Price Found
R013244,O0156968,C107452,2026-03-03,2049.57,Better Price Found
R013245,O0156992,C107456,2025-01-28,1328.62,Size Issue
R013246,O0157001,C107456,2026-02-12,18016.21,Changed Mind
R013247,O0157008,C107457,2024-08-27,665.3,Late Delivery
R013248,O0157018,C107458,2024-07-06,4005.01,Late Delivery
R013249,O0157024,C107458,2025-06-07,1699.17,Better Price Found
R013250,O0157026,C107458,2025-09-27,6780.82,Late Delivery
R013251,O0157041,C107459,2026-01-27,25484.8,Late Delivery
R013252,O0157045,C107460,2024-08-21,1072.18,Not as Described
R013253,O0157049,C107461,2024-12-21,145.0,Better Price Found
R013254,O0157054,C107461,2025-08-30,709.8,Changed Mind
R013255,O0157057,C107462,2024-01-03,4442.87,Late Delivery
R013256,O0157061,C107462,2025-07-17,6726.79,Size Issue
R013257,O0157066,C107463,2025-03-24,6233.97,Late Delivery
R013258,O0157077,C107463,2025-10-09,9526.34,Size Issue
R013259,O0157080,C107463,2025-12-07,813.5,Late Delivery
R013260,O0157090,C107464,2023-12-25,2444.03,Late Delivery
R013261,O0157096,C107464,2024-07-10,17349.6,Changed Mind
R013262,O0157109,C107464,2026-06-16,21478.01,Better Price Found
R013263,O0157134,C107467,2025-10-14,749.06,Defective Product
R013264,O0157135,C107467,2025-10-21,8760.04,Changed Mind
R013265,O0157143,C107467,2026-04-21,1510.12,Changed Mind
R013266,O0157146,C107467,2026-05-27,12191.23,Better Price Found
R013267,O0157183,C107471,2024-04-17,2240.87,Better Price Found
R013268,O0157189,C107471,2024-08-03,3192.22,Better Price Found
R013269,O0157223,C107471,2026-01-01,4594.43,Changed Mind
R013270,O0157226,C107471,2026-02-08,343.67,Not as Described
R013271,O0157227,C107471,2026-02-15,2141.59,Size Issue
R013272,O0157234,C107471,2026-06-12,13146.03,Size Issue
R013273,O0157248,C107472,2025-12-12,2817.45,Late Delivery
R013274,O0157255,C107472,2026-02-16,1433.61,Defective Product
R013275,O0157283,C107474,2026-05-24,2878.85,Late Delivery
R013276,O0157312,C107476,2024-12-26,1824.73,Better Price Found
R013277,O0157313,C107476,2025-01-09,4076.16,Defective Product
R013278,O0157316,C107476,2025-02-12,31664.09,Size Issue
R013279,O0157323,C107476,2025-06-27,11059.64,Not as Described
R013280,O0157330,C107476,2025-09-09,4782.82,Size Issue
R013281,O0157387,C107477,2024-08-31,3920.96,Late Delivery
R013282,O0157389,C107477,2025-01-19,1333.54,Changed Mind
R013283,O0157392,C107477,2025-03-16,824.57,Defective Product
R013284,O0157405,C107480,2025-08-27,2662.25,Late Delivery
R013285,O0157415,C107481,2023-10-07,1332.23,Not as Described
R013286,O0157445,C107481,2026-01-13,116878.61,Defective Product
R013287,O0157447,C107481,2026-06-23,58575.24,Better Price Found
R013288,O0157449,C107481,2026-08-01,11311.28,Size Issue
R013289,O0157475,C107484,2023-09-15,10572.27,Changed Mind
R013290,O0157482,C107484,2023-12-20,25531.51,Better Price Found
R013291,O0157505,C107484,2024-09-16,176.93,Defective Product
R013292,O0157542,C107484,2025-11-01,2990.98,Not as Described
R013293,O0157544,C107484,2025-11-14,708.34,Late Delivery
R013294,O0157554,C107484,2025-12-31,8365.68,Better Price Found
R013295,O0157560,C107484,2026-03-17,69667.44,Better Price Found
R013296,O0157586,C107485,2025-11-22,30923.74,Changed Mind
R013297,O0157593,C107485,2026-04-19,128.47,Changed Mind
R013298,O0157596,C107486,2025-02-09,24150.68,Better Price Found
R013299,O0157598,C107486,2025-03-24,13782.6,Late Delivery
R013300,O0157633,C107488,2025-12-06,32807.16,Changed Mind
R013301,O0157655,C107489,2025-06-27,8827.57,Size Issue
R013302,O0157656,C107489,2025-07-10,3315.32,Defective Product
R013303,O0157667,C107489,2025-09-13,10641.17,Size Issue
R013304,O0157672,C107489,2025-10-22,770.05,Defective Product
R013305,O0157675,C107489,2025-11-10,12895.28,Better Price Found
R013306,O0157686,C107489,2026-03-02,6564.21,Late Delivery
R013307,O0157688,C107489,2026-03-04,2388.6,Size Issue
R013308,O0157690,C107489,2026-03-20,5120.62,Late Delivery
R013309,O0157705,C107490,2024-06-12,328.99,Better Price Found
R013310,O0157736,C107492,2025-12-01,3995.51,Better Price Found
R013311,O0157739,C107492,2026-01-26,7387.58,Changed Mind
R013312,O0157742,C107492,2026-02-25,17166.24,Size Issue
R013313,O0157755,C107493,2026-01-06,80335.13,Size Issue
R013314,O0157763,C107494,2026-03-03,51359.85,Size Issue
R013315,O0157771,C107494,2026-08-07,2350.23,Defective Product
R013316,O0157796,C107496,2025-08-25,32889.72,Not as Described
R013317,O0157813,C107496,2025-12-26,1649.32,Defective Product
R013318,O0157832,C107496,2026-04-22,11347.15,Better Price Found
R013319,O0157853,C107497,2024-11-25,33515.59,Not as Described
R013320,O0157855,C107497,2025-01-20,251.67,Defective Product
R013321,O0157862,C107497,2025-04-05,3628.51,Defective Product
R013322,O0157867,C107497,2025-05-14,9427.6,Defective Product
R013323,O0157896,C107497,2025-11-23,740.11,Size Issue
R013324,O0157904,C107497,2026-01-15,27759.04,Defective Product
R013325,O0157906,C107497,2026-01-26,49612.75,Size Issue
R013326,O0157908,C107497,2026-03-01,22930.54,Better Price Found
R013327,O0157947,C107502,2026-04-20,13506.91,Changed Mind
R013328,O0157969,C107505,2026-05-21,65361.91,Defective Product
R013329,O0157972,C107505,2026-06-19,1588.72,Not as Described
R013330,O0157978,C107506,2026-07-30,5099.99,Not as Described
R013331,O0158026,C107509,2026-01-25,1920.85,Better Price Found
R013332,O0158034,C107509,2026-03-22,16420.31,Changed Mind
R013333,O0158037,C107509,2026-04-07,3119.91,Defective Product
R013334,O0158042,C107509,2026-05-18,18813.27,Not as Described
R013335,O0158055,C107510,2025-07-01,14974.46,Defective Product
R013336,O0158089,C107513,2026-07-04,1326.72,Size Issue
R013337,O0158098,C107514,2025-09-28,355.15,Defective Product
R013338,O0158102,C107516,2024-06-22,2213.02,Not as Described
R013339,O0158103,C107516,2024-06-13,652.33,Late Delivery
R013340,O0158133,C107516,2025-07-06,3521.64,Late Delivery
R013341,O0158162,C107516,2026-04-06,1886.53,Not as Described
R013342,O0158163,C107516,2026-04-07,955.26,Changed Mind
R013343,O0158166,C107516,2026-05-11,2593.0,Better Price Found
R013344,O0158181,C107517,2024-08-02,261.37,Not as Described
R013345,O0158200,C107517,2025-03-31,33387.48,Better Price Found
R013346,O0158203,C107517,2025-04-22,4909.61,Defective Product
R013347,O0158207,C107517,2025-07-15,2100.29,Changed Mind
R013348,O0158209,C107517,2025-07-24,2285.26,Better Price Found
R013349,O0158213,C107517,2025-09-11,12374.16,Not as Described
R013350,O0158215,C107517,2025-10-04,11815.78,Changed Mind
R013351,O0158220,C107517,2025-11-26,3591.48,Better Price Found
R013352,O0158231,C107517,2026-02-15,8444.07,Late Delivery
R013353,O0158235,C107517,2026-03-23,9584.57,Better Price Found
R013354,O0158242,C107517,2026-05-26,14196.2,Size Issue
R013355,O0158256,C107518,2025-10-30,43341.81,Better Price Found
R013356,O0158264,C107520,2025-10-21,7975.94,Size Issue
R013357,O0158290,C107521,2023-08-27,2571.17,Late Delivery
R013358,O0158297,C107521,2023-12-28,43890.94,Not as Described
R013359,O0158311,C107521,2025-08-22,11139.37,Late Delivery
R013360,O0158326,C107522,2025-12-10,5501.33,Not as Described
R013361,O0158336,C107523,2025-03-09,4954.52,Better Price Found
R013362,O0158338,C107523,2025-03-21,4025.5,Size Issue
R013363,O0158341,C107523,2025-04-26,539.33,Defective Product
R013364,O0158364,C107523,2026-01-05,12902.69,Better Price Found
R013365,O0158369,C107523,2026-02-10,26731.73,Changed Mind
R013366,O0158375,C107523,2026-03-22,537.88,Changed Mind
R013367,O0158377,C107523,2026-04-06,2437.06,Changed Mind
R013368,O0158379,C107523,2026-05-21,3596.8,Not as Described
R013369,O0158380,C107523,2026-05-26,43780.82,Changed Mind
R013370,O0158393,C107525,2024-10-17,19473.23,Better Price Found
R013371,O0158403,C107525,2025-06-24,5108.85,Defective Product
R013372,O0158414,C107526,2025-04-24,14229.3,Better Price Found
R013373,O0158426,C107526,2025-08-29,1621.49,Late Delivery
R013374,O0158446,C107526,2026-05-09,27721.49,Late Delivery
R013375,O0158452,C107526,2026-08-01,6569.11,Changed Mind
R013376,O0158458,C107527,2026-06-16,550.32,Not as Described
R013377,O0158467,C107531,2025-09-07,27493.7,Size Issue
R013378,O0158486,C107534,2023-03-12,25032.81,Late Delivery
R013379,O0158488,C107534,2023-05-16,4590.67,Defective Product
R013380,O0158504,C107535,2024-08-18,4122.8,Changed Mind
R013381,O0158510,C107535,2025-08-12,7266.25,Changed Mind
R013382,O0158512,C107535,2025-10-03,21663.67,Changed Mind
R013383,O0158528,C107536,2026-03-23,2273.25,Size Issue
R013384,O0158555,C107541,2023-04-04,30867.64,Changed Mind
R013385,O0158567,C107542,2024-04-24,6449.14,Defective Product
R013386,O0158568,C107542,2024-06-24,10767.37,Changed Mind
R013387,O0158587,C107544,2023-10-11,8344.88,Changed Mind
R013388,O0158603,C107546,2025-09-20,5695.3,Better Price Found
R013389,O0158611,C107547,2025-07-25,5695.19,Better Price Found
R013390,O0158621,C107547,2025-10-25,1719.02,Defective Product
R013391,O0158628,C107547,2025-12-19,2342.06,Not as Described
R013392,O0158641,C107547,2026-05-04,10972.14,Changed Mind
R013393,O0158655,C107548,2024-01-15,8628.66,Late Delivery
R013394,O0158657,C107548,2024-06-22,1586.69,Defective Product
R013395,O0158672,C107549,2026-03-03,11085.39,Late Delivery
R013396,O0158683,C107550,2025-10-07,9254.22,Better Price Found
R013397,O0158692,C107552,2023-12-03,2201.89,Size Issue
R013398,O0158702,C107552,2024-08-15,2436.4,Late Delivery
R013399,O0158722,C107554,2025-11-29,4056.11,Size Issue
R013400,O0158740,C107555,2023-07-15,4612.03,Defective Product
R013401,O0158750,C107556,2025-02-08,713.57,Late Delivery
R013402,O0158751,C107556,2025-02-26,1638.57,Late Delivery
R013403,O0158757,C107557,2024-08-12,772.71,Changed Mind
R013404,O0158766,C107557,2024-12-24,1062.33,Better Price Found
R013405,O0158806,C107557,2026-03-29,36559.55,Better Price Found
R013406,O0158849,C107559,2025-03-28,45772.76,Changed Mind
R013407,O0158855,C107559,2025-06-19,1047.0,Defective Product
R013408,O0158867,C107559,2025-11-21,228.08,Better Price Found
R013409,O0158919,C107560,2026-01-27,1136.3,Better Price Found
R013410,O0158959,C107561,2026-04-05,66895.92,Defective Product
R013411,O0158971,C107562,2023-08-08,6030.4,Better Price Found
R013412,O0158987,C107562,2024-08-09,12647.97,Not as Described
R013413,O0158990,C107562,2024-12-20,4182.43,Better Price Found
R013414,O0158999,C107562,2025-11-21,1082.26,Size Issue
R013415,O0159001,C107562,2026-03-08,3388.84,Not as Described
R013416,O0159006,C107563,2023-06-05,4238.48,Size Issue
R013417,O0159010,C107564,2023-07-04,50157.25,Better Price Found
R013418,O0159023,C107564,2024-05-03,4308.88,Better Price Found
R013419,O0159028,C107564,2024-10-20,2625.58,Better Price Found
R013420,O0159043,C107565,2025-12-15,3130.0,Size Issue
R013421,O0159050,C107566,2026-04-15,5353.36,Better Price Found
R013422,O0159104,C107571,2024-06-12,4194.05,Defective Product
R013423,O0159117,C107574,2024-03-27,64031.35,Changed Mind
R013424,O0159123,C107574,2024-09-01,49685.54,Late Delivery
R013425,O0159128,C107574,2025-01-24,6249.29,Late Delivery
R013426,O0159132,C107574,2025-06-07,2291.26,Not as Described
R013427,O0159146,C107576,2025-08-31,19423.58,Better Price Found
R013428,O0159180,C107579,2026-02-11,4163.01,Size Issue
R013429,O0159189,C107580,2023-10-25,28681.57,Better Price Found
R013430,O0159190,C107580,2023-10-31,2219.68,Defective Product
R013431,O0159192,C107580,2023-11-10,2927.49,Changed Mind
R013432,O0159196,C107580,2024-02-10,1961.15,Late Delivery
R013433,O0159197,C107580,2024-03-15,971.19,Late Delivery
R013434,O0159227,C107581,2023-09-25,4569.6,Not as Described
R013435,O0159235,C107581,2024-05-14,14921.98,Defective Product
R013436,O0159239,C107581,2024-05-30,2514.72,Not as Described
R013437,O0159289,C107581,2025-11-04,3263.42,Size Issue
R013438,O0159310,C107581,2026-06-10,2220.78,Not as Described
R013439,O0159318,C107582,2024-06-27,2172.82,Not as Described
R013440,O0159329,C107582,2024-10-25,5951.09,Better Price Found
R013441,O0159335,C107582,2025-01-27,22817.46,Defective Product
R013442,O0159346,C107582,2025-05-26,23301.74,Size Issue
R013443,O0159359,C107582,2025-10-25,10310.11,Better Price Found
R013444,O0159361,C107582,2025-11-14,17984.35,Not as Described
R013445,O0159376,C107582,2026-03-12,454.58,Not as Described
R013446,O0159382,C107582,2026-04-16,49258.35,Size Issue
R013447,O0159427,C107585,2023-08-01,55469.31,Defective Product
R013448,O0159431,C107585,2024-01-05,6481.66,Defective Product
R013449,O0159434,C107585,2024-10-14,1826.79,Changed Mind
R013450,O0159440,C107586,2025-07-01,10366.57,Not as Described
R013451,O0159448,C107586,2026-05-10,9803.89,Better Price Found
R013452,O0159449,C107586,2026-05-30,2518.36,Late Delivery
R013453,O0159453,C107587,2024-08-21,3396.77,Not as Described
R013454,O0159462,C107587,2024-11-14,4698.87,Not as Described
R013455,O0159463,C107587,2024-12-03,1243.9,Late Delivery
R013456,O0159466,C107587,2025-01-10,15670.38,Defective Product
R013457,O0159479,C107587,2025-06-02,18281.45,Not as Described
R013458,O0159481,C107587,2025-06-22,4256.91,Defective Product
R013459,O0159495,C107587,2025-11-07,3553.95,Defective Product
R013460,O0159496,C107587,2026-01-03,5142.95,Better Price Found
R013461,O0159497,C107587,2026-01-02,6534.92,Not as Described
R013462,O0159502,C107587,2026-02-13,2120.18,Better Price Found
R013463,O0159519,C107587,2026-07-05,3336.46,Not as Described
R013464,O0159522,C107587,2026-07-22,12906.12,Changed Mind
R013465,O0159556,C107591,2025-08-27,68840.14,Changed Mind
R013466,O0159564,C107591,2026-06-14,2233.63,Better Price Found
R013467,O0159569,C107592,2025-10-17,4859.45,Defective Product
R013468,O0159570,C107592,2025-11-11,838.6,Not as Described
R013469,O0159590,C107593,2024-12-07,2459.08,Size Issue
R013470,O0159592,C107593,2025-01-29,31197.65,Late Delivery
R013471,O0159612,C107593,2025-11-11,19637.36,Better Price Found
R013472,O0159637,C107594,2024-11-22,6858.51,Late Delivery
R013473,O0159643,C107594,2025-03-12,15739.67,Size Issue
R013474,O0159647,C107596,2024-07-01,57516.38,Changed Mind
R013475,O0159649,C107596,2024-09-14,14224.24,Changed Mind
R013476,O0159657,C107596,2025-12-04,7535.51,Size Issue
R013477,O0159664,C107597,2024-10-25,14778.87,Late Delivery
R013478,O0159669,C107597,2025-01-20,14094.15,Late Delivery
R013479,O0159674,C107597,2025-06-03,528.86,Changed Mind
R013480,O0159689,C107597,2025-10-28,24768.52,Better Price Found
R013481,O0159699,C107597,2026-05-11,16288.11,Better Price Found
R013482,O0159710,C107597,2026-07-31,3363.89,Better Price Found
R013483,O0159726,C107599,2026-04-29,68577.25,Late Delivery
R013484,O0159780,C107603,2025-02-19,2869.84,Better Price Found
R013485,O0159804,C107607,2025-10-29,1121.04,Defective Product
R013486,O0159810,C107607,2026-03-09,3041.32,Defective Product
R013487,O0159815,C107607,2026-05-15,46829.67,Changed Mind
R013488,O0159819,C107607,2026-06-02,9076.36,Defective Product
R013489,O0159908,C107609,2026-04-21,6677.65,Better Price Found
R013490,O0159924,C107612,2023-11-21,3324.14,Late Delivery
R013491,O0159926,C107612,2024-06-06,10809.43,Better Price Found
R013492,O0159932,C107612,2025-11-25,31973.57,Changed Mind
R013493,O0159933,C107612,2026-04-19,17871.28,Size Issue
R013494,O0159952,C107614,2025-06-07,3209.2,Not as Described
R013495,O0159953,C107614,2025-06-14,85149.34,Size Issue
R013496,O0159959,C107614,2025-10-01,12886.89,Changed Mind
R013497,O0159965,C107614,2025-11-11,5047.88,Late Delivery
R013498,O0159979,C107614,2026-04-10,2935.27,Late Delivery
R013499,O0160027,C107619,2026-07-19,1532.5,Late Delivery
R013500,O0160040,C107620,2025-07-17,48101.3,Late Delivery
R013501,O0160046,C107621,2025-07-23,849.04,Defective Product
R013502,O0160049,C107622,2024-08-15,4218.01,Better Price Found
R013503,O0160050,C107622,2024-09-02,4513.72,Size Issue
R013504,O0160051,C107622,2024-09-22,1245.74,Late Delivery
R013505,O0160066,C107623,2025-07-14,13693.33,Better Price Found
R013506,O0160086,C107623,2026-01-31,20734.74,Defective Product
R013507,O0160087,C107623,2026-02-16,1074.31,Not as Described
R013508,O0160100,C107623,2026-06-17,11618.01,Size Issue
R013509,O0160104,C107623,2026-06-17,14470.43,Not as Described
R013510,O0160108,C107623,2026-07-14,730.72,Changed Mind
R013511,O0160135,C107627,2025-12-06,7363.45,Not as Described
R013512,O0160144,C107627,2026-03-29,2465.19,Size Issue
R013513,O0160179,C107628,2026-02-02,3766.48,Better Price Found
R013514,O0160181,C107628,2026-02-09,15012.44,Changed Mind
R013515,O0160190,C107628,2026-05-28,6457.07,Size Issue
R013516,O0160200,C107629,2026-05-30,13869.9,Not as Described
R013517,O0160202,C107629,2026-06-21,5544.85,Size Issue
R013518,O0160223,C107630,2024-03-19,2678.55,Late Delivery
R013519,O0160229,C107630,2024-05-16,1180.14,Late Delivery
R013520,O0160246,C107630,2024-10-29,6746.75,Size Issue
R013521,O0160272,C107630,2025-06-12,4722.95,Not as Described
R013522,O0160293,C107630,2025-11-08,1324.9,Size Issue
R013523,O0160300,C107630,2025-12-04,815.07,Better Price Found
R013524,O0160308,C107630,2026-03-13,6036.52,Not as Described
R013525,O0160367,C107633,2024-08-02,32353.92,Changed Mind
R013526,O0160382,C107633,2024-11-04,1368.62,Defective Product
R013527,O0160397,C107633,2025-03-28,2430.98,Size Issue
R013528,O0160435,C107633,2025-12-27,8569.2,Late Delivery
R013529,O0160440,C107633,2026-02-14,8414.32,Not as Described
R013530,O0160445,C107633,2026-03-31,23955.06,Better Price Found
R013531,O0160465,C107635,2025-08-20,7114.16,Changed Mind
R013532,O0160472,C107635,2026-01-04,3847.97,Better Price Found
R013533,O0160483,C107636,2025-01-06,4203.02,Changed Mind
R013534,O0160486,C107636,2025-02-10,3664.42,Better Price Found
R013535,O0160526,C107638,2024-12-18,3283.06,Changed Mind
R013536,O0160544,C107638,2026-08-03,31022.19,Changed Mind
R013537,O0160588,C107643,2023-07-15,4417.93,Changed Mind
R013538,O0160600,C107643,2024-03-31,3667.09,Late Delivery
R013539,O0160624,C107645,2023-07-01,6717.77,Better Price Found
R013540,O0160653,C107645,2024-10-01,5053.67,Size Issue
R013541,O0160657,C107645,2024-11-19,1174.29,Changed Mind
R013542,O0160662,C107645,2025-01-26,8342.92,Changed Mind
R013543,O0160663,C107645,2025-02-19,23308.28,Size Issue
R013544,O0160668,C107645,2025-04-06,4304.71,Defective Product
R013545,O0160674,C107645,2025-09-03,8123.07,Late Delivery
R013546,O0160683,C107645,2025-11-04,1304.29,Late Delivery
R013547,O0160685,C107645,2025-11-15,2931.1,Better Price Found
R013548,O0160698,C107645,2026-01-29,8843.78,Changed Mind
R013549,O0160709,C107645,2026-04-04,24904.1,Late Delivery
R013550,O0160710,C107645,2026-04-09,5847.05,Late Delivery
R013551,O0160713,C107645,2026-04-30,13561.23,Defective Product
R013552,O0160737,C107647,2023-05-01,9278.21,Not as Described
R013553,O0160742,C107647,2023-08-21,64722.58,Late Delivery
R013554,O0160745,C107648,2026-07-12,4023.94,Changed Mind
R013555,O0160751,C107649,2025-06-24,9728.26,Defective Product
R013556,O0160755,C107649,2026-02-20,3725.91,Size Issue
R013557,O0160771,C107650,2025-05-27,42989.65,Late Delivery
R013558,O0160778,C107650,2026-05-25,17706.99,Changed Mind
R013559,O0160820,C107655,2025-12-20,1267.47,Defective Product
R013560,O0160833,C107655,2026-04-09,2066.96,Late Delivery
R013561,O0160844,C107655,2026-06-12,22956.72,Better Price Found
R013562,O0160858,C107656,2025-04-07,4233.23,Better Price Found
R013563,O0160859,C107656,2025-04-18,27813.61,Defective Product
R013564,O0160873,C107656,2026-02-14,13208.88,Changed Mind
R013565,O0160883,C107656,2026-07-20,13105.21,Late Delivery
R013566,O0160892,C107657,2026-04-05,1695.46,Changed Mind
R013567,O0160911,C107659,2024-11-18,18890.05,Size Issue
R013568,O0160944,C107661,2026-03-01,9054.02,Better Price Found
R013569,O0160951,C107662,2026-06-13,305.9,Size Issue
R013570,O0160960,C107664,2023-10-15,4954.92,Not as Described
R013571,O0160968,C107664,2024-04-14,567.08,Defective Product
R013572,O0160980,C107664,2025-02-06,6568.9,Defective Product
R013573,O0161006,C107664,2025-09-29,3438.12,Defective Product
R013574,O0161010,C107664,2025-10-15,1622.57,Defective Product
R013575,O0161017,C107664,2026-01-29,12917.14,Changed Mind
R013576,O0161019,C107664,2026-01-30,7059.07,Late Delivery
R013577,O0161054,C107667,2023-09-23,3439.93,Defective Product
R013578,O0161093,C107669,2025-09-13,8665.51,Changed Mind
R013579,O0161114,C107673,2025-11-14,6261.31,Late Delivery
R013580,O0161124,C107675,2023-07-01,850.47,Late Delivery
R013581,O0161143,C107675,2024-10-20,5472.25,Changed Mind
R013582,O0161151,C107675,2024-11-28,2718.53,Not as Described
R013583,O0161186,C107675,2025-11-19,4406.43,Size Issue
R013584,O0161219,C107676,2023-09-24,10400.34,Better Price Found
R013585,O0161224,C107676,2024-12-05,880.47,Defective Product
R013586,O0161238,C107677,2025-11-24,1148.24,Late Delivery
R013587,O0161245,C107677,2026-04-08,2403.12,Better Price Found
R013588,O0161246,C107677,2026-04-16,383.9,Defective Product
R013589,O0161249,C107677,2026-04-17,13518.37,Size Issue
R013590,O0161250,C107677,2026-04-12,202.03,Size Issue
R013591,O0161252,C107677,2026-05-21,1598.74,Defective Product
R013592,O0161292,C107681,2025-09-12,283.26,Not as Described
R013593,O0161318,C107681,2026-03-07,332.64,Changed Mind
R013594,O0161344,C107683,2024-10-11,6685.84,Not as Described
R013595,O0161363,C107685,2023-12-08,6936.44,Defective Product
R013596,O0161401,C107685,2025-04-19,5183.42,Late Delivery
R013597,O0161402,C107685,2025-04-24,36043.38,Changed Mind
R013598,O0161417,C107685,2025-10-22,580.35,Not as Described
R013599,O0161437,C107685,2026-03-23,893.94,Size Issue
R013600,O0161455,C107686,2025-01-01,18941.16,Late Delivery
R013601,O0161467,C107687,2025-01-27,13386.81,Size Issue
R013602,O0161468,C107687,2025-01-27,509.37,Defective Product
R013603,O0161469,C107687,2025-03-16,850.72,Late Delivery
R013604,O0161486,C107687,2025-11-05,11237.21,Size Issue
R013605,O0161492,C107687,2026-02-07,6038.07,Late Delivery
R013606,O0161499,C107687,2026-05-23,21946.8,Not as Described
R013607,O0161522,C107688,2026-05-06,126.56,Not as Described
R013608,O0161525,C107688,2026-07-12,65878.74,Better Price Found
R013609,O0161530,C107689,2024-03-01,10844.77,Not as Described
R013610,O0161554,C107689,2024-10-10,3557.06,Size Issue
R013611,O0161588,C107689,2025-10-15,5194.0,Size Issue
R013612,O0161589,C107689,2025-10-15,85427.68,Late Delivery
R013613,O0161595,C107689,2025-11-19,121358.72,Changed Mind
R013614,O0161602,C107689,2026-02-12,38390.72,Better Price Found
R013615,O0161615,C107689,2026-04-29,29523.56,Size Issue
R013616,O0161636,C107690,2026-01-12,18909.12,Better Price Found
R013617,O0161665,C107691,2026-01-06,6510.93,Late Delivery
R013618,O0161693,C107692,2025-03-24,9189.14,Late Delivery
R013619,O0161717,C107693,2025-12-02,28938.24,Changed Mind
R013620,O0161741,C107694,2023-03-30,1838.71,Not as Described
R013621,O0161748,C107694,2024-02-07,4092.0,Defective Product
R013622,O0161758,C107694,2024-12-05,2276.27,Better Price Found
R013623,O0161759,C107694,2025-02-02,29368.21,Defective Product
R013624,O0161775,C107694,2025-12-16,249.36,Changed Mind
R013625,O0161788,C107694,2026-07-02,3895.71,Size Issue
R013626,O0161793,C107696,2024-03-04,8836.61,Not as Described
R013627,O0161795,C107696,2024-07-13,36403.62,Late Delivery
R013628,O0161799,C107697,2023-10-06,4298.53,Better Price Found
R013629,O0161824,C107697,2025-05-17,1413.88,Changed Mind
R013630,O0161836,C107697,2025-10-06,1856.98,Not as Described
R013631,O0161837,C107697,2025-10-08,2360.21,Better Price Found
R013632,O0161857,C107697,2026-03-11,2701.55,Size Issue
R013633,O0161893,C107698,2025-04-23,3515.15,Not as Described
R013634,O0161909,C107698,2025-11-30,16812.94,Not as Described
R013635,O0161928,C107699,2025-01-21,62.24,Defective Product
R013636,O0161934,C107699,2025-06-16,14521.39,Changed Mind
R013637,O0161941,C107700,2023-10-12,2346.14,Late Delivery
R013638,O0161952,C107700,2025-02-06,369.3,Not as Described
R013639,O0161953,C107700,2025-02-04,1103.52,Better Price Found
R013640,O0161957,C107700,2025-04-20,14819.81,Defective Product
R013641,O0161968,C107700,2025-09-13,7753.69,Size Issue
R013642,O0161971,C107700,2025-10-14,8069.33,Late Delivery
R013643,O0161993,C107702,2023-05-08,2351.94,Defective Product
R013644,O0162001,C107702,2023-09-05,69273.62,Better Price Found
R013645,O0162002,C107702,2023-11-27,459.28,Late Delivery
R013646,O0162005,C107702,2023-12-09,2500.02,Changed Mind
R013647,O0162012,C107702,2024-03-17,20250.23,Changed Mind
R013648,O0162031,C107703,2025-08-29,4188.69,Changed Mind
R013649,O0162035,C107703,2025-09-25,10832.36,Size Issue
R013650,O0162036,C107703,2025-09-22,5302.62,Size Issue
R013651,O0162039,C107703,2025-10-26,17079.3,Changed Mind
R013652,O0162050,C107703,2026-02-08,6578.45,Not as Described
R013653,O0162054,C107703,2026-03-14,10839.81,Not as Described
R013654,O0162058,C107703,2026-04-08,4746.71,Defective Product
R013655,O0162075,C107703,2026-07-30,3084.65,Changed Mind
R013656,O0162081,C107704,2024-12-23,3557.86,Late Delivery
R013657,O0162082,C107704,2025-02-08,21874.49,Better Price Found
R013658,O0162083,C107704,2025-03-29,9768.94,Changed Mind
R013659,O0162087,C107704,2025-05-19,3090.4,Changed Mind
R013660,O0162095,C107704,2025-09-17,32167.0,Size Issue
R013661,O0162101,C107704,2025-11-23,1115.63,Defective Product
R013662,O0162107,C107704,2026-01-28,2026.76,Size Issue
R013663,O0162126,C107704,2026-07-19,1946.64,Not as Described
R013664,O0162157,C107706,2023-09-29,217.22,Better Price Found
R013665,O0162218,C107706,2026-04-29,2504.22,Size Issue
R013666,O0162230,C107708,2024-03-10,571.93,Changed Mind
R013667,O0162245,C107710,2024-11-16,7133.17,Defective Product
R013668,O0162250,C107710,2025-01-12,17889.61,Late Delivery
R013669,O0162252,C107710,2025-04-19,10877.57,Better Price Found
R013670,O0162253,C107710,2025-05-04,804.07,Not as Described
R013671,O0162268,C107711,2024-01-31,1863.77,Size Issue
R013672,O0162325,C107712,2024-11-15,45714.29,Better Price Found
R013673,O0162327,C107712,2025-02-20,58018.01,Better Price Found
R013674,O0162333,C107713,2023-02-27,7701.33,Defective Product
R013675,O0162338,C107713,2023-06-16,1932.76,Better Price Found
R013676,O0162340,C107713,2023-08-04,22656.23,Changed Mind
R013677,O0162381,C107715,2025-12-26,25477.42,Size Issue
R013678,O0162402,C107716,2025-01-11,7820.34,Changed Mind
R013679,O0162403,C107716,2025-01-30,26484.03,Size Issue
R013680,O0162411,C107716,2025-04-12,266.84,Not as Described
R013681,O0162431,C107716,2025-10-11,1224.2,Better Price Found
R013682,O0162436,C107716,2025-11-12,51395.63,Defective Product
R013683,O0162442,C107716,2025-12-31,12285.78,Not as Described
R013684,O0162454,C107716,2026-05-14,6233.49,Defective Product
R013685,O0162474,C107717,2025-11-06,1386.65,Defective Product
R013686,O0162520,C107722,2026-07-31,3235.94,Size Issue
R013687,O0162530,C107724,2026-03-02,3668.45,Size Issue
R013688,O0162533,C107724,2026-04-08,184.73,Size Issue
R013689,O0162536,C107724,2026-07-20,29211.86,Late Delivery
R013690,O0162552,C107728,2024-08-22,4742.51,Size Issue
R013691,O0162553,C107728,2024-10-02,27677.46,Not as Described
R013692,O0162556,C107729,2023-12-11,30835.22,Better Price Found
R013693,O0162575,C107729,2025-05-19,1551.19,Better Price Found
R013694,O0162582,C107729,2025-09-14,3927.38,Defective Product
R013695,O0162584,C107730,2025-08-30,4863.32,Size Issue
R013696,O0162623,C107732,2026-02-01,1398.94,Better Price Found
R013697,O0162636,C107732,2026-05-12,2345.08,Not as Described
R013698,O0162637,C107732,2026-06-02,1120.91,Late Delivery
R013699,O0162639,C107732,2026-05-29,746.74,Late Delivery
R013700,O0162648,C107733,2023-11-18,1771.27,Better Price Found
R013701,O0162655,C107733,2024-04-30,6674.77,Better Price Found
R013702,O0162656,C107733,2024-06-03,432.36,Not as Described
R013703,O0162659,C107733,2024-11-08,69.56,Defective Product
R013704,O0162663,C107733,2025-01-07,7234.86,Not as Described
R013705,O0162796,C107743,2025-10-27,1322.45,Size Issue
R013706,O0162839,C107745,2026-03-14,9838.74,Changed Mind
R013707,O0162861,C107747,2025-10-27,28136.35,Defective Product
R013708,O0162870,C107747,2026-04-10,4357.7,Late Delivery
R013709,O0162875,C107747,2026-07-15,1872.25,Size Issue
R013710,O0162878,C107747,2026-08-04,6935.55,Changed Mind
R013711,O0162879,C107747,2026-08-01,3789.76,Better Price Found
R013712,O0162906,C107748,2026-07-01,8870.92,Changed Mind
R013713,O0162929,C107753,2026-03-04,40613.57,Late Delivery
R013714,O0162935,C107753,2026-05-01,2617.57,Late Delivery
R013715,O0162936,C107753,2026-04-26,3737.46,Defective Product
R013716,O0162941,C107753,2026-06-18,55995.62,Changed Mind
R013717,O0162960,C107755,2025-03-22,346.45,Late Delivery
R013718,O0162964,C107755,2025-06-21,14889.4,Defective Product
R013719,O0162969,C107755,2025-10-29,39565.99,Defective Product
R013720,O0162971,C107755,2025-10-26,42011.7,Better Price Found
R013721,O0162991,C107757,2025-03-07,2348.88,Size Issue
R013722,O0162996,C107757,2025-06-30,36612.38,Late Delivery
R013723,O0163004,C107757,2026-01-12,4143.92,Changed Mind
R013724,O0163014,C107758,2025-02-10,9296.35,Not as Described
R013725,O0163036,C107759,2025-10-12,7227.38,Defective Product
R013726,O0163049,C107759,2026-04-12,5403.91,Late Delivery
R013727,O0163050,C107759,2026-04-15,4386.23,Late Delivery
R013728,O0163058,C107759,2026-07-23,2961.33,Not as Described
R013729,O0163065,C107760,2024-09-26,18774.12,Size Issue
R013730,O0163077,C107760,2025-05-01,3889.39,Not as Described
R013731,O0163083,C107760,2025-08-16,431.15,Better Price Found
R013732,O0163086,C107760,2025-09-12,3605.2,Size Issue
R013733,O0163088,C107760,2025-12-03,3160.73,Late Delivery
R013734,O0163091,C107760,2026-01-10,6116.02,Size Issue
R013735,O0163095,C107760,2026-03-30,16336.03,Late Delivery
R013736,O0163097,C107760,2026-04-25,8421.69,Late Delivery
R013737,O0163103,C107761,2024-04-15,17343.28,Changed Mind
R013738,O0163110,C107762,2025-09-20,9347.19,Better Price Found
R013739,O0163119,C107762,2026-03-21,16661.84,Not as Described
R013740,O0163133,C107763,2026-05-01,875.05,Better Price Found
R013741,O0163142,C107764,2024-07-05,1885.86,Changed Mind
R013742,O0163160,C107766,2026-06-28,18257.73,Size Issue
R013743,O0163182,C107767,2026-03-01,8608.88,Size Issue
R013744,O0163188,C107768,2025-10-13,2574.87,Not as Described
R013745,O0163204,C107772,2024-01-23,17622.02,Better Price Found
R013746,O0163216,C107772,2024-07-09,1125.45,Better Price Found
R013747,O0163298,C107772,2026-04-21,7097.03,Not as Described
R013748,O0163314,C107772,2026-06-28,4117.95,Defective Product
R013749,O0163326,C107773,2023-10-30,5462.86,Size Issue
R013750,O0163332,C107773,2024-05-01,1333.16,Better Price Found
R013751,O0163348,C107774,2023-09-10,10772.54,Defective Product
R013752,O0163354,C107774,2025-12-01,3102.46,Better Price Found
R013753,O0163358,C107775,2026-04-02,27863.45,Defective Product
R013754,O0163361,C107776,2024-12-02,4353.92,Defective Product
R013755,O0163377,C107777,2024-12-18,5798.61,Changed Mind
R013756,O0163437,C107777,2026-02-24,2016.04,Late Delivery
R013757,O0163445,C107777,2026-06-02,5925.58,Defective Product
R013758,O0163460,C107778,2025-04-08,13953.5,Size Issue
R013759,O0163469,C107780,2026-01-04,10596.98,Late Delivery
R013760,O0163473,C107780,2026-06-23,5171.83,Not as Described
R013761,O0163474,C107781,2023-07-06,4884.83,Not as Described
R013762,O0163490,C107784,2025-08-21,38645.08,Defective Product
R013763,O0163517,C107787,2026-08-06,1655.12,Changed Mind
R013764,O0163523,C107789,2024-01-24,24588.9,Defective Product
R013765,O0163535,C107789,2024-07-12,32581.96,Not as Described
R013766,O0163541,C107789,2024-10-31,6787.6,Defective Product
R013767,O0163551,C107789,2025-03-15,427.28,Size Issue
R013768,O0163556,C107789,2025-06-08,442.14,Not as Described
R013769,O0163561,C107789,2025-07-28,19964.97,Size Issue
R013770,O0163562,C107789,2025-08-06,15952.1,Defective Product
R013771,O0163581,C107789,2026-01-17,27212.59,Late Delivery
R013772,O0163591,C107789,2026-03-25,3587.67,Not as Described
R013773,O0163600,C107789,2026-08-02,13436.22,Late Delivery
R013774,O0163608,C107790,2025-07-20,7691.65,Not as Described
R013775,O0163670,C107797,2026-05-06,3678.44,Late Delivery
R013776,O0163672,C107797,2026-07-01,3360.36,Not as Described
R013777,O0163694,C107803,2024-09-16,10992.55,Not as Described
R013778,O0163696,C107803,2024-11-14,10902.69,Better Price Found
R013779,O0163735,C107804,2025-06-29,8608.05,Size Issue
R013780,O0163750,C107805,2026-05-11,1558.58,Defective Product
R013781,O0163783,C107807,2026-05-07,797.9,Not as Described
R013782,O0163786,C107808,2023-04-03,2922.73,Late Delivery
R013783,O0163790,C107808,2023-05-16,1332.86,Size Issue
R013784,O0163793,C107808,2023-06-12,22008.84,Changed Mind
R013785,O0163815,C107809,2026-07-12,4255.94,Not as Described
R013786,O0163862,C107812,2025-01-16,2141.82,Defective Product
R013787,O0163864,C107812,2025-03-18,636.84,Defective Product
R013788,O0163888,C107814,2023-11-30,4808.44,Defective Product
R013789,O0163890,C107814,2023-12-25,3202.38,Changed Mind
R013790,O0163898,C107814,2024-02-27,1491.51,Changed Mind
R013791,O0163907,C107814,2024-08-27,14302.96,Changed Mind
R013792,O0163936,C107814,2025-02-06,3893.26,Late Delivery
R013793,O0163945,C107814,2025-05-27,1747.28,Late Delivery
R013794,O0163970,C107814,2026-01-26,12916.95,Better Price Found
R013795,O0163997,C107816,2026-04-14,18170.09,Better Price Found
R013796,O0164021,C107821,2023-03-04,6896.47,Changed Mind
R013797,O0164034,C107821,2023-12-13,27592.57,Better Price Found
R013798,O0164053,C107821,2024-07-14,834.69,Not as Described
R013799,O0164056,C107821,2024-08-18,5286.79,Late Delivery
R013800,O0164084,C107821,2025-05-16,3024.99,Better Price Found
R013801,O0164112,C107821,2025-12-14,32525.21,Defective Product
R013802,O0164116,C107821,2026-01-24,800.68,Late Delivery
R013803,O0164134,C107821,2026-05-22,22272.42,Changed Mind
R013804,O0164173,C107822,2025-04-09,24977.32,Better Price Found
R013805,O0164175,C107822,2025-05-01,2931.6,Better Price Found
R013806,O0164186,C107822,2025-10-15,1906.61,Late Delivery
R013807,O0164201,C107822,2026-01-25,21260.65,Changed Mind
R013808,O0164218,C107823,2024-07-18,129.72,Defective Product
R013809,O0164220,C107823,2024-10-24,1765.28,Better Price Found
R013810,O0164223,C107823,2024-11-30,5479.05,Size Issue
R013811,O0164238,C107823,2026-07-09,52850.98,Defective Product
R013812,O0164244,C107826,2026-08-04,18141.07,Late Delivery
R013813,O0164249,C107827,2025-10-07,46601.63,Not as Described
R013814,O0164252,C107827,2025-12-08,12445.31,Late Delivery
R013815,O0164272,C107828,2025-11-30,28645.53,Size Issue
R013816,O0164297,C107832,2026-06-16,8924.33,Better Price Found
R013817,O0164304,C107833,2024-06-29,9008.47,Changed Mind
R013818,O0164308,C107833,2024-07-28,3534.96,Not as Described
R013819,O0164318,C107833,2024-09-20,5804.86,Size Issue
R013820,O0164361,C107833,2026-02-11,7406.55,Not as Described
R013821,O0164362,C107833,2026-02-18,13418.7,Changed Mind
R013822,O0164363,C107833,2026-02-24,65873.65,Defective Product
R013823,O0164370,C107834,2023-06-23,29728.04,Late Delivery
R013824,O0164386,C107834,2023-11-17,82499.27,Changed Mind
R013825,O0164395,C107834,2024-03-10,589.3,Changed Mind
R013826,O0164398,C107834,2024-07-24,26211.15,Size Issue
R013827,O0164408,C107834,2025-06-13,2641.89,Defective Product
R013828,O0164417,C107835,2025-10-25,3683.69,Not as Described
R013829,O0164439,C107837,2024-01-08,3214.34,Not as Described
R013830,O0164462,C107840,2026-06-05,854.05,Late Delivery
R013831,O0164464,C107840,2026-07-09,1128.09,Not as Described
R013832,O0164473,C107842,2026-07-24,860.55,Not as Described
R013833,O0164475,C107842,2026-08-03,2147.27,Late Delivery
R013834,O0164477,C107843,2026-05-30,454.78,Defective Product
R013835,O0164482,C107843,2026-07-01,47191.11,Better Price Found
R013836,O0164483,C107843,2026-07-25,2441.14,Not as Described
R013837,O0164525,C107845,2024-11-23,27492.57,Defective Product
R013838,O0164556,C107845,2025-08-31,22931.33,Better Price Found
R013839,O0164622,C107849,2026-05-15,14679.81,Not as Described
R013840,O0164626,C107850,2025-02-13,36755.75,Defective Product
R013841,O0164630,C107851,2023-05-08,9285.18,Changed Mind
R013842,O0164651,C107851,2023-12-30,275.02,Not as Described
R013843,O0164665,C107851,2024-04-03,6588.86,Defective Product
R013844,O0164669,C107851,2024-06-10,12571.15,Size Issue
R013845,O0164674,C107851,2024-07-13,6950.7,Defective Product
R013846,O0164682,C107851,2024-09-08,6943.22,Size Issue
R013847,O0164747,C107851,2026-07-26,23311.52,Better Price Found
R013848,O0164765,C107852,2025-11-13,2683.2,Size Issue
R013849,O0164773,C107852,2026-03-30,134.91,Size Issue
R013850,O0164778,C107852,2026-04-27,28726.22,Defective Product
R013851,O0164787,C107853,2023-04-11,4749.48,Better Price Found
R013852,O0164791,C107853,2024-03-21,2742.49,Defective Product
R013853,O0164802,C107853,2025-08-11,1563.91,Size Issue
R013854,O0164803,C107853,2025-11-07,579.55,Size Issue
R013855,O0164853,C107859,2026-02-05,276.14,Not as Described
R013856,O0164874,C107860,2025-03-16,3783.17,Defective Product
R013857,O0164876,C107860,2025-03-13,14353.91,Better Price Found
R013858,O0164887,C107860,2025-07-27,66387.2,Better Price Found
R013859,O0164914,C107860,2026-05-20,13431.74,Defective Product
R013860,O0164917,C107860,2026-06-26,158.0,Changed Mind
R013861,O0164947,C107862,2024-10-18,10366.35,Not as Described
R013862,O0164958,C107862,2025-10-02,4147.59,Defective Product
R013863,O0164963,C107862,2025-12-12,16573.13,Not as Described
R013864,O0164968,C107862,2026-03-20,7303.51,Late Delivery
R013865,O0164969,C107862,2026-03-30,690.53,Not as Described
R013866,O0164985,C107863,2025-05-25,12050.06,Size Issue
R013867,O0165006,C107867,2025-02-05,123404.16,Changed Mind
R013868,O0165015,C107867,2026-05-13,607.55,Changed Mind
R013869,O0165016,C107867,2026-07-08,3890.19,Size Issue
R013870,O0165019,C107868,2024-02-05,48020.1,Changed Mind
R013871,O0165026,C107868,2024-04-18,6973.66,Defective Product
R013872,O0165036,C107868,2024-12-03,30767.75,Late Delivery
R013873,O0165040,C107868,2025-01-05,4584.64,Changed Mind
R013874,O0165045,C107868,2025-03-30,3326.39,Defective Product
R013875,O0165062,C107869,2025-12-06,10025.48,Better Price Found
R013876,O0165070,C107869,2026-05-01,12804.2,Better Price Found
R013877,O0165075,C107869,2026-06-26,9916.56,Changed Mind
R013878,O0165080,C107870,2026-08-02,32376.73,Not as Described
R013879,O0165089,C107871,2025-11-14,2897.58,Defective Product
R013880,O0165097,C107872,2024-01-09,1042.33,Size Issue
R013881,O0165108,C107872,2024-05-01,5338.02,Size Issue
R013882,O0165127,C107872,2024-09-19,170.73,Defective Product
R013883,O0165157,C107872,2025-05-24,13596.13,Not as Described
R013884,O0165159,C107872,2025-06-10,23815.71,Defective Product
R013885,O0165186,C107872,2026-01-25,464.77,Not as Described
R013886,O0165217,C107874,2023-10-29,17485.4,Changed Mind
R013887,O0165218,C107874,2023-12-22,12636.41,Defective Product
R013888,O0165237,C107874,2025-06-21,4326.45,Not as Described
R013889,O0165244,C107874,2025-11-25,1452.76,Better Price Found
R013890,O0165247,C107874,2026-01-23,2232.16,Defective Product
R013891,O0165254,C107876,2024-02-25,11144.9,Size Issue
R013892,O0165274,C107876,2024-10-12,11500.38,Changed Mind
R013893,O0165281,C107876,2025-01-03,31247.48,Size Issue
R013894,O0165299,C107876,2025-06-19,2984.4,Defective Product
R013895,O0165300,C107876,2025-06-15,23037.54,Changed Mind
R013896,O0165334,C107876,2026-01-16,80.3,Better Price Found
R013897,O0165337,C107876,2026-02-15,16935.95,Defective Product
R013898,O0165340,C107876,2026-03-10,40578.47,Better Price Found
R013899,O0165341,C107876,2026-03-06,626.05,Not as Described
R013900,O0165359,C107876,2026-08-03,27842.82,Better Price Found
R013901,O0165364,C107877,2024-09-01,39861.92,Defective Product
R013902,O0165395,C107877,2025-11-27,33658.03,Size Issue
R013903,O0165448,C107879,2024-08-25,463.83,Defective Product
R013904,O0165473,C107879,2026-07-24,2620.82,Late Delivery
R013905,O0165479,C107880,2023-11-01,3081.52,Defective Product
R013906,O0165502,C107880,2024-05-27,18014.38,Size Issue
R013907,O0165546,C107880,2025-05-31,7074.81,Changed Mind
R013908,O0165565,C107880,2025-10-04,20416.99,Better Price Found
R013909,O0165595,C107880,2026-05-07,4595.88,Defective Product
R013910,O0165603,C107880,2026-07-01,7182.6,Changed Mind
R013911,O0165619,C107881,2023-12-22,179.27,Better Price Found
R013912,O0165666,C107881,2025-04-20,30971.85,Changed Mind
R013913,O0165683,C107881,2025-09-03,6439.59,Size Issue
R013914,O0165729,C107882,2025-04-25,11484.77,Late Delivery
R013915,O0165737,C107882,2026-01-20,9567.49,Size Issue
R013916,O0165742,C107883,2025-01-21,1549.36,Not as Described
R013917,O0165743,C107883,2025-03-15,2760.78,Better Price Found
R013918,O0165754,C107884,2023-12-02,6307.47,Not as Described
R013919,O0165758,C107884,2024-01-29,213.88,Better Price Found
R013920,O0165763,C107884,2024-03-26,8405.97,Size Issue
R013921,O0165772,C107884,2024-06-04,1058.35,Size Issue
R013922,O0165815,C107884,2025-12-23,6414.54,Better Price Found
R013923,O0165824,C107884,2026-03-07,2973.08,Not as Described
R013924,O0165836,C107884,2026-06-25,24091.49,Changed Mind
R013925,O0165875,C107885,2025-10-20,2213.07,Better Price Found
R013926,O0165880,C107885,2025-11-15,3538.77,Not as Described
R013927,O0165892,C107886,2025-10-26,6609.7,Size Issue
R013928,O0165893,C107886,2025-11-05,1811.13,Not as Described
R013929,O0165898,C107886,2026-03-09,5922.69,Defective Product
R013930,O0165902,C107886,2026-05-19,3672.29,Late Delivery
R013931,O0165927,C107889,2026-03-15,3451.58,Not as Described
R013932,O0165940,C107890,2023-09-24,9455.07,Late Delivery
R013933,O0165945,C107890,2024-05-27,1257.0,Defective Product
R013934,O0165949,C107890,2024-07-23,3569.67,Not as Described
R013935,O0165962,C107890,2025-03-19,27969.99,Changed Mind
R013936,O0165990,C107890,2026-03-24,17497.91,Size Issue
R013937,O0166011,C107892,2026-04-29,5701.5,Changed Mind
R013938,O0166013,C107892,2026-05-01,38491.03,Size Issue
R013939,O0166022,C107893,2026-01-16,67194.39,Size Issue
R013940,O0166031,C107894,2024-01-26,146664.44,Defective Product
R013941,O0166055,C107894,2026-02-21,4464.45,Changed Mind
R013942,O0166065,C107895,2024-12-10,8603.08,Changed Mind
R013943,O0166079,C107898,2024-01-24,2547.37,Better Price Found
R013944,O0166080,C107898,2024-01-29,17548.61,Late Delivery
R013945,O0166116,C107898,2025-02-09,5915.15,Better Price Found
R013946,O0166127,C107898,2025-04-22,32785.54,Not as Described
R013947,O0166146,C107898,2025-11-11,14699.48,Better Price Found
R013948,O0166165,C107898,2026-05-16,68187.89,Late Delivery
R013949,O0166171,C107898,2026-07-07,2890.06,Size Issue
R013950,O0166173,C107898,2026-07-29,10790.38,Not as Described
R013951,O0166181,C107902,2025-03-20,20494.36,Late Delivery
R013952,O0166208,C107908,2025-11-10,3279.58,Defective Product
R013953,O0166231,C107909,2026-02-13,1496.11,Better Price Found
R013954,O0166232,C107909,2026-03-04,5393.46,Size Issue
R013955,O0166255,C107910,2026-02-23,5638.27,Better Price Found
R013956,O0166261,C107910,2026-04-12,2622.51,Late Delivery
R013957,O0166287,C107912,2026-07-07,317.74,Size Issue
R013958,O0166291,C107913,2025-01-12,2936.44,Changed Mind
R013959,O0166293,C107913,2025-02-17,2157.31,Late Delivery
R013960,O0166302,C107913,2025-09-02,21364.88,Defective Product
R013961,O0166344,C107913,2026-07-20,5928.08,Changed Mind
R013962,O0166348,C107914,2023-03-28,2753.6,Better Price Found
R013963,O0166354,C107914,2023-10-12,3267.4,Better Price Found
R013964,O0166358,C107914,2024-07-02,3397.46,Not as Described
R013965,O0166371,C107915,2025-11-23,2762.01,Not as Described
R013966,O0166382,C107916,2025-09-12,24148.13,Changed Mind
R013967,O0166400,C107917,2025-08-01,8612.88,Size Issue
R013968,O0166412,C107918,2026-03-03,4254.45,Size Issue
R013969,O0166428,C107920,2026-08-04,9960.61,Better Price Found
R013970,O0166435,C107921,2025-02-14,1336.42,Changed Mind
R013971,O0166452,C107921,2025-06-14,3034.99,Size Issue
R013972,O0166492,C107922,2024-09-01,7073.24,Better Price Found
R013973,O0166501,C107922,2024-11-04,2382.91,Late Delivery
R013974,O0166532,C107922,2025-09-21,8866.73,Late Delivery
R013975,O0166543,C107922,2025-12-22,588.09,Size Issue
R013976,O0166549,C107922,2026-01-31,9110.05,Late Delivery
R013977,O0166566,C107923,2023-05-16,4166.67,Size Issue
R013978,O0166571,C107923,2023-11-22,2490.95,Changed Mind
R013979,O0166572,C107923,2024-02-04,1487.77,Defective Product
R013980,O0166578,C107923,2025-07-18,782.68,Defective Product
R013981,O0166592,C107924,2024-08-29,30576.94,Defective Product
R013982,O0166602,C107926,2025-05-06,5671.19,Defective Product
R013983,O0166606,C107926,2025-09-08,5529.69,Not as Described
R013984,O0166608,C107926,2025-09-08,4878.79,Late Delivery
R013985,O0166614,C107926,2026-02-09,3369.96,Changed Mind
R013986,O0166619,C107926,2026-05-11,4372.09,Late Delivery
R013987,O0166621,C107926,2026-05-27,1255.72,Not as Described
R013988,O0166629,C107927,2026-03-20,787.61,Late Delivery
R013989,O0166654,C107931,2023-09-09,4168.33,Defective Product
R013990,O0166666,C107931,2025-08-02,91848.12,Not as Described
R013991,O0166672,C107932,2025-08-09,688.13,Changed Mind
R013992,O0166673,C107932,2025-09-16,4624.8,Better Price Found
R013993,O0166678,C107932,2026-02-06,16311.24,Changed Mind
R013994,O0166705,C107934,2024-11-26,3164.4,Not as Described
R013995,O0166712,C107934,2025-02-06,95937.86,Size Issue
R013996,O0166719,C107934,2025-05-14,2958.25,Changed Mind
R013997,O0166791,C107935,2024-10-31,1818.22,Size Issue
R013998,O0166792,C107935,2025-02-27,12477.89,Not as Described
R013999,O0166797,C107935,2025-07-11,27838.68,Changed Mind
R014000,O0166801,C107935,2026-01-20,7132.05,Better Price Found
R014001,O0166807,C107935,2026-06-01,12496.66,Late Delivery
R014002,O0166811,C107937,2024-09-26,144.39,Better Price Found
R014003,O0166822,C107937,2025-03-31,27477.52,Better Price Found
R014004,O0166833,C107937,2025-12-10,16225.54,Better Price Found
R014005,O0166842,C107938,2023-09-10,21741.61,Late Delivery
R014006,O0166858,C107940,2025-09-09,3464.81,Size Issue
R014007,O0166881,C107940,2026-06-21,7523.38,Defective Product
R014008,O0166896,C107941,2023-12-01,1638.53,Better Price Found
R014009,O0166901,C107941,2024-02-18,13840.28,Size Issue
R014010,O0166910,C107941,2024-08-17,6356.33,Better Price Found
R014011,O0166939,C107941,2025-06-11,4790.38,Not as Described
R014012,O0166942,C107941,2025-06-19,4244.11,Defective Product
R014013,O0166952,C107941,2025-10-20,764.93,Better Price Found
R014014,O0166953,C107941,2025-10-20,8912.67,Size Issue
R014015,O0166976,C107942,2023-12-19,13794.14,Changed Mind
R014016,O0166982,C107943,2024-02-22,6977.32,Size Issue
R014017,O0166983,C107943,2025-04-06,4068.71,Better Price Found
R014018,O0166997,C107947,2024-10-30,1819.96,Better Price Found
R014019,O0166998,C107947,2024-12-24,7289.55,Better Price Found
R014020,O0167016,C107947,2025-12-16,1009.66,Defective Product
R014021,O0167020,C107947,2026-04-01,3564.87,Late Delivery
R014022,O0167022,C107947,2026-04-06,8688.09,Size Issue
R014023,O0167069,C107948,2025-12-23,2262.7,Defective Product
R014024,O0167076,C107948,2026-02-20,2512.68,Changed Mind
R014025,O0167117,C107951,2024-02-13,1956.79,Defective Product
R014026,O0167118,C107951,2024-02-21,55405.5,Changed Mind
R014027,O0167124,C107951,2024-05-13,5744.23,Not as Described
R014028,O0167132,C107951,2024-07-22,2194.94,Defective Product
R014029,O0167135,C107951,2024-08-22,31628.34,Better Price Found
R014030,O0167146,C107951,2024-11-25,740.51,Not as Described
R014031,O0167158,C107951,2025-01-18,2824.72,Not as Described
R014032,O0167159,C107951,2025-01-22,11173.71,Defective Product
R014033,O0167171,C107951,2025-05-19,16349.13,Defective Product
R014034,O0167174,C107951,2025-06-13,1070.97,Better Price Found
R014035,O0167180,C107951,2025-08-14,5755.06,Late Delivery
R014036,O0167190,C107951,2025-11-12,2533.84,Late Delivery
R014037,O0167214,C107951,2026-07-25,8086.41,Size Issue
R014038,O0167220,C107952,2023-05-25,54769.67,Changed Mind
R014039,O0167273,C107952,2024-10-04,2534.41,Better Price Found
R014040,O0167327,C107952,2025-10-03,4385.77,Changed Mind
R014041,O0167328,C107952,2025-10-12,23303.82,Defective Product
R014042,O0167338,C107952,2026-01-25,20185.63,Late Delivery
R014043,O0167378,C107955,2025-02-23,1951.83,Not as Described
R014044,O0167387,C107955,2025-06-20,2631.97,Better Price Found
R014045,O0167392,C107955,2025-08-12,2937.29,Defective Product
R014046,O0167402,C107955,2025-09-06,4956.0,Defective Product
R014047,O0167403,C107955,2025-09-14,16277.92,Defective Product
R014048,O0167411,C107955,2025-12-08,8572.86,Better Price Found
R014049,O0167419,C107955,2026-01-23,4156.28,Size Issue
R014050,O0167420,C107955,2026-01-27,2053.34,Late Delivery
R014051,O0167435,C107955,2026-06-16,8056.1,Defective Product
R014052,O0167441,C107955,2026-07-18,18297.64,Changed Mind
R014053,O0167448,C107957,2024-03-27,3321.5,Late Delivery
R014054,O0167449,C107957,2024-05-12,21203.24,Better Price Found
R014055,O0167464,C107959,2025-08-18,11837.65,Better Price Found
R014056,O0167480,C107959,2026-06-01,498.02,Changed Mind
R014057,O0167521,C107960,2026-04-28,96331.53,Changed Mind
R014058,O0167525,C107963,2025-11-15,200.08,Not as Described
R014059,O0167530,C107964,2024-10-14,19574.32,Defective Product
R014060,O0167533,C107964,2024-11-01,1444.84,Not as Described
R014061,O0167540,C107964,2025-02-01,70354.38,Changed Mind
R014062,O0167556,C107964,2025-10-07,10063.34,Size Issue
R014063,O0167571,C107965,2026-02-16,2928.32,Not as Described
R014064,O0167573,C107965,2026-02-10,10648.87,Late Delivery
R014065,O0167591,C107966,2025-07-29,39.77,Late Delivery
R014066,O0167597,C107966,2025-10-06,12568.39,Defective Product
R014067,O0167600,C107966,2025-11-04,929.2,Late Delivery
R014068,O0167603,C107966,2025-11-29,3629.94,Better Price Found
R014069,O0167612,C107966,2026-01-06,12674.59,Defective Product
R014070,O0167618,C107966,2026-01-31,17012.43,Defective Product
R014071,O0167638,C107967,2024-12-31,2501.71,Better Price Found
R014072,O0167649,C107967,2026-07-22,7634.42,Changed Mind
R014073,O0167670,C107969,2026-05-09,38539.35,Defective Product
R014074,O0167671,C107969,2026-05-18,83169.19,Better Price Found
R014075,O0167690,C107971,2023-11-23,6725.08,Defective Product
R014076,O0167701,C107971,2024-03-28,738.28,Changed Mind
R014077,O0167740,C107971,2024-10-20,502.09,Changed Mind
R014078,O0167747,C107971,2024-12-01,3692.27,Not as Described
R014079,O0167749,C107971,2024-12-30,26056.95,Not as Described
R014080,O0167755,C107971,2025-01-30,2548.03,Size Issue
R014081,O0167762,C107971,2025-05-15,10158.72,Better Price Found
R014082,O0167789,C107971,2025-11-26,258.49,Defective Product
R014083,O0167794,C107971,2026-02-13,3106.05,Defective Product
R014084,O0167815,C107973,2024-12-26,2317.04,Better Price Found
R014085,O0167828,C107974,2026-04-04,2636.53,Changed Mind
R014086,O0167834,C107975,2025-10-18,3863.4,Defective Product
R014087,O0167862,C107980,2023-12-20,10099.93,Better Price Found
R014088,O0167870,C107980,2024-03-13,2843.69,Changed Mind
R014089,O0167875,C107980,2024-04-26,12223.71,Size Issue
R014090,O0167880,C107980,2024-05-27,21336.08,Changed Mind
R014091,O0167882,C107980,2024-06-14,1012.56,Size Issue
R014092,O0167889,C107980,2024-07-27,1801.36,Late Delivery
R014093,O0167902,C107980,2024-10-13,3636.56,Better Price Found
R014094,O0167911,C107980,2024-12-12,10336.03,Better Price Found
R014095,O0167925,C107980,2025-05-20,665.18,Not as Described
R014096,O0167937,C107980,2025-10-02,771.68,Defective Product
R014097,O0167947,C107980,2026-01-13,2704.37,Late Delivery
R014098,O0167962,C107980,2026-04-24,30419.26,Not as Described
R014099,O0167968,C107980,2026-07-24,13089.91,Size Issue
R014100,O0167995,C107985,2025-01-29,1719.99,Not as Described
R014101,O0167996,C107985,2025-02-21,1792.22,Defective Product
R014102,O0167998,C107985,2025-03-10,1862.13,Changed Mind
R014103,O0168000,C107985,2025-03-21,3532.09,Size Issue
R014104,O0168042,C107985,2026-05-16,2595.7,Late Delivery
R014105,O0168064,C107987,2025-01-11,1087.71,Not as Described
R014106,O0168081,C107987,2026-01-01,9767.05,Changed Mind
R014107,O0168086,C107987,2026-05-15,3959.73,Late Delivery
R014108,O0168146,C107989,2025-11-10,638.56,Late Delivery
R014109,O0168149,C107989,2025-12-23,14813.3,Defective Product
R014110,O0168151,C107989,2026-04-22,66099.1,Late Delivery
R014111,O0168154,C107989,2026-06-25,6315.17,Defective Product
R014112,O0168155,C107990,2025-07-13,25718.21,Better Price Found
R014113,O0168159,C107990,2025-09-20,7354.91,Not as Described
R014114,O0168160,C107990,2025-10-06,10541.45,Size Issue
R014115,O0168200,C107993,2025-06-13,22293.22,Late Delivery
R014116,O0168202,C107993,2025-07-16,29964.24,Defective Product
R014117,O0168217,C107993,2026-03-29,27039.4,Better Price Found
R014118,O0168221,C107993,2026-04-30,1191.61,Better Price Found
R014119,O0168226,C107994,2026-06-14,13874.9,Not as Described
